fips,county,state,year,per_capita_income,gdp_thousands,median_income,poverty_rate,pct_bachelors,pop_density,unemployment_acs,median_age,elec_rate_cents_kwh,residential_sales_mwh,residential_customers,total_employment,total_wages,avg_annual_wage,data_processing_employment,total_establishments,unemployment_rate,labor_force,wfh_rate,covid_deaths_per_100k,covid_cases_per_100k,role,is_treated,dc_opening_year,dc_active,years_since_dc,primary_operator,all_operators,analysis_diD,classifier_dc,cohort_flags
01001,Autauga County,AL,2010,33685.0,1409007.0,53255.0,,21.7,89.41788795133702,6.2,36.2,11.239873880734418,,,10694.0,339507223.0,31748.0,,877.0,8.8,25749.0,1.9429364463855667,0.0,0.0,control,0,,0,0.0,,,1,0,
01001,Autauga County,AL,2011,34430.0,1493906.0,53899.0,,21.6,90.74515186994496,7.5,36.4,11.559098686410591,,,10627.0,344356024.0,32404.0,,862.0,8.3,25845.0,2.46827385108218,0.0,0.0,control,0,,0,0.0,,,1,0,
01001,Autauga County,AL,2012,35151.0,1726577.0,53773.0,11.6,21.7,91.83185971711951,8.6,37.0,11.829990407731142,,,10137.0,341513497.0,33690.0,,842.0,7.1,25762.0,2.113340719766917,0.0,0.0,control,0,,0,0.0,,,1,0,
01001,Autauga County,AL,2013,35348.0,1618151.0,53682.0,12.1,20.9,92.36512037896831,9.4,37.5,11.672159518642164,,,10193.0,346301954.0,33976.0,,830.0,6.3,25783.0,2.1123260437375744,0.0,0.0,control,0,,0,0.0,,,1,0,
01001,Autauga County,AL,2014,36329.0,1629762.0,52475.0,12.8,21.9,92.75034653531968,8.5,37.9,11.888653904168663,,,10458.0,357996403.0,34232.0,,822.0,5.8,25639.0,1.585014409221902,0.0,0.0,control,0,,0,0.0,,,1,0,
01001,Autauga County,AL,2015,38107.0,1765826.0,51281.0,12.9,23.2,92.89333440994793,7.6,37.7,12.261904727533446,,,10587.0,372121908.0,35148.0,,845.0,5.2,25541.0,1.8449419568822552,0.0,0.0,control,0,,0,0.0,,,1,0,
01001,Autauga County,AL,2016,39005.0,1846256.0,53099.0,12.3,24.6,92.60399424011196,5.6,37.8,12.681787441472054,,,10739.0,390543141.0,36366.0,,860.0,5.1,25710.0,2.0903629330919267,0.0,0.0,control,0,,0,0.0,,,1,0,
01001,Autauga County,AL,2017,39906.0,1762558.0,55317.0,13.7,25.0,92.58212550634528,5.2,37.8,13.394050981126329,,,10823.0,403973438.0,37327.0,,870.0,4.0,26269.0,2.4707091469681397,0.0,0.0,control,0,,0,0.0,,,1,0,
01001,Autauga County,AL,2018,41062.0,1787534.0,58786.0,15.4,27.7,92.8580079938633,4.2,37.8,12.84498047618202,,,10974.0,421471042.0,38407.0,,871.0,3.6,26471.0,2.763222531521205,0.0,0.0,control,0,,0,0.0,,,1,0,
01001,Autauga County,AL,2019,42538.0,1740015.0,58731.0,15.2,26.6,93.1608058460172,3.7,38.2,13.432350098549191,,,11107.0,448078198.0,40344.0,,888.0,2.9,26683.0,3.4057235640349095,0.0,0.0,control,0,,0,0.0,,,1,0,
01001,Autauga County,AL,2020,45089.0,1749999.0,57982.0,15.2,28.3,93.59649831106088,2.9,38.6,13.505080069553175,,,10794.0,465745049.0,43147.0,,910.0,5.3,26350.0,3.823800553128382,86.674,7565.908,control,0,,0,0.0,,,1,0,
01001,Autauga County,AL,2021,49254.0,1738222.0,62660.0,13.6,28.1,97.970245064395,2.8,38.5,14.028458993444906,,,11123.0,489569075.0,44015.0,,964.0,2.8,26429.0,4.739587270390808,202.239,12329.361,control,0,,0,0.0,,,1,0,
01001,Autauga County,AL,2022,49879.0,1883611.0,68315.0,11.4,29.6,98.84835883564132,2.8,39.0,15.467595121150126,,,11535.0,537282230.0,46578.0,6.0,1020.0,2.2,26656.0,5.338315267655655,126.399,14342.723,control,0,,0,0.0,,,1,0,
01001,Autauga County,AL,2023,52989.0,1907174.0,69841.0,10.7,28.3,99.72983702746713,2.5,39.2,,,,11871.0,591550069.0,49832.0,,1073.0,,,5.786625148279953,9.029,1536.656,control,0,,0,0.0,,,1,0,
01001,Autauga County,AL,2024,55710.0,1758017.0,,,,,,,16.767773491638206,,,12383.0,629398983.0,50826.0,,1120.0,,,,0.0,0.0,control,0,,0,0.0,,,1,0,
01003,Baldwin County,AL,2010,36794.0,6012889.0,50147.0,,26.8,110.57178224672232,6.6,41.0,11.17121980877209,,,58140.0,1813332562.0,31189.0,18.0,5171.0,9.9,83551.0,3.2338308457711444,0.0,0.0,control,0,,0,0.0,,,1,0,
01003,Baldwin County,AL,2011,38032.0,5930698.0,51321.0,,27.2,112.91919418103502,7.7,41.4,11.468995324455932,,,59581.0,1867342552.0,31341.0,18.0,5158.0,9.0,85077.0,3.2855147898946298,0.0,0.0,control,0,,0,0.0,,,1,0,
01003,Baldwin County,AL,2012,38284.0,5998672.0,50706.0,13.3,27.7,115.24836524018828,8.5,41.2,11.736313983687037,,,60440.0,1926968200.0,31882.0,32.0,5172.0,7.7,84507.0,3.2731064984671057,0.0,0.0,control,0,,0,0.0,,,1,0,
01003,Baldwin County,AL,2013,38401.0,6314704.0,50221.0,13.9,27.7,117.69390050294496,9.2,41.5,11.599465174120096,,,62719.0,2039249324.0,32514.0,32.0,5247.0,6.7,85206.0,3.4135873677420956,0.0,0.0,control,0,,0,0.0,,,1,0,
01003,Baldwin County,AL,2014,39568.0,6455247.0,50183.0,13.8,28.6,120.26712189181777,8.6,41.8,11.792718984337606,,,65024.0,2153975449.0,33126.0,,5401.0,6.1,86546.0,3.284875934448584,0.0,0.0,control,0,,0,0.0,,,1,0,
01003,Baldwin County,AL,2015,41470.0,6757534.0,50254.0,13.4,29.0,122.73026903403871,7.5,42.2,12.143035448964737,,,67585.0,2289992521.0,33883.0,45.0,5596.0,5.6,87493.0,3.928808103758402,0.0,0.0,control,0,,0,0.0,,,1,0,
01003,Baldwin County,AL,2016,42983.0,7113177.0,51365.0,13.0,29.5,125.49093114006727,6.3,42.3,12.56720994800317,,,70107.0,2405999881.0,34319.0,46.0,5822.0,5.4,89778.0,5.077047850770478,0.0,0.0,control,0,,0,0.0,,,1,0,
01003,Baldwin County,AL,2017,44475.0,7382558.0,52562.0,11.8,30.7,127.91256456640812,5.5,42.6,13.249457822322874,,,71999.0,2542347527.0,35311.0,46.0,6072.0,4.2,93152.0,5.647961565171852,0.0,0.0,control,0,,0,0.0,,,1,0,
01003,Baldwin County,AL,2018,45840.0,7758980.0,55962.0,10.6,31.3,130.89840713130158,4.4,42.8,12.71482989779699,,,74051.0,2724884967.0,36797.0,69.0,6305.0,3.6,96235.0,6.13323124042879,0.0,0.0,control,0,,0,0.0,,,1,0,
01003,Baldwin County,AL,2019,47921.0,8145105.0,58320.0,10.4,31.9,133.8691537995114,4.3,43.0,13.23919109676734,,,76419.0,2926328541.0,38293.0,,6471.0,2.9,98917.0,6.503043772345154,0.0,0.0,control,0,,0,0.0,,,1,0,
01003,Baldwin County,AL,2020,50935.0,8110635.0,61756.0,9.2,31.9,137.30284129935416,3.9,43.2,13.328128719303502,,,73087.0,3023837650.0,41373.0,70.0,6686.0,6.1,98695.0,6.435765927207563,75.647,6390.546,control,0,,0,0.0,,,1,0,
01003,Baldwin County,AL,2021,56504.0,8697749.0,64346.0,9.2,32.5,142.86442123590106,3.7,43.4,13.815367357204511,,,76546.0,3373892203.0,44077.0,78.0,7172.0,2.9,99520.0,7.806137359961032,202.979,12361.979,control,0,,0,0.0,,,1,0,
01003,Baldwin County,AL,2022,57721.0,9224845.0,71039.0,10.2,32.6,146.8201751627212,3.4,43.7,15.210186905012767,,,79972.0,3760240355.0,47019.0,97.0,7766.0,2.3,102280.0,9.100269210787324,59.202,12961.049,control,0,,0,0.0,,,1,0,
01003,Baldwin County,AL,2023,61354.0,9928360.0,75019.0,10.5,32.8,150.92437207359754,3.2,43.7,,,,82764.0,4041941423.0,48837.0,98.0,8302.0,,,9.964800768655133,5.168,1195.32,control,0,,0,0.0,,,1,0,
01003,Baldwin County,AL,2024,63905.0,10208956.0,,,,,,,16.45724169054672,,,85118.0,4354332805.0,51157.0,99.0,8757.0,,,,0.0,0.0,control,0,,0,0.0,,,1,0,
01031,Coffee County,AL,2010,35421.0,1329843.0,42253.0,,22.1,71.20765376605704,7.5,37.9,11.254791252870207,,,14686.0,430453146.0,29310.0,,1053.0,8.5,21099.0,2.352137419480773,0.0,0.0,control,0,,0,0.0,,,1,0,
01031,Coffee County,AL,2011,36021.0,1249698.0,42065.0,,21.3,72.49192177747406,7.3,37.7,11.564569941772216,,,14441.0,433665785.0,30031.0,,1016.0,8.1,20745.0,2.3959341723136496,0.0,0.0,control,0,,0,0.0,,,1,0,
01031,Coffee County,AL,2012,35959.0,1274047.0,44626.0,17.1,22.6,73.58914616796223,7.6,37.8,11.83516660333763,,,14623.0,448423311.0,30665.0,,1018.0,7.2,20625.0,2.7773759583393605,0.0,0.0,control,0,,0,0.0,,,1,0,
01031,Coffee County,AL,2013,36866.0,1286552.0,43768.0,18.6,22.5,74.32848394517707,7.7,37.8,11.690581030091586,,,14737.0,458270928.0,31096.0,,1024.0,7.0,20495.0,2.5950133139675624,0.0,0.0,control,0,,0,0.0,,,1,0,
01031,Coffee County,AL,2014,37647.0,1339640.0,45558.0,18.8,23.2,74.70846232470184,7.3,38.2,11.881530473958236,,,14781.0,471479799.0,31898.0,,1030.0,6.6,20264.0,2.8183023872679045,0.0,0.0,control,0,,0,0.0,,,1,0,
01031,Coffee County,AL,2015,39218.0,1415493.0,46729.0,17.1,23.9,74.94116226255034,7.1,38.8,12.262596377741705,,,15210.0,496093021.0,32616.0,,1050.0,6.0,20222.0,2.8311472381304266,0.0,0.0,control,0,,0,0.0,,,1,0,
01031,Coffee County,AL,2016,39575.0,1421695.0,47872.0,16.4,23.7,75.09875019514394,6.2,39.3,12.681980212174908,,,15300.0,507599957.0,33176.0,,1074.0,5.9,20429.0,2.8058208276489314,0.0,0.0,control,0,,0,0.0,,,1,0,
01031,Coffee County,AL,2017,40250.0,1426217.0,49821.0,16.1,22.7,75.21951851731848,6.0,39.3,13.377513436479012,,,15673.0,529870519.0,33809.0,,1086.0,4.5,21128.0,2.779908840651654,0.0,0.0,control,0,,0,0.0,,,1,0,
01031,Coffee County,AL,2018,41644.0,1460880.0,53155.0,15.1,23.4,75.53616716692244,5.9,39.3,12.829407260986144,,,15881.0,550362545.0,34655.0,,1075.0,3.9,21230.0,2.6578073089701,0.0,0.0,control,0,,0,0.0,,,1,0,
01031,Coffee County,AL,2019,42823.0,1441736.0,55637.0,15.1,22.8,76.08698853879167,5.7,39.3,13.39747214658742,,,16404.0,580699831.0,35400.0,,1071.0,3.1,22075.0,2.537480420675766,0.0,0.0,control,0,,0,0.0,,,1,0,
01031,Coffee County,AL,2020,45175.0,1404389.0,56799.0,15.4,21.7,76.93531236284696,5.5,39.5,13.498451462041595,,,15899.0,604992536.0,38052.0,4.0,1070.0,4.8,21963.0,2.680283637336663,73.555,6956.757,control,0,,0,0.0,,,1,0,
01031,Coffee County,AL,2021,50483.0,1614494.0,59034.0,15.9,22.7,78.12090381834088,5.1,39.1,14.00685474096293,,,16430.0,662813138.0,40342.0,6.0,1145.0,2.8,21530.0,3.110578629747959,303.898,11977.856,control,0,,0,0.0,,,1,0,
01031,Coffee County,AL,2022,51873.0,1713754.0,62199.0,16.3,21.6,78.88086057739041,4.8,39.2,15.448602431878436,,,16566.0,713509771.0,43070.0,5.0,1235.0,2.5,21624.0,3.0702721778640436,92.912,12670.822,control,0,,0,0.0,,,1,0,
01031,Coffee County,AL,2023,53773.0,1712285.0,64672.0,17.6,21.5,79.8705717054549,4.3,38.8,,,,16894.0,750943841.0,44451.0,6.0,1331.0,,,4.072966766324364,11.614,1718.865,control,0,,0,0.0,,,1,0,
01031,Coffee County,AL,2024,56824.0,1819734.0,,,,,,,16.733167646984644,,,17365.0,805938263.0,46411.0,9.0,1372.0,,,,0.0,0.0,control,0,,0,0.0,,,1,0,
01033,Colbert County,AL,2010,31627.0,2437971.0,39610.0,,16.4,91.82178014109044,7.4,41.6,9.60414974984188,,,21417.0,830071965.0,38757.0,,1340.0,11.3,24229.0,1.5616681455190773,0.0,0.0,control,0,,0,0.0,,,1,0,
01033,Colbert County,AL,2011,32389.0,2549543.0,40247.0,,17.4,91.87574731892748,8.5,41.7,10.265552303913555,,,21551.0,856174502.0,39728.0,,1318.0,10.1,24385.0,1.6748589113417076,0.0,0.0,control,0,,0,0.0,,,1,0,
01033,Colbert County,AL,2012,32399.0,2546505.0,40158.0,16.2,18.0,91.83021251262748,8.7,41.7,10.357512612073103,,,21820.0,870992305.0,39918.0,,1313.0,9.0,24057.0,1.8979237171864995,0.0,0.0,control,0,,0,0.0,,,1,0,
01033,Colbert County,AL,2013,32687.0,2836076.0,39077.0,17.9,17.7,91.83864488416452,9.9,41.7,10.315908754133114,,,22681.0,900226091.0,39690.0,,1290.0,8.3,23879.0,1.6475950809553204,0.0,0.0,control,0,,0,0.0,,,1,0,
01033,Colbert County,AL,2014,33863.0,2747801.0,39914.0,18.3,17.6,91.89767148492376,10.0,42.3,10.619014232085249,,,23128.0,952021413.0,41164.0,,1296.0,8.3,24069.0,1.4252807371148863,0.0,0.0,control,0,,0,0.0,,,1,0,
01033,Colbert County,AL,2015,34684.0,2681163.0,40576.0,17.4,18.6,91.81840719247565,9.0,42.2,10.576815491067697,,,23680.0,990028961.0,41809.0,,1292.0,8.0,23550.0,1.5301487113278822,0.0,0.0,control,0,,0,0.0,,,1,0,
01033,Colbert County,AL,2016,35175.0,2569947.0,43786.0,16.5,18.5,91.70541341387936,7.5,42.4,10.75703683515337,,,23907.0,1009219193.0,42215.0,,1289.0,7.0,23261.0,1.5951544294433142,0.0,0.0,control,0,,0,0.0,,,1,0,
01033,Colbert County,AL,2017,35674.0,2453731.0,45477.0,16.8,18.8,91.80322892370896,6.9,42.5,10.96887789946578,,,23797.0,1030438947.0,43301.0,,1290.0,5.3,23525.0,1.9716630748773445,0.0,0.0,control,0,,0,0.0,,,1,0,
01033,Colbert County,AL,2018,36370.0,2565631.0,47558.0,16.3,18.7,91.9044173821534,5.9,42.7,10.888882380379837,,,23830.0,1058282175.0,44410.0,,1308.0,4.6,23795.0,2.088429826945728,0.0,0.0,control,0,,0,0.0,,,1,0,
01033,Colbert County,AL,2019,37648.0,2572699.0,48065.0,15.5,18.1,92.36988429099776,4.4,42.4,11.108767776163022,,,24252.0,1092652726.0,45054.0,,1338.0,4.0,24080.0,2.384441188224324,0.0,0.0,control,0,,0,0.0,,,1,0,
01033,Colbert County,AL,2020,40366.0,2546257.0,47962.0,15.5,17.4,92.68356851217553,4.0,42.5,11.048279561266682,,,23145.0,1112498553.0,48066.0,,1372.0,7.2,23837.0,3.7129565816678154,109.547,8508.152,control,0,,0,0.0,,,1,0,
01033,Colbert County,AL,2021,44249.0,2598283.0,52017.0,15.1,17.9,95.77318944334544,3.8,42.1,11.3463602807493,,,23434.0,1199381889.0,51181.0,,1422.0,3.9,23506.0,3.8724095895977246,281.171,9424.696,control,0,,0,0.0,,,1,0,
01033,Colbert County,AL,2022,44702.0,2706227.0,56149.0,15.9,18.0,96.58438358520829,3.4,42.0,12.517113295228754,,,24107.0,1329816397.0,55164.0,8.0,1485.0,3.0,23749.0,5.060527882516372,111.373,18884.081,control,0,,0,0.0,,,1,0,
01033,Colbert County,AL,2023,46994.0,2789446.0,56736.0,16.9,20.3,97.22187087340818,3.3,42.3,,,,24177.0,1369613372.0,56650.0,32.0,1542.0,,,6.895474600757487,7.303,2185.463,control,0,,0,0.0,,,1,0,
01033,Colbert County,AL,2024,48831.0,2847285.0,,,,,,,12.506622540121809,,,24495.0,1420955338.0,58010.0,21.0,1621.0,,,,0.0,0.0,control,0,,0,0.0,,,1,0,
01045,Dale County,AL,2010,33122.0,3168619.0,43353.0,,17.5,88.62742442253163,7.6,35.8,11.196784377174287,,,18248.0,857125561.0,46972.0,7.0,899.0,8.7,22099.0,2.0941446613088406,0.0,0.0,control,0,,0,0.0,,,1,0,
01045,Dale County,AL,2011,34013.0,3040958.0,45491.0,,17.6,88.96603714403336,8.5,36.0,11.513832046798736,,,18251.0,877515863.0,48082.0,7.0,892.0,8.3,22020.0,2.5635114574208124,0.0,0.0,control,0,,0,0.0,,,1,0,
01045,Dale County,AL,2012,33288.0,2997671.0,45247.0,16.0,17.5,89.33851113768527,8.8,36.0,11.793770120577342,,,17724.0,871063222.0,49145.0,7.0,880.0,7.6,21388.0,2.904660428055221,0.0,0.0,control,0,,0,0.0,,,1,0,
01045,Dale County,AL,2013,33291.0,3033182.0,44889.0,17.4,17.0,89.29039248778766,10.4,36.1,11.649649882573751,,,16941.0,840606029.0,49619.0,7.0,870.0,7.5,20732.0,2.6356882600671936,0.0,0.0,control,0,,0,0.0,,,1,0,
01045,Dale County,AL,2014,33635.0,2856651.0,44473.0,18.7,16.9,89.13177916034738,10.8,36.6,11.839181001944528,,,16677.0,833294973.0,49966.0,7.0,867.0,7.0,20351.0,3.356748856725284,0.0,0.0,control,0,,0,0.0,,,1,0,
01045,Dale County,AL,2015,34397.0,2903702.0,45028.0,19.1,16.4,88.86979984423814,10.9,36.8,12.210935917188156,,,16470.0,836741854.0,50804.0,6.0,869.0,6.4,19789.0,2.558655981461813,0.0,0.0,control,0,,0,0.0,,,1,0,
01045,Dale County,AL,2016,34398.0,2841815.0,44093.0,20.5,16.1,88.40821723966472,10.4,36.9,12.626639369594896,,,16795.0,883749071.0,52621.0,7.0,870.0,5.8,19796.0,2.3629719853836786,0.0,0.0,control,0,,0,0.0,,,1,0,
01045,Dale County,AL,2017,34956.0,2834970.0,44711.0,19.6,16.8,88.02683238492068,10.4,37.1,13.31979727619462,,,16797.0,897823036.0,53450.0,7.0,873.0,4.6,20166.0,2.16448082043191,0.0,0.0,control,0,,0,0.0,,,1,0,
01045,Dale County,AL,2018,36101.0,2790050.0,45960.0,18.4,17.0,87.78089261877732,8.8,37.5,12.77790994864512,,,16978.0,912765700.0,53763.0,7.0,868.0,4.2,20474.0,3.011748307447232,0.0,0.0,control,0,,0,0.0,,,1,0,
01045,Dale County,AL,2019,37343.0,2824574.0,47214.0,17.6,18.1,87.82010040758277,8.0,37.3,13.323308699550076,,,17230.0,933635951.0,54186.0,6.0,876.0,3.3,20919.0,2.20417058794393,0.0,0.0,control,0,,0,0.0,,,1,0,
01045,Dale County,AL,2020,40004.0,2781362.0,45644.0,18.4,18.2,87.84861516307765,9.0,37.8,13.425026255518125,,,16925.0,967952791.0,57192.0,6.0,891.0,5.3,20883.0,4.261741532794433,127.849,6747.57,control,0,,0,0.0,,,1,0,
01045,Dale County,AL,2021,44297.0,2915655.0,50052.0,16.7,18.7,88.11594099584218,8.2,37.9,13.930622882714385,,,17324.0,1009161774.0,58252.0,6.0,937.0,3.1,20883.0,4.08100956645634,265.844,12314.061,control,0,,0,0.0,,,1,0,
01045,Dale County,AL,2022,44902.0,2918859.0,52813.0,17.5,19.2,88.13732706246334,7.8,37.7,15.36931452383384,,,17619.0,1055140021.0,59885.0,6.0,1013.0,2.5,21026.0,3.5004299661085536,103.497,12979.686,control,0,,0,0.0,,,1,0,
01045,Dale County,AL,2023,46314.0,3044364.0,53955.0,18.7,19.3,88.24603956778759,6.8,38.0,,,,17991.0,1134992556.0,63088.0,13.0,1101.0,,,3.937330397829092,0.0,1558.536,control,0,,0,0.0,,,1,0,
01045,Dale County,AL,2024,48767.0,3114449.0,,,,,,,16.621263057749506,,,18260.0,1174518180.0,64321.0,16.0,1130.0,,,,0.0,0.0,control,0,,0,0.0,,,1,0,
01071,Jackson County,AL,2010,29558.0,1678141.0,36312.0,,12.0,49.522502006001766,7.4,41.4,9.376035542561148,,,15704.0,505940732.0,32217.0,,975.0,11.6,24347.0,1.4737133881548554,0.0,0.0,treated,1,2021.0,0,0.0,Google,Google,1,1,
01071,Jackson County,AL,2011,30285.0,1624035.0,36383.0,,13.5,49.49560071056525,8.6,41.5,10.347638103069576,,,15870.0,516782837.0,32564.0,,964.0,10.2,24160.0,1.3616227558871532,0.0,0.0,treated,1,2021.0,0,0.0,Google,Google,1,1,
01071,Jackson County,AL,2012,30872.0,1657813.0,37059.0,16.2,13.2,49.42324550214978,8.1,41.4,10.57195605613133,,,15794.0,518014474.0,32799.0,,969.0,8.8,23760.0,1.7233348858872846,0.0,0.0,treated,1,2021.0,0,0.0,Google,Google,1,1,
01071,Jackson County,AL,2013,31698.0,1695275.0,37634.0,16.0,13.0,49.32306136742067,10.2,42.0,10.36596411421182,,,15946.0,527620997.0,33089.0,,962.0,8.0,23669.0,1.9085813683803632,0.0,0.0,treated,1,2021.0,0,0.0,Google,Google,1,1,
01071,Jackson County,AL,2014,32553.0,1675663.0,36874.0,18.2,12.9,49.17556805795837,10.4,42.1,10.665051182530448,,,15997.0,544692011.0,34050.0,,970.0,7.2,23489.0,1.9930802592466257,0.0,0.0,treated,1,2021.0,0,0.0,Google,Google,1,1,
01071,Jackson County,AL,2015,33359.0,1561447.0,37745.0,18.0,12.4,49.03456816463592,10.1,42.2,10.72059350834265,,,16286.0,558386285.0,34287.0,,961.0,6.7,23407.0,2.372386971317453,0.0,0.0,treated,1,2021.0,0,0.0,Google,Google,1,1,
01071,Jackson County,AL,2016,33934.0,1518195.0,38422.0,18.8,12.6,48.800805183601334,8.6,42.8,11.013667009262962,,,16278.0,560819889.0,34453.0,,965.0,6.3,23390.0,2.432772296382279,0.0,0.0,treated,1,2021.0,0,0.0,Google,Google,1,1,
01071,Jackson County,AL,2017,34715.0,1508968.0,39281.0,19.0,13.4,48.53921327625311,7.7,43.0,11.336134009807514,,,15784.0,558224912.0,35367.0,,967.0,4.9,23377.0,2.3178973717146434,0.0,0.0,treated,1,2021.0,0,0.0,Google,Google,1,1,
01071,Jackson County,AL,2018,35957.0,1592423.0,39816.0,20.2,14.2,48.32400291276095,5.9,43.3,11.186515608523274,,,15893.0,574955032.0,36177.0,,991.0,4.1,23662.0,2.7150916784203103,0.0,0.0,treated,1,2021.0,0,0.0,Google,Google,1,1,
01071,Jackson County,AL,2019,36957.0,1549783.0,41769.0,18.6,14.0,48.09951624049758,5.1,43.1,11.469779701396648,,,15596.0,578162287.0,37071.0,,1003.0,3.5,23691.0,2.5743965473980026,0.0,0.0,treated,1,2021.0,0,0.0,Google,Google,1,1,
01071,Jackson County,AL,2020,39025.0,1459956.0,42578.0,17.9,16.2,48.018812354188015,5.2,43.0,11.390957960177005,,,14600.0,587860994.0,40266.0,,1017.0,5.8,23039.0,2.679539470287573,65.571,9829.9,treated,1,2021.0,0,0.0,Google,Google,1,1,
01071,Jackson County,AL,2021,43280.0,1535345.0,43785.0,17.6,16.1,48.745147330974056,5.7,43.2,11.66724921432527,,,15026.0,648606685.0,43165.0,,1062.0,2.8,22972.0,3.794149401059072,322.071,10684.255,treated,1,2021.0,1,0.0,Google,Google,1,1,
01071,Jackson County,AL,2022,44272.0,1563105.0,46748.0,18.6,16.2,48.810081492372554,6.0,43.0,12.705679302917169,,,15231.0,686911416.0,45099.0,4.0,1111.0,2.4,23233.0,3.870548868800879,144.642,13283.962,treated,1,2021.0,1,1.0,Google,Google,1,1,
01071,Jackson County,AL,2023,45890.0,1603527.0,49454.0,16.8,15.6,49.01508791621637,5.4,43.4,,,,15461.0,739263627.0,47815.0,,1178.0,,,4.30984555984556,11.571,1724.138,treated,1,2021.0,1,2.0,Google,Google,1,1,
01071,Jackson County,AL,2024,48078.0,1637868.0,,,,,,,12.678636347176331,,,15446.0,763327806.0,49421.0,,1192.0,,,,0.0,0.0,treated,1,2021.0,1,3.0,Google,Google,1,1,
01089,Madison County,AL,2010,41852.0,21073373.0,55851.0,,37.4,403.0434093769843,8.1,37.1,8.389311221330377,,,178623.0,9277657030.0,51940.0,140.0,8770.0,8.2,169944.0,2.7222656275222605,0.0,0.0,treated,1,2021.0,0,0.0,Meta,Meta,1,1,
01089,Madison County,AL,2011,43459.0,21365996.0,57453.0,,37.4,410.8016332314955,9.0,37.1,9.145075652876868,,,177857.0,9452536351.0,53147.0,142.0,8831.0,8.2,171679.0,2.8179818953613256,0.0,0.0,treated,1,2021.0,0,0.0,Meta,Meta,1,1,
01089,Madison County,AL,2012,43902.0,21346157.0,58242.0,12.4,37.8,417.49074664328015,9.3,37.3,9.458864502844182,,,178442.0,9557604792.0,53561.0,141.0,8891.0,7.1,170324.0,2.810172914300139,0.0,0.0,treated,1,2021.0,0,0.0,Meta,Meta,1,1,
01089,Madison County,AL,2013,43560.0,21700524.0,58434.0,12.8,38.5,423.2517175003524,10.0,37.4,9.329451797204213,,,181508.0,9755734618.0,53748.0,140.0,8915.0,6.4,171178.0,2.9213992495026067,0.0,0.0,treated,1,2021.0,0,0.0,Meta,Meta,1,1,
01089,Madison County,AL,2014,44560.0,21764757.0,58203.0,13.4,38.6,428.1793560636776,9.6,37.6,9.640353532887348,,,182630.0,10066610301.0,55120.0,387.0,9017.0,6.1,170377.0,3.118772419290554,0.0,0.0,treated,1,2021.0,0,0.0,Meta,Meta,1,1,
01089,Madison County,AL,2015,46059.0,22142692.0,57993.0,13.7,39.4,432.1825945825916,8.5,37.8,9.579577283410064,,,186721.0,10436794254.0,55895.0,142.0,9150.0,5.5,170473.0,2.9968746525676027,0.0,0.0,treated,1,2021.0,0,0.0,Meta,Meta,1,1,
01089,Madison County,AL,2016,47122.0,22837212.0,60150.0,13.3,40.7,436.59251922090914,7.3,38.1,9.672807289893576,,,191678.0,10798130877.0,56335.0,141.0,9406.0,5.1,172125.0,3.093817803806381,0.0,0.0,treated,1,2021.0,0,0.0,Meta,Meta,1,1,
01089,Madison County,AL,2017,48347.0,23737673.0,61318.0,13.6,40.6,440.63443034626954,6.5,38.2,10.071989025968364,,,195702.0,11271962429.0,57598.0,141.0,9573.0,4.0,177879.0,3.3870227688494015,0.0,0.0,treated,1,2021.0,0,0.0,Meta,Meta,1,1,
01089,Madison County,AL,2018,50196.0,24854241.0,63417.0,13.2,41.7,446.0573277727947,5.8,38.5,10.121445402478038,,,200339.0,11904377440.0,59421.0,146.0,9747.0,3.5,183468.0,3.653381819032196,0.0,0.0,treated,1,2021.0,0,0.0,Meta,Meta,1,1,
01089,Madison County,AL,2019,52649.0,26124018.0,65449.0,12.5,42.8,451.9405539663748,5.0,38.5,10.242511991647708,,,206133.0,12819939476.0,62193.0,144.0,9977.0,2.7,187748.0,3.9744305557138135,0.0,0.0,treated,1,2021.0,0,0.0,Meta,Meta,1,1,
01089,Madison County,AL,2020,56100.0,26614826.0,66887.0,11.4,43.8,458.6895475429796,4.5,38.5,10.118289575313057,,,202530.0,13791557346.0,68097.0,332.0,10264.0,5.1,189236.0,6.606336349849174,49.134,6127.096,treated,1,2021.0,0,0.0,Meta,Meta,1,1,
01089,Madison County,AL,2021,60682.0,27914293.0,71153.0,10.9,44.3,476.73218970535214,4.4,38.6,10.540046685457511,,,210051.0,14521139121.0,69132.0,322.0,11090.0,2.6,193037.0,9.16682349778196,162.031,9813.788,treated,1,2021.0,1,0.0,Meta,Meta,1,1,
01089,Madison County,AL,2022,62519.0,29457107.0,78058.0,10.7,45.1,486.2531359117566,4.2,38.5,11.737726907182118,,,217074.0,15541525559.0,71596.0,427.0,12121.0,2.1,199682.0,11.443642624271952,77.565,14755.601,treated,1,2021.0,1,1.0,Meta,Meta,1,1,
01089,Madison County,AL,2023,66069.0,31184027.0,83528.0,10.5,45.7,495.4272761635776,3.8,38.2,,,,224952.0,16751216811.0,74466.0,440.0,13044.0,,,13.575788532754435,5.797,1418.256,treated,1,2021.0,1,2.0,Meta,Meta,1,1,
01089,Madison County,AL,2024,69038.0,32236676.0,,,,,,,11.451686360114168,,,229807.0,17706841421.0,77051.0,414.0,13778.0,,,,0.0,0.0,treated,1,2021.0,1,3.0,Meta,Meta,1,1,
01097,Mobile County,AL,2010,31865.0,18578659.0,40996.0,,19.8,332.3805448952068,9.7,36.3,11.183780637921556,,,165715.0,6644370534.0,40095.0,231.0,9848.0,11.1,192800.0,2.6550492350356043,0.0,0.0,control,0,,0,0.0,,,1,0,MINOR_COLO
01097,Mobile County,AL,2011,33670.0,19029979.0,42187.0,,20.1,333.9260469149339,10.4,36.4,11.494291091354269,,,165059.0,6932161729.0,41998.0,416.0,9777.0,10.7,193845.0,2.797610288707731,0.0,0.0,control,0,,0,0.0,,,1,0,MINOR_COLO
01097,Mobile County,AL,2012,33281.0,19005224.0,42973.0,19.5,20.3,335.3714980144366,11.1,36.6,11.744594375177888,,,163667.0,6943628657.0,42425.0,,9673.0,9.4,188890.0,2.842932399423173,0.0,0.0,control,0,,0,0.0,,,1,0,MINOR_COLO
01097,Mobile County,AL,2013,33676.0,19243032.0,43028.0,19.8,20.7,336.09625711947706,11.9,36.7,11.599011052229384,,,163890.0,7005038116.0,42742.0,179.0,9492.0,8.7,186932.0,3.079640947288006,0.0,0.0,control,0,,0,0.0,,,1,0,MINOR_COLO
01097,Mobile County,AL,2014,34399.0,19211576.0,43844.0,19.9,21.4,336.79335987258554,11.1,36.9,11.795529969507264,,,165758.0,7217413021.0,43542.0,165.0,9543.0,7.7,185640.0,3.3087774762146203,0.0,0.0,control,0,,0,0.0,,,1,0,MINOR_COLO
01097,Mobile County,AL,2015,35768.0,19295626.0,43809.0,19.3,22.0,336.9609248284086,9.8,37.0,12.203440964938602,,,167366.0,7476865484.0,44674.0,154.0,9675.0,6.9,186483.0,3.6685120861143057,0.0,0.0,control,0,,0,0.0,,,1,0,MINOR_COLO
01097,Mobile County,AL,2016,35940.0,19669523.0,44263.0,19.5,22.5,336.99346171303443,8.7,37.2,12.657752929218509,,,169094.0,7665234084.0,45331.0,55.0,9943.0,6.6,186230.0,3.902384430516941,0.0,0.0,control,0,,0,0.0,,,1,0,MINOR_COLO
01097,Mobile County,AL,2017,36679.0,19734787.0,45802.0,19.3,23.0,337.0235583313133,7.5,37.3,13.371678774346734,,,170070.0,7912260702.0,46524.0,120.0,10134.0,5.3,189017.0,4.148424393694068,0.0,0.0,control,0,,0,0.0,,,1,0,MINOR_COLO
01097,Mobile County,AL,2018,37827.0,20064093.0,46166.0,19.3,22.9,337.2928010515921,6.2,37.6,12.809313617421154,,,171077.0,8133175351.0,47541.0,169.0,10237.0,4.7,191026.0,4.29469598363704,0.0,0.0,control,0,,0,0.0,,,1,0,MINOR_COLO
01097,Mobile County,AL,2019,39294.0,20526354.0,47583.0,18.8,23.2,336.8494859985651,5.8,37.9,13.406453152964865,,,171826.0,8354150885.0,48620.0,133.0,10302.0,3.9,191726.0,4.348682647568388,0.0,0.0,control,0,,0,0.0,,,1,0,MINOR_COLO
01097,Mobile County,AL,2020,42588.0,20805653.0,49625.0,17.9,24.4,336.7380471687216,5.6,38.1,13.505099851415295,,,164350.0,8507902921.0,51767.0,115.0,10449.0,8.5,194559.0,4.901774013843427,122.189,6244.174,control,0,,0,0.0,,,1,0,MINOR_COLO
01097,Mobile County,AL,2021,47810.0,21999897.0,51169.0,17.6,23.9,337.26107758908194,5.8,38.3,14.03557274846242,,,169918.0,9234339881.0,54346.0,122.0,10931.0,4.6,189877.0,5.651029214363489,214.434,12809.275,control,0,,0,0.0,,,1,0,MINOR_COLO
01097,Mobile County,AL,2022,48370.0,22260072.0,55352.0,17.6,24.2,336.6575183792727,5.9,38.2,15.495259144575291,,,172206.0,9837201223.0,57125.0,134.0,11457.0,3.2,189712.0,6.318821912609468,88.864,12494.869,control,0,,0,0.0,,,1,0,MINOR_COLO
01097,Mobile County,AL,2023,51482.0,23356983.0,58119.0,16.3,25.2,336.0751081444703,5.3,38.4,,,,171453.0,10153380744.0,59220.0,178.0,12012.0,,,7.493639832818463,10.142,1099.939,control,0,,0,0.0,,,1,0,MINOR_COLO
01097,Mobile County,AL,2024,53901.0,24306390.0,,,,,,,16.771127232152296,,,175327.0,10817638079.0,61700.0,192.0,12216.0,,,,0.0,0.0,control,0,,0,0.0,,,1,0,MINOR_COLO
01101,Montgomery County,AL,2010,35672.0,13322352.0,43725.0,,30.5,290.3393391481505,7.9,34.6,11.201911496640992,,,129345.0,5283793720.0,40850.0,,6373.0,9.9,108868.0,2.373481931646096,0.0,0.0,control,0,,0,0.0,,,1,0,FUTURE_DC_2023plus
01101,Montgomery County,AL,2011,37278.0,13352807.0,44587.0,,31.2,291.5120646845356,8.6,34.6,11.51902279049654,,,127364.0,5355662835.0,42050.0,,6298.0,9.7,109098.0,2.2599038423332143,0.0,0.0,control,0,,0,0.0,,,1,0,FUTURE_DC_2023plus
01101,Montgomery County,AL,2012,37066.0,13363796.0,44401.0,20.4,30.9,292.06850448844466,8.7,34.7,11.767103179895296,,,127336.0,5359506790.0,42090.0,,6326.0,8.3,107436.0,2.3262824699794,0.0,0.0,control,0,,0,0.0,,,1,0,FUTURE_DC_2023plus
01101,Montgomery County,AL,2013,37312.0,13411377.0,44790.0,21.2,31.5,291.5642707073279,8.9,34.8,11.63442997922998,,,128427.0,5408324267.0,42112.0,,6303.0,7.4,106274.0,2.220139178986622,0.0,0.0,control,0,,0,0.0,,,1,0,FUTURE_DC_2023plus
01101,Montgomery County,AL,2014,38258.0,13293034.0,44830.0,22.0,31.3,291.3987394155472,8.9,34.9,11.818099981806762,,,128537.0,5506837167.0,42842.0,,6312.0,6.8,105193.0,2.690496292302841,0.0,0.0,control,0,,0,0.0,,,1,0,FUTURE_DC_2023plus
01101,Montgomery County,AL,2015,39743.0,13579621.0,44369.0,22.6,31.1,290.4921372636404,8.8,35.2,12.210233813229175,,,128963.0,5664265882.0,43922.0,,6325.0,6.1,104799.0,2.7964353578360144,0.0,0.0,control,0,,0,0.0,,,1,0,FUTURE_DC_2023plus
01101,Montgomery County,AL,2016,40732.0,13968351.0,45358.0,21.3,31.5,289.5422423123448,8.4,36.0,12.648729615469836,,,131172.0,5874784095.0,44787.0,,6371.0,5.7,104883.0,3.1060060780550223,0.0,0.0,control,0,,0,0.0,,,1,0,FUTURE_DC_2023plus
01101,Montgomery County,AL,2017,41610.0,14011331.0,46545.0,20.8,32.3,289.1958999172343,7.6,35.9,13.3517500118829,,,132033.0,5952771603.0,45085.0,418.0,6406.0,4.4,106956.0,3.3870499854955036,0.0,0.0,control,0,,0,0.0,,,1,0,FUTURE_DC_2023plus
01101,Montgomery County,AL,2018,42426.0,13975524.0,47990.0,20.7,32.1,288.9679760616286,7.6,36.2,12.795292246356595,,,131023.0,6019827067.0,45945.0,444.0,6406.0,4.0,107078.0,3.567883036009747,0.0,0.0,control,0,,0,0.0,,,1,0,FUTURE_DC_2023plus
01101,Montgomery County,AL,2019,43199.0,14144889.0,50124.0,19.4,33.4,288.9679760616286,6.6,36.4,13.382047246542989,,,130780.0,6248414421.0,47778.0,408.0,6425.0,3.3,107719.0,3.496713089695686,0.0,0.0,control,0,,0,0.0,,,1,0,FUTURE_DC_2023plus
01101,Montgomery County,AL,2020,46080.0,13806220.0,51963.0,18.8,33.7,288.3440504233781,6.4,36.7,13.484883470672395,,,124286.0,6357340283.0,51151.0,361.0,6470.0,8.4,108049.0,5.1786707101339395,121.618,7101.405,control,0,,0,0.0,,,1,0,FUTURE_DC_2023plus
01101,Montgomery County,AL,2021,49744.0,14287535.0,52511.0,19.6,33.4,291.6814159292035,6.6,36.8,14.00610404514345,,,126809.0,6725193002.0,53034.0,303.0,6641.0,4.7,106859.0,5.763601187160034,229.134,9589.717,control,0,,0,0.0,,,1,0,FUTURE_DC_2023plus
01101,Montgomery County,AL,2022,50837.0,14712897.0,56707.0,19.6,33.7,290.4844973578659,6.8,36.9,15.45002021100841,,,128398.0,7209035855.0,56146.0,301.0,6914.0,3.0,106639.0,6.330276165311515,90.332,13908.02,control,0,,0,0.0,,,1,0,FUTURE_DC_2023plus
01101,Montgomery County,AL,2023,54179.0,15275538.0,58153.0,19.3,34.3,289.2939453746737,6.0,36.9,,,,131103.0,7749398066.0,59109.0,303.0,7141.0,,,7.292955528514311,5.728,2029.162,control,0,,0,0.0,,,1,0,FUTURE_DC_2023plus
01101,Montgomery County,AL,2024,57265.0,15685249.0,,,,,,,16.72792412688589,,,132903.0,8188088851.0,61610.0,279.0,7267.0,,,,0.0,0.0,control,0,,0,0.0,,,1,0,FUTURE_DC_2023plus
01117,Shelby County,AL,2010,42241.0,9069526.0,68380.0,,39.6,239.2035037685883,5.5,36.5,11.205835995976972,,,70429.0,3012343122.0,42771.0,183.0,4854.0,7.0,102466.0,4.895410419530492,0.0,0.0,control,0,,0,0.0,,,1,0,FUTURE_DC_2023plus
01117,Shelby County,AL,2011,44615.0,9267695.0,68883.0,,40.0,244.07338561825216,6.5,36.8,11.512431151777209,,,71175.0,3136384946.0,44066.0,113.0,4872.0,6.2,104209.0,4.957188877585622,0.0,0.0,control,0,,0,0.0,,,1,0,FUTURE_DC_2023plus
01117,Shelby County,AL,2012,46284.0,9421342.0,69379.0,7.7,40.5,248.5702281523732,6.4,36.9,11.758319662027056,,,74489.0,3400650992.0,45653.0,,4854.0,5.2,105474.0,5.053252464619938,0.0,0.0,control,0,,0,0.0,,,1,0,FUTURE_DC_2023plus
01117,Shelby County,AL,2013,46700.0,9900651.0,68770.0,7.9,40.3,252.55398248115705,6.5,37.3,11.616190106570864,,,76826.0,3552633412.0,46242.0,99.0,4938.0,4.7,106861.0,4.707128174248874,0.0,0.0,control,0,,0,0.0,,,1,0,FUTURE_DC_2023plus
01117,Shelby County,AL,2014,48325.0,10236380.0,69723.0,8.6,40.2,256.12140965573434,6.2,37.5,11.810450795451183,,,78679.0,3771696213.0,47938.0,124.0,5046.0,4.5,107413.0,4.815252372998737,0.0,0.0,control,0,,0,0.0,,,1,0,FUTURE_DC_2023plus
01117,Shelby County,AL,2015,50217.0,10993628.0,70187.0,8.3,40.8,259.12864127113465,5.5,37.9,12.213622303540538,,,83420.0,4151122586.0,49762.0,134.0,5468.0,4.2,107932.0,4.860280744767436,0.0,0.0,control,0,,0,0.0,,,1,0,FUTURE_DC_2023plus
01117,Shelby County,AL,2016,50745.0,11176098.0,72310.0,8.5,41.4,262.21099001833363,4.6,38.1,12.655188340893336,,,84014.0,4240659417.0,50475.0,124.0,5667.0,4.3,108670.0,4.759976693890047,0.0,0.0,control,0,,0,0.0,,,1,0,FUTURE_DC_2023plus
01117,Shelby County,AL,2017,52316.0,11639599.0,74063.0,8.3,42.2,265.7376756976981,4.3,38.5,13.371094200673728,,,84811.0,4398577216.0,51864.0,129.0,5801.0,3.3,112591.0,4.945322229140722,0.0,0.0,control,0,,0,0.0,,,1,0,FUTURE_DC_2023plus
01117,Shelby County,AL,2018,54529.0,11879718.0,75761.0,8.4,42.1,268.97153188021997,4.0,38.9,12.811406515476197,,,85040.0,4597142603.0,54059.0,153.0,5857.0,2.8,115828.0,5.170382150350153,0.0,0.0,control,0,,0,0.0,,,1,0,FUTURE_DC_2023plus
01117,Shelby County,AL,2019,57402.0,12206604.0,77799.0,7.5,42.9,271.7355876960684,3.6,39.3,13.402842310168708,,,84905.0,4686372827.0,55195.0,135.0,5905.0,2.3,118161.0,5.370500123089742,0.0,0.0,control,0,,0,0.0,,,1,0,FUTURE_DC_2023plus
01117,Shelby County,AL,2020,59916.0,12275473.0,78889.0,6.9,44.2,275.4507027907924,3.8,39.5,13.503065653824809,,,81126.0,4751551382.0,58570.0,157.0,5963.0,4.2,117653.0,8.240099449476114,48.259,7340.98,control,0,,0,0.0,,,1,0,FUTURE_DC_2023plus
01117,Shelby County,AL,2021,65375.0,12929663.0,82592.0,7.0,44.8,281.0908535343247,3.3,39.7,14.03032739503528,,,83679.0,5074657985.0,60644.0,192.0,6381.0,2.1,118888.0,10.911661033536005,130.252,11975.711,control,0,,0,0.0,,,1,0,FUTURE_DC_2023plus
01117,Shelby County,AL,2022,67471.0,13281571.0,90618.0,6.9,45.6,285.08352006518635,3.1,40.0,15.482910288679784,,,86332.0,5488813589.0,63578.0,170.0,6809.0,1.8,120856.0,13.117617848402086,44.511,15211.871,control,0,,0,0.0,,,1,0,FUTURE_DC_2023plus
01117,Shelby County,AL,2023,71510.0,13237066.0,93543.0,6.9,46.2,288.95268893868405,2.9,40.0,,,,85595.0,5546417010.0,64798.0,182.0,6982.0,,,15.15056132619872,5.154,2177.743,control,0,,0,0.0,,,1,0,FUTURE_DC_2023plus
01117,Shelby County,AL,2024,74513.0,13301277.0,,,,,,,16.759724758351176,,,85169.0,5686893091.0,66772.0,184.0,7251.0,,,,0.0,0.0,control,0,,0,0.0,,,1,0,FUTURE_DC_2023plus
04013,Maricopa County,AZ,2010,36205.0,193418704.0,55054.0,,29.0,407.6825470517047,7.1,34.1,11.103552103559275,,,1602744.0,72961390716.0,45523.0,5070.0,93270.0,9.5,1923669.0,5.200523517842881,0.0,0.0,treated,1,2016.0,0,0.0,Oracle,Oracle;Apple;Microsoft;Meta,1,1,PRE_COVID_COHORT;MULTIPLE_OPERATORS;HUGE_METRO
04013,Maricopa County,AZ,2011,37876.0,199565318.0,55099.0,,29.1,412.7863355311661,8.3,34.4,11.208245502863704,,,1626646.0,76373141049.0,46951.0,5287.0,94184.0,8.5,1904041.0,5.494711349868342,0.0,0.0,treated,1,2016.0,0,0.0,Oracle,Oracle;Apple;Microsoft;Meta,1,1,PRE_COVID_COHORT;MULTIPLE_OPERATORS;HUGE_METRO
04013,Maricopa County,AZ,2012,39300.0,207161028.0,54385.0,15.8,29.5,417.507698500466,9.0,34.6,11.453271423263168,,,1666812.0,80194296774.0,48112.0,6131.0,95023.0,7.3,1911529.0,5.578701155106621,0.0,0.0,treated,1,2016.0,0,0.0,Oracle,Oracle;Apple;Microsoft;Meta,1,1,PRE_COVID_COHORT;MULTIPLE_OPERATORS;HUGE_METRO
04013,Maricopa County,AZ,2013,39642.0,208837671.0,53596.0,16.7,29.8,422.6525659349831,9.5,35.0,11.929549585500112,,,1713992.0,82793243514.0,48304.0,9228.0,91673.0,6.6,1929092.0,5.799061700079384,0.0,0.0,treated,1,2016.0,0,0.0,Oracle,Oracle;Apple;Microsoft;Meta,1,1,PRE_COVID_COHORT;MULTIPLE_OPERATORS;HUGE_METRO
04013,Maricopa County,AZ,2014,41208.0,212344584.0,53689.0,17.1,30.0,428.9797030839211,8.9,35.3,12.092745290193122,,,1755209.0,86662090637.0,49374.0,9910.0,93448.0,5.8,1973683.0,5.877295359902765,0.0,0.0,treated,1,2016.0,0,0.0,Oracle,Oracle;Apple;Microsoft;Meta,1,1,PRE_COVID_COHORT;MULTIPLE_OPERATORS;HUGE_METRO
04013,Maricopa County,AZ,2015,42997.0,219346351.0,54229.0,17.0,30.4,436.6696182656596,7.7,35.6,12.307431880382104,,,1817078.0,91647160639.0,50437.0,10818.0,93432.0,5.1,2033488.0,5.899330781913832,0.0,0.0,treated,1,2016.0,0,0.0,Oracle,Oracle;Apple;Microsoft;Meta,1,1,PRE_COVID_COHORT;MULTIPLE_OPERATORS;HUGE_METRO
04013,Maricopa County,AZ,2016,44357.0,227182991.0,55676.0,16.5,31.0,444.3209540054807,6.8,35.8,12.401989342485855,,,1871953.0,95629198640.0,51085.0,10713.0,93915.0,4.7,2088551.0,6.119725652886593,0.0,0.0,treated,1,2016.0,1,0.0,Oracle,Oracle;Apple;Microsoft;Meta,1,1,PRE_COVID_COHORT;MULTIPLE_OPERATORS;HUGE_METRO
04013,Maricopa County,AZ,2017,46441.0,237581202.0,58580.0,15.7,31.4,451.59692807661816,6.0,36.0,12.644348469087866,,,1927372.0,101355844508.0,52588.0,11613.0,96333.0,4.3,2088547.0,6.377147603726368,0.0,0.0,treated,1,2016.0,1,1.0,Oracle,Oracle;Apple;Microsoft;Meta,1,1,PRE_COVID_COHORT;MULTIPLE_OPERATORS;HUGE_METRO
04013,Maricopa County,AZ,2018,48805.0,248468203.0,61606.0,14.7,32.0,462.2918014230272,5.5,36.1,12.99186007545069,,,1993417.0,108256719352.0,54307.0,12254.0,98802.0,4.1,2154368.0,6.607014282468747,0.0,0.0,treated,1,2016.0,1,2.0,Oracle,Oracle;Apple;Microsoft;Meta,1,1,PRE_COVID_COHORT;MULTIPLE_OPERATORS;HUGE_METRO
04013,Maricopa County,AZ,2019,51612.0,260315487.0,64468.0,13.8,32.7,470.4311942717245,5.0,36.4,12.642494119893794,,,2062384.0,116221233564.0,56353.0,13046.0,104671.0,4.1,2230015.0,7.020880861105232,0.0,0.0,treated,1,2016.0,1,3.0,Oracle,Oracle;Apple;Microsoft;Meta,1,1,PRE_COVID_COHORT;MULTIPLE_OPERATORS;HUGE_METRO
04013,Maricopa County,AZ,2020,56026.0,266090000.0,67799.0,12.7,33.4,479.5564820417589,5.1,36.6,12.407366331711744,,,2005867.0,122839454670.0,61240.0,12581.0,110029.0,7.3,2266436.0,9.846815988789418,118.393,7448.906,treated,1,2016.0,1,4.0,Oracle,Oracle;Apple;Microsoft;Meta,1,1,PRE_COVID_COHORT;MULTIPLE_OPERATORS;HUGE_METRO
04013,Maricopa County,AZ,2021,61834.0,289806802.0,72944.0,12.0,34.4,474.6016862802376,5.0,36.9,12.549648842742258,,,2083731.0,135349638383.0,64955.0,13825.0,119282.0,4.6,2317304.0,13.167468030495384,197.514,12672.005,treated,1,2016.0,1,5.0,Oracle,Oracle;Apple;Microsoft;Meta,1,1,PRE_COVID_COHORT;MULTIPLE_OPERATORS;HUGE_METRO
04013,Maricopa County,AZ,2022,64296.0,305404414.0,80675.0,11.5,35.0,481.5226208112507,4.8,37.1,12.957998524567689,,,2170744.0,147681065700.0,68032.0,13101.0,130975.0,3.3,2371901.0,16.21915035578898,107.743,14167.866,treated,1,2016.0,1,6.0,Oracle,Oracle;Apple;Microsoft;Meta,1,1,PRE_COVID_COHORT;MULTIPLE_OPERATORS;HUGE_METRO
04013,Maricopa County,AZ,2023,68833.0,315195199.0,85518.0,11.3,35.9,488.1643705921629,4.6,37.5,,,,2233956.0,157071987451.0,70311.0,12511.0,140110.0,,,18.767221504326123,12.428,1145.303,treated,1,2016.0,1,7.0,Oracle,Oracle;Apple;Microsoft;Meta,1,1,PRE_COVID_COHORT;MULTIPLE_OPERATORS;HUGE_METRO
04013,Maricopa County,AZ,2024,72176.0,329775922.0,,,,,,,15.118028666526598,,,2280645.0,168403424931.0,73840.0,12074.0,142693.0,,,,0.0,0.0,treated,1,2016.0,1,8.0,Oracle,Oracle;Apple;Microsoft;Meta,1,1,PRE_COVID_COHORT;MULTIPLE_OPERATORS;HUGE_METRO
04015,Mohave County,AZ,2010,25865.0,5019325.0,39785.0,,12.0,14.939636747889567,10.8,46.3,11.396233305498882,,,44996.0,1458832103.0,32422.0,,3778.0,12.9,82880.0,3.255712195588859,0.0,0.0,control,0,,0,0.0,,,1,0,CROSS_STATE_FILL
04015,Mohave County,AZ,2011,25878.0,5045649.0,40573.0,,12.2,15.053122092078691,12.1,46.8,11.470939056626078,,,44771.0,1481355760.0,33088.0,,3655.0,12.2,79969.0,3.231231064291075,0.0,0.0,control,0,,0,0.0,,,1,0,CROSS_STATE_FILL
04015,Mohave County,AZ,2012,26332.0,4991518.0,39383.0,18.6,12.2,15.092575688273984,14.2,47.4,11.756357117284333,,,44119.0,1509632686.0,34217.0,,3629.0,11.0,78227.0,3.560778553066471,0.0,0.0,control,0,,0,0.0,,,1,0,CROSS_STATE_FILL
04015,Mohave County,AZ,2013,27161.0,5195248.0,39200.0,19.4,11.9,15.12737886058314,14.5,48.0,12.348806111356678,,,44762.0,1553200943.0,34699.0,,3529.0,10.4,77748.0,3.3381799649243775,0.0,0.0,control,0,,0,0.0,,,1,0,CROSS_STATE_FILL
04015,Mohave County,AZ,2014,28567.0,5196771.0,38456.0,19.9,12.2,15.187534343755432,14.3,48.6,12.512619882196166,,,45707.0,1606602316.0,35150.0,,3578.0,8.7,78835.0,3.05417378551233,0.0,0.0,control,0,,0,0.0,,,1,0,CROSS_STATE_FILL
04015,Mohave County,AZ,2015,29421.0,5200633.0,38488.0,19.8,11.8,15.253540360203832,13.2,49.2,12.669022660006556,,,46839.0,1670307215.0,35661.0,,3566.0,8.0,80004.0,2.8239939999693875,0.0,0.0,control,0,,0,0.0,,,1,0,CROSS_STATE_FILL
04015,Mohave County,AZ,2016,30611.0,5456986.0,39856.0,19.3,11.9,15.273567185648972,11.7,49.7,12.866654322722091,,,47595.0,1715449940.0,36042.0,,3642.0,6.7,80843.0,2.908434766652394,0.0,0.0,control,0,,0,0.0,,,1,0,CROSS_STATE_FILL
04015,Mohave County,AZ,2017,32274.0,5323399.0,41567.0,18.6,12.3,15.353224446408287,10.1,50.4,13.224290811975196,,,48983.0,1825785951.0,37274.0,,3692.0,6.0,80346.0,3.0837004405286343,0.0,0.0,control,0,,0,0.0,,,1,0,CROSS_STATE_FILL
04015,Mohave County,AZ,2018,33670.0,5437354.0,43266.0,17.5,12.9,15.456208833435166,8.9,50.9,13.780563681507113,,,50290.0,1926317258.0,38304.0,,3726.0,5.7,82532.0,3.5721971164191952,0.0,0.0,control,0,,0,0.0,,,1,0,CROSS_STATE_FILL
04015,Mohave County,AZ,2019,35487.0,5596478.0,45587.0,16.4,12.9,15.578544984375323,8.0,51.6,13.209453956285891,,,51173.0,2015210055.0,39381.0,,3821.0,5.8,84570.0,4.490265710315399,0.0,0.0,control,0,,0,0.0,,,1,0,CROSS_STATE_FILL
04015,Mohave County,AZ,2020,39063.0,5881927.0,47686.0,16.2,13.4,15.826292566567442,7.6,52.3,12.921085248251751,,,50365.0,2156409699.0,42815.0,,3955.0,9.9,86304.0,5.17521179447684,165.627,6053.588,control,0,,0,0.0,,,1,0,CROSS_STATE_FILL
04015,Mohave County,AZ,2021,43086.0,6451864.0,49738.0,16.0,14.6,15.84699445354444,7.4,52.3,13.138363216487877,,,54260.0,2402369916.0,44275.0,,4214.0,5.7,87286.0,5.486006862534849,401.55,12792.797,control,0,,0,0.0,,,1,0,CROSS_STATE_FILL
04015,Mohave County,AZ,2022,43642.0,6676731.0,53592.0,16.0,14.4,16.06863965650469,7.5,52.9,13.679579400955044,,,54756.0,2592203667.0,47341.0,,4639.0,4.5,89078.0,6.516048487777375,206.071,13024.868,control,0,,0,0.0,,,1,0,CROSS_STATE_FILL
04015,Mohave County,AZ,2023,46106.0,6701537.0,55799.0,16.8,14.9,16.30798647296701,6.9,53.2,,,,55181.0,2741994125.0,49691.0,,4900.0,,,7.986376496775145,34.185,663.954,control,0,,0,0.0,,,1,0,CROSS_STATE_FILL
04015,Mohave County,AZ,2024,48586.0,7229383.0,,,,,,,16.247910365485446,,,56391.0,2887187220.0,51199.0,,5056.0,,,,0.0,0.0,control,0,,0,0.0,,,1,0,CROSS_STATE_FILL
04019,Pima County,AZ,2010,34100.0,39307725.0,45521.0,,29.6,104.96186072225748,8.0,37.3,11.230915693141965,,,343093.0,13881996421.0,40461.0,180.0,19080.0,9.3,479984.0,4.839505231478944,0.0,0.0,control,0,,0,0.0,,,1,0,FUTURE_DC_2023plus
04019,Pima County,AZ,2011,35335.0,39429067.0,46341.0,,29.5,106.0195740633322,9.2,37.5,11.321181384748584,,,340806.0,14094820113.0,41357.0,218.0,18816.0,8.4,469332.0,4.820553124805314,0.0,0.0,control,0,,0,0.0,,,1,0,FUTURE_DC_2023plus
04019,Pima County,AZ,2012,36317.0,40385120.0,46443.0,18.5,29.4,106.7669058375024,10.1,37.7,11.5960592539824,,,346828.0,14538784959.0,41919.0,247.0,18957.0,7.4,466804.0,4.787025947624728,0.0,0.0,control,0,,0,0.0,,,1,0,FUTURE_DC_2023plus
04019,Pima County,AZ,2013,36562.0,39702623.0,45841.0,19.2,29.8,107.4027962636676,10.9,37.8,12.07922524048146,,,349900.0,14804022406.0,42309.0,241.0,18483.0,6.8,462267.0,4.872689798656413,0.0,0.0,control,0,,0,0.0,,,1,0,FUTURE_DC_2023plus
04019,Pima County,AZ,2014,37431.0,39766496.0,46233.0,19.0,30.1,108.08330676081138,10.8,37.9,12.378799134907531,,,351963.0,15174483435.0,43114.0,269.0,18710.0,6.0,465898.0,4.747409747879717,0.0,0.0,control,0,,0,0.0,,,1,0,FUTURE_DC_2023plus
04019,Pima County,AZ,2015,38569.0,39561836.0,46162.0,19.3,30.3,108.67022393834158,10.0,38.0,12.591449295080098,,,354029.0,15442796772.0,43620.0,249.0,18616.0,5.5,467826.0,4.5741238151502905,0.0,0.0,control,0,,0,0.0,,,1,0,FUTURE_DC_2023plus
04019,Pima County,AZ,2016,39720.0,40889603.0,46764.0,19.1,30.8,109.1927140865564,9.2,38.1,12.6507926259678,,,358682.0,15762468266.0,43946.0,253.0,18521.0,5.0,471452.0,4.69005991529705,0.0,0.0,control,0,,0,0.0,,,1,0,FUTURE_DC_2023plus
04019,Pima County,AZ,2017,41944.0,42330595.0,48676.0,18.3,31.6,109.6192166674466,8.4,38.2,13.235888935624734,,,364174.0,16562485473.0,45480.0,260.0,18633.0,4.6,464230.0,4.826733539394646,0.0,0.0,control,0,,0,0.0,,,1,0,FUTURE_DC_2023plus
04019,Pima County,AZ,2018,43614.0,43891349.0,51037.0,17.8,31.9,110.9757756546363,7.6,38.3,13.79269737139988,,,368438.0,17404474107.0,47239.0,262.0,18634.0,4.4,470435.0,4.991241826468943,0.0,0.0,control,0,,0,0.0,,,1,0,FUTURE_DC_2023plus
04019,Pima County,AZ,2019,45477.0,45428473.0,53379.0,16.8,32.4,111.79036402359856,7.0,38.5,13.292271717860723,,,375906.0,18417914734.0,48996.0,218.0,18961.0,4.5,482462.0,5.439556589336534,0.0,0.0,control,0,,0,0.0,,,1,0,FUTURE_DC_2023plus
04019,Pima County,AZ,2020,49629.0,45734608.0,55023.0,15.9,33.6,113.01676299886054,6.8,38.7,13.054270541429958,,,361323.0,19207831675.0,53160.0,268.0,19177.0,7.6,481338.0,7.753375855250105,103.582,6768.061,control,0,,0,0.0,,,1,0,FUTURE_DC_2023plus
04019,Pima County,AZ,2021,53840.0,48454038.0,59215.0,15.1,34.4,112.64532811532438,6.3,38.9,13.474877349899844,,,368320.0,20334171684.0,55208.0,278.0,20281.0,5.1,482454.0,10.28949577800342,203.464,10077.424,control,0,,0,0.0,,,1,0,FUTURE_DC_2023plus
04019,Pima County,AZ,2022,54802.0,49546263.0,64323.0,14.9,35.0,113.44304792086793,5.9,39.0,13.89341320373464,,,377863.0,21584183756.0,57122.0,271.0,21984.0,3.8,486536.0,12.091862509784026,97.449,13280.673,control,0,,0,0.0,,,1,0,FUTURE_DC_2023plus
04019,Pima County,AZ,2023,58535.0,51556424.0,67929.0,14.4,35.9,114.26514552128758,5.7,39.7,,,,386655.0,23006658538.0,59502.0,315.0,23195.0,,,13.818152278013407,16.16,901.766,control,0,,0,0.0,,,1,0,FUTURE_DC_2023plus
04019,Pima County,AZ,2024,60425.0,52752176.0,,,,,,,16.134190437785016,,,386312.0,23926675440.0,61936.0,347.0,23608.0,,,,0.0,0.0,control,0,,0,0.0,,,1,0,FUTURE_DC_2023plus
04021,Pinal County,AZ,2010,23901.0,7174757.0,51310.0,,17.9,61.3667752071497,7.7,35.7,11.22571843854979,,,52171.0,1996083709.0,38260.0,68.0,2844.0,10.6,154038.0,5.653388837445609,0.0,0.0,control,0,,0,0.0,,,1,0,FUTURE_DC_2023plus
04021,Pinal County,AZ,2011,25590.0,7814358.0,51212.0,,18.1,65.54340653371095,9.9,35.6,11.30217821896757,,,52854.0,2043196492.0,38657.0,64.0,2816.0,9.7,150364.0,5.769692699409099,0.0,0.0,control,0,,0,0.0,,,1,0,FUTURE_DC_2023plus
04021,Pinal County,AZ,2012,26326.0,7900039.0,50164.0,15.2,18.3,68.64904463192366,11.5,35.8,11.515922086924713,,,55980.0,2156945141.0,38531.0,,2886.0,8.5,149940.0,6.0386924201424526,0.0,0.0,control,0,,0,0.0,,,1,0,FUTURE_DC_2023plus
04021,Pinal County,AZ,2013,28015.0,7774586.0,50027.0,15.6,18.0,70.65312696664789,12.1,36.1,11.993446030694956,,,56850.0,2184900906.0,38433.0,68.0,2890.0,8.1,150007.0,5.741447197070674,0.0,0.0,control,0,,0,0.0,,,1,0,FUTURE_DC_2023plus
04021,Pinal County,AZ,2014,28888.0,7829826.0,50248.0,16.8,17.8,72.70901652557274,11.6,36.6,12.163088893541063,,,57421.0,2225185269.0,38752.0,23.0,2957.0,7.0,154678.0,5.665160282767622,0.0,0.0,control,0,,0,0.0,,,1,0,FUTURE_DC_2023plus
04021,Pinal County,AZ,2015,30121.0,7760898.0,49477.0,17.3,18.0,72.6367100399978,10.6,37.6,12.355473727153438,,,57552.0,2287523774.0,39747.0,77.0,2977.0,6.3,158049.0,5.52620392299751,0.0,0.0,control,0,,0,0.0,,,1,0,FUTURE_DC_2023plus
04021,Pinal County,AZ,2016,31534.0,8055535.0,51190.0,16.5,18.5,74.0962574498509,9.4,38.3,12.456311165611174,,,61111.0,2429326785.0,39753.0,74.0,3214.0,5.6,164605.0,5.5149343236564885,0.0,0.0,control,0,,0,0.0,,,1,0,FUTURE_DC_2023plus
04021,Pinal County,AZ,2017,33300.0,8486830.0,52628.0,15.5,18.6,75.57462690878407,7.8,38.5,12.695419444996825,,,60570.0,2504696789.0,41352.0,89.0,3188.0,5.1,167281.0,5.549815498154982,0.0,0.0,control,0,,0,0.0,,,1,0,FUTURE_DC_2023plus
04021,Pinal County,AZ,2018,35024.0,8942159.0,55550.0,14.2,19.0,78.21791348454458,7.8,38.9,13.04013763901514,,,62137.0,2673977538.0,43034.0,82.0,3185.0,5.0,174703.0,5.92027579093093,0.0,0.0,control,0,,0,0.0,,,1,0,FUTURE_DC_2023plus
04021,Pinal County,AZ,2019,37329.0,9083288.0,58174.0,13.2,19.5,80.65397116350267,7.1,39.3,12.70224914219157,,,63101.0,2808688874.0,44511.0,85.0,3249.0,5.0,184124.0,6.455408926620156,0.0,0.0,control,0,,0,0.0,,,1,0,FUTURE_DC_2023plus
04021,Pinal County,AZ,2020,41088.0,9474506.0,60968.0,12.1,20.9,83.40571746762562,7.1,39.8,12.465369953897692,,,62739.0,2994962728.0,47737.0,90.0,3362.0,7.4,188749.0,7.998589271163973,84.798,6388.504,control,0,,0,0.0,,,1,0,FUTURE_DC_2023plus
04021,Pinal County,AZ,2021,44906.0,10064621.0,65488.0,11.4,20.9,78.38638014165736,6.4,39.8,12.602031497661766,,,64920.0,3208608300.0,49424.0,113.0,3682.0,4.9,192902.0,10.29427637217866,217.425,14240.295,control,0,,0,0.0,,,1,0,FUTURE_DC_2023plus
04021,Pinal County,AZ,2022,46908.0,10591907.0,73313.0,11.3,21.4,80.75553568576646,6.4,39.8,13.00514900024756,,,68953.0,3684981018.0,53442.0,108.0,4040.0,3.8,198462.0,12.423127903227732,106.286,14933.467,control,0,,0,0.0,,,1,0,FUTURE_DC_2023plus
04021,Pinal County,AZ,2023,49098.0,11516191.0,77588.0,10.9,22.2,83.71506995745659,5.8,40.3,,,,73626.0,4121951276.0,55985.0,127.0,4581.0,,,14.85185767554697,11.553,803.617,control,0,,0,0.0,,,1,0,FUTURE_DC_2023plus
04021,Pinal County,AZ,2024,50771.0,12744920.0,,,,,,,15.065827787787516,,,77687.0,4518147650.0,58158.0,130.0,5085.0,,,,0.0,0.0,control,0,,0,0.0,,,1,0,FUTURE_DC_2023plus
04025,Yavapai County,AZ,2010,29237.0,6150727.0,43290.0,,23.7,25.761824142987848,7.1,48.1,11.524347482449986,,,53765.0,1787782216.0,33252.0,24.0,5430.0,10.6,96734.0,7.687301812674523,0.0,0.0,control,0,,0,0.0,,,1,0,
04025,Yavapai County,AZ,2011,30534.0,6131099.0,44084.0,,24.2,25.95609040743225,8.8,48.6,11.60841015057988,,,53056.0,1794273205.0,33819.0,23.0,5307.0,9.8,93580.0,7.60496719215002,0.0,0.0,control,0,,0,0.0,,,1,0,
04025,Yavapai County,AZ,2012,31146.0,6045052.0,43652.0,15.3,24.4,26.01050465894329,10.2,49.3,11.96643899640412,,,54200.0,1876529301.0,34622.0,123.0,5294.0,8.6,93162.0,7.528382995921667,0.0,0.0,control,0,,0,0.0,,,1,0,
04025,Yavapai County,AZ,2013,32357.0,6286978.0,42987.0,15.8,24.2,26.095203765367717,10.8,50.1,12.575362232126851,,,55390.0,1953594862.0,35270.0,125.0,5163.0,7.8,92659.0,6.961007888145351,0.0,0.0,control,0,,0,0.0,,,1,0,
04025,Yavapai County,AZ,2014,34272.0,6543792.0,44000.0,16.1,24.9,26.3070746405951,10.9,50.8,12.69757097269688,,,57593.0,2071099637.0,35961.0,132.0,5236.0,6.4,94877.0,7.241348858919853,0.0,0.0,control,0,,0,0.0,,,1,0,
04025,Yavapai County,AZ,2015,35644.0,6551007.0,44748.0,16.0,25.6,26.591087487282824,10.0,51.3,12.860447947000456,,,59769.0,2183557360.0,36533.0,155.0,5324.0,5.6,96735.0,7.1549054656227185,0.0,0.0,control,0,,0,0.0,,,1,0,
04025,Yavapai County,AZ,2016,36834.0,6778705.0,46638.0,14.7,25.5,26.90994022803757,8.5,51.9,13.038774070620956,,,61519.0,2293037791.0,37273.0,104.0,5541.0,5.0,99916.0,7.090832777818927,0.0,0.0,control,0,,0,0.0,,,1,0,
04025,Yavapai County,AZ,2017,39089.0,7229041.0,48259.0,14.7,25.0,27.203678698864145,7.3,52.2,13.491795423389563,,,62951.0,2427787412.0,38566.0,170.0,5635.0,4.6,99348.0,7.32838249507567,0.0,0.0,control,0,,0,0.0,,,1,0,
04025,Yavapai County,AZ,2018,40727.0,7345912.0,50180.0,14.0,25.2,27.655858666737576,6.7,52.9,14.07886112263893,,,64683.0,2584525361.0,39957.0,111.0,5693.0,4.4,101624.0,7.509195304628607,0.0,0.0,control,0,,0,0.0,,,1,0,
04025,Yavapai County,AZ,2019,42739.0,7339475.0,52451.0,13.0,25.9,28.07713823386605,5.7,53.4,13.514333584314418,,,65202.0,2662220247.0,40830.0,147.0,5806.0,4.5,103311.0,7.947489593265272,0.0,0.0,control,0,,0,0.0,,,1,0,
04025,Yavapai County,AZ,2020,46938.0,7493448.0,53329.0,12.6,26.3,28.610077814841844,5.8,54.1,13.150013437091497,,,63197.0,2812012958.0,44496.0,148.0,5922.0,7.4,103882.0,7.9610505911558995,95.586,4963.015,control,0,,0,0.0,,,1,0,
04025,Yavapai County,AZ,2021,50919.0,8204109.0,56170.0,12.5,27.8,28.781568883518045,5.4,54.2,13.345452972232994,,,65496.0,3052416804.0,46605.0,148.0,6322.0,4.3,105074.0,9.51828270769775,323.589,11017.815,control,0,,0,0.0,,,1,0,
04025,Yavapai County,AZ,2022,52023.0,8146124.0,62430.0,12.3,28.7,29.27905302459524,4.9,54.5,13.817983528570643,,,67528.0,3262419219.0,48312.0,142.0,6874.0,3.4,107069.0,11.022451946373767,165.741,9835.706,control,0,,0,0.0,,,1,0,
04025,Yavapai County,AZ,2023,57376.0,8712151.0,66106.0,12.6,29.6,29.7500686949148,4.2,55.0,,,,70562.0,3642942876.0,51627.0,168.0,7287.0,,,12.510578876100205,29.377,705.933,control,0,,0,0.0,,,1,0,
04025,Yavapai County,AZ,2024,60854.0,9153804.0,,,,,,,16.284206869306477,,,71540.0,3910777759.0,54666.0,178.0,7444.0,,,,0.0,0.0,control,0,,0,0.0,,,1,0,
04027,Yuma County,AZ,2010,27794.0,6975181.0,40340.0,,13.3,34.55415266099585,11.1,33.9,11.53380813257249,,,61096.0,1997624580.0,32696.0,,3206.0,25.0,92909.0,3.4128265759271006,0.0,0.0,control,0,,0,0.0,,,1,0,
04027,Yuma County,AZ,2011,28566.0,6835633.0,41441.0,,13.9,35.18329700654971,11.7,33.8,11.606604595717275,,,61757.0,2050135926.0,33197.0,,3159.0,24.1,92260.0,3.524304809386685,0.0,0.0,control,0,,0,0.0,,,1,0,
04027,Yuma County,AZ,2012,28317.0,6377496.0,41156.0,21.4,14.2,35.62309955424878,13.0,33.6,11.956928486315498,,,63283.0,2116510195.0,33445.0,,3156.0,23.9,94613.0,3.525341984009646,0.0,0.0,control,0,,0,0.0,,,1,0,
04027,Yuma County,AZ,2013,30044.0,6742205.0,41595.0,20.2,14.3,36.09572860138437,13.6,33.4,12.583090009122314,,,63156.0,2137668193.0,33847.0,,3074.0,25.6,95948.0,3.688721676897401,0.0,0.0,control,0,,0,0.0,,,1,0,
04027,Yuma County,AZ,2014,29777.0,6534884.0,41380.0,20.7,14.0,36.53589387283413,13.4,33.6,12.769139171074384,,,63993.0,2209810347.0,34532.0,,3111.0,22.9,93996.0,3.525154825690627,0.0,0.0,control,0,,0,0.0,,,1,0,
04027,Yuma County,AZ,2015,31989.0,6925399.0,40743.0,20.7,14.4,36.81410298960543,13.1,33.8,12.928373665674442,,,64828.0,2302423763.0,35516.0,,3105.0,21.8,94249.0,3.2852575098461667,0.0,0.0,control,0,,0,0.0,,,1,0,
04027,Yuma County,AZ,2016,33075.0,7284916.0,41467.0,20.5,14.4,36.869418361584074,12.5,34.0,13.105412863293498,,,66432.0,2379464040.0,35818.0,,3156.0,19.1,94671.0,3.208850889928483,0.0,0.0,control,0,,0,0.0,,,1,0,
04027,Yuma County,AZ,2017,34851.0,7543432.0,43253.0,19.7,14.3,37.04878525629516,10.9,34.1,13.566252442541604,,,66371.0,2521530374.0,37992.0,12.0,3199.0,17.2,93326.0,3.040744137298572,0.0,0.0,control,0,,0,0.0,,,1,0,
04027,Yuma County,AZ,2018,35304.0,7522243.0,44058.0,20.1,14.8,37.692257190000866,9.9,34.3,14.149837620941044,,,67639.0,2658141277.0,39299.0,8.0,3217.0,16.9,94341.0,2.626731078904992,0.0,0.0,control,0,,0,0.0,,,1,0,
04027,Yuma County,AZ,2019,36950.0,7714421.0,45243.0,19.4,15.0,37.98950930368285,10.0,34.6,13.593321514127917,,,68455.0,2765143449.0,40393.0,,3296.0,16.6,97017.0,2.4243743756563614,0.0,0.0,control,0,,0,0.0,,,1,0,
04027,Yuma County,AZ,2020,42177.0,7611986.0,48790.0,18.2,15.4,38.43620360264484,8.6,34.8,13.24378032470574,,,65963.0,2949242198.0,44711.0,,3319.0,17.1,95258.0,3.5041163183944506,247.771,13064.525,control,0,,0,0.0,,,1,0,
04027,Yuma County,AZ,2021,44513.0,7864068.0,52563.0,18.3,15.7,36.80630442896582,8.4,34.8,13.451652666452516,,,67876.0,3197223109.0,47104.0,,3481.0,13.1,93520.0,4.802190563527634,221.036,8121.527,control,0,,0,0.0,,,1,0,
04027,Yuma County,AZ,2022,44828.0,8198536.0,56439.0,17.5,16.4,37.06565191070177,8.3,35.3,13.86554657724528,,,70648.0,3479527025.0,49252.0,,3771.0,12.5,97522.0,5.87054496477414,116.008,12181.336,control,0,,0,0.0,,,1,0,
04027,Yuma County,AZ,2023,46666.0,8560165.0,60417.0,16.5,16.7,37.666141079951935,8.1,35.8,,,,71370.0,3702957614.0,51884.0,,3959.0,,,6.71943801063911,16.232,717.532,control,0,,0,0.0,,,1,0,
04027,Yuma County,AZ,2024,47582.0,8887417.0,,,,,,,16.45035592806813,,,71978.0,3877647657.0,53873.0,,3988.0,,,,0.0,0.0,control,0,,0,0.0,,,1,0,
06001,Alameda County,CA,2010,47624.0,97503433.0,69384.0,,40.3,2004.143942331944,8.5,36.2,15.727788357416248,,,630343.0,38561384582.0,61175.0,2123.0,54132.0,11.2,782680.0,5.113099155384531,0.0,0.0,treated,1,2006.0,1,4.0,Apple,Apple,0,1,ALWAYS_TREATED;HUGE_METRO
06001,Alameda County,CA,2011,50425.0,99901787.0,70821.0,,40.8,2027.0549533399687,9.2,36.4,15.30289528647508,,,634983.0,39539989522.0,62269.0,2059.0,55990.0,10.3,785124.0,5.1519020839268235,0.0,0.0,treated,1,2006.0,1,5.0,Apple,Apple,0,1,ALWAYS_TREATED;HUGE_METRO
06001,Alameda County,CA,2012,52286.0,103075886.0,71516.0,12.0,41.1,2054.5275553181045,9.9,36.6,15.600610014484198,,,658708.0,41931951465.0,63658.0,2432.0,54225.0,8.8,796456.0,5.237621764943224,0.0,0.0,treated,1,2006.0,1,6.0,Apple,Apple,0,1,ALWAYS_TREATED;HUGE_METRO
06001,Alameda County,CA,2013,54120.0,106957044.0,72112.0,12.5,41.8,2081.7994689895886,10.3,36.8,17.003542653057767,,,677978.0,43074236141.0,63533.0,2699.0,54891.0,7.3,799847.0,5.452898263249234,0.0,0.0,treated,1,2006.0,1,7.0,Apple,Apple,0,1,ALWAYS_TREATED;HUGE_METRO
06001,Alameda County,CA,2014,56999.0,111256132.0,73775.0,12.9,42.1,2114.424878841215,9.6,36.9,16.717276340376646,,,698536.0,45916774437.0,65733.0,3256.0,56780.0,5.9,806326.0,5.559032108620506,0.0,0.0,treated,1,2006.0,1,8.0,Apple,Apple,0,1,ALWAYS_TREATED;HUGE_METRO
06001,Alameda County,CA,2015,61610.0,119277959.0,75619.0,12.5,43.0,2149.2402320390747,8.3,37.1,18.012591257711126,,,728995.0,50148570433.0,68791.0,4020.0,58771.0,4.8,819008.0,5.606063977127982,0.0,0.0,treated,1,2006.0,1,9.0,Apple,Apple,0,1,ALWAYS_TREATED;HUGE_METRO
06001,Alameda County,CA,2016,65209.0,123298691.0,79831.0,12.0,43.9,2176.677577963339,7.1,37.2,19.916350227173787,,,751599.0,53035088461.0,70563.0,7881.0,60608.0,4.3,831827.0,5.955122194797952,0.0,0.0,treated,1,2006.0,1,10.0,Apple,Apple,0,1,ALWAYS_TREATED;HUGE_METRO
06001,Alameda County,CA,2017,69254.0,130430017.0,85743.0,11.3,44.7,2209.7613165152916,6.0,37.3,21.15739148714661,,,771652.0,57018137454.0,73891.0,8403.0,62447.0,3.7,838175.0,6.028574500649783,0.0,0.0,treated,1,2006.0,1,11.0,Apple,Apple,0,1,ALWAYS_TREATED;HUGE_METRO
06001,Alameda County,CA,2018,74192.0,135481671.0,92574.0,10.6,46.0,2228.8606056990056,5.1,37.4,22.18968191341521,,,786038.0,59918321510.0,76228.0,8666.0,64280.0,3.1,841578.0,6.2702334965045905,0.0,0.0,treated,1,2006.0,1,12.0,Apple,Apple,0,1,ALWAYS_TREATED;HUGE_METRO
06001,Alameda County,CA,2019,79984.0,139438051.0,99406.0,9.9,47.4,2246.561856746517,4.6,37.6,22.316966295688367,,,793213.0,63132769266.0,79591.0,9290.0,65435.0,3.0,841545.0,6.445956713190033,0.0,0.0,treated,1,2006.0,1,13.0,Apple,Apple,0,1,ALWAYS_TREATED;HUGE_METRO
06001,Alameda County,CA,2020,88182.0,136209080.0,104888.0,9.3,48.7,2253.1113467541377,4.7,37.8,23.590741064527112,,,731316.0,64577584110.0,88303.0,9569.0,66075.0,8.9,818093.0,10.97899762470903,39.656,3115.188,treated,1,2006.0,1,14.0,Apple,Apple,0,1,ALWAYS_TREATED;HUGE_METRO
06001,Alameda County,CA,2021,98657.0,145824780.0,112017.0,8.9,49.6,2268.7718146833327,5.0,38.0,25.773670396092033,,,754951.0,69755749224.0,92398.0,8866.0,66675.0,6.1,811171.0,16.36108867513523,53.538,5161.901,treated,1,2006.0,1,15.0,Apple,Apple,0,1,ALWAYS_TREATED;HUGE_METRO
06001,Alameda County,CA,2022,100110.0,148762514.0,122488.0,9.2,50.9,2256.1474353932813,4.9,38.4,30.802386844657505,,,787020.0,73227737151.0,93044.0,7475.0,68362.0,3.4,819817.0,20.604670221085495,33.258,15237.326,treated,1,2006.0,1,16.0,Apple,Apple,0,1,ALWAYS_TREATED;HUGE_METRO
06001,Alameda County,CA,2023,104460.0,147576503.0,126240.0,9.2,51.5,2240.046266790696,5.2,38.7,,,,793089.0,75129782205.0,94731.0,7494.0,69529.0,,,23.225850013685104,6.7,886.855,treated,1,2006.0,1,17.0,Apple,Apple,0,1,ALWAYS_TREATED;HUGE_METRO
06001,Alameda County,CA,2024,111268.0,149073515.0,,,,,,,39.32580605522698,,,790358.0,77475630674.0,98026.0,7422.0,73285.0,,,,0.0,0.0,treated,1,2006.0,1,18.0,Apple,Apple,0,1,ALWAYS_TREATED;HUGE_METRO
06013,Contra Costa County,CA,2010,53630.0,70521397.0,78385.0,,38.2,1429.442803959667,8.2,38.1,15.747973870699305,,,313615.0,18049324630.0,57552.0,481.0,29151.0,11.2,525745.0,5.592401067131454,0.0,0.0,control,0,,0,0.0,,,1,0,FUTURE_DC_2023plus
06013,Contra Costa County,CA,2011,57220.0,61420189.0,79135.0,,38.4,1447.586860065641,9.5,38.3,15.31920739367865,,,315064.0,18634819106.0,59146.0,469.0,29871.0,10.5,528506.0,5.595302131857524,0.0,0.0,control,0,,0,0.0,,,1,0,FUTURE_DC_2023plus
06013,Contra Costa County,CA,2012,61049.0,61886376.0,78187.0,10.2,38.6,1467.4354085272043,10.1,38.5,15.616536634238974,,,323484.0,19455110621.0,60142.0,328.0,28785.0,9.1,534520.0,5.6388731121588265,0.0,0.0,control,0,,0,0.0,,,1,0,FUTURE_DC_2023plus
06013,Contra Costa County,CA,2013,60376.0,63560918.0,78756.0,10.5,39.0,1486.6102501084488,10.4,38.6,17.02488574800114,,,332623.0,20241658119.0,60855.0,310.0,28785.0,7.6,536032.0,5.74036247415243,0.0,0.0,control,0,,0,0.0,,,1,0,FUTURE_DC_2023plus
06013,Contra Costa County,CA,2014,62371.0,68227043.0,79799.0,10.7,39.4,1508.1437631899394,9.8,38.7,16.728848864120632,,,339281.0,21008403382.0,61920.0,163.0,29524.0,6.2,538458.0,5.903325927727331,0.0,0.0,control,0,,0,0.0,,,1,0,FUTURE_DC_2023plus
06013,Contra Costa County,CA,2015,67047.0,69109358.0,80185.0,10.9,39.6,1528.8375836379894,8.8,38.8,18.031265379514576,,,346862.0,22127019969.0,63792.0,328.0,30419.0,5.1,544617.0,5.832696260466317,0.0,0.0,control,0,,0,0.0,,,1,0,FUTURE_DC_2023plus
06013,Contra Costa County,CA,2016,70257.0,68870149.0,82881.0,10.2,40.3,1545.376180904943,7.7,39.1,19.941262474803622,,,359242.0,23418019657.0,65187.0,388.0,31198.0,4.5,553221.0,5.872643558335505,0.0,0.0,control,0,,0,0.0,,,1,0,FUTURE_DC_2023plus
06013,Contra Costa County,CA,2017,74770.0,71697154.0,88456.0,9.8,40.7,1567.3490680388156,6.9,39.2,21.181207657210525,,,366720.0,24651313816.0,67221.0,314.0,31820.0,3.9,557869.0,6.265548040802673,0.0,0.0,control,0,,0,0.0,,,1,0,FUTURE_DC_2023plus
06013,Contra Costa County,CA,2018,78509.0,75806177.0,93712.0,9.1,41.7,1580.6962753633902,6.1,39.4,22.216149340730738,,,368450.0,25424692957.0,69004.0,379.0,32671.0,3.2,560322.0,6.5826338416962695,0.0,0.0,control,0,,0,0.0,,,1,0,FUTURE_DC_2023plus
06013,Contra Costa County,CA,2019,80354.0,78683211.0,99716.0,8.7,42.4,1593.2553990702008,5.3,39.7,22.349103734200582,,,369280.0,26177240915.0,70887.0,448.0,33482.0,3.1,559971.0,6.633650271136126,0.0,0.0,control,0,,0,0.0,,,1,0,FUTURE_DC_2023plus
06013,Contra Costa County,CA,2020,87843.0,71214946.0,103997.0,8.2,43.3,1600.978618524289,5.5,39.9,23.64544563837168,,,340559.0,26562151953.0,77996.0,424.0,34370.0,9.0,546310.0,9.93238551222543,29.328,3562.877,control,0,,0,0.0,,,1,0,FUTURE_DC_2023plus
06013,Contra Costa County,CA,2021,94780.0,77298326.0,110455.0,8.2,44.1,1620.304102637779,5.8,39.9,25.864447053974015,,,350476.0,28347270991.0,80882.0,333.0,35139.0,6.4,542794.0,14.302050815123136,64.609,6269.9,control,0,,0,0.0,,,1,0,FUTURE_DC_2023plus
06013,Contra Costa County,CA,2022,96617.0,75553609.0,120020.0,8.3,44.5,1621.7059150906157,5.8,40.1,30.980032476568223,,,367582.0,30263732817.0,82332.0,955.0,36591.0,3.6,547625.0,16.97547228477815,37.557,15239.995,control,0,,0,0.0,,,1,0,FUTURE_DC_2023plus
06013,Contra Costa County,CA,2023,102184.0,76030393.0,125727.0,8.3,44.9,1620.0460575593956,5.9,40.3,,,,369761.0,30985179058.0,83798.0,981.0,37540.0,,,19.192092188097178,5.866,919.85,control,0,,0,0.0,,,1,0,FUTURE_DC_2023plus
06013,Contra Costa County,CA,2024,108259.0,76853439.0,,,,,,,39.61787219372227,,,373992.0,32250783208.0,86234.0,1011.0,39474.0,,,,0.0,0.0,control,0,,0,0.0,,,1,0,FUTURE_DC_2023plus
06019,Fresno County,CA,2010,31181.0,36233066.0,46430.0,,19.7,152.52963765504836,11.4,30.4,14.988995317192142,,,329941.0,12174985428.0,36901.0,204.0,29886.0,17.1,440562.0,3.713392839370665,0.0,0.0,control,0,,0,0.0,,,1,0,MINOR_COLO
06019,Fresno County,CA,2011,32667.0,36625059.0,46903.0,,19.5,154.50886591211074,12.7,30.6,14.882462547056054,,,332339.0,12473643006.0,37533.0,207.0,30773.0,16.8,443250.0,3.7194312904627913,0.0,0.0,control,0,,0,0.0,,,1,0,MINOR_COLO
06019,Fresno County,CA,2012,33284.0,35489475.0,45741.0,24.8,19.4,156.16938353912462,14.0,30.7,15.7996876034224,,,338684.0,12841365379.0,37915.0,205.0,29192.0,15.4,439492.0,3.953784460284603,0.0,0.0,control,0,,0,0.0,,,1,0,MINOR_COLO
06019,Fresno County,CA,2013,34420.0,36916197.0,45563.0,26.0,19.6,157.69462956644446,14.5,30.9,16.79261436066104,,,349193.0,13318693380.0,38141.0,227.0,29612.0,13.4,436620.0,4.028500959166895,0.0,0.0,control,0,,0,0.0,,,1,0,MINOR_COLO
06019,Fresno County,CA,2014,36379.0,38105306.0,45201.0,27.4,19.5,159.24521803986082,14.3,31.2,16.58125091021024,,,354646.0,13946312469.0,39325.0,,30814.0,11.7,437617.0,3.995553879438677,0.0,0.0,control,0,,0,0.0,,,1,0,MINOR_COLO
06019,Fresno County,CA,2015,38288.0,39852017.0,45233.0,26.8,19.4,160.57192026762965,13.2,31.4,17.278579916821844,,,364788.0,14879831589.0,40790.0,,32063.0,10.3,440308.0,4.160005772774706,0.0,0.0,control,0,,0,0.0,,,1,0,MINOR_COLO
06019,Fresno County,CA,2016,39065.0,41390488.0,45963.0,26.9,19.7,161.6478833267348,11.9,31.6,17.892783688890365,,,374939.0,15657982463.0,41761.0,,33353.0,9.5,444737.0,4.3771171822155335,0.0,0.0,control,0,,0,0.0,,,1,0,MINOR_COLO
06019,Fresno County,CA,2017,39594.0,42568888.0,48730.0,25.4,20.1,163.06706030814064,10.4,31.8,18.790299508216897,,,381997.0,16382245168.0,42886.0,274.0,34853.0,8.6,444452.0,4.281694746307543,0.0,0.0,control,0,,0,0.0,,,1,0,MINOR_COLO
06019,Fresno County,CA,2018,40602.0,43779278.0,51261.0,24.1,20.7,164.16030993643747,9.4,32.0,18.89770942192223,,,390344.0,17212682908.0,44096.0,294.0,36234.0,7.6,446175.0,4.288074341765617,0.0,0.0,control,0,,0,0.0,,,1,0,MINOR_COLO
06019,Fresno County,CA,2019,42636.0,45018790.0,53969.0,22.5,21.2,165.23291638016556,8.7,32.2,18.590993136257076,,,400030.0,18280407380.0,45698.0,222.0,37556.0,7.3,450560.0,4.549279863731365,0.0,0.0,control,0,,0,0.0,,,1,0,MINOR_COLO
06019,Fresno County,CA,2020,48320.0,44426283.0,57109.0,20.8,22.0,166.18669863954702,8.9,32.4,20.29044248796432,,,379595.0,18757673397.0,49415.0,176.0,38366.0,11.6,445633.0,5.633724767129636,65.616,6642.824,control,0,,0,0.0,,,1,0,MINOR_COLO
06019,Fresno County,CA,2021,52056.0,46040869.0,61276.0,20.2,22.6,168.35943577309482,8.8,32.6,22.99806306430328,,,392496.0,20450561257.0,52104.0,113.0,39134.0,9.1,443526.0,6.843637770590687,176.025,9920.256,control,0,,0,0.0,,,1,0,MINOR_COLO
06019,Fresno County,CA,2022,51116.0,46092506.0,67756.0,19.5,23.4,169.22040761730153,8.6,32.8,26.8708205166416,,,412147.0,22234713916.0,53949.0,381.0,40344.0,6.5,450096.0,8.214604226861493,54.747,15828.916,control,0,,0,0.0,,,1,0,MINOR_COLO
06019,Fresno County,CA,2023,53386.0,47853165.0,71434.0,18.7,23.9,169.87024835429344,8.5,33.2,,,,418515.0,23468479171.0,56076.0,361.0,41374.0,,,9.460999600740443,9.345,1194.591,control,0,,0,0.0,,,1,0,MINOR_COLO
06019,Fresno County,CA,2024,57584.0,49888249.0,,,,,,,35.05796487680451,,,427076.0,24729486106.0,57904.0,343.0,44409.0,,,,0.0,0.0,control,0,,0,0.0,,,1,0,MINOR_COLO
06085,Santa Clara County,CA,2010,60861.0,169942756.0,86850.0,,45.3,1347.2368955079608,7.8,35.8,15.674452574510653,,,842581.0,75327919382.0,89401.0,22929.0,60389.0,10.7,926868.0,4.540204819071613,0.0,0.0,treated,1,2009.0,1,1.0,AWS,AWS;Oracle,0,1,ALWAYS_TREATED;MULTIPLE_OPERATORS;HUGE_METRO
06085,Santa Clara County,CA,2011,65675.0,185699289.0,89064.0,,45.5,1365.3286695520972,8.6,36.0,15.257295093679954,,,866541.0,82170032906.0,94825.0,25874.0,62561.0,9.5,937871.0,4.58964208858543,0.0,0.0,treated,1,2009.0,1,2.0,AWS,AWS;Oracle,0,1,ALWAYS_TREATED;MULTIPLE_OPERATORS;HUGE_METRO
06085,Santa Clara County,CA,2012,71676.0,194880453.0,90747.0,9.7,46.0,1385.1871760474144,9.3,36.2,15.549720823981442,,,903053.0,86622165054.0,95921.0,27479.0,61953.0,8.0,955979.0,4.7282625573012345,0.0,0.0,treated,1,2009.0,1,3.0,AWS,AWS;Oracle,0,1,ALWAYS_TREATED;MULTIPLE_OPERATORS;HUGE_METRO
06085,Santa Clara County,CA,2013,71578.0,215704205.0,91702.0,10.2,46.5,1403.6329162161408,9.7,36.4,16.937056487031228,,,938114.0,92475629194.0,98576.0,35019.0,62755.0,6.6,968154.0,4.675838461128451,0.0,0.0,treated,1,2009.0,1,4.0,AWS,AWS;Oracle,0,1,ALWAYS_TREATED;MULTIPLE_OPERATORS;HUGE_METRO
06085,Santa Clara County,CA,2014,77043.0,231420668.0,93854.0,9.9,47.3,1426.3742715423627,8.8,36.6,16.64978338376149,,,973668.0,102606999591.0,105382.0,41412.0,65277.0,5.2,987613.0,4.64107968985669,0.0,0.0,treated,1,2009.0,1,5.0,AWS,AWS;Oracle,0,1,ALWAYS_TREATED;MULTIPLE_OPERATORS;HUGE_METRO
06085,Santa Clara County,CA,2015,83758.0,252061614.0,96310.0,9.5,47.9,1446.9616229462993,7.7,36.8,17.932720435446686,,,1017071.0,115325372474.0,113390.0,49039.0,67491.0,4.2,1012215.0,4.577634394148156,0.0,0.0,treated,1,2009.0,1,6.0,AWS,AWS;Oracle,0,1,ALWAYS_TREATED;MULTIPLE_OPERATORS;HUGE_METRO
06085,Santa Clara County,CA,2016,90091.0,267404250.0,101173.0,9.3,49.1,1460.0568204702404,6.6,36.8,19.817855232134427,,,1046049.0,123484418547.0,118048.0,47500.0,69708.0,3.8,1027918.0,4.716958382293622,0.0,0.0,treated,1,2009.0,1,7.0,AWS,AWS;Oracle,0,1,ALWAYS_TREATED;MULTIPLE_OPERATORS;HUGE_METRO
06085,Santa Clara County,CA,2017,97638.0,280510581.0,106761.0,8.6,50.0,1480.326609267871,5.7,37.0,21.035251841692467,,,1071448.0,135760289557.0,126707.0,54300.0,71605.0,3.2,1037356.0,4.826976086021597,0.0,0.0,treated,1,2009.0,1,8.0,AWS,AWS;Oracle,0,1,ALWAYS_TREATED;MULTIPLE_OPERATORS;HUGE_METRO
06085,Santa Clara County,CA,2018,106551.0,302411788.0,116178.0,7.9,51.3,1488.8264435156814,4.8,37.0,22.032423506164537,,,1098089.0,147873406271.0,134664.0,58621.0,73083.0,2.6,1042538.0,5.031493936710689,0.0,0.0,treated,1,2009.0,1,9.0,AWS,AWS;Oracle,0,1,ALWAYS_TREATED;MULTIPLE_OPERATORS;HUGE_METRO
06085,Santa Clara County,CA,2019,112573.0,317006327.0,124055.0,7.5,52.4,1492.908284821127,4.3,37.1,22.07708605609984,,,1119639.0,154816070491.0,138273.0,57279.0,74494.0,2.5,1048756.0,5.033960695162553,0.0,0.0,treated,1,2009.0,1,10.0,AWS,AWS;Oracle,0,1,ALWAYS_TREATED;MULTIPLE_OPERATORS;HUGE_METRO
06085,Santa Clara County,CA,2020,122266.0,337104548.0,130890.0,7.2,53.5,1490.5141725867566,4.2,37.2,23.305984050756106,,,1051175.0,170929137859.0,162608.0,61098.0,75258.0,7.1,1023652.0,9.736401333776143,36.836,3625.426,treated,1,2009.0,1,11.0,AWS,AWS;Oracle,0,1,ALWAYS_TREATED;MULTIPLE_OPERATORS;HUGE_METRO
06085,Santa Clara County,CA,2021,145029.0,379796062.0,140258.0,6.7,54.4,1496.434004294066,4.5,37.5,25.435903661834207,,,1070603.0,198332136569.0,185253.0,61951.0,75976.0,4.8,1010149.0,15.5102520235937,65.371,5018.496,treated,1,2009.0,1,12.0,AWS,AWS;Oracle,0,1,ALWAYS_TREATED;MULTIPLE_OPERATORS;HUGE_METRO
06085,Santa Clara County,CA,2022,141894.0,368006717.0,153792.0,6.9,55.3,1484.6679224589568,4.4,37.7,30.34027689937131,,,1117310.0,187497533152.0,167812.0,12625.0,77495.0,2.7,1031488.0,19.461220573143866,32.011,16384.431,treated,1,2009.0,1,13.0,AWS,AWS;Oracle,0,1,ALWAYS_TREATED;MULTIPLE_OPERATORS;HUGE_METRO
06085,Santa Clara County,CA,2023,149429.0,376220683.0,159674.0,6.9,55.9,1474.185258279089,4.5,37.9,,,,1119710.0,195606022735.0,174694.0,14440.0,79372.0,,,21.852307096811387,7.938,894.904,treated,1,2009.0,1,14.0,AWS,AWS;Oracle,0,1,ALWAYS_TREATED;MULTIPLE_OPERATORS;HUGE_METRO
06085,Santa Clara County,CA,2024,157620.0,399159581.0,,,,,,,38.76162231694307,,,1116581.0,220014308093.0,197043.0,14316.0,83418.0,,,,0.0,0.0,treated,1,2009.0,1,15.0,AWS,AWS;Oracle,0,1,ALWAYS_TREATED;MULTIPLE_OPERATORS;HUGE_METRO
13015,Bartow County,GA,2010,28542.0,4788049.0,49216.0,,16.5,212.29263317999863,7.2,36.1,10.282070885038202,,,30448.0,1109477461.0,36438.0,,2044.0,12.3,47979.0,2.18978102189781,0.0,0.0,control,0,,0,0.0,,,1,0,FUTURE_DC_2023plus
13015,Bartow County,GA,2011,30446.0,4559641.0,49060.0,,16.7,215.5220316010364,8.6,36.2,11.75136532279742,,,31410.0,1159341774.0,36910.0,,2030.0,11.4,47656.0,2.523124720502742,0.0,0.0,control,0,,0,0.0,,,1,0,FUTURE_DC_2023plus
13015,Bartow County,GA,2012,31339.0,4193857.0,49543.0,16.0,16.2,217.6292031753572,10.2,36.7,11.514442421652957,,,31357.0,1196274829.0,38150.0,,2049.0,9.8,47254.0,2.9061649508933853,0.0,0.0,control,0,,0,0.0,,,1,0,FUTURE_DC_2023plus
13015,Bartow County,GA,2013,31440.0,4323814.0,47197.0,17.1,15.9,218.7405346157953,11.3,36.7,11.841417605598885,,,31393.0,1230236928.0,39188.0,,2089.0,8.6,46991.0,3.1324146195326543,0.0,0.0,control,0,,0,0.0,,,1,0,FUTURE_DC_2023plus
13015,Bartow County,GA,2014,33297.0,4734216.0,48306.0,16.3,17.3,219.5881972242863,10.5,37.2,12.161961223056744,,,32602.0,1310520811.0,40198.0,,2127.0,7.2,46539.0,3.5267825965500386,0.0,0.0,control,0,,0,0.0,,,1,0,FUTURE_DC_2023plus
13015,Bartow County,GA,2015,34721.0,4522929.0,48893.0,15.8,17.8,220.81937813379125,8.8,37.4,11.941413269451903,,,34328.0,1425011877.0,41512.0,,2190.0,6.0,46322.0,4.015835817160019,0.0,0.0,control,0,,0,0.0,,,1,0,FUTURE_DC_2023plus
13015,Bartow County,GA,2016,35876.0,4876276.0,50565.0,14.8,18.5,222.13990137478237,7.7,37.4,11.87256531195675,,,35317.0,1494645412.0,42321.0,,2257.0,5.2,48194.0,5.061819482639121,0.0,0.0,control,0,,0,0.0,,,1,0,FUTURE_DC_2023plus
13015,Bartow County,GA,2017,36770.0,4889399.0,52393.0,14.2,19.4,223.62385570995556,6.0,37.5,12.196983292287824,,,36722.0,1569356084.0,42737.0,,2163.0,4.7,50051.0,5.278375616861236,0.0,0.0,control,0,,0,0.0,,,1,0,FUTURE_DC_2023plus
13015,Bartow County,GA,2018,38145.0,4983012.0,55452.0,13.2,19.5,225.79639972194923,5.6,37.9,11.522920342281326,,,38736.0,1717917481.0,44349.0,,2192.0,3.8,50425.0,5.670004464570445,0.0,0.0,control,0,,0,0.0,,,1,0,FUTURE_DC_2023plus
13015,Bartow County,GA,2019,40218.0,5026691.0,57423.0,14.0,18.6,228.6270262731827,4.7,38.1,11.917047617941746,,,40880.0,1830957075.0,44788.0,,2273.0,3.4,50995.0,5.705788635156665,0.0,0.0,control,0,,0,0.0,,,1,0,FUTURE_DC_2023plus
13015,Bartow County,GA,2020,43599.0,5006093.0,61226.0,12.6,19.8,231.9762741632873,5.8,38.2,12.212552880291158,,,39740.0,1866717461.0,46973.0,,2416.0,6.2,50054.0,6.789296969946649,123.905,7578.227,control,0,,0,0.0,,,1,0,FUTURE_DC_2023plus
13015,Bartow County,GA,2021,47612.0,5283682.0,65559.0,12.0,19.8,235.05313689642173,5.6,38.2,12.939048308422953,,,41213.0,2034217963.0,49358.0,,2579.0,3.5,51121.0,8.009418068889927,234.467,14298.649,control,0,,0,0.0,,,1,0,FUTURE_DC_2023plus
13015,Bartow County,GA,2022,49283.0,5514455.0,74812.0,10.8,21.0,238.4132801928051,5.5,38.2,14.679638560202012,,,42582.0,2236992938.0,52534.0,28.0,2807.0,3.0,52182.0,8.99711343423311,95.312,11102.851,control,0,,0,0.0,,,1,0,FUTURE_DC_2023plus
13015,Bartow County,GA,2023,51159.0,6127036.0,79431.0,10.1,22.9,242.21141882159645,4.6,38.0,,,,44708.0,2451259867.0,54829.0,23.0,2926.0,,,10.22133938706016,12.391,953.116,control,0,,0,0.0,,,1,0,FUTURE_DC_2023plus
13015,Bartow County,GA,2024,53357.0,6649961.0,,,,,,,14.92920926689368,,,46472.0,2679584564.0,57660.0,23.0,2982.0,,,,0.0,0.0,control,0,,0,0.0,,,1,0,FUTURE_DC_2023plus
13097,Douglas County,GA,2010,29134.0,3528971.0,55852.0,,23.7,638.5593940181275,10.6,34.5,10.251717030423212,,,37301.0,1163161817.0,31183.0,,2637.0,11.4,66764.0,3.799931129476584,0.0,0.0,treated,1,2003.0,1,7.0,Google,Google,0,1,ALWAYS_TREATED
13097,Douglas County,GA,2011,30503.0,3439719.0,54763.0,,24.2,651.9151785268165,12.3,34.8,11.806691594057504,,,36103.0,1171008242.0,32435.0,25.0,2611.0,10.8,66842.0,4.536156900493322,0.0,0.0,treated,1,2003.0,1,8.0,Google,Google,0,1,ALWAYS_TREATED
13097,Douglas County,GA,2012,30864.0,3549794.0,54526.0,13.4,24.8,660.164486504312,12.9,35.0,11.528018084755814,,,36659.0,1211637787.0,33052.0,21.0,2649.0,9.5,66743.0,4.563646759187068,0.0,0.0,treated,1,2003.0,1,9.0,Google,Google,0,1,ALWAYS_TREATED
13097,Douglas County,GA,2013,30983.0,3777712.0,52691.0,16.1,24.4,666.9697908443175,13.2,35.3,11.917220165579554,,,37793.0,1288770603.0,34100.0,9.0,2690.0,8.5,67225.0,5.321126178839402,0.0,0.0,treated,1,2003.0,1,10.0,Google,Google,0,1,ALWAYS_TREATED
13097,Douglas County,GA,2014,32020.0,3939353.0,52997.0,16.2,24.5,674.719443583927,11.5,35.6,12.273599380048717,,,38913.0,1359571536.0,34939.0,9.0,2707.0,7.4,67571.0,4.944650709189522,0.0,0.0,treated,1,2003.0,1,11.0,Google,Google,0,1,ALWAYS_TREATED
13097,Douglas County,GA,2015,32999.0,4042952.0,53881.0,16.4,26.0,682.1293307617743,10.5,35.9,12.0659761712306,,,39841.0,1417276663.0,35573.0,7.0,2796.0,6.5,67568.0,5.13546166194992,0.0,0.0,treated,1,2003.0,1,12.0,Google,Google,0,1,ALWAYS_TREATED
13097,Douglas County,GA,2016,33833.0,4323291.0,57384.0,15.2,26.1,690.938252605702,9.0,36.1,11.989431763830154,,,41519.0,1498449709.0,36090.0,,2846.0,5.6,70232.0,4.8563828102733,0.0,0.0,treated,1,2003.0,1,13.0,Google,Google,0,1,ALWAYS_TREATED
13097,Douglas County,GA,2017,34736.0,4514446.0,59333.0,14.2,26.7,700.2768090017887,7.9,36.3,12.251923624234582,,,42120.0,1593404939.0,37830.0,,2598.0,4.9,72751.0,4.779096805776526,0.0,0.0,treated,1,2003.0,1,14.0,Google,Google,0,1,ALWAYS_TREATED
13097,Douglas County,GA,2018,35959.0,4665636.0,62147.0,13.1,27.1,708.710989417302,6.9,36.4,11.569743279701727,,,44414.0,1751976191.0,39447.0,,2623.0,4.2,73165.0,5.3335127618534965,0.0,0.0,treated,1,2003.0,1,15.0,Google,Google,0,1,ALWAYS_TREATED
13097,Douglas County,GA,2019,37223.0,4836701.0,63835.0,12.8,28.2,716.0859007284973,6.6,36.5,11.991991371353492,,,45715.0,1858816116.0,40661.0,,2699.0,3.7,73479.0,5.8290268897258475,0.0,0.0,treated,1,2003.0,1,16.0,Google,Google,0,1,ALWAYS_TREATED
13097,Douglas County,GA,2020,40890.0,4806999.0,67651.0,11.5,28.1,724.8148777343632,6.7,36.6,12.284494448849337,,,42090.0,1881151684.0,44694.0,,2877.0,7.3,72454.0,7.45358825159324,76.056,5766.279,treated,1,2003.0,1,17.0,Google,Google,0,1,ALWAYS_TREATED
13097,Douglas County,GA,2021,43914.0,5237240.0,67731.0,12.2,29.4,717.1051974137845,6.7,36.7,13.073900431121984,,,43867.0,2097903141.0,47824.0,79.0,3128.0,4.3,73771.0,9.504015676726889,142.343,12787.826,treated,1,2003.0,1,18.0,Google,Google,0,1,ALWAYS_TREATED
13097,Douglas County,GA,2022,43722.0,5578283.0,76930.0,11.6,29.9,723.1760085540976,6.6,36.7,14.955948092007706,,,48009.0,2502237459.0,52120.0,29.0,3396.0,3.4,74978.0,12.051285749311337,97.686,10910.854,treated,1,2003.0,1,19.0,Google,Google,0,1,ALWAYS_TREATED
13097,Douglas County,GA,2023,45406.0,5766135.0,80764.0,11.3,30.8,730.2011611987729,6.1,36.8,,,,50014.0,2707800308.0,54141.0,170.0,3580.0,,,12.679456412149785,6.28,960.814,treated,1,2003.0,1,20.0,Google,Google,0,1,ALWAYS_TREATED
13097,Douglas County,GA,2024,47602.0,6119327.0,,,,,,,15.315312046752751,,,51003.0,2955572310.0,57949.0,186.0,3527.0,,,,0.0,0.0,treated,1,2003.0,1,21.0,Google,Google,0,1,ALWAYS_TREATED
13113,Fayette County,GA,2010,45140.0,3977474.0,82216.0,,41.5,541.4473684210526,5.6,41.4,10.236452771663997,,,36041.0,1386167970.0,38461.0,8.0,3280.0,8.4,53058.0,6.78562708553756,0.0,0.0,control,0,,0,0.0,,,1,0,FUTURE_DC_2023plus
13113,Fayette County,GA,2011,47775.0,4011928.0,81498.0,,41.7,545.3022203947369,7.0,42.0,11.72053550277872,,,36746.0,1454083010.0,39572.0,8.0,3324.0,7.9,53127.0,6.731066939129358,0.0,0.0,control,0,,0,0.0,,,1,0,FUTURE_DC_2023plus
13113,Fayette County,GA,2012,49932.0,4238190.0,81242.0,6.7,42.1,547.5174753289474,8.1,42.3,11.444622647134716,,,37535.0,1502602443.0,40032.0,6.0,3382.0,7.4,53324.0,7.108819783921456,0.0,0.0,control,0,,0,0.0,,,1,0,FUTURE_DC_2023plus
13113,Fayette County,GA,2013,49872.0,4189063.0,79977.0,7.7,42.6,550.4985608552631,9.0,42.7,11.819653255971586,,,38275.0,1515075665.0,39584.0,11.0,3476.0,6.7,53343.0,7.139730253694941,0.0,0.0,control,0,,0,0.0,,,1,0,FUTURE_DC_2023plus
13113,Fayette County,GA,2014,52470.0,4305638.0,79993.0,8.1,43.3,554.7388980263158,8.5,43.2,12.1500763816287,,,38899.0,1510290622.0,38826.0,12.0,3581.0,6.1,53669.0,7.237773889860868,0.0,0.0,control,0,,0,0.0,,,1,0,FUTURE_DC_2023plus
13113,Fayette County,GA,2015,55008.0,4564140.0,79066.0,8.5,43.8,558.4652549342105,7.6,43.3,11.952838836371743,,,40394.0,1631043044.0,40379.0,10.0,3668.0,5.3,53538.0,7.058967958423702,0.0,0.0,control,0,,0,0.0,,,1,0,FUTURE_DC_2023plus
13113,Fayette County,GA,2016,57635.0,4882058.0,81689.0,7.1,45.8,562.7826891447369,6.3,43.5,11.881418557345867,,,42350.0,1744921924.0,41202.0,13.0,3803.0,4.8,55712.0,8.47738432671963,0.0,0.0,control,0,,0,0.0,,,1,0,FUTURE_DC_2023plus
13113,Fayette County,GA,2017,59952.0,4962724.0,84861.0,6.3,46.7,566.9510690789474,5.5,43.5,12.159708730422237,,,43637.0,1868337647.0,42816.0,15.0,3541.0,4.1,57532.0,8.545903373692253,0.0,0.0,control,0,,0,0.0,,,1,0,FUTURE_DC_2023plus
13113,Fayette County,GA,2018,63975.0,5228356.0,87272.0,5.6,46.5,572.4146792763158,5.0,43.5,11.515584050866044,,,44495.0,2008315413.0,45136.0,15.0,3564.0,3.5,57844.0,8.720818430060381,0.0,0.0,control,0,,0,0.0,,,1,0,FUTURE_DC_2023plus
13113,Fayette County,GA,2019,64926.0,5404175.0,90145.0,5.5,46.2,577.2152549342105,3.9,43.4,11.93051219728271,,,45964.0,2146379431.0,46697.0,15.0,3639.0,3.1,58251.0,9.436694870035826,0.0,0.0,control,0,,0,0.0,,,1,0,FUTURE_DC_2023plus
13113,Fayette County,GA,2020,68949.0,5404832.0,93777.0,4.7,46.8,583.59375,4.2,43.4,12.210609741688264,,,43209.0,2142552589.0,49586.0,11.0,3891.0,5.4,56635.0,11.813546149034178,68.565,4303.536,control,0,,0,0.0,,,1,0,FUTURE_DC_2023plus
13113,Fayette County,GA,2021,74682.0,5671287.0,96084.0,5.4,46.2,605.6126644736842,4.1,43.2,12.970752768526028,,,44805.0,2286146540.0,51024.0,11.0,4237.0,2.9,58021.0,12.928178840424154,156.719,9936.511,control,0,,0,0.0,,,1,0,FUTURE_DC_2023plus
13113,Fayette County,GA,2022,73749.0,5980128.0,105910.0,5.3,47.2,612.9677220394736,3.9,43.2,14.808752300914032,,,47393.0,2616248081.0,55204.0,,4640.0,2.7,59436.0,15.549845647632957,104.182,11243.689,control,0,,0,0.0,,,1,0,FUTURE_DC_2023plus
13113,Fayette County,GA,2023,77454.0,6136504.0,108986.0,5.5,48.1,620.3176398026316,3.7,43.3,,,,49125.0,2787770091.0,56749.0,14.0,4855.0,,,17.49131468275736,16.028,1026.687,control,0,,0,0.0,,,1,0,FUTURE_DC_2023plus
13113,Fayette County,GA,2024,81159.0,6218168.0,,,,,,,15.17036765563648,,,49094.0,2885454377.0,58774.0,18.0,4852.0,,,,0.0,0.0,control,0,,0,0.0,,,1,0,FUTURE_DC_2023plus
13115,Floyd County,GA,2010,30231.0,4019164.0,41066.0,,17.9,187.93239063103775,8.6,37.2,10.23781877855941,,,37036.0,1366136051.0,36887.0,,2124.0,12.0,45235.0,2.647343955852743,0.0,0.0,control,0,,0,0.0,,,1,0,BACKFILL
13115,Floyd County,GA,2011,31197.0,4011067.0,43129.0,,18.1,188.26192451712495,10.4,37.4,11.799263092704356,,,36315.0,1378821526.0,37968.0,,2110.0,12.0,44760.0,2.5269668854190237,0.0,0.0,control,0,,0,0.0,,,1,0,BACKFILL
13115,Floyd County,GA,2012,31551.0,3908364.0,41442.0,20.9,18.2,188.70522605436133,11.9,37.7,11.549421178822527,,,36634.0,1406185986.0,38385.0,,2122.0,10.8,44642.0,2.614715495277556,0.0,0.0,control,0,,0,0.0,,,1,0,BACKFILL
13115,Floyd County,GA,2013,31806.0,3823133.0,40821.0,21.0,18.1,188.5934199144389,12.6,38.0,11.924733863521196,,,36833.0,1418768668.0,38519.0,,2134.0,9.4,43712.0,2.6388269548566483,0.0,0.0,control,0,,0,0.0,,,1,0,BACKFILL
13115,Floyd County,GA,2014,33379.0,4011320.0,41046.0,21.4,18.6,188.5914584032122,12.1,38.1,12.292603234365526,,,37776.0,1473133855.0,38997.0,,2129.0,7.9,43217.0,2.643840636615884,0.0,0.0,control,0,,0,0.0,,,1,0,BACKFILL
13115,Floyd County,GA,2015,34754.0,4137921.0,41549.0,21.3,18.6,188.6365731614265,10.9,38.0,12.08751131943752,,,38237.0,1535559522.0,40159.0,,2108.0,6.8,42497.0,3.820012264922322,0.0,0.0,control,0,,0,0.0,,,1,0,BACKFILL
13115,Floyd County,GA,2016,35520.0,4312400.0,42955.0,19.8,19.8,188.69541849822775,9.3,38.3,12.038662523127002,,,38726.0,1581829632.0,40847.0,,2118.0,6.1,43503.0,4.42027891053718,0.0,0.0,control,0,,0,0.0,,,1,0,BACKFILL
13115,Floyd County,GA,2017,36171.0,4173443.0,46096.0,18.1,20.5,189.2289495518928,7.5,38.3,12.311947867984292,,,39170.0,1630437481.0,41624.0,,1965.0,5.3,44645.0,4.755843837963529,0.0,0.0,control,0,,0,0.0,,,1,0,BACKFILL
13115,Floyd County,GA,2018,37446.0,4148705.0,46367.0,19.1,20.4,189.9213630149212,6.3,38.5,11.606657624990724,,,39438.0,1670179523.0,42349.0,,1977.0,4.3,44554.0,4.8108108108108105,0.0,0.0,control,0,,0,0.0,,,1,0,BACKFILL
13115,Floyd County,GA,2019,38731.0,4079777.0,48336.0,18.4,20.9,190.9903866334779,5.4,38.3,12.051337991904209,,,39710.0,1705597985.0,42951.0,,2024.0,4.0,44305.0,4.428870394704823,0.0,0.0,control,0,,0,0.0,,,1,0,BACKFILL
13115,Floyd County,GA,2020,40890.0,3922764.0,50657.0,18.6,21.4,191.8456055283233,5.6,38.4,12.319717588541645,,,37857.0,1717202763.0,45360.0,,2115.0,6.2,43156.0,4.124259639792095,131.459,7921.412,control,0,,0,0.0,,,1,0,BACKFILL
13115,Floyd County,GA,2021,44294.0,4170405.0,52388.0,18.7,20.9,192.6400175751406,4.6,38.1,13.113952065564153,,,38947.0,1875542219.0,48156.0,,2196.0,3.7,43311.0,4.703970169945264,291.674,12909.653,control,0,,0,0.0,,,1,0,BACKFILL
13115,Floyd County,GA,2022,44222.0,4271253.0,57868.0,17.5,22.3,193.28927779118143,4.1,38.0,15.020253793716083,,,39724.0,2017465377.0,50787.0,61.0,2335.0,3.2,44672.0,5.092494900471267,149.945,11524.202,control,0,,0,0.0,,,1,0,BACKFILL
13115,Floyd County,GA,2023,46734.0,4377026.0,62540.0,16.8,24.9,194.16018877584045,4.3,37.8,,,,42761.0,2146382960.0,50195.0,63.0,2456.0,,,6.189295069426737,15.405,856.535,control,0,,0,0.0,,,1,0,BACKFILL
13115,Floyd County,GA,2024,48360.0,4445591.0,,,,,,,15.332529298668025,,,43894.0,2184613218.0,49770.0,65.0,2448.0,,,,0.0,0.0,control,0,,0,0.0,,,1,0,BACKFILL
13185,Lowndes County,GA,2010,30426.0,4632847.0,39096.0,,22.3,210.9971261304926,9.3,30.1,10.25178211359554,,,46212.0,1427098407.0,30882.0,,2919.0,9.7,51165.0,1.7478020703759145,0.0,0.0,control,0,,0,0.0,,,1,0,
13185,Lowndes County,GA,2011,30966.0,4555482.0,38535.0,,22.4,215.5341797405272,10.9,29.9,11.837261669430376,,,45783.0,1460857043.0,31908.0,,2899.0,9.8,51276.0,2.0463673261225273,0.0,0.0,control,0,,0,0.0,,,1,0,
13185,Lowndes County,GA,2012,30432.0,4620540.0,38348.0,23.4,22.3,220.67858715828808,12.4,29.8,11.577609995843511,,,46784.0,1507183692.0,32216.0,1.0,2883.0,9.0,52282.0,2.177117109529625,0.0,0.0,control,0,,0,0.0,,,1,0,
13185,Lowndes County,GA,2013,31197.0,4640720.0,37365.0,24.3,23.1,223.90440009733751,13.3,29.5,11.97626653998377,,,46629.0,1491903079.0,31995.0,5.0,2936.0,8.0,51035.0,2.231401439339096,0.0,0.0,control,0,,0,0.0,,,1,0,
13185,Lowndes County,GA,2014,32399.0,4694667.0,37248.0,25.3,23.0,226.27951548450545,13.1,29.4,12.335085773912756,,,47283.0,1554145256.0,32869.0,0.0,2913.0,7.3,50467.0,2.6381083660269327,0.0,0.0,control,0,,0,0.0,,,1,0,
13185,Lowndes County,GA,2015,33525.0,4717733.0,36834.0,26.5,23.5,227.66315594714013,13.0,29.4,12.119850142727168,,,48461.0,1616275711.0,33352.0,1.0,2910.0,6.0,49790.0,3.0339549240982704,0.0,0.0,control,0,,0,0.0,,,1,0,
13185,Lowndes County,GA,2016,34443.0,4808687.0,38915.0,25.0,23.9,229.06087414703995,11.0,29.9,12.063786501423952,,,49061.0,1662049704.0,33877.0,4.0,2949.0,5.3,51312.0,2.949232828750901,0.0,0.0,control,0,,0,0.0,,,1,0,
13185,Lowndes County,GA,2017,35446.0,4903749.0,39911.0,25.0,25.2,229.14735167595464,9.2,30.1,12.329492174305006,,,48894.0,1754168402.0,35877.0,4.0,2771.0,4.7,52197.0,2.6457749958820624,0.0,0.0,control,0,,0,0.0,,,1,0,
13185,Lowndes County,GA,2018,36823.0,5018476.0,41390.0,25.2,25.6,230.43647018838024,7.6,30.2,11.61317643573397,,,49208.0,1847523762.0,37545.0,4.0,2818.0,4.1,51972.0,3.1198114174438865,0.0,0.0,control,0,,0,0.0,,,1,0,
13185,Lowndes County,GA,2019,37709.0,5114127.0,42441.0,24.4,25.3,232.00915455143303,6.5,30.5,12.06219574775348,,,49583.0,1913075335.0,38583.0,5.0,2815.0,3.7,51862.0,2.516503300660132,0.0,0.0,control,0,,0,0.0,,,1,0,
13185,Lowndes County,GA,2020,41465.0,5056514.0,46113.0,22.7,26.2,234.1650594583289,5.8,30.6,12.334894450164777,,,47917.0,1916412813.0,39994.0,6.0,2955.0,6.0,51525.0,2.6536175887971445,117.888,7533.546,control,0,,0,0.0,,,1,0,
13185,Lowndes County,GA,2021,44360.0,5295626.0,48703.0,22.9,26.4,236.1781758872494,5.6,30.7,13.165701513270342,,,48353.0,2030210138.0,41987.0,5.0,3070.0,4.1,51007.0,3.606672246335909,167.297,11968.205,control,0,,0,0.0,,,1,0,
13185,Lowndes County,GA,2022,43910.0,5275378.0,52821.0,20.6,26.1,237.82728225259885,5.1,30.9,15.125153878429622,,,48862.0,2164308511.0,44294.0,31.0,3246.0,3.4,50175.0,3.995189738107963,86.682,11691.689,control,0,,0,0.0,,,1,0,
13185,Lowndes County,GA,2023,45775.0,5264164.0,55887.0,20.3,27.1,239.4321443008292,5.7,31.3,,,,49352.0,2264925389.0,45893.0,35.0,3386.0,,,4.710498648242716,4.334,958.705,control,0,,0,0.0,,,1,0,
13185,Lowndes County,GA,2024,47701.0,5436352.0,,,,,,,15.431091817379867,,,49348.0,2394941317.0,48531.0,31.0,3318.0,,,,0.0,0.0,control,0,,0,0.0,,,1,0,
13217,Newton County,GA,2010,26665.0,2266889.0,52361.0,,19.4,353.65809118931793,11.1,33.9,10.163023516961038,,,19691.0,718168717.0,36472.0,,1456.0,12.9,48138.0,4.095595571815461,0.0,0.0,treated,1,2021.0,0,0.0,Meta,Meta,1,1,
13217,Newton County,GA,2011,27961.0,2358184.0,51691.0,,19.4,361.07580605104386,12.6,34.3,11.619003644248703,,,19995.0,734969152.0,36759.0,,1442.0,12.3,48301.0,3.9939535652707905,0.0,0.0,treated,1,2021.0,0,0.0,Meta,Meta,1,1,
13217,Newton County,GA,2012,28293.0,2405525.0,51336.0,14.6,19.1,365.3964149537626,13.2,34.6,11.395345105990298,,,20451.0,766275959.0,37468.0,,1445.0,10.9,48130.0,4.262869038607116,0.0,0.0,treated,1,2021.0,0,0.0,Meta,Meta,1,1,
13217,Newton County,GA,2013,29136.0,2518576.0,50580.0,15.2,19.4,368.1757753721641,13.8,34.9,11.758775062141485,,,20547.0,769860527.0,37468.0,,1496.0,9.6,48002.0,4.764524384701859,0.0,0.0,treated,1,2021.0,0,0.0,Meta,Meta,1,1,
13217,Newton County,GA,2014,29804.0,2543352.0,49208.0,16.6,19.4,370.7140874494164,12.4,35.4,12.091665345062143,,,21410.0,823269816.0,38452.0,,1531.0,8.2,47871.0,4.184738572994614,0.0,0.0,treated,1,2021.0,0,0.0,Meta,Meta,1,1,
13217,Newton County,GA,2015,31197.0,2677183.0,49179.0,17.1,20.2,374.8849542008152,11.8,35.8,11.91569974534099,,,22859.0,910530567.0,39832.0,,1595.0,6.9,47891.0,3.747770581056979,0.0,0.0,treated,1,2021.0,0,0.0,Meta,Meta,1,1,
13217,Newton County,GA,2016,31969.0,2769785.0,51068.0,17.0,19.8,379.4721771778353,10.6,36.1,11.890907787255436,,,23510.0,951136463.0,40456.0,,1674.0,6.1,50006.0,3.968801766979569,0.0,0.0,treated,1,2021.0,0,0.0,Meta,Meta,1,1,
13217,Newton County,GA,2017,32810.0,2856886.0,52784.0,16.7,19.9,383.6393916816409,9.0,36.2,12.16871224053489,,,24384.0,1029982761.0,42239.0,,1563.0,5.4,51731.0,3.760968566033545,0.0,0.0,treated,1,2021.0,0,0.0,Meta,Meta,1,1,
13217,Newton County,GA,2018,33990.0,2974896.0,53309.0,17.9,19.6,388.9534119297016,7.7,36.2,11.520576572115203,,,25334.0,1083114673.0,42754.0,,1558.0,4.5,52140.0,4.259263297930342,0.0,0.0,treated,1,2021.0,0,0.0,Meta,Meta,1,1,
13217,Newton County,GA,2019,34981.0,3105531.0,56316.0,15.5,19.8,394.73126762209466,6.6,36.4,11.946998250230044,,,25804.0,1111165777.0,43062.0,,1609.0,4.0,53061.0,4.748153263439848,0.0,0.0,treated,1,2021.0,0,0.0,Meta,Meta,1,1,
13217,Newton County,GA,2020,38582.0,3081964.0,59178.0,15.0,20.9,401.14461439569914,6.2,36.5,12.213350186726506,,,25057.0,1148908974.0,45852.0,,1710.0,7.1,52157.0,6.2969064616511075,117.507,5448.792,treated,1,2021.0,0,0.0,Meta,Meta,1,1,
13217,Newton County,GA,2021,42137.0,3078265.0,64767.0,13.6,21.7,406.3563717111511,5.8,36.5,12.999493616962985,,,24313.0,1141631799.0,46955.0,,1864.0,4.4,53257.0,8.38198661061809,227.611,12329.87,treated,1,2021.0,1,0.0,Meta,Meta,1,1,
13217,Newton County,GA,2022,42038.0,3121984.0,70732.0,13.4,22.6,413.7923478108429,6.6,36.4,14.841334544269015,,,24333.0,1235382777.0,50770.0,10.0,2060.0,3.5,54193.0,9.90798773169756,109.179,9751.201,treated,1,2021.0,1,1.0,Meta,Meta,1,1,
13217,Newton County,GA,2023,44097.0,3322671.0,73732.0,12.3,23.6,421.94416443879567,6.6,36.4,,,,25340.0,1329258733.0,52457.0,14.0,2204.0,,,10.95377543833636,11.103,1034.429,treated,1,2021.0,1,2.0,Meta,Meta,1,1,
13217,Newton County,GA,2024,46189.0,3507598.0,,,,,,,15.176313612480143,,,27708.0,1521680125.0,54919.0,14.0,2169.0,,,,0.0,0.0,treated,1,2021.0,1,3.0,Meta,Meta,1,1,
17031,Cook County,IL,2010,44003.0,354506833.0,53942.0,,33.2,5474.336112736751,9.9,35.1,12.16577242250548,,,2345507.0,129868469234.0,55369.0,12248.0,143433.0,11.0,2640576.0,3.713697780791424,0.0,0.0,treated,1,2009.0,1,1.0,Microsoft,Microsoft;Oracle,0,1,ALWAYS_TREATED;MULTIPLE_OPERATORS;HUGE_METRO
17031,Cook County,IL,2011,45549.0,360813785.0,54598.0,,33.7,5485.04699304814,10.8,35.2,12.623084885509927,,,2377242.0,134245338714.0,56471.0,12754.0,146285.0,10.6,2622338.0,3.848628890377015,0.0,0.0,treated,1,2009.0,1,2.0,Microsoft,Microsoft;Oracle,0,1,ALWAYS_TREATED;MULTIPLE_OPERATORS;HUGE_METRO
17031,Cook County,IL,2012,48196.0,370659866.0,54648.0,16.4,34.3,5500.612216605092,11.5,35.3,12.359500784963853,,,2405633.0,139495723082.0,57987.0,16223.0,149026.0,9.7,2663370.0,3.9554262128130246,0.0,0.0,treated,1,2009.0,1,3.0,Microsoft,Microsoft;Oracle,0,1,ALWAYS_TREATED;MULTIPLE_OPERATORS;HUGE_METRO
17031,Cook County,IL,2013,49022.0,374240842.0,54548.0,16.9,34.7,5516.163682485525,12.2,35.5,11.276035727820554,,,2426450.0,141105020947.0,58153.0,16788.0,152481.0,9.7,2677937.0,4.029146295758931,0.0,0.0,treated,1,2009.0,1,4.0,Microsoft,Microsoft;Oracle,0,1,ALWAYS_TREATED;MULTIPLE_OPERATORS;HUGE_METRO
17031,Cook County,IL,2014,52030.0,381752585.0,54828.0,17.2,35.3,5532.519443300911,11.7,35.7,12.235780018267596,,,2468453.0,148146276317.0,60016.0,18197.0,157650.0,7.6,2657984.0,4.189564820378881,0.0,0.0,treated,1,2009.0,1,5.0,Microsoft,Microsoft;Oracle,0,1,ALWAYS_TREATED;MULTIPLE_OPERATORS;HUGE_METRO
17031,Cook County,IL,2015,54741.0,390285510.0,55251.0,17.1,35.8,5541.5846938440745,10.7,35.9,13.167612090906175,,,2531066.0,156711673581.0,61915.0,19531.0,152794.0,6.3,2647903.0,4.237110056437604,0.0,0.0,treated,1,2009.0,1,6.0,Microsoft,Microsoft;Oracle,0,1,ALWAYS_TREATED;MULTIPLE_OPERATORS;HUGE_METRO
17031,Cook County,IL,2016,55262.0,393413305.0,56902.0,16.7,36.5,5532.252756033005,9.7,36.1,12.23704548421756,,,2561922.0,160588008930.0,62683.0,19773.0,150031.0,6.2,2664757.0,4.396508801698102,0.0,0.0,treated,1,2009.0,1,7.0,Microsoft,Microsoft;Oracle,0,1,ALWAYS_TREATED;MULTIPLE_OPERATORS;HUGE_METRO
17031,Cook County,IL,2017,57233.0,397830564.0,59426.0,15.9,37.2,5543.857885318125,8.7,36.4,12.89897817730321,,,2572191.0,166603254234.0,64771.0,20048.0,137105.0,5.1,2689206.0,4.521654294151838,0.0,0.0,treated,1,2009.0,1,8.0,Microsoft,Microsoft;Oracle,0,1,ALWAYS_TREATED;MULTIPLE_OPERATORS;HUGE_METRO
17031,Cook County,IL,2018,61322.0,407601050.0,62088.0,15.1,38.0,5528.17201752093,7.8,36.6,13.035037677726988,,,2592847.0,174520124154.0,67308.0,21140.0,137526.0,4.2,2661947.0,4.72273434689331,0.0,0.0,treated,1,2009.0,1,9.0,Microsoft,Microsoft;Oracle,0,1,ALWAYS_TREATED;MULTIPLE_OPERATORS;HUGE_METRO
17031,Cook County,IL,2019,63007.0,413294372.0,64660.0,14.4,38.8,5501.245069724962,7.0,36.8,13.300645533306389,,,2609154.0,180477965679.0,69171.0,22555.0,139024.0,3.9,2663113.0,4.908025656617732,0.0,0.0,treated,1,2009.0,1,10.0,Microsoft,Microsoft;Oracle,0,1,ALWAYS_TREATED;MULTIPLE_OPERATORS;HUGE_METRO
17031,Cook County,IL,2020,67163.0,385725911.0,67886.0,13.7,40.0,5470.810972699478,7.0,37.0,13.234649245271974,,,2388964.0,179583252955.0,75172.0,22094.0,138637.0,10.6,2591782.0,7.801496764028226,159.38,7572.743,treated,1,2009.0,1,11.0,Microsoft,Microsoft;Oracle,0,1,ALWAYS_TREATED;MULTIPLE_OPERATORS;HUGE_METRO
17031,Cook County,IL,2021,72586.0,408897557.0,72121.0,13.5,40.7,5572.280186723418,7.3,37.3,13.486943878493296,,,2422930.0,193489622372.0,79858.0,22480.0,139914.0,7.0,2597767.0,11.272171949249564,81.873,8230.038,treated,1,2009.0,1,12.0,Microsoft,Microsoft;Oracle,0,1,ALWAYS_TREATED;MULTIPLE_OPERATORS;HUGE_METRO
17031,Cook County,IL,2022,72949.0,420680170.0,78304.0,13.4,41.3,5529.916067590407,7.1,37.5,16.478981020557736,,,2519083.0,206740688892.0,82070.0,15961.0,139819.0,4.9,2659157.0,14.161294881559009,58.789,12807.518,treated,1,2009.0,1,13.0,Microsoft,Microsoft;Oracle,0,1,ALWAYS_TREATED;MULTIPLE_OPERATORS;HUGE_METRO
17031,Cook County,IL,2023,77018.0,427072176.0,81797.0,13.3,41.9,5488.055691074548,6.9,37.8,,,,2559676.0,214855533885.0,83939.0,15734.0,139520.0,,,16.465334653594972,5.521,1037.152,treated,1,2009.0,1,14.0,Microsoft,Microsoft;Oracle,0,1,ALWAYS_TREATED;MULTIPLE_OPERATORS;HUGE_METRO
17031,Cook County,IL,2024,79964.0,432556656.0,,,,,,,15.21590689896539,,,2565567.0,223027058108.0,86931.0,16236.0,137804.0,,,,0.0,0.0,treated,1,2009.0,1,15.0,Microsoft,Microsoft;Oracle,0,1,ALWAYS_TREATED;MULTIPLE_OPERATORS;HUGE_METRO
17037,DeKalb County,IL,2010,31397.0,3757225.0,54002.0,,28.0,164.77095433975833,9.1,29.0,12.166071534861292,,,34973.0,1248848920.0,35709.0,132.0,2185.0,10.6,56305.0,3.8900973994159953,0.0,0.0,treated,1,2023.0,0,0.0,Meta,Meta,0,0,POST_PANEL_2023plus
17037,DeKalb County,IL,2011,34050.0,3873829.0,54436.0,,28.2,165.81318693502837,10.2,29.1,12.62375375187387,,,35519.0,1310212064.0,36888.0,140.0,2192.0,9.4,55778.0,4.073626438945137,0.0,0.0,treated,1,2023.0,0,0.0,Meta,Meta,0,0,POST_PANEL_2023plus
17037,DeKalb County,IL,2012,34187.0,3830317.0,53575.0,16.9,29.0,166.0286027905857,10.6,29.4,12.360022275538917,,,35871.0,1365425659.0,38065.0,148.0,2186.0,8.5,55461.0,4.061208936665196,0.0,0.0,treated,1,2023.0,0,0.0,Meta,Meta,0,0,POST_PANEL_2023plus
17037,DeKalb County,IL,2013,36219.0,4017181.0,53375.0,19.0,29.8,166.0286027905857,10.6,29.6,11.273700566992373,,,36169.0,1368786532.0,37844.0,146.0,2190.0,8.1,54877.0,3.6431376497835064,0.0,0.0,treated,1,2023.0,0,0.0,Meta,Meta,0,0,POST_PANEL_2023plus
17037,DeKalb County,IL,2014,36474.0,3999125.0,53771.0,18.8,29.9,166.18541286191052,10.3,29.8,12.237328798946695,,,36874.0,1421073734.0,38538.0,141.0,2228.0,6.6,55090.0,3.463341645885287,0.0,0.0,treated,1,2023.0,0,0.0,Meta,Meta,0,0,POST_PANEL_2023plus
17037,DeKalb County,IL,2015,37753.0,4016177.0,54101.0,18.7,30.0,165.27623123624943,10.4,30.3,13.17212211804401,,,37469.0,1532970536.0,40913.0,138.0,2210.0,5.6,54841.0,3.2683279162152403,0.0,0.0,treated,1,2023.0,0,0.0,Meta,Meta,0,0,POST_PANEL_2023plus
17037,DeKalb County,IL,2016,38743.0,4087788.0,56076.0,18.2,30.8,165.45521646917572,9.4,30.5,12.2379012780854,,,37595.0,1525767670.0,40584.0,135.0,2179.0,5.3,55418.0,3.5702951443986035,0.0,0.0,treated,1,2023.0,0,0.0,Meta,Meta,0,0,POST_PANEL_2023plus
17037,DeKalb County,IL,2017,40146.0,4077312.0,58343.0,18.1,30.6,165.4789755708916,8.6,30.7,12.901005785979295,,,37638.0,1573404498.0,41804.0,133.0,2030.0,4.6,54909.0,3.990577802410974,0.0,0.0,treated,1,2023.0,0,0.0,Meta,Meta,0,0,POST_PANEL_2023plus
17037,DeKalb County,IL,2018,41722.0,4149597.0,61086.0,16.5,31.4,165.04655991966257,7.4,31.0,13.036622064927316,,,38012.0,1659569947.0,43660.0,138.0,2020.0,4.4,55486.0,4.4476468730259,0.0,0.0,treated,1,2023.0,0,0.0,Meta,Meta,0,0,POST_PANEL_2023plus
17037,DeKalb County,IL,2019,43388.0,4144447.0,63317.0,16.6,32.3,165.30949397865166,6.3,31.1,13.302939015542444,,,37020.0,1689113413.0,45627.0,143.0,2023.0,4.0,55811.0,4.5486191691807845,0.0,0.0,treated,1,2023.0,0,0.0,Meta,Meta,0,0,POST_PANEL_2023plus
17037,DeKalb County,IL,2020,46681.0,4160948.0,62353.0,16.0,32.4,165.66112868404673,6.6,31.3,13.234649245271974,,,34342.0,1707038592.0,49707.0,135.0,2011.0,8.3,52911.0,5.333942057105899,77.611,6484.871,treated,1,2023.0,0,0.0,Meta,Meta,0,0,POST_PANEL_2023plus
17037,DeKalb County,IL,2021,50576.0,4354984.0,64019.0,15.6,33.2,159.85440422468508,7.4,31.4,13.486943878493296,,,34629.0,1772195756.0,51177.0,129.0,2004.0,5.8,53143.0,6.0514851485148515,76.653,8856.333,treated,1,2023.0,0,0.0,Meta,Meta,0,0,POST_PANEL_2023plus
17037,DeKalb County,IL,2022,50823.0,4220572.0,68617.0,15.4,34.1,159.48059435768852,7.0,31.8,16.478981020557736,,,36381.0,1911649980.0,52546.0,137.0,1984.0,4.4,53769.0,6.158264831137962,50.783,14953.146,treated,1,2023.0,0,0.0,Meta,Meta,0,0,POST_PANEL_2023plus
17037,DeKalb County,IL,2023,53097.0,4284262.0,69022.0,15.9,32.7,159.20498877778428,7.1,32.6,,,,36133.0,1961174047.0,54276.0,140.0,1986.0,,,7.618785399622404,7.665,1067.397,treated,1,2023.0,1,0.0,Meta,Meta,0,0,POST_PANEL_2023plus
17037,DeKalb County,IL,2024,55006.0,4287257.0,,,,,,,15.21590689896539,,,36272.0,2063716140.0,56896.0,146.0,1988.0,,,,0.0,0.0,treated,1,2023.0,1,1.0,Meta,Meta,0,0,POST_PANEL_2023plus
17097,Lake County,IL,2010,57177.0,56032732.0,78948.0,,41.3,1571.5892645407946,7.7,36.1,12.166071534861292,,,308287.0,18205712627.0,59054.0,1393.0,21447.0,10.0,368953.0,5.931502778782984,0.0,0.0,control,0,,0,0.0,,,1,0,BACKFILL
17097,Lake County,IL,2011,60824.0,55971626.0,79666.0,,41.5,1578.9041824649355,8.6,36.4,12.62375375187387,,,312215.0,19160656504.0,61370.0,1391.0,21781.0,8.9,367799.0,6.2042098944878274,0.0,0.0,control,0,,0,0.0,,,1,0,BACKFILL
17097,Lake County,IL,2012,66096.0,58600620.0,79085.0,8.7,41.8,1580.8382963567426,9.1,36.7,12.360022275538917,,,321836.0,20584318331.0,63959.0,1322.0,22131.0,8.2,365531.0,6.352481364345107,0.0,0.0,control,0,,0,0.0,,,1,0,BACKFILL
17097,Lake County,IL,2013,65027.0,58171430.0,77469.0,9.0,41.9,1582.67998755675,9.6,37.0,11.273700566992373,,,326294.0,21335112385.0,65386.0,1310.0,22512.0,7.9,363470.0,6.381644155805731,0.0,0.0,control,0,,0,0.0,,,1,0,BACKFILL
17097,Lake County,IL,2014,67720.0,59967704.0,77873.0,9.4,42.7,1585.0942486035158,9.0,37.2,12.237328798946695,,,330111.0,22374083130.0,67777.0,1302.0,23151.0,6.5,364629.0,6.293241594260428,0.0,0.0,control,0,,0,0.0,,,1,0,BACKFILL
17097,Lake County,IL,2015,71189.0,62047829.0,78026.0,9.6,43.2,1584.481102940845,7.9,37.6,13.17212211804401,,,331311.0,24020089995.0,72500.0,1340.0,22329.0,5.4,367278.0,6.122787176453144,0.0,0.0,control,0,,0,0.0,,,1,0,BACKFILL
17097,Lake County,IL,2016,71550.0,60961129.0,79886.0,8.9,43.7,1584.463069244884,7.0,37.8,12.2379012780854,,,332564.0,23543718585.0,70795.0,1285.0,21902.0,5.2,373373.0,6.290502024384369,0.0,0.0,control,0,,0,0.0,,,1,0,BACKFILL
17097,Lake County,IL,2017,73091.0,61104141.0,82613.0,8.5,44.2,1588.0382494691332,6.3,38.0,12.901005785979295,,,335598.0,24316262054.0,72456.0,1306.0,20020.0,4.5,372970.0,6.53630206588815,0.0,0.0,control,0,,0,0.0,,,1,0,BACKFILL
17097,Lake County,IL,2018,77289.0,62861254.0,86244.0,8.3,45.0,1586.1063897893214,5.6,38.2,13.036622064927316,,,338901.0,25562140295.0,75427.0,1504.0,20132.0,4.5,379113.0,6.545385870806074,0.0,0.0,control,0,,0,0.0,,,1,0,BACKFILL
17097,Lake County,IL,2019,78646.0,62800361.0,89427.0,7.9,45.3,1581.2688508478093,5.2,38.4,13.302939015542444,,,340643.0,25909935243.0,76062.0,1470.0,20302.0,4.0,378430.0,6.879674531774173,0.0,0.0,control,0,,0,0.0,,,1,0,BACKFILL
17097,Lake County,IL,2020,81230.0,61626289.0,92654.0,7.6,46.1,1577.231557164562,5.3,38.5,13.234649245271974,,,317448.0,25970504238.0,81810.0,1284.0,20128.0,8.1,364341.0,9.7306866740384,116.612,6885.511,control,0,,0,0.0,,,1,0,BACKFILL
17097,Lake County,IL,2021,89831.0,64699425.0,97127.0,7.6,46.3,1610.5984031162227,5.5,38.5,13.486943878493296,,,321815.0,27859580872.0,86570.0,1181.0,20172.0,5.4,364965.0,12.581036768296936,57.023,7552.964,control,0,,0,0.0,,,1,0,BACKFILL
17097,Lake County,IL,2022,93358.0,63608569.0,104553.0,7.8,46.9,1607.6115722226982,5.0,38.7,16.478981020557736,,,326413.0,29102612217.0,89159.0,1271.0,20142.0,4.4,362741.0,14.733730274388977,51.321,14680.822,control,0,,0,0.0,,,1,0,BACKFILL
17097,Lake County,IL,2023,99641.0,64196978.0,108917.0,8.1,47.0,1604.7397061409245,5.1,38.9,,,,327625.0,29685386851.0,90608.0,1265.0,20171.0,,,17.30759095133081,5.845,1004.173,control,0,,0,0.0,,,1,0,BACKFILL
17097,Lake County,IL,2024,103546.0,65290037.0,,,,,,,15.21590689896539,,,329354.0,29984887425.0,91042.0,1322.0,19967.0,,,,0.0,0.0,control,0,,0,0.0,,,1,0,BACKFILL
17115,Macon County,IL,2010,39050.0,7044818.0,44337.0,,20.5,190.70543735876095,8.3,40.5,10.410801679849856,,,49904.0,2115562969.0,42392.0,56.0,2519.0,11.2,55417.0,1.8171257882509129,0.0,0.0,control,0,,0,0.0,,,1,0,
17115,Macon County,IL,2011,41236.0,7207010.0,45987.0,,20.8,190.6933803670837,8.9,40.4,10.275228169168738,,,50472.0,2211725743.0,43821.0,56.0,2515.0,10.0,55219.0,1.6801661474558671,0.0,0.0,control,0,,0,0.0,,,1,0,
17115,Macon County,IL,2012,41268.0,7089921.0,46165.0,16.2,21.9,190.42812655018463,10.2,40.4,10.242929393451726,,,50363.0,2250440830.0,44685.0,55.0,2488.0,9.9,54340.0,1.85231487269242,0.0,0.0,control,0,,0,0.0,,,1,0,
17115,Macon County,IL,2013,42308.0,7732591.0,46559.0,17.6,22.3,189.918288044976,11.7,40.2,9.578683709126992,,,48999.0,2203616289.0,44973.0,39.0,2480.0,11.2,52688.0,2.1663467420423146,0.0,0.0,control,0,,0,0.0,,,1,0,
17115,Macon County,IL,2014,43643.0,8026261.0,46696.0,18.1,23.1,189.1793666979,11.9,40.5,10.503503344068005,,,48975.0,2414873398.0,49309.0,34.0,2507.0,8.6,51102.0,2.4757443961191035,0.0,0.0,control,0,,0,0.0,,,1,0,
17115,Macon County,IL,2015,43479.0,8271381.0,47176.0,18.4,22.9,188.0770131731246,10.5,40.6,10.74524107352996,,,49293.0,2442255929.0,49546.0,41.0,2470.0,7.0,50933.0,2.572072260002503,0.0,0.0,control,0,,0,0.0,,,1,0,
17115,Macon County,IL,2016,43802.0,7735514.0,47477.0,18.7,22.8,186.7180179683625,10.1,40.7,10.821972283750608,,,49393.0,2407471815.0,48741.0,40.0,2388.0,6.6,50782.0,2.999013620432748,0.0,0.0,control,0,,0,0.0,,,1,0,
17115,Macon County,IL,2017,44738.0,6950487.0,49052.0,16.6,22.7,185.31079479689137,9.2,41.0,10.846454879397635,,,49320.0,2449541175.0,49666.0,43.0,2188.0,5.5,49665.0,3.18407960199005,0.0,0.0,control,0,,0,0.0,,,1,0,
17115,Macon County,IL,2018,47184.0,6752927.0,50444.0,16.2,22.5,183.4591853607452,8.2,41.3,10.269945220046418,,,49601.0,2563855984.0,51690.0,45.0,2182.0,5.5,50137.0,3.199523475227094,0.0,0.0,control,0,,0,0.0,,,1,0,
17115,Macon County,IL,2019,47288.0,6470128.0,50480.0,17.0,22.1,181.764316816403,7.6,41.1,9.957192347650448,,,48261.0,2534590168.0,52518.0,44.0,2152.0,5.1,48854.0,2.91228146948778,0.0,0.0,control,0,,0,0.0,,,1,0,
17115,Macon County,IL,2020,51670.0,6343027.0,53725.0,15.2,23.6,180.3174778151353,7.7,41.1,10.214695242302586,,,44804.0,2484530358.0,55454.0,41.0,2110.0,10.0,47088.0,4.246798398098843,161.095,7542.074,control,0,,0,0.0,,,1,0,
17115,Macon County,IL,2021,56207.0,6873878.0,55954.0,15.3,23.5,179.70257123959652,8.1,40.8,11.521080208657104,,,44716.0,2685141129.0,60049.0,40.0,2064.0,7.8,46349.0,5.254769921436588,108.028,11125.009,control,0,,0,0.0,,,1,0,
17115,Macon County,IL,2022,57306.0,6856620.0,59622.0,15.5,23.9,178.34357603483437,7.2,40.7,15.329545306069278,,,45860.0,2979033000.0,64960.0,38.0,2023.0,5.8,45550.0,6.137420432486118,87.181,18469.98,control,0,,0,0.0,,,1,0,
17115,Macon County,IL,2023,59988.0,6992962.0,62449.0,14.6,24.1,176.70554759411343,7.1,40.9,,,,45500.0,3051207254.0,67059.0,39.0,1985.0,,,7.475572678534129,6.633,1266.962,control,0,,0,0.0,,,1,0,
17115,Macon County,IL,2024,61375.0,7025649.0,,,,,,,15.38923673796129,,,45051.0,3053905343.0,67788.0,42.0,1981.0,,,,0.0,0.0,control,0,,0,0.0,,,1,0,
18003,Allen County,IN,2010,34668.0,16741308.0,48714.0,,26.1,534.507835082915,8.4,35.2,8.623138412053324,,,169587.0,6541695066.0,38574.0,624.0,8879.0,10.5,176022.0,3.357403820219209,0.0,0.0,treated,1,2025.0,0,0.0,Google,Google,0,0,POST_PANEL_2023plus
18003,Allen County,IN,2011,36735.0,16883846.0,49767.0,,26.3,538.1424007302602,8.9,35.3,8.621424441524386,,,172517.0,6820538520.0,39535.0,601.0,8902.0,9.1,176618.0,3.579392162418538,0.0,0.0,treated,1,2025.0,0,0.0,Google,Google,0,0,POST_PANEL_2023plus
18003,Allen County,IN,2012,38240.0,17590709.0,50030.0,14.4,26.4,541.5183325726457,9.3,35.4,8.82325060018887,,,175117.0,6969356478.0,39798.0,531.0,8873.0,8.3,173981.0,3.9517997837169783,0.0,0.0,treated,1,2025.0,0,0.0,Google,Google,0,0,POST_PANEL_2023plus
18003,Allen County,IN,2013,38045.0,17504517.0,49370.0,15.3,26.3,545.1452913433744,9.7,35.5,9.930909460270522,,,174954.0,7012863846.0,40084.0,599.0,8839.0,7.4,174458.0,3.9584413020409177,0.0,0.0,treated,1,2025.0,0,0.0,Google,Google,0,0,POST_PANEL_2023plus
18003,Allen County,IN,2014,39960.0,18901208.0,49124.0,15.5,26.6,549.2012779552716,9.0,35.6,10.38570154660508,,,177116.0,7258757527.0,40983.0,578.0,8702.0,5.7,175752.0,4.06309140586492,0.0,0.0,treated,1,2025.0,0,0.0,Google,Google,0,0,POST_PANEL_2023plus
18003,Allen County,IN,2015,41810.0,19718558.0,49092.0,15.8,27.0,552.9484253765404,8.0,35.6,11.10007614308248,,,181796.0,7733385573.0,42539.0,388.0,8661.0,4.6,178004.0,4.012017536524471,0.0,0.0,treated,1,2025.0,0,0.0,Google,Google,0,0,POST_PANEL_2023plus
18003,Allen County,IN,2016,42526.0,20276889.0,49574.0,15.2,27.4,556.1615700593337,7.0,35.6,11.391088953277867,,,183107.0,7905577889.0,43175.0,542.0,8697.0,4.2,181043.0,4.14784973073919,0.0,0.0,treated,1,2025.0,0,0.0,Google,Google,0,0,POST_PANEL_2023plus
18003,Allen County,IN,2017,43508.0,21046574.0,51091.0,14.7,27.5,559.4812110147574,6.3,35.7,11.766130471978084,,,184976.0,8242358639.0,44559.0,385.0,8742.0,3.3,181184.0,4.0462794656510574,0.0,0.0,treated,1,2025.0,0,0.0,Google,Google,0,0,POST_PANEL_2023plus
18003,Allen County,IN,2018,45677.0,21752088.0,53402.0,14.3,28.2,562.9332116233076,5.6,35.8,12.628456729106926,,,188032.0,8691829100.0,46225.0,398.0,8845.0,3.1,185243.0,4.184164703472294,0.0,0.0,treated,1,2025.0,0,0.0,Google,Google,0,0,POST_PANEL_2023plus
18003,Allen County,IN,2019,46877.0,21889821.0,54857.0,13.3,28.5,566.8264110756124,4.9,35.9,13.60115335287749,,,191195.0,9072182963.0,47450.0,387.0,8983.0,3.1,188064.0,4.184126098479565,0.0,0.0,treated,1,2025.0,0,0.0,Google,Google,0,0,POST_PANEL_2023plus
18003,Allen County,IN,2020,50172.0,20302115.0,57104.0,12.6,28.9,571.3068614027081,5.0,36.0,14.092435606238356,,,181300.0,9185556743.0,50665.0,435.0,9230.0,7.9,185777.0,5.068474907331365,136.348,7531.101,treated,1,2025.0,0,0.0,Google,Google,0,0,POST_PANEL_2023plus
18003,Allen County,IN,2021,56379.0,21627943.0,61456.0,12.3,29.9,580.9204320705918,5.0,36.1,14.528781842579408,,,186853.0,10001931639.0,53528.0,449.0,9446.0,4.1,184769.0,6.1544149228251595,128.028,12615.447,treated,1,2025.0,0,0.0,Google,Google,0,0,POST_PANEL_2023plus
18003,Allen County,IN,2022,58206.0,22280803.0,66222.0,12.0,30.5,586.4232466149399,4.8,36.1,15.525119636703264,,,194563.0,10822159294.0,55623.0,420.0,9917.0,2.9,188044.0,7.268729554351906,74.884,12522.043,treated,1,2025.0,0,0.0,Google,Google,0,0,POST_PANEL_2023plus
18003,Allen County,IN,2023,60362.0,22393127.0,68839.0,12.2,31.1,591.4970333181196,4.6,36.2,,,,196725.0,11309754857.0,57490.0,374.0,10214.0,,,8.296462541412845,6.442,778.367,treated,1,2025.0,0,0.0,Google,Google,0,0,POST_PANEL_2023plus
18003,Allen County,IN,2024,62717.0,22994824.0,,,,,,,16.08153335865093,,,197885.0,11898593571.0,60129.0,381.0,10492.0,,,,0.0,0.0,treated,1,2025.0,0,0.0,Google,Google,0,0,POST_PANEL_2023plus
18039,Elkhart County,IN,2010,30580.0,10437631.0,47258.0,,18.1,425.02499130971734,9.9,34.4,9.67880341993669,,,100139.0,3730342919.0,37252.0,240.0,4812.0,13.0,94442.0,2.9019191181353343,0.0,0.0,control,0,,0,0.0,,,1,0,FUTURE_DC_2023plus
18039,Elkhart County,IN,2011,32386.0,10276136.0,47308.0,,17.9,426.66373032271713,10.9,34.6,9.843369049820202,,,103627.0,3882114115.0,37462.0,227.0,4811.0,10.5,95546.0,2.677159981348588,0.0,0.0,control,0,,0,0.0,,,1,0,FUTURE_DC_2023plus
18039,Elkhart County,IN,2012,34752.0,10537086.0,46712.0,16.5,18.1,427.95917618279606,11.0,34.8,10.1649450641627,,,109687.0,4304773351.0,39246.0,224.0,4783.0,8.8,96921.0,2.755032021957914,0.0,0.0,control,0,,0,0.0,,,1,0,FUTURE_DC_2023plus
18039,Elkhart County,IN,2013,35789.0,11523103.0,45693.0,16.7,18.2,428.9264424249883,11.0,35.1,11.11634770669209,,,115258.0,4598463660.0,39897.0,219.0,4744.0,7.1,99135.0,2.25353732888531,0.0,0.0,control,0,,0,0.0,,,1,0,FUTURE_DC_2023plus
18039,Elkhart County,IN,2014,38305.0,12529679.0,46983.0,16.2,17.9,430.83074783930425,8.7,35.1,11.6142273243319,,,120143.0,5031398137.0,41878.0,215.0,4651.0,5.1,102208.0,2.27012075828105,0.0,0.0,control,0,,0,0.0,,,1,0,FUTURE_DC_2023plus
18039,Elkhart County,IN,2015,39803.0,13572433.0,47913.0,16.1,18.1,433.2942540498876,7.4,35.2,11.982184777827571,,,123944.0,5359836565.0,43244.0,209.0,4632.0,3.9,104706.0,2.863310479045265,0.0,0.0,control,0,,0,0.0,,,1,0,FUTURE_DC_2023plus
18039,Elkhart County,IN,2016,41334.0,14813421.0,49692.0,14.9,18.3,435.3561720438465,6.5,35.3,12.20254751785582,,,127535.0,5841181716.0,45801.0,211.0,4655.0,3.4,108584.0,2.936274724792772,0.0,0.0,control,0,,0,0.0,,,1,0,FUTURE_DC_2023plus
18039,Elkhart County,IN,2017,44498.0,16441996.0,52449.0,13.8,18.7,438.12842618441533,5.6,35.4,13.076653361593108,,,133688.0,6584983400.0,49257.0,212.0,4682.0,2.5,112355.0,3.505942458814106,0.0,0.0,control,0,,0,0.0,,,1,0,FUTURE_DC_2023plus
18039,Elkhart County,IN,2018,45823.0,16607681.0,55399.0,13.3,19.2,439.59659815917144,4.7,35.5,13.312537016865186,,,137512.0,6738275251.0,49002.0,211.0,4731.0,2.6,116395.0,3.730953927403984,0.0,0.0,control,0,,0,0.0,,,1,0,FUTURE_DC_2023plus
18039,Elkhart County,IN,2019,45616.0,16078429.0,57021.0,12.4,19.8,441.6563570766969,4.5,35.6,13.984983894620836,,,132987.0,6412392135.0,48218.0,217.0,4752.0,3.1,113181.0,3.738791011710096,0.0,0.0,control,0,,0,0.0,,,1,0,FUTURE_DC_2023plus
18039,Elkhart County,IN,2020,48715.0,15754863.0,58509.0,11.7,19.5,443.00793892404585,4.4,35.6,14.673037605580502,,,124783.0,6562600302.0,52592.0,211.0,4832.0,7.7,110701.0,4.0142997772136155,158.879,11118.118,control,0,,0,0.0,,,1,0,FUTURE_DC_2023plus
18039,Elkhart County,IN,2021,57102.0,19410136.0,61182.0,11.4,20.0,445.4476952938611,4.4,35.5,15.315368859357314,,,137344.0,8408641817.0,61223.0,196.0,4923.0,2.8,115620.0,4.568527918781726,144.213,10213.24,control,0,,0,0.0,,,1,0,FUTURE_DC_2023plus
18039,Elkhart County,IN,2022,58363.0,19835710.0,63978.0,12.0,20.0,446.58552857429703,3.8,35.6,16.348652219212475,,,141288.0,8880816844.0,62856.0,206.0,5062.0,2.6,117325.0,4.861225498270466,77.24,8238.25,control,0,,0,0.0,,,1,0,FUTURE_DC_2023plus
18039,Elkhart County,IN,2023,58040.0,17753329.0,65617.0,12.5,19.7,446.6438236380006,3.4,35.5,,,,131337.0,7806251696.0,59437.0,197.0,5201.0,,,4.812828677820535,8.799,512.813,control,0,,0,0.0,,,1,0,FUTURE_DC_2023plus
18039,Elkhart County,IN,2024,60348.0,17756181.0,,,,,,,17.658836675380524,,,127100.0,7895018805.0,62117.0,198.0,5293.0,,,,0.0,0.0,control,0,,0,0.0,,,1,0,FUTURE_DC_2023plus
18057,Hamilton County,IN,2010,54663.0,13797591.0,81947.0,,53.8,662.4219972260046,4.2,35.3,8.567047563265625,,,107930.0,4802603702.0,44497.0,544.0,7895.0,6.5,145059.0,6.109462776932693,0.0,0.0,control,0,,0,0.0,,,1,0,FUTURE_DC_2023plus
18057,Hamilton County,IN,2011,57919.0,13809446.0,84449.0,,54.4,681.7613603227369,4.6,35.5,9.051250182364946,,,111199.0,5044236002.0,45362.0,519.0,8230.0,5.7,148561.0,5.679204661518226,0.0,0.0,control,0,,0,0.0,,,1,0,FUTURE_DC_2023plus
18057,Hamilton County,IN,2012,60553.0,14430614.0,84821.0,4.7,55.0,700.0864654886061,5.0,35.7,9.507613681013405,,,113882.0,5262802516.0,46213.0,527.0,8428.0,5.2,151320.0,5.712398877332013,0.0,0.0,control,0,,0,0.0,,,1,0,FUTURE_DC_2023plus
18057,Hamilton County,IN,2013,61179.0,15267042.0,82468.0,5.1,55.1,717.5291662546243,5.4,35.8,10.084150778229816,,,119804.0,5719529635.0,47741.0,421.0,8580.0,4.9,156093.0,5.809474085258301,0.0,0.0,control,0,,0,0.0,,,1,0,FUTURE_DC_2023plus
18057,Hamilton County,IN,2014,64079.0,16894535.0,84635.0,4.8,55.6,734.6320906138035,5.0,35.9,10.630806648688084,,,125527.0,6133079825.0,48859.0,468.0,8657.0,4.1,161190.0,6.09256283870265,0.0,0.0,control,0,,0,0.0,,,1,0,FUTURE_DC_2023plus
18057,Hamilton County,IN,2015,66743.0,17941772.0,86222.0,4.7,55.9,752.1610033039452,4.3,36.1,10.610257444913328,,,132509.0,6655555189.0,50227.0,529.0,8827.0,3.4,167231.0,6.236440377105439,0.0,0.0,control,0,,0,0.0,,,1,0,FUTURE_DC_2023plus
18057,Hamilton County,IN,2016,68873.0,18549798.0,87782.0,5.1,56.3,768.406879711545,3.5,36.3,10.952429206041106,,,136859.0,6995437722.0,51114.0,202.0,9058.0,3.2,174686.0,7.206261334351437,0.0,0.0,control,0,,0,0.0,,,1,0,FUTURE_DC_2023plus
18057,Hamilton County,IN,2017,71152.0,19277474.0,90582.0,5.0,57.5,785.2562395880084,3.3,36.6,11.475504379102118,,,140022.0,7382940532.0,52727.0,253.0,9274.0,2.7,178341.0,7.886869834838359,0.0,0.0,control,0,,0,0.0,,,1,0,FUTURE_DC_2023plus
18057,Hamilton County,IN,2018,74318.0,20059768.0,94644.0,4.7,57.8,801.5046516404354,2.9,36.9,11.688560167126235,,,141940.0,7657427116.0,53948.0,220.0,9445.0,2.7,183612.0,8.250975409492188,0.0,0.0,control,0,,0,0.0,,,1,0,FUTURE_DC_2023plus
18057,Hamilton County,IN,2019,76869.0,20797822.0,98173.0,4.6,59.3,819.3099496167373,2.8,37.1,12.118300828373334,,,144447.0,7975614468.0,55215.0,251.0,9648.0,2.5,188609.0,9.002188235018782,0.0,0.0,control,0,,0,0.0,,,1,0,FUTURE_DC_2023plus
18057,Hamilton County,IN,2020,79489.0,20050378.0,98880.0,4.4,59.4,837.916511358421,2.8,37.6,12.252909031848766,,,140001.0,8344390541.0,59602.0,271.0,10112.0,4.8,185235.0,12.065742238126369,89.132,7414.033,control,0,,0,0.0,,,1,0,FUTURE_DC_2023plus
18057,Hamilton County,IN,2021,90406.0,21943483.0,104858.0,4.0,60.5,866.2168432743289,3.0,37.6,13.00817472625441,,,147818.0,9298748761.0,62907.0,345.0,10607.0,2.4,189089.0,15.580413512295788,77.681,10507.649,control,0,,0,0.0,,,1,0,FUTURE_DC_2023plus
18057,Hamilton County,IN,2022,93725.0,22806071.0,114866.0,4.2,60.8,886.276329501974,2.7,37.8,14.686667981768368,,,157527.0,10436604734.0,66253.0,550.0,11688.0,2.2,193855.0,17.465612253753363,52.922,11497.383,control,0,,0,0.0,,,1,0,FUTURE_DC_2023plus
18057,Hamilton County,IN,2023,99287.0,23612902.0,117957.0,4.3,61.8,905.6714767849038,2.8,38.0,,,,161075.0,10882995439.0,67565.0,595.0,12180.0,,,20.67570215718364,4.642,623.923,control,0,,0,0.0,,,1,0,FUTURE_DC_2023plus
18057,Hamilton County,IN,2024,104283.0,24904099.0,,,,,,,13.953020932798026,,,163937.0,12260323262.0,74787.0,606.0,12788.0,,,,0.0,0.0,control,0,,0,0.0,,,1,0,FUTURE_DC_2023plus
18141,St. Joseph County,IN,2010,34891.0,12217919.0,44644.0,,25.6,582.2092416176436,9.5,35.9,8.358555540527888,,,113848.0,4338586783.0,38109.0,310.0,5949.0,11.3,130450.0,2.785677945604217,0.0,0.0,treated,1,2025.0,0,0.0,AWS,AWS,0,0,POST_PANEL_2023plus
18141,St. Joseph County,IN,2011,36893.0,12311116.0,45183.0,,26.2,582.6854560189787,10.1,36.1,8.347393769840584,,,115678.0,4478276660.0,38713.0,439.0,5950.0,9.9,130857.0,3.008230935577423,0.0,0.0,treated,1,2025.0,0,0.0,AWS,AWS,0,0,POST_PANEL_2023plus
18141,St. Joseph County,IN,2012,38535.0,12540545.0,44989.0,16.4,26.5,582.783757156869,11.1,36.1,,,,115236.0,4569729975.0,39656.0,462.0,5970.0,9.3,127863.0,3.0495885207849756,0.0,0.0,treated,1,2025.0,0,0.0,AWS,AWS,0,0,POST_PANEL_2023plus
18141,St. Joseph County,IN,2013,38849.0,12803556.0,44582.0,17.7,26.5,582.5849704113575,11.0,36.4,,,,115211.0,4573833513.0,39700.0,596.0,5863.0,8.5,127277.0,3.1618747938183573,0.0,0.0,treated,1,2025.0,0,0.0,AWS,AWS,0,0,POST_PANEL_2023plus
18141,St. Joseph County,IN,2014,40586.0,13369400.0,45012.0,17.6,27.2,583.0699226916163,10.2,36.4,,,,117280.0,4751666558.0,40516.0,602.0,5734.0,6.5,128812.0,3.206471378841129,0.0,0.0,treated,1,2025.0,0,0.0,AWS,AWS,0,0,POST_PANEL_2023plus
18141,St. Joseph County,IN,2015,43079.0,13520362.0,45471.0,17.8,27.9,583.7907977028117,8.5,36.5,,,,120075.0,5017572434.0,41787.0,582.0,5698.0,5.0,130384.0,3.554804618264341,0.0,0.0,treated,1,2025.0,0,0.0,AWS,AWS,0,0,POST_PANEL_2023plus
18141,St. Joseph County,IN,2016,43031.0,13473950.0,46174.0,17.2,28.2,584.7738090817145,7.5,36.4,,,,122570.0,5228058018.0,42654.0,526.0,5697.0,4.5,134247.0,3.5480043505487626,0.0,0.0,treated,1,2025.0,0,0.0,AWS,AWS,0,0,POST_PANEL_2023plus
18141,St. Joseph County,IN,2017,44977.0,13648464.0,48121.0,17.1,28.4,586.7769678249454,6.4,36.5,,,,122566.0,5355681549.0,43696.0,517.0,5719.0,3.5,134613.0,3.792564013195756,0.0,0.0,treated,1,2025.0,0,0.0,AWS,AWS,0,0,POST_PANEL_2023plus
18141,St. Joseph County,IN,2018,46952.0,14266887.0,50938.0,15.7,29.2,588.1466303462166,5.3,36.5,,,,123222.0,5547739552.0,45022.0,517.0,5731.0,3.5,136935.0,3.814247569546236,0.0,0.0,treated,1,2025.0,0,0.0,AWS,AWS,0,0,POST_PANEL_2023plus
18141,St. Joseph County,IN,2019,47288.0,14604895.0,52769.0,15.5,29.6,590.2786728035703,4.5,36.6,,,,124850.0,5765076143.0,46176.0,405.0,5759.0,3.6,138763.0,4.054128650174672,0.0,0.0,treated,1,2025.0,0,0.0,AWS,AWS,0,0,POST_PANEL_2023plus
18141,St. Joseph County,IN,2020,50411.0,13794245.0,54433.0,14.8,31.0,591.7313451746156,4.9,36.7,,,,114805.0,5714186902.0,49773.0,409.0,5895.0,8.6,133759.0,5.9079553132316205,135.817,8979.483,treated,1,2025.0,0,0.0,AWS,AWS,0,0,POST_PANEL_2023plus
18141,St. Joseph County,IN,2021,55841.0,14551550.0,58599.0,14.4,32.1,594.2828058203012,4.8,36.8,,,,115557.0,6191935342.0,53583.0,536.0,5971.0,4.6,131347.0,7.2535200335315215,131.006,11547.059,treated,1,2025.0,0,0.0,AWS,AWS,0,0,POST_PANEL_2023plus
18141,St. Joseph County,IN,2022,56225.0,14751547.0,61877.0,14.4,32.0,595.0233410590746,4.8,36.7,,,,118142.0,6675660917.0,56505.0,563.0,6244.0,3.5,132073.0,8.378214307950937,85.117,10252.539,treated,1,2025.0,0,0.0,AWS,AWS,0,0,POST_PANEL_2023plus
18141,St. Joseph County,IN,2023,56869.0,15118595.0,64885.0,14.6,32.6,595.4296524290212,5.0,36.7,,,,120891.0,6923270085.0,57269.0,596.0,6435.0,,,9.731657207629151,6.291,665.024,treated,1,2025.0,0,0.0,AWS,AWS,0,0,POST_PANEL_2023plus
18141,St. Joseph County,IN,2024,59030.0,15366920.0,,,,,,,,,,121043.0,7178221201.0,59303.0,599.0,6539.0,,,,0.0,0.0,treated,1,2025.0,0,0.0,AWS,AWS,0,0,POST_PANEL_2023plus
19013,Black Hawk County,IA,2010,34930.0,7774631.0,44178.0,,24.6,228.4585078045875,6.9,34.7,10.449613608223554,,,71628.0,2797110715.0,39051.0,,3565.0,6.3,70810.0,2.6199629787839953,0.0,0.0,control,0,,0,0.0,,,1,0,MINOR_COLO
19013,Black Hawk County,IA,2011,37115.0,7672459.0,44567.0,,25.2,229.8866827984453,7.1,34.5,10.352205375423674,,,73199.0,2955446311.0,40376.0,,3572.0,5.9,71234.0,2.4823868740838813,0.0,0.0,control,0,,0,0.0,,,1,0,MINOR_COLO
19013,Black Hawk County,IA,2012,38601.0,9533604.0,45610.0,16.5,25.5,231.27066920957233,7.3,34.6,10.589546826012738,,,74728.0,3117910018.0,41723.0,33.0,3629.0,5.5,71516.0,2.188399449380553,0.0,0.0,control,0,,0,0.0,,,1,0,MINOR_COLO
19013,Black Hawk County,IA,2013,38319.0,8285592.0,45747.0,17.0,25.3,232.37538377784105,8.2,34.6,10.936336130729686,,,75072.0,3178544258.0,42340.0,31.0,3687.0,5.1,71842.0,2.399661224297746,0.0,0.0,control,0,,0,0.0,,,1,0,MINOR_COLO
19013,Black Hawk County,IA,2014,39606.0,9423913.0,47002.0,16.6,26.2,233.22203702296216,7.8,34.6,11.049133508360772,,,75312.0,3268722834.0,43402.0,33.0,3768.0,4.9,72154.0,2.3796330501169805,0.0,0.0,control,0,,0,0.0,,,1,0,MINOR_COLO
19013,Black Hawk County,IA,2015,40291.0,8707635.0,48369.0,15.7,27.0,234.1924182997294,6.6,34.7,11.602091879952658,,,74232.0,3282043546.0,44213.0,27.0,3818.0,4.5,70483.0,2.5592762378942893,0.0,0.0,control,0,,0,0.0,,,1,0,MINOR_COLO
19013,Black Hawk County,IA,2016,40504.0,7737545.0,50348.0,15.4,27.0,234.76686987522913,6.3,34.8,12.051491500968265,,,73740.0,3253282438.0,44118.0,25.0,3802.0,4.6,69624.0,2.723712051863079,0.0,0.0,control,0,,0,0.0,,,1,0,MINOR_COLO
19013,Black Hawk County,IA,2017,41774.0,7815015.0,50916.0,15.9,27.5,235.0125583952121,5.3,34.9,12.429449816748848,,,73653.0,3387635335.0,45995.0,,3789.0,3.7,69065.0,3.188547258825443,0.0,0.0,control,0,,0,0.0,,,1,0,MINOR_COLO
19013,Black Hawk County,IA,2018,44558.0,7974022.0,52688.0,16.0,28.6,235.0991680173644,4.5,34.9,12.49794622582824,,,74644.0,3555409866.0,47631.0,35.0,3841.0,2.8,69404.0,3.776488173744834,0.0,0.0,control,0,,0,0.0,,,1,0,MINOR_COLO
19013,Black Hawk County,IA,2019,45136.0,7872282.0,53539.0,15.8,29.1,234.0103613388787,4.4,35.2,12.809766790478266,,,73630.0,3572322115.0,48517.0,42.0,3881.0,3.1,70478.0,4.162475593160168,0.0,0.0,control,0,,0,0.0,,,1,0,MINOR_COLO
19013,Black Hawk County,IA,2020,49242.0,7712598.0,54774.0,15.5,29.2,232.98518621952536,5.3,35.4,12.796930264837796,,,69743.0,3620367429.0,51910.0,40.0,3867.0,6.1,67261.0,5.728159705049233,164.661,9659.121,control,0,,0,0.0,,,1,0,MINOR_COLO
19013,Black Hawk County,IA,2021,52556.0,8164033.0,57191.0,15.0,29.5,232.24812065957647,5.2,35.6,13.13857609178667,,,71094.0,3848347587.0,54130.0,35.0,3843.0,4.2,67169.0,6.881236310537844,136.714,8738.377,control,0,,0,0.0,,,1,0,MINOR_COLO
19013,Black Hawk County,IA,2022,53193.0,7908976.0,62329.0,15.7,30.0,231.62064278479983,5.2,35.5,13.65297628639266,,,71550.0,4075780075.0,56964.0,33.0,3916.0,3.0,67499.0,7.833282255593012,88.373,10494.513,control,0,,0,0.0,,,1,0,MINOR_COLO
19013,Black Hawk County,IA,2023,55508.0,7778364.0,64581.0,14.7,30.1,231.00553771318783,4.8,35.7,,,,72075.0,4257647955.0,59073.0,,3916.0,,,8.544328004283638,11.33,693.39,control,0,,0,0.0,,,1,0,MINOR_COLO
19013,Black Hawk County,IA,2024,56987.0,7574396.0,,,,,,,13.692782289769813,,,70886.0,4226984528.0,59631.0,,3947.0,,,,0.0,0.0,control,0,,0,0.0,,,1,0,MINOR_COLO
19049,Dallas County,IA,2010,49170.0,3497386.0,67037.0,,40.2,104.90243906584917,3.5,34.3,10.48348330890964,,,30999.0,1385016096.0,44679.0,11.0,1679.0,4.6,37190.0,4.935635409676042,0.0,0.0,treated,1,2024.0,0,0.0,Apple,Apple,0,0,POST_PANEL_2023plus
19049,Dallas County,IA,2011,51263.0,3839175.0,71691.0,,41.1,109.4392477294709,4.2,34.2,10.37865514884319,,,33444.0,1583126805.0,47336.0,,1748.0,4.3,38374.0,4.897197369200687,0.0,0.0,treated,1,2024.0,0,0.0,Apple,Apple,0,0,POST_PANEL_2023plus
19049,Dallas County,IA,2012,53306.0,4414774.0,71878.0,7.0,42.1,113.8825665180461,3.5,34.3,10.623811851015654,,,34915.0,1693878379.0,48515.0,35.0,1880.0,3.9,39323.0,4.706450421791121,0.0,0.0,treated,1,2024.0,0,0.0,Apple,Apple,0,0,POST_PANEL_2023plus
19049,Dallas County,IA,2013,55042.0,4456276.0,73847.0,6.4,43.6,118.18140095427664,3.4,34.4,10.965406479757087,,,37074.0,1805493196.0,48700.0,,2034.0,3.6,40955.0,4.869161974163631,0.0,0.0,treated,1,2024.0,0,0.0,Apple,Apple,0,0,POST_PANEL_2023plus
19049,Dallas County,IA,2014,57402.0,4854779.0,74876.0,7.0,43.7,122.59752268829288,3.0,34.6,11.069383670812131,,,38118.0,1903827393.0,49946.0,39.0,2133.0,3.3,42713.0,4.365839763840696,0.0,0.0,treated,1,2024.0,0,0.0,Apple,Apple,0,0,POST_PANEL_2023plus
19049,Dallas County,IA,2015,60327.0,5193176.0,76320.0,6.5,44.2,127.30261312699837,2.6,34.7,11.637632267675135,,,40159.0,2083265701.0,51875.0,34.0,2245.0,2.8,43682.0,4.288143221483223,0.0,0.0,treated,1,2024.0,0,0.0,Apple,Apple,0,0,POST_PANEL_2023plus
19049,Dallas County,IA,2016,60470.0,5379683.0,78918.0,5.7,47.4,132.71142735241773,2.2,35.0,12.099792865782852,,,42222.0,2171947079.0,51441.0,27.0,2365.0,2.6,46059.0,4.494728844144743,0.0,0.0,treated,1,2024.0,0,0.0,Apple,Apple,0,0,POST_PANEL_2023plus
19049,Dallas County,IA,2017,62492.0,5242758.0,82719.0,5.4,49.1,137.45391374114183,2.4,35.1,12.48083598300347,,,43836.0,2309875749.0,52694.0,17.0,2466.0,2.1,47374.0,5.017431129947365,0.0,0.0,treated,1,2024.0,0,0.0,Apple,Apple,0,0,POST_PANEL_2023plus
19049,Dallas County,IA,2018,65276.0,5293956.0,84790.0,5.9,49.4,142.787936066524,2.4,35.3,12.545186762259092,,,45160.0,2471604404.0,54730.0,30.0,2609.0,1.7,49269.0,4.624607479303454,0.0,0.0,treated,1,2024.0,0,0.0,Apple,Apple,0,0,POST_PANEL_2023plus
19049,Dallas County,IA,2019,67300.0,5940730.0,88479.0,5.2,50.4,148.05226593959875,2.7,35.4,12.864521683957,,,46511.0,2695972699.0,57964.0,26.0,2729.0,1.9,51909.0,5.460401424823496,0.0,0.0,treated,1,2024.0,0,0.0,Apple,Apple,0,0,POST_PANEL_2023plus
19049,Dallas County,IA,2020,70079.0,6514851.0,88368.0,5.2,50.5,153.6939549446795,3.2,35.4,12.858024854360323,,,44844.0,2826142897.0,63022.0,51.0,2852.0,3.5,50683.0,9.129838273811998,75.776,9119.508,treated,1,2024.0,0,0.0,Apple,Apple,0,0,POST_PANEL_2023plus
19049,Dallas County,IA,2021,77851.0,7071880.0,93492.0,5.7,50.4,164.2090161635495,2.8,35.5,13.181984779590456,,,47146.0,3051317321.0,64721.0,85.0,3052.0,2.7,52067.0,13.907849829351536,61.998,10312.403,treated,1,2024.0,0,0.0,Apple,Apple,0,0,POST_PANEL_2023plus
19049,Dallas County,IA,2022,79169.0,7784145.0,99533.0,5.7,51.5,170.60542343264223,3.0,35.6,13.690961116390222,,,49900.0,3552016351.0,71182.0,38.0,3290.0,2.1,53951.0,16.1180725532459,40.184,10958.794,treated,1,2024.0,0,0.0,Apple,Apple,0,0,POST_PANEL_2023plus
19049,Dallas County,IA,2023,82661.0,8239465.0,102349.0,5.8,51.6,177.01202959719464,2.9,35.8,,,,52777.0,3912527227.0,74133.0,,3419.0,,,18.63259644100443,5.741,568.319,treated,1,2024.0,0,0.0,Apple,Apple,0,0,POST_PANEL_2023plus
19049,Dallas County,IA,2024,85124.0,8550013.0,,,,,,,13.749400528504012,,,55258.0,4217110415.0,76316.0,,3600.0,,,,0.0,0.0,treated,1,2024.0,1,0.0,Apple,Apple,0,0,POST_PANEL_2023plus
19103,Johnson County,IA,2010,40436.0,8172943.0,51380.0,,50.8,207.16802610114192,4.2,28.8,10.527163803946326,,,74439.0,3109098278.0,41767.0,,3530.0,4.3,79040.0,3.6551636100591463,0.0,0.0,control,0,,0,0.0,,,1,0,
19103,Johnson County,IA,2011,43119.0,8515030.0,53703.0,,50.6,210.69983686786296,4.5,29.0,10.444340144761355,,,76347.0,3242310562.0,42468.0,,3536.0,4.1,80001.0,3.792451255806192,0.0,0.0,control,0,,0,0.0,,,1,0,
19103,Johnson County,IA,2012,44414.0,8606565.0,53993.0,17.6,51.2,214.7259380097879,4.3,29.3,10.70023625811498,,,77885.0,3410611805.0,43790.0,,3639.0,3.7,80618.0,3.5649207414815933,0.0,0.0,control,0,,0,0.0,,,1,0,
19103,Johnson County,IA,2013,44839.0,8955883.0,53424.0,17.7,51.1,218.65252854812397,4.3,29.5,11.021978564216024,,,79626.0,3566856507.0,44795.0,,3846.0,3.4,82852.0,3.844595689515476,0.0,0.0,control,0,,0,0.0,,,1,0,
19103,Johnson County,IA,2014,46622.0,9161769.0,54985.0,17.7,51.7,223.16802610114192,3.6,29.7,11.115768483301071,,,80253.0,3710258131.0,46232.0,,3964.0,3.1,84034.0,4.176017954472587,0.0,0.0,control,0,,0,0.0,,,1,0,
19103,Johnson County,IA,2015,47619.0,9019736.0,55700.0,17.9,51.3,227.4649265905383,3.5,29.8,11.673968990282583,,,81551.0,3884231825.0,47630.0,,4026.0,2.6,83898.0,4.120509369499948,0.0,0.0,control,0,,0,0.0,,,1,0,
19103,Johnson County,IA,2016,48965.0,9163390.0,56808.0,17.9,52.4,231.65742251223492,3.2,29.9,12.10354569806548,,,83102.0,4039771299.0,48612.0,,4109.0,2.6,84759.0,4.288051542861491,0.0,0.0,control,0,,0,0.0,,,1,0,
19103,Johnson County,IA,2017,50640.0,9669021.0,59965.0,17.7,52.7,235.60358890701468,3.3,29.9,12.47696574636349,,,84148.0,4190196925.0,49796.0,80.0,4187.0,2.4,86226.0,4.245718132183192,0.0,0.0,control,0,,0,0.0,,,1,0,
19103,Johnson County,IA,2018,53440.0,9700996.0,61640.0,17.8,53.0,239.80587275693313,3.3,30.0,12.509645841377347,,,83916.0,4311306168.0,51376.0,85.0,4283.0,2.0,86767.0,4.011326680763191,0.0,0.0,control,0,,0,0.0,,,1,0,
19103,Johnson County,IA,2019,54043.0,9625859.0,62542.0,18.1,52.8,242.3768352365416,3.5,30.3,12.81625851014706,,,83508.0,4372110356.0,52356.0,85.0,4400.0,2.0,88184.0,4.2794515890074925,0.0,0.0,control,0,,0,0.0,,,1,0,
19103,Johnson County,IA,2020,56241.0,9368536.0,63062.0,17.2,54.3,246.0342577487765,3.7,30.4,12.819145337893682,,,78683.0,4470910421.0,56822.0,87.0,4491.0,4.7,84503.0,6.571962249311836,31.633,7502.507,control,0,,0,0.0,,,1,0,
19103,Johnson County,IA,2021,60982.0,9680610.0,67414.0,16.7,54.1,247.6884176182708,3.8,30.7,13.139973307696796,,,80064.0,4702507302.0,58735.0,105.0,4672.0,3.4,84706.0,9.297704526337604,46.441,7545.582,control,0,,0,0.0,,,1,0,
19103,Johnson County,IA,2022,60853.0,9608045.0,72977.0,16.9,54.1,250.17944535073408,3.8,30.6,13.654891239903474,,,82312.0,5004104298.0,60795.0,68.0,5025.0,2.3,86408.0,10.89414556195826,36.345,14548.012,control,0,,0,0.0,,,1,0,
19103,Johnson County,IA,2023,63713.0,9723176.0,74721.0,16.7,54.6,252.6606851549755,3.7,30.8,,,,83209.0,5194737446.0,62430.0,60.0,5119.0,,,12.586920480433202,8.75,788.144,control,0,,0,0.0,,,1,0,
19103,Johnson County,IA,2024,66028.0,9887747.0,,,,,,,13.757421314022208,,,83750.0,5390451582.0,64363.0,44.0,5140.0,,,,0.0,0.0,control,0,,0,0.0,,,1,0,
19113,Linn County,IA,2010,41819.0,14823363.0,53674.0,,29.6,289.7460320559396,5.0,36.5,13.06178017675201,,,124148.0,5481252980.0,44151.0,460.0,6251.0,6.1,119813.0,3.2457711258130666,0.0,0.0,control,0,,0,0.0,,,1,0,FUTURE_DC_2023plus
19113,Linn County,IA,2011,43341.0,15300524.0,55666.0,,30.0,292.8782708256922,5.0,36.6,12.851433667606834,,,125010.0,5711526764.0,45689.0,688.0,6216.0,5.8,119906.0,3.3202874961136817,0.0,0.0,control,0,,0,0.0,,,1,0,FUTURE_DC_2023plus
19113,Linn County,IA,2012,45335.0,15199004.0,56790.0,10.0,30.9,295.58795022445855,5.1,36.7,12.902072799328986,,,126360.0,5868764321.0,46445.0,827.0,6291.0,5.2,119371.0,3.861923507004736,0.0,0.0,control,0,,0,0.0,,,1,0,FUTURE_DC_2023plus
19113,Linn County,IA,2013,44986.0,14919334.0,57260.0,9.7,31.2,297.6393853225467,5.5,36.9,13.50731702087783,,,126610.0,6005844986.0,47436.0,844.0,6406.0,5.0,119830.0,3.876537841314707,0.0,0.0,control,0,,0,0.0,,,1,0,FUTURE_DC_2023plus
19113,Linn County,IA,2014,46885.0,15672628.0,59560.0,9.5,31.7,299.7340525675014,5.1,36.9,13.38537880282654,,,127927.0,6295381569.0,49211.0,853.0,6497.0,4.4,121005.0,3.6217988924929663,0.0,0.0,control,0,,0,0.0,,,1,0,FUTURE_DC_2023plus
19113,Linn County,IA,2015,48329.0,16306995.0,59322.0,9.8,31.5,302.12297732822543,4.8,37.1,13.978548348250747,,,129160.0,6581114669.0,50953.0,828.0,6533.0,3.8,120196.0,3.353688346088549,0.0,0.0,control,0,,0,0.0,,,1,0,FUTURE_DC_2023plus
19113,Linn County,IA,2016,49162.0,16867139.0,60989.0,9.4,32.2,304.12560193791586,4.2,37.2,14.409289664327426,,,129649.0,6669337127.0,51441.0,852.0,6657.0,3.6,119414.0,3.4281456808519963,0.0,0.0,control,0,,0,0.0,,,1,0,FUTURE_DC_2023plus
19113,Linn County,IA,2017,49977.0,16867116.0,62702.0,9.5,32.3,306.8199408974715,3.8,37.4,14.871287634675,,,129627.0,6869102469.0,52991.0,871.0,6781.0,3.3,119930.0,3.2184543131431727,0.0,0.0,control,0,,0,0.0,,,1,0,FUTURE_DC_2023plus
19113,Linn County,IA,2018,51767.0,17176185.0,64862.0,9.5,33.0,309.7666998113126,3.5,37.5,15.285224057879566,,,130637.0,7213665710.0,55219.0,824.0,6922.0,2.8,121787.0,3.3025313428756875,0.0,0.0,control,0,,0,0.0,,,1,0,FUTURE_DC_2023plus
19113,Linn County,IA,2019,52628.0,16813500.0,64903.0,10.2,33.1,312.19327837737205,3.7,37.7,16.00845647540724,,,131354.0,7156827354.0,54485.0,713.0,7064.0,2.8,124638.0,3.816449006035394,0.0,0.0,control,0,,0,0.0,,,1,0,FUTURE_DC_2023plus
19113,Linn County,IA,2020,55615.0,16589410.0,67301.0,9.4,34.1,314.61985694343144,3.9,37.7,15.961864561859604,,,123175.0,7222714313.0,58638.0,657.0,7138.0,6.2,119332.0,6.618781906684079,109.443,7418.443,control,0,,0,0.0,,,1,0,FUTURE_DC_2023plus
19113,Linn County,IA,2021,59784.0,17728784.0,70360.0,9.6,34.3,318.7561971887948,3.9,37.9,16.170111718632484,,,124853.0,7500021341.0,60071.0,606.0,7328.0,4.5,119547.0,9.364430606027543,90.235,9181.144,control,0,,0,0.0,,,1,0,FUTURE_DC_2023plus
19113,Linn County,IA,2022,60886.0,17591539.0,75457.0,9.5,34.6,319.7895849574442,3.8,38.2,17.0390525065041,,,126890.0,8056701955.0,63494.0,660.0,7668.0,3.2,120784.0,11.681265799396998,89.788,11706.818,control,0,,0,0.0,,,1,0,FUTURE_DC_2023plus
19113,Linn County,IA,2023,63901.0,17360484.0,76421.0,9.9,34.8,320.0057456917771,3.7,38.5,,,,126778.0,8247017796.0,65051.0,663.0,7727.0,,,13.74060659400176,8.934,774.588,control,0,,0,0.0,,,1,0,FUTURE_DC_2023plus
19113,Linn County,IA,2024,66525.0,17575215.0,,,,,,,17.32515712018344,,,125917.0,8513575850.0,67613.0,577.0,7760.0,,,,0.0,0.0,control,0,,0,0.0,,,1,0,FUTURE_DC_2023plus
19153,Polk County,IA,2010,42560.0,33075806.0,56094.0,,32.8,732.7887675441586,5.4,34.8,10.501473307724456,,,265719.0,12326730054.0,46390.0,1948.0,14642.0,6.1,244314.0,3.544212309429701,0.0,0.0,treated,1,2012.0,0,0.0,Microsoft,Microsoft;Meta,1,1,PRE_COVID_COHORT;MULTIPLE_OPERATORS;COUNTY_BORDER_AMBIGUITY
19153,Polk County,IA,2011,43289.0,32854550.0,57473.0,,33.8,743.7657178708806,5.8,34.8,10.395867556633378,,,266882.0,12704658480.0,47604.0,1851.0,14670.0,5.8,244046.0,3.617610355454371,0.0,0.0,treated,1,2012.0,0,0.0,Microsoft,Microsoft;Meta,1,1,PRE_COVID_COHORT;MULTIPLE_OPERATORS;COUNTY_BORDER_AMBIGUITY
19153,Polk County,IA,2012,45781.0,34748904.0,58096.0,11.3,34.3,754.6517907231575,5.8,34.7,10.644822217484412,,,272170.0,13314030800.0,48918.0,1838.0,15164.0,5.2,245132.0,3.8132937926408417,0.0,0.0,treated,1,2012.0,1,0.0,Microsoft,Microsoft;Meta,1,1,PRE_COVID_COHORT;MULTIPLE_OPERATORS;COUNTY_BORDER_AMBIGUITY
19153,Polk County,IA,2013,44957.0,33765554.0,59018.0,11.8,34.9,766.0044844538352,6.2,34.8,10.9869793207364,,,278559.0,13865903633.0,49777.0,1728.0,15719.0,4.8,250729.0,3.860248243252118,0.0,0.0,treated,1,2012.0,1,1.0,Microsoft,Microsoft;Meta,1,1,PRE_COVID_COHORT;MULTIPLE_OPERATORS;COUNTY_BORDER_AMBIGUITY
19153,Polk County,IA,2014,47386.0,38497710.0,59844.0,12.5,35.4,777.9391435497091,6.0,34.9,11.090694789539771,,,285777.0,14671387399.0,51339.0,1710.0,16273.0,4.2,255659.0,3.940146819488209,0.0,0.0,treated,1,2012.0,1,2.0,Microsoft,Microsoft;Meta,1,1,PRE_COVID_COHORT;MULTIPLE_OPERATORS;COUNTY_BORDER_AMBIGUITY
19153,Polk County,IA,2015,49231.0,42192632.0,60061.0,12.9,35.8,790.5798507162718,5.8,35.0,11.65647283048069,,,288727.0,15364201338.0,53214.0,1548.0,16547.0,3.6,255669.0,3.6536251011111585,0.0,0.0,treated,1,2012.0,1,3.0,Microsoft,Microsoft;Meta,1,1,PRE_COVID_COHORT;MULTIPLE_OPERATORS;COUNTY_BORDER_AMBIGUITY
19153,Polk County,IA,2016,50228.0,43847649.0,61684.0,12.4,35.6,802.446351706312,5.2,35.0,12.120923977210328,,,294984.0,15959900347.0,54104.0,1452.0,17011.0,3.4,258689.0,3.638739968699011,0.0,0.0,treated,1,2012.0,1,4.0,Microsoft,Microsoft;Meta,1,1,PRE_COVID_COHORT;MULTIPLE_OPERATORS;COUNTY_BORDER_AMBIGUITY
19153,Polk County,IA,2017,51147.0,43240294.0,63530.0,11.7,35.3,816.5603225451285,4.7,35.2,12.500137491152492,,,298553.0,16643324887.0,55747.0,1353.0,17308.0,3.0,262617.0,3.7399134128742455,0.0,0.0,treated,1,2012.0,1,5.0,Microsoft,Microsoft;Meta,1,1,PRE_COVID_COHORT;MULTIPLE_OPERATORS;COUNTY_BORDER_AMBIGUITY
19153,Polk County,IA,2018,52401.0,43303726.0,66044.0,11.1,36.1,828.8619868262616,4.3,35.3,12.565768119371958,,,301968.0,17268189424.0,57186.0,1408.0,17668.0,2.6,267383.0,4.224326001240918,0.0,0.0,treated,1,2012.0,1,6.0,Microsoft,Microsoft;Meta,1,1,PRE_COVID_COHORT;MULTIPLE_OPERATORS;COUNTY_BORDER_AMBIGUITY
19153,Polk County,IA,2019,53702.0,44891497.0,67637.0,10.4,36.7,838.1909091067969,4.2,35.5,12.88355135853779,,,303035.0,17669839699.0,58310.0,1334.0,18139.0,2.8,273764.0,4.288208120400755,0.0,0.0,treated,1,2012.0,1,7.0,Microsoft,Microsoft;Meta,1,1,PRE_COVID_COHORT;MULTIPLE_OPERATORS;COUNTY_BORDER_AMBIGUITY
19153,Polk County,IA,2020,57449.0,45811649.0,69747.0,10.4,37.6,848.3377286573378,4.6,35.7,12.867176778924826,,,288496.0,18314880542.0,63484.0,1271.0,18429.0,5.9,264046.0,6.780570148453153,85.486,8652.619,treated,1,2012.0,1,8.0,Microsoft,Microsoft;Meta,1,1,PRE_COVID_COHORT;MULTIPLE_OPERATORS;COUNTY_BORDER_AMBIGUITY
19153,Polk County,IA,2021,61855.0,50420264.0,73015.0,10.1,38.0,854.3723424892389,4.4,35.9,13.188375549046622,,,296465.0,19520565764.0,65844.0,1307.0,18941.0,4.1,268498.0,10.016419717768956,93.2,9917.183,treated,1,2012.0,1,9.0,Microsoft,Microsoft;Meta,1,1,PRE_COVID_COHORT;MULTIPLE_OPERATORS;COUNTY_BORDER_AMBIGUITY
19153,Polk County,IA,2022,63676.0,49240656.0,78827.0,10.3,38.9,862.2489728223923,4.5,36.1,13.696707346036318,,,306109.0,20976205787.0,68525.0,1218.0,20067.0,2.8,276399.0,12.429349980952678,69.223,11644.621,treated,1,2012.0,1,10.0,Microsoft,Microsoft;Meta,1,1,PRE_COVID_COHORT;MULTIPLE_OPERATORS;COUNTY_BORDER_AMBIGUITY
19153,Polk County,IA,2023,67094.0,48962248.0,81621.0,10.1,39.5,869.3496493352837,4.4,36.2,,,,313794.0,21987327814.0,70069.0,967.0,20278.0,,,13.90573387527831,8.966,654.279,treated,1,2012.0,1,11.0,Microsoft,Microsoft;Meta,1,1,PRE_COVID_COHORT;MULTIPLE_OPERATORS;COUNTY_BORDER_AMBIGUITY
19153,Polk County,IA,2024,69800.0,50518845.0,,,,,,,13.75752669723827,,,317845.0,23061957325.0,72557.0,1183.0,20581.0,,,,0.0,0.0,treated,1,2012.0,1,12.0,Microsoft,Microsoft;Meta,1,1,PRE_COVID_COHORT;MULTIPLE_OPERATORS;COUNTY_BORDER_AMBIGUITY
19155,Pottawattamie County,IA,2010,34040.0,4199866.0,48728.0,,17.3,96.63733038428708,6.5,38.2,11.151115197383143,,,37919.0,1252701556.0,33036.0,,2452.0,5.9,50212.0,4.5295561686689405,0.0,0.0,treated,1,2009.0,1,1.0,Google,Google,0,1,ALWAYS_TREATED
19155,Pottawattamie County,IA,2011,35866.0,4146566.0,49924.0,,17.7,97.20078884184058,6.4,38.5,11.772310140007212,,,37847.0,1272007878.0,33610.0,9.0,2438.0,5.7,49755.0,4.1275153387394345,0.0,0.0,treated,1,2009.0,1,2.0,Google,Google,0,1,ALWAYS_TREATED
19155,Pottawattamie County,IA,2012,38384.0,4371208.0,49941.0,13.2,18.2,97.546643007018,6.3,38.5,8.904133162217223,,,37397.0,1303514229.0,34856.0,17.0,2473.0,5.1,48657.0,3.892860218758074,0.0,0.0,treated,1,2009.0,1,3.0,Google,Google,0,1,ALWAYS_TREATED
19155,Pottawattamie County,IA,2013,38626.0,4389330.0,51304.0,13.8,19.1,97.72430061770184,6.5,38.6,8.982390076688644,,,37786.0,1379824274.0,36517.0,12.0,2488.0,4.6,48696.0,3.5537513025356025,0.0,0.0,treated,1,2009.0,1,4.0,Google,Google,0,1,ALWAYS_TREATED
19155,Pottawattamie County,IA,2014,39213.0,4395194.0,51939.0,13.2,19.7,97.92508525462856,5.9,38.7,9.265431020377097,,,38817.0,1459868852.0,37609.0,3.0,2536.0,4.3,49193.0,3.083652506963788,0.0,0.0,treated,1,2009.0,1,5.0,Google,Google,0,1,ALWAYS_TREATED
19155,Pottawattamie County,IA,2015,41734.0,4461011.0,51976.0,13.0,20.2,97.98815896256365,5.0,39.2,9.805217012867018,,,39118.0,1513110492.0,38681.0,3.0,2564.0,3.6,49001.0,2.9883000087313367,0.0,0.0,treated,1,2009.0,1,6.0,Google,Google,0,1,ALWAYS_TREATED
19155,Pottawattamie County,IA,2016,41580.0,4453949.0,53260.0,11.8,20.7,97.97239053557988,4.9,39.3,10.283838074106075,,,38401.0,1495631535.0,38948.0,3.0,2557.0,3.4,48517.0,2.984945116924812,0.0,0.0,treated,1,2009.0,1,7.0,Google,Google,0,1,ALWAYS_TREATED
19155,Pottawattamie County,IA,2017,42104.0,4349095.0,56291.0,11.2,21.2,98.06594986901692,4.7,39.6,10.608456147049388,,,38736.0,1568675524.0,40497.0,6.0,2559.0,2.7,48011.0,3.182281611314779,0.0,0.0,treated,1,2009.0,1,8.0,Google,Google,0,1,ALWAYS_TREATED
19155,Pottawattamie County,IA,2018,44268.0,4510550.0,57467.0,11.1,21.2,98.29301521758326,4.3,39.5,10.359515647261478,,,39707.0,1680249931.0,42316.0,4.0,2541.0,2.4,48266.0,2.976792205278214,0.0,0.0,treated,1,2009.0,1,9.0,Google,Google,0,1,ALWAYS_TREATED
19155,Pottawattamie County,IA,2019,44885.0,4346909.0,60065.0,10.7,21.5,98.17738008636891,3.8,39.7,10.332466510933592,,,40229.0,1769642703.0,43989.0,,2570.0,2.4,48862.0,3.4230827083825774,0.0,0.0,treated,1,2009.0,1,10.0,Google,Google,0,1,ALWAYS_TREATED
19155,Pottawattamie County,IA,2020,47687.0,4097120.0,59901.0,10.3,21.9,98.26673450594365,4.2,39.6,10.33572437315588,,,37660.0,1767486999.0,46933.0,4.0,2571.0,5.2,47020.0,4.798724417360155,101.721,8855.053,treated,1,2009.0,1,11.0,Google,Google,0,1,ALWAYS_TREATED
19155,Pottawattamie County,IA,2021,51528.0,4322099.0,63840.0,10.9,22.9,98.36449875324304,3.8,39.5,10.751816997085454,,,38371.0,1871618113.0,48777.0,6.0,2630.0,3.9,47134.0,6.149324966303555,164.895,10075.702,treated,1,2009.0,1,12.0,Google,Google,0,1,ALWAYS_TREATED
19155,Pottawattamie County,IA,2022,55698.0,4474506.0,68718.0,11.3,23.4,98.33506435620666,3.6,39.7,11.00503887740162,,,39296.0,2049182485.0,52147.0,4.0,2706.0,2.9,47609.0,7.411842980705256,104.933,10611.074,treated,1,2009.0,1,13.0,Google,Google,0,1,ALWAYS_TREATED
19155,Pottawattamie County,IA,2023,58548.0,4610420.0,71446.0,10.9,23.5,98.19209728488713,3.8,40.1,,,,39921.0,2144970145.0,53730.0,11.0,2689.0,,,8.91353735132968,7.495,492.542,treated,1,2009.0,1,14.0,Google,Google,0,1,ALWAYS_TREATED
19155,Pottawattamie County,IA,2024,62836.0,4836746.0,,,,,,,11.012150770235772,,,41403.0,2334985771.0,56397.0,16.0,2746.0,,,,0.0,0.0,treated,1,2009.0,1,15.0,Google,Google,0,1,ALWAYS_TREATED
19163,Scott County,IA,2010,44113.0,8486992.0,49964.0,,29.7,354.03932800111767,5.5,37.4,10.482630300315575,,,85009.0,3198625165.0,37627.0,,5220.0,6.7,87001.0,3.114963869931754,0.0,0.0,control,0,,0,0.0,,,1,0,FUTURE_DC_2023plus
19163,Scott County,IA,2011,46639.0,8759005.0,51274.0,,30.3,357.27664070413186,5.6,37.5,10.394984169729382,,,86767.0,3367286293.0,38809.0,,5175.0,6.2,87484.0,3.20254110612855,0.0,0.0,control,0,,0,0.0,,,1,0,FUTURE_DC_2023plus
19163,Scott County,IA,2012,47366.0,9187307.0,53002.0,12.6,30.8,361.1295448988858,5.7,37.4,10.640394047818384,,,88155.0,3546263396.0,40228.0,6.0,5281.0,5.7,87600.0,3.165515871044658,0.0,0.0,control,0,,0,0.0,,,1,0,FUTURE_DC_2023plus
19163,Scott County,IA,2013,46798.0,9094322.0,52735.0,13.1,31.6,364.7270441130243,5.8,37.4,10.975959522580297,,,88846.0,3594368467.0,40456.0,,5387.0,5.6,88245.0,3.2295646727215783,0.0,0.0,control,0,,0,0.0,,,1,0,FUTURE_DC_2023plus
19163,Scott County,IA,2014,47756.0,9163602.0,53704.0,12.8,31.9,368.2939820474311,5.9,37.5,11.078288591350816,,,89869.0,3701659314.0,41189.0,8.0,5473.0,5.2,88865.0,3.5630798001919337,0.0,0.0,control,0,,0,0.0,,,1,0,FUTURE_DC_2023plus
19163,Scott County,IA,2015,48646.0,9382416.0,55114.0,12.1,32.1,371.0881561943348,5.4,37.6,11.642454973465044,,,90943.0,3874762328.0,42607.0,9.0,5505.0,4.6,87907.0,3.737495877761899,0.0,0.0,control,0,,0,0.0,,,1,0,FUTURE_DC_2023plus
19163,Scott County,IA,2016,49571.0,9241902.0,56454.0,12.2,31.9,373.53742446998007,4.9,37.7,12.094834481200202,,,90642.0,3901879951.0,43047.0,10.0,5544.0,4.5,87175.0,4.038351564115979,0.0,0.0,control,0,,0,0.0,,,1,0,FUTURE_DC_2023plus
19163,Scott County,IA,2017,51789.0,9505890.0,57681.0,12.3,31.9,374.3603960741853,4.2,38.1,12.480603347120836,,,90939.0,4007856236.0,44072.0,22.0,5584.0,3.6,87229.0,4.351619587741302,0.0,0.0,control,0,,0,0.0,,,1,0,FUTURE_DC_2023plus
19163,Scott County,IA,2018,53002.0,9402538.0,58803.0,12.1,31.9,376.0958401732388,4.2,38.3,12.538549046277424,,,90845.0,4156941763.0,45758.0,15.0,5692.0,3.0,88647.0,4.40209544038854,0.0,0.0,control,0,,0,0.0,,,1,0,FUTURE_DC_2023plus
19163,Scott County,IA,2019,53633.0,9584086.0,61183.0,12.1,31.8,376.4407460444973,3.8,38.3,12.856735524216525,,,91102.0,4289815025.0,47088.0,16.0,5772.0,3.2,90787.0,4.3814000335739465,0.0,0.0,control,0,,0,0.0,,,1,0,FUTURE_DC_2023plus
19163,Scott County,IA,2020,56450.0,9434663.0,63876.0,11.9,32.6,377.51475673221336,4.0,38.4,12.857011579938275,,,84266.0,4243878549.0,50363.0,14.0,5802.0,6.7,86696.0,5.42170833383103,88.144,8182.272,control,0,,0,0.0,,,1,0,FUTURE_DC_2023plus
19163,Scott County,IA,2021,61618.0,9813086.0,67675.0,11.8,33.6,380.20414934860815,4.1,38.7,13.178850687026806,,,86292.0,4539875811.0,52611.0,24.0,5832.0,4.9,87108.0,6.959216735930126,91.623,9709.126,control,0,,0,0.0,,,1,0,FUTURE_DC_2023plus
19163,Scott County,IA,2022,63006.0,9974532.0,72792.0,11.9,34.9,380.5206768886871,4.0,38.7,13.696751234400146,,,88383.0,4916916555.0,55632.0,24.0,6071.0,3.3,88315.0,8.155611204938559,70.167,9943.982,control,0,,0,0.0,,,1,0,FUTURE_DC_2023plus
19163,Scott County,IA,2023,66543.0,10270984.0,76363.0,11.6,36.2,380.4922985575076,3.7,39.0,,,,89846.0,5291918552.0,58900.0,23.0,6125.0,,,9.909393815397204,11.018,698.769,control,0,,0,0.0,,,1,0,FUTURE_DC_2023plus
19163,Scott County,IA,2024,70007.0,10565169.0,,,,,,,13.747321068529244,,,90947.0,5560352045.0,61138.0,,6239.0,,,,0.0,0.0,control,0,,0,0.0,,,1,0,FUTURE_DC_2023plus
29047,Clay County,MO,2010,39933.0,10697796.0,58559.0,,30.2,540.6965194146802,4.9,36.0,8.767075855041739,,,89364.0,4005614954.0,44824.0,321.0,4993.0,8.3,124476.0,2.8084706222760727,0.0,0.0,treated,1,2025.0,0,0.0,Meta,Meta,0,0,POST_PANEL_2023plus;COUNTY_BORDER_AMBIGUITY
29047,Clay County,MO,2011,39935.0,10040959.0,60507.0,,30.6,550.1316441308344,5.9,36.1,10.443787330393857,,,88498.0,3905753176.0,44134.0,288.0,4974.0,7.5,125008.0,2.846374378164995,0.0,0.0,treated,1,2025.0,0,0.0,Meta,Meta,0,0,POST_PANEL_2023plus;COUNTY_BORDER_AMBIGUITY
29047,Clay County,MO,2012,40403.0,9850944.0,60560.0,8.3,30.6,558.3823488732922,6.4,36.4,10.086152247316228,,,86167.0,3746921792.0,43485.0,252.0,5112.0,6.3,125609.0,3.06431877427249,0.0,0.0,treated,1,2025.0,0,0.0,Meta,Meta,0,0,POST_PANEL_2023plus;COUNTY_BORDER_AMBIGUITY
29047,Clay County,MO,2013,41584.0,10514270.0,60936.0,9.0,30.6,566.0974242008937,6.8,36.3,10.749606821351634,,,88870.0,3962622074.0,44589.0,343.0,5175.0,6.1,126423.0,3.2014883261620937,0.0,0.0,treated,1,2025.0,0,0.0,Meta,Meta,0,0,POST_PANEL_2023plus;COUNTY_BORDER_AMBIGUITY
29047,Clay County,MO,2014,43153.0,11323738.0,61184.0,9.3,30.7,573.3095611107898,6.7,36.5,10.775307310206392,,,93151.0,4224790162.0,45354.0,358.0,5218.0,5.4,128935.0,3.7074732291204535,0.0,0.0,treated,1,2025.0,0,0.0,Meta,Meta,0,0,POST_PANEL_2023plus;COUNTY_BORDER_AMBIGUITY
29047,Clay County,MO,2015,45289.0,12070539.0,62099.0,8.8,31.0,579.286984205219,6.1,36.6,11.503388302362652,,,97566.0,4599477673.0,47142.0,352.0,5397.0,4.6,131384.0,4.155531686358754,0.0,0.0,treated,1,2025.0,0,0.0,Meta,Meta,0,0,POST_PANEL_2023plus;COUNTY_BORDER_AMBIGUITY
29047,Clay County,MO,2016,45614.0,11382762.0,63702.0,9.1,31.9,586.2627400587935,5.2,36.8,11.316356710608256,,,102606.0,4794571004.0,46728.0,347.0,5522.0,3.9,133855.0,4.643650312941651,0.0,0.0,treated,1,2025.0,0,0.0,Meta,Meta,0,0,POST_PANEL_2023plus;COUNTY_BORDER_AMBIGUITY
29047,Clay County,MO,2017,46374.0,12224029.0,65675.0,8.9,31.9,593.6383319544439,4.4,36.8,11.73854949317418,,,104865.0,4992978435.0,47613.0,384.0,5689.0,3.6,134515.0,5.09842470902137,0.0,0.0,treated,1,2025.0,0,0.0,Meta,Meta,0,0,POST_PANEL_2023plus;COUNTY_BORDER_AMBIGUITY
29047,Clay County,MO,2018,47465.0,12288776.0,68367.0,7.9,32.7,601.4238186605241,4.0,37.1,11.382287831339973,,,104308.0,5059265466.0,48503.0,339.0,5647.0,2.9,134780.0,5.353164669761262,0.0,0.0,treated,1,2025.0,0,0.0,Meta,Meta,0,0,POST_PANEL_2023plus;COUNTY_BORDER_AMBIGUITY
29047,Clay County,MO,2019,49112.0,12693531.0,70510.0,8.2,33.2,609.8530665412674,3.9,37.1,10.942298241024586,,,104575.0,5255579706.0,50257.0,311.0,5831.0,2.8,136934.0,5.420262723695901,0.0,0.0,treated,1,2025.0,0,0.0,Meta,Meta,0,0,POST_PANEL_2023plus;COUNTY_BORDER_AMBIGUITY
29047,Clay County,MO,2020,52801.0,12734636.0,72047.0,8.2,32.8,619.8213059801892,4.1,37.2,11.018462170077308,,,101159.0,5339120876.0,52779.0,305.0,6030.0,6.1,135882.0,6.540896212056167,40.41,2941.662,treated,1,2025.0,0,0.0,Meta,Meta,0,0,POST_PANEL_2023plus;COUNTY_BORDER_AMBIGUITY
29047,Clay County,MO,2021,55861.0,13174353.0,75596.0,8.2,34.2,629.0099908716677,4.2,37.4,11.298753902579874,,,103942.0,5671924150.0,54568.0,286.0,6168.0,4.7,137274.0,9.233329243604686,72.573,4832.258,treated,1,2025.0,0,0.0,Meta,Meta,0,0,POST_PANEL_2023plus;COUNTY_BORDER_AMBIGUITY
29047,Clay County,MO,2022,56764.0,13766841.0,82264.0,8.3,34.9,636.4308472249115,4.0,37.5,11.675857579810684,,,107380.0,6365616053.0,59281.0,298.0,6454.0,2.6,137802.0,11.587438909631787,141.022,5693.233,treated,1,2025.0,0,0.0,Meta,Meta,0,0,POST_PANEL_2023plus;COUNTY_BORDER_AMBIGUITY
29047,Clay County,MO,2023,59761.0,14090999.0,86150.0,8.5,36.0,642.6697982965476,3.9,37.6,,,,110425.0,6796490470.0,61549.0,299.0,6703.0,,,14.011848448669316,8.247,406.571,treated,1,2025.0,0,0.0,Meta,Meta,0,0,POST_PANEL_2023plus;COUNTY_BORDER_AMBIGUITY
29047,Clay County,MO,2024,62130.0,14182365.0,,,,,,,12.745819331709034,,,111855.0,7057316183.0,63093.0,291.0,6664.0,,,,0.0,0.0,treated,1,2025.0,0,0.0,Meta,Meta,0,0,POST_PANEL_2023plus;COUNTY_BORDER_AMBIGUITY
29077,Greene County,MO,2010,34413.0,14909002.0,41059.0,,27.5,400.0864763692956,6.8,35.6,9.080212882072471,,,146573.0,5177734416.0,35325.0,244.0,7993.0,8.3,144128.0,3.895815973151284,0.0,0.0,control,0,,0,0.0,,,1,0,MINOR_COLO
29077,Greene County,MO,2011,35169.0,14683433.0,41622.0,,27.8,404.27702645673446,7.6,35.6,9.905333006134736,,,148081.0,5313994618.0,35886.0,241.0,7959.0,7.5,143671.0,3.791762013729977,0.0,0.0,control,0,,0,0.0,,,1,0,MINOR_COLO
29077,Greene County,MO,2012,36410.0,14875504.0,41458.0,17.9,27.9,408.20252054924345,8.0,35.6,10.272137892168582,,,153260.0,5636194439.0,36775.0,238.0,8040.0,6.1,142979.0,3.746776904763715,0.0,0.0,control,0,,0,0.0,,,1,0,MINOR_COLO
29077,Greene County,MO,2013,36104.0,14966445.0,40337.0,18.7,28.3,411.99326550466515,8.5,35.6,10.399672703470303,,,154279.0,5752759348.0,37288.0,569.0,8103.0,5.6,144083.0,3.6526427854752113,0.0,0.0,control,0,,0,0.0,,,1,0,MINOR_COLO
29077,Greene County,MO,2014,37282.0,15441001.0,40512.0,19.1,28.7,415.58558865382656,7.7,35.6,10.718150057432394,,,157841.0,6055282872.0,38363.0,562.0,8183.0,4.9,146806.0,3.611854917234664,0.0,0.0,control,0,,0,0.0,,,1,0,MINOR_COLO
29077,Greene County,MO,2015,39348.0,16076813.0,41227.0,19.0,29.5,419.3600452520179,6.8,35.6,11.10311876698217,,,161264.0,6412482203.0,39764.0,549.0,8439.0,4.2,148369.0,3.617825397660248,0.0,0.0,control,0,,0,0.0,,,1,0,MINOR_COLO
29077,Greene County,MO,2016,39785.0,16073372.0,41908.0,18.7,29.9,422.6813893672566,5.8,35.7,11.386941934570212,,,162887.0,6605535214.0,40553.0,533.0,8516.0,3.8,148413.0,4.030787324792878,0.0,0.0,control,0,,0,0.0,,,1,0,MINOR_COLO
29077,Greene County,MO,2017,41628.0,16310159.0,43175.0,18.5,30.5,424.6211846374138,5.0,35.7,11.98016687501044,,,164733.0,6885631302.0,41799.0,646.0,8924.0,3.1,146789.0,4.113819101032508,0.0,0.0,control,0,,0,0.0,,,1,0,MINOR_COLO
29077,Greene County,MO,2018,43031.0,16580105.0,44808.0,17.9,30.2,427.0940534169272,4.4,36.0,11.88028173009379,,,167262.0,7226354276.0,43204.0,788.0,8883.0,2.6,148205.0,4.1197618907290625,0.0,0.0,control,0,,0,0.0,,,1,0,MINOR_COLO
29077,Greene County,MO,2019,44825.0,17098338.0,46086.0,16.4,30.5,429.059021602804,3.8,36.0,11.611346634234543,,,170031.0,7601484580.0,44706.0,768.0,9291.0,2.7,150439.0,3.9610176296674817,0.0,0.0,control,0,,0,0.0,,,1,0,MINOR_COLO
29077,Greene County,MO,2020,47912.0,16721476.0,47053.0,15.3,31.5,431.7510428250527,4.1,36.3,11.680575789761711,,,163704.0,7773585965.0,47486.0,749.0,9655.0,5.4,149004.0,5.57237114300024,102.5,7418.656,control,0,,0,0.0,,,1,0,MINOR_COLO
29077,Greene County,MO,2021,51452.0,18079421.0,50682.0,14.9,31.8,439.6005502503224,4.0,36.3,11.560425134010783,,,167636.0,8499576202.0,50703.0,780.0,9850.0,3.2,151144.0,6.883924524025385,189.815,9810.668,control,0,,0,0.0,,,1,0,MINOR_COLO
29077,Greene County,MO,2022,52534.0,18076126.0,54968.0,14.6,32.4,443.0255475479359,3.9,36.3,12.508670501207805,,,172522.0,9110439529.0,52807.0,714.0,10208.0,2.1,153877.0,8.49541631888673,97.668,11514.516,control,0,,0,0.0,,,1,0,MINOR_COLO
29077,Greene County,MO,2023,55372.0,18187474.0,57488.0,14.4,32.4,445.88785614122895,3.5,36.4,,,,176525.0,9714859793.0,55034.0,654.0,10702.0,,,9.97958054756913,10.008,679.537,control,0,,0,0.0,,,1,0,MINOR_COLO
29077,Greene County,MO,2024,58023.0,18673850.0,,,,,,,13.180859649355757,,,178374.0,10212561025.0,57254.0,593.0,10892.0,,,,0.0,0.0,control,0,,0,0.0,,,1,0,MINOR_COLO
29099,Jefferson County,MO,2010,33167.0,5100118.0,56756.0,,16.1,329.44420324627345,7.5,37.1,8.173386057614112,,,46062.0,1470872964.0,31933.0,74.0,4170.0,10.3,117009.0,2.613920025816494,0.0,0.0,control,0,,0,0.0,,,1,0,FUTURE_DC_2023plus
29099,Jefferson County,MO,2011,34459.0,5147228.0,56400.0,,16.7,331.3773431132844,8.2,37.4,9.253787053370113,,,46007.0,1483152090.0,32238.0,73.0,4141.0,8.9,116363.0,2.4409802105906273,0.0,0.0,control,0,,0,0.0,,,1,0,FUTURE_DC_2023plus
29099,Jefferson County,MO,2012,35377.0,5159695.0,55743.0,10.5,16.9,333.0484655987935,8.8,37.7,9.77401735343595,,,45736.0,1495225337.0,32692.0,74.0,4101.0,7.4,114493.0,2.582466312547086,0.0,0.0,control,0,,0,0.0,,,1,0,FUTURE_DC_2023plus
29099,Jefferson County,MO,2013,36052.0,5297648.0,54845.0,11.3,17.4,334.58400932294404,9.8,38.1,10.574158016490468,,,46234.0,1516789645.0,32807.0,75.0,4120.0,6.9,114506.0,2.9534238124614434,0.0,0.0,control,0,,0,0.0,,,1,0,FUTURE_DC_2023plus
29099,Jefferson County,MO,2014,37270.0,5251618.0,55563.0,11.1,18.0,335.9885443563436,9.2,38.4,10.434915113269373,,,46393.0,1558974273.0,33603.0,75.0,4160.0,6.2,115933.0,3.204022988505747,0.0,0.0,control,0,,0,0.0,,,1,0,FUTURE_DC_2023plus
29099,Jefferson County,MO,2015,38558.0,5205820.0,55348.0,10.9,18.2,337.5408450060553,8.3,38.6,11.37375056804137,,,46655.0,1626255950.0,34857.0,76.0,4191.0,5.0,116938.0,3.1327107770565235,0.0,0.0,control,0,,0,0.0,,,1,0,FUTURE_DC_2023plus
29099,Jefferson County,MO,2016,39612.0,5238872.0,58232.0,10.9,18.4,338.87530562347183,7.4,38.8,10.793217213339638,,,47785.0,1692764707.0,35425.0,74.0,4174.0,4.3,117502.0,3.363190806151766,0.0,0.0,control,0,,0,0.0,,,1,0,FUTURE_DC_2023plus
29099,Jefferson County,MO,2017,40661.0,5262197.0,60765.0,10.9,19.8,339.1586500011425,6.5,38.8,11.242812404787962,,,47378.0,1727757278.0,36467.0,77.0,4320.0,3.6,116180.0,3.6799315361574663,0.0,0.0,control,0,,0,0.0,,,1,0,FUTURE_DC_2023plus
29099,Jefferson County,MO,2018,41985.0,5268911.0,63030.0,10.3,20.2,340.1686356054201,5.7,39.0,10.965045581796996,,,48174.0,1821347950.0,37807.0,87.0,4331.0,3.1,116593.0,3.6315062183325657,0.0,0.0,control,0,,0,0.0,,,1,0,FUTURE_DC_2023plus
29099,Jefferson County,MO,2019,43868.0,5283074.0,65454.0,9.6,20.4,341.1572942135289,5.3,39.2,10.469051502635857,,,47947.0,1874530969.0,39096.0,89.0,4438.0,3.0,118651.0,3.83621944121071,0.0,0.0,control,0,,0,0.0,,,1,0,FUTURE_DC_2023plus
29099,Jefferson County,MO,2020,46287.0,5237718.0,67606.0,9.1,21.1,342.4155869874856,4.8,39.6,10.447696574410838,,,45874.0,1923009279.0,41920.0,91.0,4481.0,6.1,116256.0,5.514454404723332,59.835,7499.408,control,0,,0,0.0,,,1,0,FUTURE_DC_2023plus
29099,Jefferson County,MO,2021,50019.0,5459308.0,71285.0,8.7,22.1,344.1461203908934,4.2,39.9,10.88690236530872,,,46756.0,2038704605.0,43603.0,100.0,4442.0,3.8,116383.0,7.121130157941878,145.121,10081.223,control,0,,0,0.0,,,1,0,FUTURE_DC_2023plus
29099,Jefferson County,MO,2022,51770.0,5202861.0,77217.0,8.3,22.8,345.7776355978033,3.8,39.9,11.40847235077366,,,47493.0,2172158879.0,45736.0,105.0,4552.0,2.4,117248.0,8.60562526892579,116.543,11995.035,control,0,,0,0.0,,,1,0,FUTURE_DC_2023plus
29099,Jefferson County,MO,2023,54725.0,5063537.0,80522.0,8.6,23.6,347.67116818621514,3.6,40.2,,,,48403.0,2326322875.0,48061.0,117.0,4698.0,,,10.146213327070775,15.182,805.087,control,0,,0,0.0,,,1,0,FUTURE_DC_2023plus
29099,Jefferson County,MO,2024,56907.0,5200859.0,,,,,,,12.6268336614759,,,49458.0,2453858302.0,49615.0,111.0,4597.0,,,,0.0,0.0,control,0,,0,0.0,,,1,0,FUTURE_DC_2023plus
31053,Dodge County,NE,2010,36452.0,1723541.0,42849.0,,17.3,69.21807634949826,7.6,40.1,9.122561734038689,,,15946.0,517603250.0,32460.0,,1093.0,5.4,18827.0,3.4548620863996407,0.0,0.0,control,0,,0,0.0,,,1,0,
31053,Dodge County,NE,2011,39910.0,1814781.0,44744.0,,17.3,69.27477994280497,6.6,40.0,9.29975592264479,,,16201.0,516551417.0,31884.0,,1097.0,4.9,19138.0,3.731674811195024,0.0,0.0,control,0,,0,0.0,,,1,0,
31053,Dodge County,NE,2012,39400.0,1769864.0,46475.0,11.7,17.5,69.15948263641467,6.4,40.2,10.0453140029358,,,16474.0,530825006.0,32223.0,,1187.0,4.4,19229.0,3.718510405257393,0.0,0.0,control,0,,0,0.0,,,1,0,
31053,Dodge County,NE,2013,40618.0,1829057.0,48626.0,10.7,18.7,69.32014281745035,6.7,40.1,10.593398249091132,,,16613.0,552566420.0,33260.0,,1206.0,4.1,19192.0,2.962718211355251,0.0,0.0,control,0,,0,0.0,,,1,0,
31053,Dodge County,NE,2014,40922.0,1831738.0,47991.0,12.0,18.6,69.446780842502,6.8,39.8,10.611548971953637,,,16832.0,578929308.0,34394.0,,1200.0,3.6,19232.0,2.9359031824294037,0.0,0.0,control,0,,0,0.0,,,1,0,
31053,Dodge County,NE,2015,44473.0,1874541.0,49068.0,11.4,18.9,69.41464880629485,5.1,39.4,11.016088449385904,,,16964.0,603358919.0,35568.0,,1188.0,3.2,19171.0,3.2928654581739565,0.0,0.0,control,0,,0,0.0,,,1,0,
31053,Dodge County,NE,2016,42602.0,1875750.0,49830.0,11.8,18.9,69.3277032965579,4.3,39.1,11.410062542367632,,,17096.0,623803644.0,36489.0,,1214.0,3.1,19237.0,2.637677960490012,0.0,0.0,control,0,,0,0.0,,,1,0,
31053,Dodge County,NE,2017,43853.0,1962272.0,51748.0,13.2,19.0,69.1330209595382,4.4,39.1,11.434596331560988,,,17387.0,652866921.0,37550.0,,1207.0,2.8,19536.0,2.475027746947836,0.0,0.0,control,0,,0,0.0,,,1,0,
31053,Dodge County,NE,2018,45123.0,2050265.0,53101.0,13.7,18.6,69.33526377566547,4.6,39.0,11.1786994168681,,,17314.0,689408539.0,39819.0,,1179.0,2.9,19647.0,2.4830452854955154,0.0,0.0,control,0,,0,0.0,,,1,0,
31053,Dodge County,NE,2019,47397.0,2015181.0,54085.0,12.5,19.0,69.30124161968143,4.5,38.9,11.277874921334304,,,17378.0,719550361.0,41406.0,,1176.0,3.0,19900.0,2.3704031900753213,0.0,0.0,control,0,,0,0.0,,,1,0,
31053,Dodge County,NE,2020,50513.0,2109527.0,58439.0,11.2,19.7,69.11222964199241,4.5,39.2,11.373511207717296,,,17535.0,792605421.0,45202.0,,1145.0,3.5,20310.0,2.815485168426345,114.551,10320.469,control,0,,0,0.0,,,1,0,
31053,Dodge County,NE,2021,57160.0,2320087.0,60962.0,11.0,19.7,70.40507156938536,4.8,39.2,11.362080861457423,,,17799.0,827509938.0,46493.0,,1167.0,2.4,20380.0,3.4219472774898287,111.823,9810.446,control,0,,0,0.0,,,1,0,
31053,Dodge County,NE,2022,61682.0,2321044.0,66793.0,9.1,21.7,70.26520270589548,4.1,39.4,11.668070148225832,,,18357.0,913512097.0,49765.0,14.0,1154.0,2.0,20685.0,3.6110178031575417,174.553,12003.273,control,0,,0,0.0,,,1,0,
31053,Dodge County,NE,2023,61721.0,2328030.0,71294.0,9.3,21.5,70.21038923236566,3.1,38.9,,,,18651.0,965562944.0,51771.0,13.0,1117.0,,,3.631193262605272,40.911,921.86,control,0,,0,0.0,,,1,0,
31053,Dodge County,NE,2024,62469.0,2366379.0,,,,,,,12.343237843229906,,,18578.0,1008795176.0,54301.0,15.0,1109.0,,,,0.0,0.0,control,0,,0,0.0,,,1,0,
31079,Hall County,NE,2010,34090.0,3293397.0,46138.0,,16.3,104.13623968227824,4.6,35.7,8.478881757697351,,,33326.0,1102979988.0,33096.0,,1873.0,4.7,31476.0,3.9280868385346,0.0,0.0,control,0,,0,0.0,,,1,0,MINOR_COLO
31079,Hall County,NE,2011,36212.0,3297387.0,47469.0,,16.6,105.69007485495707,5.4,35.5,8.685388044471937,,,34114.0,1149075366.0,33684.0,,1900.0,4.5,32025.0,3.5487448331485028,0.0,0.0,control,0,,0,0.0,,,1,0,MINOR_COLO
31079,Hall County,NE,2012,37044.0,3424578.0,48044.0,13.7,16.8,107.39764636980912,5.2,35.6,9.525203308237536,,,34955.0,1194845107.0,34182.0,,2102.0,3.9,32587.0,3.5776700629801828,0.0,0.0,control,0,,0,0.0,,,1,0,MINOR_COLO
31079,Hall County,NE,2013,36927.0,3553137.0,48712.0,13.7,17.1,108.7702922820696,6.5,35.7,9.47122375510643,,,35298.0,1227863662.0,34786.0,,2145.0,3.6,32476.0,3.3634289115983727,0.0,0.0,control,0,,0,0.0,,,1,0,MINOR_COLO
31079,Hall County,NE,2014,37539.0,3399158.0,49178.0,15.7,17.7,110.21980636541664,6.4,35.9,11.22023911070172,,,35227.0,1275642854.0,36212.0,,2164.0,3.9,32417.0,2.904223128535719,0.0,0.0,control,0,,0,0.0,,,1,0,MINOR_COLO
31079,Hall County,NE,2015,39175.0,3409423.0,49252.0,15.3,18.3,111.26118706418492,6.0,35.8,10.428249384024127,,,34560.0,1290158626.0,37331.0,,2165.0,3.9,31717.0,2.7020860495436767,0.0,0.0,control,0,,0,0.0,,,1,0,MINOR_COLO
31079,Hall County,NE,2016,39281.0,3479144.0,51355.0,14.8,19.0,111.83403795823496,5.3,35.7,10.505006638336225,,,34742.0,1315336331.0,37860.0,,2186.0,3.6,31581.0,2.9040972534894194,0.0,0.0,control,0,,0,0.0,,,1,0,MINOR_COLO
31079,Hall County,NE,2017,40494.0,3450115.0,53807.0,13.5,19.8,112.06830286059407,5.4,35.8,10.557266858236767,,,34927.0,1363864990.0,39049.0,,2172.0,3.5,31887.0,2.8650824070525105,0.0,0.0,control,0,,0,0.0,,,1,0,MINOR_COLO
31079,Hall County,NE,2018,41684.0,3513092.0,54742.0,13.0,20.9,112.26962426105896,4.5,36.0,10.056508527974968,,,34880.0,1396787818.0,40046.0,,2129.0,3.3,32272.0,2.640103660511824,0.0,0.0,control,0,,0,0.0,,,1,0,MINOR_COLO
31079,Hall County,NE,2019,43087.0,3488845.0,57104.0,11.8,21.5,112.12686908618386,4.0,35.9,10.041585456718783,,,34721.0,1440938680.0,41501.0,,2105.0,3.6,32346.0,2.60788475143096,0.0,0.0,control,0,,0,0.0,,,1,0,MINOR_COLO
31079,Hall County,NE,2020,46741.0,3479000.0,58595.0,11.2,21.2,112.26047328831056,4.0,36.1,10.10142500462657,,,33035.0,1493050805.0,45196.0,,2056.0,5.8,32250.0,2.3090470288957015,156.696,9524.198,control,0,,0,0.0,,,1,0,MINOR_COLO
31079,Hall County,NE,2021,53297.0,3859830.0,60720.0,11.9,21.7,114.5994619228024,3.2,35.9,10.102383600125282,,,34129.0,1640570954.0,48069.0,,2063.0,3.0,32416.0,2.5790000322778477,39.174,9169.999,control,0,,0,0.0,,,1,0,MINOR_COLO
31079,Hall County,NE,2022,55627.0,3853911.0,63553.0,12.8,21.3,114.52442394626549,2.9,36.0,10.01073983907567,,,34776.0,1762985483.0,50696.0,,2068.0,2.2,32852.0,2.8790598988085523,120.787,12512.854,control,0,,0,0.0,,,1,0,MINOR_COLO
31079,Hall County,NE,2023,59476.0,3972935.0,67549.0,11.8,21.1,114.26087593111149,3.3,36.0,,,,35612.0,1887224437.0,52994.0,,2026.0,,,3.748575150626934,6.529,967.926,control,0,,0,0.0,,,1,0,MINOR_COLO
31079,Hall County,NE,2024,61566.0,4029101.0,,,,,,,10.49897540848533,,,35986.0,1954225531.0,54305.0,,1982.0,,,,0.0,0.0,control,0,,0,0.0,,,1,0,MINOR_COLO
31109,Lancaster County,NE,2010,38732.0,15614712.0,50849.0,,35.3,333.6210735695669,5.3,32.4,8.95401484680679,,,152806.0,5689800350.0,37235.0,174.0,8079.0,4.3,162326.0,3.499393915307116,0.0,0.0,control,0,,0,0.0,,,1,0,FUTURE_DC_2023plus
31109,Lancaster County,NE,2011,40273.0,15575904.0,51059.0,,35.9,337.80345550950915,5.9,32.5,9.14911536687938,,,153760.0,5881269459.0,38250.0,174.0,8106.0,4.0,164218.0,3.355855113542731,0.0,0.0,control,0,,0,0.0,,,1,0,FUTURE_DC_2023plus
31109,Lancaster County,NE,2012,41953.0,15762713.0,51810.0,14.3,35.9,341.975091963451,6.1,32.6,9.789759368159748,,,157559.0,6169324374.0,39156.0,194.0,9261.0,3.5,167268.0,3.42254515041426,0.0,0.0,control,0,,0,0.0,,,1,0,FUTURE_DC_2023plus
31109,Lancaster County,NE,2013,41506.0,16067331.0,51574.0,15.2,36.1,346.0918070445018,6.4,32.7,10.217063237242934,,,160370.0,6342698377.0,39550.0,274.0,9684.0,3.4,168376.0,3.4300413532610463,0.0,0.0,control,0,,0,0.0,,,1,0,FUTURE_DC_2023plus
31109,Lancaster County,NE,2014,42675.0,16905272.0,51916.0,14.9,36.2,350.6920689955717,6.0,32.8,10.539530404840407,,,162804.0,6611459567.0,40610.0,251.0,9907.0,3.0,168083.0,3.508512403604345,0.0,0.0,control,0,,0,0.0,,,1,0,FUTURE_DC_2023plus
31109,Lancaster County,NE,2015,44475.0,17507054.0,51830.0,14.7,36.7,355.8904963339983,5.1,32.9,10.616592450553188,,,166057.0,6959994796.0,41913.0,306.0,9929.0,2.6,168174.0,3.4044667509449864,0.0,0.0,control,0,,0,0.0,,,1,0,FUTURE_DC_2023plus
31109,Lancaster County,NE,2016,44771.0,17865702.0,53730.0,14.3,37.3,360.2209271921687,4.4,33.0,10.887425775489858,,,168495.0,7197226692.0,42715.0,266.0,10147.0,2.8,169981.0,3.402444522675758,0.0,0.0,control,0,,0,0.0,,,1,0,FUTURE_DC_2023plus
31109,Lancaster County,NE,2017,46507.0,18813151.0,55747.0,14.0,37.9,365.7727616257203,3.9,33.2,10.96288043410519,,,168467.0,7420540377.0,44048.0,277.0,10263.0,2.7,172124.0,3.297503215004974,0.0,0.0,control,0,,0,0.0,,,1,0,FUTURE_DC_2023plus
31109,Lancaster County,NE,2018,48483.0,19150143.0,58009.0,13.1,38.8,370.2345262016737,3.4,33.3,10.68422675245858,,,171353.0,7766328973.0,45324.0,283.0,10200.0,2.6,176934.0,3.581211321903216,0.0,0.0,control,0,,0,0.0,,,1,0,FUTURE_DC_2023plus
31109,Lancaster County,NE,2019,50392.0,19582554.0,60527.0,12.5,39.5,373.8927672133731,3.2,33.5,10.776736931940237,,,172990.0,8057207087.0,46576.0,287.0,10071.0,2.8,179733.0,3.5804182643675455,0.0,0.0,control,0,,0,0.0,,,1,0,FUTURE_DC_2023plus
31109,Lancaster County,NE,2020,53475.0,19435359.0,62464.0,11.9,39.8,377.2572982743943,3.4,33.8,10.827684788099852,,,165194.0,8286060425.0,50160.0,312.0,9819.0,4.3,178492.0,5.337060391341091,48.538,7234.048,control,0,,0,0.0,,,1,0,FUTURE_DC_2023plus
31109,Lancaster County,NE,2021,59552.0,20350152.0,65086.0,12.0,40.1,382.42110126904186,3.2,34.0,10.808137870221824,,,167099.0,8791905345.0,52615.0,335.0,10370.0,2.5,177655.0,7.281227956650752,64.824,9050.384,control,0,,0,0.0,,,1,0,FUTURE_DC_2023plus
31109,Lancaster County,NE,2022,61748.0,21608253.0,70387.0,11.8,40.9,384.5248286393468,3.2,34.1,10.960016212835054,,,169665.0,9332857889.0,55007.0,297.0,10521.0,2.0,179486.0,8.994577614034682,37.042,13373.441,control,0,,0,0.0,,,1,0,FUTURE_DC_2023plus
31109,Lancaster County,NE,2023,65394.0,22104379.0,72625.0,11.7,41.1,386.4470766905335,3.2,34.3,,,,173373.0,9901789513.0,57113.0,316.0,10164.0,,,10.06647507910244,3.193,740.201,control,0,,0,0.0,,,1,0,FUTURE_DC_2023plus
31109,Lancaster County,NE,2024,68273.0,22760411.0,,,,,,,11.713395074570885,,,175346.0,10403597981.0,59332.0,278.0,9853.0,,,,0.0,0.0,control,0,,0,0.0,,,1,0,FUTURE_DC_2023plus
31153,Sarpy County,NE,2010,40493.0,6637965.0,68280.0,,36.1,639.1405327991063,4.8,32.7,9.2189530121869,,,59552.0,2184376714.0,36680.0,143.0,3036.0,4.5,84801.0,3.2107129366752365,0.0,0.0,treated,1,2019.0,0,0.0,Meta,Meta;Google,1,1,ORIGINAL_COHORT;MULTIPLE_OPERATORS
31153,Sarpy County,NE,2011,41853.0,6729445.0,69018.0,,35.5,654.6549573500321,4.9,32.9,9.367903124798028,,,60277.0,2269727435.0,37655.0,3.0,3068.0,4.2,86383.0,3.443299460903583,0.0,0.0,treated,1,2019.0,0,0.0,Meta,Meta;Google,1,1,ORIGINAL_COHORT;MULTIPLE_OPERATORS
31153,Sarpy County,NE,2012,42831.0,6977303.0,69269.0,6.6,35.8,669.5183976547768,5.2,33.0,10.115205338113888,,,61731.0,2412433133.0,39080.0,121.0,3352.0,3.8,87890.0,2.9761487607167054,0.0,0.0,treated,1,2019.0,0,0.0,Meta,Meta;Google,1,1,ORIGINAL_COHORT;MULTIPLE_OPERATORS
31153,Sarpy County,NE,2013,43239.0,7023250.0,69965.0,6.6,36.2,683.4410607263304,5.5,33.2,10.683968495675966,,,63564.0,2526286601.0,39744.0,133.0,3512.0,3.5,88979.0,3.0836747997764946,0.0,0.0,treated,1,2019.0,0,0.0,Meta,Meta;Google,1,1,ORIGINAL_COHORT;MULTIPLE_OPERATORS
31153,Sarpy County,NE,2014,44207.0,7292050.0,70121.0,6.8,36.6,696.9941327419876,5.1,33.5,10.67598623852567,,,65154.0,2659295865.0,40816.0,153.0,3690.0,3.1,89873.0,3.1719665509983503,0.0,0.0,treated,1,2019.0,0,0.0,Meta,Meta;Google,1,1,ORIGINAL_COHORT;MULTIPLE_OPERATORS
31153,Sarpy County,NE,2015,46291.0,7662136.0,70543.0,6.4,36.7,710.5892037412694,4.4,33.7,11.072028139739388,,,67853.0,2878684793.0,42426.0,120.0,3791.0,2.8,91004.0,3.0777320325785373,0.0,0.0,treated,1,2019.0,0,0.0,Meta,Meta;Google,1,1,ORIGINAL_COHORT;MULTIPLE_OPERATORS
31153,Sarpy County,NE,2016,46947.0,8003086.0,72269.0,6.2,38.4,724.3144715897876,3.7,33.9,11.470143958923083,,,69149.0,3013110550.0,43574.0,134.0,3881.0,2.9,92568.0,2.914379921473351,0.0,0.0,treated,1,2019.0,0,0.0,Meta,Meta;Google,1,1,ORIGINAL_COHORT;MULTIPLE_OPERATORS
31153,Sarpy County,NE,2017,48042.0,8360537.0,75752.0,5.3,39.5,735.7717943225774,3.3,34.2,11.487896362383657,,,70382.0,3162039793.0,44927.0,210.0,3958.0,2.8,94047.0,3.254321145623407,0.0,0.0,treated,1,2019.0,0,0.0,Meta,Meta;Google,1,1,ORIGINAL_COHORT;MULTIPLE_OPERATORS
31153,Sarpy County,NE,2018,50199.0,8825941.0,79549.0,5.4,40.1,749.0560728430372,3.0,34.4,11.208931638540664,,,71440.0,3354432284.0,46955.0,180.0,4030.0,2.8,96163.0,3.646784920079764,0.0,0.0,treated,1,2019.0,0,0.0,Meta,Meta;Google,1,1,ORIGINAL_COHORT;MULTIPLE_OPERATORS
31153,Sarpy County,NE,2019,51758.0,8995632.0,82032.0,5.9,39.8,761.1559800252834,2.9,34.6,11.30044625701496,,,73183.0,3567056624.0,48742.0,13.0,4122.0,2.9,98632.0,3.944797515476852,0.0,0.0,treated,1,2019.0,1,0.0,Meta,Meta;Google,1,1,ORIGINAL_COHORT;MULTIPLE_OPERATORS
31153,Sarpy County,NE,2020,54590.0,9233990.0,83051.0,5.6,40.5,772.5965031646234,3.2,34.8,11.396312504844524,,,71092.0,3731260785.0,52485.0,142.0,4166.0,4.1,97950.0,5.71527290834629,43.039,8720.314,treated,1,2019.0,1,1.0,Meta,Meta;Google,1,1,ORIGINAL_COHORT;MULTIPLE_OPERATORS
31153,Sarpy County,NE,2021,60133.0,9936450.0,88408.0,5.6,41.1,791.5296449825914,2.8,35.1,11.384587862037744,,,72081.0,3988871373.0,55339.0,172.0,4424.0,2.5,98031.0,8.665105386416862,60.696,10139.49,treated,1,2019.0,1,2.0,Meta,Meta;Google,1,1,ORIGINAL_COHORT;MULTIPLE_OPERATORS
31153,Sarpy County,NE,2022,62831.0,9704285.0,95911.0,5.5,41.2,803.322959584378,2.6,35.3,11.679793386583285,,,73628.0,4138512058.0,56209.0,112.0,4559.0,2.1,98999.0,10.717889018238262,75.594,13099.784,treated,1,2019.0,1,3.0,Meta,Meta;Google,1,1,ORIGINAL_COHORT;MULTIPLE_OPERATORS
31153,Sarpy County,NE,2023,65568.0,10146929.0,101402.0,5.2,41.9,814.9944771336534,2.4,35.5,,,,78868.0,4554378208.0,57747.0,111.0,4560.0,,,12.494660198783,14.346,674.274,treated,1,2019.0,1,4.0,Meta,Meta;Google,1,1,ORIGINAL_COHORT;MULTIPLE_OPERATORS
31153,Sarpy County,NE,2024,67847.0,10468075.0,,,,,,,12.357861593590648,,,80883.0,4744707101.0,58661.0,45.0,4552.0,,,,0.0,0.0,treated,1,2019.0,1,5.0,Meta,Meta;Google,1,1,ORIGINAL_COHORT;MULTIPLE_OPERATORS
31157,Scotts Bluff County,NE,2010,33596.0,1464108.0,39004.0,,19.5,49.443759396869694,4.4,39.0,11.749609368075538,,,16662.0,536999388.0,32228.0,,1249.0,5.6,19176.0,4.311083195340604,0.0,0.0,control,0,,0,0.0,,,1,0,BACKFILL
31157,Scotts Bluff County,NE,2011,36444.0,1562921.0,40939.0,,19.6,49.66009020994906,6.0,38.9,11.528598813702196,,,16673.0,563862876.0,33819.0,,1242.0,5.0,19216.0,4.379811804961506,0.0,0.0,control,0,,0,0.0,,,1,0,BACKFILL
31157,Scotts Bluff County,NE,2012,38255.0,1619764.0,43113.0,15.1,20.4,49.80340937361414,6.5,38.7,12.279908424855495,,,17013.0,591142350.0,34748.0,,1490.0,4.6,19192.0,4.371952244829326,0.0,0.0,control,0,,0,0.0,,,1,0,BACKFILL
31157,Scotts Bluff County,NE,2013,38835.0,1578708.0,43444.0,13.7,20.0,49.86830861753794,6.3,38.9,12.473289915812448,,,16946.0,586390991.0,34604.0,,1529.0,4.1,19093.0,3.6780324203465624,0.0,0.0,control,0,,0,0.0,,,1,0,BACKFILL
31157,Scotts Bluff County,NE,2014,40869.0,1682966.0,46443.0,13.8,21.2,49.81557798184985,5.9,38.6,12.443983494014784,,,16761.0,602428016.0,35942.0,,1543.0,3.6,18764.0,3.614659452222904,0.0,0.0,control,0,,0,0.0,,,1,0,BACKFILL
31157,Scotts Bluff County,NE,2015,42416.0,1724260.0,45992.0,13.7,21.5,49.59924716877049,5.5,38.8,11.063108264565573,,,16903.0,618529283.0,36592.0,,1528.0,3.4,18734.0,3.6812938249264873,0.0,0.0,control,0,,0,0.0,,,1,0,BACKFILL
31157,Scotts Bluff County,NE,2016,42025.0,1829668.0,46632.0,13.5,21.4,49.48432142432208,5.3,39.6,11.068424301276888,,,17199.0,647874367.0,37669.0,,1544.0,3.5,18951.0,3.5772724708006547,0.0,0.0,control,0,,0,0.0,,,1,0,BACKFILL
31157,Scotts Bluff County,NE,2017,41924.0,1736915.0,47975.0,13.2,22.1,49.36263534196494,5.2,39.5,11.122015683375496,,,16726.0,635539943.0,37998.0,,1519.0,3.5,18557.0,3.132781284382419,0.0,0.0,control,0,,0,0.0,,,1,0,BACKFILL
31157,Scotts Bluff County,NE,2018,43396.0,1740591.0,50157.0,13.4,22.4,49.01921017620145,5.1,39.5,10.814866955052413,,,16623.0,649429459.0,39068.0,,1456.0,3.3,18626.0,3.3407053893609593,0.0,0.0,control,0,,0,0.0,,,1,0,BACKFILL
31157,Scotts Bluff County,NE,2019,45638.0,1725304.0,49745.0,13.6,22.9,48.774485943905425,5.1,39.5,10.94989185529182,,,16287.0,646152363.0,39674.0,,1416.0,3.8,18505.0,3.5013420817178647,0.0,0.0,control,0,,0,0.0,,,1,0,BACKFILL
31157,Scotts Bluff County,NE,2020,49526.0,1719882.0,53433.0,13.0,23.1,48.51759310337368,4.5,39.1,10.362184555282871,,,15771.0,656731942.0,41641.0,,1342.0,4.2,18289.0,4.115724488560707,138.604,11418.196,control,0,,0,0.0,,,1,0,BACKFILL
31157,Scotts Bluff County,NE,2021,52422.0,1721643.0,56588.0,12.0,25.0,48.984056419076055,3.5,38.8,10.39616467361228,,,15759.0,679690930.0,43131.0,,1388.0,2.9,18092.0,5.294711224550365,144.148,8795.809,control,0,,0,0.0,,,1,0,BACKFILL
31157,Scotts Bluff County,NE,2022,53047.0,1694937.0,60137.0,12.5,25.2,48.739332186780025,3.5,39.2,10.272466555458914,,,15779.0,719296103.0,45587.0,,1364.0,2.4,17973.0,5.54114595614242,166.325,10503.41,control,0,,0,0.0,,,1,0,BACKFILL
31157,Scotts Bluff County,NE,2023,57550.0,1770452.0,60960.0,13.9,25.9,48.58925268520622,3.4,39.8,,,,16008.0,778877741.0,48657.0,,1269.0,,,5.875658840440824,5.544,1338.914,control,0,,0,0.0,,,1,0,BACKFILL
31157,Scotts Bluff County,NE,2024,60200.0,1818233.0,,,,,,,10.629993460692974,,,15975.0,826120916.0,51713.0,,1217.0,,,,0.0,0.0,control,0,,0,0.0,,,1,0,BACKFILL
32003,Clark County,NV,2010,35709.0,99797887.0,56258.0,,21.7,240.1932117880023,9.0,35.1,12.454720574758804,,,797062.0,33581658947.0,42132.0,1728.0,47708.0,14.0,984712.0,2.9383433978625355,0.0,0.0,treated,1,2020.0,0,0.0,Google,Google,1,1,HUGE_METRO
32003,Clark County,NV,2011,37041.0,101509866.0,55961.0,,22.0,244.39689489563085,10.5,35.3,11.81004571153351,,,801123.0,34062914397.0,42519.0,1812.0,47392.0,13.5,986302.0,2.9712201870598296,0.0,0.0,treated,1,2020.0,0,0.0,Google,Google,1,1,HUGE_METRO
32003,Clark County,NV,2012,38947.0,100305368.0,54218.0,14.2,22.1,247.70139987183924,12.0,35.5,12.09196161801746,,,816563.0,35190410857.0,43096.0,1314.0,48620.0,11.7,992000.0,2.964948967953695,0.0,0.0,treated,1,2020.0,0,0.0,Google,Google,1,1,HUGE_METRO
32003,Clark County,NV,2013,38510.0,102677690.0,52873.0,15.1,22.1,250.50841706000432,12.7,35.8,12.149177919036651,,,838669.0,36488479618.0,43508.0,2239.0,50120.0,10.0,998095.0,3.0456652017127417,0.0,0.0,treated,1,2020.0,0,0.0,Google,Google,1,1,HUGE_METRO
32003,Clark County,NV,2014,40425.0,104183499.0,52070.0,15.7,22.2,253.8902189161685,12.1,36.1,13.247870497884982,,,873804.0,38519136314.0,44082.0,2692.0,51798.0,8.2,1010053.0,3.0221972514490947,0.0,0.0,treated,1,2020.0,0,0.0,Google,Google,1,1,HUGE_METRO
32003,Clark County,NV,2015,42871.0,108812755.0,51575.0,15.7,22.6,257.9399418448687,10.8,36.4,13.078436140850211,,,908107.0,40876415065.0,45013.0,2145.0,53930.0,6.9,1027290.0,3.074508669316614,0.0,0.0,treated,1,2020.0,0,0.0,Google,Google,1,1,HUGE_METRO
32003,Clark County,NV,2016,43663.0,112331243.0,52629.0,15.0,22.8,262.32191464118216,9.6,36.7,11.738191855166365,,,936500.0,43685714266.0,46648.0,3086.0,56066.0,5.9,1040292.0,3.3364234026452553,0.0,0.0,treated,1,2020.0,0,0.0,Google,Google,1,1,HUGE_METRO
32003,Clark County,NV,2017,45586.0,116332382.0,54882.0,14.6,23.3,267.67985558408503,8.3,36.9,12.4205212961778,,,964494.0,45712111820.0,47395.0,2363.0,53942.0,5.2,1060593.0,3.6124430313759697,0.0,0.0,treated,1,2020.0,0,0.0,Google,Google,1,1,HUGE_METRO
32003,Clark County,NV,2018,47497.0,122721414.0,56802.0,14.1,23.9,271.37211212203886,7.2,37.1,12.062267625553623,,,995906.0,49042042423.0,49244.0,3498.0,54879.0,4.6,1095346.0,3.819831146020087,0.0,0.0,treated,1,2020.0,0,0.0,Google,Google,1,1,HUGE_METRO
32003,Clark County,NV,2019,50433.0,128195333.0,59340.0,13.7,24.5,276.4952479525514,6.4,37.3,12.296735611293478,,,1025501.0,51695562350.0,50410.0,3306.0,55876.0,4.3,1134086.0,4.154129283660418,0.0,0.0,treated,1,2020.0,0,0.0,Google,Google,1,1,HUGE_METRO
32003,Clark County,NV,2020,52642.0,117227827.0,61048.0,13.4,25.2,282.43342235990923,7.0,37.5,11.638659096856834,,,896555.0,49015961200.0,54671.0,2838.0,56745.0,15.5,1106244.0,5.604602602105632,109.028,7792.47,treated,1,2020.0,1,0.0,Google,Google,1,1,HUGE_METRO
32003,Clark County,NV,2021,58410.0,130270354.0,64210.0,13.6,25.8,282.7224620044652,7.8,37.6,11.628106009562282,,,964407.0,55454177373.0,57501.0,2618.0,58034.0,7.8,1097878.0,7.401042162531421,187.076,9537.379,treated,1,2020.0,1,1.0,Google,Google,1,1,HUGE_METRO
32003,Clark County,NV,2022,60318.0,141930944.0,69911.0,13.4,26.4,287.12952460771515,7.7,37.8,14.043185902471269,,,1056764.0,63414124118.0,60008.0,3209.0,62714.0,5.8,1150663.0,9.155990812197864,124.977,12977.611,treated,1,2020.0,1,2.0,Google,Google,1,1,HUGE_METRO
32003,Clark County,NV,2023,64058.0,147606306.0,73845.0,13.2,27.3,290.6570500900255,7.4,38.3,,,,1098202.0,68052459224.0,61967.0,3331.0,64699.0,,,10.686239358365867,6.691,536.708,treated,1,2020.0,1,3.0,Google,Google,1,1,HUGE_METRO
32003,Clark County,NV,2024,66952.0,152128224.0,,,,,,,15.252477129595396,,,1124772.0,73093498839.0,64985.0,2809.0,65312.0,,,,0.0,0.0,treated,1,2020.0,1,4.0,Google,Google,1,1,HUGE_METRO
32005,Douglas County,NV,2010,50834.0,2261090.0,60721.0,,25.9,66.21110931265262,7.8,46.6,12.382475581196092,,,17198.0,658381250.0,38282.0,10.0,1766.0,14.0,23127.0,7.530541825981535,0.0,0.0,control,0,,0,0.0,,,1,0,
32005,Douglas County,NV,2011,52196.0,2250849.0,60383.0,,25.3,66.23362914065744,10.5,46.9,11.118113116045084,,,17271.0,674315953.0,39044.0,17.0,1754.0,13.5,23026.0,7.042388747539724,0.0,0.0,control,0,,0,0.0,,,1,0,
32005,Douglas County,NV,2012,54747.0,2242448.0,61099.0,9.7,25.5,66.23081416215683,11.1,47.3,11.048473030796805,,,17207.0,680828400.0,39568.0,22.0,1778.0,11.9,22609.0,5.640976359792427,0.0,0.0,control,0,,0,0.0,,,1,0,
32005,Douglas County,NV,2013,54634.0,2437438.0,60100.0,10.2,25.7,66.20125688790051,10.8,47.9,11.210656174557904,,,17767.0,711193201.0,40030.0,20.0,1826.0,10.1,22466.0,5.887496356747304,0.0,0.0,control,0,,0,0.0,,,1,0,
32005,Douglas County,NV,2014,56869.0,2512026.0,58940.0,10.5,25.6,66.34200581293061,9.5,48.5,12.043230708527773,,,17971.0,740025098.0,41178.0,29.0,1843.0,8.3,22128.0,5.687673404676972,0.0,0.0,control,0,,0,0.0,,,1,0,
32005,Douglas County,NV,2015,63812.0,2530820.0,58535.0,10.6,25.2,66.5165344799679,8.5,49.4,11.807323307140615,,,18711.0,787627818.0,42095.0,55.0,1878.0,6.8,22244.0,4.97011952191235,0.0,0.0,control,0,,0,0.0,,,1,0,
32005,Douglas County,NV,2016,63703.0,2427127.0,59769.0,10.9,26.3,66.75158518476815,7.5,50.1,10.263925421239993,,,18787.0,812393381.0,43242.0,33.0,1878.0,5.7,22069.0,6.134725329356201,0.0,0.0,control,0,,0,0.0,,,1,0,
32005,Douglas County,NV,2017,68966.0,2558347.0,61176.0,9.8,27.2,67.04152797033012,6.2,50.8,10.531880828005082,,,19088.0,848006608.0,44426.0,35.0,1810.0,4.8,22201.0,7.521123992925919,0.0,0.0,control,0,,0,0.0,,,1,0,
32005,Douglas County,NV,2018,71233.0,2502688.0,62503.0,9.3,28.9,67.3173958633891,5.2,51.5,11.132058603940166,,,19675.0,918255624.0,46671.0,44.0,1835.0,4.2,22776.0,8.076960640687567,0.0,0.0,control,0,,0,0.0,,,1,0,
32005,Douglas County,NV,2019,75797.0,2556308.0,66810.0,8.7,29.4,67.74527259548056,4.2,52.0,11.062517338270816,,,19728.0,960337642.0,48680.0,41.0,1845.0,4.2,23268.0,8.446527644920604,0.0,0.0,control,0,,0,0.0,,,1,0,
32005,Douglas County,NV,2020,83961.0,2498945.0,71415.0,7.5,31.9,68.24352379008705,4.1,52.9,10.17856888913505,,,17923.0,977088870.0,54516.0,44.0,1784.0,9.0,22177.0,9.240265906932574,33.242,4101.222,control,0,,0,0.0,,,1,0,
32005,Douglas County,NV,2021,94792.0,2873955.0,75688.0,7.0,31.8,69.18935656628922,3.8,53.0,10.926335843957569,,,18643.0,1118134208.0,59976.0,52.0,1870.0,4.3,21900.0,9.74748198004678,120.502,6955.871,control,0,,0,0.0,,,1,0,
32005,Douglas County,NV,2022,95736.0,2823885.0,84262.0,7.5,31.3,69.63693814788489,3.1,53.5,13.30394254873904,,,19633.0,1199200629.0,61080.0,26.0,2005.0,3.9,22290.0,10.40582726326743,97.648,6974.57,control,0,,0,0.0,,,1,0,
32005,Douglas County,NV,2023,104084.0,2937527.0,88018.0,8.3,32.1,69.84524655692942,3.2,54.2,,,,19875.0,1272898906.0,64047.0,33.0,2030.0,,,11.781852374236014,10.388,305.41,control,0,,0,0.0,,,1,0,
32005,Douglas County,NV,2024,109486.0,3112053.0,,,,,,,14.518023521747695,,,20644.0,1430061891.0,69271.0,32.0,2060.0,,,,0.0,0.0,control,0,,0,0.0,,,1,0,
32007,Elko County,NV,2010,40257.0,2710088.0,67038.0,,15.8,2.777951495582191,4.6,33.6,12.228080817499729,,,20908.0,909125327.0,43482.0,,1375.0,7.9,26539.0,1.5695630336514317,0.0,0.0,control,0,,0,0.0,,,1,0,MINOR_COLO
32007,Elko County,NV,2011,42567.0,2965928.0,69459.0,,16.1,2.8177221973970745,4.8,33.6,11.000705655810137,,,22193.0,1023803524.0,46132.0,,1393.0,7.4,27895.0,1.6765161993377762,0.0,0.0,control,0,,0,0.0,,,1,0,MINOR_COLO
32007,Elko County,NV,2012,42348.0,2999397.0,70411.0,7.8,15.8,2.8609866651107763,5.1,33.4,10.933212346462769,,,22734.0,1066614988.0,46918.0,,1407.0,6.6,28840.0,1.500861149840072,0.0,0.0,control,0,,0,0.0,,,1,0,MINOR_COLO
32007,Elko County,NV,2013,41484.0,2816757.0,70238.0,8.8,16.4,2.912810859276583,5.7,33.3,11.09524942256096,,,22564.0,1060523659.0,47000.0,,1417.0,6.4,28506.0,2.414708886618999,0.0,0.0,control,0,,0,0.0,,,1,0,MINOR_COLO
32007,Elko County,NV,2014,41336.0,2602725.0,72280.0,9.9,17.5,2.969176949110854,5.3,33.4,11.91271652702337,,,22264.0,1056803425.0,47468.0,,1420.0,5.8,27626.0,3.263116057233704,0.0,0.0,control,0,,0,0.0,,,1,0,MINOR_COLO
32007,Elko County,NV,2015,41631.0,2409922.0,71799.0,11.0,18.1,3.0024259545812764,5.5,33.5,11.688959595447166,,,21474.0,1008795972.0,46978.0,,1431.0,5.2,26478.0,3.3363179818585276,0.0,0.0,control,0,,0,0.0,,,1,0,MINOR_COLO
32007,Elko County,NV,2016,41902.0,2459031.0,74672.0,10.5,18.1,3.029619099160413,4.9,33.5,10.203312043902349,,,21797.0,1032217669.0,47356.0,,1421.0,4.5,26709.0,4.330829372987889,0.0,0.0,control,0,,0,0.0,,,1,0,MINOR_COLO
32007,Elko County,NV,2017,43702.0,2619171.0,76178.0,11.5,17.7,3.04988294137356,4.4,34.1,10.461645138162758,,,22067.0,1086528963.0,49238.0,,1384.0,3.7,26567.0,4.40016762543335,0.0,0.0,control,0,,0,0.0,,,1,0,MINOR_COLO
32007,Elko County,NV,2018,45844.0,2669083.0,77209.0,11.9,18.2,3.0426042624176883,4.5,33.9,11.05174606326679,,,22453.0,1150534239.0,51242.0,,1364.0,3.1,27295.0,3.094740103803548,0.0,0.0,control,0,,0,0.0,,,1,0,MINOR_COLO
32007,Elko County,NV,2019,47275.0,2723639.0,81232.0,11.7,16.6,3.045224586841802,4.7,34.1,10.985256050236792,,,22542.0,1212796962.0,53802.0,,1364.0,3.1,27373.0,3.3975875576930537,0.0,0.0,control,0,,0,0.0,,,1,0,MINOR_COLO
32007,Elko County,NV,2020,50354.0,2767238.0,79375.0,11.9,16.8,3.059199650437076,4.3,34.7,10.132011988296878,,,21256.0,1220066450.0,57398.0,,1347.0,6.0,26179.0,3.771090894953736,63.101,7384.745,control,0,,0,0.0,,,1,0,MINOR_COLO
32007,Elko County,NV,2021,53878.0,2844851.0,82462.0,11.6,16.3,3.110616238581354,4.6,34.9,10.85755188355154,,,21569.0,1262710010.0,58542.0,,1355.0,3.1,25662.0,3.810805614304942,174.006,11392.623,control,0,,0,0.0,,,1,0,MINOR_COLO
32007,Elko County,NV,2022,54281.0,2761809.0,87755.0,10.4,17.0,3.1210975362778095,4.7,34.9,13.161094867396882,,,22348.0,1368047677.0,61215.0,1.0,1411.0,3.1,25746.0,4.593530456264958,74.574,5749.852,control,0,,0,0.0,,,1,0,MINOR_COLO
32007,Elko County,NV,2023,56431.0,2753700.0,83427.0,11.0,17.5,3.135771353052847,4.3,35.4,,,,22401.0,1416149569.0,63218.0,0.0,1412.0,,,5.781137235537661,9.561,244.756,control,0,,0,0.0,,,1,0,MINOR_COLO
32007,Elko County,NV,2024,58930.0,3025972.0,,,,,,,14.34732718764892,,,22205.0,1424769777.0,64165.0,,1413.0,,,,0.0,0.0,control,0,,0,0.0,,,1,0,MINOR_COLO
32019,Lyon County,NV,2010,28436.0,1282711.0,48433.0,,12.7,25.717958638593164,13.4,39.6,12.382475581196092,,,11059.0,388867631.0,35163.0,4.0,1004.0,17.8,22954.0,3.126560783138548,0.0,0.0,control,0,,0,0.0,,,1,0,FUTURE_DC_2023plus
32019,Lyon County,NV,2011,29816.0,1290093.0,46598.0,,13.8,25.92863472411168,16.7,40.3,11.118113116045084,,,11161.0,402720433.0,36084.0,,994.0,17.1,22753.0,3.1653811479515177,0.0,0.0,control,0,,0,0.0,,,1,0,FUTURE_DC_2023plus
32019,Lyon County,NV,2012,30215.0,1321326.0,46088.0,14.3,14.7,25.858742183892264,18.0,40.6,11.048473030796805,,,11162.0,412115090.0,36920.0,,985.0,15.3,22423.0,2.9228888770792367,0.0,0.0,control,0,,0,0.0,,,1,0,FUTURE_DC_2023plus
32019,Lyon County,NV,2013,30810.0,1365808.0,46137.0,15.0,16.7,25.784356551801604,17.7,41.6,11.210656174557904,,,11500.0,434973444.0,37824.0,4.0,991.0,13.2,22209.0,2.8550241008527992,0.0,0.0,control,0,,0,0.0,,,1,0,FUTURE_DC_2023plus
32019,Lyon County,NV,2014,32414.0,1430629.0,47143.0,14.9,15.9,25.74990951412204,15.6,42.6,12.043230708527773,,,12175.0,471300752.0,38710.0,,993.0,10.7,22258.0,3.067579391631067,0.0,0.0,control,0,,0,0.0,,,1,0,FUTURE_DC_2023plus
32019,Lyon County,NV,2015,33599.0,1341663.0,47255.0,16.5,16.6,25.78884964367285,13.6,43.2,11.807323307140615,,,11413.0,457127957.0,40054.0,,1007.0,9.6,21287.0,3.2052588666938444,0.0,0.0,control,0,,0,0.0,,,1,0,FUTURE_DC_2023plus
32019,Lyon County,NV,2016,35275.0,1396452.0,49007.0,15.3,14.5,25.908665426906133,11.8,43.7,10.263925421239993,,,11439.0,453460702.0,39642.0,,1015.0,7.6,21106.0,3.174523064499849,0.0,0.0,control,0,,0,0.0,,,1,0,FUTURE_DC_2023plus
32019,Lyon County,NV,2017,37134.0,1464747.0,50920.0,13.7,14.7,26.111353793542428,9.8,43.8,10.531880828005082,,,11722.0,482952251.0,41200.0,5.0,1020.0,6.0,21479.0,3.1379943912580988,0.0,0.0,control,0,,0,0.0,,,1,0,FUTURE_DC_2023plus
32019,Lyon County,NV,2018,38406.0,1517722.0,55493.0,11.6,14.0,26.53669982402057,8.7,44.1,11.132058603940166,,,12112.0,516941539.0,42681.0,6.0,1045.0,5.3,22199.0,2.8320132621108858,0.0,0.0,control,0,,0,0.0,,,1,0,FUTURE_DC_2023plus
32019,Lyon County,NV,2019,40114.0,1600736.0,56875.0,11.6,14.4,27.148259550940427,7.4,43.7,11.062517338270816,,,12747.0,581051447.0,45583.0,5.0,1051.0,5.1,23266.0,3.327055869428751,0.0,0.0,control,0,,0,0.0,,,1,0,FUTURE_DC_2023plus
32019,Lyon County,NV,2020,43717.0,1568739.0,58814.0,10.2,13.9,27.790771688528885,8.0,43.9,10.17856888913505,,,12316.0,595784734.0,48373.0,4.0,1034.0,9.0,22713.0,3.630954984907477,80.912,3977.565,control,0,,0,0.0,,,1,0,FUTURE_DC_2023plus
32019,Lyon County,NV,2021,46852.0,1708117.0,63952.0,9.6,15.9,28.969958688516407,8.1,43.6,10.926335843957569,,,13388.0,674138815.0,50354.0,,1053.0,4.9,23299.0,4.52924539902447,171.019,9906.216,control,0,,0,0.0,,,1,0,FUTURE_DC_2023plus
32019,Lyon County,NV,2022,48049.0,1784005.0,70026.0,10.4,16.1,29.671879485291363,7.2,43.2,13.30394254873904,,,14035.0,752772097.0,53637.0,,1117.0,4.7,23568.0,7.068204691491832,163.663,8179.478,control,0,,0,0.0,,,1,0,FUTURE_DC_2023plus
32019,Lyon County,NV,2023,49787.0,1807733.0,73460.0,11.0,17.2,30.268462239307063,6.3,42.9,,,,13682.0,758142998.0,55410.0,,1115.0,,,7.386832820358832,5.517,542.479,control,0,,0,0.0,,,1,0,FUTURE_DC_2023plus
32019,Lyon County,NV,2024,52262.0,1761010.0,,,,,,,14.518023521747695,,,13744.0,809548156.0,58903.0,,1106.0,,,,0.0,0.0,control,0,,0,0.0,,,1,0,FUTURE_DC_2023plus
32023,Nye County,NV,2010,32885.0,1666875.0,41181.0,,10.5,2.413277282028724,15.1,47.4,12.463006875984432,,,10535.0,476214662.0,45203.0,,891.0,17.6,16746.0,4.088858035404374,0.0,0.0,control,0,,0,0.0,,,1,0,
32023,Nye County,NV,2011,31473.0,1566124.0,39740.0,,10.6,2.4228472315950893,15.6,48.1,11.642635573886563,,,10636.0,491345676.0,46196.0,,862.0,17.1,16781.0,3.84230824167976,0.0,0.0,control,0,,0,0.0,,,1,0,
32023,Nye County,NV,2012,30456.0,1548831.0,39150.0,20.1,11.7,2.409042304347056,16.2,48.8,11.832931831420002,,,10703.0,498581469.0,46584.0,,867.0,14.9,16611.0,3.425141242937853,0.0,0.0,control,0,,0,0.0,,,1,0,
32023,Nye County,NV,2013,31235.0,1484725.0,39876.0,18.9,12.3,2.3852274298514446,17.3,49.7,11.915836747471367,,,10795.0,510968084.0,47333.0,,863.0,12.6,16244.0,4.534359050225609,0.0,0.0,control,0,,0,0.0,,,1,0,
32023,Nye County,NV,2014,32468.0,1471787.0,41757.0,18.6,13.4,2.3615775544862876,15.3,50.3,12.961417171550602,,,11014.0,529146616.0,48044.0,,866.0,10.0,16035.0,4.4874647678386,0.0,0.0,control,0,,0,0.0,,,1,0,
32023,Nye County,NV,2015,33991.0,1459154.0,41712.0,18.2,13.2,2.3443626452088595,13.4,50.8,12.773674119801573,,,11027.0,544863102.0,49413.0,,866.0,8.9,15802.0,3.7289611143354615,0.0,0.0,control,0,,0,0.0,,,1,0,
32023,Nye County,NV,2016,34041.0,1482617.0,42266.0,17.2,12.1,2.375877479125685,14.1,51.2,11.362055225983053,,,11264.0,555551366.0,49321.0,,869.0,7.4,15905.0,4.539973043910051,0.0,0.0,control,0,,0,0.0,,,1,0,
32023,Nye County,NV,2017,34998.0,1585646.0,44225.0,17.3,11.5,2.3812674507205345,11.4,51.6,11.975271554861752,,,11490.0,572889148.0,49862.0,,858.0,6.4,15988.0,5.070186465535302,0.0,0.0,control,0,,0,0.0,,,1,0,
32023,Nye County,NV,2018,35871.0,1616319.0,45711.0,16.2,11.5,2.4037623321725095,9.4,52.7,11.824787018337808,,,12074.0,617363880.0,51133.0,,857.0,5.6,16602.0,3.476356668719633,0.0,0.0,control,0,,0,0.0,,,1,0,
32023,Nye County,NV,2019,37309.0,1672114.0,47300.0,16.4,10.7,2.4408871365247906,9.5,53.1,11.997416084214072,,,12505.0,653959198.0,52295.0,,874.0,5.4,17349.0,4.242132084567179,0.0,0.0,control,0,,0,0.0,,,1,0,
32023,Nye County,NV,2020,39575.0,1772019.0,47308.0,16.5,12.4,2.5032568078366224,8.7,53.1,11.262566772734113,,,12428.0,673650762.0,54202.0,,851.0,10.2,17420.0,5.698931864924036,96.89,4450.203,control,0,,0,0.0,,,1,0,
32023,Nye County,NV,2021,43070.0,1823880.0,52570.0,15.6,12.7,2.7552654797509217,9.5,52.9,11.456279269218358,,,12690.0,715769093.0,56402.0,,874.0,5.8,17128.0,6.75935696108249,353.763,7577.738,control,0,,0,0.0,,,1,0,
32023,Nye County,NV,2022,42256.0,1807204.0,53602.0,15.3,12.5,2.8433750154136685,9.3,52.9,13.891060677267404,,,13179.0,789140467.0,59879.0,,936.0,5.5,17750.0,7.980908651522475,313.204,8436.233,control,0,,0,0.0,,,1,0,
32023,Nye County,NV,2023,44702.0,1928191.0,55975.0,15.5,12.7,2.9263695780323236,9.5,52.4,,,,13519.0,862342892.0,63786.0,,957.0,,,9.872381411028172,29.292,205.047,control,0,,0,0.0,,,1,0,
32023,Nye County,NV,2024,47861.0,2029210.0,,,,,,,15.117402682839105,,,13764.0,938755468.0,68204.0,,960.0,,,,0.0,0.0,control,0,,0,0.0,,,1,0,
32029,Storey County,NV,2010,38778.0,509628.0,61525.0,,13.9,15.224923989112057,15.2,46.4,12.382475581196092,,,2811.0,125388020.0,44608.0,,187.0,17.0,2015.0,1.492537313432836,0.0,0.0,treated,1,2021.0,0,0.0,Google,Google,1,1,
32029,Storey County,NV,2011,37799.0,497301.0,59386.0,,18.1,15.205968655460271,18.3,50.4,11.118113116045084,,,3090.0,135336335.0,43793.0,,187.0,16.0,1958.0,2.1529745042492916,0.0,0.0,treated,1,2021.0,0,0.0,Google,Google,1,1,
32029,Storey County,NV,2012,38936.0,563519.0,62561.0,8.6,18.8,15.202177588729915,19.6,52.8,11.048473030796805,,,3424.0,147781849.0,43162.0,,185.0,13.8,1904.0,3.914795624640184,0.0,0.0,treated,1,2021.0,0,0.0,Google,Google,1,1,
32029,Storey County,NV,2013,39357.0,604978.0,61573.0,11.0,21.5,15.092236653549577,15.2,54.4,11.210656174557904,,,3893.0,162020681.0,41616.0,,181.0,12.0,1883.0,6.766467065868263,0.0,0.0,treated,1,2021.0,0,0.0,Google,Google,1,1,
32029,Storey County,NV,2014,41854.0,758699.0,64835.0,10.5,20.7,14.914056517222814,13.0,54.2,12.043230708527773,,,4797.0,200760498.0,41848.0,,181.0,9.3,1831.0,6.253521126760563,0.0,0.0,treated,1,2021.0,0,0.0,Google,Google,1,1,
32029,Storey County,NV,2015,44426.0,1118583.0,64832.0,7.5,21.4,14.895101183571033,10.3,54.7,11.807323307140615,,,5547.0,253750590.0,45743.0,,208.0,7.5,1853.0,6.639954207212364,0.0,0.0,treated,1,2021.0,0,0.0,Google,Google,1,1,
32029,Storey County,NV,2016,46673.0,826572.0,65508.0,7.2,23.1,14.940593984335312,4.1,54.4,10.263925421239993,,,6641.0,336106675.0,50610.0,,222.0,6.4,1891.0,6.651884700665189,0.0,0.0,treated,1,2021.0,0,0.0,Google,Google,1,1,
32029,Storey County,NV,2017,54624.0,1449325.0,63607.0,7.7,22.9,14.75104064781748,4.2,54.7,10.531880828005082,,,11105.0,632578059.0,56964.0,,251.0,5.0,1898.0,4.507042253521127,0.0,0.0,treated,1,2021.0,0,0.0,Google,Google,1,1,
32029,Storey County,NV,2018,59562.0,1682750.0,62284.0,7.9,28.7,14.940593984335312,4.3,52.9,11.132058603940166,,,17199.0,960409249.0,55842.0,,257.0,4.2,1979.0,3.2934131736526946,0.0,0.0,treated,1,2021.0,0,0.0,Google,Google,1,1,
32029,Storey County,NV,2019,60413.0,1799561.0,66292.0,8.2,31.4,15.11877412066207,3.0,50.9,11.062517338270816,,,17997.0,1064078016.0,59125.0,,237.0,3.9,2058.0,3.987915407854985,0.0,0.0,treated,1,2021.0,0,0.0,Google,Google,1,1,
32029,Storey County,NV,2020,68052.0,2062888.0,64000.0,9.2,33.3,15.490298660237016,3.7,53.0,10.17856888913505,,,17782.0,1331212648.0,74863.0,,230.0,8.6,2016.0,6.792945787067277,50.15,1654.965,treated,1,2021.0,0,0.0,Google,Google,1,1,
32029,Storey County,NV,2021,78480.0,2277769.0,66713.0,12.0,28.3,15.342447057753107,5.3,53.9,10.926335843957569,,,19258.0,1637629981.0,85035.0,291.0,228.0,4.4,2044.0,7.32728541521284,150.451,4363.089,treated,1,2021.0,1,0.0,Google,Google,1,1,
32029,Storey County,NV,2022,75481.0,2066617.0,86932.0,9.1,31.4,15.524418260810226,7.0,55.7,13.30394254873904,,,19549.0,1593716743.0,81523.0,359.0,243.0,3.9,2088.0,10.281065088757396,150.451,0.0,treated,1,2021.0,1,1.0,Google,Google,1,1,
32029,Storey County,NV,2023,76881.0,1844205.0,96000.0,7.1,31.6,15.691225196945917,6.8,56.8,,,,19227.0,1474743521.0,76704.0,121.0,246.0,,,12.978986402966626,0.0,250.752,treated,1,2021.0,1,2.0,Google,Google,1,1,
32029,Storey County,NV,2024,83495.0,1904842.0,,,,,,,14.518023521747695,,,19320.0,1615733299.0,83629.0,157.0,258.0,,,,0.0,0.0,treated,1,2021.0,1,3.0,Google,Google,1,1,
32031,Washoe County,NV,2010,43600.0,23712612.0,55658.0,,26.7,65.36606080200738,8.0,36.6,12.388428147836304,,,183892.0,7778759364.0,42301.0,108.0,13789.0,13.1,220840.0,4.155082322784186,0.0,0.0,treated,1,2012.0,0,0.0,Apple,Apple,1,1,PRE_COVID_COHORT;COUNTY_BORDER_AMBIGUITY
32031,Washoe County,NV,2011,45214.0,23356064.0,55813.0,,27.0,66.15945814017594,9.3,36.8,11.125830833188102,,,183827.0,7904093711.0,42997.0,134.0,13602.0,12.8,219619.0,4.196639713646888,0.0,0.0,treated,1,2012.0,0,0.0,Apple,Apple,1,1,PRE_COVID_COHORT;COUNTY_BORDER_AMBIGUITY
32031,Washoe County,NV,2012,43314.0,23900213.0,53994.0,14.7,26.8,66.81732402325125,10.6,37.0,11.056592318872962,,,183908.0,8012103865.0,43566.0,142.0,13602.0,11.5,219463.0,4.143103577589439,0.0,0.0,treated,1,2012.0,1,0.0,Apple,Apple,1,1,PRE_COVID_COHORT;COUNTY_BORDER_AMBIGUITY
32031,Washoe County,NV,2013,43136.0,23737820.0,53040.0,15.1,27.3,67.36910804311103,11.1,37.2,11.218457106295482,,,188325.0,8298870556.0,44067.0,142.0,13725.0,9.8,219924.0,4.141719584719282,0.0,0.0,treated,1,2012.0,1,1.0,Apple,Apple,1,1,PRE_COVID_COHORT;COUNTY_BORDER_AMBIGUITY
32031,Washoe County,NV,2014,44878.0,23682755.0,52910.0,15.7,27.9,68.0800148577941,10.6,37.5,12.050347483838996,,,194123.0,8738575727.0,45016.0,143.0,13936.0,7.8,220570.0,4.21278903911445,0.0,0.0,treated,1,2012.0,1,2.0,Apple,Apple,1,1,PRE_COVID_COHORT;COUNTY_BORDER_AMBIGUITY
32031,Washoe County,NV,2015,49052.0,25201714.0,52870.0,15.2,28.7,68.87705381216259,9.1,37.6,11.815601803933909,,,201573.0,9287997732.0,46078.0,198.0,14366.0,6.3,223392.0,3.8824923143198418,0.0,0.0,treated,1,2012.0,1,3.0,Apple,Apple,1,1,PRE_COVID_COHORT;COUNTY_BORDER_AMBIGUITY
32031,Washoe County,NV,2016,50920.0,26591405.0,54955.0,15.0,29.0,69.65208473819233,8.0,37.9,10.273759954260075,,,209985.0,9851736243.0,46916.0,249.0,14627.0,5.1,227991.0,4.2001642255619,0.0,0.0,treated,1,2012.0,1,4.0,Apple,Apple,1,1,PRE_COVID_COHORT;COUNTY_BORDER_AMBIGUITY
32031,Washoe County,NV,2017,54664.0,27911779.0,58595.0,13.3,29.8,70.54459736945478,6.8,38.0,10.54074087193196,,,216508.0,10466205990.0,48341.0,288.0,14550.0,4.1,236461.0,4.323758436517091,0.0,0.0,treated,1,2012.0,1,5.0,Apple,Apple,1,1,PRE_COVID_COHORT;COUNTY_BORDER_AMBIGUITY
32031,Washoe County,NV,2018,59253.0,27092756.0,61155.0,12.2,30.5,71.32596154104964,5.6,38.1,11.140719161150058,,,221790.0,11238382005.0,50671.0,784.0,14807.0,3.5,248220.0,4.5342999302069025,0.0,0.0,treated,1,2012.0,1,6.0,Apple,Apple,1,1,PRE_COVID_COHORT;COUNTY_BORDER_AMBIGUITY
32031,Washoe County,NV,2019,60974.0,28086497.0,64791.0,11.3,30.8,72.34719738842286,5.3,38.4,11.071713091310045,,,226476.0,11871857920.0,52420.0,602.0,15206.0,3.4,255707.0,4.733300034175452,0.0,0.0,treated,1,2012.0,1,7.0,Apple,Apple,1,1,PRE_COVID_COHORT;COUNTY_BORDER_AMBIGUITY
32031,Washoe County,NV,2020,65043.0,28057818.0,68272.0,10.9,31.7,73.49446482254166,5.2,38.5,10.178569585790765,,,212585.0,12164349926.0,57221.0,780.0,15076.0,8.2,248602.0,6.706910136790483,107.017,7825.166,treated,1,2012.0,1,8.0,Apple,Apple,1,1,PRE_COVID_COHORT;COUNTY_BORDER_AMBIGUITY
32031,Washoe County,NV,2021,75178.0,30889417.0,74292.0,10.9,32.3,75.96063064559362,5.0,38.5,10.926327003534093,,,222027.0,13709107270.0,61745.0,815.0,15543.0,4.0,251993.0,8.310289623053412,115.333,7936.341,treated,1,2012.0,1,9.0,Apple,Apple,1,1,PRE_COVID_COHORT;COUNTY_BORDER_AMBIGUITY
32031,Washoe County,NV,2022,77095.0,32075140.0,81531.0,10.9,32.5,77.05564880380032,5.0,38.6,13.303903767073768,,,233380.0,15003607472.0,64288.0,610.0,16616.0,3.4,256315.0,9.430078529425003,59.308,11786.99,treated,1,2012.0,1,10.0,Apple,Apple,1,1,PRE_COVID_COHORT;COUNTY_BORDER_AMBIGUITY
32031,Washoe County,NV,2023,82677.0,32893393.0,85600.0,10.7,33.2,77.86250428879472,5.0,38.9,,,,238729.0,15739565696.0,65931.0,828.0,16847.0,,,11.17795119090287,5.909,649.325,treated,1,2012.0,1,11.0,Apple,Apple,1,1,PRE_COVID_COHORT;COUNTY_BORDER_AMBIGUITY
32031,Washoe County,NV,2024,86639.0,33777549.0,,,,,,,14.518010831846544,,,240544.0,16706207925.0,69452.0,737.0,16950.0,,,,0.0,0.0,treated,1,2012.0,1,12.0,Apple,Apple,1,1,PRE_COVID_COHORT;COUNTY_BORDER_AMBIGUITY
32510,Carson City,NV,2010,44491.0,3703702.0,52067.0,,21.6,383.1278453512669,12.9,41.1,12.382475581196092,,,27688.0,1214994747.0,43882.0,20.0,2161.0,13.7,26706.0,2.3217655262942,0.0,0.0,control,0,,0,0.0,,,1,0,MINOR_COLO
32510,Carson City,NV,2011,42720.0,3457603.0,54235.0,,21.0,383.14860171309175,15.7,41.8,11.118113116045084,,,27442.0,1219122410.0,44425.0,24.0,2157.0,13.5,26275.0,2.4700342465753424,0.0,0.0,control,0,,0,0.0,,,1,0,MINOR_COLO
32510,Carson City,NV,2012,41963.0,3462453.0,53987.0,15.0,20.9,381.80635698174825,16.8,41.6,11.048473030796805,,,27356.0,1204979012.0,44048.0,160.0,2113.0,12.2,25720.0,2.9102140247085435,0.0,0.0,control,0,,0,0.0,,,1,0,MINOR_COLO
32510,Carson City,NV,2013,40792.0,3340332.0,51957.0,16.2,20.1,379.29483720093543,17.5,41.9,11.210656174557904,,,27472.0,1230038873.0,44774.0,163.0,2093.0,10.8,25214.0,2.6944494341656187,0.0,0.0,control,0,,0,0.0,,,1,0,MINOR_COLO
32510,Carson City,NV,2014,41059.0,3187634.0,50108.0,17.1,20.4,378.0010239805167,14.5,42.3,12.043230708527773,,,27711.0,1253957722.0,45251.0,162.0,2062.0,8.9,24752.0,1.8732879738446584,0.0,0.0,control,0,,0,0.0,,,1,0,MINOR_COLO
32510,Carson City,NV,2015,43171.0,3203642.0,47668.0,16.8,20.7,376.9493683147218,11.3,42.6,11.807323307140615,,,28079.0,1326923160.0,47257.0,168.0,2085.0,7.3,24601.0,2.3984526112185685,0.0,0.0,control,0,,0,0.0,,,1,0,MINOR_COLO
32510,Carson City,NV,2016,42960.0,3186662.0,47948.0,16.7,21.0,376.4650532054742,9.5,43.1,10.263925421239993,,,28501.0,1349745648.0,47357.0,176.0,2074.0,6.2,24529.0,2.939419795221843,0.0,0.0,control,0,,0,0.0,,,1,0,MINOR_COLO
32510,Carson City,NV,2017,45721.0,3397457.0,49341.0,14.7,21.6,375.12972726140566,7.7,43.0,10.531880828005082,,,29865.0,1469446599.0,49203.0,191.0,2041.0,5.0,25143.0,2.8087774294670846,0.0,0.0,control,0,,0,0.0,,,1,0,MINOR_COLO
32510,Carson City,NV,2018,48000.0,3474293.0,52034.0,13.7,22.3,376.84558650559734,6.2,42.8,11.132058603940166,,,29957.0,1516295667.0,50616.0,23.0,2089.0,4.5,25544.0,2.966359615306578,0.0,0.0,control,0,,0,0.0,,,1,0,MINOR_COLO
32510,Carson City,NV,2019,49979.0,3698674.0,55718.0,11.3,22.2,378.962735411737,5.1,42.4,11.062517338270816,,,30684.0,1602493481.0,52226.0,180.0,2086.0,4.2,26241.0,3.3211504846655013,0.0,0.0,control,0,,0,0.0,,,1,0,MINOR_COLO
32510,Carson City,NV,2020,55782.0,3518554.0,58305.0,10.0,22.9,382.22148421824625,4.6,42.2,10.17856888913505,,,29355.0,1623622704.0,55310.0,172.0,2045.0,8.7,25644.0,5.434739708726369,104.066,9157.797,control,0,,0,0.0,,,1,0,MINOR_COLO
32510,Carson City,NV,2021,59568.0,3628299.0,62217.0,10.0,23.1,400.9921540952302,4.6,42.3,10.926335843957569,,,30113.0,1718929825.0,57083.0,157.0,2071.0,4.5,25355.0,5.723981056792333,224.563,8661.202,control,0,,0,0.0,,,1,0,MINOR_COLO
32510,Carson City,NV,2022,60087.0,3779886.0,67465.0,11.2,24.3,403.0124399795204,4.7,42.1,13.30394254873904,,,30333.0,1838378200.0,60606.0,161.0,2144.0,3.9,25216.0,6.870200412062184,89.46,13424.497,control,0,,0,0.0,,,1,0,MINOR_COLO
32510,Carson City,NV,2023,64323.0,3936044.0,71809.0,11.1,24.5,403.8081005161416,4.1,42.1,,,,31327.0,1998080285.0,63781.0,142.0,2119.0,,,8.507922204700758,16.431,690.121,control,0,,0,0.0,,,1,0,MINOR_COLO
32510,Carson City,NV,2024,68076.0,4161999.0,,,,,,,14.518023521747695,,,31895.0,2203967389.0,69100.0,152.0,2092.0,,,,0.0,0.0,control,0,,0,0.0,,,1,0,MINOR_COLO
35001,Bernalillo County,NM,2010,35521.0,35162933.0,47481.0,,31.5,557.0581574086434,6.4,35.7,10.795942904477918,,,311725.0,12899701055.0,41382.0,321.0,17612.0,7.4,324142.0,4.0952738378714155,0.0,0.0,control,0,,0,0.0,,,1,0,MINOR_COLO;CROSS_STATE_FILL
35001,Bernalillo County,NM,2011,36717.0,34921426.0,48231.0,,31.6,564.3133016719125,7.3,35.8,11.580532195180268,,,310346.0,13012270645.0,41928.0,312.0,17653.0,6.9,321894.0,4.24808035380631,0.0,0.0,control,0,,0,0.0,,,1,0,MINOR_COLO;CROSS_STATE_FILL
35001,Bernalillo County,NM,2012,36825.0,34858007.0,48398.0,17.3,31.8,570.0123574267274,8.0,36.0,12.358921783751756,,,309150.0,13152983371.0,42546.0,513.0,17797.0,6.6,321332.0,4.277538133721383,0.0,0.0,control,0,,0,0.0,,,1,0,MINOR_COLO;CROSS_STATE_FILL
35001,Bernalillo County,NM,2013,36072.0,34524101.0,48801.0,18.0,32.1,574.4627533380122,8.5,36.1,12.567396888409478,,,311459.0,13255777554.0,42560.0,494.0,17714.0,6.4,321539.0,4.159546751044434,0.0,0.0,control,0,,0,0.0,,,1,0,MINOR_COLO;CROSS_STATE_FILL
35001,Bernalillo County,NM,2014,38230.0,35275612.0,48390.0,18.6,32.3,578.1975379872465,8.7,36.3,13.047826241830144,,,314610.0,13724433954.0,43624.0,484.0,17848.0,6.1,322126.0,4.1144143115735226,0.0,0.0,control,0,,0,0.0,,,1,0,MINOR_COLO;CROSS_STATE_FILL
35001,Bernalillo County,NM,2015,39637.0,35803605.0,47725.0,19.4,32.6,580.3624558125116,8.4,36.5,13.46692331212552,,,318952.0,14177057287.0,44449.0,552.0,18000.0,6.0,324436.0,4.138310124594283,0.0,0.0,control,0,,0,0.0,,,1,0,MINOR_COLO;CROSS_STATE_FILL
35001,Bernalillo County,NM,2016,41079.0,36402793.0,48994.0,18.7,32.8,581.0806505087213,7.3,36.8,12.515707908319532,,,324566.0,14670919622.0,45202.0,582.0,18260.0,5.9,329282.0,4.22292872089601,0.0,0.0,control,0,,0,0.0,,,1,0,MINOR_COLO;CROSS_STATE_FILL
35001,Bernalillo County,NM,2017,41936.0,36493928.0,50386.0,18.0,33.4,581.147819796856,6.7,37.1,13.462055499197476,,,326579.0,15061734003.0,46120.0,584.0,18301.0,5.4,332042.0,4.421745785719099,0.0,0.0,control,0,,0,0.0,,,1,0,MINOR_COLO;CROSS_STATE_FILL
35001,Bernalillo County,NM,2018,43407.0,37175016.0,51643.0,17.4,33.9,583.5908873665765,6.3,37.3,13.480048324156892,,,329965.0,15645176860.0,47415.0,592.0,19116.0,4.5,330538.0,4.618818352836144,0.0,0.0,control,0,,0,0.0,,,1,0,MINOR_COLO;CROSS_STATE_FILL
35001,Bernalillo County,NM,2019,45842.0,38145851.0,53329.0,16.7,34.4,583.7338373900426,5.7,37.6,13.435309932810895,,,334472.0,16438864265.0,49149.0,566.0,20137.0,4.5,334102.0,4.6668052222873015,0.0,0.0,control,0,,0,0.0,,,1,0,MINOR_COLO;CROSS_STATE_FILL
35001,Bernalillo County,NM,2020,50009.0,37710833.0,54308.0,15.9,35.3,584.7491270145405,5.6,38.0,14.134909291789684,,,313802.0,16804103504.0,53550.0,642.0,20509.0,7.6,327232.0,6.663903645931452,83.941,6020.14,control,0,,0,0.0,,,1,0,MINOR_COLO;CROSS_STATE_FILL
35001,Bernalillo County,NM,2021,53993.0,39762739.0,56920.0,16.1,36.3,581.2029330589153,5.6,38.3,14.588488775093648,,,322546.0,17853316540.0,55351.0,648.0,21094.0,6.5,333979.0,9.503283169436678,112.855,8537.039,control,0,,0,0.0,,,1,0,MINOR_COLO;CROSS_STATE_FILL
35001,Bernalillo County,NM,2022,56302.0,41302177.0,62220.0,16.4,36.6,581.0074532075489,5.4,38.6,14.464183941048098,,,337103.0,19491411066.0,57820.0,747.0,22253.0,3.6,338098.0,11.103457304225318,123.182,14048.37,control,0,,0,0.0,,,1,0,MINOR_COLO;CROSS_STATE_FILL
35001,Bernalillo County,NM,2023,59458.0,42584209.0,66514.0,15.8,37.4,580.7189697264574,5.3,39.3,,,,343914.0,20812042741.0,60515.0,726.0,22358.0,,,12.835122096227806,13.572,618.714,control,0,,0,0.0,,,1,0,MINOR_COLO;CROSS_STATE_FILL
35001,Bernalillo County,NM,2024,62836.0,43535686.0,,,,,,,15.644972201021591,,,347440.0,22059918766.0,63493.0,743.0,22948.0,,,,0.0,0.0,control,0,,0,0.0,,,1,0,MINOR_COLO;CROSS_STATE_FILL
35005,Chaves County,NM,2010,31708.0,2079450.0,37524.0,,15.7,10.592735303420357,6.2,35.2,9.642844210701645,,,21348.0,672042025.0,31480.0,,1728.0,7.2,27829.0,3.550615568677396,0.0,0.0,control,0,,0,0.0,,,1,0,FUTURE_DC_2023plus
35005,Chaves County,NM,2011,34575.0,2109223.0,37293.0,,16.4,10.70497860866759,5.9,34.9,9.799620129888371,,,21307.0,678499077.0,31844.0,,1733.0,6.5,27447.0,3.8498008723686703,0.0,0.0,control,0,,0,0.0,,,1,0,FUTURE_DC_2023plus
35005,Chaves County,NM,2012,35079.0,2090332.0,38155.0,20.6,17.3,10.76991820083706,6.5,34.8,9.350436514768887,,,20804.0,669410243.0,32178.0,,1714.0,6.4,27003.0,3.358493443122903,0.0,0.0,control,0,,0,0.0,,,1,0,FUTURE_DC_2023plus
35005,Chaves County,NM,2013,34119.0,2032652.0,39131.0,21.3,18.4,10.816727450015057,7.1,34.7,10.112879560322297,,,20697.0,668841385.0,32315.0,,1705.0,6.3,26792.0,3.892981183924278,0.0,0.0,control,0,,0,0.0,,,1,0,FUTURE_DC_2023plus
35005,Chaves County,NM,2014,36968.0,2091002.0,40541.0,21.9,18.4,10.85348259989778,7.4,34.8,11.044533959844395,,,21027.0,708394314.0,33690.0,,1747.0,6.0,27248.0,4.383810135671365,0.0,0.0,control,0,,0,0.0,,,1,0,FUTURE_DC_2023plus
35005,Chaves County,NM,2015,35786.0,2082336.0,40630.0,21.9,18.1,10.8470545692008,7.6,34.8,10.89282543704556,,,21628.0,730656795.0,33783.0,,1784.0,6.4,27901.0,3.769940901541195,0.0,0.0,control,0,,0,0.0,,,1,0,FUTURE_DC_2023plus
35005,Chaves County,NM,2016,35700.0,2094889.0,41356.0,22.2,19.3,10.813925487916372,7.1,35.1,11.194153287264427,,,21671.0,731347704.0,33748.0,,1826.0,6.8,28257.0,3.55875958347637,0.0,0.0,control,0,,0,0.0,,,1,0,FUTURE_DC_2023plus
35005,Chaves County,NM,2017,37218.0,2037102.0,42177.0,21.2,19.0,10.788213365128462,6.3,35.3,12.00604780058162,,,21135.0,728599661.0,34473.0,,1809.0,6.4,27762.0,3.900560491096962,0.0,0.0,control,0,,0,0.0,,,1,0,FUTURE_DC_2023plus
35005,Chaves County,NM,2018,38664.0,2081771.0,43197.0,20.6,17.8,10.789037471628074,5.9,35.6,11.610794022910424,,,21126.0,754827761.0,35730.0,,1832.0,4.8,27248.0,2.961612939970384,0.0,0.0,control,0,,0,0.0,,,1,0,FUTURE_DC_2023plus
35005,Chaves County,NM,2019,39886.0,2108328.0,43359.0,19.4,18.0,10.73711876215248,5.1,35.7,11.366252942300276,,,21219.0,795277877.0,37480.0,,1886.0,5.0,27368.0,2.2192182043483157,0.0,0.0,control,0,,0,0.0,,,1,0,FUTURE_DC_2023plus
35005,Chaves County,NM,2020,43004.0,2076719.0,46254.0,19.4,17.7,10.698880220570455,5.2,36.1,11.551704409271933,,,20498.0,812557971.0,39641.0,,1898.0,7.6,27499.0,2.2562055067987496,141.226,11047.832,control,0,,0,0.0,,,1,0,FUTURE_DC_2023plus
35005,Chaves County,NM,2021,46474.0,2049481.0,47620.0,21.2,16.9,10.715691993162554,5.4,36.1,12.237735523753429,,,20804.0,855563707.0,41126.0,,1889.0,7.3,27857.0,2.9179539993134225,216.444,12949.773,control,0,,0,0.0,,,1,0,FUTURE_DC_2023plus
35005,Chaves County,NM,2022,52755.0,2113128.0,49673.0,21.8,17.5,10.664102926286803,5.3,36.2,13.613055285342789,,,21307.0,915569815.0,42970.0,27.0,1896.0,4.3,27534.0,3.5377449282057203,190.348,13976.728,control,0,,0,0.0,,,1,0,FUTURE_DC_2023plus
35005,Chaves County,NM,2023,51276.0,2128353.0,52029.0,22.3,18.2,10.622073494806564,5.6,36.9,,,,21267.0,962453400.0,45256.0,33.0,1839.0,,,4.953846153846154,7.675,578.718,control,0,,0,0.0,,,1,0,FUTURE_DC_2023plus
35005,Chaves County,NM,2024,54036.0,2241622.0,,,,,,,13.021976684671184,,,21658.0,1034557490.0,47769.0,34.0,1805.0,,,,0.0,0.0,control,0,,0,0.0,,,1,0,FUTURE_DC_2023plus
35013,Doña Ana County,NM,2010,30526.0,7656106.0,36657.0,,25.4,52.956930446466814,8.6,32.2,10.809801036498651,,,69187.0,2395954706.0,34630.0,,4302.0,7.4,92896.0,4.397678310721789,0.0,0.0,control,0,,0,0.0,,,1,0,FUTURE_DC_2023plus;CROSS_STATE_FILL
35013,Doña Ana County,NM,2011,31013.0,7346256.0,37223.0,,25.5,53.99863294600137,10.7,32.3,11.568584226084145,,,69109.0,2405474139.0,34807.0,,4373.0,7.3,92873.0,4.194757437178822,0.0,0.0,control,0,,0,0.0,,,1,0,FUTURE_DC_2023plus;CROSS_STATE_FILL
35013,Doña Ana County,NM,2012,31230.0,6939610.0,38462.0,25.8,26.0,54.82763591828032,11.5,32.4,12.257636384010985,,,69246.0,2409452495.0,34796.0,13.0,4324.0,7.2,93870.0,4.087786703923623,0.0,0.0,control,0,,0,0.0,,,1,0,FUTURE_DC_2023plus;CROSS_STATE_FILL
35013,Doña Ana County,NM,2013,30465.0,6906915.0,37933.0,27.0,26.6,55.45286749160822,12.4,32.2,12.44999839073195,,,70356.0,2436759578.0,34635.0,14.0,4294.0,7.5,94284.0,4.094996541388056,0.0,0.0,control,0,,0,0.0,,,1,0,FUTURE_DC_2023plus;CROSS_STATE_FILL
35013,Doña Ana County,NM,2014,31718.0,6980723.0,38426.0,27.8,27.4,55.916867571436185,12.2,32.5,12.984992611463438,,,70732.0,2497451837.0,35309.0,,4300.0,7.2,94455.0,4.198719764346004,0.0,0.0,control,0,,0,0.0,,,1,0,FUTURE_DC_2023plus;CROSS_STATE_FILL
35013,Doña Ana County,NM,2015,33204.0,7058840.0,38853.0,28.2,27.7,56.18497401258183,11.5,32.4,13.233155072898397,,,70746.0,2565193145.0,36259.0,,4412.0,7.4,94974.0,3.889456374106211,0.0,0.0,control,0,,0,0.0,,,1,0,FUTURE_DC_2023plus;CROSS_STATE_FILL
35013,Doña Ana County,NM,2016,34238.0,7220206.0,38636.0,27.6,27.5,56.148736315345694,10.6,32.6,12.309902207513032,,,71699.0,2606818006.0,36358.0,0.0,4604.0,7.2,96370.0,4.04765097671092,0.0,0.0,control,0,,0,0.0,,,1,0,FUTURE_DC_2023plus;CROSS_STATE_FILL
35013,Doña Ana County,NM,2017,34911.0,7305489.0,39114.0,27.9,27.4,56.15503852356068,9.3,32.9,13.21980614578044,,,71077.0,2660256114.0,37428.0,1.0,4673.0,6.7,96802.0,4.189679659144706,0.0,0.0,control,0,,0,0.0,,,1,0,FUTURE_DC_2023plus;CROSS_STATE_FILL
35013,Doña Ana County,NM,2018,35767.0,7447694.0,39164.0,27.7,27.5,56.54603802489845,8.3,32.9,13.037314459535423,,,72730.0,2789558134.0,38355.0,1.0,4854.0,5.7,96870.0,4.24644056679521,0.0,0.0,control,0,,0,0.0,,,1,0,FUTURE_DC_2023plus;CROSS_STATE_FILL
35013,Doña Ana County,NM,2019,37865.0,7736864.0,40973.0,26.4,27.1,56.737992783446416,7.7,33.1,12.840033814702624,,,73391.0,2904886927.0,39581.0,2.0,5073.0,5.8,98120.0,4.383378320139724,0.0,0.0,control,0,,0,0.0,,,1,0,FUTURE_DC_2023plus;CROSS_STATE_FILL
35013,Doña Ana County,NM,2020,40874.0,7489115.0,44024.0,24.8,29.5,57.16522998202033,7.7,33.3,13.506140138691809,,,70038.0,2969419899.0,42397.0,14.0,5184.0,7.8,96511.0,5.6357396126920625,129.588,8187.662,control,0,,0,0.0,,,1,0,FUTURE_DC_2023plus;CROSS_STATE_FILL
35013,Doña Ana County,NM,2021,45830.0,8023171.0,47151.0,23.2,30.0,57.28628489814975,7.4,33.4,14.086093073960305,,,71488.0,3135945658.0,43867.0,105.0,5266.0,6.9,98454.0,7.0827880512091035,149.489,10808.121,control,0,,0,0.0,,,1,0,FUTURE_DC_2023plus;CROSS_STATE_FILL
35013,Doña Ana County,NM,2022,46222.0,8190741.0,51232.0,22.8,30.4,57.73610500949402,6.8,33.2,14.058320637180254,,,74756.0,3400719737.0,45491.0,120.0,5567.0,4.4,99295.0,7.463224847544316,147.638,16130.033,control,0,,0,0.0,,,1,0,FUTURE_DC_2023plus;CROSS_STATE_FILL
35013,Doña Ana County,NM,2023,47536.0,8681273.0,55663.0,22.2,31.4,58.2074576655728,6.9,34.0,,,,77684.0,3750750352.0,48282.0,167.0,5651.0,,,9.002375552235277,7.405,657.197,control,0,,0,0.0,,,1,0,FUTURE_DC_2023plus;CROSS_STATE_FILL
35013,Doña Ana County,NM,2024,49742.0,8900673.0,,,,,,,14.698423970561697,,,79409.0,3968334351.0,49974.0,142.0,5817.0,,,,0.0,0.0,control,0,,0,0.0,,,1,0,FUTURE_DC_2023plus;CROSS_STATE_FILL
35025,Lea County,NM,2010,33985.0,3862738.0,43910.0,,12.9,14.23255377597715,7.8,31.6,7.850801270982143,,,26675.0,1171710537.0,43926.0,,1817.0,7.6,26101.0,2.7822037014339993,0.0,0.0,control,0,,0,0.0,,,1,0,FUTURE_DC_2023plus
35025,Lea County,NM,2011,38517.0,4184991.0,46781.0,,13.8,14.502845463289518,7.6,31.6,8.012804726596347,,,28548.0,1335950258.0,46797.0,,1840.0,5.4,27121.0,3.3313760031317283,0.0,0.0,control,0,,0,0.0,,,1,0,FUTURE_DC_2023plus
35025,Lea County,NM,2012,42768.0,4683788.0,48793.0,16.2,14.1,14.726001195021716,8.3,31.6,7.660035425076407,,,30161.0,1502657463.0,49821.0,,1918.0,4.6,28373.0,2.3193406172129576,0.0,0.0,control,0,,0,0.0,,,1,0,FUTURE_DC_2023plus
35025,Lea County,NM,2013,39098.0,4819597.0,50694.0,15.0,13.3,14.956215934594422,8.4,31.8,8.340910171984032,,,31760.0,1601808722.0,50435.0,,1937.0,4.5,29488.0,2.654170571696345,0.0,0.0,control,0,,0,0.0,,,1,0,FUTURE_DC_2023plus
35025,Lea County,NM,2014,40228.0,5194313.0,55248.0,16.4,12.6,15.2283293013495,6.3,31.5,9.442538705584584,,,33350.0,1780827558.0,53399.0,,1970.0,4.3,30890.0,2.462059767131682,0.0,0.0,control,0,,0,0.0,,,1,0,FUTURE_DC_2023plus
35025,Lea County,NM,2015,39549.0,5232723.0,57533.0,15.0,13.2,15.51820404267102,5.9,31.8,9.270890627939648,,,31441.0,1615561653.0,51384.0,,1979.0,6.3,30113.0,2.3603298940612167,0.0,0.0,control,0,,0,0.0,,,1,0,FUTURE_DC_2023plus
35025,Lea County,NM,2016,36479.0,4522423.0,58152.0,15.8,13.1,15.696045498265764,6.6,31.8,9.440811788789777,,,27609.0,1289488338.0,46705.0,,1967.0,9.3,27967.0,2.4556616643929057,0.0,0.0,control,0,,0,0.0,,,1,0,FUTURE_DC_2023plus
35025,Lea County,NM,2017,38794.0,4776874.0,59285.0,16.1,13.1,15.826978708210676,6.2,31.7,10.40256693474592,,,28575.0,1427716173.0,49965.0,,1928.0,6.5,28133.0,2.1343288838798293,0.0,0.0,control,0,,0,0.0,,,1,0,FUTURE_DC_2023plus
35025,Lea County,NM,2018,45460.0,5832463.0,59797.0,16.6,13.0,15.96838657495118,6.4,31.7,9.951758634320184,,,31778.0,1721634590.0,54176.0,,2023.0,4.1,30099.0,2.118524774774775,0.0,0.0,control,0,,0,0.0,,,1,0,FUTURE_DC_2023plus
35025,Lea County,NM,2019,47881.0,6747017.0,60546.0,15.8,13.6,16.002770774432367,6.3,31.8,9.508803896695191,,,33028.0,1851259113.0,56051.0,,2149.0,4.1,31293.0,2.2530691964285716,0.0,0.0,control,0,,0,0.0,,,1,0,FUTURE_DC_2023plus
35025,Lea County,NM,2020,45561.0,6363203.0,61867.0,16.2,14.6,16.02144298872016,6.9,32.0,9.681774202882,,,28109.0,1491636078.0,53067.0,,2236.0,10.4,28930.0,2.7949120055758843,128.065,9919.319,control,0,,0,0.0,,,1,0,FUTURE_DC_2023plus
35025,Lea County,NM,2021,47650.0,6316748.0,62319.0,16.8,14.8,16.564303462648287,7.2,31.9,10.641069873759816,,,27218.0,1516952323.0,55734.0,,2228.0,9.8,27977.0,3.0088254336047977,283.165,12314.128,control,0,,0,0.0,,,1,0,FUTURE_DC_2023plus
35025,Lea County,NM,2022,54855.0,6543071.0,65855.0,17.8,14.6,16.646279037570316,7.4,32.2,12.577782150985946,,,30384.0,1928532123.0,63473.0,30.0,2269.0,4.4,29141.0,3.333112011154638,169.33,11000.754,control,0,,0,0.0,,,1,0,FUTURE_DC_2023plus
35025,Lea County,NM,2023,57212.0,9594408.0,68750.0,18.7,15.3,16.657892244017606,7.0,32.5,,,,32296.0,2153052464.0,66666.0,27.0,2142.0,,,3.670852435054149,4.269,846.65,control,0,,0,0.0,,,1,0,FUTURE_DC_2023plus
35025,Lea County,NM,2024,59387.0,11439564.0,,,,,,,11.691078615893549,,,33770.0,2341655010.0,69342.0,32.0,2195.0,,,,0.0,0.0,control,0,,0,0.0,,,1,0,FUTURE_DC_2023plus
35031,McKinley County,NM,2010,23607.0,2475847.0,31335.0,,10.9,12.9631572845228,8.9,29.9,10.67842857654291,,,21363.0,668776654.0,31305.0,,1129.0,9.5,25221.0,9.916585510437397,0.0,0.0,control,0,,0,0.0,,,1,0,
35031,McKinley County,NM,2011,24076.0,2587254.0,31947.0,,11.0,13.078180700134872,10.2,30.3,11.395933121527426,,,20944.0,671722803.0,32072.0,,1131.0,9.6,24810.0,9.921759357157962,0.0,0.0,control,0,,0,0.0,,,1,0,
35031,McKinley County,NM,2012,24022.0,2581208.0,30780.0,33.6,12.2,13.187884053461856,11.8,30.3,12.23952283970535,,,21021.0,676590268.0,32187.0,,1134.0,9.4,24929.0,10.055427050146204,0.0,0.0,control,0,,0,0.0,,,1,0,
35031,McKinley County,NM,2013,23328.0,2595911.0,30458.0,35.0,11.2,13.27685750891936,11.9,30.5,12.387473138477764,,,20534.0,654132401.0,31856.0,,1122.0,10.1,24447.0,10.452992989394213,0.0,0.0,control,0,,0,0.0,,,1,0,
35031,McKinley County,NM,2014,24077.0,2527313.0,29812.0,36.6,11.4,13.406923859268575,13.9,30.7,12.906679249420476,,,20164.0,656577473.0,32562.0,,1123.0,10.0,24064.0,11.36559481155608,0.0,0.0,control,0,,0,0.0,,,1,0,
35031,McKinley County,NM,2015,24937.0,2576470.0,28772.0,37.5,11.1,13.5749644473079,15.5,30.8,13.315936272183446,,,20552.0,665936623.0,32403.0,,1245.0,9.9,24475.0,10.42316258351893,0.0,0.0,control,0,,0,0.0,,,1,0,
35031,McKinley County,NM,2016,25401.0,2354773.0,29272.0,38.1,11.0,13.638805194728954,15.7,30.8,12.405707064430215,,,20652.0,682185742.0,33032.0,,1272.0,9.5,24587.0,9.53644727530078,0.0,0.0,control,0,,0,0.0,,,1,0,
35031,McKinley County,NM,2017,25597.0,2227566.0,30336.0,37.5,10.8,13.364179910564248,16.1,31.6,13.336836900366494,,,20712.0,702300853.0,33908.0,,1270.0,8.5,24556.0,9.45596422778484,0.0,0.0,control,0,,0,0.0,,,1,0,
35031,McKinley County,NM,2018,26744.0,2307971.0,31674.0,36.0,11.6,13.364179910564248,15.7,32.0,13.349997046117744,,,20536.0,719766846.0,35050.0,,1265.0,7.1,23911.0,9.112854556427278,0.0,0.0,control,0,,0,0.0,,,1,0,
35031,McKinley County,NM,2019,28061.0,2571211.0,33834.0,34.8,11.4,13.2887817864549,14.0,32.4,13.304820336569607,,,20948.0,785759347.0,37510.0,,1291.0,7.1,24242.0,9.502980402247095,0.0,0.0,control,0,,0,0.0,,,1,0,
35031,McKinley County,NM,2020,31975.0,2477107.0,36179.0,35.2,11.5,13.200358682268268,12.4,32.8,14.008061434358446,,,19445.0,794728965.0,40870.0,,1312.0,9.8,23494.0,10.201954397394136,470.747,13538.474,control,0,,0,0.0,,,1,0,
35031,McKinley County,NM,2021,35301.0,2288382.0,40262.0,34.0,12.2,13.381974601655749,11.0,33.3,14.470025262113282,,,19051.0,793890596.0,41671.0,,1306.0,9.9,23301.0,11.74833431728093,267.815,10665.673,control,0,,0,0.0,,,1,0,
35031,McKinley County,NM,2022,35356.0,2208933.0,44029.0,33.6,12.4,13.221822381832244,9.6,33.6,14.371742132128276,,,19398.0,827075912.0,42638.0,23.0,1309.0,5.8,22516.0,10.36665119615206,143.571,20570.695,control,0,,0,0.0,,,1,0,
35031,McKinley County,NM,2023,35838.0,2315316.0,44496.0,35.7,12.5,13.056533550147272,9.4,34.1,,,,19828.0,878631393.0,44314.0,21.0,1234.0,,,9.591329677861548,26.229,1623.457,control,0,,0,0.0,,,1,0,
35031,McKinley County,NM,2024,37085.0,2229863.0,,,,,,,15.593626289475996,,,19500.0,920924746.0,47226.0,21.0,1225.0,,,,0.0,0.0,control,0,,0,0.0,,,1,0,
35035,Otero County,NM,2010,31474.0,2798371.0,39615.0,,17.7,9.494353323265628,8.8,36.5,10.89510375078721,,,17073.0,558083908.0,32688.0,8.0,1211.0,6.9,24796.0,3.2245637015063373,0.0,0.0,control,0,,0,0.0,,,1,0,
35035,Otero County,NM,2011,31978.0,2876238.0,38588.0,,17.6,9.602027171919143,10.4,36.2,11.633595276700976,,,16955.0,565596454.0,33358.0,11.0,1216.0,6.6,24557.0,2.4304457793234273,0.0,0.0,control,0,,0,0.0,,,1,0,
35035,Otero County,NM,2012,31757.0,2848845.0,39054.0,20.7,17.5,9.705164201106925,11.4,36.1,12.299838962466495,,,17616.0,592393823.0,33629.0,16.0,1226.0,6.4,25081.0,2.5460542192904834,0.0,0.0,control,0,,0,0.0,,,1,0,
35035,Otero County,NM,2013,30594.0,2799852.0,39263.0,21.8,16.6,9.794539544581964,13.1,35.6,12.49162843707218,,,17709.0,595919513.0,33650.0,14.0,1185.0,6.4,25397.0,2.847474413998019,0.0,0.0,control,0,,0,0.0,,,1,0,
35035,Otero County,NM,2014,31611.0,2723633.0,40614.0,22.0,17.2,9.892534845041906,13.3,35.6,13.039310901177531,,,17352.0,598959661.0,34519.0,8.0,1173.0,6.2,24883.0,2.499793063488122,0.0,0.0,control,0,,0,0.0,,,1,0,
35035,Otero County,NM,2015,32578.0,2703203.0,39775.0,23.1,16.4,9.87786579543602,12.7,35.6,13.268604786909352,,,17550.0,607102724.0,34593.0,15.0,1136.0,6.3,25168.0,2.4056702105482595,0.0,0.0,control,0,,0,0.0,,,1,0,
35035,Otero County,NM,2016,33095.0,2738559.0,41502.0,24.8,17.6,9.88013420516889,11.0,35.7,12.410308699314164,,,17805.0,624182758.0,35057.0,17.0,1162.0,6.1,25674.0,2.609397055858036,0.0,0.0,control,0,,0,0.0,,,1,0,
35035,Otero County,NM,2017,33229.0,2683571.0,43533.0,21.4,18.3,9.849435060117395,9.3,35.6,13.304148108355337,,,17345.0,632510257.0,36466.0,26.0,1146.0,6.0,25216.0,3.1028851388132823,0.0,0.0,control,0,,0,0.0,,,1,0,
35035,Otero County,NM,2018,34460.0,2712278.0,42752.0,21.2,19.0,9.942439859165026,8.0,35.6,13.09502998516463,,,17258.0,653194815.0,37849.0,8.0,1177.0,4.9,24776.0,3.242929097249128,0.0,0.0,control,0,,0,0.0,,,1,0,
35035,Otero County,NM,2019,35102.0,2725385.0,41988.0,22.1,17.5,10.00172096685067,7.6,35.8,12.925585007942036,,,17392.0,681369394.0,39178.0,8.0,1234.0,5.0,24933.0,3.3855384135889044,0.0,0.0,control,0,,0,0.0,,,1,0,
35035,Otero County,NM,2020,38887.0,2797147.0,45032.0,19.1,18.9,10.10258958630558,9.1,36.2,13.6040875155725,,,16824.0,721300054.0,42872.0,10.0,1241.0,7.9,25111.0,4.1260084517864,57.456,4909.506,control,0,,0,0.0,,,1,0,
35035,Otero County,NM,2021,41925.0,2870723.0,46949.0,18.9,20.1,10.177295880174734,9.6,36.5,14.160725326343703,,,17105.0,772655608.0,45172.0,11.0,1266.0,6.9,25262.0,4.463237021376556,161.785,11598.651,control,0,,0,0.0,,,1,0,
35035,Otero County,NM,2022,42411.0,2924740.0,50833.0,19.4,21.0,10.260773358344316,9.6,35.9,14.146362705496813,,,17528.0,811429367.0,46295.0,23.0,1321.0,4.2,25081.0,4.756930194381226,116.425,12164.144,control,0,,0,0.0,,,1,0,
35035,Otero County,NM,2023,43627.0,2977909.0,52717.0,20.0,21.6,10.318995874821288,9.1,36.3,,,,17520.0,849994323.0,48516.0,24.0,1308.0,,,5.962924450500197,13.608,577.589,control,0,,0,0.0,,,1,0,
35035,Otero County,NM,2024,44665.0,2963903.0,,,,,,,14.721038822758064,,,17528.0,876711456.0,50017.0,27.0,1328.0,,,,0.0,0.0,control,0,,0,0.0,,,1,0,
35049,Santa Fe County,NM,2010,43643.0,7108524.0,52696.0,,40.0,74.17477151142704,6.7,42.2,10.901146040984166,,,60538.0,2419120901.0,39960.0,23.0,5576.0,6.5,73742.0,9.801032741628642,0.0,0.0,control,0,,0,0.0,,,1,0,CROSS_STATE_FILL
35049,Santa Fe County,NM,2011,45591.0,6978550.0,53698.0,,39.6,74.88196065704204,7.9,42.6,11.651648345369235,,,60477.0,2446201106.0,40449.0,23.0,5573.0,6.0,73251.0,9.727315534881066,0.0,0.0,control,0,,0,0.0,,,1,0,CROSS_STATE_FILL
35049,Santa Fe County,NM,2012,47199.0,6853630.0,53642.0,16.0,39.3,75.48707586972225,9.1,43.0,12.45230352113768,,,60250.0,2475469028.0,41087.0,22.0,5586.0,5.7,73761.0,8.727825646224025,0.0,0.0,control,0,,0,0.0,,,1,0,CROSS_STATE_FILL
35049,Santa Fe County,NM,2013,46618.0,6926764.0,52917.0,17.0,39.7,76.11051204472408,9.9,43.4,12.66939218856934,,,60680.0,2543755701.0,41921.0,27.0,5470.0,5.6,73660.0,8.532153115657424,0.0,0.0,control,0,,0,0.0,,,1,0,CROSS_STATE_FILL
35049,Santa Fe County,NM,2014,50393.0,7109332.0,52958.0,16.7,39.9,76.61355332446948,9.0,43.9,13.176691705509093,,,60426.0,2582193572.0,42733.0,40.0,5475.0,5.4,73054.0,8.324132721250509,0.0,0.0,control,0,,0,0.0,,,1,0,CROSS_STATE_FILL
35049,Santa Fe County,NM,2015,50974.0,6946786.0,54315.0,15.6,40.1,77.00457500601973,7.9,44.4,13.581918372121743,,,61229.0,2655542700.0,43370.0,31.0,5485.0,5.4,73665.0,8.109583530865262,0.0,0.0,control,0,,0,0.0,,,1,0,CROSS_STATE_FILL
35049,Santa Fe County,NM,2016,53566.0,6980157.0,55370.0,15.6,41.0,77.1155476920822,6.7,45.0,12.65796192094166,,,60988.0,2628131237.0,43092.0,31.0,5587.0,5.3,74060.0,7.987295267926406,0.0,0.0,control,0,,0,0.0,,,1,0,CROSS_STATE_FILL
35049,Santa Fe County,NM,2017,54072.0,6940839.0,57945.0,14.4,41.4,77.21709816895067,5.5,45.3,13.580638149201343,,,60658.0,2636796620.0,43470.0,25.0,5568.0,5.0,74245.0,7.867140474291101,0.0,0.0,control,0,,0,0.0,,,1,0,CROSS_STATE_FILL
35049,Santa Fe County,NM,2018,57163.0,7088694.0,59192.0,12.8,40.9,77.95150703001497,4.5,45.8,13.567992022126978,,,61314.0,2723314284.0,44416.0,29.0,5787.0,4.1,74430.0,8.215143543406153,0.0,0.0,control,0,,0,0.0,,,1,0,CROSS_STATE_FILL
35049,Santa Fe County,NM,2019,60853.0,7125371.0,61200.0,12.8,41.0,78.14832651095593,4.1,46.3,13.491834918253192,,,62595.0,2854355631.0,45600.0,30.0,6077.0,4.1,73867.0,8.429036374324344,0.0,0.0,control,0,,0,0.0,,,1,0,CROSS_STATE_FILL
35049,Santa Fe County,NM,2020,63514.0,6734657.0,60668.0,13.0,40.7,78.68539243501293,4.9,46.8,14.131897478790512,,,56218.0,2796485888.0,49744.0,49.0,6181.0,7.7,70713.0,10.105380084479458,50.237,5043.103,control,0,,0,0.0,,,1,0,CROSS_STATE_FILL
35049,Santa Fe County,NM,2021,71071.0,7382506.0,64423.0,12.3,41.1,80.41960238277201,5.3,47.1,14.58210741462248,,,57950.0,3073552639.0,53038.0,45.0,6419.0,6.4,72300.0,12.337468134497344,86.407,6445.044,control,0,,0,0.0,,,1,0,CROSS_STATE_FILL
35049,Santa Fe County,NM,2022,73047.0,7470557.0,70522.0,12.3,42.2,80.86401658308817,5.4,47.7,14.41277586191696,,,60343.0,3328449625.0,55159.0,188.0,6727.0,3.6,72251.0,15.005795380657563,116.549,15221.745,control,0,,0,0.0,,,1,0,CROSS_STATE_FILL
35049,Santa Fe County,NM,2023,78284.0,7621810.0,74689.0,12.5,44.2,81.22729509312283,5.4,48.5,,,,61095.0,3543660235.0,58003.0,193.0,6640.0,,,17.025371582703492,15.406,557.963,control,0,,0,0.0,,,1,0,CROSS_STATE_FILL
35049,Santa Fe County,NM,2024,82474.0,7873444.0,,,,,,,15.616029109084122,,,61826.0,3784890697.0,61218.0,203.0,6768.0,,,,0.0,0.0,control,0,,0,0.0,,,1,0,CROSS_STATE_FILL
35061,Valencia County,NM,2010,28312.0,1485396.0,42044.0,,16.8,69.88930802516818,8.4,36.9,10.866578288985432,,,14571.0,409807323.0,28124.0,,1065.0,9.2,30910.0,4.1148853907760286,0.0,0.0,treated,1,2019.0,0,0.0,Meta,Meta,1,1,
35061,Valencia County,NM,2011,29230.0,1505075.0,41388.0,,16.2,70.90735921645681,9.8,36.7,11.68114542960649,,,14445.0,408935303.0,28310.0,,1049.0,8.6,30472.0,3.847882454624027,0.0,0.0,treated,1,2019.0,0,0.0,Meta,Meta,1,1,
35061,Valencia County,NM,2012,28796.0,1376167.0,42525.0,21.4,17.0,71.40607305970317,11.3,37.4,12.430750894923223,,,13250.0,388003463.0,29284.0,,1039.0,8.5,30227.0,3.737267298911134,0.0,0.0,treated,1,2019.0,0,0.0,Meta,Meta,1,1,
35061,Valencia County,NM,2013,28627.0,1357238.0,42506.0,23.6,16.6,71.67699091815844,12.1,37.9,12.633088469397553,,,13427.0,397727286.0,29622.0,,1057.0,8.3,30046.0,3.8714727964985944,0.0,0.0,treated,1,2019.0,0,0.0,Meta,Meta,1,1,
35061,Valencia County,NM,2014,30229.0,1422034.0,42012.0,24.8,16.5,71.69480212684581,12.9,38.2,13.102462434892956,,,13080.0,397957271.0,30425.0,,1077.0,7.8,29721.0,3.606653908435154,0.0,0.0,treated,1,2019.0,0,0.0,Meta,Meta,1,1,
35061,Valencia County,NM,2015,31463.0,1391347.0,41703.0,23.7,16.5,71.52325206422535,12.4,38.5,13.514035705575,,,13437.0,415050261.0,30888.0,,1127.0,7.5,29860.0,4.005509841592054,0.0,0.0,treated,1,2019.0,0,0.0,Meta,Meta,1,1,
35061,Valencia County,NM,2016,32697.0,1448302.0,41788.0,23.2,17.1,71.23827272522743,10.7,38.9,12.576377021637995,,,13614.0,423130971.0,31080.0,,1209.0,7.3,30156.0,4.461771713233701,0.0,0.0,treated,1,2019.0,0,0.0,Meta,Meta,1,1,
35061,Valencia County,NM,2017,33125.0,1518973.0,43428.0,22.0,16.3,71.09953278387317,9.1,39.0,13.5176485812055,,,14141.0,475341449.0,33614.0,,1232.0,6.6,30485.0,4.971944030115775,0.0,0.0,treated,1,2019.0,0,0.0,Meta,Meta,1,1,
35061,Valencia County,NM,2018,34492.0,1616488.0,45084.0,19.5,17.1,71.20358773988886,8.4,39.1,13.528490915011254,,,15055.0,532183553.0,35349.0,,1305.0,5.4,30447.0,4.726817739468928,0.0,0.0,treated,1,2019.0,0,0.0,Meta,Meta,1,1,
35061,Valencia County,NM,2019,35998.0,1562223.0,48945.0,16.9,18.5,71.27014541445746,7.5,38.9,13.478970491528552,,,15271.0,556421742.0,36437.0,,1395.0,5.4,30801.0,4.29990103402382,0.0,0.0,treated,1,2019.0,1,0.0,Meta,Meta,1,1,
35061,Valencia County,NM,2020,39457.0,1589034.0,50801.0,16.6,19.9,71.73042454422055,7.7,38.7,14.134909291789684,,,14885.0,575626153.0,38672.0,,1439.0,7.7,30081.0,5.354766048940309,86.811,6812.054,treated,1,2019.0,1,1.0,Meta,Meta,1,1,
35061,Valencia County,NM,2021,43344.0,1650198.0,53752.0,16.7,19.4,71.23733529319125,8.5,39.0,14.588488775093648,,,15637.0,640757531.0,40978.0,22.0,1480.0,7.1,30873.0,6.283795723626082,167.046,10391.045,treated,1,2019.0,1,2.0,Meta,Meta,1,1,
35061,Valencia County,NM,2022,45310.0,1700028.0,56246.0,17.8,21.1,71.8194805876574,7.5,38.8,14.464183941048098,,,16335.0,698204859.0,42742.0,32.0,1533.0,4.3,31119.0,7.82014363529126,164.415,14602.707,treated,1,2019.0,1,3.0,Meta,Meta,1,1,
35061,Valencia County,NM,2023,46621.0,1758046.0,58333.0,18.4,20.8,72.5403658234778,6.9,39.0,,,,17052.0,791928812.0,46443.0,34.0,1506.0,,,9.315519151364596,11.838,608.994,treated,1,2019.0,1,4.0,Meta,Meta,1,1,
35061,Valencia County,NM,2024,48865.0,1844320.0,,,,,,,15.644972201021591,,,17446.0,866053894.0,49642.0,35.0,1532.0,,,,0.0,0.0,treated,1,2019.0,1,5.0,Meta,Meta,1,1,
37001,Alamance County,NC,2010,31997.0,5520634.0,44167.0,,21.4,347.31681512898746,8.4,38.0,9.585343132117938,,,54857.0,1867338101.0,34040.0,,3425.0,10.8,77083.0,2.9557218449471576,0.0,0.0,control,0,,0,0.0,,,1,0,
37001,Alamance County,NC,2011,33112.0,5630872.0,44430.0,,21.6,352.90658681503453,8.6,38.4,9.609650034564917,,,56303.0,1950832913.0,34649.0,,3397.0,9.6,77660.0,3.6312969533303647,0.0,0.0,control,0,,0,0.0,,,1,0,
37001,Alamance County,NC,2012,34023.0,5607349.0,44155.0,17.3,21.8,356.9944173129422,9.4,38.5,10.369180123368231,,,57312.0,2013798635.0,35137.0,159.0,3426.0,8.7,78641.0,3.679713141419545,0.0,0.0,control,0,,0,0.0,,,1,0,
37001,Alamance County,NC,2013,34249.0,5836303.0,43043.0,18.3,21.7,360.06914597168037,10.0,38.8,10.402331325815952,,,57436.0,2075416527.0,36135.0,154.0,3350.0,7.1,77398.0,3.705393946531622,0.0,0.0,control,0,,0,0.0,,,1,0,
37001,Alamance County,NC,2014,35429.0,5956943.0,42592.0,18.8,21.0,362.9998205227511,9.5,39.1,10.60467952451146,,,57781.0,2089319479.0,36159.0,,3337.0,5.5,76826.0,3.783120563232158,0.0,0.0,control,0,,0,0.0,,,1,0,
37001,Alamance County,NC,2015,36231.0,5938900.0,41814.0,19.2,21.6,366.6484040694105,7.9,39.2,10.824882815750616,,,58102.0,2157732975.0,37137.0,142.0,3375.0,5.3,77206.0,3.386753205907161,0.0,0.0,control,0,,0,0.0,,,1,0,
37001,Alamance County,NC,2016,36898.0,6187138.0,43209.0,18.5,22.1,369.27916269140303,6.9,39.6,10.608691698331883,,,59624.0,2306255393.0,38680.0,127.0,3361.0,4.7,78694.0,2.710547718540539,0.0,0.0,control,0,,0,0.0,,,1,0,
37001,Alamance County,NC,2017,37908.0,6087842.0,44281.0,17.6,22.9,372.7553536174112,6.0,39.7,10.311590166703088,,,60226.0,2412024394.0,40050.0,,3439.0,4.3,78810.0,2.8974136625786295,0.0,0.0,control,0,,0,0.0,,,1,0,
37001,Alamance County,NC,2018,39317.0,6124774.0,45735.0,16.8,24.0,379.2070884067143,5.7,39.5,10.596387551579303,,,61150.0,2509694998.0,41042.0,,3485.0,3.8,79653.0,3.0126807204587673,0.0,0.0,control,0,,0,0.0,,,1,0,
37001,Alamance County,NC,2019,41186.0,6281006.0,49688.0,16.1,24.8,385.69660787999584,5.3,39.1,11.010266399512464,,,62633.0,2646040217.0,42247.0,,3587.0,3.8,81735.0,3.272489368662087,0.0,0.0,control,0,,0,0.0,,,1,0,
37001,Alamance County,NC,2020,44239.0,6306419.0,51580.0,15.4,25.3,392.3561584311799,5.2,39.1,10.895740757087223,,,59780.0,2746465359.0,45943.0,7.0,3729.0,7.1,78631.0,4.4474041575263765,71.637,6365.874,control,0,,0,0.0,,,1,0,
37001,Alamance County,NC,2021,48652.0,6712009.0,55078.0,14.4,26.3,399.53760992981495,5.1,39.0,10.858480566767332,,,62728.0,3056688573.0,48729.0,9.0,3903.0,4.9,80769.0,6.128490689359085,158.58,12278.049,control,0,,0,0.0,,,1,0,
37001,Alamance County,NC,2022,49489.0,6715031.0,60866.0,14.2,27.3,405.6634518198048,5.0,39.1,11.209686696702292,,,63536.0,3226790826.0,50787.0,27.0,4351.0,3.7,83565.0,8.410544415443042,105.312,17363.645,control,0,,0,0.0,,,1,0,
37001,Alamance County,NC,2023,51727.0,6885523.0,64445.0,14.1,27.7,411.58383949066246,4.9,38.7,,,,66553.0,3391829126.0,50964.0,33.0,4351.0,,,9.1791553133515,14.695,2005.829,control,0,,0,0.0,,,1,0,
37001,Alamance County,NC,2024,54218.0,7006266.0,,,,,,,14.623937459531708,,,67668.0,3552733962.0,52502.0,35.0,4409.0,,,,0.0,0.0,control,0,,0,0.0,,,1,0,
37027,Caldwell County,NC,2010,27095.0,2287224.0,37261.0,,12.3,174.11334893025466,10.5,40.5,9.133495037292915,,,24481.0,743954085.0,30389.0,,1444.0,14.7,38334.0,2.3987052771516097,0.0,0.0,treated,1,2008.0,1,2.0,Google,Google,0,1,ALWAYS_TREATED
37027,Caldwell County,NC,2011,27805.0,2307692.0,37845.0,,13.6,174.7533312989523,11.2,40.8,9.353599973013576,,,24239.0,747348121.0,30832.0,,1417.0,13.2,37542.0,3.0933471454880292,0.0,0.0,treated,1,2008.0,1,3.0,Google,Google,0,1,ALWAYS_TREATED
37027,Caldwell County,NC,2012,28901.0,2185693.0,36108.0,19.0,12.3,174.81478655952262,12.4,41.2,10.339063549054876,,,23102.0,730858540.0,31636.0,,1412.0,11.9,37235.0,2.7419402239398125,0.0,0.0,treated,1,2008.0,1,4.0,Google,Google,0,1,ALWAYS_TREATED
37027,Caldwell County,NC,2013,28677.0,2211419.0,34357.0,19.5,12.5,174.63253992472792,14.3,41.5,10.298479723292497,,,22951.0,734144281.0,31988.0,,1378.0,9.3,36422.0,2.9140961651734507,0.0,0.0,treated,1,2008.0,1,5.0,Google,Google,0,1,ALWAYS_TREATED
37027,Caldwell County,NC,2014,29982.0,2206358.0,34853.0,20.5,13.4,174.06672769809785,13.6,42.0,10.63087323299741,,,22782.0,744037002.0,32659.0,,1362.0,7.1,35487.0,3.46460081773187,0.0,0.0,treated,1,2008.0,1,6.0,Google,Google,0,1,ALWAYS_TREATED
37027,Caldwell County,NC,2015,31699.0,2266732.0,35763.0,19.6,13.7,173.2572135761028,12.2,42.8,10.721903636541276,,,23326.0,800743353.0,34328.0,,1373.0,6.2,35421.0,3.56192549588776,0.0,0.0,treated,1,2008.0,1,7.0,Google,Google,0,1,ALWAYS_TREATED
37027,Caldwell County,NC,2016,32377.0,2377346.0,37118.0,17.6,13.8,172.97112874241347,10.5,43.5,10.505177756805129,,,24103.0,854722813.0,35462.0,,1364.0,5.2,35786.0,3.8723071368395714,0.0,0.0,treated,1,2008.0,1,8.0,Google,Google,0,1,ALWAYS_TREATED
37027,Caldwell County,NC,2017,34198.0,2466166.0,40735.0,16.4,14.8,173.35681348116503,7.9,44.1,10.358434179068356,,,24838.0,932245011.0,37533.0,,1370.0,4.5,35997.0,3.657495954097396,0.0,0.0,treated,1,2008.0,1,9.0,Google,Google,0,1,ALWAYS_TREATED
37027,Caldwell County,NC,2018,35315.0,2445728.0,42072.0,16.6,15.3,173.30171566134337,6.6,44.1,10.29965155014444,,,25218.0,999035523.0,39617.0,,1367.0,3.9,35852.0,3.9981865064747386,0.0,0.0,treated,1,2008.0,1,10.0,Google,Google,0,1,ALWAYS_TREATED
37027,Caldwell County,NC,2019,37109.0,2404111.0,44511.0,15.1,15.7,173.5242260875462,6.3,44.6,10.484438306228332,,,25251.0,1019229627.0,40364.0,20.0,1376.0,4.0,36088.0,3.434687831870773,0.0,0.0,treated,1,2008.0,1,11.0,Google,Google,0,1,ALWAYS_TREATED
37027,Caldwell County,NC,2020,40330.0,2442919.0,46094.0,14.0,15.8,173.8887193571356,6.5,45.1,10.543729426438771,,,24783.0,1057725347.0,42679.0,,1422.0,7.8,34466.0,3.998863959102528,34.195,7134.483,treated,1,2008.0,1,12.0,Google,Google,0,1,ALWAYS_TREATED
37027,Caldwell County,NC,2021,44389.0,2412074.0,48549.0,13.4,16.6,171.02575187332587,5.8,44.9,10.418287395163627,,,24484.0,1120888281.0,45780.0,,1454.0,5.0,35147.0,4.585127763422337,247.912,11196.327,treated,1,2008.0,1,13.0,Google,Google,0,1,ALWAYS_TREATED
37027,Caldwell County,NC,2022,45750.0,2428332.0,52362.0,13.3,17.2,171.04906248940426,5.8,45.1,10.599234583654784,,,25081.0,1227661978.0,48947.0,,1537.0,3.6,36235.0,5.373540414918944,172.195,16588.1,treated,1,2008.0,1,14.0,Google,Google,0,1,ALWAYS_TREATED
37027,Caldwell County,NC,2023,47760.0,2445607.0,55401.0,12.7,18.6,170.84138609161496,4.8,45.5,,,,25375.0,1239353952.0,48842.0,,1588.0,,,6.325545040895514,15.876,2295.931,treated,1,2008.0,1,15.0,Google,Google,0,1,ALWAYS_TREATED
37027,Caldwell County,NC,2024,50611.0,2507601.0,,,,,,,13.799985055580656,,,25506.0,1290739795.0,50605.0,,1594.0,,,,0.0,0.0,treated,1,2008.0,1,16.0,Google,Google,0,1,ALWAYS_TREATED
37031,Carteret County,NC,2010,40092.0,2288420.0,46155.0,,23.8,128.18653911316696,8.6,45.1,10.361964351993766,,,21938.0,623883906.0,28439.0,,2223.0,9.5,31496.0,4.579644545030953,0.0,0.0,control,0,,0,0.0,,,1,0,
37031,Carteret County,NC,2011,40744.0,2247264.0,47403.0,,23.7,129.51631586827529,9.4,45.4,10.130378325210936,,,21412.0,619226242.0,28919.0,37.0,2221.0,9.7,31130.0,4.541698343965888,0.0,0.0,control,0,,0,0.0,,,1,0,
37031,Carteret County,NC,2012,42064.0,2126052.0,47506.0,14.1,23.8,130.84018250447198,9.7,45.7,10.46271738408635,,,22058.0,644153067.0,29202.0,39.0,2187.0,9.1,31763.0,4.610033795977294,0.0,0.0,control,0,,0,0.0,,,1,0,
37031,Carteret County,NC,2013,41079.0,2125045.0,46534.0,14.4,23.9,132.38272354039765,10.2,45.9,10.630758506585568,,,22097.0,654384074.0,29615.0,39.0,2107.0,7.6,31237.0,4.098223545548827,0.0,0.0,control,0,,0,0.0,,,1,0,
37031,Carteret County,NC,2014,43058.0,2208771.0,47179.0,15.2,24.2,133.6691594234876,11.0,46.0,10.563486962595537,,,22444.0,677569690.0,30190.0,39.0,2112.0,6.0,31079.0,3.865936618549859,0.0,0.0,control,0,,0,0.0,,,1,0,
37031,Carteret County,NC,2015,44941.0,2241845.0,48457.0,15.0,25.3,134.41186436671106,10.2,46.4,11.01841981611266,,,22752.0,708531331.0,31141.0,41.0,2147.0,5.8,31300.0,4.356707521264483,0.0,0.0,control,0,,0,0.0,,,1,0,
37031,Carteret County,NC,2016,46959.0,2365311.0,50599.0,13.1,25.9,135.0206066146051,9.2,46.9,10.791779979434782,,,23099.0,736935510.0,31904.0,42.0,2160.0,5.2,31473.0,4.726211402606879,0.0,0.0,control,0,,0,0.0,,,1,0,
37031,Carteret County,NC,2017,48039.0,2495102.0,51584.0,12.5,26.7,135.33975303583108,8.0,47.4,10.40033376012938,,,23510.0,782405530.0,33279.0,44.0,2187.0,4.4,31480.0,5.004145249544022,0.0,0.0,control,0,,0,0.0,,,1,0,
37031,Carteret County,NC,2018,49743.0,2454325.0,54428.0,11.6,28.4,135.77513179565173,6.6,47.9,11.140585619847002,,,23456.0,810955714.0,34573.0,45.0,2216.0,4.4,31414.0,5.165167137321863,0.0,0.0,control,0,,0,0.0,,,1,0,
37031,Carteret County,NC,2019,53029.0,2524268.0,57194.0,10.7,29.1,136.07063774123137,5.7,48.6,11.8324255356763,,,23681.0,858839844.0,36266.0,43.0,2279.0,4.1,31828.0,4.999836713366644,0.0,0.0,control,0,,0,0.0,,,1,0,
37031,Carteret County,NC,2020,56992.0,2343837.0,57871.0,9.2,28.5,136.525716897424,5.3,49.2,11.534002080150325,,,22669.0,869747720.0,38368.0,18.0,2350.0,6.2,30215.0,5.132142040442978,24.613,3942.377,control,0,,0,0.0,,,1,0,
37031,Carteret County,NC,2021,62513.0,2505902.0,61805.0,9.7,30.1,133.85237310974696,5.1,49.4,11.60192258283952,,,23505.0,951940046.0,40500.0,,2390.0,4.2,31036.0,6.692211138270463,95.555,9457.073,control,0,,0,0.0,,,1,0,
37031,Carteret County,NC,2022,64333.0,2607991.0,66965.0,9.7,31.9,134.65811932136074,4.9,49.9,12.153503202519987,,,24055.0,1019797107.0,42395.0,,2551.0,3.5,32165.0,8.533909574468085,110.033,12300.565,control,0,,0,0.0,,,1,0,
37031,Carteret County,NC,2023,69685.0,2756907.0,70235.0,10.0,32.3,135.2471611728828,4.3,50.1,,,,24724.0,1088061964.0,44008.0,,2729.0,,,10.272694536288345,8.687,1174.171,control,0,,0,0.0,,,1,0,
37031,Carteret County,NC,2024,74177.0,2867261.0,,,,,,,15.447658019320324,,,25022.0,1143702460.0,45708.0,,2721.0,,,,0.0,0.0,control,0,,0,0.0,,,1,0,
37035,Catawba County,NC,2010,34337.0,8306344.0,43484.0,,19.4,381.5618350964437,8.6,38.9,9.03799463047634,,,77148.0,2724055009.0,35309.0,50.0,4382.0,12.9,78163.0,2.8098889779100378,0.0,0.0,treated,1,2010.0,1,0.0,Apple,Apple,1,1,PRE_COVID_COHORT
37035,Catawba County,NC,2011,35332.0,8267344.0,43733.0,,19.7,383.39802777459425,9.1,39.2,9.254796969736764,,,78213.0,2843683845.0,36358.0,64.0,4367.0,11.7,77222.0,3.1832802065454127,0.0,0.0,treated,1,2010.0,1,1.0,Apple,Apple,1,1,PRE_COVID_COHORT
37035,Catawba County,NC,2012,36614.0,8006420.0,43657.0,15.1,20.5,384.1828319721755,9.7,39.7,10.258349403063209,,,78956.0,2878869031.0,36462.0,72.0,4383.0,10.4,77247.0,3.207254711651287,0.0,0.0,treated,1,2010.0,1,2.0,Apple,Apple,1,1,PRE_COVID_COHORT
37035,Catawba County,NC,2013,35939.0,8076804.0,44332.0,15.2,21.0,384.75835505040186,10.5,40.1,10.201419262962832,,,80375.0,2955036639.0,36766.0,86.0,4282.0,8.3,76133.0,3.4826823876197492,0.0,0.0,treated,1,2010.0,1,3.0,Apple,Apple,1,1,PRE_COVID_COHORT
37035,Catawba County,NC,2014,37691.0,8179357.0,45397.0,15.3,21.5,384.8206410978289,9.2,40.5,10.577184446920135,,,81746.0,3089339169.0,37792.0,82.0,4245.0,6.2,74659.0,3.4574313736869597,0.0,0.0,treated,1,2010.0,1,4.0,Apple,Apple,1,1,PRE_COVID_COHORT
37035,Catawba County,NC,2015,39718.0,8441380.0,44376.0,15.5,21.7,385.2018317080827,8.2,40.8,10.660394828703009,,,83150.0,3330625417.0,40056.0,72.0,4282.0,5.4,75074.0,3.59421553666158,0.0,0.0,treated,1,2010.0,1,5.0,Apple,Apple,1,1,PRE_COVID_COHORT
37035,Catawba County,NC,2016,40997.0,8672755.0,45450.0,15.9,21.6,387.3220487625008,7.9,41.1,10.486779009393697,,,85479.0,3450263655.0,40364.0,77.0,4367.0,4.7,76648.0,3.402564877585388,0.0,0.0,treated,1,2010.0,1,6.0,Apple,Apple,1,1,PRE_COVID_COHORT
37035,Catawba County,NC,2017,42737.0,9037359.0,48649.0,14.2,21.5,389.118378370298,7.4,41.2,10.275876007795002,,,87440.0,3680067114.0,42087.0,93.0,4397.0,4.2,77535.0,3.356133280354203,0.0,0.0,treated,1,2010.0,1,7.0,Apple,Apple,1,1,PRE_COVID_COHORT
37035,Catawba County,NC,2018,44136.0,8976599.0,51157.0,13.2,21.9,390.4811970880027,7.0,41.4,10.219048625107382,,,88303.0,3811142186.0,43160.0,97.0,4423.0,3.6,77500.0,3.10339011637713,0.0,0.0,treated,1,2010.0,1,8.0,Apple,Apple,1,1,PRE_COVID_COHORT
37035,Catawba County,NC,2019,45864.0,8944993.0,52056.0,13.2,22.6,392.6836317250245,6.5,41.4,10.437547032952011,,,88574.0,3917505305.0,44229.0,86.0,4498.0,3.6,78187.0,3.2781194896074863,0.0,0.0,treated,1,2010.0,1,9.0,Apple,Apple,1,1,PRE_COVID_COHORT
37035,Catawba County,NC,2020,49106.0,8666333.0,54690.0,12.4,23.1,394.9109807810172,6.0,41.6,10.462296779493396,,,83739.0,3904720195.0,46630.0,53.0,4617.0,7.9,75482.0,4.289041095890411,100.246,7043.201,treated,1,2010.0,1,10.0,Apple,Apple,1,1,PRE_COVID_COHORT
37035,Catawba County,NC,2021,54159.0,9186354.0,57840.0,12.8,24.0,398.2619701325945,5.8,41.7,10.341666491224323,,,86338.0,4327175465.0,50119.0,72.0,4704.0,4.7,76606.0,5.53142826024805,193.512,13120.745,treated,1,2010.0,1,11.0,Apple,Apple,1,1,PRE_COVID_COHORT
37035,Catawba County,NC,2022,55262.0,9377247.0,62070.0,13.0,24.8,401.1495512913143,5.1,41.5,10.513080306440928,,,89741.0,4789243336.0,53368.0,42.0,4997.0,3.5,79114.0,6.393376413570275,124.355,16770.19,treated,1,2010.0,1,12.0,Apple,Apple,1,1,PRE_COVID_COHORT
37035,Catawba County,NC,2023,57503.0,9282368.0,64544.0,12.8,24.9,403.7406508642812,4.2,41.8,,,,90117.0,4903266302.0,54410.0,,5245.0,,,7.520658968111029,13.958,1657.224,treated,1,2010.0,1,13.0,Apple,Apple,1,1,PRE_COVID_COHORT
37035,Catawba County,NC,2024,60366.0,9470715.0,,,,,,,13.77317033694625,,,89388.0,4984352812.0,55761.0,,5206.0,,,,0.0,0.0,treated,1,2010.0,1,14.0,Apple,Apple,1,1,PRE_COVID_COHORT
37057,Davidson County,NC,2010,30734.0,4907049.0,44249.0,,16.3,290.3911579997758,9.3,39.5,9.058462119941542,,,38782.0,1221908660.0,31507.0,,2884.0,12.2,80902.0,1.898595258999122,0.0,0.0,control,0,,0,0.0,,,1,0,
37057,Davidson County,NC,2011,31704.0,4754012.0,44728.0,,16.8,292.3543597178485,10.0,40.0,9.25557731614001,,,39062.0,1251819758.0,32047.0,,2837.0,11.0,79829.0,2.004658126767593,0.0,0.0,control,0,,0,0.0,,,1,0,
37057,Davidson County,NC,2012,32482.0,4276795.0,44318.0,15.2,17.2,293.98855341318705,11.3,40.4,10.275678923355402,,,40492.0,1344633477.0,33208.0,,2833.0,9.9,80304.0,2.159172270500203,0.0,0.0,control,0,,0,0.0,,,1,0,
37057,Davidson County,NC,2013,32427.0,4351567.0,43083.0,16.3,17.6,294.6158379400482,12.4,40.6,10.219588759351844,,,41020.0,1388855199.0,33858.0,,2795.0,8.0,79435.0,2.367370222475756,0.0,0.0,control,0,,0,0.0,,,1,0,
37057,Davidson County,NC,2014,33965.0,4288560.0,42866.0,16.1,17.9,295.6462476815781,11.9,41.0,10.63257987230334,,,41302.0,1445252440.0,34992.0,,2807.0,6.1,78382.0,2.658034708457513,0.0,0.0,control,0,,0,0.0,,,1,0,
37057,Davidson County,NC,2015,35171.0,4439857.0,43363.0,15.9,18.7,296.22833879872303,11.0,41.5,10.72024100528186,,,41837.0,1524067757.0,36429.0,,2817.0,5.5,78652.0,3.0170560412784866,0.0,0.0,control,0,,0,0.0,,,1,0,
37057,Davidson County,NC,2016,36117.0,4682065.0,44469.0,16.2,18.2,296.57361644895497,10.0,41.9,10.53294548714065,,,43104.0,1608301766.0,37312.0,,2835.0,4.8,79258.0,3.06361686919228,0.0,0.0,control,0,,0,0.0,,,1,0,
37057,Davidson County,NC,2017,37641.0,4842927.0,45806.0,15.8,18.1,296.6820806322739,8.2,42.1,10.315246046419174,,,43370.0,1698171926.0,39156.0,,2842.0,4.3,78497.0,2.7458832754564804,0.0,0.0,control,0,,0,0.0,,,1,0,
37057,Davidson County,NC,2018,38836.0,4794705.0,47271.0,15.5,18.5,297.66910470047617,7.2,42.3,10.273540761586355,,,43830.0,1763089105.0,40226.0,,2854.0,3.7,79203.0,3.251000413964399,0.0,0.0,control,0,,0,0.0,,,1,0,
37057,Davidson County,NC,2019,40803.0,4857845.0,49546.0,15.4,18.5,298.9652516911374,5.9,42.5,10.48412610634102,,,44101.0,1825932479.0,41403.0,,2870.0,3.7,80403.0,3.2290093986752084,0.0,0.0,control,0,,0,0.0,,,1,0,
37057,Davidson County,NC,2020,43889.0,4778597.0,50454.0,15.2,18.9,301.59731587301013,5.5,42.5,10.49307493938871,,,42612.0,1861134302.0,43676.0,,2974.0,6.9,77355.0,5.247238650787221,51.396,5260.58,control,0,,0,0.0,,,1,0,
37057,Davidson County,NC,2021,48295.0,4997755.0,53083.0,14.5,19.3,303.70332876578607,5.4,42.4,10.372030725214064,,,44068.0,2077445379.0,47142.0,3.0,3049.0,4.6,78573.0,6.3951828845604926,153.585,12508.087,control,0,,0,0.0,,,1,0,
37057,Davidson County,NC,2022,49588.0,5110034.0,58473.0,13.9,20.5,306.4077024032048,4.3,42.6,10.503951375053912,,,45476.0,2276897853.0,50068.0,4.0,3225.0,3.6,81375.0,7.732108829134025,155.399,14455.711,control,0,,0,0.0,,,1,0,
37057,Davidson County,NC,2023,51544.0,5254497.0,62426.0,13.8,20.7,309.2368098514402,4.0,42.3,,,,46349.0,2397048187.0,51717.0,5.0,3399.0,,,8.763440860215054,10.884,1880.506,control,0,,0,0.0,,,1,0,
37057,Davidson County,NC,2024,53998.0,5406628.0,,,,,,,13.738604175876215,,,46653.0,2546955735.0,54593.0,,3388.0,,,,0.0,0.0,control,0,,0,0.0,,,1,0,
37069,Franklin County,NC,2010,28263.0,1514993.0,43710.0,,15.2,118.89540912806372,9.8,39.0,10.395490905259166,,,11525.0,391828583.0,33997.0,,1099.0,10.8,28055.0,3.3106057620305047,0.0,0.0,control,0,,0,0.0,,,1,0,
37069,Franklin County,NC,2011,29285.0,1491949.0,44598.0,,15.4,121.20121512315932,11.7,39.4,10.177935192979389,,,11831.0,401562833.0,33943.0,,1113.0,10.6,28089.0,3.4605737576422637,0.0,0.0,control,0,,0,0.0,,,1,0,
37069,Franklin County,NC,2012,30662.0,1303668.0,42920.0,15.4,15.5,122.95598635223118,12.4,39.8,10.47619875975033,,,11912.0,409116130.0,34346.0,,1092.0,9.9,28408.0,4.1260257005728445,0.0,0.0,control,0,,0,0.0,,,1,0,
37069,Franklin County,NC,2013,30403.0,1389137.0,41696.0,16.1,17.1,124.34678996832058,13.1,39.6,10.673356524282063,,,11302.0,402990265.0,35656.0,,1047.0,8.0,28284.0,4.2902084152575695,0.0,0.0,control,0,,0,0.0,,,1,0,
37069,Franklin County,NC,2014,31774.0,1515316.0,42763.0,15.4,18.2,125.5037596431084,12.1,40.0,10.59136582540341,,,11187.0,427949907.0,38254.0,,1063.0,6.3,28295.0,4.266624990232086,0.0,0.0,control,0,,0,0.0,,,1,0,
37069,Franklin County,NC,2015,32797.0,1683162.0,42685.0,15.8,19.4,126.66886267237628,9.9,40.2,11.060386301954871,,,11360.0,447371633.0,39382.0,,1076.0,5.8,28684.0,4.879356568364611,0.0,0.0,control,0,,0,0.0,,,1,0,
37069,Franklin County,NC,2016,33863.0,1759729.0,44272.0,16.3,20.4,128.0779663360458,8.2,40.4,10.8305477799111,,,11517.0,460362133.0,39973.0,,1111.0,5.2,29255.0,4.6803567413625125,0.0,0.0,control,0,,0,0.0,,,1,0,
37069,Franklin County,NC,2017,35372.0,1712705.0,48344.0,16.4,21.0,129.86120430579786,7.3,40.9,10.44063242109938,,,11875.0,494500066.0,41641.0,,1131.0,4.7,29683.0,5.246260488872674,0.0,0.0,control,0,,0,0.0,,,1,0,
37069,Franklin County,NC,2018,37106.0,1693451.0,53175.0,14.4,21.3,131.96774311613208,5.5,41.3,11.171591260276792,,,12306.0,530424424.0,43103.0,,1157.0,4.1,30304.0,4.759613732430668,0.0,0.0,control,0,,0,0.0,,,1,0,
37069,Franklin County,NC,2019,38530.0,1742081.0,55193.0,13.2,22.0,134.93641750135217,5.8,41.4,11.847399067661948,,,12167.0,531488376.0,43681.0,,1191.0,4.0,31272.0,4.683305160584667,0.0,0.0,control,0,,0,0.0,,,1,0,
37069,Franklin County,NC,2020,41565.0,1860990.0,58172.0,11.4,21.2,138.32192630367504,6.8,41.3,11.55769502160662,,,11974.0,566871033.0,47344.0,,1244.0,6.7,30644.0,5.617166480740206,55.755,4800.94,control,0,,0,0.0,,,1,0,
37069,Franklin County,NC,2021,46279.0,1911621.0,62332.0,11.3,22.6,137.44962403568914,6.5,41.3,11.632594037116505,,,12254.0,593017404.0,48393.0,,1310.0,4.8,31984.0,7.9089216294795985,40.686,12511.678,control,0,,0,0.0,,,1,0,
37069,Franklin County,NC,2022,47247.0,1970726.0,70493.0,9.7,23.7,141.68303504255778,5.9,41.0,12.19974616404322,,,12850.0,649820848.0,50571.0,,1466.0,3.7,33999.0,9.431254484759616,119.044,21012.025,control,0,,0,0.0,,,1,0,
37069,Franklin County,NC,2023,49431.0,2054200.0,71386.0,10.1,24.4,146.32311377342913,5.5,40.9,,,,13448.0,719425037.0,53495.0,,1620.0,,,10.329327859518743,6.028,1662.096,control,0,,0,0.0,,,1,0,
37069,Franklin County,NC,2024,52112.0,2216290.0,,,,,,,15.462222922282075,,,13747.0,786001048.0,57174.0,,1676.0,,,,0.0,0.0,control,0,,0,0.0,,,1,0,
37135,Orange County,NC,2010,48963.0,7503478.0,52981.0,,54.4,325.893766711356,6.3,33.3,9.560287648269096,,,60631.0,2855910756.0,47103.0,71.0,3699.0,6.5,70250.0,6.285212096483106,0.0,0.0,control,0,,0,0.0,,,1,0,
37135,Orange County,NC,2011,50861.0,7435531.0,56055.0,,54.6,331.663979434499,6.4,33.2,9.579822320908162,,,60970.0,2911669184.0,47756.0,20.0,3723.0,6.5,70542.0,6.405023058706219,0.0,0.0,control,0,,0,0.0,,,1,0,
37135,Orange County,NC,2012,52091.0,7591598.0,55241.0,17.4,55.2,336.95124497244433,6.9,33.3,10.34155633588004,,,61744.0,3040587757.0,49245.0,82.0,3779.0,6.3,72628.0,6.520810447943366,0.0,0.0,control,0,,0,0.0,,,1,0,
37135,Orange County,NC,2013,51382.0,7793136.0,55569.0,17.8,55.8,342.2309644606209,7.5,33.2,10.374833690302616,,,63809.0,3200240834.0,50153.0,121.0,3726.0,5.2,72832.0,6.905761159862648,0.0,0.0,control,0,,0,0.0,,,1,0,
37135,Orange County,NC,2014,54195.0,7986736.0,57261.0,16.8,56.2,345.29466066671864,7.5,33.2,10.578277948678824,,,65678.0,3326857192.0,50654.0,154.0,3843.0,4.5,72720.0,6.868289732345381,0.0,0.0,control,0,,0,0.0,,,1,0,
37135,Orange County,NC,2015,57019.0,8105120.0,59290.0,15.8,56.6,348.7381747111749,6.4,33.3,10.800692925125531,,,66993.0,3495587026.0,52178.0,211.0,3967.0,4.6,73308.0,7.560107376283847,0.0,0.0,control,0,,0,0.0,,,1,0,
37135,Orange County,NC,2016,58957.0,8359621.0,61130.0,14.5,57.7,351.6635266715129,5.9,33.6,10.587384553716062,,,70294.0,3731507366.0,53085.0,245.0,4030.0,4.2,74699.0,8.2467718794835,0.0,0.0,control,0,,0,0.0,,,1,0,
37135,Orange County,NC,2017,62378.0,8599893.0,65522.0,14.0,57.6,356.70680326693645,5.2,34.2,10.28304097989474,,,70693.0,3841749866.0,54344.0,245.0,3969.0,3.8,75573.0,8.514868237384205,0.0,0.0,control,0,,0,0.0,,,1,0,
37135,Orange County,NC,2018,61782.0,8960432.0,68211.0,13.4,57.6,359.539087280127,4.4,34.7,10.567419106339528,,,72882.0,4134436088.0,56728.0,87.0,4054.0,3.3,76455.0,9.098914000587026,0.0,0.0,control,0,,0,0.0,,,1,0,
37135,Orange County,NC,2019,65940.0,9103488.0,71723.0,13.7,59.7,364.31322143379975,3.5,34.8,10.983131351327147,,,73386.0,4352972119.0,59316.0,107.0,4099.0,3.3,79362.0,9.705141094324553,0.0,0.0,control,0,,0,0.0,,,1,0,
37135,Orange County,NC,2020,70274.0,8798878.0,74803.0,12.4,60.8,368.1315226167688,4.0,35.1,10.87110919010447,,,69795.0,4496846260.0,64430.0,340.0,4426.0,5.3,76010.0,13.842367319225982,44.878,3483.94,control,0,,0,0.0,,,1,0,
37135,Orange County,NC,2021,76110.0,9326968.0,79205.0,12.6,61.3,370.7022102379772,4.4,35.4,10.836335052409735,,,72097.0,4923989063.0,68297.0,471.0,4655.0,3.6,77332.0,18.476236511750237,32.45,6125.549,control,0,,0,0.0,,,1,0,
37135,Orange County,NC,2022,77919.0,9838670.0,85785.0,12.3,61.7,367.03734540030536,3.9,36.2,11.179785989669586,,,75629.0,5399116520.0,71390.0,261.0,5084.0,3.1,81535.0,21.722470184704143,27.617,16257.698,control,0,,0,0.0,,,1,0,
37135,Orange County,NC,2023,83174.0,10174972.0,88553.0,12.4,61.8,370.4909208444532,3.6,36.2,,,,77843.0,5837813460.0,74995.0,279.0,5473.0,,,24.224874142839113,4.143,1454.749,control,0,,0,0.0,,,1,0,
37135,Orange County,NC,2024,87778.0,10391629.0,,,,,,,14.611866957291523,,,78431.0,6213944027.0,79229.0,312.0,5494.0,,,,0.0,0.0,control,0,,0,0.0,,,1,0,
37151,Randolph County,NC,2010,29638.0,4314792.0,40346.0,,13.0,178.99447424830987,8.3,39.1,9.579205574313892,,,44333.0,1366986348.0,30834.0,,2668.0,11.9,69669.0,2.516713157033551,0.0,0.0,control,0,,0,0.0,,,1,0,
37151,Randolph County,NC,2011,30331.0,4283973.0,40602.0,,13.8,180.1218656410217,9.5,39.5,9.615270750280215,,,44601.0,1398326119.0,31352.0,,2671.0,10.9,69084.0,2.308625061022661,0.0,0.0,control,0,,0,0.0,,,1,0,
37151,Randolph County,NC,2012,31416.0,4123286.0,41575.0,17.1,13.6,180.95526608098555,10.1,39.6,10.35834657310091,,,44682.0,1450146074.0,32455.0,,2662.0,10.2,69079.0,2.3131417655018707,0.0,0.0,control,0,,0,0.0,,,1,0,
37151,Randolph County,NC,2013,31112.0,4071821.0,41208.0,17.8,13.8,181.56114308795316,10.8,40.0,10.391156833390836,,,43507.0,1437581177.0,33042.0,,2547.0,8.4,68069.0,2.3222156437076507,0.0,0.0,control,0,,0,0.0,,,1,0,
37151,Randolph County,NC,2014,32830.0,4027942.0,41782.0,18.0,14.1,181.86024692683588,10.1,40.2,10.609728906412116,,,43934.0,1457771573.0,33181.0,,2544.0,6.4,66632.0,2.344007379587534,0.0,0.0,control,0,,0,0.0,,,1,0,
37151,Randolph County,NC,2015,33668.0,4124737.0,41947.0,17.6,14.5,181.98039975100244,9.0,40.5,10.844386520950684,,,44398.0,1520414687.0,34245.0,,2586.0,5.6,66574.0,2.117411262688304,0.0,0.0,control,0,,0,0.0,,,1,0,
37151,Randolph County,NC,2016,34293.0,4095055.0,43010.0,16.9,15.1,182.25905204534615,7.0,41.1,10.641073233554408,,,44800.0,1547778830.0,34549.0,,2573.0,4.9,66681.0,2.220484004852819,0.0,0.0,control,0,,0,0.0,,,1,0,
37151,Randolph County,NC,2017,35659.0,4155096.0,43598.0,16.7,15.3,182.56454699189737,6.1,41.5,10.362373186784536,,,44777.0,1587306656.0,35449.0,,2535.0,4.4,65678.0,2.5286806883365203,0.0,0.0,control,0,,0,0.0,,,1,0,
37151,Randolph County,NC,2018,37192.0,4158056.0,45006.0,15.8,15.8,182.73199401281033,5.4,41.5,10.6335971900364,,,44876.0,1634955797.0,36432.0,,2536.0,3.8,65104.0,3.0707610146862483,0.0,0.0,control,0,,0,0.0,,,1,0,
37151,Randolph County,NC,2019,39141.0,4177449.0,47288.0,15.2,15.7,182.93650945820025,4.8,41.7,11.038697837166843,,,45194.0,1701055220.0,37639.0,,2553.0,3.8,65531.0,3.305566779597799,0.0,0.0,control,0,,0,0.0,,,1,0,
37151,Randolph County,NC,2020,41632.0,4041037.0,48984.0,14.6,16.1,183.37366122272115,4.5,41.8,10.926493305491288,,,42609.0,1708846861.0,40106.0,,2577.0,7.2,62610.0,3.9850385724304527,85.943,5623.332,control,0,,0,0.0,,,1,0,
37151,Randolph County,NC,2021,46336.0,4217113.0,51598.0,15.1,16.1,183.72517214448504,4.6,41.6,10.880554181974247,,,43104.0,1823464160.0,42303.0,,2671.0,4.8,63213.0,5.106927264502644,153.719,11633.058,control,0,,0,0.0,,,1,0,
37151,Randolph County,NC,2022,47505.0,4212218.0,56423.0,14.7,16.8,184.5790241289879,3.9,41.4,11.19740595470084,,,43530.0,1945338354.0,44690.0,,2837.0,3.7,65267.0,6.3382970599465445,146.033,12485.501,control,0,,0,0.0,,,1,0,
37151,Randolph County,NC,2023,49120.0,4172562.0,59047.0,14.8,17.6,185.75370971844615,3.7,41.4,,,,42455.0,1985798966.0,46774.0,,2973.0,,,6.316517347122843,10.481,1551.866,control,0,,0,0.0,,,1,0,
37151,Randolph County,NC,2024,51934.0,4488759.0,,,,,,,14.473092105340806,,,44093.0,2277969561.0,51663.0,,3042.0,,,,0.0,0.0,control,0,,0,0.0,,,1,0,
37161,Rutherford County,NC,2010,25712.0,1650067.0,35364.0,,14.6,118.36508753406656,12.2,41.8,9.535332483734184,,,17648.0,522012851.0,29580.0,,1326.0,16.6,27059.0,3.169082880700246,0.0,0.0,treated,1,2012.0,0,0.0,Meta,Meta,1,1,PRE_COVID_COHORT
37161,Rutherford County,NC,2011,26975.0,1696288.0,37128.0,,15.3,118.9557811038188,13.2,41.9,9.577639057617883,,,17736.0,533762204.0,30095.0,,1344.0,14.6,26623.0,3.715778310224282,0.0,0.0,treated,1,2012.0,0,0.0,Meta,Meta,1,1,PRE_COVID_COHORT
37161,Rutherford County,NC,2012,28081.0,1694991.0,35941.0,20.3,15.9,119.28119313026916,14.8,42.1,10.326176527090768,,,18209.0,575084665.0,31582.0,,1354.0,13.5,27038.0,3.3156337400186455,0.0,0.0,treated,1,2012.0,1,0.0,Meta,Meta,1,1,PRE_COVID_COHORT
37161,Rutherford County,NC,2013,28259.0,1771902.0,36334.0,21.5,17.0,119.2051457545226,16.0,42.6,10.361148730123146,,,18031.0,554813206.0,30771.0,,1297.0,10.9,25961.0,3.16408514867887,0.0,0.0,treated,1,2012.0,1,1.0,Meta,Meta,1,1,PRE_COVID_COHORT
37161,Rutherford County,NC,2014,29490.0,1761689.0,36863.0,21.0,16.4,118.8125290704358,14.5,42.9,10.55935038107578,,,18260.0,571030446.0,31272.0,,1307.0,8.3,25436.0,3.5997685567862456,0.0,0.0,treated,1,2012.0,1,2.0,Meta,Meta,1,1,PRE_COVID_COHORT
37161,Rutherford County,NC,2015,30345.0,1691839.0,35630.0,19.9,16.2,118.25366928587977,12.2,43.3,10.783995348313873,,,18157.0,584187563.0,32174.0,,1294.0,7.7,25016.0,3.3031193859219337,0.0,0.0,treated,1,2012.0,1,3.0,Meta,Meta,1,1,PRE_COVID_COHORT
37161,Rutherford County,NC,2016,30851.0,1711700.0,36144.0,19.3,16.7,117.96362813186968,10.1,44.1,10.581102555254263,,,18141.0,605980936.0,33403.0,,1300.0,6.7,24733.0,2.820727955571537,0.0,0.0,treated,1,2012.0,1,4.0,Meta,Meta,1,1,PRE_COVID_COHORT
37161,Rutherford County,NC,2017,31868.0,1733287.0,38573.0,19.6,17.3,117.64882736715144,8.7,44.5,10.282798908495655,,,17965.0,611555972.0,34042.0,,1294.0,6.1,24243.0,3.435712606753898,0.0,0.0,treated,1,2012.0,1,5.0,Meta,Meta,1,1,PRE_COVID_COHORT
37161,Rutherford County,NC,2018,33055.0,1756366.0,40347.0,18.0,17.3,117.66474425974954,8.4,44.7,10.554293966693477,,,18334.0,650815022.0,35497.0,,1278.0,5.2,24424.0,3.2965342154864024,0.0,0.0,treated,1,2012.0,1,6.0,Meta,Meta,1,1,PRE_COVID_COHORT
37161,Rutherford County,NC,2019,35440.0,1834778.0,42608.0,17.9,17.8,117.7832366824244,7.2,45.0,10.965379831511108,,,18741.0,686522769.0,36633.0,,1279.0,4.8,25067.0,2.962794574524513,0.0,0.0,treated,1,2012.0,1,7.0,Meta,Meta,1,1,PRE_COVID_COHORT
37161,Rutherford County,NC,2020,38461.0,1758523.0,43183.0,17.8,19.2,118.0343698767502,6.7,45.2,10.854846014153818,,,17407.0,677183377.0,38903.0,,1325.0,9.2,23673.0,3.7969867600060874,177.18,6512.11,treated,1,2012.0,1,8.0,Meta,Meta,1,1,PRE_COVID_COHORT
37161,Rutherford County,NC,2021,42340.0,1822568.0,45500.0,18.2,19.3,114.23376963304489,6.1,45.1,10.819387733938584,,,17949.0,737500187.0,41089.0,,1340.0,6.5,23961.0,4.421662231961183,343.849,11907.086,treated,1,2012.0,1,9.0,Meta,Meta,1,1,PRE_COVID_COHORT
37161,Rutherford County,NC,2022,42719.0,1858483.0,50512.0,18.4,19.8,114.389401471782,6.0,44.9,11.1730383942258,,,18393.0,804809129.0,43756.0,,1420.0,4.8,24563.0,5.553207025095116,118.62,12758.45,treated,1,2012.0,1,10.0,Meta,Meta,1,1,PRE_COVID_COHORT
37161,Rutherford County,NC,2023,44467.0,1893555.0,49771.0,17.6,20.7,114.69005388752416,5.5,45.3,,,,18324.0,831816220.0,45395.0,,1508.0,,,6.7426400759734095,13.514,1424.946,treated,1,2012.0,1,11.0,Meta,Meta,1,1,PRE_COVID_COHORT
37161,Rutherford County,NC,2024,47500.0,1921245.0,,,,,,,14.571719675192416,,,17994.0,865978397.0,48125.0,,1498.0,,,,0.0,0.0,treated,1,2012.0,1,12.0,Meta,Meta,1,1,PRE_COVID_COHORT
37163,Sampson County,NC,2010,31379.0,2068076.0,35740.0,,12.4,66.42351971076084,9.3,37.7,10.368545885858156,,,18961.0,580886424.0,30635.0,,1193.0,9.6,29675.0,2.536997885835095,0.0,0.0,control,0,,0,0.0,,,1,0,
37163,Sampson County,NC,2011,31794.0,1961145.0,36832.0,,12.6,66.77132557377396,10.6,38.3,10.223302940419748,,,18927.0,587763195.0,31054.0,,1181.0,9.8,29863.0,2.9052331683910633,0.0,0.0,control,0,,0,0.0,,,1,0,
37163,Sampson County,NC,2012,32978.0,1914942.0,37447.0,21.3,13.2,67.03244426120327,10.8,38.2,10.549169332968594,,,18894.0,596538316.0,31574.0,,1203.0,9.6,29958.0,2.8556418627340614,0.0,0.0,control,0,,0,0.0,,,1,0,
37163,Sampson County,NC,2013,33817.0,2003274.0,36496.0,22.8,12.6,67.32739209032381,11.9,38.5,10.72321781917637,,,18493.0,600068427.0,32449.0,,1188.0,7.9,29714.0,3.255006977709048,0.0,0.0,control,0,,0,0.0,,,1,0,
37163,Sampson County,NC,2014,35211.0,2043486.0,35731.0,24.7,12.1,67.49125199539078,12.0,38.9,10.65397190631987,,,18523.0,605736890.0,32702.0,,1176.0,6.3,29636.0,3.1620553359683794,0.0,0.0,control,0,,0,0.0,,,1,0,
37163,Sampson County,NC,2015,34983.0,2020330.0,35490.0,25.5,12.4,67.52402397640418,10.4,39.2,11.099984581819363,,,18363.0,635061628.0,34584.0,,1167.0,5.8,29511.0,2.953184020756229,0.0,0.0,control,0,,0,0.0,,,1,0,
37163,Sampson County,NC,2016,34409.0,1943100.0,36742.0,24.2,11.9,67.35487826794795,9.4,39.5,10.88273845130405,,,18408.0,651589922.0,35396.0,,1144.0,5.5,29423.0,2.763378563805458,0.0,0.0,control,0,,0,0.0,,,1,0,
37163,Sampson County,NC,2017,36535.0,2012429.0,37765.0,24.3,12.5,67.30307739473322,9.5,40.2,10.494730957763537,,,18313.0,673499737.0,36776.0,,1146.0,4.8,28986.0,3.092229093842431,0.0,0.0,control,0,,0,0.0,,,1,0,
37163,Sampson County,NC,2018,35541.0,1856428.0,39068.0,24.1,12.8,67.19418984491453,8.5,40.3,11.16359437011848,,,18452.0,697712710.0,37813.0,,1151.0,4.1,28845.0,2.9927600758836967,0.0,0.0,control,0,,0,0.0,,,1,0,
37163,Sampson County,NC,2019,37902.0,1836882.0,42151.0,20.9,13.7,67.00812956561268,6.9,40.3,11.855023603374978,,,18318.0,711905074.0,38864.0,,1173.0,3.8,29179.0,3.3960704759758067,0.0,0.0,control,0,,0,0.0,,,1,0,
37163,Sampson County,NC,2020,40924.0,1725974.0,42914.0,21.7,14.4,66.90135633714969,6.8,40.3,11.605986200304931,,,17402.0,717513336.0,41231.0,,1185.0,5.8,27457.0,3.1118426088953535,96.237,7749.468,control,0,,0,0.0,,,1,0,
37163,Sampson County,NC,2021,47035.0,1912021.0,45127.0,21.4,14.7,62.86723119046864,6.7,40.2,11.665851237545768,,,17314.0,745303966.0,43047.0,,1202.0,4.6,27608.0,3.8552545691906,132.523,11527.964,control,0,,0,0.0,,,1,0,
37163,Sampson County,NC,2022,48193.0,1985113.0,49963.0,22.3,14.9,62.70759992811307,5.7,39.6,12.196010733329606,,,17591.0,813624100.0,46251.0,,1271.0,3.8,28265.0,3.7774100124120817,121.48,16260.945,control,0,,0,0.0,,,1,0,
37163,Sampson County,NC,2023,47448.0,1776710.0,53159.0,20.2,15.8,62.63148435930778,5.2,39.7,,,,17134.0,812894818.0,47442.0,,1314.0,,,4.503195816385822,17.354,1741.737,control,0,,0,0.0,,,1,0,
37163,Sampson County,NC,2024,50934.0,1913823.0,,,,,,,15.395577716581188,,,17090.0,852338963.0,49873.0,,1258.0,,,,0.0,0.0,control,0,,0,0.0,,,1,0,
37193,Wilkes County,NC,2010,28425.0,2364917.0,33438.0,,12.3,91.63450222176816,10.1,41.3,9.13787923779202,,,20500.0,631717607.0,30816.0,,1342.0,13.3,31185.0,3.2991405600221793,0.0,0.0,control,0,,0,0.0,,,1,0,
37193,Wilkes County,NC,2011,29164.0,2165968.0,33464.0,,11.9,91.76585787848671,12.0,42.0,9.333234865295855,,,20892.0,650719359.0,31146.0,,1357.0,11.8,31260.0,3.23664009447889,0.0,0.0,control,0,,0,0.0,,,1,0,
37193,Wilkes County,NC,2012,30296.0,2117749.0,32009.0,22.4,12.1,91.90252083446669,13.9,42.4,10.343182509821432,,,20819.0,662689704.0,31831.0,,1353.0,10.6,30856.0,3.125236473704124,0.0,0.0,control,0,,0,0.0,,,1,0,
37193,Wilkes County,NC,2013,30588.0,2132177.0,33159.0,22.7,12.5,91.7950480244242,14.9,42.9,10.304256960943018,,,20633.0,655667049.0,31777.0,,1304.0,8.7,30000.0,2.5375976372750944,0.0,0.0,control,0,,0,0.0,,,1,0,
37193,Wilkes County,NC,2014,32135.0,2228007.0,32157.0,24.3,12.9,91.67430696622831,14.5,43.3,10.6570406700772,,,20850.0,683317003.0,32774.0,,1260.0,6.4,29541.0,2.4320401678892245,0.0,0.0,control,0,,0,0.0,,,1,0,
37193,Wilkes County,NC,2015,34646.0,2390708.0,33232.0,23.3,12.8,91.47926371837347,11.7,43.7,10.750485986078123,,,21219.0,721642230.0,34010.0,,1272.0,5.6,29597.0,2.0515781370284834,0.0,0.0,control,0,,0,0.0,,,1,0,
37193,Wilkes County,NC,2016,34846.0,2413765.0,34846.0,21.1,13.8,91.4023078790838,9.7,44.1,10.527459666565422,,,21826.0,750738495.0,34397.0,,1290.0,4.8,30109.0,2.229870748050236,0.0,0.0,control,0,,0,0.0,,,1,0,
37193,Wilkes County,NC,2017,36667.0,2506626.0,37173.0,20.9,15.4,90.92067047111568,7.5,44.1,10.372499488565506,,,22371.0,795186819.0,35546.0,,1318.0,4.3,30477.0,2.787821810818629,0.0,0.0,control,0,,0,0.0,,,1,0,
37193,Wilkes County,NC,2018,37274.0,2460804.0,40829.0,19.9,15.5,90.83442685811865,5.8,44.5,10.348925413899291,,,21926.0,795439185.0,36279.0,,1310.0,3.8,29703.0,2.8220347807976673,0.0,0.0,control,0,,0,0.0,,,1,0,
37193,Wilkes County,NC,2019,38686.0,2391350.0,44107.0,17.7,15.8,90.84636828145668,5.5,44.9,10.532854423818508,,,21187.0,805128303.0,38000.0,,1305.0,4.0,29121.0,3.045929592959296,0.0,0.0,control,0,,0,0.0,,,1,0,
37193,Wilkes County,NC,2020,41241.0,2343223.0,44980.0,16.4,16.0,90.67653470509327,5.3,45.1,10.5780527644612,,,19982.0,798596405.0,39966.0,,1336.0,6.7,27375.0,5.15199233191839,105.157,5662.417,control,0,,0,0.0,,,1,0,
37193,Wilkes County,NC,2021,46135.0,2444051.0,46079.0,17.3,16.7,88.01492412552294,5.8,45.1,10.456180884333794,,,19864.0,838531436.0,42215.0,,1326.0,4.9,26941.0,5.913647714523543,194.248,12011.275,control,0,,0,0.0,,,1,0,
37193,Wilkes County,NC,2022,49209.0,2517153.0,49119.0,17.1,16.4,87.73629091430172,6.0,45.3,10.612083199153306,,,19772.0,892682383.0,45149.0,21.0,1366.0,3.9,26962.0,7.594846860914931,143.13,14352.481,control,0,,0,0.0,,,1,0,
37193,Wilkes County,NC,2023,49607.0,2420034.0,50438.0,16.4,16.7,87.54788179052356,4.9,45.3,,,,19025.0,866959976.0,45570.0,22.0,1408.0,,,8.095103311633173,16.066,1751.157,control,0,,0,0.0,,,1,0,
37193,Wilkes County,NC,2024,52892.0,2535014.0,,,,,,,13.851808832612686,,,18933.0,908853840.0,48003.0,22.0,1388.0,,,,0.0,0.0,control,0,,0,0.0,,,1,0,
39045,Fairfield County,OH,2010,35513.0,3844551.0,56796.0,,24.4,285.4064021095833,6.9,37.4,10.521773965874845,,,39029.0,1268593990.0,32504.0,,2770.0,9.3,74397.0,4.101049381799831,0.0,0.0,control,0,,0,0.0,,,1,0,FUTURE_DC_2023plus
39045,Fairfield County,OH,2011,37252.0,3952434.0,58249.0,,24.9,287.8213198774697,7.6,37.8,11.144707857213444,,,39324.0,1304836739.0,33182.0,,2813.0,8.1,73783.0,4.129066729992876,0.0,0.0,control,0,,0,0.0,,,1,0,FUTURE_DC_2023plus
39045,Fairfield County,OH,2012,38904.0,4028930.0,58971.0,11.4,25.8,289.7465129420162,8.0,38.2,12.269565840747177,,,40082.0,1349347990.0,33665.0,,2796.0,6.6,73353.0,3.655847135266344,0.0,0.0,control,0,,0,0.0,,,1,0,FUTURE_DC_2023plus
39045,Fairfield County,OH,2013,39141.0,4098432.0,58786.0,11.9,26.0,291.6736886976693,8.2,38.7,13.202190110344896,,,41003.0,1386723896.0,33820.0,,2761.0,6.6,73998.0,3.86245110821382,0.0,0.0,control,0,,0,0.0,,,1,0,FUTURE_DC_2023plus
39045,Fairfield County,OH,2014,40295.0,4224245.0,60704.0,10.9,26.2,293.5711240867229,7.3,39.1,14.011914861286908,,,41230.0,1427272938.0,34617.0,,2784.0,5.2,74858.0,4.065706018180224,0.0,0.0,control,0,,0,0.0,,,1,0,FUTURE_DC_2023plus
39045,Fairfield County,OH,2015,41756.0,4201466.0,60567.0,10.3,26.0,295.6430362931607,6.9,39.0,13.47843516542269,,,42154.0,1490361439.0,35355.0,,2844.0,4.4,75125.0,4.06615925058548,0.0,0.0,control,0,,0,0.0,,,1,0,FUTURE_DC_2023plus
39045,Fairfield County,OH,2016,43046.0,4389904.0,61473.0,10.2,26.4,297.72684464623836,6.0,39.3,13.112699422702912,,,42562.0,1542064074.0,36231.0,,2875.0,4.3,76253.0,3.9626293348079806,0.0,0.0,control,0,,0,0.0,,,1,0,FUTURE_DC_2023plus
39045,Fairfield County,OH,2017,44620.0,4536406.0,63424.0,9.9,26.6,300.4292526245873,5.1,39.2,12.483543174875637,,,43697.0,1685394892.0,38570.0,,2950.0,4.3,77538.0,3.8871831488754016,0.0,0.0,control,0,,0,0.0,,,1,0,FUTURE_DC_2023plus
39045,Fairfield County,OH,2018,46053.0,4428793.0,66175.0,9.4,27.2,303.1732971161758,4.4,39.3,12.148952835908291,,,43855.0,1686545089.0,38458.0,,2994.0,4.1,77580.0,4.367495349230509,0.0,0.0,control,0,,0,0.0,,,1,0,FUTURE_DC_2023plus
39045,Fairfield County,OH,2019,47864.0,4618252.0,67609.0,9.2,27.6,306.2405202581464,4.0,39.2,11.91763143311946,,,44048.0,1755657931.0,39858.0,4.0,3051.0,3.8,79238.0,4.39925352653823,0.0,0.0,control,0,,0,0.0,,,1,0,FUTURE_DC_2023plus
39045,Fairfield County,OH,2020,51556.0,4583868.0,70906.0,9.0,29.0,309.7042816214448,3.9,39.6,12.288453425442336,,,42120.0,1824734799.0,43322.0,7.0,3122.0,6.6,78532.0,6.4259675271391865,45.967,6494.364,control,0,,0,0.0,,,1,0,FUTURE_DC_2023plus
39045,Fairfield County,OH,2021,54943.0,4913703.0,77241.0,8.6,30.2,312.51573761065896,4.1,39.5,12.58930042163956,,,42924.0,1962976753.0,45732.0,7.0,3221.0,4.4,79302.0,8.85014728031242,158.62,11634.306,control,0,,0,0.0,,,1,0,FUTURE_DC_2023plus
39045,Fairfield County,OH,2022,55648.0,4940142.0,82969.0,8.7,31.1,315.9834643561706,3.7,39.5,14.317629578716414,,,43983.0,2121111571.0,48225.0,120.0,3340.0,3.5,80029.0,10.799440805654076,95.82,11910.758,control,0,,0,0.0,,,1,0,FUTURE_DC_2023plus
39045,Fairfield County,OH,2023,58334.0,5083142.0,87069.0,8.2,31.9,319.7862658987043,3.6,39.5,,,,45993.0,2287809165.0,49742.0,127.0,3421.0,,,12.208092485549132,8.417,767.204,control,0,,0,0.0,,,1,0,FUTURE_DC_2023plus
39045,Fairfield County,OH,2024,61185.0,5194627.0,,,,,,,17.461985556979453,,,47292.0,2488889306.0,52628.0,126.0,3510.0,,,,0.0,0.0,control,0,,0,0.0,,,1,0,FUTURE_DC_2023plus
39049,Franklin County,OH,2010,38855.0,77357893.0,49087.0,,35.0,2143.276792439009,8.0,33.4,10.63580498244645,,,647397.0,29970185446.0,46293.0,3365.0,29218.0,8.9,627864.0,3.897692036582805,0.0,0.0,treated,1,2016.0,0,0.0,AWS,AWS,1,1,PRE_COVID_COHORT;HUGE_METRO;COUNTY_BORDER_AMBIGUITY
39049,Franklin County,OH,2011,41617.0,79738912.0,50045.0,,35.5,2166.856054558739,8.3,33.4,11.12591599299708,,,657347.0,31250054958.0,47540.0,3520.0,29663.0,7.8,625753.0,3.97029823579571,0.0,0.0,treated,1,2016.0,0,0.0,AWS,AWS,1,1,PRE_COVID_COHORT;HUGE_METRO;COUNTY_BORDER_AMBIGUITY
39049,Franklin County,OH,2012,44112.0,83443714.0,50700.0,17.7,36.0,2192.8000045077447,8.5,33.5,12.095117875503671,,,671692.0,33099350770.0,49278.0,3634.0,29780.0,6.4,630411.0,3.9280240478443176,0.0,0.0,treated,1,2016.0,0,0.0,AWS,AWS,1,1,PRE_COVID_COHORT;HUGE_METRO;COUNTY_BORDER_AMBIGUITY
39049,Franklin County,OH,2013,43892.0,86606416.0,50877.0,18.1,36.4,2219.7337801009357,8.7,33.6,12.80810459690086,,,689994.0,34192618732.0,49555.0,4631.0,29911.0,6.4,638429.0,3.939699677210208,0.0,0.0,treated,1,2016.0,0,0.0,AWS,AWS,1,1,PRE_COVID_COHORT;HUGE_METRO;COUNTY_BORDER_AMBIGUITY
39049,Franklin County,OH,2014,45400.0,90074567.0,51890.0,18.0,36.7,2249.349663891273,8.1,33.8,13.474353844966402,,,705790.0,35928853917.0,50906.0,4382.0,30148.0,4.9,649140.0,3.9409888682619663,0.0,0.0,treated,1,2016.0,0,0.0,AWS,AWS,1,1,PRE_COVID_COHORT;HUGE_METRO;COUNTY_BORDER_AMBIGUITY
39049,Franklin County,OH,2015,47114.0,91913420.0,52341.0,17.5,37.6,2283.4751707777923,7.0,33.8,13.23138944349935,,,721581.0,38115630441.0,52822.0,4546.0,30579.0,4.1,657983.0,3.909509667352952,0.0,0.0,treated,1,2016.0,0,0.0,AWS,AWS,1,1,PRE_COVID_COHORT;HUGE_METRO;COUNTY_BORDER_AMBIGUITY
39049,Franklin County,OH,2016,47451.0,93797506.0,54037.0,17.1,38.4,2314.197330288101,6.3,33.9,12.766287436318455,,,738559.0,39247216725.0,53140.0,4554.0,31376.0,4.1,669446.0,4.104102004865363,0.0,0.0,treated,1,2016.0,1,0.0,AWS,AWS,1,1,PRE_COVID_COHORT;HUGE_METRO;COUNTY_BORDER_AMBIGUITY
39049,Franklin County,OH,2017,48245.0,97564396.0,56319.0,16.7,38.7,2354.370728207401,5.7,34.0,12.46197351546612,,,749025.0,40943495262.0,54662.0,4703.0,32097.0,4.1,686535.0,4.382702464788732,0.0,0.0,treated,1,2016.0,1,1.0,AWS,AWS,1,1,PRE_COVID_COHORT;HUGE_METRO;COUNTY_BORDER_AMBIGUITY
39049,Franklin County,OH,2018,49564.0,98409101.0,58762.0,16.3,39.3,2395.364911338293,5.2,34.0,12.207625799249143,,,756883.0,42668279102.0,56374.0,5042.0,32580.0,3.8,693272.0,4.5711884138887315,0.0,0.0,treated,1,2016.0,1,2.0,AWS,AWS,1,1,PRE_COVID_COHORT;HUGE_METRO;COUNTY_BORDER_AMBIGUITY
39049,Franklin County,OH,2019,50727.0,100880619.0,61305.0,15.7,40.0,2423.589028900279,4.9,34.1,11.98811017078144,,,765429.0,44379980416.0,57981.0,5183.0,33756.0,3.6,703887.0,4.826206024857805,0.0,0.0,treated,1,2016.0,1,3.0,AWS,AWS,1,1,PRE_COVID_COHORT;HUGE_METRO;COUNTY_BORDER_AMBIGUITY
39049,Franklin County,OH,2020,54398.0,99553864.0,62352.0,15.1,40.4,2450.5509778989026,4.8,34.2,12.189781266722418,,,727016.0,45718355278.0,62885.0,4758.0,34674.0,7.6,699696.0,7.784057113297863,54.093,6513.686,treated,1,2016.0,1,4.0,AWS,AWS,1,1,PRE_COVID_COHORT;HUGE_METRO;COUNTY_BORDER_AMBIGUITY
39049,Franklin County,OH,2021,59927.0,106747730.0,65999.0,14.7,41.2,2467.2352685958563,4.8,34.4,12.607619572685772,,,743438.0,48628531917.0,65410.0,4815.0,36466.0,5.0,704306.0,11.479747398013496,97.415,9658.467,treated,1,2016.0,1,5.0,AWS,AWS,1,1,PRE_COVID_COHORT;HUGE_METRO;COUNTY_BORDER_AMBIGUITY
39049,Franklin County,OH,2022,60912.0,107897177.0,71070.0,14.5,41.7,2475.783079803988,4.7,34.6,13.948427058709656,,,763679.0,51916032930.0,67982.0,4989.0,38346.0,3.4,706390.0,14.42035221147348,63.083,11551.273,treated,1,2016.0,1,6.0,AWS,AWS,1,1,PRE_COVID_COHORT;HUGE_METRO;COUNTY_BORDER_AMBIGUITY
39049,Franklin County,OH,2023,63901.0,109482270.0,73795.0,14.5,42.0,2482.330579226433,4.5,34.7,,,,772337.0,54168059645.0,70135.0,5709.0,39300.0,,,17.01882089285871,5.347,805.899,treated,1,2016.0,1,7.0,AWS,AWS,1,1,PRE_COVID_COHORT;HUGE_METRO;COUNTY_BORDER_AMBIGUITY
39049,Franklin County,OH,2024,66705.0,111942917.0,,,,,,,17.055027786934772,,,779560.0,57048102260.0,73180.0,6035.0,40020.0,,,,0.0,0.0,treated,1,2016.0,1,8.0,AWS,AWS,1,1,PRE_COVID_COHORT;HUGE_METRO;COUNTY_BORDER_AMBIGUITY
39057,Greene County,OH,2010,38707.0,8164623.0,56679.0,,34.5,386.7404650847883,6.6,36.6,11.644476116292475,,,66929.0,3215871275.0,48049.0,604.0,3283.0,9.6,82209.0,3.3895019771018013,0.0,0.0,control,0,,0,0.0,,,1,0,FUTURE_DC_2023plus
39057,Greene County,OH,2011,41015.0,8693202.0,57553.0,,34.7,389.15849975456945,7.5,36.9,12.236802828797138,,,68023.0,3340768413.0,49112.0,514.0,3309.0,8.2,81574.0,4.044961402044648,0.0,0.0,control,0,,0,0.0,,,1,0,FUTURE_DC_2023plus
39057,Greene County,OH,2012,41412.0,8499216.0,57992.0,13.4,35.4,391.56686228567145,8.0,37.0,12.61359178925384,,,67809.0,3352251888.0,49437.0,382.0,3265.0,6.9,80663.0,3.992804348676235,0.0,0.0,control,0,,0,0.0,,,1,0,FUTURE_DC_2023plus
39057,Greene County,OH,2013,42193.0,8547607.0,58080.0,13.9,36.0,393.1434208903687,8.5,37.5,12.406527059112218,,,67936.0,3320345770.0,48874.0,332.0,3264.0,7.0,79358.0,4.252234202409512,0.0,0.0,control,0,,0,0.0,,,1,0,FUTURE_DC_2023plus
39057,Greene County,OH,2014,43790.0,8710717.0,58775.0,14.3,36.9,394.89649602596,8.1,37.6,12.598841495264482,,,68622.0,3465492305.0,50501.0,305.0,3308.0,5.2,79935.0,4.403740199194744,0.0,0.0,control,0,,0,0.0,,,1,0,FUTURE_DC_2023plus
39057,Greene County,OH,2015,45850.0,9037446.0,60113.0,13.6,37.1,397.0219485006976,7.6,37.7,12.736821592191772,,,70937.0,3646978165.0,51411.0,265.0,3479.0,4.4,80645.0,4.306474633450111,0.0,0.0,control,0,,0,0.0,,,1,0,FUTURE_DC_2023plus
39057,Greene County,OH,2016,46936.0,9313783.0,61116.0,12.8,37.6,397.3435471117785,6.5,38.0,11.9671078579634,,,71731.0,3762013898.0,52446.0,230.0,3477.0,4.4,81414.0,3.931057684842525,0.0,0.0,control,0,,0,0.0,,,1,0,FUTURE_DC_2023plus
39057,Greene County,OH,2017,49049.0,9741194.0,65032.0,12.3,38.8,398.552564446669,5.7,38.1,11.753568264355213,,,74204.0,3981624986.0,53658.0,313.0,3546.0,4.3,82947.0,4.296534017971759,0.0,0.0,control,0,,0,0.0,,,1,0,FUTURE_DC_2023plus
39057,Greene County,OH,2018,50378.0,9743023.0,67109.0,12.2,39.0,400.9367466310731,5.5,38.1,11.463368332617868,,,75963.0,4187519914.0,55126.0,382.0,3587.0,4.0,83164.0,4.025032182413745,0.0,0.0,control,0,,0,0.0,,,1,0,FUTURE_DC_2023plus
39057,Greene County,OH,2019,51598.0,10094509.0,68720.0,11.6,39.2,402.6076085878919,5.4,38.3,11.333803643486016,,,76486.0,4390725264.0,57406.0,352.0,3701.0,3.8,84343.0,4.135656612880807,0.0,0.0,control,0,,0,0.0,,,1,0,FUTURE_DC_2023plus
39057,Greene County,OH,2020,54924.0,10212491.0,70055.0,10.9,39.7,405.9082259121431,5.1,38.3,10.80806957799814,,,73770.0,4552362304.0,61711.0,212.0,3770.0,6.5,82185.0,5.772003946669365,72.672,5816.747,control,0,,0,0.0,,,1,0,FUTURE_DC_2023plus
39057,Greene County,OH,2021,60000.0,10775987.0,75901.0,10.9,41.1,403.9157653442435,4.7,38.3,10.994049612890455,,,75021.0,4826246286.0,64332.0,144.0,3854.0,4.4,81639.0,8.413169528246359,170.569,10310.387,control,0,,0,0.0,,,1,0,FUTURE_DC_2023plus
39057,Greene County,OH,2022,60576.0,10783097.0,81243.0,10.6,41.2,405.1828155112088,4.6,38.6,12.352606913762678,,,76173.0,5046971533.0,66257.0,334.0,4002.0,3.6,81766.0,10.08480802998792,80.48,12121.776,control,0,,0,0.0,,,1,0,FUTURE_DC_2023plus
39057,Greene County,OH,2023,64428.0,11340391.0,85218.0,9.8,41.3,407.51380093287776,4.0,38.7,,,,78410.0,5455484641.0,69576.0,319.0,4113.0,,,11.568481354358791,7.207,990.979,control,0,,0,0.0,,,1,0,FUTURE_DC_2023plus
39057,Greene County,OH,2024,67273.0,11887764.0,,,,,,,15.49966163328046,,,80197.0,5798356661.0,72302.0,319.0,4168.0,,,,0.0,0.0,control,0,,0,0.0,,,1,0,FUTURE_DC_2023plus
39061,Hamilton County,OH,2010,43547.0,66733291.0,48234.0,,32.5,1978.73741696616,7.8,36.9,12.948171329363552,,,483074.0,24390369731.0,50490.0,534.0,23300.0,9.9,414321.0,3.356440995961459,0.0,0.0,control,0,,0,0.0,,,1,0,MINOR_COLO
39061,Hamilton County,OH,2011,47158.0,68944802.0,49218.0,,32.9,1976.3422930536472,8.6,37.0,12.18661324888121,,,484110.0,25148483626.0,51948.0,602.0,23341.0,8.8,406356.0,3.6329523226570504,0.0,0.0,control,0,,0,0.0,,,1,0,MINOR_COLO
39061,Hamilton County,OH,2012,49235.0,69980785.0,49104.0,17.1,33.2,1976.6555584881369,9.2,37.1,10.740702731610694,,,490070.0,26611014254.0,54300.0,610.0,23248.0,7.4,402186.0,3.668128312650333,0.0,0.0,control,0,,0,0.0,,,1,0,MINOR_COLO
39061,Hamilton County,OH,2013,49286.0,71074657.0,48593.0,18.0,33.7,1979.4453475149664,9.8,37.2,11.22713103778966,,,493751.0,26931659372.0,54545.0,740.0,23228.0,7.3,402152.0,3.7696072212339695,0.0,0.0,control,0,,0,0.0,,,1,0,MINOR_COLO
39061,Hamilton County,OH,2014,50676.0,72548910.0,48927.0,18.4,34.3,1981.396473173872,9.6,37.1,11.448350463296627,,,499116.0,28128454048.0,56357.0,728.0,23189.0,5.5,402530.0,3.9910592526245288,0.0,0.0,control,0,,0,0.0,,,1,0,MINOR_COLO
39061,Hamilton County,OH,2015,52382.0,73047760.0,49013.0,18.3,35.0,1983.6707308951252,8.8,37.0,11.443164491816978,,,505396.0,28552668031.0,56496.0,798.0,23359.0,4.5,402777.0,4.118281684302273,0.0,0.0,control,0,,0,0.0,,,1,0,MINOR_COLO
39061,Hamilton County,OH,2016,53614.0,74823723.0,50399.0,17.8,35.6,1988.039180379224,7.9,37.0,11.813670598568663,,,509034.0,29261092587.0,57484.0,752.0,23658.0,4.5,406542.0,4.483816584466853,0.0,0.0,control,0,,0,0.0,,,1,0,MINOR_COLO
39061,Hamilton County,OH,2017,55603.0,76667322.0,52389.0,17.0,36.3,1994.7928871479776,7.0,36.9,11.760680880745989,,,515161.0,30321396405.0,58858.0,755.0,23877.0,4.4,412841.0,4.527547875114235,0.0,0.0,control,0,,0,0.0,,,1,0,MINOR_COLO
39061,Hamilton County,OH,2018,57836.0,75747380.0,54976.0,16.2,37.1,2003.0167214675623,6.1,36.8,11.317928346746193,,,518172.0,31302968719.0,60410.0,871.0,23900.0,4.1,414927.0,4.639513357594544,0.0,0.0,control,0,,0,0.0,,,1,0,MINOR_COLO
39061,Hamilton County,OH,2019,59517.0,80119378.0,57212.0,15.8,37.9,2006.8449730764391,5.4,36.8,11.240821703535598,,,520766.0,32949630309.0,63271.0,1000.0,24391.0,3.8,420336.0,4.853223669546009,0.0,0.0,control,0,,0,0.0,,,1,0,MINOR_COLO
39061,Hamilton County,OH,2020,63014.0,78470657.0,59190.0,14.8,38.9,2012.2740850552657,5.4,36.8,11.25661560478815,,,487691.0,33186051924.0,68047.0,1481.0,24816.0,7.9,412765.0,7.09744074885481,51.254,6369.432,control,0,,0,0.0,,,1,0,MINOR_COLO
39061,Hamilton County,OH,2021,70497.0,81514133.0,63080.0,14.9,39.6,2039.4073116645743,5.1,36.7,11.43892021209147,,,497285.0,34948226133.0,70278.0,1522.0,25599.0,4.9,413635.0,9.571333266045151,151.428,9841.456,control,0,,0,0.0,,,1,0,MINOR_COLO
39061,Hamilton County,OH,2022,71953.0,83363276.0,68249.0,14.9,40.3,2041.5804364502833,5.0,36.8,11.991457833532545,,,510941.0,36856837732.0,72135.0,2046.0,26606.0,3.6,416987.0,11.791589373626184,66.373,12295.643,control,0,,0,0.0,,,1,0,MINOR_COLO
39061,Hamilton County,OH,2023,76070.0,84632069.0,70816.0,14.9,41.4,2042.0910344419312,5.0,36.9,,,,515944.0,38008251319.0,73667.0,2112.0,26866.0,,,13.713725970368555,6.883,866.039,control,0,,0,0.0,,,1,0,MINOR_COLO
39061,Hamilton County,OH,2024,78987.0,84686542.0,,,,,,,15.119521140029171,,,515652.0,39666129124.0,76924.0,2119.0,27215.0,,,,0.0,0.0,control,0,,0,0.0,,,1,0,MINOR_COLO
39077,Huron County,OH,2010,31403.0,2234943.0,47058.0,,12.1,121.75287408861072,9.1,37.3,10.242686750845223,,,20404.0,714994695.0,35041.0,76.0,1343.0,13.2,30332.0,2.5205937061078845,0.0,0.0,control,0,,0,0.0,,,1,0,
39077,Huron County,OH,2011,33081.0,2282206.0,48358.0,,12.3,121.51112357108175,9.4,37.3,11.146956873400375,,,20364.0,725551088.0,35629.0,74.0,1339.0,11.4,29621.0,2.361848796474178,0.0,0.0,control,0,,0,0.0,,,1,0,
39077,Huron County,OH,2012,33473.0,2216302.0,48335.0,14.7,12.4,121.13529293458718,9.8,37.6,12.130560066716836,,,20379.0,744033598.0,36509.0,78.0,1308.0,9.9,28959.0,2.0094924596187704,0.0,0.0,control,0,,0,0.0,,,1,0,
39077,Huron County,OH,2013,34671.0,2299158.0,49404.0,13.5,13.1,120.6517918995293,9.7,38.0,12.903308739883762,,,20136.0,747849313.0,37140.0,84.0,1299.0,10.2,28640.0,2.133828134060072,0.0,0.0,control,0,,0,0.0,,,1,0,
39077,Huron County,OH,2014,35626.0,2269916.0,49315.0,13.9,13.1,120.23736244090826,8.1,38.3,13.635646331450925,,,20125.0,763886486.0,37957.0,80.0,1276.0,8.0,27957.0,2.3011831374200713,0.0,0.0,control,0,,0,0.0,,,1,0,
39077,Huron County,OH,2015,36713.0,2210022.0,48745.0,13.5,13.1,119.73151471935608,7.2,38.8,13.37665478498757,,,20300.0,795533876.0,39188.0,79.0,1266.0,6.7,27713.0,2.283122283122283,0.0,0.0,control,0,,0,0.0,,,1,0,
39077,Huron County,OH,2016,37021.0,2221943.0,48838.0,12.9,13.5,119.25817126906831,6.7,39.4,12.855260332747507,,,21036.0,820142069.0,38988.0,79.0,1287.0,6.6,28231.0,2.7120297085412055,0.0,0.0,control,0,,0,0.0,,,1,0,
39077,Huron County,OH,2017,38461.0,2240461.0,49710.0,14.2,13.7,118.8376472595852,5.8,39.2,12.672377318043042,,,21032.0,846253455.0,40236.0,79.0,1291.0,6.4,28310.0,2.6741387091921167,0.0,0.0,control,0,,0,0.0,,,1,0,
39077,Huron County,OH,2018,39921.0,2294018.0,51559.0,13.6,13.6,118.75638658142422,4.9,39.6,12.458901106987224,,,21199.0,891370725.0,42049.0,81.0,1293.0,5.9,28112.0,2.4118392604189967,0.0,0.0,control,0,,0,0.0,,,1,0,
39077,Huron County,OH,2019,40611.0,2251954.0,52560.0,13.2,14.4,118.5166675808493,4.3,39.8,12.193856426342505,,,21292.0,912552837.0,42859.0,84.0,1324.0,5.8,28245.0,2.3323722924521326,0.0,0.0,control,0,,0,0.0,,,1,0,
39077,Huron County,OH,2020,44994.0,2250882.0,55041.0,12.0,14.7,118.37852442797562,4.7,40.1,12.370758796853222,,,19807.0,909167128.0,45902.0,67.0,1323.0,9.5,27503.0,2.987906976744186,63.422,5809.15,control,0,,0,0.0,,,1,0,
39077,Huron County,OH,2021,48375.0,2335669.0,59049.0,12.3,15.0,119.01235771763132,4.3,39.9,12.860968585533598,,,20660.0,977646899.0,47322.0,75.0,1344.0,5.9,27522.0,3.506871825515387,234.834,13618.677,control,0,,0,0.0,,,1,0,
39077,Huron County,OH,2022,48279.0,2260395.0,64144.0,11.0,15.5,118.88030911561972,4.4,40.1,14.587189227735925,,,21241.0,1052921315.0,49571.0,77.0,1382.0,5.1,27659.0,4.066728452270621,101.133,10858.945,control,0,,0,0.0,,,1,0,
39077,Huron County,OH,2023,50478.0,2268716.0,65972.0,12.0,16.9,118.66496831849312,4.1,40.4,,,,21654.0,1127678544.0,52078.0,79.0,1406.0,,,4.91869918699187,3.428,658.222,control,0,,0,0.0,,,1,0,
39077,Huron County,OH,2024,52114.0,2227477.0,,,,,,,18.307200683607533,,,21414.0,1139774252.0,53225.0,78.0,1419.0,,,,0.0,0.0,control,0,,0,0.0,,,1,0,
39089,Licking County,OH,2010,34964.0,5294039.0,53291.0,,22.1,239.89086012130235,7.7,38.6,10.57143482800704,,,50308.0,1782902183.0,35440.0,98.0,3178.0,9.6,87674.0,4.326341660056436,0.0,0.0,treated,1,2016.0,0,0.0,AWS,AWS;Meta;Google,1,1,ORIGINAL_COHORT;PRE_COVID_COHORT;MULTIPLE_OPERATORS;COUNTY_BORDER_AMBIGUITY
39089,Licking County,OH,2011,37051.0,5485400.0,54699.0,,22.4,241.9452923169804,7.7,38.9,11.18543572503294,,,51759.0,1872728018.0,36182.0,101.0,3208.0,8.4,86585.0,4.514117086120025,0.0,0.0,treated,1,2016.0,0,0.0,AWS,AWS;Meta;Google,1,1,ORIGINAL_COHORT;PRE_COVID_COHORT;MULTIPLE_OPERATORS;COUNTY_BORDER_AMBIGUITY
39089,Licking County,OH,2012,38190.0,5470544.0,54247.0,12.4,22.0,243.4472844714526,7.9,39.1,12.306301170642252,,,52566.0,1929252263.0,36702.0,84.0,3197.0,6.8,86045.0,4.796953338376909,0.0,0.0,treated,1,2016.0,0,0.0,AWS,AWS;Meta;Google,1,1,ORIGINAL_COHORT;PRE_COVID_COHORT;MULTIPLE_OPERATORS;COUNTY_BORDER_AMBIGUITY
39089,Licking County,OH,2013,39120.0,5545222.0,55114.0,12.0,21.9,244.81006759697377,8.2,39.4,13.20487504896711,,,51088.0,1910971371.0,37406.0,89.0,3149.0,6.9,86432.0,4.559670151520954,0.0,0.0,treated,1,2016.0,0,0.0,AWS,AWS;Meta;Google,1,1,ORIGINAL_COHORT;PRE_COVID_COHORT;MULTIPLE_OPERATORS;COUNTY_BORDER_AMBIGUITY
39089,Licking County,OH,2014,40349.0,5740077.0,55777.0,12.4,22.6,246.04976063373812,7.3,39.7,13.97139073967937,,,51992.0,2004331711.0,38551.0,119.0,3179.0,5.2,86874.0,4.733020399431182,0.0,0.0,treated,1,2016.0,0,0.0,AWS,AWS;Meta;Google,1,1,ORIGINAL_COHORT;PRE_COVID_COHORT;MULTIPLE_OPERATORS;COUNTY_BORDER_AMBIGUITY
39089,Licking County,OH,2015,41907.0,5965402.0,56549.0,12.7,22.8,247.19567074573544,7.2,39.7,13.466621447924854,,,53101.0,2117930451.0,39885.0,110.0,3282.0,4.5,87222.0,4.56877626544565,0.0,0.0,treated,1,2016.0,0,0.0,AWS,AWS;Meta;Google,1,1,ORIGINAL_COHORT;PRE_COVID_COHORT;MULTIPLE_OPERATORS;COUNTY_BORDER_AMBIGUITY
39089,Licking County,OH,2016,42717.0,6060317.0,57571.0,12.6,23.3,248.762138660985,6.6,39.8,13.128885127763382,,,53504.0,2176098646.0,40671.0,93.0,3336.0,4.4,88594.0,4.467451600548547,0.0,0.0,treated,1,2016.0,1,0.0,AWS,AWS;Meta;Google,1,1,ORIGINAL_COHORT;PRE_COVID_COHORT;MULTIPLE_OPERATORS;COUNTY_BORDER_AMBIGUITY
39089,Licking County,OH,2017,44441.0,6191705.0,59747.0,11.8,24.6,250.10440677171331,5.9,39.9,12.552699307346478,,,56229.0,2292177739.0,40765.0,81.0,3367.0,4.2,89346.0,4.15848148511934,0.0,0.0,treated,1,2016.0,1,1.0,AWS,AWS;Meta;Google,1,1,ORIGINAL_COHORT;PRE_COVID_COHORT;MULTIPLE_OPERATORS;COUNTY_BORDER_AMBIGUITY
39089,Licking County,OH,2018,45570.0,6457822.0,62715.0,11.4,26.2,252.4709602638817,4.9,39.7,12.216966193879031,,,59960.0,2537000066.0,42312.0,83.0,3454.0,4.0,89924.0,4.4226223835863445,0.0,0.0,treated,1,2016.0,1,2.0,AWS,AWS;Meta;Google,1,1,ORIGINAL_COHORT;PRE_COVID_COHORT;MULTIPLE_OPERATORS;COUNTY_BORDER_AMBIGUITY
39089,Licking County,OH,2019,47117.0,6881663.0,64589.0,10.5,26.1,254.60598716053144,4.4,39.7,12.016720721880302,,,63633.0,2764192538.0,43440.0,98.0,3514.0,3.8,91464.0,4.607589399628185,0.0,0.0,treated,1,2016.0,1,3.0,AWS,AWS;Meta;Google,1,1,ORIGINAL_COHORT;PRE_COVID_COHORT;MULTIPLE_OPERATORS;COUNTY_BORDER_AMBIGUITY
39089,Licking County,OH,2020,51326.0,7200631.0,67736.0,9.8,27.6,257.0370164134772,3.7,40.0,12.374779230764275,,,68244.0,3107654357.0,45538.0,128.0,3548.0,6.6,90051.0,6.8632386431739185,69.065,6059.281,treated,1,2016.0,1,4.0,AWS,AWS;Meta;Google,1,1,ORIGINAL_COHORT;PRE_COVID_COHORT;MULTIPLE_OPERATORS;COUNTY_BORDER_AMBIGUITY
39089,Licking County,OH,2021,55588.0,7788445.0,72771.0,9.5,28.6,260.0336739314242,3.6,40.1,12.711995009979868,,,74622.0,3530054572.0,47306.0,190.0,3653.0,4.1,90782.0,9.684907210113442,145.036,11796.835,treated,1,2016.0,1,5.0,AWS,AWS;Meta;Google,1,1,ORIGINAL_COHORT;PRE_COVID_COHORT;MULTIPLE_OPERATORS;COUNTY_BORDER_AMBIGUITY
39089,Licking County,OH,2022,55825.0,7806805.0,78505.0,9.8,29.5,262.0705218287084,3.3,40.2,14.38205014404956,,,71363.0,3652712512.0,51185.0,148.0,3779.0,3.4,91692.0,11.97611800515102,76.547,11798.561,treated,1,2016.0,1,6.0,AWS,AWS;Meta;Google,1,1,ORIGINAL_COHORT;PRE_COVID_COHORT;MULTIPLE_OPERATORS;COUNTY_BORDER_AMBIGUITY
39089,Licking County,OH,2023,58745.0,8211904.0,81033.0,10.1,29.3,264.220202307353,3.2,40.2,,,,70045.0,3799443683.0,54243.0,160.0,3892.0,,,13.973243218220537,12.662,922.59,treated,1,2016.0,1,7.0,AWS,AWS;Meta;Google,1,1,ORIGINAL_COHORT;PRE_COVID_COHORT;MULTIPLE_OPERATORS;COUNTY_BORDER_AMBIGUITY
39089,Licking County,OH,2024,61466.0,8497691.0,,,,,,,17.432847608815763,,,72111.0,4187167587.0,58066.0,260.0,3996.0,,,,0.0,0.0,treated,1,2016.0,1,8.0,AWS,AWS;Meta;Google,1,1,ORIGINAL_COHORT;PRE_COVID_COHORT;MULTIPLE_OPERATORS;COUNTY_BORDER_AMBIGUITY
39095,Lucas County,OH,2010,34880.0,22560734.0,42072.0,,23.0,1307.3134253657302,12.1,36.6,11.474566150115477,,,197922.0,7994193760.0,40391.0,59.0,10358.0,11.6,217735.0,2.551460933628296,0.0,0.0,control,0,,0,0.0,,,1,0,MINOR_COLO
39095,Lucas County,OH,2011,37052.0,23506769.0,41949.0,,23.0,1303.3742268071587,13.1,36.8,11.738539238436797,,,199327.0,8292304458.0,41601.0,93.0,10331.0,9.9,212751.0,2.482507827844725,0.0,0.0,control,0,,0,0.0,,,1,0,MINOR_COLO
39095,Lucas County,OH,2012,37860.0,23037399.0,41436.0,20.5,22.9,1298.9286439794737,13.6,37.1,11.673028694107623,,,201188.0,8632875170.0,42909.0,135.0,10137.0,8.3,210469.0,2.5221252940369827,0.0,0.0,control,0,,0,0.0,,,1,0,MINOR_COLO
39095,Lucas County,OH,2013,38236.0,23935057.0,41556.0,20.8,23.4,1293.9619564097354,13.8,37.4,11.852534664417387,,,202137.0,8674587200.0,42914.0,126.0,10075.0,8.7,210574.0,2.598978800759216,0.0,0.0,control,0,,0,0.0,,,1,0,MINOR_COLO
39095,Lucas County,OH,2014,40135.0,25815586.0,41751.0,21.1,24.2,1290.005093283637,12.3,37.6,12.18540393861066,,,204692.0,9067371990.0,44298.0,127.0,10004.0,6.4,209419.0,2.3889663360878624,0.0,0.0,control,0,,0,0.0,,,1,0,MINOR_COLO
39095,Lucas County,OH,2015,41814.0,24055981.0,41777.0,21.1,24.2,1284.393648999155,11.1,37.7,13.00093707201038,,,207836.0,9441834562.0,45429.0,102.0,10039.0,5.4,209455.0,2.5859655239815944,0.0,0.0,control,0,,0,0.0,,,1,0,MINOR_COLO
39095,Lucas County,OH,2016,42728.0,23894586.0,42917.0,20.7,25.1,1280.0923268062757,9.6,37.9,12.24105713365656,,,209850.0,9665009332.0,46057.0,78.0,10064.0,5.2,211249.0,2.6955960302831494,0.0,0.0,control,0,,0,0.0,,,1,0,MINOR_COLO
39095,Lucas County,OH,2017,43470.0,24161036.0,44820.0,19.8,25.6,1275.982370761608,8.5,37.9,12.819639072867677,,,206670.0,9686767384.0,46871.0,62.0,10164.0,5.9,211558.0,2.8661597900869817,0.0,0.0,control,0,,0,0.0,,,1,0,MINOR_COLO
39095,Lucas County,OH,2018,45413.0,24713754.0,46924.0,19.1,26.3,1272.96467380904,7.5,37.9,13.028127980689993,,,209708.0,10163662587.0,48466.0,70.0,10129.0,5.2,210801.0,2.788181864571108,0.0,0.0,control,0,,0,0.0,,,1,0,MINOR_COLO
39095,Lucas County,OH,2019,47237.0,25567148.0,48736.0,18.7,26.3,1269.205065020329,7.2,37.8,12.683103776577,,,209643.0,10515505781.0,50159.0,202.0,10164.0,4.7,212075.0,2.8023079630848344,0.0,0.0,control,0,,0,0.0,,,1,0,MINOR_COLO
39095,Lucas County,OH,2020,50429.0,23585222.0,49946.0,18.7,26.7,1266.899838958026,7.2,38.1,12.298869940763709,,,192062.0,10225777987.0,53242.0,240.0,10199.0,10.3,208216.0,3.944390725615652,125.492,5985.822,control,0,,0,0.0,,,1,0,MINOR_COLO
39095,Lucas County,OH,2021,53670.0,25833321.0,53176.0,17.6,27.5,1269.5289154249947,7.3,38.2,13.003216643456522,,,194391.0,10772972513.0,55419.0,268.0,10533.0,6.2,203714.0,5.314939469171509,126.652,10705.587,control,0,,0,0.0,,,1,0,MINOR_COLO
39095,Lucas County,OH,2022,54254.0,25416558.0,57265.0,17.8,28.0,1266.001890108725,6.8,38.1,13.128919926636614,,,196355.0,11407471165.0,58096.0,608.0,10797.0,4.4,202831.0,6.22889421010622,93.945,11886.05,control,0,,0,0.0,,,1,0,MINOR_COLO
39095,Lucas County,OH,2023,57751.0,25550767.0,60095.0,17.8,28.5,1262.2746663604808,6.8,38.3,,,,196306.0,11774820051.0,59982.0,627.0,10893.0,,,7.637038665896179,8.815,839.94,control,0,,0,0.0,,,1,0,MINOR_COLO
39095,Lucas County,OH,2024,60288.0,26009545.0,,,,,,,16.639362377112874,,,194869.0,12126860081.0,62231.0,389.0,10950.0,,,,0.0,0.0,control,0,,0,0.0,,,1,0,MINOR_COLO
39103,Medina County,OH,2010,40936.0,6297234.0,66193.0,,29.5,403.6867256049238,5.9,39.8,11.309999935776052,,,56310.0,2017125147.0,35822.0,,4286.0,7.5,95541.0,4.706770999303663,0.0,0.0,control,0,,0,0.0,,,1,0,FUTURE_DC_2023plus
39103,Medina County,OH,2011,43422.0,6592043.0,65578.0,,30.1,406.5102572498327,6.7,40.1,11.18487676151148,,,56946.0,2086978790.0,36648.0,,4351.0,6.4,95163.0,4.623793984944691,0.0,0.0,control,0,,0,0.0,,,1,0,FUTURE_DC_2023plus
39103,Medina County,OH,2012,45062.0,6394385.0,65768.0,7.3,29.9,408.8995819274993,6.4,40.5,11.491020541257567,,,57950.0,2166291238.0,37382.0,,4365.0,5.5,94011.0,4.426212190570091,0.0,0.0,control,0,,0,0.0,,,1,0,FUTURE_DC_2023plus
39103,Medina County,OH,2013,45951.0,6758574.0,65951.0,7.4,29.6,411.0777349107147,6.3,40.9,11.466614212689198,,,58066.0,2207024617.0,38009.0,,4363.0,5.8,94391.0,4.440424307211578,0.0,0.0,control,0,,0,0.0,,,1,0,FUTURE_DC_2023plus
39103,Medina County,OH,2014,47952.0,7265938.0,66296.0,7.5,29.9,413.0684433561588,5.9,41.1,11.700266237518791,,,58785.0,2305706181.0,39223.0,,4389.0,5.1,94842.0,4.4081216863843675,0.0,0.0,control,0,,0,0.0,,,1,0,FUTURE_DC_2023plus
39103,Medina County,OH,2015,50175.0,7001675.0,66952.0,7.4,30.8,414.82425295047193,5.0,41.4,12.613656109707064,,,58962.0,2374401012.0,40270.0,,4465.0,4.2,94525.0,4.199252345022131,0.0,0.0,control,0,,0,0.0,,,1,0,FUTURE_DC_2023plus
39103,Medina County,OH,2016,52283.0,7209616.0,69319.0,6.6,31.5,416.51362650608127,4.1,41.8,11.870641892152554,,,60041.0,2462249887.0,41010.0,19.0,4472.0,4.4,95889.0,4.0590239389905465,0.0,0.0,control,0,,0,0.0,,,1,0,FUTURE_DC_2023plus
39103,Medina County,OH,2017,53646.0,7399729.0,71595.0,6.2,32.1,418.4568806381656,3.6,41.9,12.45829345838408,,,60639.0,2551716526.0,42081.0,17.0,4530.0,4.6,98287.0,4.333533240043535,0.0,0.0,control,0,,0,0.0,,,1,0,FUTURE_DC_2023plus
39103,Medina County,OH,2018,55424.0,7462348.0,74243.0,6.4,33.3,420.5804611610172,3.2,41.9,12.595639331305572,,,61127.0,2642594250.0,43231.0,20.0,4579.0,3.9,99174.0,4.685417076422125,0.0,0.0,control,0,,0,0.0,,,1,0,FUTURE_DC_2023plus
39103,Medina County,OH,2019,57429.0,7512259.0,76600.0,6.0,33.9,422.2959345889744,2.8,42.2,12.249699693200238,,,61330.0,2733631240.0,44572.0,33.0,4609.0,3.5,101012.0,5.018670324526165,0.0,0.0,control,0,,0,0.0,,,1,0,FUTURE_DC_2023plus
39103,Medina County,OH,2020,60020.0,7204268.0,77784.0,5.8,33.9,424.9913395878118,2.9,42.5,11.706887676964705,,,57050.0,2768004976.0,48519.0,44.0,4639.0,7.5,95393.0,7.1680312896224185,64.052,5232.049,control,0,,0,0.0,,,1,0,FUTURE_DC_2023plus
39103,Medina County,OH,2021,64380.0,7716899.0,82894.0,5.7,35.0,430.524512525566,2.8,42.6,12.541449970793412,,,58711.0,3086641971.0,52573.0,51.0,4771.0,4.2,95806.0,9.751638131473262,157.321,12745.252,control,0,,0,0.0,,,1,0,FUTURE_DC_2023plus
39103,Medina County,OH,2022,66528.0,7628144.0,89968.0,6.0,35.9,432.65758391108955,3.0,42.7,12.929442064317485,,,60476.0,3275231406.0,54157.0,267.0,4982.0,3.9,97765.0,11.722604039296709,78.661,9817.957,control,0,,0,0.0,,,1,0,FUTURE_DC_2023plus
39103,Medina County,OH,2023,70333.0,7648626.0,92660.0,6.1,36.2,434.323230310019,3.0,43.1,,,,62042.0,3481874442.0,56122.0,262.0,5109.0,,,13.448640643182058,5.057,961.344,control,0,,0,0.0,,,1,0,FUTURE_DC_2023plus
39103,Medina County,OH,2024,73709.0,7909477.0,,,,,,,16.278275230124564,,,62902.0,3653084037.0,58076.0,246.0,5238.0,,,,0.0,0.0,control,0,,0,0.0,,,1,0,FUTURE_DC_2023plus
39113,Montgomery County,OH,2010,35755.0,26014847.0,43965.0,,24.3,1167.1395531818507,9.8,38.7,12.721712069250742,,,239472.0,9863900523.0,41190.0,723.0,12285.0,11.4,265741.0,2.92569023484334,0.0,0.0,control,0,,0,0.0,,,1,0,MINOR_COLO
39113,Montgomery County,OH,2011,37623.0,26292585.0,44585.0,,24.4,1164.8592936831176,10.4,39.0,12.696182864220528,,,241766.0,10125505905.0,41881.0,686.0,12272.0,9.7,259391.0,3.1766585028218506,0.0,0.0,control,0,,0,0.0,,,1,0,MINOR_COLO
39113,Montgomery County,OH,2012,38486.0,26190083.0,43895.0,16.8,24.4,1160.9945572893523,11.1,39.2,12.158484209367446,,,243104.0,10368101742.0,42649.0,3454.0,12126.0,8.2,254590.0,3.345805027759578,0.0,0.0,control,0,,0,0.0,,,1,0,MINOR_COLO
39113,Montgomery County,OH,2013,38716.0,26534132.0,43401.0,17.7,24.6,1162.7437677603386,11.5,39.1,12.287872123755909,,,242220.0,10400132264.0,42937.0,3328.0,11983.0,8.3,251135.0,3.173957801673054,0.0,0.0,control,0,,0,0.0,,,1,0,MINOR_COLO
39113,Montgomery County,OH,2014,40399.0,26950673.0,43281.0,18.5,24.8,1159.2063309714297,10.6,39.4,12.442699595729334,,,245950.0,10750149292.0,43709.0,3217.0,11932.0,6.1,249711.0,2.988079722538547,0.0,0.0,control,0,,0,0.0,,,1,0,MINOR_COLO
39113,Montgomery County,OH,2015,41777.0,27177715.0,43829.0,18.6,25.7,1156.9564171314248,9.4,39.4,12.131672247923603,,,249350.0,11195642373.0,44899.0,3129.0,11939.0,5.1,249904.0,3.1101237702316724,0.0,0.0,control,0,,0,0.0,,,1,0,MINOR_COLO
39113,Montgomery County,OH,2016,42444.0,27451612.0,45394.0,18.5,26.1,1154.7845349852932,8.7,39.4,12.037757127007444,,,252750.0,11402911464.0,45115.0,3136.0,11933.0,5.0,251039.0,3.1890466876435073,0.0,0.0,control,0,,0,0.0,,,1,0,MINOR_COLO
39113,Montgomery County,OH,2017,44180.0,28375555.0,47045.0,17.9,26.8,1153.1068535670238,8.0,39.3,11.62785874925508,,,254680.0,11759927848.0,46175.0,2964.0,11873.0,4.9,253155.0,3.168588618173704,0.0,0.0,control,0,,0,0.0,,,1,0,MINOR_COLO
39113,Montgomery County,OH,2018,45796.0,29065451.0,49314.0,17.4,27.4,1153.2087282784692,7.2,39.3,11.154742354398977,,,254513.0,12124373099.0,47638.0,2775.0,11872.0,4.5,252382.0,3.4705666605538235,0.0,0.0,control,0,,0,0.0,,,1,0,MINOR_COLO
39113,Montgomery County,OH,2019,47499.0,30030861.0,51542.0,16.6,27.9,1152.419741151531,6.4,39.2,11.08758660088305,,,255736.0,12589094015.0,49227.0,2618.0,12091.0,4.2,254148.0,3.776930102616451,0.0,0.0,control,0,,0,0.0,,,1,0,MINOR_COLO
39113,Montgomery County,OH,2020,51376.0,29408523.0,53064.0,16.0,28.3,1153.109021114076,6.3,39.1,10.598227052396595,,,240012.0,12677392602.0,52820.0,2437.0,12263.0,8.7,250353.0,5.19417734276736,67.523,6698.704,control,0,,0,0.0,,,1,0,MINOR_COLO
39113,Montgomery County,OH,2021,54994.0,30450796.0,56543.0,15.3,29.2,1162.1000062858864,6.1,39.0,10.486135663047545,,,241329.0,13286916524.0,55057.0,2303.0,12525.0,5.6,245996.0,7.129078763020569,216.864,10199.372,control,0,,0,0.0,,,1,0,MINOR_COLO
39113,Montgomery County,OH,2022,55123.0,30819640.0,61942.0,15.1,30.0,1162.067493080106,5.9,39.0,12.339303148927234,,,245844.0,14090391580.0,57314.0,844.0,12900.0,4.1,244612.0,8.781732641534536,123.949,12724.434,control,0,,0,0.0,,,1,0,MINOR_COLO
39113,Montgomery County,OH,2023,58359.0,31277814.0,64403.0,14.9,30.5,1160.7821376782535,5.8,38.8,,,,248053.0,14749896232.0,59463.0,877.0,13083.0,,,10.462226239085876,9.969,1079.617,control,0,,0,0.0,,,1,0,MINOR_COLO
39113,Montgomery County,OH,2024,60796.0,31884143.0,,,,,,,15.216457249448087,,,250085.0,15364884198.0,61439.0,795.0,13276.0,,,,0.0,0.0,control,0,,0,0.0,,,1,0,MINOR_COLO
39129,Pickaway County,OH,2010,31786.0,1881574.0,49262.0,,13.5,109.98587469175703,7.6,37.8,11.653197541248526,,,13787.0,515430701.0,37386.0,,876.0,10.6,26143.0,3.480680625883856,0.0,0.0,control,0,,0,0.0,,,1,0,FUTURE_DC_2023plus
39129,Pickaway County,OH,2011,33873.0,1840944.0,51418.0,,14.1,110.74600780483134,7.6,38.4,11.650090509468347,,,13630.0,538558032.0,39513.0,,888.0,9.2,25809.0,3.6241251727365937,0.0,0.0,control,0,,0,0.0,,,1,0,FUTURE_DC_2023plus
39129,Pickaway County,OH,2012,34148.0,1730994.0,53750.0,13.5,15.9,111.31660641464563,7.9,38.4,12.594995498849912,,,13518.0,526064588.0,38915.0,,875.0,7.4,25705.0,3.8855604758183553,0.0,0.0,control,0,,0,0.0,,,1,0,FUTURE_DC_2023plus
39129,Pickaway County,OH,2013,35542.0,1686246.0,54003.0,13.3,16.1,111.62385181993024,8.2,38.6,13.243867723572146,,,13838.0,537157823.0,38819.0,,872.0,7.3,25642.0,3.710030661410425,0.0,0.0,control,0,,0,0.0,,,1,0,FUTURE_DC_2023plus
39129,Pickaway County,OH,2014,35839.0,1585722.0,55678.0,12.8,16.4,112.28223483125444,7.4,38.8,13.935934466588307,,,13584.0,542332493.0,39925.0,,886.0,5.7,25868.0,3.300218892069372,0.0,0.0,control,0,,0,0.0,,,1,0,FUTURE_DC_2023plus
39129,Pickaway County,OH,2015,36474.0,1685973.0,57439.0,12.6,17.1,112.75307843935296,6.9,39.1,13.37495736259637,,,13773.0,560365572.0,40686.0,,902.0,4.8,25828.0,3.338725063249139,0.0,0.0,control,0,,0,0.0,,,1,0,FUTURE_DC_2023plus
39129,Pickaway County,OH,2016,37644.0,1669249.0,58706.0,12.2,17.3,113.3296623492702,6.0,39.3,12.934857141157533,,,13568.0,560945733.0,41344.0,,907.0,4.9,26309.0,3.605047889176635,0.0,0.0,control,0,,0,0.0,,,1,0,FUTURE_DC_2023plus
39129,Pickaway County,OH,2017,39546.0,1719141.0,60314.0,12.0,17.3,113.87033445856974,5.2,39.4,12.289348665706765,,,13646.0,600520326.0,44006.0,,907.0,4.6,26437.0,2.757649786758312,0.0,0.0,control,0,,0,0.0,,,1,0,FUTURE_DC_2023plus
39129,Pickaway County,OH,2018,40734.0,1734232.0,62214.0,11.7,18.6,114.55864397040868,4.1,39.4,11.917187008535953,,,14033.0,634631763.0,45223.0,,930.0,4.3,26305.0,3.111618612617756,0.0,0.0,control,0,,0,0.0,,,1,0,FUTURE_DC_2023plus
39129,Pickaway County,OH,2019,42091.0,1787539.0,63633.0,12.1,18.4,115.24096818214466,4.2,39.7,11.719629873501995,,,13913.0,637993905.0,45858.0,,958.0,4.0,26739.0,2.772065476680102,0.0,0.0,control,0,,0,0.0,,,1,0,FUTURE_DC_2023plus
39129,Pickaway County,OH,2020,46298.0,1849888.0,61629.0,13.8,18.6,115.93925319415516,4.4,39.5,11.83115777868088,,,13465.0,661278238.0,49111.0,,985.0,6.9,26255.0,5.430050110901175,86.562,10624.632,control,0,,0,0.0,,,1,0,FUTURE_DC_2023plus
39129,Pickaway County,OH,2021,51129.0,1997145.0,63629.0,13.4,19.6,116.6295578060284,4.2,39.4,11.961117069751722,,,14301.0,728138668.0,50915.0,,1016.0,4.5,26475.0,7.7313105910031235,204.287,12605.173,control,0,,0,0.0,,,1,0,FUTURE_DC_2023plus
39129,Pickaway County,OH,2022,50568.0,2012942.0,67600.0,12.5,19.6,117.3298379180732,4.1,39.5,14.002547280211708,,,14841.0,805825517.0,54297.0,37.0,1052.0,3.7,26727.0,9.077969318361538,128.112,12823.309,control,0,,0,0.0,,,1,0,FUTURE_DC_2023plus
39129,Pickaway County,OH,2023,52248.0,2016523.0,72927.0,12.1,21.3,118.522907738594,4.2,39.5,,,,16953.0,968873130.0,57151.0,59.0,1067.0,,,11.671026311740269,8.656,898.515,control,0,,0,0.0,,,1,0,FUTURE_DC_2023plus
39129,Pickaway County,OH,2024,53904.0,1939716.0,,,,,,,15.050389019628188,,,16097.0,917383446.0,56992.0,39.0,1082.0,,,,0.0,0.0,control,0,,0,0.0,,,1,0,FUTURE_DC_2023plus
39133,Portage County,OH,2010,34491.0,5579727.0,50447.0,,24.9,328.15215272719814,9.2,36.9,11.29688278488132,,,49643.0,1856030214.0,37388.0,131.0,3225.0,10.4,90869.0,3.0267545757706897,0.0,0.0,control,0,,0,0.0,,,1,0,
39133,Portage County,OH,2011,36383.0,5719517.0,51441.0,,24.5,329.7319477641797,9.9,37.2,11.16628883890335,,,50886.0,1953605158.0,38392.0,127.0,3237.0,8.9,89145.0,3.255239816240567,0.0,0.0,control,0,,0,0.0,,,1,0,
39133,Portage County,OH,2012,37711.0,5850186.0,51969.0,15.1,24.6,330.6859798319673,10.7,37.4,11.438146853773857,,,51922.0,2058911077.0,39654.0,136.0,3238.0,7.3,88000.0,3.458439519139187,0.0,0.0,control,0,,0,0.0,,,1,0,
39133,Portage County,OH,2013,38164.0,5996154.0,52697.0,16.1,25.1,335.2181450744248,11.1,36.9,11.434819540546282,,,52064.0,2089858812.0,40140.0,159.0,3207.0,7.7,87651.0,3.7239507362920303,0.0,0.0,control,0,,0,0.0,,,1,0,
39133,Portage County,OH,2014,39321.0,5981226.0,53027.0,16.0,25.5,331.455360531796,10.2,37.6,11.66909799539401,,,53676.0,2191141706.0,40821.0,161.0,3187.0,5.9,87056.0,4.049237506046488,0.0,0.0,control,0,,0,0.0,,,1,0,
39133,Portage County,OH,2015,40533.0,6080519.0,52552.0,15.6,26.0,332.16113909377214,8.7,37.6,12.636042145532862,,,54328.0,2301044420.0,42355.0,37.0,3234.0,4.9,87111.0,4.293051282703211,0.0,0.0,control,0,,0,0.0,,,1,0,
39133,Portage County,OH,2016,40858.0,6071215.0,52427.0,15.0,27.3,331.95391922528495,7.9,37.7,11.842341127527884,,,54470.0,2287830847.0,42002.0,41.0,3263.0,5.1,87472.0,4.47190499101061,0.0,0.0,control,0,,0,0.0,,,1,0,
39133,Portage County,OH,2017,42552.0,6307886.0,53816.0,14.5,27.5,332.5365968752885,7.2,37.8,12.433508494831251,,,54507.0,2377960724.0,43627.0,32.0,3320.0,5.0,87961.0,4.768703958757155,0.0,0.0,control,0,,0,0.0,,,1,0,
39133,Portage County,OH,2018,44133.0,6471562.0,56618.0,13.1,28.7,333.6937454478309,6.3,37.9,12.586887992125291,,,54703.0,2446292517.0,44720.0,40.0,3344.0,4.6,87437.0,5.265968014304162,0.0,0.0,control,0,,0,0.0,,,1,0,
39133,Portage County,OH,2019,45543.0,6423825.0,57618.0,12.8,29.0,333.42087175962496,5.5,38.0,12.209513895971924,,,55116.0,2529440333.0,45893.0,22.0,3378.0,4.3,88102.0,5.4480626340198475,0.0,0.0,control,0,,0,0.0,,,1,0,
39133,Portage County,OH,2020,48668.0,6266452.0,59485.0,11.3,29.9,333.3490628943076,5.8,38.3,11.681403869548811,,,51746.0,2501451175.0,48341.0,21.0,3388.0,7.3,85174.0,7.830215507115568,59.688,4490.158,control,0,,0,0.0,,,1,0,
39133,Portage County,OH,2021,53713.0,6484662.0,64163.0,11.2,30.1,332.16113909377214,5.9,38.7,12.541881803103635,,,52330.0,2702851715.0,51650.0,14.0,3505.0,4.8,84371.0,9.792196881717771,145.836,12190.559,control,0,,0,0.0,,,1,0,
39133,Portage County,OH,2022,53891.0,6501644.0,69796.0,11.3,31.7,330.76599542474946,5.6,39.1,12.877178045625264,,,54283.0,2876455676.0,52990.0,118.0,3663.0,3.8,85243.0,11.810877626699629,88.609,9691.652,control,0,,0,0.0,,,1,0,
39133,Portage County,OH,2023,56666.0,6593612.0,72822.0,11.4,31.5,331.1845385254563,5.3,39.3,,,,56575.0,3143787390.0,55569.0,165.0,3732.0,,,13.455475286115044,6.769,1064.543,control,0,,0,0.0,,,1,0,
39133,Portage County,OH,2024,59373.0,6662719.0,,,,,,,16.375549759116705,,,56561.0,3261833774.0,57670.0,138.0,3770.0,,,,0.0,0.0,control,0,,0,0.0,,,1,0,
39143,Sandusky County,OH,2010,32504.0,2363043.0,48056.0,,13.1,150.11537161417382,6.6,40.3,10.366851668064973,,,25411.0,861485438.0,33902.0,,1434.0,10.8,33253.0,2.4022152994115613,0.0,0.0,control,0,,0,0.0,,,1,0,
39143,Sandusky County,OH,2011,34059.0,2463739.0,47277.0,,13.4,149.6352689309877,7.5,40.5,11.186600559493138,,,25689.0,877345417.0,34152.0,,1440.0,9.1,32627.0,1.9781144781144784,0.0,0.0,control,0,,0,0.0,,,1,0,
39143,Sandusky County,OH,2012,34420.0,2683958.0,46785.0,13.9,13.3,149.0326910735194,8.0,40.9,12.106670786897968,,,25556.0,895253049.0,35031.0,,1443.0,7.5,31773.0,1.9024460020025744,0.0,0.0,control,0,,0,0.0,,,1,0,
39143,Sandusky County,OH,2013,35673.0,2827415.0,46140.0,14.3,13.7,148.4864517962209,8.6,41.1,12.848909701860368,,,25488.0,939800290.0,36872.0,,1425.0,7.5,31540.0,2.3631750634287787,0.0,0.0,control,0,,0,0.0,,,1,0,
39143,Sandusky County,OH,2014,36379.0,2816123.0,46099.0,14.7,14.1,148.19006187445805,8.0,41.2,13.560242549178286,,,25786.0,971910334.0,37691.0,,1417.0,5.7,31374.0,2.0346100934038085,0.0,0.0,control,0,,0,0.0,,,1,0,
39143,Sandusky County,OH,2015,37872.0,3007791.0,47209.0,14.3,14.5,147.42826629042293,7.6,41.3,13.358367928481284,,,26086.0,998505905.0,38277.0,,1417.0,4.9,31461.0,1.947299840741277,0.0,0.0,control,0,,0,0.0,,,1,0,
39143,Sandusky County,OH,2016,38112.0,2913581.0,49032.0,13.2,14.8,146.65177368547396,6.3,41.5,12.814147410798524,,,25925.0,1000953096.0,38609.0,,1390.0,4.8,31149.0,2.5706478751707773,0.0,0.0,control,0,,0,0.0,,,1,0,
39143,Sandusky County,OH,2017,39690.0,2961086.0,50370.0,13.6,15.2,145.88997810143886,5.4,41.7,12.683115027195376,,,26256.0,1049763151.0,39982.0,,1395.0,4.7,31498.0,2.795466810577442,0.0,0.0,control,0,,0,0.0,,,1,0,
39143,Sandusky County,OH,2018,40878.0,2901152.0,51701.0,13.6,16.0,145.25310719517154,5.0,41.8,12.503881673249449,,,26015.0,1070033197.0,41132.0,,1411.0,4.5,31049.0,2.5876732655350874,0.0,0.0,control,0,,0,0.0,,,1,0,
39143,Sandusky County,OH,2019,41854.0,2842936.0,54089.0,11.6,16.1,144.5917412540478,4.6,42.2,12.226044682016008,,,25564.0,1071051487.0,41898.0,,1406.0,4.3,30861.0,2.6441530447278607,0.0,0.0,control,0,,0,0.0,,,1,0,
39143,Sandusky County,OH,2020,45396.0,2738020.0,55245.0,12.2,16.5,144.0332544593211,4.5,42.4,12.369902886952014,,,23845.0,1064615438.0,44648.0,,1394.0,8.1,29987.0,3.0924088811366692,94.869,6019.075,control,0,,0,0.0,,,1,0,
39143,Sandusky County,OH,2021,49432.0,3032205.0,56414.0,12.9,18.1,144.55254919827752,5.5,42.1,12.87369806445458,,,24786.0,1157869694.0,46714.0,,1456.0,5.3,30119.0,2.8078233812416653,230.395,11975.47,control,0,,0,0.0,,,1,0,
39143,Sandusky County,OH,2022,49414.0,2947385.0,60814.0,13.0,18.3,144.23901275211514,4.8,42.3,14.463335687840749,,,24934.0,1225635145.0,49156.0,49.0,1460.0,4.7,29904.0,3.0106017509512024,110.115,10930.221,control,0,,0,0.0,,,1,0,
39143,Sandusky County,OH,2023,52017.0,2928460.0,62500.0,13.2,19.1,143.95731985126616,3.9,42.5,,,,25391.0,1311951720.0,51671.0,47.0,1453.0,,,3.367636752609642,15.247,1119.789,control,0,,0,0.0,,,1,0,
39143,Sandusky County,OH,2024,53099.0,2989576.0,,,,,,,18.144213736283508,,,24936.0,1313546298.0,52676.0,48.0,1468.0,,,,0.0,0.0,control,0,,0,0.0,,,1,0,
39147,Seneca County,OH,2010,30388.0,1784698.0,42573.0,,16.1,103.60854115776752,9.0,38.9,10.364978612937977,,,18563.0,590429864.0,31808.0,,1257.0,12.0,29503.0,2.2118874773139745,0.0,0.0,control,0,,0,0.0,,,1,0,
39147,Seneca County,OH,2011,32506.0,1847555.0,41761.0,,16.0,103.26372984214902,10.7,38.8,11.187022912334992,,,18792.0,603960460.0,32140.0,46.0,1255.0,9.6,28722.0,2.0221244201260853,0.0,0.0,control,0,,0,0.0,,,1,0,
39147,Seneca County,OH,2012,32628.0,1737692.0,42375.0,14.9,15.7,102.77192001829316,11.2,38.8,12.10981113668515,,,18515.0,612157259.0,33063.0,52.0,1245.0,8.0,27802.0,1.9526248399487836,0.0,0.0,control,0,,0,0.0,,,1,0,
39147,Seneca County,OH,2013,32737.0,1759103.0,43764.0,15.5,15.3,102.31096173320316,11.4,39.2,12.854270575756436,,,18306.0,607911895.0,33209.0,56.0,1211.0,7.7,27393.0,2.0551276854479124,0.0,0.0,control,0,,0,0.0,,,1,0,
39147,Seneca County,OH,2014,33498.0,1763253.0,44947.0,17.1,14.7,101.81007792735734,9.7,39.1,13.566633861522773,,,18486.0,629386775.0,34047.0,59.0,1192.0,5.7,27233.0,2.3147961446949226,0.0,0.0,control,0,,0,0.0,,,1,0,
39147,Seneca County,OH,2015,35586.0,1855992.0,45444.0,16.9,14.2,101.49974774330067,8.1,39.0,13.363791980092207,,,19025.0,657331449.0,34551.0,58.0,1176.0,4.9,27233.0,2.3373163248829325,0.0,0.0,control,0,,0,0.0,,,1,0,
39147,Seneca County,OH,2016,36824.0,1978995.0,48415.0,15.6,14.7,101.1041221285384,6.8,39.4,12.817555946197553,,,19256.0,678650199.0,35244.0,56.0,1182.0,4.9,27259.0,2.269095557686162,0.0,0.0,control,0,,0,0.0,,,1,0,
39147,Seneca County,OH,2017,37607.0,1909712.0,49153.0,15.2,15.3,100.81012511206367,5.9,39.5,12.68864616331193,,,19360.0,700395347.0,36177.0,62.0,1159.0,4.7,27545.0,2.2288676236044656,0.0,0.0,control,0,,0,0.0,,,1,0,
39147,Seneca County,OH,2018,38629.0,1922107.0,49936.0,14.7,15.2,100.67583017861227,4.9,39.4,12.50780324488651,,,19458.0,723305204.0,37174.0,67.0,1155.0,4.4,27363.0,2.479403997004218,0.0,0.0,control,0,,0,0.0,,,1,0,
39147,Seneca County,OH,2019,40095.0,1977384.0,52500.0,12.8,16.8,100.45079542526123,4.4,39.9,12.231358264861386,,,19581.0,746591545.0,38129.0,70.0,1172.0,4.2,27683.0,2.146779830254618,0.0,0.0,control,0,,0,0.0,,,1,0,
39147,Seneca County,OH,2020,44796.0,1974371.0,52897.0,12.7,17.3,100.26931578546204,4.2,40.4,12.36898199259699,,,18336.0,760912459.0,41499.0,64.0,1152.0,8.1,27114.0,2.710100231303007,74.073,6288.956,control,0,,0,0.0,,,1,0,
39147,Seneca County,OH,2021,48572.0,2114138.0,56043.0,12.2,17.9,100.1150580916327,3.9,40.5,12.876930980914524,,,18574.0,809402116.0,43577.0,65.0,1172.0,4.8,26528.0,3.4057142857142857,265.578,11660.133,control,0,,0,0.0,,,1,0,
39147,Seneca County,OH,2022,48160.0,2033989.0,62476.0,11.6,18.9,99.92631926624152,4.2,40.6,14.469210105080345,,,18759.0,857508928.0,45712.0,62.0,1188.0,4.2,26291.0,4.799908790331775,99.366,9862.514,control,0,,0,0.0,,,1,0,
39147,Seneca County,OH,2023,50679.0,2081761.0,65020.0,11.9,20.7,99.56154519024513,3.9,40.5,,,,19133.0,897784890.0,46923.0,56.0,1229.0,,,5.009714655796412,16.26,796.734,control,0,,0,0.0,,,1,0,
39147,Seneca County,OH,2024,52061.0,2059295.0,,,,,,,18.16282478368518,,,19092.0,939331547.0,49201.0,49.0,1256.0,,,,0.0,0.0,control,0,,0,0.0,,,1,0,
39153,Summit County,OH,2010,39149.0,27708440.0,47926.0,,29.2,1315.7926612127628,8.6,39.5,10.56805657833478,,,252634.0,10661678274.0,42202.0,1129.0,14428.0,10.6,281921.0,2.8860062617212328,0.0,0.0,control,0,,0,0.0,,,1,0,MINOR_COLO
39153,Summit County,OH,2011,40815.0,27646243.0,48790.0,,29.4,1313.4161674253196,9.4,40.0,11.156556655927874,,,254006.0,10939743117.0,43069.0,1173.0,14378.0,9.1,275855.0,3.009212601225975,0.0,0.0,control,0,,0,0.0,,,1,0,MINOR_COLO
39153,Summit County,OH,2012,42110.0,27814644.0,49227.0,14.8,29.4,1312.4931866577194,10.0,40.2,12.043153155517995,,,255904.0,11332039471.0,44282.0,1214.0,14293.0,7.5,272453.0,3.001070531723954,0.0,0.0,control,0,,0,0.0,,,1,0,MINOR_COLO
39153,Summit County,OH,2013,42681.0,28429380.0,49669.0,15.4,29.6,1312.0183724045708,10.3,40.4,12.702525557744403,,,256668.0,11400750028.0,44418.0,1384.0,14132.0,7.6,270976.0,3.025078684120843,0.0,0.0,control,0,,0,0.0,,,1,0,MINOR_COLO
39153,Summit County,OH,2014,44532.0,29286403.0,50082.0,14.7,29.9,1311.7082896270042,9.5,40.6,13.395630657321815,,,260173.0,11894348576.0,45717.0,1389.0,14026.0,5.9,272945.0,2.944529935655682,0.0,0.0,control,0,,0,0.0,,,1,0,MINOR_COLO
39153,Summit County,OH,2015,45918.0,29506581.0,50765.0,14.8,30.3,1312.636115438004,8.4,40.7,13.257828859829846,,,264051.0,12425391647.0,47057.0,1538.0,14085.0,5.0,272635.0,2.917816795756762,0.0,0.0,control,0,,0,0.0,,,1,0,MINOR_COLO
39153,Summit County,OH,2016,46847.0,29644458.0,51562.0,14.3,30.7,1311.4854176306285,7.3,40.8,12.71539555222095,,,266282.0,12698758023.0,47689.0,1781.0,14213.0,5.1,273479.0,3.0425400498815507,0.0,0.0,control,0,,0,0.0,,,1,0,MINOR_COLO
39153,Summit County,OH,2017,48547.0,30116971.0,53291.0,13.6,31.6,1311.3546014588426,6.4,40.8,12.661524800350003,,,266989.0,12864802859.0,48185.0,1990.0,14321.0,5.1,274876.0,3.5114715784845716,0.0,0.0,control,0,,0,0.0,,,1,0,MINOR_COLO
39153,Summit County,OH,2018,50579.0,30411694.0,55448.0,13.1,32.1,1312.5464821351136,5.6,40.9,12.50917912024595,,,266964.0,13221495421.0,49525.0,2208.0,14317.0,4.6,272862.0,3.8657972442824784,0.0,0.0,control,0,,0,0.0,,,1,0,MINOR_COLO
39153,Summit County,OH,2019,52519.0,31050771.0,57181.0,13.2,32.5,1311.3933618060385,5.4,41.0,12.225739133718951,,,267461.0,13520192358.0,50550.0,1296.0,14489.0,4.3,275103.0,4.269946220996664,0.0,0.0,control,0,,0,0.0,,,1,0,MINOR_COLO
39153,Summit County,OH,2020,56096.0,29885051.0,59253.0,12.8,32.8,1310.1239604353757,5.8,40.9,12.290048464818607,,,251456.0,13556047596.0,53910.0,1225.0,14674.0,8.3,267324.0,6.569853108717777,108.805,5179.797,control,0,,0,0.0,,,1,0,MINOR_COLO
39153,Summit County,OH,2021,61539.0,31294504.0,63111.0,12.6,33.9,1309.5352876623392,5.7,41.0,12.817744040125662,,,254952.0,14478953552.0,56791.0,1149.0,15095.0,5.5,263798.0,8.77953814629786,132.266,11595.983,control,0,,0,0.0,,,1,0,MINOR_COLO
39153,Summit County,OH,2022,61027.0,30963873.0,68360.0,12.4,34.6,1306.613726492455,5.3,41.1,14.247729310869513,,,258539.0,15218277563.0,58863.0,1164.0,15427.0,4.1,265461.0,10.789348477868486,95.135,8934.041,control,0,,0,0.0,,,1,0,MINOR_COLO
39153,Summit County,OH,2023,64672.0,31311039.0,71016.0,12.6,35.3,1303.5274338469887,5.2,41.2,,,,261763.0,15893816016.0,60718.0,1203.0,15658.0,,,12.98089446086592,8.682,895.935,control,0,,0,0.0,,,1,0,MINOR_COLO
39153,Summit County,OH,2024,67711.0,31733316.0,,,,,,,17.912566513313262,,,261045.0,16412252968.0,62871.0,1255.0,15834.0,,,,0.0,0.0,control,0,,0,0.0,,,1,0,MINOR_COLO
39159,Union County,OH,2010,35484.0,3163640.0,68452.0,,27.3,117.44514879828792,5.9,36.1,11.506718496319923,,,25915.0,1371810737.0,52935.0,,1161.0,8.4,26706.0,3.5488721804511276,0.0,0.0,treated,1,2022.0,0,0.0,AWS,AWS,1,1,
39159,Union County,OH,2011,38212.0,3263746.0,68279.0,,27.4,119.3698336340412,5.9,36.5,11.597788750379951,,,25991.0,1391470815.0,53537.0,,1168.0,7.2,26653.0,3.683940920344916,0.0,0.0,treated,1,2022.0,0,0.0,AWS,AWS,1,1,
39159,Union County,OH,2012,40317.0,3277190.0,65866.0,7.3,27.8,120.79192327201054,6.2,36.8,12.449056640462976,,,27646.0,1454905972.0,52627.0,,1148.0,5.8,26346.0,3.9674209664553506,0.0,0.0,treated,1,2022.0,0,0.0,AWS,AWS,1,1,
39159,Union County,OH,2013,42689.0,3479616.0,65086.0,7.8,27.0,122.01945993019254,6.3,37.1,13.00207451367027,,,28925.0,1560207716.0,53940.0,,1120.0,5.8,26611.0,4.908789386401327,0.0,0.0,treated,1,2022.0,0,0.0,AWS,AWS,1,1,
39159,Union County,OH,2014,44397.0,3671868.0,64758.0,7.9,26.0,122.96211543940022,5.6,37.6,13.637628643128894,,,30035.0,1650902013.0,54967.0,,1140.0,4.5,26874.0,5.843462549277267,0.0,0.0,treated,1,2022.0,0,0.0,AWS,AWS,1,1,
39159,Union County,OH,2015,45654.0,3781244.0,67382.0,8.7,26.2,123.84223606224768,4.2,38.1,13.310397053852096,,,31051.0,1729398165.0,55695.0,,1207.0,3.9,27111.0,6.378369704749679,0.0,0.0,treated,1,2022.0,0,0.0,AWS,AWS,1,1,
39159,Union County,OH,2016,47296.0,3905439.0,71282.0,7.9,29.1,124.96554790982933,3.7,38.2,12.765977972638298,,,31542.0,1794588257.0,56896.0,,1227.0,3.8,27903.0,5.776187480339729,0.0,0.0,treated,1,2022.0,0,0.0,AWS,AWS,1,1,
39159,Union County,OH,2017,51810.0,4383725.0,78848.0,7.4,30.8,126.66325426916404,2.8,38.3,12.460717247383808,,,32978.0,1929777254.0,58517.0,,1273.0,3.7,28546.0,5.507960576194087,0.0,0.0,treated,1,2022.0,0,0.0,AWS,AWS,1,1,
39159,Union County,OH,2018,55995.0,4571438.0,82775.0,6.9,33.0,128.9006135367184,2.5,38.4,12.192630978598226,,,34319.0,2008284542.0,58518.0,,1320.0,3.5,28789.0,5.452682426992608,0.0,0.0,treated,1,2022.0,0,0.0,AWS,AWS,1,1,
39159,Union County,OH,2019,57523.0,4538234.0,86715.0,5.9,35.5,131.33947410476677,1.9,38.0,11.967381886971362,,,33532.0,2013122083.0,60036.0,,1333.0,3.2,29672.0,5.465194227851674,0.0,0.0,treated,1,2022.0,0,0.0,AWS,AWS,1,1,
39159,Union County,OH,2020,61796.0,4411001.0,88565.0,5.2,35.5,134.0354225389627,2.8,38.1,11.922723319103964,,,32137.0,2047326304.0,63706.0,,1382.0,5.8,29504.0,11.15919950141957,33.506,6343.132,treated,1,2022.0,0,0.0,AWS,AWS,1,1,
39159,Union County,OH,2021,66995.0,4627494.0,96634.0,4.7,37.8,143.06360724385596,3.0,38.4,12.206060667131233,,,32701.0,2123326248.0,64932.0,,1450.0,3.6,29796.0,17.0572366496571,109.334,12814.996,treated,1,2022.0,0,0.0,AWS,AWS,1,1,
39159,Union County,OH,2022,69340.0,4791384.0,104496.0,5.2,39.3,146.8666547773179,2.9,38.4,14.214423396885053,,,33295.0,2360635857.0,70900.0,50.0,1518.0,3.0,30108.0,18.521889220147497,56.43,15116.3,treated,1,2022.0,1,0.0,AWS,AWS,1,1,
39159,Union County,OH,2023,72420.0,4621133.0,109506.0,5.1,39.1,151.2255679673151,2.4,38.1,,,,34106.0,2265610563.0,66429.0,48.0,1524.0,,,19.908755290092145,7.054,1049.253,treated,1,2022.0,1,1.0,AWS,AWS,1,1,
39159,Union County,OH,2024,75616.0,5036135.0,,,,,,,17.825076081789266,,,34660.0,2566199650.0,74039.0,48.0,1580.0,,,,0.0,0.0,treated,1,2022.0,1,2.0,AWS,AWS,1,1,
40041,Delaware County,OK,2010,27062.0,894306.0,34383.0,,14.3,55.59358146708936,7.5,44.1,8.101485348761766,,,8559.0,234256326.0,27368.0,17.0,782.0,7.7,17149.0,6.586551090097189,0.0,0.0,control,0,,0,0.0,,,1,0,
40041,Delaware County,OK,2011,28551.0,891699.0,35552.0,,14.9,55.97037683603031,8.2,44.4,8.682202978398754,,,8681.0,239983510.0,27646.0,16.0,761.0,6.8,17255.0,6.757797458606084,0.0,0.0,control,0,,0,0.0,,,1,0,
40041,Delaware County,OK,2012,29098.0,859883.0,36423.0,20.8,15.7,56.020525859954105,8.3,44.9,8.2996265834702,,,8495.0,242638157.0,28564.0,17.0,770.0,6.4,17046.0,5.646791308741789,0.0,0.0,control,0,,0,0.0,,,1,0,
40041,Delaware County,OK,2013,29937.0,856309.0,36588.0,21.2,16.1,56.10455935950208,9.0,45.2,8.652102530860141,,,8510.0,244951921.0,28784.0,17.0,778.0,6.7,16957.0,5.049097244219196,0.0,0.0,control,0,,0,0.0,,,1,0,
40041,Delaware County,OK,2014,31131.0,807940.0,36198.0,21.5,16.4,56.1330223190264,10.2,45.7,9.04644872431719,,,8664.0,249265947.0,28771.0,17.0,784.0,5.6,17089.0,4.70144812537195,0.0,0.0,control,0,,0,0.0,,,1,0,
40041,Delaware County,OK,2015,32740.0,936943.0,37942.0,20.4,16.8,56.124890044876594,9.2,45.8,9.264945100761834,,,8715.0,266599043.0,30590.0,18.0,788.0,4.8,17460.0,3.721923749109975,0.0,0.0,control,0,,0,0.0,,,1,0,
40041,Delaware County,OK,2016,31972.0,910907.0,38438.0,19.8,16.7,56.15741914147581,8.1,46.2,8.888056909547597,,,8899.0,272455091.0,30616.0,19.0,794.0,4.7,17947.0,3.2619311153069863,0.0,0.0,control,0,,0,0.0,,,1,0,
40041,Delaware County,OK,2017,33270.0,944803.0,38234.0,19.0,16.5,56.760562807586325,8.3,46.5,10.28408659390888,,,9275.0,289644321.0,31230.0,18.0,819.0,4.2,18504.0,3.4316318434276645,0.0,0.0,control,0,,0,0.0,,,1,0,
40041,Delaware County,OK,2018,34282.0,954283.0,39742.0,19.0,17.6,57.077721499428705,7.5,46.7,10.501494839755464,,,8788.0,286127106.0,32558.0,16.0,802.0,3.8,17871.0,3.772189349112426,0.0,0.0,control,0,,0,0.0,,,1,0,
40041,Delaware County,OK,2019,36224.0,934591.0,41696.0,18.3,18.1,57.512798166443254,6.3,46.7,10.3098805482895,,,9047.0,300831103.0,33251.0,16.0,823.0,3.6,18091.0,4.109325993727197,0.0,0.0,control,0,,0,0.0,,,1,0,
40041,Delaware County,OK,2020,37954.0,833133.0,44268.0,18.2,18.2,57.93025490613322,6.0,46.7,9.72857622965882,,,8848.0,309392051.0,34968.0,16.0,851.0,5.4,18431.0,6.9813419004077595,103.693,6869.653,control,0,,0,0.0,,,1,0,
40041,Delaware County,OK,2021,41547.0,897744.0,46588.0,19.0,18.2,55.14766176787507,6.4,46.6,10.51838556335843,,,9042.0,325749888.0,36025.0,15.0,841.0,3.5,19067.0,7.237525987525988,292.225,11809.205,control,0,,0,0.0,,,1,0,
40041,Delaware County,OK,2022,44350.0,1007356.0,53290.0,19.0,18.7,55.28726580744672,5.2,46.8,12.172587544951986,,,9692.0,377200178.0,38920.0,13.0,900.0,3.0,20069.0,7.9689570319894,193.246,12622.252,control,0,,0,0.0,,,1,0,
40041,Delaware County,OK,2023,46224.0,1017667.0,55114.0,18.6,19.2,55.59358146708936,4.8,47.0,,,,9628.0,394098739.0,40933.0,20.0,960.0,,,8.056289559392859,11.783,1025.146,control,0,,0,0.0,,,1,0,
40041,Delaware County,OK,2024,48500.0,1035255.0,,,,,,,12.747352024134,,,9636.0,409733023.0,42520.0,13.0,942.0,,,,0.0,0.0,control,0,,0,0.0,,,1,0,
40087,McClain County,OK,2010,36095.0,918973.0,53708.0,,17.9,58.00948631283106,4.2,38.5,8.930482017165279,,,7555.0,236723750.0,31335.0,,857.0,5.4,17165.0,4.950884086444008,0.0,0.0,control,0,,0,0.0,,,1,0,
40087,McClain County,OK,2011,39591.0,973410.0,56128.0,,18.9,59.35165765169077,4.4,38.4,9.251425257611992,,,7693.0,245632372.0,31931.0,,879.0,4.5,17213.0,4.578544061302682,0.0,0.0,control,0,,0,0.0,,,1,0,
40087,McClain County,OK,2012,43503.0,1009551.0,54554.0,12.5,19.0,60.3994624305917,4.5,38.2,9.136956479857986,,,8321.0,267115800.0,32103.0,,904.0,4.1,17508.0,3.5652452709201667,0.0,0.0,control,0,,0,0.0,,,1,0,
40087,McClain County,OK,2013,43799.0,1012351.0,54426.0,11.6,20.4,61.59795485328105,4.5,38.3,9.315359341074652,,,8581.0,289698849.0,33759.0,,923.0,4.2,17809.0,3.6907074378093863,0.0,0.0,control,0,,0,0.0,,,1,0,
40087,McClain County,OK,2014,44532.0,1037637.0,55741.0,10.7,21.5,62.83324309596525,3.8,38.3,9.676034653863423,,,8629.0,301409459.0,34931.0,,939.0,3.6,18113.0,4.009086444007859,0.0,0.0,control,0,,0,0.0,,,1,0,
40087,McClain County,OK,2015,41720.0,1100082.0,56088.0,10.9,22.4,63.97566569771008,3.9,38.3,9.721550482119367,,,8825.0,308359498.0,34942.0,,977.0,3.6,18746.0,4.337525059230909,0.0,0.0,control,0,,0,0.0,,,1,0,
40087,McClain County,OK,2016,41536.0,1138588.0,58673.0,9.6,22.9,65.21971484991685,4.0,38.3,9.760181453580593,,,8833.0,312022726.0,35323.0,,1009.0,4.0,18944.0,5.75406309751434,0.0,0.0,control,0,,0,0.0,,,1,0,
40087,McClain County,OK,2017,43454.0,1148876.0,62081.0,9.5,24.1,66.44098563736493,3.8,38.3,10.200835077147197,,,9207.0,329400537.0,35778.0,,1049.0,3.3,19161.0,5.673921782576236,0.0,0.0,control,0,,0,0.0,,,1,0,
40087,McClain County,OK,2018,46557.0,1343466.0,64492.0,8.9,24.2,67.6937956990943,3.4,38.4,9.845688916727706,,,9734.0,372114628.0,38229.0,,1070.0,2.7,19447.0,5.718333805610655,0.0,0.0,control,0,,0,0.0,,,1,0,
40087,McClain County,OK,2019,48931.0,1671142.0,67662.0,7.8,25.0,68.76788320656297,3.7,38.5,9.705798478733794,,,9599.0,374375288.0,39000.0,,1094.0,2.6,19758.0,5.605757264217305,0.0,0.0,control,0,,0,0.0,,,1,0,
40087,McClain County,OK,2020,49416.0,1604290.0,70005.0,7.9,25.4,69.94885381020717,3.4,38.8,9.48928799965944,,,9617.0,385999863.0,40139.0,,1103.0,5.6,20070.0,7.180598118989749,71.343,9073.305,control,0,,0,0.0,,,1,0,
40087,McClain County,OK,2021,53492.0,1511233.0,73914.0,7.3,26.1,72.29152101654586,3.8,38.8,10.705667831639865,,,9743.0,402603902.0,41321.0,,1120.0,3.3,20511.0,7.356697660161439,201.289,11595.791,control,0,,0,0.0,,,1,0,
40087,McClain County,OK,2022,54884.0,1524934.0,80150.0,7.1,26.8,74.2802474781722,4.1,38.8,12.539519982759307,,,10315.0,455001329.0,44113.0,,1193.0,2.7,21136.0,8.308104620576703,94.275,15501.822,control,0,,0,0.0,,,1,0,
40087,McClain County,OK,2023,57249.0,1994262.0,84778.0,7.8,28.0,76.7087715978322,4.7,38.9,,,,12080.0,572753139.0,47412.0,,1297.0,,,9.326724096443524,5.096,0.0,control,0,,0,0.0,,,1,0,
40087,McClain County,OK,2024,59598.0,1967319.0,,,,,,,12.17493510239577,,,12439.0,592722171.0,47650.0,3.0,1302.0,,,,0.0,0.0,control,0,,0,0.0,,,1,0,
40097,Mayes County,OK,2010,28408.0,1555267.0,41228.0,,11.9,62.26321531290291,8.4,39.5,8.097452294901897,,,10580.0,358763071.0,33908.0,,844.0,8.5,18069.0,3.5113386978785663,0.0,0.0,treated,1,2011.0,0,0.0,Google,Google,1,1,PRE_COVID_COHORT
40097,Mayes County,OK,2011,29233.0,1599812.0,42425.0,,13.6,62.65381945239131,8.2,39.2,8.671771689422316,,,10752.0,369613067.0,34378.0,,835.0,7.2,18068.0,3.999519577227961,0.0,0.0,treated,1,2011.0,1,0.0,Google,Google,1,1,PRE_COVID_COHORT
40097,Mayes County,OK,2012,30659.0,1620506.0,41475.0,19.3,13.9,62.80487339695909,8.7,39.2,8.289188751797871,,,11443.0,411116251.0,35928.0,,854.0,5.9,18397.0,4.305140557351058,0.0,0.0,treated,1,2011.0,1,1.0,Google,Google,1,1,PRE_COVID_COHORT
40097,Mayes County,OK,2013,31551.0,1727425.0,42751.0,19.7,15.3,62.72553193112551,8.8,39.4,8.638270823302667,,,12108.0,449845052.0,37153.0,,870.0,5.6,18824.0,4.040652910378811,0.0,0.0,treated,1,2011.0,1,2.0,Google,Google,1,1,PRE_COVID_COHORT
40097,Mayes County,OK,2014,33639.0,1731246.0,42076.0,20.6,15.9,62.68586119820871,8.3,39.2,9.03647283551192,,,12248.0,484135017.0,39526.0,,873.0,4.7,18764.0,4.08351243475591,0.0,0.0,treated,1,2011.0,1,3.0,Google,Google,1,1,PRE_COVID_COHORT
40097,Mayes County,OK,2015,34826.0,1792829.0,42071.0,21.3,16.3,62.56837479687822,7.0,39.3,9.23655768760861,,,12737.0,519663345.0,40798.0,,877.0,4.2,19389.0,5.0090307043949425,0.0,0.0,treated,1,2011.0,1,4.0,Google,Google,1,1,PRE_COVID_COHORT
40097,Mayes County,OK,2016,34527.0,1658435.0,43302.0,21.0,15.3,62.44020781360859,6.5,39.7,8.836540821664501,,,12539.0,515534962.0,41115.0,,877.0,4.9,19418.0,4.480125082686873,0.0,0.0,treated,1,2011.0,1,5.0,Google,Google,1,1,PRE_COVID_COHORT
40097,Mayes County,OK,2017,35362.0,1567421.0,45302.0,19.2,15.4,62.44936259812785,5.3,40.3,10.257706637223482,,,12281.0,518488826.0,42218.0,,880.0,4.5,19155.0,4.623216716983366,0.0,0.0,treated,1,2011.0,1,6.0,Google,Google,1,1,PRE_COVID_COHORT
40097,Mayes County,OK,2018,36948.0,1838964.0,48853.0,17.4,14.6,62.527178266541554,5.3,40.3,10.479654091809753,,,13093.0,572375641.0,43715.0,,891.0,3.2,19727.0,4.481034989708909,0.0,0.0,treated,1,2011.0,1,7.0,Google,Google,1,1,PRE_COVID_COHORT
40097,Mayes County,OK,2019,38783.0,1881653.0,50345.0,18.1,14.3,62.624829301413655,5.6,40.6,10.268770526659823,,,12883.0,584148821.0,45343.0,,907.0,3.0,19362.0,4.223784417106034,0.0,0.0,treated,1,2011.0,1,8.0,Google,Google,1,1,PRE_COVID_COHORT
40097,Mayes County,OK,2020,41844.0,1935908.0,50012.0,17.2,14.5,62.70722236208699,5.4,40.5,9.67934671119397,,,12496.0,594968439.0,47614.0,,928.0,5.2,19307.0,5.436469168438595,58.474,6249.391,treated,1,2011.0,1,9.0,Google,Google,1,1,PRE_COVID_COHORT
40097,Mayes County,OK,2021,44934.0,1923780.0,52956.0,16.9,14.8,59.96841599340856,6.1,40.5,10.490788808640696,,,12478.0,611804483.0,49032.0,,932.0,3.9,19549.0,6.199818895261092,265.569,11487.672,treated,1,2011.0,1,10.0,Google,Google,1,1,PRE_COVID_COHORT
40097,Mayes County,OK,2022,44971.0,2000880.0,56552.0,17.1,15.4,60.000457739225965,5.9,40.3,12.178972549334103,,,12847.0,657320660.0,51167.0,,982.0,3.2,19954.0,6.800900298071659,104.766,13100.575,treated,1,2011.0,1,11.0,Google,Google,1,1,PRE_COVID_COHORT
40097,Mayes County,OK,2023,47673.0,2136465.0,57279.0,17.6,16.5,60.12557312765584,6.6,40.5,,,,13144.0,718924896.0,54695.0,5.0,1037.0,,,7.140279114533205,12.182,0.0,treated,1,2011.0,1,12.0,Google,Google,1,1,PRE_COVID_COHORT
40097,Mayes County,OK,2024,50654.0,2136054.0,,,,,,,12.704193286988284,,,13938.0,797409293.0,57213.0,6.0,1025.0,,,,0.0,0.0,treated,1,2011.0,1,13.0,Google,Google,1,1,PRE_COVID_COHORT
40111,Okmulgee County,OK,2010,27943.0,914893.0,37820.0,,13.5,56.870597310461214,7.3,38.3,8.878155563555625,,,9850.0,298381279.0,30292.0,,749.0,9.4,16839.0,3.248578746798276,0.0,0.0,control,0,,0,0.0,,,1,0,
40111,Okmulgee County,OK,2011,28920.0,899356.0,39324.0,,13.6,57.01684582109219,8.3,38.5,9.185948193276957,,,9790.0,301042458.0,30752.0,,739.0,8.6,16460.0,4.026419408103646,0.0,0.0,control,0,,0,0.0,,,1,0,
40111,Okmulgee County,OK,2012,30020.0,909047.0,39142.0,20.5,14.0,57.02258105680321,10.1,38.7,9.057344137898484,,,9671.0,305485382.0,31588.0,,751.0,7.7,16459.0,3.4998681782230423,0.0,0.0,control,0,,0,0.0,,,1,0,
40111,Okmulgee County,OK,2013,30947.0,950650.0,39156.0,19.5,13.9,56.98960345146485,11.2,39.0,9.205560827209236,,,10015.0,344431034.0,34391.0,,754.0,7.3,16212.0,3.35693858096146,0.0,0.0,control,0,,0,0.0,,,1,0,
40111,Okmulgee County,OK,2014,32484.0,931778.0,38683.0,20.0,14.5,56.78743639265144,11.1,39.3,9.564999183508265,,,9775.0,328391735.0,33597.0,,751.0,6.6,15972.0,3.311121797073573,0.0,0.0,control,0,,0,0.0,,,1,0,
40111,Okmulgee County,OK,2015,32929.0,911342.0,38843.0,20.8,15.2,56.5580269642107,10.4,39.2,9.630672044105012,,,9777.0,337344274.0,34503.0,,746.0,6.5,16197.0,3.1823829904735605,0.0,0.0,control,0,,0,0.0,,,1,0,
40111,Okmulgee County,OK,2016,32457.0,881378.0,38712.0,20.2,15.6,56.38023465716912,10.5,39.1,9.724602891657316,,,9751.0,334953354.0,34351.0,,760.0,6.9,16123.0,2.74244289426891,0.0,0.0,control,0,,0,0.0,,,1,0,
40111,Okmulgee County,OK,2017,33401.0,854973.0,39567.0,19.5,14.6,56.09203906269043,10.0,39.2,10.159973900142663,,,9667.0,340952825.0,35270.0,,765.0,6.0,15863.0,2.895368782161235,0.0,0.0,control,0,,0,0.0,,,1,0,
40111,Okmulgee County,OK,2018,34672.0,848895.0,42175.0,20.0,14.1,55.75939539145135,9.5,39.1,9.809204292270747,,,9558.0,357005801.0,37351.0,,762.0,4.8,15556.0,3.1044857768052516,0.0,0.0,control,0,,0,0.0,,,1,0,
40111,Okmulgee County,OK,2019,36514.0,851814.0,42998.0,19.5,14.1,55.55866214156569,8.4,39.0,9.664056857238444,,,9470.0,363384431.0,38371.0,,762.0,4.7,15706.0,3.357476477357341,0.0,0.0,control,0,,0,0.0,,,1,0,
40111,Okmulgee County,OK,2020,39232.0,857021.0,45319.0,17.1,14.2,55.277635591725776,8.0,39.3,9.41941936495232,,,9417.0,390802767.0,41500.0,,758.0,7.5,15378.0,5.060579690742352,69.679,6709.851,control,0,,0,0.0,,,1,0,
40111,Okmulgee County,OK,2021,42340.0,821806.0,48689.0,16.7,15.1,53.11688553759949,7.5,39.3,10.634933086832566,,,9243.0,378697815.0,40970.0,,761.0,5.4,15553.0,6.060814529444139,325.17,10338.331,control,0,,0,0.0,,,1,0,
40111,Okmulgee County,OK,2022,42789.0,875493.0,50819.0,18.0,16.0,52.907549434147306,7.2,39.3,12.462037547463282,,,9586.0,417528405.0,43555.0,,802.0,4.2,15774.0,6.649860325679635,144.52,12359.029,control,0,,0,0.0,,,1,0,
40111,Okmulgee County,OK,2023,44831.0,878151.0,53123.0,17.6,17.3,52.93909323055791,7.2,39.4,,,,10014.0,452201028.0,45157.0,,839.0,,,8.31891480379265,10.323,1096.802,control,0,,0,0.0,,,1,0,
40111,Okmulgee County,OK,2024,46623.0,902917.0,,,,,,,12.162988632830317,,,10276.0,490328604.0,47716.0,,824.0,,,,0.0,0.0,control,0,,0,0.0,,,1,0,
40135,Sequoyah County,OK,2010,27309.0,763704.0,36357.0,,12.2,62.13988042656864,9.2,38.4,9.525213269696946,,,8735.0,216652884.0,24803.0,15.0,639.0,9.1,18033.0,4.957392548361013,0.0,0.0,control,0,,0,0.0,,,1,0,
40135,Sequoyah County,OK,2011,28316.0,753419.0,38292.0,,12.8,62.46501801618561,10.6,38.8,9.659269193226129,,,8794.0,221456960.0,25184.0,16.0,632.0,8.7,17382.0,5.1067549007366715,0.0,0.0,control,0,,0,0.0,,,1,0,
40135,Sequoyah County,OK,2012,29994.0,789346.0,36191.0,21.0,12.9,62.27349861408246,10.8,38.9,9.75856421090166,,,9044.0,228148793.0,25228.0,17.0,632.0,8.1,17137.0,4.7234659771709655,0.0,0.0,control,0,,0,0.0,,,1,0,
40135,Sequoyah County,OK,2013,30240.0,743482.0,35742.0,21.4,13.3,62.10870284948208,11.1,39.0,9.718468039507368,,,9127.0,230268333.0,25229.0,,625.0,8.1,16822.0,3.7846173616911902,0.0,0.0,control,0,,0,0.0,,,1,0,
40135,Sequoyah County,OK,2014,31193.0,720354.0,37483.0,23.4,13.1,61.9394531452979,10.3,39.6,10.011683861403943,,,9071.0,237400999.0,26172.0,,624.0,6.6,16657.0,3.379938429964084,0.0,0.0,control,0,,0,0.0,,,1,0,
40135,Sequoyah County,OK,2015,32434.0,740108.0,35736.0,25.1,13.5,61.55938363414746,9.8,39.9,9.994559183822116,,,9109.0,241742183.0,26540.0,,645.0,6.2,16755.0,2.7546235998958064,0.0,0.0,control,0,,0,0.0,,,1,0,
40135,Sequoyah County,OK,2016,32590.0,720181.0,36301.0,24.9,14.1,61.381226050795696,8.8,40.0,10.452251389151565,,,8776.0,239002654.0,27234.0,,665.0,6.0,16815.0,2.1272443403590944,0.0,0.0,control,0,,0,0.0,,,1,0,
40135,Sequoyah County,OK,2017,33225.0,715275.0,37455.0,24.6,13.8,61.41091898135432,8.7,40.7,10.180686029494572,,,8993.0,249032230.0,27693.0,,682.0,5.2,16508.0,2.1678457843837218,0.0,0.0,control,0,,0,0.0,,,1,0,
40135,Sequoyah County,OK,2018,34134.0,704208.0,38328.0,23.1,13.3,61.40349574871466,8.2,41.0,9.441637859950308,,,8855.0,250936271.0,28339.0,,698.0,4.2,16268.0,2.056184925676118,0.0,0.0,control,0,,0,0.0,,,1,0,
40135,Sequoyah County,OK,2019,35987.0,788938.0,40351.0,21.5,14.4,61.92312203349065,7.2,40.8,9.345481946140218,,,9546.0,301193407.0,31553.0,,703.0,3.9,16308.0,2.057534768527338,0.0,0.0,control,0,,0,0.0,,,1,0,
40135,Sequoyah County,OK,2020,38935.0,747707.0,41803.0,18.9,13.8,61.89045980987616,5.9,40.8,9.383658746349894,,,9203.0,294158815.0,31963.0,,715.0,7.0,16524.0,2.3036253776435047,38.361,5943.561,control,0,,0,0.0,,,1,0,
40135,Sequoyah County,OK,2021,42887.0,775356.0,43496.0,19.4,14.3,58.86920412553577,4.9,40.9,10.815197245817508,,,9152.0,301661689.0,32963.0,,711.0,4.5,16830.0,2.853919161080507,187.01,11151.071,control,0,,0,0.0,,,1,0,
40135,Sequoyah County,OK,2022,42788.0,727888.0,47494.0,19.5,15.0,58.69995442135159,5.2,40.8,12.614932562959028,,,9228.0,322598896.0,34958.0,,735.0,3.5,17000.0,3.4446489613463056,234.961,13246.542,control,0,,0,0.0,,,1,0,
40135,Sequoyah County,OK,2023,44594.0,756129.0,49795.0,20.3,15.2,58.90483564220612,4.8,40.6,,,,9437.0,346260094.0,36691.0,,763.0,,,4.2184434270765205,9.59,860.726,control,0,,0,0.0,,,1,0,
40135,Sequoyah County,OK,2024,46719.0,736437.0,,,,,,,11.88544318967873,,,9480.0,360704431.0,38050.0,,767.0,,,,0.0,0.0,control,0,,0,0.0,,,1,0,
41003,Benton County,OR,2010,35730.0,4042530.0,48012.0,,47.9,124.64491055744968,6.0,32.0,8.536172837994044,,,34293.0,1476589553.0,43058.0,14.0,2309.0,7.2,45229.0,6.890186099885247,0.0,0.0,control,0,,0,0.0,,,1,0,MINOR_COLO
41003,Benton County,OR,2011,37385.0,4196951.0,47716.0,,47.4,125.80756003566444,7.3,31.9,9.634657587063677,,,34348.0,1500649018.0,43690.0,3.0,2327.0,6.5,45986.0,7.094972067039106,0.0,0.0,control,0,,0,0.0,,,1,0,MINOR_COLO
41003,Benton County,OR,2012,37325.0,4158939.0,48635.0,21.6,48.6,126.63400386858656,8.3,32.1,10.256581141739897,,,34309.0,1540854430.0,44912.0,10.0,2369.0,6.0,45224.0,7.6952624839948784,0.0,0.0,control,0,,0,0.0,,,1,0,MINOR_COLO
41003,Benton County,OR,2013,37241.0,3989140.0,48604.0,22.5,50.0,127.3567719518589,8.5,32.3,10.674979670191874,,,34295.0,1560359038.0,45498.0,221.0,2368.0,5.6,44197.0,8.06782617618388,0.0,0.0,control,0,,0,0.0,,,1,0,MINOR_COLO
41003,Benton County,OR,2014,38922.0,3969709.0,49338.0,22.7,51.4,127.42342064806228,8.7,32.4,10.951175561275706,,,35057.0,1622848584.0,46291.0,183.0,2465.0,5.0,44628.0,7.430937068763507,0.0,0.0,control,0,,0,0.0,,,1,0,MINOR_COLO
41003,Benton County,OR,2015,40054.0,4006029.0,49802.0,22.3,52.8,128.10619951361264,8.6,32.7,11.031232594416762,,,36163.0,1697057814.0,46928.0,241.0,2577.0,4.1,45479.0,7.621739689065913,0.0,0.0,control,0,,0,0.0,,,1,0,MINOR_COLO
41003,Benton County,OR,2016,41482.0,4144658.0,52015.0,21.5,53.7,129.5280383659517,7.8,32.6,10.964772960257212,,,36674.0,1791522505.0,48849.0,212.0,2648.0,3.9,46695.0,7.295360241418333,0.0,0.0,control,0,,0,0.0,,,1,0,MINOR_COLO
41003,Benton County,OR,2017,42266.0,4318847.0,54682.0,20.7,53.8,130.70401758340714,6.7,32.8,11.062802194084432,,,37643.0,1885451511.0,50087.0,193.0,2703.0,3.2,47990.0,7.529480700212408,0.0,0.0,control,0,,0,0.0,,,1,0,MINOR_COLO
41003,Benton County,OR,2018,44708.0,4519396.0,58655.0,19.4,53.6,132.9715543364604,6.2,32.9,11.069808060936502,,,38072.0,1986881140.0,52187.0,89.0,2767.0,3.1,47838.0,6.846237525422126,0.0,0.0,control,0,,0,0.0,,,1,0,MINOR_COLO
41003,Benton County,OR,2019,46732.0,4589245.0,62077.0,19.1,54.1,134.9369503333916,5.4,33.0,10.781934827617391,,,38210.0,2039024152.0,53364.0,202.0,2847.0,3.0,47342.0,6.251587723147272,0.0,0.0,control,0,,0,0.0,,,1,0,MINOR_COLO
41003,Benton County,OR,2020,50763.0,4485137.0,65142.0,18.6,53.3,136.50837848165384,6.1,33.2,10.752485369313089,,,35627.0,2068560246.0,58062.0,75.0,2907.0,5.6,46704.0,9.36120105975861,12.074,1478.481,control,0,,0,0.0,,,1,0,MINOR_COLO
41003,Benton County,OR,2021,57530.0,4726102.0,68732.0,18.3,53.4,140.20960274414898,6.3,33.3,10.439724431738588,,,36287.0,2254302807.0,62125.0,34.0,3044.0,3.9,47546.0,13.311830788134106,35.124,5949.049,control,0,,0,0.0,,,1,0,MINOR_COLO
41003,Benton County,OR,2022,56103.0,4892566.0,72882.0,19.1,53.8,141.61366861083383,6.8,33.5,9.967685108636084,,,37715.0,2360423612.0,62586.0,24.0,3170.0,3.3,48739.0,14.59951429759118,50.49,16124.996,control,0,,0,0.0,,,1,0,MINOR_COLO
41003,Benton County,OR,2023,59434.0,4951685.0,76011.0,19.2,54.4,142.7155937213966,6.7,33.8,,,,38757.0,2514813461.0,64886.0,108.0,3332.0,,,16.74159987836928,5.488,940.652,control,0,,0,0.0,,,1,0,MINOR_COLO
41003,Benton County,OR,2024,62473.0,5064774.0,,,,,,,13.886085214706544,,,38636.0,2594896712.0,67162.0,103.0,3121.0,,,,0.0,0.0,control,0,,0,0.0,,,1,0,MINOR_COLO
41007,Clatsop County,OR,2010,33748.0,1650102.0,42223.0,,21.6,44.507504860348014,7.2,42.7,8.52914576312429,,,16481.0,517439714.0,31397.0,,1590.0,10.1,19149.0,4.384182103246037,0.0,0.0,control,0,,0,0.0,,,1,0,MINOR_COLO
41007,Clatsop County,OR,2011,34185.0,1634833.0,43670.0,,22.1,44.6379191672805,8.3,43.0,9.64737959593504,,,16439.0,533213274.0,32435.0,,1587.0,9.5,19057.0,4.457353194915742,0.0,0.0,control,0,,0,0.0,,,1,0,MINOR_COLO
41007,Clatsop County,OR,2012,35000.0,1660722.0,44330.0,15.8,22.1,44.76108823493896,9.4,43.5,10.261082012488371,,,16696.0,548609659.0,32859.0,,1589.0,8.7,18647.0,5.662273183994326,0.0,0.0,control,0,,0,0.0,,,1,0,MINOR_COLO
41007,Clatsop County,OR,2013,35161.0,1668534.0,44683.0,16.5,23.2,44.86855928417036,9.6,43.7,10.689842367986865,,,16878.0,568681983.0,33694.0,,1559.0,7.7,17991.0,6.54144305307096,0.0,0.0,control,0,,0,0.0,,,1,0,MINOR_COLO
41007,Clatsop County,OR,2014,36697.0,1704594.0,47337.0,15.8,23.6,44.963954934611714,8.6,43.8,10.960719262071056,,,17025.0,582585861.0,34220.0,,1550.0,6.5,18130.0,5.437393800902326,0.0,0.0,control,0,,0,0.0,,,1,0,MINOR_COLO
41007,Clatsop County,OR,2015,38287.0,1735750.0,46408.0,15.8,23.6,45.140255756946374,7.6,43.9,11.04985165683687,,,17575.0,617133995.0,35114.0,5.0,1611.0,5.3,18363.0,5.960933325417087,0.0,0.0,control,0,,0,0.0,,,1,0,MINOR_COLO
41007,Clatsop County,OR,2016,39719.0,1769328.0,47492.0,14.0,24.1,45.47595184330962,6.9,43.7,10.968643350347874,,,18134.0,645481045.0,35595.0,,1626.0,4.6,18975.0,5.977613717551798,0.0,0.0,control,0,,0,0.0,,,1,0,MINOR_COLO
41007,Clatsop County,OR,2017,41606.0,1843207.0,49828.0,12.2,24.5,45.91187373963025,6.5,44.1,11.046908197858624,,,18451.0,678934523.0,36797.0,,1691.0,4.0,19096.0,5.178050204319907,0.0,0.0,control,0,,0,0.0,,,1,0,MINOR_COLO
41007,Clatsop County,OR,2018,43974.0,1906315.0,52583.0,10.5,24.6,46.56515281417169,6.0,43.9,11.048289317137538,,,18808.0,712402897.0,37877.0,,1736.0,4.0,19110.0,4.71033178614406,0.0,0.0,control,0,,0,0.0,,,1,0,MINOR_COLO
41007,Clatsop County,OR,2019,44885.0,1893576.0,54886.0,10.0,24.4,47.21722434883412,5.3,44.2,10.794357818365588,,,19159.0,749203361.0,39104.0,,1752.0,3.7,19270.0,4.540839350180505,0.0,0.0,control,0,,0,0.0,,,1,0,MINOR_COLO
41007,Clatsop County,OR,2020,49805.0,1914833.0,57466.0,9.6,24.0,47.88620144180262,4.4,44.4,10.714923938170353,,,17366.0,742293296.0,42744.0,12.0,1791.0,9.5,19285.0,6.399733806566105,7.672,1414.25,control,0,,0,0.0,,,1,0,MINOR_COLO
41007,Clatsop County,OR,2021,54765.0,1997577.0,61846.0,9.9,25.8,49.17102387306341,4.8,44.5,10.400083411058416,,,18130.0,824367366.0,45471.0,6.0,1857.0,5.9,19465.0,8.245585614774017,84.395,5823.232,control,0,,0,0.0,,,1,0,MINOR_COLO
41007,Clatsop County,OR,2022,56205.0,1939009.0,68025.0,10.2,25.7,49.738567616195525,4.8,44.9,9.917496828215798,,,18618.0,886140455.0,47597.0,,1931.0,4.0,19531.0,10.128036769533814,63.935,8365.301,control,0,,0,0.0,,,1,0,MINOR_COLO
41007,Clatsop County,OR,2023,60248.0,1975155.0,68705.0,12.3,26.3,49.92332121768322,4.4,45.2,,,,19161.0,947442175.0,49446.0,,2005.0,,,11.784382540030707,7.672,764.667,control,0,,0,0.0,,,1,0,MINOR_COLO
41007,Clatsop County,OR,2024,63292.0,2006105.0,,,,,,,13.899829230756712,,,19287.0,982992888.0,50967.0,,1939.0,,,,0.0,0.0,control,0,,0,0.0,,,1,0,MINOR_COLO
41009,Columbia County,OR,2010,32740.0,1225815.0,55199.0,,16.8,74.39986397119104,12.1,40.8,10.008764896674672,,,9637.0,311710455.0,32346.0,,1153.0,13.0,23744.0,4.778571775800884,0.0,0.0,control,0,,0,0.0,,,1,0,
41009,Columbia County,OR,2011,33740.0,1132268.0,56270.0,,16.8,74.76574503100122,12.5,41.2,10.688795255809769,,,9583.0,313955870.0,32761.0,,1169.0,11.4,23600.0,4.579068514618737,0.0,0.0,control,0,,0,0.0,,,1,0,
41009,Columbia County,OR,2012,35067.0,1107709.0,55358.0,13.9,17.4,74.87201753800001,13.4,41.5,10.60658645811516,,,9644.0,323836758.0,33578.0,,1169.0,10.7,23053.0,4.57159857199524,0.0,0.0,control,0,,0,0.0,,,1,0,
41009,Columbia County,OR,2013,35501.0,1165384.0,54968.0,13.6,18.1,74.8963083967426,13.2,42.0,10.354029023813808,,,9789.0,338652428.0,34594.0,,1148.0,9.5,22456.0,4.645906579608237,0.0,0.0,control,0,,0,0.0,,,1,0,
41009,Columbia County,OR,2014,37219.0,1161538.0,54605.0,13.1,17.1,74.88416296737131,11.6,42.5,11.245903319993577,,,9928.0,354382969.0,35695.0,,1162.0,8.3,22510.0,4.47768737049578,0.0,0.0,control,0,,0,0.0,,,1,0,
41009,Columbia County,OR,2015,39533.0,1235935.0,53179.0,13.6,18.2,74.98132640234164,9.8,42.9,11.428608533264883,,,10580.0,390394594.0,36899.0,,1191.0,7.0,22688.0,5.353080928069555,0.0,0.0,control,0,,0,0.0,,,1,0,
41009,Columbia County,OR,2016,40335.0,1270693.0,55146.0,13.4,19.2,75.36998014222299,8.6,43.3,11.298255293889117,,,10907.0,408443030.0,37450.0,,1235.0,6.0,23557.0,5.525908932222832,0.0,0.0,control,0,,0,0.0,,,1,0,
41009,Columbia County,OR,2017,42034.0,1313142.0,57449.0,12.3,18.6,76.22319655555623,7.5,43.3,11.316243823076858,,,11415.0,442957407.0,38807.0,,1247.0,5.1,24094.0,4.967256851806937,0.0,0.0,control,0,,0,0.0,,,1,0,
41009,Columbia County,OR,2018,43903.0,1324581.0,59714.0,12.1,17.8,77.20090361994522,7.0,43.3,11.901090163365936,,,11635.0,461973708.0,39706.0,,1310.0,4.9,24123.0,5.618243883937038,0.0,0.0,control,0,,0,0.0,,,1,0,
41009,Columbia County,OR,2019,45620.0,1331728.0,62257.0,11.7,18.5,77.99642924376484,6.3,43.3,12.210338636187483,,,11778.0,479711282.0,40731.0,,1339.0,4.4,24151.0,6.621461727496132,0.0,0.0,control,0,,0,0.0,,,1,0,
41009,Columbia County,OR,2020,49655.0,1373022.0,68170.0,10.0,18.0,79.12291781795216,5.8,43.3,12.402246222872533,,,11205.0,503721939.0,44956.0,,1378.0,7.9,24170.0,6.555579916684938,27.251,1629.197,control,0,,0,0.0,,,1,0,
41009,Columbia County,OR,2021,54134.0,1468981.0,73909.0,10.1,18.0,79.52371698720479,5.4,43.3,13.12029218460512,,,11501.0,546180925.0,47492.0,,1443.0,5.7,24598.0,8.787527380492204,91.484,7626.277,control,0,,0,0.0,,,1,0,
41009,Columbia County,OR,2022,55509.0,1467200.0,83265.0,9.1,18.4,80.25851546416796,4.5,43.1,13.514118048337302,,,11966.0,611932912.0,51138.0,,1548.0,4.5,24960.0,9.687578735197782,103.163,10170.316,control,0,,0,0.0,,,1,0,
41009,Columbia County,OR,2023,58261.0,1560299.0,86359.0,8.7,19.2,80.73370538831975,4.4,43.2,,,,11901.0,628959883.0,52849.0,,1532.0,,,11.297852474323063,17.518,416.545,control,0,,0,0.0,,,1,0,
41009,Columbia County,OR,2024,60858.0,1573562.0,,,,,,,17.97088766934934,,,11981.0,649733773.0,54228.0,,1445.0,,,,0.0,0.0,control,0,,0,0.0,,,1,0,
41011,Coos County,OR,2010,32026.0,2008820.0,37491.0,,18.3,39.671943185271275,9.4,46.5,8.516380315240484,,,21291.0,665755128.0,31269.0,,1899.0,12.8,27851.0,5.671213208901651,0.0,0.0,control,0,,0,0.0,,,1,0,
41011,Coos County,OR,2011,33461.0,2046034.0,37789.0,,18.5,39.53974305557731,11.2,46.8,9.562098962187177,,,21462.0,682951789.0,31822.0,,1910.0,11.7,28003.0,5.800193205602962,0.0,0.0,control,0,,0,0.0,,,1,0,
41011,Coos County,OR,2012,33799.0,1996711.0,37853.0,17.3,17.8,39.432604561844286,12.2,47.2,10.171373975716236,,,21306.0,692774538.0,32516.0,,1868.0,11.1,27251.0,6.5302225174360675,0.0,0.0,control,0,,0,0.0,,,1,0,
41011,Coos County,OR,2013,34839.0,2073785.0,37940.0,17.8,18.0,39.317321036423955,13.1,47.6,10.571655751375506,,,21581.0,719373623.0,33334.0,,1835.0,10.1,26520.0,6.996044031647747,0.0,0.0,control,0,,0,0.0,,,1,0,
41011,Coos County,OR,2014,36765.0,2084389.0,39193.0,18.0,18.8,39.27033046899719,11.7,47.9,10.86168027072923,,,21757.0,757366553.0,34811.0,,1829.0,8.8,26205.0,6.255701811546983,0.0,0.0,control,0,,0,0.0,,,1,0,
41011,Coos County,OR,2015,38866.0,2139862.0,38605.0,18.3,18.3,39.33110493620247,11.7,48.1,10.979254992975946,,,22147.0,796135824.0,35948.0,,1871.0,7.3,25953.0,6.349000259672812,0.0,0.0,control,0,,0,0.0,,,1,0,
41011,Coos County,OR,2016,39503.0,2157521.0,39110.0,18.1,18.4,39.43699034813745,10.7,48.2,10.954405723450432,,,22448.0,831850055.0,37057.0,,1917.0,6.3,26370.0,6.441571916475725,0.0,0.0,control,0,,0,0.0,,,1,0,
41011,Coos County,OR,2017,40996.0,2260617.0,40848.0,17.9,18.6,39.422579907459905,9.2,48.3,11.018391883100437,,,22674.0,862306955.0,38031.0,,1942.0,5.4,26288.0,6.34607307853843,0.0,0.0,control,0,,0,0.0,,,1,0,
41011,Coos County,OR,2018,43344.0,2308811.0,43308.0,17.1,17.9,39.665051235382016,7.7,48.5,11.055540166867804,,,23091.0,913067976.0,39542.0,,1964.0,5.2,26026.0,6.258978042273753,0.0,0.0,control,0,,0,0.0,,,1,0,
41011,Coos County,OR,2019,45969.0,2376834.0,45051.0,16.1,17.8,39.90188369521291,7.6,48.6,10.761826133502309,,,23378.0,956088516.0,40896.0,,2017.0,4.8,26073.0,6.5001430849106745,0.0,0.0,control,0,,0,0.0,,,1,0,
41011,Coos County,OR,2020,50839.0,2297036.0,49445.0,16.1,19.9,40.20826219483542,7.0,48.7,10.761961055035457,,,22206.0,964699442.0,43444.0,,2058.0,8.6,26609.0,5.764,14.132,1187.074,control,0,,0,0.0,,,1,0,
41011,Coos County,OR,2021,54871.0,2415614.0,52548.0,16.3,20.0,40.48644635400187,6.1,48.4,10.453400730539045,,,22540.0,1033604578.0,45856.0,,2103.0,6.2,26823.0,7.209210003969829,177.433,8855.95,control,0,,0,0.0,,,1,0,
41011,Coos County,OR,2022,55016.0,2406764.0,57563.0,16.1,20.6,40.66751667381968,5.8,48.4,9.997783109366868,,,22697.0,1084918967.0,47800.0,,2194.0,5.0,26391.0,7.329822199342653,102.063,12828.565,control,0,,0,0.0,,,1,0,
41011,Coos County,OR,2023,58852.0,2442504.0,60313.0,15.6,21.7,40.61989956549389,5.5,48.6,,,,23277.0,1156141577.0,49668.0,,2194.0,,,7.505910165484633,17.272,664.196,control,0,,0,0.0,,,1,0,
41011,Coos County,OR,2024,62682.0,2513157.0,,,,,,,13.815999757994785,,,23128.0,1207376901.0,52204.0,,2086.0,,,,0.0,0.0,control,0,,0,0.0,,,1,0,
41013,Crook County,OR,2010,28611.0,613197.0,46059.0,,15.4,7.222394357166619,9.9,43.6,8.527962141995593,,,5545.0,196979673.0,35525.0,,559.0,16.1,9623.0,7.649850976929021,0.0,0.0,treated,1,2011.0,0,0.0,Meta,Meta;Apple,1,1,PRE_COVID_COHORT;MULTIPLE_OPERATORS
41013,Crook County,OR,2011,30353.0,621871.0,45004.0,,15.7,7.169019469749027,14.5,44.8,9.631053018512455,,,5545.0,205172644.0,37002.0,,558.0,14.4,9465.0,7.921033390202291,0.0,0.0,treated,1,2011.0,1,0.0,Meta,Meta;Apple,1,1,PRE_COVID_COHORT;MULTIPLE_OPERATORS
41013,Crook County,OR,2012,31636.0,638872.0,40263.0,17.4,14.4,7.083753926327214,17.9,45.7,10.251792823658285,,,5586.0,225224315.0,40321.0,,578.0,13.5,9278.0,6.352539703373146,0.0,0.0,treated,1,2011.0,1,1.0,Meta,Meta;Apple,1,1,PRE_COVID_COHORT;MULTIPLE_OPERATORS
41013,Crook County,OR,2013,31647.0,636779.0,38795.0,19.5,14.5,7.01393017423376,17.2,46.8,10.659395774328972,,,5824.0,233932567.0,40169.0,,595.0,12.0,8968.0,5.733580508474576,0.0,0.0,treated,1,2011.0,1,2.0,Meta,Meta;Apple,1,1,PRE_COVID_COHORT;MULTIPLE_OPERATORS
41013,Crook County,OR,2014,34812.0,627221.0,36158.0,20.8,14.7,6.981703827113704,16.8,47.6,10.938838555389983,,,5845.0,243345618.0,41635.0,,603.0,9.6,9063.0,6.3801208865010075,0.0,0.0,treated,1,2011.0,1,3.0,Meta,Meta;Apple,1,1,PRE_COVID_COHORT;MULTIPLE_OPERATORS
41013,Crook County,OR,2015,36945.0,646453.0,37106.0,19.4,15.5,7.034743023415462,13.5,48.1,11.019377623671229,,,5876.0,251111168.0,42732.0,,615.0,8.2,9021.0,5.9600052280747615,0.0,0.0,treated,1,2011.0,1,4.0,Meta,Meta;Apple,1,1,PRE_COVID_COHORT;MULTIPLE_OPERATORS
41013,Crook County,OR,2016,37926.0,721420.0,39583.0,17.7,16.1,7.161634265200681,11.3,48.3,10.931799682244293,,,6038.0,270398000.0,44780.0,,643.0,6.8,9316.0,5.843426145586215,0.0,0.0,treated,1,2011.0,1,5.0,Meta,Meta;Apple,1,1,PRE_COVID_COHORT;MULTIPLE_OPERATORS
41013,Crook County,OR,2017,39132.0,750856.0,41777.0,15.3,17.9,7.290203962565069,8.3,48.0,11.011359574783,,,6145.0,289011865.0,47035.0,,658.0,6.2,9355.0,6.480153036824486,0.0,0.0,treated,1,2011.0,1,6.0,Meta,Meta;Apple,1,1,PRE_COVID_COHORT;MULTIPLE_OPERATORS
41013,Crook County,OR,2018,41563.0,788935.0,44524.0,14.6,16.6,7.498332454382095,8.5,47.8,10.996878114921737,,,5893.0,269082506.0,45660.0,,686.0,5.8,9430.0,6.134162381920364,0.0,0.0,treated,1,2011.0,1,7.0,Meta,Meta;Apple,1,1,PRE_COVID_COHORT;MULTIPLE_OPERATORS
41013,Crook County,OR,2019,43420.0,848090.0,49006.0,13.5,19.8,7.724588266454152,6.9,47.5,10.668336893943684,,,6160.0,285554293.0,46360.0,,714.0,5.1,9791.0,4.3294975504158595,0.0,0.0,treated,1,2011.0,1,8.0,Meta,Meta;Apple,1,1,PRE_COVID_COHORT;MULTIPLE_OPERATORS
41013,Crook County,OR,2020,47482.0,900334.0,59000.0,10.2,18.8,7.966957252086236,5.0,46.8,10.674007918265264,,,6417.0,344010381.0,53611.0,,755.0,8.8,10384.0,4.998434728164458,30.42,1946.895,treated,1,2011.0,1,9.0,Meta,Meta;Apple,1,1,PRE_COVID_COHORT;MULTIPLE_OPERATORS
41013,Crook County,OR,2021,52407.0,1012967.0,64820.0,9.6,20.4,8.157294114764063,3.9,46.9,10.351880992670472,,,6904.0,423064495.0,61280.0,,803.0,6.6,10939.0,9.048407519236388,230.325,13915.084,treated,1,2011.0,1,10.0,Meta,Meta;Apple,1,1,PRE_COVID_COHORT;MULTIPLE_OPERATORS
41013,Crook County,OR,2022,53812.0,1174628.0,74969.0,7.9,20.9,8.387913911341961,4.1,47.0,9.865326471347062,,,7433.0,521485715.0,70161.0,,870.0,5.1,11182.0,10.258503401360544,152.101,17800.183,treated,1,2011.0,1,11.0,Meta,Meta;Apple,1,1,PRE_COVID_COHORT;MULTIPLE_OPERATORS
41013,Crook County,OR,2023,57877.0,1287902.0,81675.0,9.7,22.5,8.610812812255679,5.3,47.7,,,,7435.0,561609488.0,75535.0,,892.0,,,11.110117184005723,13.037,990.83,treated,1,2011.0,1,12.0,Meta,Meta;Apple,1,1,PRE_COVID_COHORT;MULTIPLE_OPERATORS
41013,Crook County,OR,2024,62128.0,1443018.0,,,,,,,13.765977136869024,,,7535.0,677802447.0,89958.0,,875.0,,,,0.0,0.0,treated,1,2011.0,1,13.0,Meta,Meta;Apple,1,1,PRE_COVID_COHORT;MULTIPLE_OPERATORS
41033,Josephine County,OR,2010,29886.0,2195188.0,38035.0,,16.5,50.14618749958045,11.0,46.4,8.55157507464548,,,22222.0,688491954.0,30983.0,26.0,2233.0,14.1,34633.0,6.024524040012907,0.0,0.0,control,0,,0,0.0,,,1,0,
41033,Josephine County,OR,2011,30715.0,2200709.0,37824.0,,16.8,50.31950100357063,12.6,46.8,9.729982454640972,,,22562.0,704718304.0,31235.0,30.0,2257.0,12.8,34537.0,6.161660039429278,0.0,0.0,control,0,,0,0.0,,,1,0,
41033,Josephine County,OR,2012,31946.0,2220716.0,36699.0,20.0,16.4,50.42934759060665,13.6,47.1,10.38091400788482,,,22541.0,714288252.0,31689.0,32.0,2269.0,12.1,33545.0,6.428644781432924,0.0,0.0,control,0,,0,0.0,,,1,0,
41033,Josephine County,OR,2013,32371.0,2243999.0,37733.0,20.2,17.0,50.51905563668608,15.2,47.5,10.8146884132268,,,22712.0,722860388.0,31827.0,32.0,2201.0,10.9,32423.0,6.241947029348604,0.0,0.0,control,0,,0,0.0,,,1,0,
41033,Josephine County,OR,2014,34073.0,2285479.0,37447.0,19.7,17.3,50.664297235100385,13.7,47.7,11.085967157598136,,,24002.0,788494533.0,32851.0,27.0,2251.0,9.2,32953.0,6.289285456253161,0.0,0.0,control,0,,0,0.0,,,1,0,
41033,Josephine County,OR,2015,35953.0,2441178.0,37665.0,20.1,16.7,50.901077656044706,12.3,47.9,11.152553845851994,,,24966.0,854104510.0,34211.0,29.0,2338.0,7.5,33275.0,5.8165548098434,0.0,0.0,control,0,,0,0.0,,,1,0,
41033,Josephine County,OR,2016,36778.0,2467631.0,37867.0,19.5,17.3,51.30018692227561,10.8,47.9,11.060061447603085,,,25838.0,903390142.0,34963.0,29.0,2435.0,6.4,34195.0,5.397322204833942,0.0,0.0,control,0,,0,0.0,,,1,0,
41033,Josephine County,OR,2017,38707.0,2650085.0,40705.0,18.6,17.6,51.57541364868255,9.0,47.6,11.155491075135773,,,26805.0,962524023.0,35909.0,30.0,2498.0,5.3,34943.0,5.631905146860684,0.0,0.0,control,0,,0,0.0,,,1,0,
41033,Josephine County,OR,2018,40915.0,2764830.0,43046.0,18.6,17.2,52.165533924592765,8.2,47.5,11.136253685956504,,,27669.0,1028238788.0,37163.0,46.0,2612.0,5.4,35334.0,5.76841694065562,0.0,0.0,control,0,,0,0.0,,,1,0,
41033,Josephine County,OR,2019,43707.0,2949509.0,45616.0,18.1,17.5,52.635433213580214,8.6,47.7,10.7934011078427,,,28717.0,1108268295.0,38593.0,63.0,2636.0,4.9,35615.0,5.761604111805577,0.0,0.0,control,0,,0,0.0,,,1,0,
41033,Josephine County,OR,2020,48083.0,2907168.0,47733.0,16.0,18.1,53.151712172649546,7.5,47.5,10.76665337347103,,,27906.0,1161500660.0,41622.0,80.0,2638.0,7.9,36154.0,8.079239893187605,25.507,1383.172,control,0,,0,0.0,,,1,0,
41033,Josephine County,OR,2021,52724.0,3068229.0,51733.0,16.1,18.1,53.5111546157841,7.6,47.1,10.423456161524207,,,28961.0,1278110990.0,44133.0,78.0,2758.0,6.2,36724.0,8.871535752564691,282.895,11366.825,control,0,,0,0.0,,,1,0,
41033,Josephine County,OR,2022,51241.0,2920767.0,56068.0,16.1,18.6,53.699114331379086,8.1,47.4,9.911462121490407,,,29900.0,1365933012.0,45684.0,13.0,2874.0,5.3,36322.0,10.809658658384336,144.926,10991.177,control,0,,0,0.0,,,1,0,
41033,Josephine County,OR,2023,53658.0,2948432.0,59097.0,15.8,19.7,53.7448837426441,7.8,47.5,,,,31017.0,1479631604.0,47703.0,16.0,2915.0,,,11.17968773870268,25.507,662.021,control,0,,0,0.0,,,1,0,
41033,Josephine County,OR,2024,57206.0,3043019.0,,,,,,,14.019639996087252,,,31420.0,1543258499.0,49117.0,17.0,2806.0,,,,0.0,0.0,control,0,,0,0.0,,,1,0,
41035,Klamath County,OR,2010,29459.0,2158469.0,41818.0,,18.1,11.179875149097215,9.5,41.4,8.519934926476406,,,21386.0,709333761.0,33168.0,,1899.0,13.0,31345.0,6.050515427397357,0.0,0.0,control,0,,0,0.0,,,1,0,MINOR_COLO
41035,Klamath County,OR,2011,30073.0,2043221.0,41787.0,,19.4,11.17937094546752,10.8,41.6,9.660434614418666,,,21461.0,717280946.0,33422.0,,1878.0,12.1,31331.0,6.561431585073107,0.0,0.0,control,0,,0,0.0,,,1,0,MINOR_COLO
41035,Klamath County,OR,2012,30883.0,2013045.0,41066.0,18.7,19.5,11.151303610081182,12.5,41.6,10.293402511964134,,,21319.0,725892694.0,34049.0,,1890.0,11.7,30148.0,5.812807881773399,0.0,0.0,control,0,,0,0.0,,,1,0,MINOR_COLO
41035,Klamath County,OR,2013,31363.0,2035677.0,39627.0,18.9,19.7,11.12794217523866,13.8,42.0,10.720444341667104,,,21497.0,742921062.0,34559.0,51.0,1897.0,10.6,29047.0,5.798446016467587,0.0,0.0,control,0,,0,0.0,,,1,0,MINOR_COLO
41035,Klamath County,OR,2014,33436.0,2100555.0,39534.0,18.6,19.6,11.089958835134992,13.1,42.3,10.999080222440003,,,21616.0,768034479.0,35531.0,,1889.0,9.2,28755.0,6.784408309344122,0.0,0.0,control,0,,0,0.0,,,1,0,MINOR_COLO
41035,Klamath County,OR,2015,35123.0,2192516.0,40336.0,19.3,19.7,11.08777395273965,12.4,42.5,11.072207115533416,,,22138.0,808691780.0,36530.0,,1947.0,7.6,28664.0,5.7194555896467625,0.0,0.0,control,0,,0,0.0,,,1,0,MINOR_COLO
41035,Klamath County,OR,2016,36434.0,2280101.0,41951.0,18.6,18.9,11.083404187948965,11.3,42.6,10.988535053839966,,,22649.0,834221732.0,36833.0,52.0,1983.0,6.6,29144.0,5.774018891040588,0.0,0.0,control,0,,0,0.0,,,1,0,MINOR_COLO
41035,Klamath County,OR,2017,37786.0,2285268.0,42531.0,18.7,18.9,11.095505075061634,9.1,42.6,11.078552215445711,,,23114.0,883698079.0,38232.0,53.0,2047.0,5.8,29352.0,5.988906559093906,0.0,0.0,control,0,,0,0.0,,,1,0,MINOR_COLO
41035,Klamath County,OR,2018,39260.0,2343100.0,43522.0,20.3,19.4,11.144580895018589,8.7,42.4,11.068366785953936,,,23277.0,915111450.0,39315.0,51.0,2143.0,6.2,29313.0,5.734668138104998,0.0,0.0,control,0,,0,0.0,,,1,0,MINOR_COLO
41035,Klamath County,OR,2019,39921.0,2394334.0,46491.0,19.5,20.0,11.24727036759974,8.1,42.2,10.73563084453152,,,23261.0,933641239.0,40138.0,52.0,2209.0,6.1,29285.0,5.523744083066117,0.0,0.0,control,0,,0,0.0,,,1,0,MINOR_COLO
41035,Klamath County,OR,2020,43379.0,2371639.0,48560.0,19.6,21.2,11.362396863046698,7.5,42.0,10.71130338369474,,,22201.0,954857691.0,43010.0,50.0,2247.0,8.7,29565.0,5.655188003918318,26.897,2854.112,control,0,,0,0.0,,,1,0,MINOR_COLO
41035,Klamath County,OR,2021,47763.0,2493499.0,50790.0,19.1,21.1,11.579708627445116,7.4,41.4,10.374090594116549,,,22525.0,1032549386.0,45841.0,49.0,2338.0,6.7,29828.0,7.125051158983518,225.639,11186.324,control,0,,0,0.0,,,1,0,MINOR_COLO
41035,Klamath County,OR,2022,48435.0,2441816.0,57219.0,17.8,20.8,11.68172582852001,7.6,41.1,9.884074744699092,,,23411.0,1132672699.0,48382.0,48.0,2441.0,5.7,30074.0,7.213958170227044,124.027,12132.216,control,0,,0,0.0,,,1,0,MINOR_COLO
41035,Klamath County,OR,2023,51149.0,2591256.0,59353.0,18.3,21.5,11.73315459874887,7.9,41.3,,,,23665.0,1195736160.0,50527.0,49.0,2480.0,,,8.303695106884804,4.483,760.598,control,0,,0,0.0,,,1,0,MINOR_COLO
41035,Klamath County,OR,2024,54476.0,2753034.0,,,,,,,13.904785830309027,,,23856.0,1281967390.0,53739.0,,2382.0,,,,0.0,0.0,control,0,,0,0.0,,,1,0,MINOR_COLO
41041,Lincoln County,OR,2010,33723.0,1813737.0,39738.0,,23.8,46.74601572709795,8.0,49.0,8.496980778859069,,,17202.0,516374355.0,30018.0,,1812.0,11.1,22207.0,3.2119256185646226,0.0,0.0,control,0,,0,0.0,,,1,0,
41041,Lincoln County,OR,2011,34793.0,1814884.0,41764.0,,24.4,46.82348911600825,9.7,49.4,9.569032817420185,,,17064.0,528390446.0,30965.0,,1826.0,10.5,21966.0,4.3273461359283605,0.0,0.0,control,0,,0,0.0,,,1,0,
41041,Lincoln County,OR,2012,35695.0,1759249.0,41996.0,16.0,24.0,46.88363293108335,10.1,49.6,10.167601607303691,,,17118.0,544698177.0,31820.0,,1801.0,9.9,21465.0,4.723848307457368,0.0,0.0,control,0,,0,0.0,,,1,0,
41041,Lincoln County,OR,2013,35790.0,1755122.0,42365.0,16.0,24.4,46.96314509338602,10.3,49.8,10.565236873853705,,,17313.0,561327458.0,32422.0,,1773.0,8.7,20755.0,4.864560397357776,0.0,0.0,control,0,,0,0.0,,,1,0,
41041,Lincoln County,OR,2014,37545.0,1776078.0,42429.0,17.1,24.3,47.03246338872681,9.2,50.1,10.846631176494451,,,17430.0,580478006.0,33303.0,,1793.0,7.7,20670.0,5.619903391679219,0.0,0.0,control,0,,0,0.0,,,1,0,
41041,Lincoln County,OR,2015,39106.0,1798423.0,42101.0,16.9,23.7,47.24551520823013,7.9,50.4,10.94477564728784,,,17680.0,611771771.0,34603.0,,1822.0,6.5,20529.0,6.229645971215464,0.0,0.0,control,0,,0,0.0,,,1,0,
41041,Lincoln County,OR,2016,39920.0,1836786.0,41303.0,18.6,23.0,47.5900679115417,6.6,50.7,10.900844538996427,,,17972.0,638326592.0,35519.0,,1847.0,5.5,20843.0,6.041454662310535,0.0,0.0,control,0,,0,0.0,,,1,0,
41041,Lincoln County,OR,2017,41416.0,1928285.0,43291.0,18.4,24.1,48.2241264365707,6.5,50.9,10.993348348635564,,,18335.0,673674402.0,36742.0,,1884.0,4.7,20957.0,6.772778950787721,0.0,0.0,control,0,,0,0.0,,,1,0,
41041,Lincoln County,OR,2018,43825.0,1996663.0,46061.0,16.7,24.1,48.809254400182674,6.0,51.3,11.0152727890196,,,18515.0,714829642.0,38607.0,,1916.0,4.7,20884.0,6.429136975455266,0.0,0.0,control,0,,0,0.0,,,1,0,
41041,Lincoln County,OR,2019,45153.0,1937833.0,47882.0,16.3,24.9,49.48816593984395,6.1,51.6,10.735516745284189,,,18743.0,741080330.0,39540.0,,1958.0,4.3,20724.0,6.709043320335452,0.0,0.0,control,0,,0,0.0,,,1,0,
41041,Lincoln County,OR,2020,49129.0,1921331.0,50775.0,15.8,27.7,50.29246204313637,7.1,51.8,10.717429030052417,,,16720.0,708800509.0,42393.0,,1993.0,10.8,20773.0,8.822294531332004,35.018,1812.676,control,0,,0,0.0,,,1,0,
41041,Lincoln County,OR,2021,54659.0,1998582.0,54961.0,13.8,28.6,50.83273699211607,7.0,51.6,10.413156732180187,,,17512.0,806593678.0,46059.0,,2050.0,6.7,21111.0,10.523345305284762,84.454,6251.674,control,0,,0,0.0,,,1,0,
41041,Lincoln County,OR,2022,55198.0,2016512.0,57794.0,14.7,28.9,51.3098099659321,7.7,52.4,9.968896405356722,,,17974.0,863223076.0,48027.0,,2127.0,4.9,20917.0,11.76800366953774,105.053,10488.805,control,0,,0,0.0,,,1,0,
41041,Lincoln County,OR,2023,58675.0,2083006.0,61314.0,15.7,28.8,51.61358720139615,7.9,52.5,,,,18547.0,904204212.0,48752.0,,2180.0,,,13.5450119133948,8.239,776.567,control,0,,0,0.0,,,1,0,
41041,Lincoln County,OR,2024,61973.0,2128651.0,,,,,,,13.804154904822964,,,18607.0,946814277.0,50886.0,,2097.0,,,,0.0,0.0,control,0,,0,0.0,,,1,0,
41045,Malheur County,OR,2010,22720.0,944295.0,39144.0,,13.8,3.168175442038652,10.3,36.0,7.676840086054708,,,12619.0,368507525.0,29204.0,,952.0,9.7,13521.0,7.041745559462627,0.0,0.0,control,0,,0,0.0,,,1,0,
41045,Malheur County,OR,2011,23365.0,926348.0,39013.0,,14.2,3.1635232020356585,12.3,36.0,8.12710977908961,,,12529.0,378734686.0,30228.0,,939.0,9.5,13385.0,6.081020389832031,0.0,0.0,control,0,,0,0.0,,,1,0,
41045,Malheur County,OR,2012,24907.0,903110.0,37191.0,25.0,13.7,3.1409699515863636,12.9,36.2,8.717059226095627,,,12393.0,385972495.0,31144.0,,960.0,9.4,12899.0,6.9232899473829965,0.0,0.0,control,0,,0,0.0,,,1,0,
41045,Malheur County,OR,2013,25696.0,973606.0,35578.0,27.4,13.1,3.124889382880364,14.6,36.6,9.621086513424338,,,12391.0,397490237.0,32079.0,,965.0,8.4,12419.0,6.700151630022744,0.0,0.0,control,0,,0,0.0,,,1,0,
41045,Malheur County,OR,2014,28072.0,1092055.0,34380.0,28.4,13.7,3.1089099498266033,12.9,36.6,9.915993174735094,,,12166.0,401084936.0,32968.0,,982.0,7.8,12107.0,7.224737501204123,0.0,0.0,control,0,,0,0.0,,,1,0,
41045,Malheur County,OR,2015,30249.0,1170797.0,35418.0,25.5,13.8,3.089795311553434,11.2,36.1,9.913648540560278,,,12378.0,416484327.0,33646.0,,1008.0,6.2,11960.0,5.974600731191072,0.0,0.0,control,0,,0,0.0,,,1,0,
41045,Malheur County,OR,2016,29763.0,1231414.0,34720.0,24.8,13.3,3.0820078663310313,9.6,36.4,9.955584368686198,,,12880.0,436054884.0,33854.0,,1021.0,5.4,12445.0,6.40083945435467,0.0,0.0,control,0,,0,0.0,,,1,0,
41045,Malheur County,OR,2017,29582.0,1242988.0,37112.0,25.2,13.2,3.0766476767623647,8.6,36.1,9.8752211505563,,,13006.0,461709043.0,35500.0,,1047.0,4.6,12466.0,5.56916698077648,0.0,0.0,control,0,,0,0.0,,,1,0,
41045,Malheur County,OR,2018,30834.0,1255014.0,42478.0,23.0,13.8,3.0776590332847547,7.7,35.9,10.034414768311986,,,12874.0,465377031.0,36148.0,,1069.0,4.4,12338.0,5.980973909767354,0.0,0.0,control,0,,0,0.0,,,1,0,
41045,Malheur County,OR,2019,32343.0,1265808.0,43313.0,21.8,13.7,3.075737455892214,6.6,36.1,9.406069280894288,,,12909.0,488170546.0,37815.0,,1085.0,4.1,12249.0,5.751477104874446,0.0,0.0,control,0,,0,0.0,,,1,0,
41045,Malheur County,OR,2020,35551.0,1265739.0,44362.0,21.1,14.9,3.097987299384792,6.2,36.1,9.185019244812686,,,12736.0,516981638.0,40591.0,,1110.0,5.3,12594.0,6.079722069848236,164.409,9581.744,control,0,,0,0.0,,,1,0,
41045,Malheur County,OR,2021,39036.0,1192020.0,47906.0,19.4,14.1,3.1668606785595452,6.3,35.8,9.426600859192614,,,12682.0,539877937.0,42570.0,,1144.0,4.4,12724.0,7.490603185967425,144.68,10278.837,control,0,,0,0.0,,,1,0,
41045,Malheur County,OR,2022,39817.0,1231233.0,48371.0,18.9,14.6,3.1896162003133184,6.2,35.9,10.235339084853116,,,12850.0,580438338.0,45170.0,,1184.0,4.1,12695.0,7.714586624539232,98.645,11262.002,control,0,,0,0.0,,,1,0,
41045,Malheur County,OR,2023,40784.0,1200284.0,49902.0,17.8,15.5,3.206101311628274,5.0,36.2,,,,13224.0,611018870.0,46206.0,,1210.0,,,8.559373116335141,6.576,999.605,control,0,,0,0.0,,,1,0,
41045,Malheur County,OR,2024,42974.0,1196776.0,,,,,,,11.29059939074098,,,13488.0,656963555.0,48708.0,,1135.0,,,,0.0,0.0,control,0,,0,0.0,,,1,0,
41049,Morrow County,OR,2010,30895.0,893681.0,43902.0,,11.5,5.4724655496178585,7.4,36.1,8.533583760781093,,,4210.0,160090590.0,38026.0,,294.0,9.4,5748.0,3.919879388326513,0.0,0.0,treated,1,2011.0,0,0.0,AWS,AWS,1,1,PRE_COVID_COHORT
41049,Morrow County,OR,2011,31514.0,724015.0,46110.0,,10.7,5.4700031371135305,10.7,36.6,9.677405415717963,,,4376.0,172429728.0,39401.0,,300.0,8.3,5798.0,4.098360655737705,0.0,0.0,treated,1,2011.0,1,0.0,AWS,AWS,1,1,PRE_COVID_COHORT
41049,Morrow County,OR,2012,34924.0,792649.0,48457.0,15.5,11.1,5.489209954647286,10.8,36.6,10.31411623159777,,,4421.0,179934106.0,40698.0,,306.0,8.1,5675.0,3.6296457291893063,0.0,0.0,treated,1,2011.0,1,1.0,AWS,AWS,1,1,PRE_COVID_COHORT
41049,Morrow County,OR,2013,39291.0,950516.0,49940.0,18.0,9.7,5.5246686947096055,10.1,36.9,10.740035027046316,,,4746.0,197665260.0,41652.0,,314.0,7.6,5571.0,3.2388663967611335,0.0,0.0,treated,1,2011.0,1,2.0,AWS,AWS,1,1,PRE_COVID_COHORT
41049,Morrow County,OR,2014,43374.0,1167932.0,50443.0,19.3,10.2,5.52417621220874,10.7,37.3,11.020886549755602,,,5259.0,232288181.0,44171.0,,318.0,6.8,5510.0,4.509340777324458,0.0,0.0,treated,1,2011.0,1,3.0,AWS,AWS,1,1,PRE_COVID_COHORT
41049,Morrow County,OR,2015,44762.0,1171379.0,50918.0,16.5,10.5,5.517773939697488,8.6,37.4,11.087618165204574,,,5682.0,283118583.0,49826.0,,329.0,5.6,5545.0,6.702127659574468,0.0,0.0,treated,1,2011.0,1,4.0,AWS,AWS,1,1,PRE_COVID_COHORT
41049,Morrow County,OR,2016,44115.0,1309582.0,54441.0,15.2,10.0,5.519251387200084,5.9,37.4,11.002869493602276,,,5726.0,293983829.0,51344.0,,339.0,4.8,5753.0,6.1086451067427605,0.0,0.0,treated,1,2011.0,1,5.0,AWS,AWS,1,1,PRE_COVID_COHORT
41049,Morrow County,OR,2017,41080.0,1380636.0,54386.0,14.7,9.8,5.492657332153345,4.8,39.2,11.09273618894122,,,5868.0,294605714.0,50210.0,,347.0,4.4,5720.0,5.952634947727757,0.0,0.0,treated,1,2011.0,1,6.0,AWS,AWS,1,1,PRE_COVID_COHORT
41049,Morrow County,OR,2018,43845.0,1393260.0,55440.0,15.5,10.9,5.523191247207008,4.5,38.4,11.071693074832224,,,6245.0,331469334.0,53078.0,,355.0,4.2,5690.0,5.407725321888412,0.0,0.0,treated,1,2011.0,1,7.0,AWS,AWS,1,1,PRE_COVID_COHORT
41049,Morrow County,OR,2019,46078.0,1479277.0,54269.0,14.5,9.0,5.566529707283176,5.0,38.9,10.738336312949569,,,6172.0,331863986.0,53766.0,,369.0,4.1,5733.0,5.001050640890943,0.0,0.0,treated,1,2011.0,1,8.0,AWS,AWS,1,1,PRE_COVID_COHORT
41049,Morrow County,OR,2020,50360.0,1391250.0,56572.0,15.1,9.1,5.626612572388772,3.6,38.3,10.72462297479058,,,5943.0,359947312.0,60566.0,,373.0,5.2,5761.0,2.7417640807651433,70.778,7210.475,treated,1,2011.0,1,9.0,AWS,AWS,1,1,PRE_COVID_COHORT
41049,Morrow County,OR,2021,53780.0,1335780.0,61659.0,14.8,10.4,5.892060640355297,3.5,37.8,10.388050702687712,,,6043.0,361319658.0,59787.0,,382.0,4.6,5940.0,3.957131079967024,150.403,10917.456,treated,1,2011.0,1,10.0,AWS,AWS,1,1,PRE_COVID_COHORT
41049,Morrow County,OR,2022,59976.0,1410077.0,64975.0,16.7,11.3,5.978737560507631,3.2,37.0,9.892767940579631,,,6424.0,408318811.0,63566.0,,405.0,3.9,5984.0,5.0,106.167,11227.108,treated,1,2011.0,1,11.0,AWS,AWS,1,1,PRE_COVID_COHORT
41049,Morrow County,OR,2023,60303.0,1564033.0,70217.0,14.2,9.8,6.0324181531019745,3.0,36.2,,,,6654.0,456074510.0,68547.0,,425.0,,,4.39406099518459,0.0,831.638,treated,1,2011.0,1,12.0,AWS,AWS,1,1,PRE_COVID_COHORT
41049,Morrow County,OR,2024,60097.0,1737025.0,,,,,,,13.92551560479221,,,6978.0,498327775.0,71417.0,,412.0,,,,0.0,0.0,treated,1,2011.0,1,13.0,AWS,AWS,1,1,PRE_COVID_COHORT
41053,Polk County,OR,2010,31981.0,1666600.0,50975.0,,28.1,99.53112599942774,7.9,37.2,9.44399256814984,,,16979.0,516086021.0,30396.0,,1587.0,9.8,36523.0,6.064817739591889,0.0,0.0,control,0,,0,0.0,,,1,0,
41053,Polk County,OR,2011,32380.0,1666176.0,52865.0,,28.2,100.86594576501774,8.7,37.7,10.307516829754432,,,16916.0,529211276.0,31285.0,,1609.0,9.4,36331.0,5.71156289707751,0.0,0.0,control,0,,0,0.0,,,1,0,
41053,Polk County,OR,2012,33274.0,1712935.0,52365.0,14.6,28.5,101.82960735514034,9.9,37.4,10.523743924317396,,,17100.0,536269238.0,31361.0,,1641.0,8.9,35430.0,5.814889984214426,0.0,0.0,control,0,,0,0.0,,,1,0,
41053,Polk County,OR,2013,34048.0,1728927.0,52808.0,16.5,29.0,102.48014641177772,11.3,37.5,10.536146814818862,,,17184.0,551637167.0,32102.0,,1645.0,8.0,34944.0,6.101433933211433,0.0,0.0,control,0,,0,0.0,,,1,0,
41053,Polk County,OR,2014,35172.0,1696375.0,51880.0,17.0,28.9,103.20086810523075,12.8,37.4,11.18326469431858,,,17980.0,594307074.0,33053.0,5.0,1702.0,6.7,35729.0,6.567522032141006,0.0,0.0,control,0,,0,0.0,,,1,0,
41053,Polk County,OR,2015,37203.0,1769369.0,52821.0,16.3,29.4,104.28060097931773,10.8,37.4,11.315102833481523,,,18985.0,643514681.0,33896.0,4.0,1802.0,5.5,36607.0,6.016143161056188,0.0,0.0,control,0,,0,0.0,,,1,0,
41053,Polk County,OR,2016,37764.0,1791857.0,54010.0,15.5,29.8,105.9082982870038,9.8,37.3,11.208234889571528,,,19630.0,691853344.0,35245.0,3.0,1871.0,5.0,38236.0,6.498359460444768,0.0,0.0,control,0,,0,0.0,,,1,0,
41053,Polk County,OR,2017,38972.0,1936051.0,56032.0,15.4,30.6,107.5224989337638,8.3,37.3,11.254785999933697,,,20289.0,736072782.0,36280.0,3.0,1928.0,4.3,39063.0,6.702389318341532,0.0,0.0,control,0,,0,0.0,,,1,0,
41053,Polk County,OR,2018,40731.0,2024409.0,58344.0,14.1,30.1,109.89926092284767,7.5,37.1,11.597244776928584,,,20442.0,774796846.0,37903.0,3.0,1995.0,4.2,39355.0,7.182304794811521,0.0,0.0,control,0,,0,0.0,,,1,0,
41053,Polk County,OR,2019,42856.0,2086554.0,62691.0,12.6,31.0,112.07222333194768,6.4,37.0,11.63925273853303,,,20977.0,819782027.0,39080.0,5.0,2063.0,4.0,39949.0,6.437954619476713,0.0,0.0,control,0,,0,0.0,,,1,0,
41053,Polk County,OR,2020,45826.0,2001105.0,65665.0,12.1,30.5,114.35720802673418,5.6,37.0,11.771168946034274,,,20146.0,847526390.0,42070.0,,2170.0,6.5,40708.0,9.969876334425535,36.128,2380.866,control,0,,0,0.0,,,1,0,
41053,Polk County,OR,2021,51078.0,2154472.0,70238.0,12.0,30.8,116.53961809848244,5.3,37.1,12.070948138762054,,,20647.0,940840610.0,45567.0,6.0,2264.0,4.8,41901.0,13.029465930018416,97.547,8285.463,control,0,,0,0.0,,,1,0,
41053,Polk County,OR,2022,51314.0,2141422.0,77353.0,11.9,31.0,118.23074971252112,5.3,37.1,12.118777267863043,,,21415.0,1009800293.0,47154.0,3.0,2401.0,4.0,42362.0,14.25671103090458,59.01,13378.373,control,0,,0,0.0,,,1,0,
41053,Polk County,OR,2023,54017.0,2220539.0,81318.0,12.2,30.6,119.5169814987772,5.2,37.6,,,,21709.0,1072096537.0,49385.0,6.0,2463.0,,,15.965436688352463,10.839,827.342,control,0,,0,0.0,,,1,0,
41053,Polk County,OR,2024,57251.0,2457746.0,,,,,,,16.413117756547216,,,21937.0,1146485820.0,52263.0,8.0,2330.0,,,,0.0,0.0,control,0,,0,0.0,,,1,0,
41057,Tillamook County,OR,2010,32580.0,918101.0,39412.0,,20.0,22.859859085297213,6.8,47.4,8.562109802497046,,,8464.0,263061186.0,31081.0,,913.0,10.5,11814.0,6.484517304189436,0.0,0.0,control,0,,0,0.0,,,1,0,
41057,Tillamook County,OR,2011,33182.0,874769.0,41400.0,,19.3,22.9043088112964,7.5,47.7,9.689394281132977,,,8332.0,264993229.0,31803.0,,912.0,10.0,11661.0,5.000956205775483,0.0,0.0,control,0,,0,0.0,,,1,0,
41057,Tillamook County,OR,2012,34141.0,861979.0,41869.0,17.2,20.3,22.908844497622848,7.8,47.9,10.305568290272213,,,8224.0,265620859.0,32297.0,,908.0,9.7,11232.0,4.75963826749167,0.0,0.0,control,0,,0,0.0,,,1,0,
41057,Tillamook County,OR,2013,34589.0,904114.0,43676.0,16.1,20.7,22.95057281182617,9.0,48.2,10.73490095053464,,,8466.0,276784678.0,32692.0,,913.0,8.3,11002.0,5.5027711797308,0.0,0.0,control,0,,0,0.0,,,1,0,
41057,Tillamook County,OR,2014,37462.0,1021638.0,43037.0,17.6,19.5,22.981415478846017,9.3,48.2,11.00743290429566,,,8709.0,295902846.0,33978.0,,929.0,6.8,11231.0,5.165439269785292,0.0,0.0,control,0,,0,0.0,,,1,0,
41057,Tillamook County,OR,2015,38750.0,985401.0,42581.0,17.4,21.0,23.068500656313812,7.8,48.0,11.091088197823774,,,9119.0,322279646.0,35342.0,,970.0,5.5,11396.0,4.954860382112114,0.0,0.0,control,0,,0,0.0,,,1,0,
41057,Tillamook County,OR,2016,40245.0,1044400.0,43777.0,15.4,20.9,23.179171402679145,7.4,48.1,11.008516256521771,,,9306.0,343495288.0,36912.0,,978.0,4.8,11612.0,5.084920226453937,0.0,0.0,control,0,,0,0.0,,,1,0,
41057,Tillamook County,OR,2017,42400.0,1179185.0,45061.0,15.5,20.7,23.440426935082534,5.5,48.0,11.0859782597462,,,9411.0,361794414.0,38444.0,,977.0,4.2,11674.0,5.753646677471637,0.0,0.0,control,0,,0,0.0,,,1,0,
41057,Tillamook County,OR,2018,43427.0,1202290.0,47500.0,15.0,21.0,23.654511329690877,4.8,48.0,11.076607721657696,,,9653.0,378820671.0,39245.0,,988.0,4.2,11752.0,5.082080015727907,0.0,0.0,control,0,,0,0.0,,,1,0,
41057,Tillamook County,OR,2019,44604.0,1192181.0,49895.0,13.1,21.8,23.938445293726513,5.1,48.1,10.819281202410156,,,9810.0,400066482.0,40780.0,,1003.0,3.8,11832.0,5.561033326760008,0.0,0.0,control,0,,0,0.0,,,1,0,
41057,Tillamook County,OR,2020,49854.0,1254265.0,54268.0,11.8,21.4,24.294950238985315,4.7,48.6,10.740155373936236,,,9115.0,406530159.0,44600.0,,1027.0,8.0,11875.0,6.556914393226717,0.0,1167.153,control,0,,0,0.0,,,1,0,
41057,Tillamook County,OR,2021,54701.0,1204989.0,55730.0,13.6,22.4,24.609726870040795,4.8,47.7,10.422758260919842,,,9536.0,449653439.0,47151.0,,1077.0,5.4,12144.0,8.542525290370925,185.683,7859.335,control,0,,0,0.0,,,1,0,
41057,Tillamook County,OR,2022,57893.0,1151018.0,63098.0,12.5,23.8,24.805668519343342,5.2,48.7,9.93609385296907,,,9827.0,483559153.0,49208.0,,1117.0,4.2,12121.0,11.293023255813951,98.526,9534.276,control,0,,0,0.0,,,1,0,
41057,Tillamook County,OR,2023,61734.0,1147160.0,66551.0,12.0,25.1,24.91996781476983,5.0,48.9,,,,10051.0,509307587.0,50670.0,,1154.0,,,15.812835213611985,15.158,541.892,control,0,,0,0.0,,,1,0,
41057,Tillamook County,OR,2024,64662.0,1128481.0,,,,,,,13.941652764200072,,,9886.0,517798113.0,52379.0,,1090.0,,,,0.0,0.0,control,0,,0,0.0,,,1,0,
41059,Umatilla County,OR,2010,30165.0,3360427.0,45861.0,,14.6,23.26394331365334,9.7,35.6,8.500244123937138,,,28852.0,983263849.0,34080.0,,1947.0,10.4,36828.0,2.9635575533793546,0.0,0.0,treated,1,2017.0,0,0.0,AWS,AWS,1,1,PRE_COVID_COHORT
41059,Umatilla County,OR,2011,31082.0,3453507.0,45911.0,,15.6,23.431882586812165,9.5,35.7,9.62356661380046,,,29268.0,1011210315.0,34551.0,,1973.0,9.6,37422.0,3.6805773454659554,0.0,0.0,treated,1,2017.0,0,0.0,AWS,AWS,1,1,PRE_COVID_COHORT
41059,Umatilla County,OR,2012,31629.0,3219556.0,48452.0,15.5,14.8,23.58800391111907,9.7,35.7,10.25111457574875,,,29678.0,1050205014.0,35386.0,,1992.0,9.1,36889.0,3.475767315812693,0.0,0.0,treated,1,2017.0,0,0.0,AWS,AWS,1,1,PRE_COVID_COHORT
41059,Umatilla County,OR,2013,31525.0,3134908.0,48389.0,16.5,15.5,23.731063291958073,10.9,35.7,10.669678288361522,,,29261.0,1041778030.0,35603.0,,2000.0,8.7,35468.0,3.4560215640342715,0.0,0.0,treated,1,2017.0,0,0.0,AWS,AWS,1,1,PRE_COVID_COHORT
41059,Umatilla County,OR,2014,33234.0,3069926.0,47185.0,17.1,15.8,23.836491835663335,10.1,35.9,10.950967107762684,,,29237.0,1076201325.0,36810.0,21.0,2060.0,7.6,35488.0,3.139606098700964,0.0,0.0,treated,1,2017.0,0,0.0,AWS,AWS,1,1,PRE_COVID_COHORT
41059,Umatilla County,OR,2015,34805.0,3037611.0,48101.0,17.6,16.3,23.865414710485133,9.4,36.0,11.025676286670397,,,29548.0,1089031669.0,36857.0,21.0,2205.0,6.2,35260.0,3.084653056032564,0.0,0.0,treated,1,2017.0,0,0.0,AWS,AWS,1,1,PRE_COVID_COHORT
41059,Umatilla County,OR,2016,36114.0,3286587.0,49287.0,18.0,15.6,23.816898920461472,9.1,35.9,10.950117360336645,,,30435.0,1139950476.0,37455.0,21.0,2192.0,5.2,35921.0,2.885700467515718,0.0,0.0,treated,1,2017.0,0,0.0,AWS,AWS,1,1,PRE_COVID_COHORT
41059,Umatilla County,OR,2017,36569.0,3145790.0,50071.0,17.8,15.9,23.86479271317714,8.3,36.1,11.040812665299136,,,30902.0,1194130461.0,38642.0,21.0,2201.0,4.7,36464.0,2.98230456625388,0.0,0.0,treated,1,2017.0,1,0.0,AWS,AWS,1,1,PRE_COVID_COHORT
41059,Umatilla County,OR,2018,38675.0,3309106.0,51887.0,18.1,16.2,23.915174495124788,7.9,36.3,11.023792102758016,,,30897.0,1243203811.0,40238.0,20.0,2271.0,4.8,36238.0,3.307491898074601,0.0,0.0,treated,1,2017.0,1,1.0,AWS,AWS,1,1,PRE_COVID_COHORT
41059,Umatilla County,OR,2019,40027.0,3374455.0,54699.0,17.9,17.2,23.987015184198285,7.2,36.5,10.69924101513,,,31532.0,1311008507.0,41577.0,19.0,2308.0,4.8,36535.0,2.8559694183805644,0.0,0.0,treated,1,2017.0,1,2.0,AWS,AWS,1,1,PRE_COVID_COHORT
41059,Umatilla County,OR,2020,45143.0,3375394.0,57973.0,14.3,17.5,24.046104928457872,6.9,36.7,10.72473904508956,,,30392.0,1369322042.0,45055.0,18.0,2358.0,6.8,36908.0,3.547105561861521,73.902,7312.425,treated,1,2017.0,1,3.0,AWS,AWS,1,1,PRE_COVID_COHORT
41059,Umatilla County,OR,2021,49178.0,3445554.0,63123.0,12.8,18.2,24.72719198071311,6.4,36.8,10.388182624941695,,,30956.0,1483077872.0,47909.0,18.0,2452.0,5.2,37544.0,4.761613317828508,168.549,12996.409,treated,1,2017.0,1,4.0,AWS,AWS,1,1,PRE_COVID_COHORT
41059,Umatilla County,OR,2022,50689.0,3539354.0,70322.0,11.7,18.2,24.85003644904225,6.7,36.9,9.892951833720216,,,31777.0,1611313307.0,50708.0,20.0,2539.0,4.3,37918.0,5.001501050735515,79.088,13264.79,treated,1,2017.0,1,5.0,AWS,AWS,1,1,PRE_COVID_COHORT
41059,Umatilla County,OR,2023,54031.0,3706412.0,68958.0,12.6,18.0,24.90694920272385,5.4,36.7,,,,33486.0,1751746914.0,52313.0,18.0,2628.0,,,5.5972028800853355,6.483,933.501,treated,1,2017.0,1,6.0,AWS,AWS,1,1,PRE_COVID_COHORT
41059,Umatilla County,OR,2024,55991.0,3509938.0,,,,,,,13.925438461715489,,,33030.0,1836267371.0,55594.0,17.0,2534.0,,,,0.0,0.0,treated,1,2017.0,1,7.0,AWS,AWS,1,1,PRE_COVID_COHORT
41061,Union County,OR,2010,30596.0,859775.0,42162.0,,20.3,12.456423627390288,7.7,40.1,7.815486112864357,,,9485.0,290469419.0,30623.0,,888.0,10.4,12534.0,5.61807950626248,0.0,0.0,control,0,,0,0.0,,,1,0,
41061,Union County,OR,2011,31855.0,884883.0,40974.0,,21.7,12.554610074616791,7.8,40.2,7.973920141275198,,,9381.0,297746200.0,31740.0,,889.0,10.1,12471.0,6.392651697903136,0.0,0.0,control,0,,0,0.0,,,1,0,
41061,Union County,OR,2012,32667.0,903924.0,41784.0,17.2,21.5,12.602230501521644,8.4,40.1,8.46554044198375,,,9412.0,310937147.0,33035.0,,892.0,9.4,12281.0,6.932263481992909,0.0,0.0,control,0,,0,0.0,,,1,0,
41061,Union County,OR,2013,33738.0,920922.0,42542.0,18.6,22.5,12.637086690287052,9.3,39.9,8.524839149473653,,,9482.0,320936216.0,33846.0,,897.0,8.3,11819.0,7.069943289224953,0.0,0.0,control,0,,0,0.0,,,1,0,
41061,Union County,OR,2014,35067.0,893130.0,43265.0,18.8,22.7,12.63463202910639,8.3,40.1,8.96864899137171,,,9656.0,337420133.0,34945.0,,919.0,7.1,11659.0,6.433579685427326,0.0,0.0,control,0,,0,0.0,,,1,0,
41061,Union County,OR,2015,36518.0,915290.0,43822.0,18.6,23.2,12.639050419231582,7.1,40.0,9.055345894389603,,,9830.0,356506294.0,36268.0,,957.0,6.0,11708.0,5.812453942520265,0.0,0.0,control,0,,0,0.0,,,1,0,
41061,Union County,OR,2016,36961.0,922084.0,45564.0,18.6,23.3,12.645432538301304,6.6,39.7,9.35149054050528,,,9976.0,363586825.0,36445.0,,965.0,5.8,11944.0,5.868372943327239,0.0,0.0,control,0,,0,0.0,,,1,0,
41061,Union County,OR,2017,37996.0,945670.0,46228.0,17.4,24.0,12.670961014580197,6.5,39.8,9.066894898388709,,,10066.0,383459589.0,38095.0,,980.0,5.2,11894.0,5.011867810845353,0.0,0.0,control,0,,0,0.0,,,1,0,
41061,Union County,OR,2018,40225.0,969373.0,48617.0,15.9,24.8,12.777984242057084,6.4,39.6,9.368689010942544,,,10173.0,415352754.0,40831.0,,998.0,5.2,11854.0,5.612338017886476,0.0,0.0,control,0,,0,0.0,,,1,0,
41061,Union County,OR,2019,41679.0,978973.0,52171.0,13.9,24.5,12.929682303022032,5.9,40.2,9.461914572053365,,,10269.0,414387425.0,40355.0,,1020.0,4.8,11935.0,6.106061942998323,0.0,0.0,control,0,,0,0.0,,,1,0,
41061,Union County,OR,2020,45976.0,968742.0,53940.0,13.9,24.2,13.010686121983897,5.4,40.0,9.725797683974973,,,9833.0,415911134.0,42297.0,,1019.0,7.9,12031.0,5.587198264171413,53.157,3721.001,control,0,,0,0.0,,,1,0,
41061,Union County,OR,2021,49407.0,1014317.0,55227.0,14.2,24.2,12.889425859659164,6.3,40.0,9.872765814999266,,,10101.0,458319084.0,45375.0,,1034.0,5.6,12194.0,6.797515080579815,189.847,9674.602,control,0,,0,0.0,,,1,0,
41061,Union County,OR,2022,50154.0,1021799.0,61946.0,15.2,23.8,12.904644758979272,6.3,39.7,9.739972681549938,,,10309.0,492841560.0,47807.0,,1066.0,4.5,12089.0,7.22753007784855,113.908,8478.566,control,0,,0,0.0,,,1,0,
41061,Union County,OR,2023,53785.0,1061864.0,64212.0,15.8,24.9,12.858497128782815,5.6,40.1,,,,10512.0,530509262.0,50465.0,,1077.0,,,6.833493743984601,7.594,372.1,control,0,,0,0.0,,,1,0,
41061,Union County,OR,2024,56198.0,1057169.0,,,,,,,9.999566781398649,,,10486.0,548904268.0,52345.0,,1047.0,,,,0.0,0.0,control,0,,0,0.0,,,1,0,
41065,Wasco County,OR,2010,33282.0,1225393.0,42133.0,,21.5,10.37110018075406,8.9,42.1,8.483657822590708,,,10673.0,334190824.0,31312.0,,916.0,9.6,13734.0,10.068435361394956,0.0,0.0,treated,1,2006.0,1,4.0,Google,Google,0,1,ALWAYS_TREATED
41065,Wasco County,OR,2011,35838.0,1532628.0,43742.0,,21.2,10.461393217355075,6.9,41.4,9.562573401584968,,,10873.0,354102460.0,32567.0,,926.0,8.9,13916.0,15.997467896545489,0.0,0.0,treated,1,2006.0,1,5.0,Google,Google,0,1,ALWAYS_TREATED
41065,Wasco County,OR,2012,35564.0,1307575.0,43601.0,19.3,20.6,10.546646642610922,8.4,41.8,10.17336559383418,,,11162.0,368341233.0,33000.0,,941.0,8.4,13880.0,14.949888641425389,0.0,0.0,treated,1,2006.0,1,6.0,Google,Google,0,1,ALWAYS_TREATED
41065,Wasco County,OR,2013,35607.0,1599862.0,43765.0,18.2,20.1,10.617201201443343,10.8,41.4,10.576177019136733,,,11568.0,381248809.0,32958.0,,936.0,7.5,13789.0,11.935176358436609,0.0,0.0,treated,1,2006.0,1,7.0,Google,Google,0,1,ALWAYS_TREATED
41065,Wasco County,OR,2014,36989.0,1786173.0,43226.0,16.9,18.7,10.661717768325708,10.6,41.8,10.855679323319066,,,11605.0,400730402.0,34530.0,,947.0,6.4,13655.0,7.846750727449079,0.0,0.0,treated,1,2006.0,1,8.0,Google,Google,0,1,ALWAYS_TREATED
41065,Wasco County,OR,2015,38839.0,1704033.0,43422.0,16.1,18.7,10.705814367595972,9.0,41.0,10.942125560772896,,,11299.0,412398532.0,36499.0,,1009.0,5.5,13032.0,7.504428078679966,0.0,0.0,treated,1,2006.0,1,9.0,Google,Google,0,1,ALWAYS_TREATED
41065,Wasco County,OR,2016,40015.0,1321180.0,46814.0,14.5,18.6,10.7751090235921,7.2,41.6,10.862429527031116,,,11889.0,452524104.0,38063.0,,1017.0,4.7,13655.0,8.031467252103916,0.0,0.0,treated,1,2006.0,1,10.0,Google,Google,0,1,ALWAYS_TREATED
41065,Wasco County,OR,2017,40665.0,1323922.0,48510.0,13.7,19.8,10.787708051955033,6.5,40.9,10.941624247903407,,,12012.0,463325416.0,38572.0,,1034.0,4.1,13716.0,7.936362805156807,0.0,0.0,treated,1,2006.0,1,11.0,Google,Google,0,1,ALWAYS_TREATED
41065,Wasco County,OR,2018,42159.0,1395619.0,50973.0,13.4,20.5,10.862882254520532,4.4,40.9,10.941624996932832,,,11647.0,473779614.0,40679.0,,1060.0,4.1,13250.0,8.148414338334382,0.0,0.0,treated,1,2006.0,1,12.0,Google,Google,0,1,ALWAYS_TREATED
41065,Wasco County,OR,2019,43342.0,1520222.0,53105.0,11.6,19.6,10.97375370411434,4.5,40.8,10.620166843017262,,,11767.0,487466221.0,41427.0,,1068.0,4.1,13332.0,7.505884404149595,0.0,0.0,treated,1,2006.0,1,13.0,Google,Google,0,1,ALWAYS_TREATED
41065,Wasco County,OR,2020,48346.0,1555905.0,54725.0,10.9,20.4,11.034229040256417,6.6,40.2,10.613009566997455,,,11182.0,511000450.0,45697.0,,1090.0,7.1,13468.0,7.682819383259912,84.194,3463.452,treated,1,2006.0,1,14.0,Google,Google,0,1,ALWAYS_TREATED
41065,Wasco County,OR,2021,52861.0,1634069.0,57853.0,9.7,21.0,11.172398384636576,6.8,40.3,10.3008255589912,,,11308.0,568716352.0,50294.0,,1129.0,5.2,13621.0,6.633442172194536,99.502,9249.904,treated,1,2006.0,1,15.0,Google,Google,0,1,ALWAYS_TREATED
41065,Wasco County,OR,2022,53537.0,1735561.0,61316.0,11.7,22.0,11.187517218672095,7.1,40.4,9.822439697339856,,,11346.0,582491144.0,51340.0,,1160.0,4.1,13391.0,7.149649865998098,110.984,12479.908,treated,1,2006.0,1,16.0,Google,Google,0,1,ALWAYS_TREATED
41065,Wasco County,OR,2023,57440.0,1822289.0,63602.0,12.2,21.8,11.172398384636576,7.8,40.5,,,,11405.0,605262342.0,53069.0,,1167.0,,,6.898620275944811,11.481,524.302,treated,1,2006.0,1,17.0,Google,Google,0,1,ALWAYS_TREATED
41065,Wasco County,OR,2024,60127.0,2013069.0,,,,,,,13.66584441724961,,,11501.0,652069219.0,56698.0,,1108.0,,,,0.0,0.0,treated,1,2006.0,1,18.0,Google,Google,0,1,ALWAYS_TREATED
41071,Yamhill County,OR,2010,32739.0,3017774.0,52485.0,,23.0,135.38806216146,8.9,36.5,9.964570544379422,,,30219.0,1042224530.0,34489.0,8.0,2692.0,10.5,51413.0,5.319969159599075,0.0,0.0,control,0,,0,0.0,,,1,0,
41071,Yamhill County,OR,2011,33729.0,3072075.0,53819.0,,22.5,137.29184766363755,9.2,36.7,10.636470423248854,,,30738.0,1081867265.0,35196.0,,2748.0,9.3,51439.0,5.781432530865612,0.0,0.0,control,0,,0,0.0,,,1,0,
41071,Yamhill County,OR,2012,35287.0,3170601.0,53950.0,13.9,22.5,138.44557240670335,9.6,37.1,10.57452701258508,,,31207.0,1112419265.0,35647.0,,2812.0,8.5,50827.0,6.11781437812543,0.0,0.0,control,0,,0,0.0,,,1,0,
41071,Yamhill County,OR,2013,35685.0,3224952.0,54535.0,14.6,22.5,139.39956029957733,10.7,37.7,10.331382405544993,,,32160.0,1172539764.0,36459.0,,2814.0,7.4,49707.0,5.8343326261415,0.0,0.0,control,0,,0,0.0,,,1,0,
41071,Yamhill County,OR,2014,36915.0,3183125.0,53864.0,16.7,22.4,140.3549449536415,10.1,38.0,11.220254369340967,,,33056.0,1251299459.0,37854.0,,2896.0,6.3,50339.0,5.35279805352798,0.0,0.0,control,0,,0,0.0,,,1,0,
41071,Yamhill County,OR,2015,39674.0,3362941.0,53423.0,16.6,23.2,141.23909478700787,9.7,38.2,11.40198326660886,,,34564.0,1348990834.0,39029.0,21.0,3052.0,5.2,50900.0,5.551316732561097,0.0,0.0,control,0,,0,0.0,,,1,0,
41071,Yamhill County,OR,2016,40473.0,3373167.0,54951.0,15.7,24.5,142.7727385737951,8.2,38.1,11.270892624323157,,,34507.0,1360575221.0,39429.0,28.0,3100.0,4.5,53067.0,5.6639738585821915,0.0,0.0,control,0,,0,0.0,,,1,0,
41071,Yamhill County,OR,2017,42560.0,3452939.0,58392.0,13.7,25.4,142.98085599112778,6.6,38.2,11.28251752224468,,,35424.0,1436542895.0,40553.0,13.0,3155.0,3.7,53671.0,5.589047145854035,0.0,0.0,control,0,,0,0.0,,,1,0,
41071,Yamhill County,OR,2018,44871.0,3667901.0,59484.0,13.7,26.5,145.01174676160915,5.4,38.1,11.859968607344324,,,36324.0,1536814698.0,42309.0,18.0,3260.0,3.6,54025.0,5.651142733937042,0.0,0.0,control,0,,0,0.0,,,1,0,
41071,Yamhill County,OR,2019,46966.0,3738770.0,63902.0,12.1,26.9,146.42387232485314,4.1,38.3,12.16821025556694,,,37033.0,1613424274.0,43567.0,18.0,3314.0,3.4,54259.0,5.938840978211057,0.0,0.0,control,0,,0,0.0,,,1,0,
41071,Yamhill County,OR,2020,51040.0,3671680.0,67296.0,11.8,27.3,148.1782043796844,3.3,38.6,12.360501215921412,,,35019.0,1645845134.0,46998.0,,3423.0,6.8,54212.0,7.120484443516392,33.387,2519.293,control,0,,0,0.0,,,1,0,
41071,Yamhill County,OR,2021,56540.0,3900629.0,73409.0,11.5,28.4,149.48696961485706,3.7,39.1,13.06340552135707,,,36332.0,1800714839.0,49563.0,,3592.0,4.7,55266.0,8.601840604475921,116.378,7503.506,control,0,,0,0.0,,,1,0,
41071,Yamhill County,OR,2022,58703.0,3871607.0,80125.0,11.3,29.3,150.39486438845606,4.1,39.4,13.450546661040278,,,37929.0,1979231678.0,52183.0,20.0,3799.0,3.6,56051.0,10.895140664961636,88.714,11176.083,control,0,,0,0.0,,,1,0,
41071,Yamhill County,OR,2023,61581.0,3966591.0,87084.0,10.4,29.2,151.02061340164423,4.5,39.5,,,,38625.0,2076371059.0,53757.0,27.0,3923.0,,,12.362212836097662,37.203,720.207,control,0,,0,0.0,,,1,0,
41071,Yamhill County,OR,2024,64182.0,4012979.0,,,,,,,17.83090176335301,,,39371.0,2165158540.0,54993.0,30.0,3742.0,,,,0.0,0.0,control,0,,0,0.0,,,1,0,
45007,Anderson County,SC,2010,30856.0,5653964.0,42871.0,,18.0,257.32292597646017,9.1,39.2,9.260059053530036,,,55094.0,1837533065.0,33352.0,,3363.0,11.7,85992.0,2.3885002887762306,0.0,0.0,control,0,,0,0.0,,,1,0,MINOR_COLO
45007,Anderson County,SC,2011,31882.0,6001514.0,42854.0,,18.1,260.1022057731693,9.9,39.7,9.73735154687223,,,56604.0,1936846372.0,34217.0,,3343.0,10.2,86285.0,2.41347846760824,0.0,0.0,control,0,,0,0.0,,,1,0,MINOR_COLO
45007,Anderson County,SC,2012,32474.0,6176407.0,42659.0,16.2,18.5,262.27772065436346,10.8,40.0,10.43824704966374,,,57322.0,2001035235.0,34909.0,,3376.0,8.7,85717.0,2.240752399429533,0.0,0.0,control,0,,0,0.0,,,1,0,MINOR_COLO
45007,Anderson County,SC,2013,33096.0,6164222.0,41579.0,16.8,19.3,264.0315806873674,11.2,40.1,10.436483788477537,,,60294.0,2142635600.0,35537.0,,3439.0,6.9,86082.0,2.1747901347042364,0.0,0.0,control,0,,0,0.0,,,1,0,MINOR_COLO
45007,Anderson County,SC,2014,34538.0,6120462.0,41822.0,16.8,19.2,265.828866967195,10.2,40.3,11.155674622231134,,,61144.0,2212652002.0,36187.0,,3458.0,5.8,86680.0,2.3409131879168705,0.0,0.0,control,0,,0,0.0,,,1,0,MINOR_COLO
45007,Anderson County,SC,2015,35787.0,6316864.0,42143.0,16.4,19.5,267.8628963345446,9.2,40.5,11.622997685124492,,,63175.0,2339102254.0,37026.0,3.0,3562.0,5.3,88419.0,2.3545532257253483,0.0,0.0,control,0,,0,0.0,,,1,0,MINOR_COLO
45007,Anderson County,SC,2016,36904.0,6663626.0,43518.0,16.3,20.0,269.9557612621068,8.1,40.5,11.556994742060056,,,64295.0,2432868436.0,37839.0,,3521.0,4.5,88643.0,2.639907750435486,0.0,0.0,control,0,,0,0.0,,,1,0,MINOR_COLO
45007,Anderson County,SC,2017,38198.0,6731779.0,45551.0,15.6,20.8,272.0080016361889,6.7,40.5,11.38604871484154,,,64305.0,2544331597.0,39567.0,4.0,3594.0,3.9,87576.0,2.8081962509563887,0.0,0.0,control,0,,0,0.0,,,1,0,MINOR_COLO
45007,Anderson County,SC,2018,39676.0,7033445.0,47906.0,15.2,21.4,274.5589434254063,5.8,40.7,11.549580053707295,,,65078.0,2625212845.0,40340.0,7.0,3624.0,3.2,88195.0,3.3186276212642283,0.0,0.0,control,0,,0,0.0,,,1,0,MINOR_COLO
45007,Anderson County,SC,2019,41166.0,7275485.0,50865.0,14.6,22.2,277.45729518921235,5.1,40.8,12.02981951178208,,,66525.0,2746719176.0,41289.0,8.0,3770.0,2.6,89409.0,3.4718385296273326,0.0,0.0,control,0,,0,0.0,,,1,0,MINOR_COLO
45007,Anderson County,SC,2020,43458.0,7145415.0,53598.0,13.6,24.1,280.4256892866048,5.5,40.7,12.043945962371792,,,64525.0,2830466308.0,43866.0,23.0,3858.0,5.7,88758.0,3.88777149791566,141.368,6085.912,control,0,,0,0.0,,,1,0,MINOR_COLO
45007,Anderson County,SC,2021,47461.0,7506023.0,56796.0,14.0,24.7,283.2834164969307,5.4,40.7,11.729229288869954,,,66528.0,3061829918.0,46023.0,40.0,3947.0,3.7,90053.0,4.262452107279693,272.134,14149.972,control,0,,0,0.0,,,1,0,MINOR_COLO
45007,Anderson County,SC,2022,48090.0,7639295.0,62347.0,14.3,26.1,286.6020222622553,5.5,40.6,12.27143814202836,,,69878.0,3357393663.0,48047.0,57.0,4173.0,3.0,92055.0,5.2566569017533125,124.707,13924.287,control,0,,0,0.0,,,1,0,MINOR_COLO
45007,Anderson County,SC,2023,50238.0,7845936.0,64683.0,14.4,26.4,290.280645622214,5.1,40.5,,,,71479.0,3524273383.0,49305.0,39.0,4331.0,,,6.189490480194924,26.759,1352.593,control,0,,0,0.0,,,1,0,MINOR_COLO
45007,Anderson County,SC,2024,53021.0,8125127.0,,,,,,,14.524812501940236,,,72695.0,3761007218.0,51737.0,27.0,4568.0,,,,0.0,0.0,control,0,,0,0.0,,,1,0,MINOR_COLO
45013,Beaufort County,SC,2010,41657.0,7010122.0,55286.0,,37.4,270.0347373519409,7.3,40.2,11.385952572664904,,,56511.0,1841938207.0,32595.0,,4642.0,8.8,65881.0,6.5563516433526665,0.0,0.0,control,0,,0,0.0,,,1,0,
45013,Beaufort County,SC,2011,44321.0,6895182.0,57133.0,,37.5,276.10726394311473,8.6,40.7,12.370099853147687,,,56453.0,1863592577.0,33012.0,,4625.0,8.6,65765.0,6.7633395930700475,0.0,0.0,control,0,,0,0.0,,,1,0,
45013,Beaufort County,SC,2012,46055.0,6943836.0,56581.0,11.6,37.0,281.7805106269215,9.1,41.2,13.403962444941262,,,57581.0,1943275731.0,33749.0,,4647.0,7.4,66043.0,6.909070598748883,0.0,0.0,control,0,,0,0.0,,,1,0,
45013,Beaufort County,SC,2013,46348.0,7231967.0,57316.0,12.5,37.6,287.0544774033612,8.8,41.5,13.960451079641834,,,58183.0,2000001762.0,34374.0,51.0,4800.0,6.2,67472.0,6.3873056278014495,0.0,0.0,control,0,,0,0.0,,,1,0,
45013,Beaufort County,SC,2014,49348.0,7447629.0,57295.0,12.4,37.4,292.4343401552331,7.9,42.0,14.239737993743994,,,60345.0,2132525182.0,35339.0,35.0,4921.0,5.5,69430.0,6.646459681603451,0.0,0.0,control,0,,0,0.0,,,1,0,
45013,Beaufort County,SC,2015,51864.0,7502766.0,57048.0,12.8,38.8,297.5850509602682,7.2,42.8,14.175184433823636,,,62352.0,2273994700.0,36471.0,41.0,5120.0,5.4,71613.0,6.915837590750201,0.0,0.0,control,0,,0,0.0,,,1,0,
45013,Beaufort County,SC,2016,53939.0,7727107.0,59227.0,12.4,39.6,304.3485053911467,6.6,43.6,14.295407177054544,,,63198.0,2395011377.0,37897.0,38.0,5277.0,4.7,72294.0,6.782383825718988,0.0,0.0,control,0,,0,0.0,,,1,0,
45013,Beaufort County,SC,2017,55310.0,7752477.0,60603.0,11.9,39.8,311.2925037801391,6.3,44.0,14.848647031688689,,,65016.0,2522542687.0,38799.0,37.0,5472.0,4.0,72775.0,6.935074541211279,0.0,0.0,control,0,,0,0.0,,,1,0,
45013,Beaufort County,SC,2018,57828.0,8172547.0,63110.0,11.1,40.3,317.09421443414226,5.9,44.8,12.893255948011298,,,67390.0,2615409927.0,38810.0,38.0,5743.0,3.2,74326.0,7.370712017107644,0.0,0.0,control,0,,0,0.0,,,1,0,
45013,Beaufort County,SC,2019,62049.0,8541185.0,68377.0,10.2,41.2,323.06084504988394,5.0,45.5,14.073069815615062,,,68843.0,2796765664.0,40625.0,62.0,6170.0,2.6,76149.0,8.343671313639993,0.0,0.0,control,0,,0,0.0,,,1,0,
45013,Beaufort County,SC,2020,64962.0,8671221.0,71430.0,9.3,42.0,329.37467558507524,4.5,46.2,13.297968446284605,,,64763.0,2879320305.0,44460.0,70.0,6402.0,5.3,74961.0,8.354436427922977,56.423,5151.132,control,0,,0,0.0,,,1,0,
45013,Beaufort County,SC,2021,72202.0,9010758.0,74199.0,10.1,42.4,322.9080770853261,3.9,46.7,14.369747175143424,,,66919.0,3146176418.0,47014.0,46.0,6648.0,3.4,75966.0,9.755501222493889,118.219,10411.349,control,0,,0,0.0,,,1,0,
45013,Beaufort County,SC,2022,76326.0,9561952.0,81260.0,10.4,43.4,328.22717985129424,3.1,46.8,15.83184853412205,,,69209.0,3467777641.0,50106.0,58.0,7128.0,3.1,77029.0,10.96652299698884,42.989,12483.409,control,0,,0,0.0,,,1,0,
45013,Beaufort County,SC,2023,81692.0,9686997.0,84819.0,10.5,44.8,333.52545062209543,3.0,47.2,,,,70836.0,3634019619.0,51302.0,60.0,7351.0,,,11.348826480595122,18.808,1161.235,control,0,,0,0.0,,,1,0,
45013,Beaufort County,SC,2024,85327.0,9962863.0,,,,,,,14.427787509761538,,,71044.0,3890961931.0,54768.0,66.0,7748.0,,,,0.0,0.0,control,0,,0,0.0,,,1,0,
45015,Berkeley County,SC,2010,30404.0,5673580.0,50777.0,,18.3,153.92798245773002,8.3,34.3,11.17636863090025,,,36302.0,1505734648.0,41478.0,0.0,2157.0,10.2,83455.0,3.417208394097437,0.0,0.0,treated,1,2008.0,1,2.0,Google,Google,0,1,ALWAYS_TREATED
45015,Berkeley County,SC,2011,32517.0,5770956.0,51093.0,,19.2,158.2782117033037,10.0,34.4,11.937245668401578,,,37416.0,1603010754.0,42843.0,53.0,2175.0,9.5,86190.0,3.0447157977746837,0.0,0.0,treated,1,2008.0,1,3.0,Google,Google,0,1,ALWAYS_TREATED
45015,Berkeley County,SC,2012,33065.0,6248515.0,51476.0,14.3,20.5,162.89393088200652,11.4,34.6,12.867407854273075,,,38052.0,1635942610.0,42993.0,63.0,2212.0,8.2,88556.0,2.9919617107443086,0.0,0.0,treated,1,2008.0,1,4.0,Google,Google,0,1,ALWAYS_TREATED
45015,Berkeley County,SC,2013,33208.0,6406394.0,52427.0,14.4,21.3,167.05568945832806,11.9,34.8,13.371418829377982,,,42129.0,1852093479.0,43963.0,108.0,2328.0,6.8,89180.0,2.9478321577312885,0.0,0.0,treated,1,2008.0,1,5.0,Google,Google,0,1,ALWAYS_TREATED
45015,Berkeley County,SC,2014,34841.0,6551354.0,51844.0,14.5,21.6,171.1050905202878,11.2,35.0,13.705515975343651,,,43158.0,1952584152.0,45243.0,141.0,2427.0,5.8,90863.0,2.8684797883772837,0.0,0.0,treated,1,2008.0,1,6.0,Google,Google,0,1,ALWAYS_TREATED
45015,Berkeley County,SC,2015,36331.0,6985709.0,52506.0,13.9,22.3,175.4344792591653,9.9,35.3,13.666033026990135,,,45871.0,2167224938.0,47246.0,2.0,2583.0,5.4,93431.0,2.9534851811196488,0.0,0.0,treated,1,2008.0,1,7.0,Google,Google,0,1,ALWAYS_TREATED
45015,Berkeley County,SC,2016,37938.0,7493718.0,54484.0,13.2,23.0,180.3890831989272,8.0,35.6,13.909819769259522,,,48196.0,2329386065.0,48331.0,23.0,2768.0,4.5,96705.0,3.294074146574881,0.0,0.0,treated,1,2008.0,1,8.0,Google,Google,0,1,ALWAYS_TREATED
45015,Berkeley County,SC,2017,39697.0,7638074.0,56697.0,12.8,23.3,185.41889418459257,6.4,35.8,14.378781859788976,,,50003.0,2512493957.0,50247.0,31.0,2917.0,3.8,97791.0,3.633255860006045,0.0,0.0,treated,1,2008.0,1,9.0,Google,Google,0,1,ALWAYS_TREATED
45015,Berkeley County,SC,2018,41301.0,8167714.0,59995.0,12.2,23.8,189.43567532302788,5.2,36.0,12.842115308354757,,,52886.0,2738013487.0,51772.0,28.0,2989.0,3.0,99412.0,4.032638951694754,0.0,0.0,treated,1,2008.0,1,10.0,Google,Google,0,1,ALWAYS_TREATED
45015,Berkeley County,SC,2019,43270.0,8519201.0,63309.0,11.9,25.0,194.8533009550389,5.0,36.1,13.732110374326576,,,55299.0,2940173740.0,53168.0,27.0,3281.0,2.5,103934.0,4.509822897512823,0.0,0.0,treated,1,2008.0,1,11.0,Google,Google,0,1,ALWAYS_TREATED
45015,Berkeley County,SC,2020,45395.0,8557208.0,65443.0,11.9,25.4,201.24952429278196,4.3,36.5,13.123922776482146,,,55015.0,3052113224.0,55478.0,28.0,3541.0,5.4,104444.0,4.91967121240426,51.617,4256.338,treated,1,2008.0,1,12.0,Google,Google,0,1,ALWAYS_TREATED
45015,Berkeley County,SC,2021,50288.0,8917543.0,70786.0,11.4,27.3,203.69873688407245,4.2,36.7,13.949738409322734,,,56543.0,3322081405.0,58753.0,272.0,3793.0,3.6,106843.0,7.500297267879519,118.115,11251.186,treated,1,2008.0,1,13.0,Google,Google,0,1,ALWAYS_TREATED
45015,Berkeley County,SC,2022,51606.0,9507009.0,77874.0,10.9,28.4,209.69083561370763,3.8,36.7,15.036466585640133,,,59219.0,3596612749.0,60735.0,288.0,4355.0,3.0,110406.0,8.49064068860617,70.218,14316.605,treated,1,2008.0,1,14.0,Google,Google,0,1,ALWAYS_TREATED
45015,Berkeley County,SC,2023,55241.0,10676218.0,82327.0,10.3,29.9,216.309055653214,3.7,36.7,,,,63992.0,4154698284.0,64925.0,59.0,4717.0,,,10.223378655306412,6.975,1111.4,treated,1,2008.0,1,15.0,Google,Google,0,1,ALWAYS_TREATED
45015,Berkeley County,SC,2024,58397.0,11596144.0,,,,,,,14.067976833942655,,,66943.0,4566255150.0,68211.0,61.0,5143.0,,,,0.0,0.0,treated,1,2008.0,1,16.0,Google,Google,0,1,ALWAYS_TREATED
47009,Blount County,TN,2010,32220.0,4249277.0,47322.0,,20.6,216.77821123080776,7.7,40.8,8.939925303749604,,,39159.0,1544643109.0,39445.0,,2185.0,9.2,61439.0,2.9848588877244966,0.0,0.0,control,0,,0,0.0,,,1,0,
47009,Blount County,TN,2011,33985.0,4507010.0,47298.0,,20.5,218.8235925700583,8.3,41.0,9.687689308162607,,,40809.0,1633198011.0,40021.0,,2147.0,8.3,61583.0,3.0879758003529116,0.0,0.0,control,0,,0,0.0,,,1,0,
47009,Blount County,TN,2012,35543.0,4801753.0,46347.0,12.7,21.0,220.26054901399377,8.9,41.6,9.911082404145308,,,41868.0,1703081168.0,40678.0,,2171.0,7.2,60341.0,3.353675298257188,0.0,0.0,control,0,,0,0.0,,,1,0,
47009,Blount County,TN,2013,35933.0,4983479.0,45991.0,13.7,20.8,221.39866146523028,9.1,41.8,9.916329227331651,,,42843.0,1801543719.0,42050.0,7.0,2186.0,6.9,59469.0,3.163630298200419,0.0,0.0,control,0,,0,0.0,,,1,0,
47009,Blount County,TN,2014,36786.0,4934109.0,46518.0,14.4,21.7,222.67456426040584,9.0,42.3,9.997707847436024,,,44566.0,1904242109.0,42728.0,16.0,2218.0,6.0,58993.0,3.5752035158640383,0.0,0.0,control,0,,0,0.0,,,1,0,
47009,Blount County,TN,2015,38632.0,5052154.0,48286.0,14.1,22.8,224.02204645503025,7.8,42.6,10.047350168612631,,,46532.0,2077467672.0,44646.0,4.0,2272.0,5.1,59654.0,3.7169355129731874,0.0,0.0,control,0,,0,0.0,,,1,0,
47009,Blount County,TN,2016,39652.0,5308916.0,49532.0,13.6,23.1,225.81868938119607,6.5,43.0,10.18946251150104,,,47199.0,2131808274.0,45167.0,9.0,2351.0,4.4,60872.0,3.841068941811067,0.0,0.0,control,0,,0,0.0,,,1,0,
47009,Blount County,TN,2017,41143.0,5589021.0,51172.0,13.0,23.4,227.50617372320244,5.9,43.2,10.567293220823029,,,47960.0,2238762876.0,46680.0,10.0,2410.0,3.5,61692.0,3.956547391802311,0.0,0.0,control,0,,0,0.0,,,1,0,
47009,Blount County,TN,2018,43538.0,5748659.0,54140.0,11.7,24.0,229.84682008517947,5.1,43.4,10.4790373518972,,,49666.0,2348524628.0,47286.0,10.0,2458.0,3.2,62683.0,4.0083888644589525,0.0,0.0,control,0,,0,0.0,,,1,0,
47009,Blount County,TN,2019,45405.0,5967995.0,56667.0,11.1,24.2,232.50241580473136,4.4,43.7,10.638685845028853,,,51363.0,2434473147.0,47397.0,13.0,2558.0,3.1,64269.0,4.708516460734721,0.0,0.0,control,0,,0,0.0,,,1,0,
47009,Blount County,TN,2020,48445.0,5893521.0,60301.0,9.7,24.6,235.5695930711141,4.8,43.9,10.529005118609602,,,48928.0,2449932045.0,50072.0,21.0,2630.0,6.4,63727.0,6.774594047113405,75.427,7678.158,control,0,,0,0.0,,,1,0,
47009,Blount County,TN,2021,53099.0,6373102.0,64593.0,9.5,25.4,239.86614652303064,4.5,43.8,10.779301692345262,,,50784.0,2760897767.0,54366.0,79.0,2826.0,3.6,64450.0,8.340475510268863,174.713,12219.169,control,0,,0,0.0,,,1,0,
47009,Blount County,TN,2022,55330.0,6814847.0,70935.0,8.6,26.0,243.28227336172648,4.1,43.8,12.058181982295784,,,52613.0,3093281908.0,58793.0,171.0,3051.0,3.1,65737.0,10.099478626792704,140.079,16535.439,control,0,,0,0.0,,,1,0,
47009,Blount County,TN,2023,59581.0,7221916.0,74607.0,8.9,26.8,246.4961883969793,3.7,43.9,,,,54542.0,3330852397.0,61069.0,168.0,3283.0,,,11.389473365525802,21.551,1731.742,control,0,,0,0.0,,,1,0,
47009,Blount County,TN,2024,63260.0,7456181.0,,,,,,,12.24577240921252,,,56991.0,3486506445.0,61177.0,20.0,3423.0,,,,0.0,0.0,control,0,,0,0.0,,,1,0,
47125,Montgomery County,TN,2010,38616.0,4546797.0,48930.0,,22.3,303.4354719948662,8.6,30.4,9.6053843478455,,,43577.0,1430992311.0,32838.0,,2500.0,8.7,75676.0,2.287705272255834,0.0,0.0,treated,1,2019.0,0,0.0,Google,Google,1,1,
47125,Montgomery County,TN,2011,41302.0,4875223.0,49695.0,,22.7,312.1748468476489,9.7,30.3,10.345598917419045,,,44750.0,1537468214.0,34357.0,,2501.0,8.7,77069.0,2.155843470459403,0.0,0.0,treated,1,2019.0,0,0.0,Google,Google,1,1,
47125,Montgomery County,TN,2012,39811.0,5020393.0,49459.0,16.2,22.7,321.1200940706903,9.9,30.2,10.59828957715147,,,46056.0,1602519293.0,34795.0,,2551.0,7.7,77933.0,2.134276165528988,0.0,0.0,treated,1,2019.0,0,0.0,Google,Google,1,1,
47125,Montgomery County,TN,2013,38977.0,5004637.0,49617.0,16.4,23.5,329.469980655416,10.3,30.1,10.424276683807614,,,46716.0,1598738392.0,34223.0,,2592.0,7.5,77615.0,2.223830932967563,0.0,0.0,treated,1,2019.0,0,0.0,Google,Google,1,1,
47125,Montgomery County,TN,2014,38331.0,4894882.0,50693.0,16.3,24.0,337.5843195732692,9.9,30.2,10.725953496819656,,,47849.0,1647967622.0,34441.0,,2699.0,6.7,77370.0,2.201977030455267,0.0,0.0,treated,1,2019.0,0,0.0,Google,Google,1,1,
47125,Montgomery County,TN,2015,39028.0,4929215.0,50344.0,15.8,24.6,344.9382290153922,9.7,30.3,10.738006369116553,,,50103.0,1793732963.0,35801.0,,2852.0,5.8,78752.0,2.045701849836779,0.0,0.0,treated,1,2019.0,0,0.0,Google,Google,1,1,
47125,Montgomery County,TN,2016,39335.0,5061057.0,51528.0,15.2,25.3,351.8544278324607,8.2,30.3,10.894695171492552,,,51699.0,1862421447.0,36025.0,3.0,2921.0,5.1,80018.0,2.417243314007855,0.0,0.0,treated,1,2019.0,0,0.0,Google,Google,1,1,
47125,Montgomery County,TN,2017,39956.0,5257341.0,53737.0,14.2,26.2,356.3261240909622,7.5,30.5,11.203568044145689,,,52627.0,1972520427.0,37482.0,5.0,3033.0,4.1,82061.0,2.5675277922430775,0.0,0.0,treated,1,2019.0,0,0.0,Google,Google,1,1,
47125,Montgomery County,TN,2018,40698.0,5456115.0,55972.0,13.5,27.2,364.2401547566718,7.1,30.6,11.056846529765652,,,54380.0,2103034335.0,38673.0,5.0,3213.0,3.8,84069.0,2.588786691898077,0.0,0.0,treated,1,2019.0,0,0.0,Google,Google,1,1,
47125,Montgomery County,TN,2019,42235.0,5748489.0,57541.0,13.3,28.5,371.2750547601958,6.5,30.8,11.228479099657635,,,55987.0,2271273607.0,40568.0,9.0,3319.0,3.7,86799.0,2.9307898302553106,0.0,0.0,treated,1,2019.0,1,0.0,Google,Google,1,1,
47125,Montgomery County,TN,2020,45602.0,5957137.0,60878.0,12.3,29.4,380.19990021681514,6.0,31.0,11.11174792493622,,,55398.0,2346904994.0,42364.0,11.0,3484.0,7.6,86939.0,3.653545265208426,62.943,5750.325,treated,1,2019.0,1,1.0,Google,Google,1,1,
47125,Montgomery County,TN,2021,49729.0,6442236.0,63768.0,12.1,29.9,400.93551372575206,5.8,31.2,11.385442724135114,,,57524.0,2576045147.0,44782.0,12.0,3770.0,4.7,87572.0,4.559652070771968,172.345,12238.485,treated,1,2019.0,1,2.0,Google,Google,1,1,
47125,Montgomery County,TN,2022,49976.0,6791405.0,67890.0,11.9,30.4,412.3104258590535,6.1,31.4,12.46744325747592,,,60445.0,2838414731.0,46958.0,63.0,4205.0,3.7,88330.0,6.009287866285429,76.931,12690.578,treated,1,2019.0,1,3.0,Google,Google,1,1,
47125,Montgomery County,TN,2023,51954.0,6987374.0,72365.0,11.6,31.7,422.79322438790064,5.5,31.7,,,,62330.0,3078087494.0,49384.0,71.0,4650.0,,,7.119307069013691,7.493,1262.863,treated,1,2019.0,1,4.0,Google,Google,1,1,
47125,Montgomery County,TN,2024,54347.0,7271428.0,,,,,,,12.713320596581402,,,64469.0,3358765699.0,52099.0,45.0,4831.0,,,,0.0,0.0,treated,1,2019.0,1,5.0,Google,Google,1,1,
47163,Sullivan County,TN,2010,34296.0,7729327.0,39957.0,,20.0,376.87269314680174,7.8,42.9,8.60747879997788,,,65474.0,2740658394.0,41859.0,,3206.0,9.2,73678.0,2.5719543836360343,0.0,0.0,control,0,,0,0.0,,,1,0,MINOR_COLO
47163,Sullivan County,TN,2011,36302.0,8077931.0,40572.0,,20.4,378.44727918305347,8.1,43.2,9.348545397880567,,,66858.0,2913181328.0,43573.0,,3193.0,8.4,74441.0,2.60691847702672,0.0,0.0,control,0,,0,0.0,,,1,0,MINOR_COLO
47163,Sullivan County,TN,2012,37548.0,8093213.0,40025.0,16.9,20.6,378.9527914435398,8.7,43.5,9.545603205439036,,,66453.0,2945493303.0,44325.0,,3205.0,7.7,72833.0,2.923095838200037,0.0,0.0,control,0,,0,0.0,,,1,0,MINOR_COLO
47163,Sullivan County,TN,2013,37106.0,7900996.0,39479.0,18.3,20.5,379.11242689421977,9.5,44.0,9.442541666825852,,,67398.0,2946190322.0,43714.0,,3214.0,7.6,71779.0,2.8264256777812404,0.0,0.0,control,0,,0,0.0,,,1,0,MINOR_COLO
47163,Sullivan County,TN,2014,37549.0,7417287.0,39577.0,18.0,21.2,379.37606725973654,9.3,44.1,9.666891791034104,,,67481.0,3024234435.0,44816.0,,3230.0,6.7,70014.0,2.9923333075195537,0.0,0.0,control,0,,0,0.0,,,1,0,MINOR_COLO
47163,Sullivan County,TN,2015,38542.0,7493606.0,40346.0,17.5,21.9,379.1390328026664,8.2,44.3,9.597503552367243,,,67748.0,3091873038.0,45638.0,,3298.0,5.7,69296.0,2.8818710563260774,0.0,0.0,control,0,,0,0.0,,,1,0,MINOR_COLO
47163,Sullivan County,TN,2016,39355.0,7515712.0,40983.0,16.8,21.4,378.87781115609926,7.7,44.5,9.866125118772665,,,68221.0,3090161507.0,45296.0,,3374.0,5.2,69815.0,3.024100464772692,0.0,0.0,control,0,,0,0.0,,,1,0,MINOR_COLO
47163,Sullivan County,TN,2017,40450.0,7673821.0,42251.0,16.6,22.0,378.57547128738736,6.8,44.7,10.39287688188472,,,67963.0,3166795680.0,46596.0,,3409.0,4.0,70056.0,3.4599479246438967,0.0,0.0,control,0,,0,0.0,,,1,0,MINOR_COLO
47163,Sullivan County,TN,2018,42308.0,7948524.0,43442.0,16.6,22.8,379.09549586157186,6.2,44.9,10.342207897598644,,,68399.0,3361148819.0,49141.0,,3457.0,3.7,70406.0,3.6489243323442135,0.0,0.0,control,0,,0,0.0,,,1,0,MINOR_COLO
47163,Sullivan County,TN,2019,43694.0,7780466.0,46684.0,15.9,23.6,379.85981104967567,6.2,45.1,10.46255358128125,,,68327.0,3330398778.0,48742.0,,3526.0,3.6,70922.0,3.7737580085322406,0.0,0.0,control,0,,0,0.0,,,1,0,MINOR_COLO
47163,Sullivan County,TN,2020,46803.0,7998425.0,47438.0,15.5,24.5,381.4489093996256,6.5,45.3,10.46642546688939,,,65957.0,3367804039.0,51061.0,,3586.0,7.1,69256.0,5.035664856808261,113.34,6916.269,control,0,,0,0.0,,,1,0,MINOR_COLO
47163,Sullivan County,TN,2021,51193.0,8790463.0,49661.0,15.6,25.7,381.77785517678416,6.7,45.2,10.72944946802244,,,66266.0,3689120911.0,55671.0,,3739.0,4.4,68662.0,6.205008771399189,233.684,12787.647,control,0,,0,0.0,,,1,0,MINOR_COLO
47163,Sullivan County,TN,2022,51657.0,8933380.0,54357.0,15.2,26.3,383.9039091335665,6.2,45.2,11.7829259755678,,,68582.0,3991078396.0,58194.0,98.0,3900.0,3.5,68787.0,7.689580286309445,157.275,17020.057,control,0,,0,0.0,,,1,0,MINOR_COLO
47163,Sullivan County,TN,2023,55109.0,8944977.0,56802.0,14.9,26.6,386.2524852337208,6.0,45.0,,,,69302.0,4129032871.0,59580.0,90.0,4089.0,,,9.06090305021932,18.465,1831.901,control,0,,0,0.0,,,1,0,MINOR_COLO
47163,Sullivan County,TN,2024,58128.0,9483104.0,,,,,,,12.156998807695592,,,70256.0,4358400061.0,62036.0,90.0,4219.0,,,,0.0,0.0,control,0,,0,0.0,,,1,0,MINOR_COLO
47165,Sumner County,TN,2010,36099.0,4893796.0,54916.0,,23.0,293.86978028515904,7.8,38.2,9.581844662988257,,,39101.0,1383003687.0,35370.0,82.0,2834.0,9.0,83281.0,4.858602217515884,0.0,0.0,treated,1,2024.0,0,0.0,Meta,Meta,0,0,POST_PANEL_2023plus
47165,Sumner County,TN,2011,37819.0,5108127.0,55211.0,,23.0,299.4641700301629,7.7,38.4,10.304164708194564,,,41338.0,1474285546.0,35664.0,,2825.0,8.0,84684.0,4.859185559723808,0.0,0.0,treated,1,2024.0,0,0.0,Meta,Meta,0,0,POST_PANEL_2023plus
47165,Sumner County,TN,2012,40415.0,5479472.0,55560.0,9.8,23.5,304.47305645951815,7.4,38.7,10.392227227251915,,,43663.0,1594473842.0,36518.0,,2857.0,6.6,84887.0,5.192123214666382,0.0,0.0,treated,1,2024.0,0,0.0,Meta,Meta,0,0,POST_PANEL_2023plus
47165,Sumner County,TN,2013,40739.0,5911197.0,55509.0,10.4,23.7,309.2288543588833,7.5,39.1,10.33330283465572,,,45168.0,1718186070.0,38040.0,,3003.0,6.2,85694.0,4.855419619643399,0.0,0.0,treated,1,2024.0,0,0.0,Meta,Meta,0,0,POST_PANEL_2023plus
47165,Sumner County,TN,2014,41447.0,6111047.0,56193.0,10.2,24.0,314.7288080852342,6.9,39.2,10.94703648971366,,,47399.0,1873980085.0,39536.0,,3150.0,5.3,86652.0,4.725117935138887,0.0,0.0,treated,1,2024.0,0,0.0,Meta,Meta,0,0,POST_PANEL_2023plus
47165,Sumner County,TN,2015,43393.0,6336687.0,57382.0,9.3,24.6,320.37041583956454,6.0,39.4,10.92953138316843,,,49872.0,2048059907.0,41066.0,,3331.0,4.6,88780.0,4.6300651006213025,0.0,0.0,treated,1,2024.0,0,0.0,Meta,Meta,0,0,POST_PANEL_2023plus
47165,Sumner County,TN,2016,44485.0,6543799.0,58972.0,9.7,25.6,326.3444383795535,5.3,39.5,11.053763909635506,,,51343.0,2118876094.0,41269.0,103.0,3471.0,3.9,92394.0,4.901594944327415,0.0,0.0,treated,1,2024.0,0,0.0,Meta,Meta,0,0,POST_PANEL_2023plus
47165,Sumner County,TN,2017,46402.0,6982036.0,61584.0,9.7,26.5,331.9048311578423,4.5,39.6,11.396214890061277,,,52980.0,2271529324.0,42876.0,118.0,3615.0,3.0,95897.0,5.158508808627341,0.0,0.0,treated,1,2024.0,0,0.0,Meta,Meta,0,0,POST_PANEL_2023plus
47165,Sumner County,TN,2018,48248.0,7037067.0,64631.0,9.5,26.9,338.974311514206,3.9,39.6,11.623796787936492,,,53971.0,2343861354.0,43428.0,120.0,3807.0,2.8,99853.0,5.412812993458155,0.0,0.0,treated,1,2024.0,0,0.0,Meta,Meta,0,0,POST_PANEL_2023plus
47165,Sumner County,TN,2019,51719.0,7139672.0,67204.0,9.0,28.1,346.4611990730161,3.0,39.8,11.728472062471509,,,55801.0,2517272618.0,45112.0,95.0,3977.0,2.6,104349.0,5.9051051579016764,0.0,0.0,treated,1,2024.0,0,0.0,Meta,Meta,0,0,POST_PANEL_2023plus
47165,Sumner County,TN,2020,54917.0,7202370.0,69878.0,9.9,28.6,354.47503961590985,3.4,39.6,11.573318520921516,,,54544.0,2592703712.0,47534.0,122.0,4116.0,6.5,103406.0,7.500590344116953,112.3,8607.315,treated,1,2024.0,0,0.0,Meta,Meta,0,0,POST_PANEL_2023plus
47165,Sumner County,TN,2021,60382.0,7939060.0,73517.0,9.8,29.8,364.59102593401946,3.7,39.7,11.809252859137798,,,57239.0,2897220700.0,50616.0,109.0,4487.0,3.5,105622.0,9.806022154038171,206.065,12126.234,treated,1,2024.0,0,0.0,Meta,Meta,0,0,POST_PANEL_2023plus
47165,Sumner County,TN,2022,64969.0,8686447.0,81883.0,9.4,31.2,371.7851618350052,3.5,39.8,12.97109249563126,,,59244.0,3228109048.0,54488.0,115.0,4935.0,2.7,109078.0,12.18226495508631,114.481,13888.692,treated,1,2024.0,0,0.0,Meta,Meta,0,0,POST_PANEL_2023plus
47165,Sumner County,TN,2023,69993.0,8797173.0,86005.0,9.0,32.6,378.78853697831187,3.2,39.7,,,,61068.0,3464874588.0,56738.0,139.0,5389.0,,,14.35375558382392,10.358,1229.85,treated,1,2024.0,0,0.0,Meta,Meta,0,0,POST_PANEL_2023plus
47165,Sumner County,TN,2024,73326.0,9232461.0,,,,,,,13.266938294308645,,,62665.0,3716275440.0,59304.0,250.0,5597.0,,,,0.0,0.0,treated,1,2024.0,1,0.0,Meta,Meta,0,0,POST_PANEL_2023plus
47187,Williamson County,TN,2010,66252.0,14080827.0,87832.0,,51.8,298.97248581570625,4.6,37.9,9.426347365115754,,,87130.0,4479513361.0,51412.0,308.0,6044.0,6.7,94512.0,7.927630389450719,0.0,0.0,control,0,,0,0.0,,,1,0,MINOR_COLO
47187,Williamson County,TN,2011,72128.0,15505624.0,89063.0,,51.5,308.1358741247943,5.1,38.2,10.153131945387232,,,91823.0,4802179584.0,52298.0,330.0,6058.0,5.9,97109.0,8.27085480107546,0.0,0.0,control,0,,0,0.0,,,1,0,MINOR_COLO
47187,Williamson County,TN,2012,78323.0,17490481.0,91146.0,5.8,52.0,316.06912773670655,5.0,38.5,10.23011701952923,,,97544.0,5297272041.0,54306.0,509.0,6257.0,5.0,98818.0,8.225478782898492,0.0,0.0,control,0,,0,0.0,,,1,0,MINOR_COLO
47187,Williamson County,TN,2013,79329.0,18487501.0,89779.0,5.7,52.8,324.14992888551853,5.1,38.5,10.12258878258874,,,102603.0,5922174356.0,57719.0,536.0,6733.0,5.1,101563.0,8.260625140544187,0.0,0.0,control,0,,0,0.0,,,1,0,MINOR_COLO
47187,Williamson County,TN,2014,82978.0,19612875.0,91743.0,5.6,54.1,332.7042546876367,4.9,38.7,10.645331359173325,,,108125.0,6362129633.0,58840.0,554.0,7157.0,4.5,103910.0,8.573196816538365,0.0,0.0,control,0,,0,0.0,,,1,0,MINOR_COLO
47187,Williamson County,TN,2015,89786.0,21569649.0,96565.0,5.1,55.7,342.20048278926606,4.2,38.9,10.592352715131218,,,115195.0,7010177224.0,60855.0,652.0,7692.0,4.0,107820.0,9.03835499012116,0.0,0.0,control,0,,0,0.0,,,1,0,MINOR_COLO
47187,Williamson County,TN,2016,90679.0,22145867.0,100140.0,5.2,56.6,352.81875843894704,3.7,39.0,10.69362071633572,,,123592.0,7507901711.0,60748.0,663.0,8219.0,3.4,113631.0,8.800558575632138,0.0,0.0,control,0,,0,0.0,,,1,0,MINOR_COLO
47187,Williamson County,TN,2017,89725.0,22403855.0,103543.0,4.6,58.1,363.9980578626538,3.6,39.0,10.996172599808151,,,129237.0,8071818776.0,62458.0,1174.0,8643.0,2.7,119700.0,9.029906866431425,0.0,0.0,control,0,,0,0.0,,,1,0,MINOR_COLO
47187,Williamson County,TN,2018,91331.0,23063940.0,109026.0,4.3,59.0,375.1276028843827,3.3,39.2,11.154522079389707,,,135127.0,8923584528.0,66038.0,1353.0,9077.0,2.5,125209.0,9.74163529226756,0.0,0.0,control,0,,0,0.0,,,1,0,MINOR_COLO
47187,Williamson County,TN,2019,94540.0,24148813.0,112962.0,4.4,59.8,386.6929278406761,2.8,39.1,11.234976399270892,,,140073.0,9616154896.0,68651.0,1438.0,9597.0,2.4,131779.0,10.716987849926566,0.0,0.0,control,0,,0,0.0,,,1,0,MINOR_COLO
47187,Williamson County,TN,2020,99340.0,24541695.0,111196.0,4.7,60.5,398.6871700553989,2.5,39.3,11.039326073017916,,,135131.0,9894697905.0,73223.0,1350.0,10140.0,4.7,129379.0,14.63124913923702,53.685,7943.156,control,0,,0,0.0,,,1,0,MINOR_COLO
47187,Williamson County,TN,2021,113238.0,27442136.0,116492.0,3.9,61.9,415.8541544067817,2.3,39.5,11.25562218459894,,,141890.0,11134323318.0,78471.0,1421.0,11390.0,2.6,133518.0,19.340845713540222,89.179,11871.032,control,0,,0,0.0,,,1,0,MINOR_COLO
47187,Williamson County,TN,2022,121528.0,29523270.0,125943.0,4.2,62.0,427.02487548531985,2.1,40.0,12.394163732148654,,,149579.0,12350627569.0,82569.0,1287.0,12806.0,2.4,138494.0,22.48559226507057,51.467,13072.954,control,0,,0,0.0,,,1,0,MINOR_COLO
47187,Williamson County,TN,2023,133280.0,31224125.0,131202.0,4.5,61.8,436.8247770059173,2.0,40.3,,,,155713.0,13048597656.0,83799.0,1285.0,14110.0,,,25.78073661482617,4.88,1014.246,control,0,,0,0.0,,,1,0,MINOR_COLO
47187,Williamson County,TN,2024,139704.0,31510387.0,,,,,,,12.697624713514156,,,149366.0,13037523885.0,87286.0,1261.0,14651.0,,,,0.0,0.0,control,0,,0,0.0,,,1,0,MINOR_COLO
47189,Wilson County,TN,2010,37086.0,3872129.0,60678.0,,24.0,191.9225183973262,6.4,38.8,9.447033925172857,,,33938.0,1328134332.0,39134.0,38.0,2167.0,8.5,58550.0,4.1120291063442735,0.0,0.0,control,0,,0,0.0,,,1,0,
47189,Wilson County,TN,2011,38280.0,3885712.0,61400.0,,24.7,196.45594188529455,7.3,39.1,10.139695643233264,,,34024.0,1334080086.0,39210.0,65.0,2165.0,7.7,59897.0,4.601796463330021,0.0,0.0,control,0,,0,0.0,,,1,0,
47189,Wilson County,TN,2012,40124.0,4016990.0,61353.0,9.3,25.9,200.7774085563989,7.4,39.3,10.192606783069015,,,34919.0,1397006938.0,40008.0,100.0,2210.0,6.5,60587.0,4.6410361383006435,0.0,0.0,control,0,,0,0.0,,,1,0,
47189,Wilson County,TN,2013,40706.0,4214864.0,60390.0,10.2,26.0,204.85889106295468,8.0,39.5,10.09963784450391,,,35212.0,1408533159.0,40001.0,40.0,2285.0,6.3,61697.0,4.398306494851079,0.0,0.0,control,0,,0,0.0,,,1,0,
47189,Wilson County,TN,2014,41776.0,4380467.0,60095.0,10.4,26.7,209.47639659397657,7.3,39.8,10.667757285168646,,,35735.0,1413616380.0,39558.0,41.0,2411.0,5.3,62655.0,4.580111875155877,0.0,0.0,control,0,,0,0.0,,,1,0,
47189,Wilson County,TN,2015,44077.0,4728931.0,61070.0,10.1,28.3,214.4880367018118,6.5,40.1,10.61329254728752,,,37865.0,1573627414.0,41559.0,38.0,2547.0,4.5,64763.0,4.732256183321327,0.0,0.0,control,0,,0,0.0,,,1,0,
47189,Wilson County,TN,2016,45651.0,4884666.0,63426.0,9.1,28.9,220.04270667103427,5.4,40.3,10.707685333065418,,,40178.0,1668083366.0,41518.0,,2649.0,3.9,67876.0,5.132301547678482,0.0,0.0,control,0,,0,0.0,,,1,0,
47189,Wilson County,TN,2017,47268.0,5097713.0,66123.0,9.2,29.7,225.7497753432912,4.5,40.2,11.002020044199824,,,42269.0,1789821795.0,42344.0,30.0,2783.0,3.0,71042.0,5.369214139360793,0.0,0.0,control,0,,0,0.0,,,1,0,
47189,Wilson County,TN,2018,49467.0,5442592.0,71513.0,8.2,30.6,232.38700161682763,3.9,40.2,11.190022700097328,,,45902.0,1930795201.0,42064.0,7.0,2953.0,2.8,74736.0,5.856377476183859,0.0,0.0,control,0,,0,0.0,,,1,0,
47189,Wilson County,TN,2019,52325.0,5568024.0,75991.0,7.7,32.4,239.39909366564427,3.8,40.4,11.262045207621911,,,48567.0,2101681186.0,43274.0,21.0,3134.0,2.7,78627.0,6.142531747331438,0.0,0.0,control,0,,0,0.0,,,1,0,
47189,Wilson County,TN,2020,54338.0,5708004.0,78962.0,8.3,34.8,246.2973246144926,3.5,40.2,11.05642236358731,,,50782.0,2347004084.0,46218.0,12.0,3285.0,6.3,77883.0,7.289535170592248,93.659,9128.825,control,0,,0,0.0,,,1,0,
47189,Wilson County,TN,2021,62232.0,6578507.0,82224.0,8.4,35.9,253.55640766477893,3.8,40.0,11.268752934387866,,,56517.0,2805987016.0,49649.0,16.0,3630.0,3.4,79454.0,9.501912476094049,201.952,12779.331,control,0,,0,0.0,,,1,0,
47189,Wilson County,TN,2022,64718.0,6960269.0,89462.0,8.3,36.7,261.17283939804264,3.7,40.0,12.412463896097965,,,60701.0,3227498061.0,53170.0,36.0,4057.0,2.6,82167.0,12.938250801761155,87.805,14731.535,control,0,,0,0.0,,,1,0,
47189,Wilson County,TN,2023,68887.0,7320607.0,94048.0,7.6,37.2,269.03976555123666,3.5,39.9,,,,63996.0,3505701596.0,54780.0,41.0,4454.0,,,14.666562731418326,8.049,1227.811,control,0,,0,0.0,,,1,0,
47189,Wilson County,TN,2024,72229.0,7715815.0,,,,,,,12.747076288743552,,,65504.0,3778970774.0,57691.0,37.0,4714.0,,,,0.0,0.0,control,0,,0,0.0,,,1,0,
48029,Bexar County,TX,2010,36075.0,82480536.0,47048.0,,25.3,1330.3437822497422,6.9,32.7,9.748733425569784,,,722147.0,30064669565.0,41632.0,5722.0,33607.0,7.3,813648.0,3.0786412960210305,0.0,0.0,treated,1,2008.0,1,2.0,Microsoft,Microsoft,0,1,ALWAYS_TREATED;HUGE_METRO
48029,Bexar County,TX,2011,38639.0,85592988.0,48083.0,,25.6,1359.6910474716203,7.3,32.7,9.801737094185563,,,732527.0,31641721564.0,43195.0,6694.0,34386.0,7.4,829332.0,3.4955512124197297,0.0,0.0,treated,1,2008.0,1,3.0,Microsoft,Microsoft,0,1,ALWAYS_TREATED;HUGE_METRO
48029,Bexar County,TX,2012,38896.0,86417854.0,49141.0,17.8,25.9,1386.6598942208464,7.8,32.9,9.91162844832626,,,749534.0,32918087248.0,43918.0,7415.0,35455.0,6.3,838357.0,3.657233076974589,0.0,0.0,treated,1,2008.0,1,4.0,Microsoft,Microsoft,0,1,ALWAYS_TREATED;HUGE_METRO
48029,Bexar County,TX,2013,39620.0,88977005.0,50112.0,17.6,26.3,1413.5368292053663,8.2,32.9,10.337594909852251,,,770531.0,34112184140.0,44271.0,8006.0,36309.0,5.9,852897.0,3.724264561759361,0.0,0.0,treated,1,2008.0,1,5.0,Microsoft,Microsoft,0,1,ALWAYS_TREATED;HUGE_METRO
48029,Bexar County,TX,2014,42125.0,92769049.0,50867.0,17.8,26.5,1442.4406604747162,8.0,33.1,10.642955381235932,,,793727.0,36254222523.0,45676.0,7988.0,37140.0,4.7,865150.0,3.814421016997734,0.0,0.0,treated,1,2008.0,1,6.0,Microsoft,Microsoft,0,1,ALWAYS_TREATED;HUGE_METRO
48029,Bexar County,TX,2015,42598.0,97753647.0,51150.0,17.4,26.7,1471.7992131062952,7.4,33.1,10.632742578081064,,,818499.0,38634127888.0,47201.0,8110.0,38260.0,3.8,879163.0,3.997736128659332,0.0,0.0,treated,1,2008.0,1,7.0,Microsoft,Microsoft,0,1,ALWAYS_TREATED;HUGE_METRO
48029,Bexar County,TX,2016,42337.0,99805041.0,52353.0,17.2,26.9,1498.5640802373582,6.7,33.2,10.581200931338085,,,841335.0,40249743781.0,47840.0,7720.0,39949.0,3.8,905846.0,4.035005858991642,0.0,0.0,treated,1,2008.0,1,8.0,Microsoft,Microsoft,0,1,ALWAYS_TREATED;HUGE_METRO
48029,Bexar County,TX,2017,44118.0,100193129.0,53999.0,16.4,27.3,1525.416021671827,6.1,33.3,10.84552840276224,,,854325.0,41999645250.0,49161.0,7462.0,41189.0,3.6,917323.0,4.17522307961917,0.0,0.0,treated,1,2008.0,1,9.0,Microsoft,Microsoft,0,1,ALWAYS_TREATED;HUGE_METRO
48029,Bexar County,TX,2018,46610.0,104847549.0,55456.0,16.3,27.6,1552.716234520124,5.8,33.4,10.802096616331418,,,866345.0,43940943192.0,50720.0,7471.0,42277.0,3.4,929226.0,4.2344895978915815,0.0,0.0,treated,1,2008.0,1,10.0,Microsoft,Microsoft,0,1,ALWAYS_TREATED;HUGE_METRO
48029,Bexar County,TX,2019,46558.0,106900347.0,57157.0,15.7,28.0,1574.467073013416,5.3,33.6,10.57245245190017,,,878251.0,46160805372.0,52560.0,6958.0,43528.0,3.2,935932.0,4.311046665141086,0.0,0.0,treated,1,2008.0,1,11.0,Microsoft,Microsoft,0,1,ALWAYS_TREATED;HUGE_METRO
48029,Bexar County,TX,2020,47849.0,105587835.0,58288.0,15.6,28.5,1595.4156991744069,5.7,33.8,10.57751546987602,,,832876.0,46770940532.0,56156.0,6419.0,44201.0,7.6,932280.0,6.3186866834895925,88.384,5924.542,treated,1,2008.0,1,12.0,Microsoft,Microsoft,0,1,ALWAYS_TREATED;HUGE_METRO
48029,Bexar County,TX,2021,51877.0,110502679.0,62169.0,15.1,30.0,1604.8455237358105,5.6,34.0,10.91695114077976,,,857640.0,50288062549.0,58635.0,5422.0,44795.0,5.3,951800.0,8.81549835869256,185.115,11480.8,treated,1,2008.0,1,13.0,Microsoft,Microsoft,0,1,ALWAYS_TREATED;HUGE_METRO
48029,Bexar County,TX,2022,55474.0,118422612.0,67275.0,15.2,30.4,1623.8220781733746,5.5,34.2,11.932247834492784,,,898899.0,55097049147.0,61294.0,4956.0,45569.0,3.8,977978.0,10.708992506244796,54.126,17478.671,treated,1,2008.0,1,14.0,Microsoft,Microsoft,0,1,ALWAYS_TREATED;HUGE_METRO
48029,Bexar County,TX,2023,58921.0,123250308.0,70571.0,14.7,31.5,1642.5954592363262,5.5,34.6,,,,923094.0,58472315010.0,63344.0,3917.0,45779.0,,,12.820220612392404,6.452,1143.768,treated,1,2008.0,1,15.0,Microsoft,Microsoft,0,1,ALWAYS_TREATED;HUGE_METRO
48029,Bexar County,TX,2024,61160.0,127563908.0,,,,,,,12.350288617003036,,,932387.0,61420652184.0,65875.0,3397.0,45524.0,,,,0.0,0.0,treated,1,2008.0,1,16.0,Microsoft,Microsoft,0,1,ALWAYS_TREATED;HUGE_METRO
48135,Ector County,TX,2010,35594.0,8652430.0,45815.0,,13.1,148.14703438628382,5.8,31.3,8.551256245338216,,,59195.0,2600294380.0,43928.0,,3348.0,8.4,68321.0,2.6972027155510334,0.0,0.0,control,0,,0,0.0,,,1,0,FUTURE_DC_2023plus
48135,Ector County,TX,2011,40420.0,10164506.0,50056.0,,13.3,150.9648519030849,5.7,31.2,9.273064458854977,,,64674.0,3141209609.0,48570.0,,3419.0,6.3,72757.0,2.35121712936579,0.0,0.0,control,0,,0,0.0,,,1,0,FUTURE_DC_2023plus
48135,Ector County,TX,2012,45436.0,12055281.0,50851.0,15.8,13.2,153.9140933198791,5.7,31.2,9.373296175026551,,,70159.0,3677300087.0,52414.0,,3534.0,4.6,76887.0,2.376880443388757,0.0,0.0,control,0,,0,0.0,,,1,0,FUTURE_DC_2023plus
48135,Ector County,TX,2013,45032.0,12536881.0,51466.0,15.9,13.5,157.64408180358143,6.2,30.9,9.904889327818456,,,71868.0,3919916631.0,54543.0,,3681.0,4.4,78582.0,2.327387980858865,0.0,0.0,control,0,,0,0.0,,,1,0,FUTURE_DC_2023plus
48135,Ector County,TX,2014,48733.0,12685557.0,54903.0,14.6,14.3,161.419734523722,5.3,30.9,10.54955551142718,,,76224.0,4409612395.0,57851.0,,3834.0,3.5,82249.0,2.252564876282438,0.0,0.0,control,0,,0,0.0,,,1,0,FUTURE_DC_2023plus
48135,Ector County,TX,2015,42937.0,11318562.0,57150.0,13.0,14.6,166.57088314633273,5.2,30.7,10.329873075920291,,,73276.0,4024624864.0,54924.0,,3950.0,4.7,79803.0,2.1443059982613737,0.0,0.0,control,0,,0,0.0,,,1,0,FUTURE_DC_2023plus
48135,Ector County,TX,2016,38346.0,9693922.0,58335.0,12.4,15.2,170.60270109527343,6.4,30.4,10.030431962825968,,,67104.0,3504161392.0,52220.0,,3895.0,6.4,76245.0,1.9617320103488471,0.0,0.0,control,0,,0,0.0,,,1,0,FUTURE_DC_2023plus
48135,Ector County,TX,2017,43392.0,10478298.0,59528.0,12.3,15.0,173.46172780105542,6.9,30.3,11.108980354258392,,,70917.0,3990050817.0,56264.0,,3912.0,4.1,77980.0,2.178743623785899,0.0,0.0,control,0,,0,0.0,,,1,0,FUTURE_DC_2023plus
48135,Ector County,TX,2018,49643.0,12490648.0,60676.0,11.8,15.6,176.3552811246322,6.7,30.3,10.431254720375652,,,78468.0,4854892217.0,61871.0,,4040.0,2.7,84994.0,2.4437671525699547,0.0,0.0,control,0,,0,0.0,,,1,0,FUTURE_DC_2023plus
48135,Ector County,TX,2019,52751.0,12974711.0,62973.0,11.9,15.4,178.84676641517925,6.1,30.4,10.23079211343687,,,81031.0,5224224298.0,64472.0,,4218.0,2.7,87619.0,2.785820592612637,0.0,0.0,control,0,,0,0.0,,,1,0,FUTURE_DC_2023plus
48135,Ector County,TX,2020,49141.0,10974379.0,63096.0,13.0,16.6,180.50404406932947,6.6,30.6,10.025935421775529,,,69429.0,4222902480.0,60823.0,,4263.0,11.1,82540.0,3.1185227058601845,138.872,7188.362,control,0,,0,0.0,,,1,0,FUTURE_DC_2023plus
48135,Ector County,TX,2021,52647.0,10883278.0,64975.0,14.1,16.3,179.6030107210717,6.1,30.7,11.910667359674918,,,68736.0,4238957683.0,61670.0,,4262.0,8.0,80887.0,3.312680371479764,216.716,10319.531,control,0,,0,0.0,,,1,0,FUTURE_DC_2023plus
48135,Ector County,TX,2022,56020.0,11723302.0,70566.0,15.8,16.6,180.7635505837226,5.8,31.0,13.441620153725824,,,74793.0,5165995281.0,69071.0,,4256.0,3.9,83257.0,3.386962514157831,95.903,9140.049,control,0,,0,0.0,,,1,0,FUTURE_DC_2023plus
48135,Ector County,TX,2023,60496.0,13356754.0,71031.0,15.3,16.6,181.77261883282213,5.6,31.3,,,,77908.0,5663517747.0,72695.0,,4250.0,,,3.6244840891063816,6.227,2033.267,control,0,,0,0.0,,,1,0,FUTURE_DC_2023plus
48135,Ector County,TX,2024,62325.0,13751509.0,,,,,,,13.352364853480411,,,79763.0,5984513416.0,75029.0,,4285.0,,,,0.0,0.0,control,0,,0,0.0,,,1,0,FUTURE_DC_2023plus
48139,Ellis County,TX,2010,33963.0,4764829.0,60877.0,,21.0,153.35539055386707,6.6,34.6,10.4805484760607,,,37655.0,1340409444.0,35598.0,25.0,2453.0,8.0,75778.0,3.5725534308211473,0.0,0.0,treated,1,2021.0,0,0.0,Google,Google,1,1,COUNTY_BORDER_AMBIGUITY
48139,Ellis County,TX,2011,35666.0,5130681.0,62639.0,,20.8,157.09037048436116,6.9,34.8,10.07243484953126,,,38664.0,1417726032.0,36668.0,24.0,2486.0,8.0,76840.0,3.502296111143405,0.0,0.0,treated,1,2021.0,0,0.0,Google,Google,1,1,COUNTY_BORDER_AMBIGUITY
48139,Ellis County,TX,2012,37002.0,5364586.0,62832.0,10.8,20.8,159.99179266212698,7.3,35.0,9.268547055143404,,,40497.0,1535755187.0,37923.0,24.0,2549.0,6.7,76603.0,3.60592401802962,0.0,0.0,treated,1,2021.0,0,0.0,Google,Google,1,1,COUNTY_BORDER_AMBIGUITY
48139,Ellis County,TX,2013,37661.0,5390022.0,61952.0,11.9,20.7,162.4582686791743,8.1,35.3,9.318444519774973,,,43005.0,1629083301.0,37882.0,25.0,2599.0,6.2,77521.0,3.649208768356432,0.0,0.0,treated,1,2021.0,0,0.0,Google,Google,1,1,COUNTY_BORDER_AMBIGUITY
48139,Ellis County,TX,2014,38979.0,5384305.0,61898.0,12.0,21.2,165.05191568670196,7.6,35.5,10.322759601935104,,,44724.0,1797104796.0,40182.0,,2645.0,5.0,78971.0,4.0228269425390755,0.0,0.0,treated,1,2021.0,0,0.0,Google,Google,1,1,COUNTY_BORDER_AMBIGUITY
48139,Ellis County,TX,2015,40271.0,5536613.0,62465.0,12.1,21.2,167.84219683077066,6.5,35.7,9.240150542955176,,,46860.0,1913962215.0,40844.0,23.0,2692.0,4.0,80979.0,4.674619206201889,0.0,0.0,treated,1,2021.0,0,0.0,Google,Google,1,1,COUNTY_BORDER_AMBIGUITY
48139,Ellis County,TX,2016,41564.0,5723763.0,64382.0,11.0,21.9,171.22665503960468,5.5,35.9,9.245874475558509,,,48584.0,2024940131.0,41679.0,20.0,2795.0,3.8,85025.0,4.823685515540604,0.0,0.0,treated,1,2021.0,0,0.0,Google,Google,1,1,COUNTY_BORDER_AMBIGUITY
48139,Ellis County,TX,2017,43027.0,5887929.0,67371.0,10.5,22.1,175.35917789832305,4.6,36.0,9.84045625795351,,,49371.0,2128986936.0,43122.0,19.0,2934.0,3.5,87143.0,4.998831442000571,0.0,0.0,treated,1,2021.0,0,0.0,Google,Google,1,1,COUNTY_BORDER_AMBIGUITY
48139,Ellis County,TX,2018,44781.0,6361104.0,72213.0,9.3,23.1,180.43105622453908,3.6,36.1,9.620669373561052,,,51932.0,2304626690.0,44378.0,57.0,3067.0,3.3,90012.0,5.444286675136388,0.0,0.0,treated,1,2021.0,0,0.0,Google,Google,1,1,COUNTY_BORDER_AMBIGUITY
48139,Ellis County,TX,2019,47405.0,6521681.0,76871.0,8.8,24.3,185.70384334243835,3.4,36.2,9.57303515410598,,,52681.0,2416313638.0,45867.0,58.0,3232.0,3.1,93354.0,5.989145345022962,0.0,0.0,treated,1,2021.0,0,0.0,Google,Google,1,1,COUNTY_BORDER_AMBIGUITY
48139,Ellis County,TX,2020,49287.0,6378117.0,79834.0,8.1,25.3,191.8080508854948,3.5,36.4,9.417448482453418,,,52547.0,2555879348.0,48640.0,34.0,3348.0,6.0,95045.0,6.892192038270972,100.131,7605.368,treated,1,2021.0,0,0.0,Google,Google,1,1,COUNTY_BORDER_AMBIGUITY
48139,Ellis County,TX,2021,53784.0,6838686.0,85272.0,8.2,26.3,200.89169306266217,4.0,36.4,10.505943736839072,,,55980.0,2846956133.0,50856.0,69.0,3602.0,4.5,99090.0,8.00712903997044,182.423,12850.171,treated,1,2021.0,1,0.0,Google,Google,1,1,COUNTY_BORDER_AMBIGUITY
48139,Ellis County,TX,2022,55184.0,7488713.0,93248.0,8.2,27.9,208.9333880489191,3.9,36.2,14.113927493835556,,,59277.0,3150107231.0,53142.0,135.0,3788.0,3.5,103397.0,9.218399975450334,66.179,12095.735,treated,1,2021.0,1,1.0,Google,Google,1,1,COUNTY_BORDER_AMBIGUITY
48139,Ellis County,TX,2023,56934.0,7676693.0,95898.0,8.1,28.6,217.9293997956715,4.0,36.3,,,,60920.0,3379399239.0,55473.0,131.0,3878.0,,,10.757888759435671,6.906,653.155,treated,1,2021.0,1,2.0,Google,Google,1,1,COUNTY_BORDER_AMBIGUITY
48139,Ellis County,TX,2024,58766.0,8231178.0,,,,,,,13.555861029690623,,,62721.0,3632214178.0,57911.0,149.0,3919.0,,,,0.0,0.0,treated,1,2021.0,1,3.0,Google,Google,1,1,COUNTY_BORDER_AMBIGUITY
48141,El Paso County,TX,2010,28802.0,27333333.0,36333.0,,19.3,762.1931360376774,7.5,31.2,11.509993359864971,,,270603.0,9027810081.0,33362.0,590.0,13658.0,9.2,341489.0,2.9157286082182017,0.0,0.0,control,0,,0,0.0,,,1,0,FUTURE_DC_2023plus
48141,El Paso County,TX,2011,30046.0,28724320.0,38259.0,,19.8,777.1255208569787,7.6,31.2,12.005481027843064,,,273698.0,9317917862.0,34044.0,597.0,13893.0,9.8,346916.0,2.7566825078548085,0.0,0.0,control,0,,0,0.0,,,1,0,FUTURE_DC_2023plus
48141,El Paso County,TX,2012,30829.0,29587727.0,39699.0,24.0,20.3,790.6515178132593,8.2,31.2,11.26409770977303,,,276590.0,9613342369.0,34757.0,838.0,14159.0,8.5,346680.0,2.8543440910720244,0.0,0.0,control,0,,0,0.0,,,1,0,FUTURE_DC_2023plus
48141,El Paso County,TX,2013,30277.0,29432030.0,40157.0,23.3,20.7,802.3960901430469,9.0,31.2,11.483573736914613,,,281055.0,9769831413.0,34761.0,1669.0,14302.0,8.0,346619.0,2.866601943531617,0.0,0.0,control,0,,0,0.0,,,1,0,FUTURE_DC_2023plus
48141,El Paso County,TX,2014,31527.0,28968391.0,40783.0,23.4,20.8,813.101415862476,9.0,31.4,11.836662754127424,,,284500.0,10178983713.0,35779.0,1675.0,14404.0,6.5,344136.0,2.9766258258330867,0.0,0.0,control,0,,0,0.0,,,1,0,FUTURE_DC_2023plus
48141,El Paso County,TX,2015,32432.0,29387003.0,41637.0,22.8,21.3,820.2399445735141,8.4,31.6,11.411680162346231,,,291006.0,10621214654.0,36498.0,1897.0,14577.0,5.2,341782.0,3.1644598645235904,0.0,0.0,control,0,,0,0.0,,,1,0,FUTURE_DC_2023plus
48141,El Paso County,TX,2016,32834.0,29636910.0,42075.0,22.5,21.7,822.704330885067,7.9,31.6,12.505535788595392,,,296977.0,10979206323.0,36970.0,1152.0,14810.0,5.0,349935.0,3.211501115909684,0.0,0.0,control,0,,0,0.0,,,1,0,FUTURE_DC_2023plus
48141,El Paso County,TX,2017,33838.0,30271960.0,43244.0,21.7,22.2,823.9212264886492,7.0,31.9,13.014536402063348,,,300968.0,11395855731.0,37864.0,1061.0,15142.0,4.7,351540.0,3.471047068811286,0.0,0.0,control,0,,0,0.0,,,1,0,FUTURE_DC_2023plus
48141,El Paso County,TX,2018,35327.0,31195934.0,44597.0,21.3,22.8,826.7132764988147,6.6,32.0,12.300710639292571,,,306358.0,11904302323.0,38858.0,1229.0,15397.0,4.3,355713.0,3.504933096798384,0.0,0.0,control,0,,0,0.0,,,1,0,FUTURE_DC_2023plus
48141,El Paso County,TX,2019,36902.0,32894612.0,46871.0,20.2,23.3,825.1420698476363,6.1,32.2,12.114482691505422,,,311895.0,12473743711.0,39993.0,1321.0,15670.0,3.8,359596.0,3.456763521241153,0.0,0.0,control,0,,0,0.0,,,1,0,FUTURE_DC_2023plus
48141,El Paso County,TX,2020,40032.0,33094137.0,48292.0,19.5,24.0,825.9839286877464,6.2,32.4,12.178823462497776,,,298737.0,12839146812.0,42978.0,1398.0,15858.0,8.3,361398.0,4.394396237772348,199.268,11786.207,control,0,,0,0.0,,,1,0,FUTURE_DC_2023plus
48141,El Paso County,TX,2021,44328.0,35180247.0,50919.0,19.3,24.7,849.2460774115357,6.8,32.6,13.112317680768877,,,306358.0,13749341463.0,44880.0,1354.0,16442.0,6.2,366331.0,5.814046480382592,175.824,8231.806,control,0,,0,0.0,,,1,0,FUTURE_DC_2023plus
48141,El Paso County,TX,2022,44748.0,37151060.0,55417.0,19.5,25.0,852.5493617466449,6.8,32.8,15.405139346589472,,,318183.0,14950346004.0,46987.0,1152.0,16810.0,4.3,370182.0,6.663383168364024,85.52,9931.56,control,0,,0,0.0,,,1,0,FUTURE_DC_2023plus
48141,El Paso County,TX,2023,46918.0,39019392.0,58859.0,18.9,25.4,854.9604533602306,6.2,33.3,,,,325804.0,15792767989.0,48473.0,1280.0,16867.0,,,7.82157018447322,5.98,0.0,control,0,,0,0.0,,,1,0,FUTURE_DC_2023plus
48141,El Paso County,TX,2024,49306.0,42288300.0,,,,,,,13.608653578559052,,,333908.0,16772157774.0,50230.0,866.0,16825.0,,,,0.0,0.0,control,0,,0,0.0,,,1,0,FUTURE_DC_2023plus
48157,Fort Bend County,TX,2010,48621.0,19360410.0,79845.0,,40.4,628.9570705927816,5.1,34.6,,,,130712.0,6154567900.0,47085.0,249.0,9048.0,7.7,298655.0,3.863180967991122,0.0,0.0,control,0,,0,0.0,,,1,0,BACKFILL
48157,Fort Bend County,TX,2011,51476.0,19840223.0,82571.0,,40.7,656.0100357774072,5.1,34.8,,,,135858.0,6599507487.0,48577.0,101.0,9419.0,7.3,308200.0,4.148275267721315,0.0,0.0,control,0,,0,0.0,,,1,0,BACKFILL
48157,Fort Bend County,TX,2012,54408.0,21013888.0,84211.0,8.3,40.8,681.9709951178868,5.4,35.1,,,,143560.0,7213603026.0,50248.0,95.0,9902.0,5.9,318351.0,4.205046200154845,0.0,0.0,control,0,,0,0.0,,,1,0,BACKFILL
48157,Fort Bend County,TX,2013,56042.0,24202615.0,85297.0,8.4,41.4,706.6577542278961,5.6,35.2,,,,157046.0,8105785389.0,51614.0,110.0,10474.0,5.5,332589.0,4.4880888323631565,0.0,0.0,control,0,,0,0.0,,,1,0,BACKFILL
48157,Fort Bend County,TX,2014,60409.0,26629713.0,86407.0,8.7,42.3,734.5172487023002,5.6,35.3,,,,163123.0,8444231160.0,51766.0,122.0,11133.0,4.6,346538.0,4.429104968573193,0.0,0.0,control,0,,0,0.0,,,1,0,BACKFILL
48157,Fort Bend County,TX,2015,62893.0,29862334.0,89152.0,8.2,43.7,763.9758760706821,5.1,35.5,,,,169860.0,8724669222.0,51364.0,124.0,11805.0,4.3,356003.0,4.476908272463656,0.0,0.0,control,0,,0,0.0,,,1,0,BACKFILL
48157,Fort Bend County,TX,2016,55684.0,25694898.0,91152.0,8.2,44.6,793.4809223909938,5.4,35.7,,,,173591.0,8629139251.0,49710.0,159.0,12466.0,5.0,367050.0,4.5028535689156435,0.0,0.0,control,0,,0,0.0,,,1,0,BACKFILL
48157,Fort Bend County,TX,2017,57407.0,27576129.0,93645.0,8.1,45.7,825.5854300193683,5.3,35.8,,,,178763.0,9094937463.0,50877.0,260.0,13246.0,4.7,372854.0,4.9092468629285735,0.0,0.0,control,0,,0,0.0,,,1,0,BACKFILL
48157,Fort Bend County,TX,2018,59752.0,29522284.0,95561.0,7.8,46.1,857.9870189400929,5.3,36.0,,,,189321.0,9817913556.0,51859.0,264.0,13860.0,4.0,383691.0,5.301513112585835,0.0,0.0,control,0,,0,0.0,,,1,0,BACKFILL
48157,Fort Bend County,TX,2019,63288.0,31347685.0,97743.0,7.4,46.2,888.2196823319025,5.1,36.3,,,,196218.0,10302567410.0,52506.0,242.0,14530.0,3.5,396820.0,6.056679577816499,0.0,0.0,control,0,,0,0.0,,,1,0,BACKFILL
48157,Fort Bend County,TX,2020,62820.0,31078612.0,100189.0,7.5,46.5,917.809443239486,5.6,36.5,,,,190182.0,10275059035.0,54028.0,264.0,15432.0,7.6,402550.0,9.40299872005851,50.954,4745.791,control,0,,0,0.0,,,1,0,BACKFILL
48157,Fort Bend County,TX,2021,67154.0,33046273.0,102590.0,7.2,48.1,935.9186368610576,5.5,36.7,,,,203242.0,11035175203.0,54296.0,331.0,16711.0,5.9,409265.0,12.272517625354157,87.667,10248.578,control,0,,0,0.0,,,1,0,BACKFILL
48157,Fort Bend County,TX,2022,69262.0,34650175.0,109987.0,6.9,48.6,966.2186077331652,5.2,36.9,,,,230396.0,13169654671.0,57161.0,351.0,17697.0,4.0,419021.0,13.985081902285952,34.361,16263.258,control,0,,0,0.0,,,1,0,BACKFILL
48157,Fort Bend County,TX,2023,73340.0,36728959.0,113409.0,7.2,49.3,997.6836942987082,5.0,37.1,,,,242521.0,14472037236.0,59673.0,375.0,18061.0,,,15.911375706782662,3.528,1976.106,control,0,,0,0.0,,,1,0,BACKFILL
48157,Fort Bend County,TX,2024,75721.0,39054035.0,,,,,,,,,,251283.0,15721854575.0,62566.0,268.0,18369.0,,,,0.0,0.0,control,0,,0,0.0,,,1,0,BACKFILL
48187,Guadalupe County,TX,2010,34518.0,3853581.0,61274.0,,24.0,172.55182051956194,6.3,36.3,9.774041717210592,,,28932.0,1014940635.0,35080.0,,1806.0,6.8,65009.0,3.1878584175055007,0.0,0.0,control,0,,0,0.0,,,1,0,FUTURE_DC_2023plus
48187,Guadalupe County,TX,2011,36219.0,4252902.0,61608.0,,24.1,179.2597008378172,6.1,36.3,9.828925019817287,,,29983.0,1095625701.0,36542.0,3.0,1838.0,6.7,66706.0,3.131998529264298,0.0,0.0,control,0,,0,0.0,,,1,0,FUTURE_DC_2023plus
48187,Guadalupe County,TX,2012,37349.0,4611501.0,63889.0,9.7,25.3,185.51064107989703,6.8,36.5,9.932341349552654,,,30602.0,1153875580.0,37706.0,,1866.0,5.6,68150.0,3.1492520526374985,0.0,0.0,control,0,,0,0.0,,,1,0,FUTURE_DC_2023plus
48187,Guadalupe County,TX,2013,39107.0,5703535.0,61958.0,9.7,24.6,191.12748909319183,7.2,36.5,10.315161392686225,,,31484.0,1203474151.0,38225.0,,1911.0,5.5,69954.0,3.819230465355139,0.0,0.0,control,0,,0,0.0,,,1,0,FUTURE_DC_2023plus
48187,Guadalupe County,TX,2014,40951.0,6394046.0,62412.0,9.7,25.2,196.42658800736163,6.9,36.6,10.639200096103831,,,33021.0,1309598628.0,39659.0,4.0,1969.0,4.4,71470.0,3.92114816119595,0.0,0.0,control,0,,0,0.0,,,1,0,FUTURE_DC_2023plus
48187,Guadalupe County,TX,2015,42286.0,6966381.0,62420.0,9.8,26.1,201.70037947115864,5.7,36.6,10.6251866321133,,,34126.0,1386893906.0,40641.0,,2003.0,3.6,72967.0,3.741979869284956,0.0,0.0,control,0,,0,0.0,,,1,0,FUTURE_DC_2023plus
48187,Guadalupe County,TX,2016,42466.0,6190014.0,64599.0,10.5,26.5,207.11757982040143,5.2,36.7,10.566229551096344,,,38573.0,1563724778.0,40539.0,,2074.0,3.6,75992.0,4.101553950536222,0.0,0.0,control,0,,0,0.0,,,1,0,FUTURE_DC_2023plus
48187,Guadalupe County,TX,2017,44154.0,5945004.0,66187.0,10.6,26.8,212.1453266277963,4.5,36.7,10.807449010787462,,,40625.0,1713815358.0,42186.0,,2134.0,3.4,77854.0,4.0514735222025875,0.0,0.0,control,0,,0,0.0,,,1,0,FUTURE_DC_2023plus
48187,Guadalupe County,TX,2018,45037.0,6150638.0,70931.0,9.5,27.5,218.1178849157754,3.9,36.7,10.76918238718602,,,41670.0,1851715408.0,44438.0,,2206.0,3.2,79699.0,4.076503486846648,0.0,0.0,control,0,,0,0.0,,,1,0,FUTURE_DC_2023plus
48187,Guadalupe County,TX,2019,46799.0,7516017.0,74496.0,9.1,28.2,223.50134199785447,3.6,37.0,10.507232743905824,,,41465.0,1910998093.0,46087.0,,2269.0,3.0,81152.0,4.512928282613322,0.0,0.0,control,0,,0,0.0,,,1,0,FUTURE_DC_2023plus
48187,Guadalupe County,TX,2020,49038.0,7784463.0,75774.0,9.0,28.0,229.21520190424505,4.5,37.0,10.546052703616848,,,40859.0,1956737618.0,47890.0,,2339.0,6.1,80569.0,6.422848450674675,66.681,4363.826,control,0,,0,0.0,,,1,0,FUTURE_DC_2023plus
48187,Guadalupe County,TX,2021,53313.0,8973509.0,80047.0,9.2,28.7,238.27948704610031,4.4,37.0,10.935060549839028,,,42308.0,2140591907.0,50596.0,,2474.0,4.5,82771.0,8.504854368932039,152.234,11891.851,control,0,,0,0.0,,,1,0,FUTURE_DC_2023plus
48187,Guadalupe County,TX,2022,56029.0,11144694.0,88111.0,8.7,29.5,244.3968601889904,4.3,37.3,11.95175057564501,,,44814.0,2455391973.0,54791.0,,2588.0,3.4,85569.0,9.887351683720036,56.616,11900.658,control,0,,0,0.0,,,1,0,FUTURE_DC_2023plus
48187,Guadalupe County,TX,2023,59053.0,11903110.0,93776.0,8.8,30.9,250.7799615607948,4.4,37.5,,,,47376.0,2708396157.0,57169.0,,2667.0,,,11.92620301099104,6.92,39.631,control,0,,0,0.0,,,1,0,FUTURE_DC_2023plus
48187,Guadalupe County,TX,2024,61610.0,12526823.0,,,,,,,12.32188387505939,,,48527.0,2874511477.0,59236.0,,2729.0,,,,0.0,0.0,control,0,,0,0.0,,,1,0,FUTURE_DC_2023plus
48215,Hidalgo County,TX,2010,22216.0,18607751.0,31879.0,,15.1,469.1235979087906,9.9,28.1,10.318131003719325,,,219373.0,6530122887.0,29767.0,196.0,10879.0,11.8,318793.0,3.6247155019809494,0.0,0.0,control,0,,0,0.0,,,1,0,MINOR_COLO
48215,Hidalgo County,TX,2011,23017.0,18916776.0,32479.0,,15.3,482.16023735850183,10.1,28.2,9.905926757911256,,,224714.0,6796151196.0,30244.0,183.0,11204.0,11.9,326643.0,4.057602805109519,0.0,0.0,control,0,,0,0.0,,,1,0,MINOR_COLO
48215,Hidalgo County,TX,2012,23328.0,19221723.0,33218.0,35.0,15.6,493.21528214967054,10.6,28.3,9.245210325319766,,,228756.0,7007582517.0,30633.0,194.0,11495.0,10.5,327192.0,3.9315828038364375,0.0,0.0,control,0,,0,0.0,,,1,0,MINOR_COLO
48215,Hidalgo County,TX,2013,23924.0,20141428.0,34146.0,34.8,15.9,503.2893962088077,10.8,28.4,9.792167346497616,,,234133.0,7261273105.0,31013.0,200.0,11676.0,10.4,330700.0,4.134705131368615,0.0,0.0,control,0,,0,0.0,,,1,0,MINOR_COLO
48215,Hidalgo County,TX,2014,24568.0,20483023.0,34952.0,34.6,16.4,513.3475964014292,10.4,28.6,10.424298398812509,,,239524.0,7663737661.0,31996.0,268.0,11878.0,8.9,331733.0,4.333663737395319,0.0,0.0,control,0,,0,0.0,,,1,0,MINOR_COLO
48215,Hidalgo County,TX,2015,25140.0,20702995.0,34782.0,34.2,16.7,521.4763994176798,9.9,28.8,9.187091845453295,,,245416.0,8000402851.0,32599.0,271.0,11976.0,8.0,331119.0,4.609180673852416,0.0,0.0,control,0,,0,0.0,,,1,0,MINOR_COLO
48215,Hidalgo County,TX,2016,25314.0,20609846.0,36094.0,32.8,17.4,527.2798682586474,9.0,28.8,9.013116922182933,,,249614.0,8236014038.0,32995.0,268.0,12196.0,7.8,337251.0,4.426295317997659,0.0,0.0,control,0,,0,0.0,,,1,0,MINOR_COLO
48215,Hidalgo County,TX,2017,25802.0,20721197.0,37097.0,31.8,17.8,534.4124632310114,8.1,28.9,9.170082873556536,,,255024.0,8571920798.0,33612.0,218.0,12365.0,7.5,340521.0,4.8944944266737895,0.0,0.0,control,0,,0,0.0,,,1,0,MINOR_COLO
48215,Hidalgo County,TX,2018,26831.0,21184628.0,38398.0,31.2,18.4,540.6825266382211,7.4,29.1,9.442734019979264,,,261227.0,8976452257.0,34363.0,220.0,12612.0,6.6,345147.0,5.467227114855898,0.0,0.0,control,0,,0,0.0,,,1,0,MINOR_COLO
48215,Hidalgo County,TX,2019,28110.0,21991095.0,40014.0,29.7,18.7,544.3662684592895,6.9,29.2,9.382656232529452,,,266135.0,9369990453.0,35208.0,224.0,12750.0,6.3,349181.0,5.790240915547461,0.0,0.0,control,0,,0,0.0,,,1,0,MINOR_COLO
48215,Hidalgo County,TX,2020,31116.0,21619757.0,41846.0,28.4,19.3,548.1607707913074,7.3,29.4,9.461101378451891,,,257279.0,9600379874.0,37315.0,334.0,12998.0,11.7,359152.0,6.294548211881587,257.374,5943.104,control,0,,0,0.0,,,1,0,MINOR_COLO
48215,Hidalgo County,TX,2021,34857.0,22780663.0,44666.0,28.1,19.5,551.0507289505696,7.8,29.6,10.024637335873166,,,267603.0,10467490602.0,39116.0,337.0,13306.0,9.1,367863.0,7.2488104374520335,155.173,8168.026,control,0,,0,0.0,,,1,0,MINOR_COLO
48215,Hidalgo County,TX,2022,33794.0,23120685.0,49371.0,27.7,20.1,555.8185233586916,7.6,29.8,11.376388909321324,,,280134.0,11427297879.0,40792.0,218.0,13746.0,6.6,371568.0,7.925299358463919,58.935,16121.944,control,0,,0,0.0,,,1,0,MINOR_COLO
48215,Hidalgo County,TX,2023,34393.0,23626970.0,52281.0,27.2,20.3,560.7543681972198,7.6,30.3,,,,287428.0,11983001127.0,41690.0,222.0,13995.0,,,8.601965331994998,0.0,924.254,control,0,,0,0.0,,,1,0,MINOR_COLO
48215,Hidalgo County,TX,2024,35290.0,24238655.0,,,,,,,10.201386399556808,,,291901.0,12523992874.0,42905.0,392.0,14062.0,,,,0.0,0.0,control,0,,0,0.0,,,1,0,MINOR_COLO
48251,Johnson County,TX,2010,33644.0,6595455.0,54954.0,,16.1,203.662618552889,7.2,36.1,10.361496555966584,,,38813.0,1397464130.0,36005.0,25.0,2694.0,8.7,72051.0,2.4675065600687462,0.0,0.0,control,0,,0,0.0,,,1,0,
48251,Johnson County,TX,2011,35875.0,6223242.0,55970.0,,16.3,206.51864974571663,7.1,36.0,9.893809256428126,,,40826.0,1535378286.0,37608.0,24.0,2767.0,8.0,72738.0,2.394395966061777,0.0,0.0,control,0,,0,0.0,,,1,0,
48251,Johnson County,TX,2012,36045.0,5848936.0,57016.0,11.0,15.8,208.57857949010875,8.0,36.2,9.147450940896997,,,43051.0,1666010999.0,38699.0,25.0,2813.0,6.6,72986.0,2.6381909547738696,0.0,0.0,control,0,,0,0.0,,,1,0,
48251,Johnson County,TX,2013,36989.0,5740369.0,57535.0,12.0,16.7,210.2480469989597,8.4,36.3,9.143144500737952,,,42911.0,1670597642.0,38932.0,26.0,2880.0,6.2,73541.0,3.104619361043489,0.0,0.0,control,0,,0,0.0,,,1,0,
48251,Johnson County,TX,2014,38102.0,5978591.0,58221.0,12.5,16.6,212.27624306343148,7.7,36.4,10.1620592476105,,,44817.0,1865884721.0,41633.0,,2947.0,5.1,74263.0,3.455395460645656,0.0,0.0,control,0,,0,0.0,,,1,0,
48251,Johnson County,TX,2015,38414.0,5708065.0,58135.0,12.1,17.3,214.478284504858,7.3,36.7,9.083390158347616,,,45380.0,1856506651.0,40910.0,,3001.0,4.4,74321.0,3.913997367266345,0.0,0.0,control,0,,0,0.0,,,1,0,
48251,Johnson County,TX,2016,38974.0,5475019.0,59095.0,12.1,17.7,217.36742910281987,6.3,36.8,9.147972945867153,,,44756.0,1809149622.0,40422.0,,3031.0,4.4,76072.0,3.8484090096532,0.0,0.0,control,0,,0,0.0,,,1,0,
48251,Johnson County,TX,2017,40873.0,5737907.0,60458.0,11.0,18.5,220.99472669023237,4.9,36.9,9.647730644619234,,,46572.0,1981677254.0,42551.0,,3131.0,3.8,77504.0,3.734087300481907,0.0,0.0,control,0,,0,0.0,,,1,0,
48251,Johnson County,TX,2018,42850.0,5773737.0,62066.0,10.6,18.3,225.55057934661733,4.3,36.8,9.48752555549305,,,47043.0,2111171401.0,44877.0,,3275.0,3.5,79865.0,3.2094912700761347,0.0,0.0,control,0,,0,0.0,,,1,0,
48251,Johnson County,TX,2019,44837.0,5817568.0,64359.0,10.2,18.7,230.70661247106025,3.5,36.8,9.42609637258282,,,48391.0,2266991448.0,46847.0,,3374.0,3.2,82696.0,3.242900903462627,0.0,0.0,control,0,,0,0.0,,,1,0,
48251,Johnson County,TX,2020,47294.0,5750468.0,65311.0,10.3,19.5,236.428332933213,3.5,36.9,9.31178521333289,,,48344.0,2373110205.0,49088.0,,3517.0,6.5,83252.0,2.788148785642869,94.491,6633.495,control,0,,0,0.0,,,1,0,
48251,Johnson County,TX,2021,51546.0,6242007.0,70767.0,10.4,20.5,244.24171681967815,3.3,37.0,10.175271186787723,,,51556.0,2650878433.0,51418.0,84.0,3729.0,4.9,86254.0,3.677998857462351,259.551,11668.421,control,0,,0,0.0,,,1,0,
48251,Johnson County,TX,2022,53116.0,6541466.0,77058.0,10.6,21.4,252.061999332213,3.5,37.1,14.005861914351572,,,53917.0,2863975508.0,53119.0,102.0,3912.0,3.5,88975.0,4.989049855364399,106.452,12139.081,control,0,,0,0.0,,,1,0,
48251,Johnson County,TX,2023,55315.0,6752147.0,81826.0,10.7,23.5,260.5197148935818,3.6,37.2,,,,56301.0,3096711976.0,55003.0,125.0,3976.0,,,6.2113266028052605,9.569,1041.193,control,0,,0,0.0,,,1,0,
48251,Johnson County,TX,2024,56879.0,7126899.0,,,,,,,13.444161968540412,,,59977.0,3451685317.0,57550.0,,4062.0,,,,0.0,0.0,control,0,,0,0.0,,,1,0,
48329,Midland County,TX,2010,75300.0,9957386.0,54945.0,,23.9,146.7227480624374,4.0,33.6,8.548390209775198,,,67375.0,3504640115.0,52017.0,90.0,4742.0,5.9,71420.0,3.2092107913780548,0.0,0.0,control,0,,0,0.0,,,1,0,MINOR_COLO
48329,Midland County,TX,2011,102327.0,11438528.0,57807.0,,23.7,149.94257839659338,4.0,33.6,9.269343286025736,,,73656.0,4104348786.0,55723.0,97.0,4823.0,4.9,76562.0,3.4005285013212534,0.0,0.0,control,0,,0,0.0,,,1,0,MINOR_COLO
48329,Midland County,TX,2012,111579.0,13996317.0,59391.0,9.8,22.9,153.79660090763898,4.1,33.3,9.373296175026551,,,79936.0,4839094470.0,60537.0,105.0,4994.0,3.9,82031.0,3.2170872873637513,0.0,0.0,control,0,,0,0.0,,,1,0,MINOR_COLO
48329,Midland County,TX,2013,116428.0,14591419.0,62993.0,10.4,24.4,158.03602566978913,4.3,32.9,9.904889327818456,,,84737.0,5292643054.0,62460.0,114.0,5146.0,3.7,85874.0,3.404493414823104,0.0,0.0,control,0,,0,0.0,,,1,0,MINOR_COLO
48329,Midland County,TX,2014,123458.0,16127457.0,66966.0,10.0,25.0,162.5875485084822,3.9,32.5,10.54955551142718,,,91151.0,6250035207.0,68568.0,,5332.0,2.9,90787.0,2.872970706695809,0.0,0.0,control,0,,0,0.0,,,1,0,MINOR_COLO
48329,Midland County,TX,2015,91558.0,17085219.0,68806.0,8.8,25.6,168.03316014296536,3.4,32.1,10.329873075920291,,,88748.0,5771253048.0,65029.0,25.0,5434.0,3.5,88407.0,2.4819697249887724,0.0,0.0,control,0,,0,0.0,,,1,0,MINOR_COLO
48329,Midland County,TX,2016,76506.0,16237777.0,71424.0,7.9,26.2,173.0611601163093,3.6,31.9,10.030431962825968,,,83625.0,5357482801.0,64066.0,,5443.0,4.4,85080.0,2.186837881219904,0.0,0.0,control,0,,0,0.0,,,1,0,MINOR_COLO
48329,Midland County,TX,2017,111023.0,18874725.0,75815.0,8.7,26.8,177.57714153703304,3.5,31.8,11.108980354258392,,,89895.0,6278623780.0,69844.0,,5494.0,3.0,90073.0,2.420386960776933,0.0,0.0,control,0,,0,0.0,,,1,0,MINOR_COLO
48329,Midland County,TX,2018,132580.0,23395416.0,78888.0,9.0,27.4,182.36523693908424,3.3,31.7,10.431254720375652,,,103858.0,7812226399.0,75220.0,,5777.0,2.1,102169.0,2.7310694151883013,0.0,0.0,control,0,,0,0.0,,,1,0,MINOR_COLO
48329,Midland County,TX,2019,136575.0,26788649.0,79421.0,9.6,27.4,186.77792611383472,3.3,31.7,10.229295167399403,,,107971.0,8487628335.0,78610.0,,6059.0,2.1,105872.0,3.2248139075277216,0.0,0.0,control,0,,0,0.0,,,1,0,MINOR_COLO
48329,Midland County,TX,2020,103175.0,24817332.0,83217.0,9.8,27.4,190.18879156957567,3.4,31.8,10.025935421775529,,,93679.0,7288756621.0,77806.0,,6200.0,8.1,98346.0,4.364769146945254,110.01,6842.008,control,0,,0,0.0,,,1,0,MINOR_COLO
48329,Midland County,TX,2021,120568.0,24908873.0,88210.0,11.1,28.8,185.44179093205148,3.3,32.0,11.910667359674918,,,97527.0,7813907940.0,80120.0,,6255.0,5.5,100142.0,5.255420361915235,134.39,11174.606,control,0,,0,0.0,,,1,0,MINOR_COLO
48329,Midland County,TX,2022,146427.0,25013723.0,90123.0,10.8,29.4,188.13960668978345,3.4,32.1,13.441620153725824,,,107461.0,9344272814.0,86955.0,23.0,6326.0,3.0,106186.0,5.497696069211962,64.222,9853.895,control,0,,0,0.0,,,1,0,MINOR_COLO
48329,Midland County,TX,2023,144049.0,34397592.0,93984.0,10.6,30.9,190.47534425195312,3.7,32.6,,,,114762.0,10623773739.0,92572.0,,6385.0,,,5.352622489294755,4.163,844.399,control,0,,0,0.0,,,1,0,MINOR_COLO
48329,Midland County,TX,2024,146414.0,36432786.0,,,,,,,13.352364853480411,,,118325.0,11497127714.0,97166.0,22.0,6420.0,,,,0.0,0.0,control,0,,0,0.0,,,1,0,MINOR_COLO
48339,Montgomery County,TX,2010,50002.0,16624250.0,65620.0,,29.7,410.4056780923851,6.1,35.8,8.997820829246738,,,127250.0,5482028449.0,43081.0,44.0,8597.0,7.6,224728.0,5.276681143922847,0.0,0.0,control,0,,0,0.0,,,1,0,MINOR_COLO;BACKFILL
48339,Montgomery County,TX,2011,53182.0,17573782.0,66657.0,,30.1,425.6669426903772,6.6,36.0,10.04561748948285,,,133663.0,6078612209.0,45477.0,60.0,8844.0,7.3,231622.0,5.307753718660156,0.0,0.0,control,0,,0,0.0,,,1,0,MINOR_COLO;BACKFILL
48339,Montgomery County,TX,2012,60573.0,20299786.0,66422.0,12.3,30.1,439.7882901338635,6.8,36.2,9.440394519930422,,,141587.0,6799688263.0,48025.0,87.0,9233.0,5.9,238639.0,5.208264007073655,0.0,0.0,control,0,,0,0.0,,,1,0,MINOR_COLO;BACKFILL
48339,Montgomery County,TX,2013,63256.0,21329445.0,67766.0,12.4,30.7,453.05182113279744,7.1,36.2,9.96612140097433,,,149667.0,7441474632.0,49720.0,68.0,9626.0,5.5,245832.0,5.086733287548996,0.0,0.0,control,0,,0,0.0,,,1,0,MINOR_COLO;BACKFILL
48339,Montgomery County,TX,2014,65215.0,22920163.0,68840.0,12.3,31.7,467.3161379837091,6.7,36.3,10.806220214228954,,,157888.0,8163317173.0,51703.0,81.0,10005.0,4.5,253442.0,4.968437091858947,0.0,0.0,control,0,,0,0.0,,,1,0,MINOR_COLO;BACKFILL
48339,Montgomery County,TX,2015,60161.0,23676753.0,68838.0,12.0,32.2,482.24444698185823,6.1,36.4,10.372079493589151,,,165177.0,8662353860.0,52443.0,112.0,10470.0,4.3,258314.0,4.915348492338111,0.0,0.0,control,0,,0,0.0,,,1,0,MINOR_COLO;BACKFILL
48339,Montgomery County,TX,2016,56453.0,24412859.0,70805.0,11.0,33.0,497.849221968161,5.4,36.6,10.16724303918529,,,168572.0,8823879824.0,52345.0,103.0,10873.0,4.9,265996.0,5.176445487518668,0.0,0.0,control,0,,0,0.0,,,1,0,MINOR_COLO;BACKFILL
48339,Montgomery County,TX,2017,62034.0,26495280.0,74323.0,10.3,33.7,513.5259614212886,4.9,36.7,10.896962371792048,,,175953.0,9508622356.0,54041.0,95.0,11324.0,4.4,268206.0,5.4559600477406685,0.0,0.0,control,0,,0,0.0,,,1,0,MINOR_COLO;BACKFILL
48339,Montgomery County,TX,2018,62680.0,30009488.0,77416.0,9.9,34.7,532.0045174494642,4.5,36.9,10.692713174436028,,,186706.0,10494756872.0,56210.0,85.0,11815.0,3.8,277580.0,6.247887783522575,0.0,0.0,control,0,,0,0.0,,,1,0,MINOR_COLO;BACKFILL
48339,Montgomery County,TX,2019,66857.0,31196053.0,80902.0,9.3,34.5,548.8000644801623,4.2,37.1,10.494521180249988,,,192400.0,11226848150.0,58352.0,108.0,12344.0,3.4,286684.0,6.875406624140948,0.0,0.0,control,0,,0,0.0,,,1,0,MINOR_COLO;BACKFILL
48339,Montgomery County,TX,2020,67957.0,31663132.0,83274.0,8.9,34.9,566.300863285744,4.6,37.2,10.362617631524126,,,186567.0,11404857792.0,61130.0,223.0,12968.0,7.5,289558.0,8.424342616943463,45.459,4659.506,control,0,,0,0.0,,,1,0,MINOR_COLO;BACKFILL
48339,Montgomery County,TX,2021,71743.0,35020586.0,88597.0,8.8,36.4,583.3909848673119,4.6,37.3,12.013533717906224,,,196866.0,12555334730.0,63776.0,267.0,13792.0,5.7,294875.0,10.444025108791928,152.986,11999.322,control,0,,0,0.0,,,1,0,MINOR_COLO;BACKFILL
48339,Montgomery County,TX,2022,74822.0,35780381.0,95946.0,8.8,37.7,604.490966540361,4.3,37.4,13.806243157526668,,,211218.0,14136299009.0,66927.0,409.0,14668.0,4.0,302110.0,12.387855782367868,37.94,12698.335,control,0,,0,0.0,,,1,0,MINOR_COLO;BACKFILL
48339,Montgomery County,TX,2023,78799.0,37839046.0,97266.0,9.3,37.9,628.2229286467514,4.6,37.2,,,,222797.0,15535693889.0,69730.0,353.0,15093.0,,,14.057509025388068,6.119,701.811,control,0,,0,0.0,,,1,0,MINOR_COLO;BACKFILL
48339,Montgomery County,TX,2024,80512.0,39558095.0,,,,,,,13.568467931841246,,,227434.0,15979889896.0,70262.0,340.0,15222.0,,,,0.0,0.0,control,0,,0,0.0,,,1,0,MINOR_COLO;BACKFILL
48439,Tarrant County,TX,2010,40684.0,95294740.0,55306.0,,28.7,2014.711915727188,7.4,33.2,10.732617083672276,,,744151.0,34902354866.0,46902.0,2117.0,37528.0,8.2,926222.0,3.881345395455342,0.0,0.0,treated,1,2017.0,0,0.0,Meta,Meta,1,1,PRE_COVID_COHORT;HUGE_METRO
48439,Tarrant County,TX,2011,42073.0,96511251.0,56178.0,,28.9,2057.934668924112,7.8,33.4,9.983693663539665,,,760993.0,36086521191.0,47420.0,1903.0,38061.0,7.8,950017.0,3.845206165816853,0.0,0.0,treated,1,2017.0,0,0.0,Meta,Meta,1,1,PRE_COVID_COHORT;HUGE_METRO
48439,Tarrant County,TX,2012,44164.0,100505177.0,56859.0,14.7,29.1,2097.189943197906,8.2,33.4,9.240407626255884,,,781848.0,37944509329.0,48532.0,1927.0,38888.0,6.5,963879.0,3.7907696319354063,0.0,0.0,treated,1,2017.0,0,0.0,Meta,Meta,1,1,PRE_COVID_COHORT;HUGE_METRO
48439,Tarrant County,TX,2013,44619.0,102898603.0,56853.0,15.2,29.5,2136.2013671796,8.4,33.5,9.374774564757702,,,806713.0,39475361240.0,48934.0,1808.0,39495.0,6.1,979558.0,3.783353154549398,0.0,0.0,treated,1,2017.0,0,0.0,Meta,Meta,1,1,PRE_COVID_COHORT;HUGE_METRO
48439,Tarrant County,TX,2014,47856.0,105143393.0,57727.0,15.3,29.7,2174.392252263705,7.9,33.8,10.449989891429407,,,822665.0,41886203607.0,50915.0,2088.0,40020.0,5.1,989579.0,3.891285988829027,0.0,0.0,treated,1,2017.0,0,0.0,Meta,Meta,1,1,PRE_COVID_COHORT;HUGE_METRO
48439,Tarrant County,TX,2015,47580.0,107918603.0,58711.0,15.0,30.3,2212.59584992228,6.9,34.0,9.734237581578745,,,840593.0,44287841486.0,52686.0,2281.0,40946.0,4.2,991895.0,3.9210308640485505,0.0,0.0,treated,1,2017.0,0,0.0,Meta,Meta,1,1,PRE_COVID_COHORT;HUGE_METRO
48439,Tarrant County,TX,2016,46706.0,107760061.0,60373.0,14.4,30.7,2250.7370403970945,6.0,34.1,9.120773723595883,,,855756.0,44816987864.0,52371.0,2196.0,41980.0,4.0,1011543.0,4.220532767183888,0.0,0.0,treated,1,2017.0,0,0.0,Meta,Meta,1,1,PRE_COVID_COHORT;HUGE_METRO
48439,Tarrant County,TX,2017,49430.0,111059066.0,62532.0,13.5,31.1,2292.5105601044743,5.4,34.2,9.429200238611424,,,873867.0,47140500811.0,53945.0,2029.0,43221.0,3.8,1028588.0,4.285080067780925,0.0,0.0,treated,1,2017.0,1,0.0,Meta,Meta,1,1,PRE_COVID_COHORT;HUGE_METRO
48439,Tarrant County,TX,2018,51749.0,116836265.0,64874.0,12.9,31.5,2334.464367231606,5.0,34.3,9.510542217045511,,,897988.0,49956790714.0,55632.0,2000.0,44396.0,3.5,1052026.0,4.463167505841615,0.0,0.0,treated,1,2017.0,1,1.0,Meta,Meta,1,1,PRE_COVID_COHORT;HUGE_METRO
48439,Tarrant County,TX,2019,52208.0,119023025.0,67700.0,11.9,32.3,2368.8957973384495,4.7,34.4,9.810364854930333,,,921867.0,53285792439.0,57802.0,1815.0,45652.0,3.3,1071186.0,4.782021054228713,0.0,0.0,treated,1,2017.0,1,2.0,Meta,Meta,1,1,PRE_COVID_COHORT;HUGE_METRO
48439,Tarrant County,TX,2020,53809.0,114314852.0,70306.0,11.4,32.6,2400.542017947844,5.0,34.6,9.488961248086984,,,887573.0,54076631909.0,60926.0,1929.0,46920.0,7.4,1075554.0,7.110627483714271,72.886,7318.089,treated,1,2017.0,1,3.0,Meta,Meta,1,1,PRE_COVID_COHORT;HUGE_METRO
48439,Tarrant County,TX,2021,60684.0,123805218.0,73545.0,11.3,33.4,2417.6462090525088,5.1,34.8,10.289688484523596,,,918623.0,58536068190.0,63722.0,1971.0,49102.0,5.3,1108542.0,9.349307297091288,172.166,11607.01,treated,1,2017.0,1,4.0,Meta,Meta,1,1,PRE_COVID_COHORT;HUGE_METRO
48439,Tarrant County,TX,2022,64177.0,128362818.0,78872.0,11.0,33.9,2442.9569448216484,4.9,34.9,13.845430531146397,,,969110.0,64793249902.0,66859.0,2064.0,50526.0,3.7,1139902.0,11.612266892110604,58.007,13733.98,treated,1,2017.0,1,5.0,Meta,Meta,1,1,PRE_COVID_COHORT;HUGE_METRO
48439,Tarrant County,TX,2023,67797.0,135192208.0,81905.0,10.9,34.5,2468.2538123277304,4.7,35.1,,,,997214.0,69339698966.0,69533.0,2003.0,50864.0,,,13.549572281313392,9.611,986.55,treated,1,2017.0,1,6.0,Meta,Meta,1,1,PRE_COVID_COHORT;HUGE_METRO
48439,Tarrant County,TX,2024,69936.0,139883117.0,,,,,,,13.376277397874222,,,1010352.0,73425813384.0,72674.0,2275.0,50573.0,,,,0.0,0.0,treated,1,2017.0,1,7.0,Meta,Meta,1,1,PRE_COVID_COHORT;HUGE_METRO
49003,Box Elder County,UT,2010,27925.0,2263251.0,55135.0,,22.7,8.392687478777228,4.5,30.2,8.808986928470263,,,17322.0,708656458.0,40912.0,39.0,1251.0,8.6,23543.0,5.063596068606668,0.0,0.0,control,0,,0,0.0,,,1,0,FUTURE_DC_2023plus
49003,Box Elder County,UT,2011,29284.0,2036456.0,55588.0,,22.5,8.54445586768442,5.7,30.6,9.070127604373136,,,16611.0,593148515.0,35709.0,37.0,1244.0,7.8,23033.0,4.924637406389231,0.0,0.0,control,0,,0,0.0,,,1,0,FUTURE_DC_2023plus
49003,Box Elder County,UT,2012,29942.0,1854666.0,55918.0,8.5,21.7,8.643140129737606,5.8,30.9,10.29820050123015,,,16493.0,539249786.0,32695.0,39.0,1245.0,5.1,22526.0,4.375565395419702,0.0,0.0,control,0,,0,0.0,,,1,0,FUTURE_DC_2023plus
49003,Box Elder County,UT,2013,31055.0,2008353.0,57292.0,8.8,21.2,8.730163288514666,6.5,31.4,10.855519832461807,,,17205.0,583873274.0,33937.0,43.0,1242.0,4.3,22833.0,3.9484173505275497,0.0,0.0,control,0,,0,0.0,,,1,0,FUTURE_DC_2023plus
49003,Box Elder County,UT,2014,31939.0,2000800.0,57336.0,9.6,21.6,8.809006270366682,6.3,31.8,11.200977579849338,,,17769.0,619293370.0,34852.0,43.0,1253.0,3.7,23230.0,3.452498704724224,0.0,0.0,control,0,,0,0.0,,,1,0,FUTURE_DC_2023plus
49003,Box Elder County,UT,2015,33133.0,2184033.0,55038.0,9.5,21.5,8.87479577840214,6.3,32.0,11.473295322278176,,,18757.0,669539571.0,35695.0,42.0,1273.0,3.6,23854.0,3.3645035477656124,0.0,0.0,control,0,,0,0.0,,,1,0,FUTURE_DC_2023plus
49003,Box Elder County,UT,2016,33563.0,2209626.0,55514.0,10.3,21.4,8.968258650928703,6.0,32.1,11.580944450121546,,,19982.0,729915536.0,36528.0,43.0,1309.0,3.4,24595.0,3.9750221352346338,0.0,0.0,control,0,,0,0.0,,,1,0,FUTURE_DC_2023plus
49003,Box Elder County,UT,2017,34859.0,2261288.0,58835.0,10.2,22.7,9.082084942609097,5.5,32.3,11.457370290451626,,,20364.0,758396995.0,37243.0,38.0,1361.0,3.2,25437.0,4.000724933170224,0.0,0.0,control,0,,0,0.0,,,1,0,FUTURE_DC_2023plus
49003,Box Elder County,UT,2018,37345.0,2267245.0,59937.0,9.3,23.3,9.22462887668592,4.2,32.5,10.7223443508435,,,21101.0,816476934.0,38694.0,36.0,1415.0,2.8,25680.0,5.005698255457175,0.0,0.0,control,0,,0,0.0,,,1,0,FUTURE_DC_2023plus
49003,Box Elder County,UT,2019,38769.0,2322662.0,62233.0,7.9,23.9,9.389102646774566,4.1,32.6,10.66311303422806,,,21684.0,875992435.0,40397.0,23.0,1442.0,2.6,26248.0,5.29178613594198,0.0,0.0,control,0,,0,0.0,,,1,0,FUTURE_DC_2023plus
49003,Box Elder County,UT,2020,41929.0,2357466.0,63573.0,7.9,23.7,9.564367288551564,3.1,32.9,10.710567480938323,,,21223.0,908082914.0,42787.0,22.0,1481.0,4.5,26695.0,6.7454941084698445,48.196,6619.583,control,0,,0,0.0,,,1,0,FUTURE_DC_2023plus
49003,Box Elder County,UT,2021,45436.0,2477623.0,67486.0,7.0,24.4,9.90166905197145,2.7,32.9,10.654012978358036,,,22611.0,1144061230.0,50598.0,23.0,1566.0,2.5,26926.0,8.045530476671457,135.321,12645.979,control,0,,0,0.0,,,1,0,FUTURE_DC_2023plus
49003,Box Elder County,UT,2022,47677.0,2692240.0,72769.0,8.1,25.8,10.145333896547218,2.6,33.1,11.129168817965384,,,23262.0,1292938108.0,55583.0,25.0,1641.0,2.3,27627.0,9.772718762871158,61.172,10154.599,control,0,,0,0.0,,,1,0,FUTURE_DC_2023plus
49003,Box Elder County,UT,2023,50345.0,2875106.0,77865.0,8.6,26.7,10.394916315919826,3.2,32.9,,,,23960.0,1393493962.0,58158.0,26.0,1620.0,,,10.012879484820608,3.707,426.352,control,0,,0,0.0,,,1,0,FUTURE_DC_2023plus
49003,Box Elder County,UT,2024,52138.0,2894878.0,,,,,,,12.51964258145968,,,23942.0,1416794263.0,59175.0,26.0,1624.0,,,,0.0,0.0,control,0,,0,0.0,,,1,0,FUTURE_DC_2023plus
49005,Cache County,UT,2010,28243.0,4288569.0,47013.0,,35.1,91.93406861356232,5.5,25.2,8.82455248160907,,,46486.0,1445818671.0,31102.0,45.0,3254.0,6.2,56996.0,5.387046744017119,0.0,0.0,control,0,,0,0.0,,,1,0,
49005,Cache County,UT,2011,29878.0,4442179.0,48338.0,,35.6,94.22988754436663,6.3,25.2,9.091016926858943,,,47235.0,1493345702.0,31615.0,43.0,3276.0,5.5,56206.0,4.569440417512323,0.0,0.0,control,0,,0,0.0,,,1,0,
49005,Cache County,UT,2012,30700.0,4317330.0,49203.0,16.0,35.9,96.24151946466378,6.9,25.5,10.307556021170724,,,47868.0,1503970129.0,31419.0,44.0,3252.0,4.0,56022.0,4.33282208588957,0.0,0.0,control,0,,0,0.0,,,1,0,
49005,Cache County,UT,2013,30456.0,4397335.0,49506.0,16.6,36.9,98.0324986305792,7.2,25.2,10.855394727187017,,,48688.0,1573483708.0,32318.0,45.0,3250.0,3.6,57002.0,4.427495471446277,0.0,0.0,control,0,,0,0.0,,,1,0,
49005,Cache County,UT,2014,31647.0,4556602.0,50367.0,15.8,35.9,99.55474506450444,6.4,25.2,11.195806208748374,,,50290.0,1662270913.0,33054.0,43.0,3310.0,3.1,58407.0,4.153668727430851,0.0,0.0,control,0,,0,0.0,,,1,0,
49005,Cache County,UT,2015,33552.0,4733915.0,50497.0,15.6,36.1,100.83830875244476,5.5,25.0,11.45770100158103,,,51794.0,1760032221.0,33982.0,41.0,3436.0,3.0,59742.0,4.587003182591962,0.0,0.0,control,0,,0,0.0,,,1,0,
49005,Cache County,UT,2016,34682.0,4906473.0,51935.0,15.0,36.3,102.0188439169384,4.5,25.0,11.560090784610598,,,52930.0,1856308371.0,35071.0,42.0,3523.0,3.0,61026.0,5.094905094905095,0.0,0.0,control,0,,0,0.0,,,1,0,
49005,Cache County,UT,2017,36960.0,5322111.0,53812.0,15.2,36.9,103.27579190298832,3.6,25.0,11.433301697210236,,,54388.0,1962601130.0,36086.0,234.0,3625.0,2.7,62905.0,5.172689905514333,0.0,0.0,control,0,,0,0.0,,,1,0,
49005,Cache County,UT,2018,39290.0,5812994.0,56840.0,15.2,37.8,105.0341453698123,2.8,25.1,10.714568706631422,,,55723.0,2086338923.0,37441.0,260.0,3723.0,2.5,63850.0,5.547069424182614,0.0,0.0,control,0,,0,0.0,,,1,0,
49005,Cache County,UT,2019,41166.0,5910885.0,59038.0,15.4,38.3,106.604471781346,2.6,25.2,10.65461313562102,,,57358.0,2240916100.0,39069.0,236.0,3809.0,2.1,65150.0,6.295568798481872,0.0,0.0,control,0,,0,0.0,,,1,0,
49005,Cache County,UT,2020,43032.0,5964960.0,60530.0,14.6,38.5,108.46842948470282,2.9,25.4,10.7057787818058,,,58296.0,2468117970.0,42338.0,218.0,3948.0,3.0,66025.0,7.38807203039815,16.108,8993.678,control,0,,0,0.0,,,1,0,
49005,Cache County,UT,2021,49373.0,6368747.0,65670.0,13.9,39.0,113.0763801958572,2.6,25.5,10.668518545013358,,,61737.0,2899058943.0,46958.0,150.0,4139.0,2.0,68871.0,8.901881276816447,51.544,11289.816,control,0,,0,0.0,,,1,0,
49005,Cache County,UT,2022,48905.0,6574773.0,72719.0,13.5,40.0,115.4159862491264,2.4,25.5,11.131386661524388,,,63580.0,3007977047.0,47310.0,73.0,4361.0,2.1,70880.0,10.749298663690386,30.604,12952.12,control,0,,0,0.0,,,1,0,
49005,Cache County,UT,2023,51629.0,6898463.0,78292.0,13.1,40.4,117.65084663689142,2.4,25.9,,,,63191.0,3153511832.0,49905.0,68.0,4439.0,,,12.86743579542943,7.248,417.187,control,0,,0,0.0,,,1,0,
49005,Cache County,UT,2024,53880.0,7165803.0,,,,,,,12.526667789842746,,,63167.0,3302435030.0,52281.0,46.0,4556.0,,,,0.0,0.0,control,0,,0,0.0,,,1,0,
49011,Davis County,UT,2010,33505.0,10910572.0,66866.0,,33.8,984.8361738339568,4.7,28.7,8.81778867500607,,,100022.0,3755280538.0,37544.0,455.0,7022.0,7.1,146307.0,4.457568097592257,0.0,0.0,control,0,,0,0.0,,,1,0,MINOR_COLO;CROSS_STATE_FILL
49011,Davis County,UT,2011,35760.0,11313200.0,69147.0,,34.1,1006.8780574252592,5.0,29.1,9.07913018532007,,,104738.0,4043009635.0,38601.0,432.0,7149.0,6.3,145592.0,4.715385512656013,0.0,0.0,control,0,,0,0.0,,,1,0,MINOR_COLO;CROSS_STATE_FILL
49011,Davis County,UT,2012,37544.0,11543380.0,69355.0,7.6,34.1,1025.4023345939204,5.0,29.4,10.280551187441311,,,107623.0,4206265213.0,39083.0,348.0,7288.0,4.3,146077.0,4.510626097552234,0.0,0.0,control,0,,0,0.0,,,1,0,MINOR_COLO;CROSS_STATE_FILL
49011,Davis County,UT,2013,37320.0,12455338.0,69707.0,7.9,34.1,1042.863304878171,5.1,29.6,10.832886390389191,,,110281.0,4315054964.0,39128.0,343.0,7497.0,3.9,150480.0,4.729096229792312,0.0,0.0,control,0,,0,0.0,,,1,0,MINOR_COLO;CROSS_STATE_FILL
49011,Davis County,UT,2014,38411.0,12673310.0,70388.0,7.8,34.6,1062.123203161833,4.7,29.9,11.174621388914524,,,113935.0,4569404894.0,40106.0,347.0,7698.0,3.4,154563.0,4.945506173183191,0.0,0.0,control,0,,0,0.0,,,1,0,MINOR_COLO;CROSS_STATE_FILL
49011,Davis County,UT,2015,40158.0,12693023.0,71112.0,7.7,34.8,1081.2761020105863,4.2,30.2,11.430852828636535,,,118284.0,4893654228.0,41372.0,166.0,7904.0,3.3,159156.0,5.214808815092302,0.0,0.0,control,0,,0,0.0,,,1,0,MINOR_COLO;CROSS_STATE_FILL
49011,Davis County,UT,2016,41947.0,13200470.0,72661.0,7.2,35.4,1101.0643100041127,3.7,30.4,11.534431179358098,,,120916.0,5174140318.0,42791.0,284.0,8110.0,3.1,163777.0,5.199920953823859,0.0,0.0,control,0,,0,0.0,,,1,0,MINOR_COLO;CROSS_STATE_FILL
49011,Davis County,UT,2017,43036.0,14039771.0,75961.0,6.2,36.2,1120.0734283622064,3.3,30.6,11.4143948794478,,,126008.0,5535846425.0,43932.0,282.0,8364.0,3.0,169361.0,5.548349813792218,0.0,0.0,control,0,,0,0.0,,,1,0,MINOR_COLO;CROSS_STATE_FILL
49011,Davis County,UT,2018,45096.0,14830604.0,79690.0,5.5,37.5,1138.9454536943226,3.2,30.8,10.70866804465584,,,129895.0,5936370712.0,45701.0,261.0,8733.0,2.7,171556.0,5.827337224514441,0.0,0.0,control,0,,0,0.0,,,1,0,MINOR_COLO;CROSS_STATE_FILL
49011,Davis County,UT,2019,47188.0,15464703.0,83310.0,5.4,37.8,1156.152300320664,2.7,31.1,10.65039707159334,,,133055.0,6272850701.0,47145.0,112.0,9003.0,2.4,174541.0,5.885859581249924,0.0,0.0,control,0,,0,0.0,,,1,0,MINOR_COLO;CROSS_STATE_FILL
49011,Davis County,UT,2020,50606.0,15758689.0,87570.0,5.3,38.2,1172.8508996311864,2.6,31.3,10.708861803758438,,,133033.0,6825906636.0,51310.0,264.0,9351.0,4.2,176601.0,8.423383525243578,24.872,7236.954,control,0,,0,0.0,,,1,0,MINOR_COLO;CROSS_STATE_FILL
49011,Davis County,UT,2021,56768.0,16826680.0,92765.0,5.5,38.0,1199.8348196223587,2.4,31.6,10.654574606767124,,,135416.0,7051228727.0,52071.0,409.0,9732.0,2.5,179395.0,11.227959517187992,65.073,11722.634,control,0,,0,0.0,,,1,0,MINOR_COLO;CROSS_STATE_FILL
49011,Davis County,UT,2022,59140.0,16767342.0,101285.0,6.0,38.4,1213.8818391865368,2.5,32.0,11.124494682531216,,,138795.0,7581607501.0,54625.0,259.0,10162.0,2.2,184020.0,14.227927356780988,39.044,15153.268,control,0,,0,0.0,,,1,0,MINOR_COLO;CROSS_STATE_FILL
49011,Davis County,UT,2023,62467.0,17368047.0,108058.0,6.0,38.7,1226.287086171326,2.5,32.3,,,,144110.0,8170701846.0,56698.0,264.0,10314.0,,,16.161194456193936,2.314,688.614,control,0,,0,0.0,,,1,0,MINOR_COLO;CROSS_STATE_FILL
49011,Davis County,UT,2024,65234.0,18149590.0,,,,,,,12.52793827372267,,,144747.0,8540475266.0,59003.0,266.0,10532.0,,,,0.0,0.0,control,0,,0,0.0,,,1,0,MINOR_COLO;CROSS_STATE_FILL
49021,Iron County,UT,2010,22741.0,1324144.0,42247.0,,28.2,13.48132791034412,8.9,26.1,8.756136578677832,,,14522.0,413286558.0,28460.0,,1411.0,9.7,20319.0,3.87193650453156,0.0,0.0,control,0,,0,0.0,,,1,0,BACKFILL
49021,Iron County,UT,2011,24204.0,1389145.0,42226.0,,27.1,13.767706396524384,11.3,26.3,9.00560931605497,,,14563.0,419781324.0,28824.0,,1390.0,8.6,19742.0,3.8372030091465064,0.0,0.0,control,0,,0,0.0,,,1,0,BACKFILL
49021,Iron County,UT,2012,24616.0,1274520.0,42296.0,19.4,26.6,13.950029987831948,13.1,26.6,10.223311998811074,,,14584.0,428674981.0,29394.0,,1384.0,6.0,19089.0,3.010648073077131,0.0,0.0,control,0,,0,0.0,,,1,0,BACKFILL
49021,Iron County,UT,2013,25786.0,1295929.0,42369.0,20.9,26.4,14.086848523072732,13.7,27.1,10.776382573500424,,,14720.0,435795583.0,29605.0,,1379.0,5.1,19087.0,2.605156037991859,0.0,0.0,control,0,,0,0.0,,,1,0,BACKFILL
49021,Iron County,UT,2014,27052.0,1370254.0,42305.0,22.8,27.9,14.17482496480184,12.9,27.6,11.116545331632526,,,15363.0,473025673.0,30790.0,12.0,1410.0,4.3,19746.0,2.156756756756757,0.0,0.0,control,0,,0,0.0,,,1,0,BACKFILL
49021,Iron County,UT,2015,28198.0,1386659.0,43855.0,21.0,28.6,14.30041891954615,10.5,28.1,11.380882079267828,,,15810.0,500491328.0,31657.0,,1431.0,4.4,20224.0,2.78251874838376,0.0,0.0,control,0,,0,0.0,,,1,0,BACKFILL
49021,Iron County,UT,2016,28429.0,1466385.0,43799.0,21.5,28.3,14.486079548298612,8.1,28.5,11.493624491381416,,,16682.0,538202133.0,32262.0,,1490.0,4.2,21385.0,3.072173296892398,0.0,0.0,control,0,,0,0.0,,,1,0,BACKFILL
49021,Iron County,UT,2017,29801.0,1582096.0,45422.0,20.9,28.7,14.714514929753843,6.2,29.1,11.373243073441373,,,17400.0,576244561.0,33118.0,,1554.0,4.0,22337.0,3.5089415176413725,0.0,0.0,control,0,,0,0.0,,,1,0,BACKFILL
49021,Iron County,UT,2018,31734.0,1754625.0,46809.0,19.6,29.1,15.074611606762296,5.1,29.1,10.661615270159375,,,18460.0,627761479.0,34007.0,,1662.0,3.3,23063.0,4.845794171822604,0.0,0.0,control,0,,0,0.0,,,1,0,BACKFILL
49021,Iron County,UT,2019,33858.0,1901612.0,51807.0,17.0,29.8,15.536336242319884,4.4,29.1,10.59954844154476,,,19712.0,689030562.0,34955.0,,1735.0,2.9,24332.0,6.412090860311214,0.0,0.0,control,0,,0,0.0,,,1,0,BACKFILL
49021,Iron County,UT,2020,36595.0,1946503.0,52045.0,16.4,28.9,16.12335146558134,4.9,29.3,10.637673480486963,,,20105.0,760828764.0,37843.0,,1829.0,4.6,25328.0,8.025224602626123,29.289,6264.035,control,0,,0,0.0,,,1,0,BACKFILL
49021,Iron County,UT,2021,39938.0,2091324.0,56308.0,15.3,29.2,16.939712171419366,4.2,29.5,10.57959462955637,,,21677.0,863959925.0,39857.0,,1971.0,2.9,26472.0,9.153734238603295,113.252,14230.762,control,0,,0,0.0,,,1,0,BACKFILL
49021,Iron County,UT,2022,40473.0,2242469.0,63005.0,14.1,30.4,17.61591730457171,3.3,29.5,11.035529553245434,,,22994.0,971828306.0,42264.0,17.0,2075.0,2.5,27768.0,9.93849384938494,46.863,11627.907,control,0,,0,0.0,,,1,0,BACKFILL
49021,Iron County,UT,2023,42766.0,2388703.0,65527.0,13.6,30.3,18.26299920184132,3.4,29.9,,,,24157.0,1098418531.0,45469.0,17.0,2160.0,,,10.989564591579706,3.905,392.478,control,0,,0,0.0,,,1,0,BACKFILL
49021,Iron County,UT,2024,45498.0,2421909.0,,,,,,,12.409754666890349,,,24829.0,1197732107.0,48239.0,19.0,2224.0,,,,0.0,0.0,control,0,,0,0.0,,,1,0,BACKFILL
49045,Tooele County,UT,2010,28912.0,2273508.0,60590.0,,18.6,7.980183078347196,5.4,29.1,8.802821536454829,,,15628.0,638930455.0,40884.0,4.0,1004.0,8.5,27338.0,4.264025862421738,0.0,0.0,control,0,,0,0.0,,,1,0,
49045,Tooele County,UT,2011,30115.0,2334953.0,63228.0,,19.5,8.204759875689035,5.8,29.4,9.062626925811816,,,15980.0,673858681.0,42169.0,4.0,1006.0,7.5,27103.0,3.888018636783548,0.0,0.0,control,0,,0,0.0,,,1,0,
49045,Tooele County,UT,2012,30925.0,1985675.0,61933.0,8.4,19.8,8.377766119183296,6.9,29.5,10.30477946715062,,,15814.0,672348234.0,42515.0,4.0,1002.0,5.3,27233.0,3.77584417657859,0.0,0.0,control,0,,0,0.0,,,1,0,
49045,Tooele County,UT,2013,30876.0,1932991.0,61412.0,8.7,20.4,8.51634397617037,6.8,30.0,10.867869094906435,,,15392.0,673055674.0,43727.0,4.0,1013.0,5.0,28068.0,3.979981873349884,0.0,0.0,control,0,,0,0.0,,,1,0,
49045,Tooele County,UT,2014,31560.0,1828047.0,63077.0,8.7,20.6,8.639220184080948,7.6,30.3,11.216955918985928,,,14917.0,642946400.0,43102.0,4.0,1036.0,4.6,28646.0,3.508496526823908,0.0,0.0,control,0,,0,0.0,,,1,0,
49045,Tooele County,UT,2015,33126.0,1786637.0,63552.0,7.2,22.4,8.771747864359648,7.1,30.7,11.485557037122575,,,14996.0,602578131.0,40182.0,4.0,1054.0,4.1,29380.0,3.8629259445066184,0.0,0.0,control,0,,0,0.0,,,1,0,
49045,Tooele County,UT,2016,34263.0,1790946.0,64149.0,7.2,20.8,8.929196510603798,7.0,30.9,11.590066648052032,,,15798.0,622852037.0,39426.0,4.0,1075.0,3.7,30713.0,4.148348551459813,0.0,0.0,control,0,,0,0.0,,,1,0,
49045,Tooele County,UT,2017,35154.0,1751142.0,66542.0,6.9,22.6,9.12669156458434,6.5,31.1,11.459746369067997,,,16213.0,651532619.0,40185.0,3.0,1111.0,3.5,32455.0,4.570667050857225,0.0,0.0,control,0,,0,0.0,,,1,0,
49045,Tooele County,UT,2018,37294.0,1800683.0,71020.0,6.7,23.0,9.39001830322506,6.3,31.3,10.724216015265675,,,16072.0,656947545.0,40875.0,3.0,1160.0,3.2,33506.0,4.8132838226021155,0.0,0.0,control,0,,0,0.0,,,1,0,
49045,Tooele County,UT,2019,39152.0,1824118.0,74562.0,6.2,24.2,9.7086609431995,4.8,31.4,10.663351913234177,,,16515.0,693959805.0,42020.0,3.0,1209.0,2.8,35053.0,5.268343953228667,0.0,0.0,control,0,,0,0.0,,,1,0,
49045,Tooele County,UT,2020,42086.0,1966429.0,76737.0,5.9,23.1,10.046174372431016,5.2,31.6,10.710353464633927,,,17502.0,787830228.0,45014.0,3.0,1257.0,4.8,36136.0,6.378702615793705,19.289,6739.172,control,0,,0,0.0,,,1,0,
49045,Tooele County,UT,2021,45225.0,2161878.0,87557.0,4.8,23.0,10.27665729465484,4.1,31.9,10.65387810424746,,,19314.0,897104444.0,46448.0,2.0,1332.0,2.9,36852.0,8.242424242424242,103.862,14433.877,control,0,,0,0.0,,,1,0,
49045,Tooele County,UT,2022,46829.0,2237428.0,95545.0,4.5,22.6,10.664444811296429,3.9,31.7,11.129024366387975,,,19310.0,925016205.0,47904.0,18.0,1476.0,2.6,38041.0,10.979951796669589,44.512,15585.263,control,0,,0,0.0,,,1,0,
49045,Tooele County,UT,2023,49202.0,2268143.0,101846.0,4.7,23.2,11.041284389132384,3.6,32.0,,,,19363.0,978398707.0,50528.0,17.0,1470.0,,,13.712919414593133,2.967,505.957,control,0,,0,0.0,,,1,0,
49045,Tooele County,UT,2024,51494.0,2491322.0,,,,,,,12.51893299434741,,,20615.0,1107792112.0,53737.0,20.0,1519.0,,,,0.0,0.0,control,0,,0,0.0,,,1,0,
49049,Utah County,UT,2010,26271.0,17454420.0,56927.0,,35.5,242.53872100914137,5.6,24.3,8.81582549806242,,,163367.0,5934985443.0,36329.0,3671.0,12568.0,7.5,228807.0,6.153460840080338,0.0,0.0,treated,1,2021.0,0,0.0,Meta,Meta,1,1,HUGE_METRO
49049,Utah County,UT,2011,27799.0,18023957.0,59338.0,,35.9,250.72102910063472,6.1,24.4,9.088226613239351,,,169171.0,6320761795.0,37363.0,3785.0,12662.0,6.6,229612.0,6.0800767872369175,0.0,0.0,treated,1,2021.0,0,0.0,Meta,Meta,1,1,HUGE_METRO
49049,Utah County,UT,2012,29668.0,18369571.0,59864.0,13.6,35.7,257.7596702726438,6.9,24.5,10.26036945198364,,,177554.0,6862813590.0,38652.0,3133.0,12939.0,4.4,234640.0,5.88715413938388,0.0,0.0,treated,1,2021.0,0,0.0,Meta,Meta,1,1,HUGE_METRO
49049,Utah County,UT,2013,30488.0,19285640.0,60196.0,14.0,36.5,264.0922518063151,7.2,24.4,10.782232971193086,,,186495.0,7339922183.0,39357.0,3639.0,13367.0,3.9,245330.0,6.0458231606879345,0.0,0.0,treated,1,2021.0,0,0.0,Meta,Meta,1,1,HUGE_METRO
49049,Utah County,UT,2014,32378.0,20208517.0,60830.0,13.8,36.9,269.66238872699694,6.7,24.5,11.099898690023368,,,195152.0,7822766042.0,40085.0,3892.0,13805.0,3.3,253091.0,6.048057034722528,0.0,0.0,treated,1,2021.0,0,0.0,Meta,Meta,1,1,HUGE_METRO
49049,Utah County,UT,2015,34738.0,21855951.0,62180.0,13.2,37.3,275.4166500339308,5.5,24.4,11.35263102235025,,,208002.0,8656544138.0,41618.0,4124.0,14454.0,3.2,264713.0,6.1172555130246264,0.0,0.0,treated,1,2021.0,0,0.0,Meta,Meta,1,1,HUGE_METRO
49049,Utah County,UT,2016,36491.0,23436811.0,64321.0,12.5,38.1,281.51421100954053,4.9,24.4,11.451523519059306,,,219775.0,9378520007.0,42673.0,4427.0,15092.0,3.0,277959.0,6.32421994105092,0.0,0.0,treated,1,2021.0,0,0.0,Meta,Meta,1,1,HUGE_METRO
49049,Utah County,UT,2017,37929.0,25069858.0,67042.0,11.8,39.4,287.6611712107301,4.3,24.5,11.340211679807844,,,230575.0,10123333371.0,43905.0,4663.0,15896.0,2.8,292059.0,6.656767344875521,0.0,0.0,treated,1,2021.0,0,0.0,Meta,Meta,1,1,HUGE_METRO
49049,Utah County,UT,2018,39756.0,27107467.0,70408.0,11.2,40.1,294.6189772863359,3.8,24.6,10.673911754982631,,,243379.0,11337481668.0,46584.0,4579.0,16881.0,2.7,301837.0,6.906092989721076,0.0,0.0,treated,1,2021.0,0,0.0,Meta,Meta,1,1,HUGE_METRO
49049,Utah County,UT,2019,43610.0,29605753.0,74665.0,10.6,40.8,302.1286575386212,3.6,24.8,10.630852833534552,,,251585.0,12585581452.0,50025.0,4426.0,17872.0,2.3,310071.0,7.192074394782816,0.0,0.0,treated,1,2021.0,0,0.0,Meta,Meta,1,1,HUGE_METRO
49049,Utah County,UT,2020,47127.0,31043563.0,77057.0,10.0,41.1,310.1203544768672,3.7,25.0,10.673079716133175,,,253406.0,13577408069.0,53580.0,4487.0,18760.0,3.9,317287.0,10.114241822864352,35.508,11106.707,treated,1,2021.0,0,0.0,Meta,Meta,1,1,HUGE_METRO
49049,Utah County,UT,2021,52187.0,33571631.0,82893.0,9.3,42.3,323.47261586363817,3.6,25.1,10.610956703356846,,,273507.0,15335640950.0,56070.0,4698.0,20055.0,2.4,331915.0,12.911963289000504,72.834,12758.592,treated,1,2021.0,1,0.0,Meta,Meta,1,1,HUGE_METRO
49049,Utah County,UT,2022,54261.0,34912937.0,91263.0,8.9,42.8,332.3325416151052,3.4,25.2,11.05752504686916,,,286446.0,16624323904.0,58036.0,4314.0,21356.0,2.2,344947.0,15.21427791385201,35.013,13136.468,treated,1,2021.0,1,1.0,Meta,Meta,1,1,HUGE_METRO
49049,Utah County,UT,2023,57409.0,36381816.0,96877.0,8.7,43.8,341.1151251447048,3.5,25.5,,,,290791.0,17522848932.0,60259.0,3875.0,21794.0,,,17.151117173448572,2.312,417.183,treated,1,2021.0,1,2.0,Meta,Meta,1,1,HUGE_METRO
49049,Utah County,UT,2024,59651.0,38928334.0,,,,,,,12.419397554364968,,,295152.0,18490812522.0,62648.0,3647.0,22527.0,,,,0.0,0.0,treated,1,2021.0,1,3.0,Meta,Meta,1,1,HUGE_METRO
49053,Washington County,UT,2010,26222.0,3832970.0,50050.0,,24.0,55.21580562889531,7.0,31.8,8.73314906772555,,,45171.0,1342831572.0,29727.0,,4390.0,10.6,56551.0,4.999519276992597,0.0,0.0,control,0,,0,0.0,,,1,0,MINOR_COLO;CROSS_STATE_FILL
49053,Washington County,UT,2011,26937.0,3881182.0,50307.0,,24.9,56.44632058725266,8.7,32.1,8.98118366249366,,,45903.0,1387666529.0,30231.0,41.0,4410.0,9.3,55677.0,4.962722668032554,0.0,0.0,control,0,,0,0.0,,,1,0,MINOR_COLO;CROSS_STATE_FILL
49053,Washington County,UT,2012,28241.0,4179470.0,49145.0,14.5,25.4,57.46138213977777,9.9,32.5,10.149003784847784,,,48279.0,1462397634.0,30290.0,75.0,4503.0,6.1,56098.0,5.140357273058695,0.0,0.0,control,0,,0,0.0,,,1,0,MINOR_COLO;CROSS_STATE_FILL
49053,Washington County,UT,2013,29441.0,4560155.0,49279.0,15.3,26.4,58.45749367955282,10.2,33.2,10.685803899447889,,,50751.0,1559706229.0,30733.0,92.0,4664.0,5.1,58465.0,4.778260622046796,0.0,0.0,control,0,,0,0.0,,,1,0,MINOR_COLO;CROSS_STATE_FILL
49053,Washington County,UT,2014,31040.0,4757231.0,49498.0,15.5,27.1,59.66947058195902,9.4,33.8,11.029664009246602,,,53720.0,1697508539.0,31599.0,130.0,4929.0,4.2,60968.0,4.766563901862689,0.0,0.0,control,0,,0,0.0,,,1,0,MINOR_COLO;CROSS_STATE_FILL
49053,Washington County,UT,2015,32961.0,5067390.0,50774.0,15.0,27.1,61.07012369826801,7.7,34.6,11.284502616378289,,,56348.0,1832047671.0,32513.0,101.0,5106.0,4.0,63328.0,5.225976227901309,0.0,0.0,control,0,,0,0.0,,,1,0,MINOR_COLO;CROSS_STATE_FILL
49053,Washington County,UT,2016,35021.0,5556357.0,52865.0,14.8,27.6,62.60054320623505,6.3,35.4,11.405358962424096,,,60188.0,2051516286.0,34085.0,179.0,5371.0,3.6,67007.0,5.6013319515468645,0.0,0.0,control,0,,0,0.0,,,1,0,MINOR_COLO;CROSS_STATE_FILL
49053,Washington County,UT,2017,37387.0,6234717.0,55175.0,14.2,28.1,64.0910029047074,5.2,35.9,11.289974131501536,,,62897.0,2215560424.0,35225.0,135.0,5638.0,3.4,71043.0,6.057318652849741,0.0,0.0,control,0,,0,0.0,,,1,0,MINOR_COLO;CROSS_STATE_FILL
49053,Washington County,UT,2018,40128.0,6619509.0,56877.0,12.4,27.7,66.13430862732288,4.4,36.4,10.598943564868431,,,67486.0,2482892521.0,36791.0,138.0,5980.0,3.2,74708.0,8.026135229540918,0.0,0.0,control,0,,0,0.0,,,1,0,MINOR_COLO;CROSS_STATE_FILL
49053,Washington County,UT,2019,42384.0,6870819.0,59839.0,11.8,28.1,68.30696878479748,3.5,37.1,10.547923266865086,,,69835.0,2639017416.0,37789.0,186.0,6326.0,2.9,76829.0,9.578572269996464,0.0,0.0,control,0,,0,0.0,,,1,0,MINOR_COLO;CROSS_STATE_FILL
49053,Washington County,UT,2020,45369.0,7231297.0,61747.0,10.0,29.2,70.9088879267409,3.4,37.7,10.603785546976884,,,70585.0,2881211238.0,40819.0,124.0,6701.0,5.5,80243.0,9.593317583530206,66.944,8904.717,control,0,,0,0.0,,,1,0,MINOR_COLO;CROSS_STATE_FILL
49053,Washington County,UT,2021,50918.0,7865011.0,65040.0,9.2,30.5,72.7239695827578,3.2,38.2,10.558428373561943,,,76159.0,3223965807.0,42332.0,157.0,7230.0,3.0,83867.0,11.71914144491841,144.14,10929.914,control,0,,0,0.0,,,1,0,MINOR_COLO;CROSS_STATE_FILL
49053,Washington County,UT,2022,51717.0,8176823.0,71976.0,8.8,32.8,75.51044537061487,3.1,38.6,11.00918786740489,,,79903.0,3594820700.0,44990.0,242.0,7893.0,2.6,87255.0,13.44840496262539,90.464,10680.232,control,0,,0,0.0,,,1,0,MINOR_COLO;CROSS_STATE_FILL
49053,Washington County,UT,2023,55161.0,8437169.0,76411.0,9.9,33.3,78.20052326752598,3.3,39.0,,,,83440.0,3897837677.0,46715.0,256.0,8082.0,,,13.080746414079748,2.412,357.636,control,0,,0,0.0,,,1,0,MINOR_COLO;CROSS_STATE_FILL
49053,Washington County,UT,2024,58047.0,8822616.0,,,,,,,12.381397414775387,,,86508.0,4211884597.0,48688.0,258.0,8256.0,,,,0.0,0.0,control,0,,0,0.0,,,1,0,MINOR_COLO;CROSS_STATE_FILL
49057,Weber County,UT,2010,31357.0,9283995.0,54086.0,,22.5,386.7080128828053,7.1,30.6,8.802685661908136,,,88265.0,3078172340.0,34874.0,15.0,5491.0,8.9,112727.0,3.148947757420158,0.0,0.0,control,0,,0,0.0,,,1,0,MINOR_COLO;CROSS_STATE_FILL
49057,Weber County,UT,2011,32733.0,9324935.0,54666.0,,22.2,394.25653163783767,7.5,30.7,9.062823370842471,,,88691.0,3120721391.0,35187.0,24.0,5439.0,8.2,111692.0,3.423656995811123,0.0,0.0,control,0,,0,0.0,,,1,0,MINOR_COLO;CROSS_STATE_FILL
49057,Weber County,UT,2012,33232.0,9234705.0,54923.0,12.2,22.2,400.74825776716546,7.6,30.9,10.306282794721408,,,90392.0,3256698173.0,36028.0,,5437.0,5.6,111161.0,3.2300392701271288,0.0,0.0,control,0,,0,0.0,,,1,0,MINOR_COLO;CROSS_STATE_FILL
49057,Weber County,UT,2013,33365.0,9142127.0,54974.0,12.8,22.7,405.83439764555624,7.9,31.3,10.86975927787663,,,93094.0,3410025634.0,36630.0,38.0,5525.0,5.0,112850.0,3.3006032235352323,0.0,0.0,control,0,,0,0.0,,,1,0,MINOR_COLO;CROSS_STATE_FILL
49057,Weber County,UT,2014,34731.0,9507699.0,56216.0,13.1,23.2,410.0615681483744,7.3,31.5,11.218626890365217,,,95135.0,3604281305.0,37886.0,40.0,5583.0,4.2,113878.0,3.572294663010428,0.0,0.0,control,0,,0,0.0,,,1,0,MINOR_COLO;CROSS_STATE_FILL
49057,Weber County,UT,2015,36326.0,9794912.0,56581.0,13.0,23.0,414.1828858594552,6.3,31.8,11.487305083892732,,,98729.0,3840150138.0,38896.0,47.0,5706.0,4.0,116610.0,4.1130466022458245,0.0,0.0,control,0,,0,0.0,,,1,0,MINOR_COLO;CROSS_STATE_FILL
49057,Weber County,UT,2016,37414.0,10145930.0,59660.0,12.4,23.3,418.7744676125163,5.3,32.1,11.591683249117247,,,102007.0,4043236656.0,39637.0,68.0,5850.0,3.7,119671.0,4.124498244416706,0.0,0.0,control,0,,0,0.0,,,1,0,MINOR_COLO;CROSS_STATE_FILL
49057,Weber County,UT,2017,38972.0,10722720.0,62036.0,12.1,24.0,423.58643140739093,4.8,32.3,11.461302996355144,,,103834.0,4231082590.0,40749.0,91.0,5988.0,3.5,123793.0,4.6252189141856395,0.0,0.0,control,0,,0,0.0,,,1,0,MINOR_COLO;CROSS_STATE_FILL
49057,Weber County,UT,2018,40753.0,11381880.0,64636.0,11.3,23.8,429.8855401615903,4.3,32.5,10.72475377618375,,,106235.0,4486011756.0,42227.0,91.0,6215.0,3.3,126036.0,4.896257102333047,0.0,0.0,control,0,,0,0.0,,,1,0,MINOR_COLO;CROSS_STATE_FILL
49057,Weber County,UT,2019,42871.0,11942193.0,67244.0,10.2,24.5,436.42238387428154,3.7,32.7,10.66390366875336,,,109039.0,4725197024.0,43335.0,68.0,6381.0,2.9,128641.0,5.433071515111554,0.0,0.0,control,0,,0,0.0,,,1,0,MINOR_COLO;CROSS_STATE_FILL
49057,Weber County,UT,2020,45949.0,12228264.0,71275.0,8.6,25.1,442.9921981286614,3.3,32.9,10.710939120876976,,,107658.0,5027387019.0,46698.0,103.0,6576.0,4.9,130298.0,7.858167330677291,38.171,7760.3,control,0,,0,0.0,,,1,0,MINOR_COLO;CROSS_STATE_FILL
49057,Weber County,UT,2021,50138.0,12894125.0,74345.0,8.4,26.3,450.11730571674485,3.4,33.1,10.654368846341908,,,112826.0,5616845144.0,49783.0,98.0,6902.0,2.9,131842.0,10.415107285429142,101.79,11925.343,control,0,,0,0.0,,,1,0,MINOR_COLO;CROSS_STATE_FILL
49057,Weber County,UT,2022,52944.0,13271364.0,82291.0,7.6,27.0,456.31229697087485,3.1,33.2,11.129837723197085,,,116531.0,6211235565.0,53301.0,241.0,7229.0,2.5,135048.0,12.52996328549322,44.533,13856.969,control,0,,0,0.0,,,1,0,MINOR_COLO;CROSS_STATE_FILL
49057,Weber County,UT,2023,56006.0,13773787.0,87083.0,7.5,28.0,461.9051420162701,3.0,33.5,,,,120101.0,6663077138.0,55479.0,247.0,7309.0,,,14.22209378149268,0.0,875.951,control,0,,0,0.0,,,1,0,MINOR_COLO;CROSS_STATE_FILL
49057,Weber County,UT,2024,58582.0,14325610.0,,,,,,,12.520635937836488,,,121786.0,7146879824.0,58684.0,232.0,7433.0,,,,0.0,0.0,control,0,,0,0.0,,,1,0,MINOR_COLO;CROSS_STATE_FILL
51013,Arlington County,VA,2010,79216.0,31972405.0,94880.0,,70.1,7595.761049351849,3.2,33.9,10.220767619434053,,,162679.0,13075488110.0,80376.0,725.0,8034.0,4.2,137453.0,4.800243405808973,0.0,0.0,control,0,,0,0.0,,,1,0,
51013,Arlington County,VA,2011,82336.0,32704138.0,99651.0,,70.7,7808.55483324999,3.4,33.8,10.642320779623974,,,168271.0,13663956050.0,81202.0,770.0,8241.0,3.7,141644.0,4.485150464189977,0.0,0.0,control,0,,0,0.0,,,1,0,
51013,Arlington County,VA,2012,83499.0,31433131.0,102459.0,7.2,71.2,8042.351040504674,3.6,33.7,11.044668644654392,,,165776.0,13405480811.0,80865.0,716.0,8535.0,3.4,143875.0,4.789317157916433,0.0,0.0,control,0,,0,0.0,,,1,0,
51013,Arlington County,VA,2013,79030.0,30557245.0,103208.0,8.0,71.7,8264.838250567373,3.9,33.8,10.72088033141516,,,165044.0,13319750920.0,80704.0,812.0,8694.0,3.4,145169.0,5.325670775399715,0.0,0.0,control,0,,0,0.0,,,1,0,
51013,Arlington County,VA,2014,82623.0,30689850.0,105120.0,8.8,72.0,8469.16951955995,3.6,33.8,10.845198937440564,,,164576.0,13562985242.0,82412.0,771.0,8661.0,3.2,145098.0,5.640166767629975,0.0,0.0,control,0,,0,0.0,,,1,0,
51013,Arlington County,VA,2015,85196.0,31870414.0,105763.0,9.0,72.9,8614.263184213563,3.7,33.9,11.055026234667997,,,170256.0,14489824018.0,85106.0,963.0,9221.0,2.8,144902.0,5.757249361126951,0.0,0.0,control,0,,0,0.0,,,1,0,
51013,Arlington County,VA,2016,86290.0,32541434.0,108706.0,8.7,73.7,8696.84963649652,3.4,34.1,11.185673295112666,,,172888.0,14862535640.0,85966.0,1011.0,9348.0,2.6,146628.0,6.152341020265548,0.0,0.0,control,0,,0,0.0,,,1,0,
51013,Arlington County,VA,2017,89695.0,33997126.0,112138.0,8.2,74.1,8829.249528791785,3.2,34.4,11.524501496229677,,,176659.0,15666993660.0,88685.0,1013.0,9226.0,2.5,151365.0,6.557851838060365,0.0,0.0,control,0,,0,0.0,,,1,0,
51013,Arlington County,VA,2018,94324.0,35530163.0,117374.0,7.2,74.6,8916.528830249645,2.9,34.5,11.66164086138545,,,178158.0,16526889128.0,92765.0,1196.0,9205.0,2.0,152864.0,7.000959594928439,0.0,0.0,control,0,,0,0.0,,,1,0,
51013,Arlington County,VA,2019,96204.0,36825830.0,120071.0,6.8,75.3,8980.420817786668,2.7,34.7,12.056458043354928,,,182197.0,17497660898.0,96037.0,1285.0,9132.0,1.9,154980.0,6.713045586482318,0.0,0.0,control,0,,0,0.0,,,1,0,
51013,Arlington County,VA,2020,98460.0,36785680.0,122604.0,6.4,75.8,9094.66476901181,2.8,34.8,12.179610359243735,,,174422.0,18158213977.0,104105.0,1355.0,9143.0,4.6,151165.0,13.487599335428468,77.1,3800.158,control,0,,0,0.0,,,1,0,
51013,Arlington County,VA,2021,109830.0,39028124.0,128145.0,6.5,76.3,9068.892564526675,2.9,35.1,12.13029958147936,,,172234.0,18344688111.0,106510.0,1292.0,9448.0,3.0,152177.0,21.27979704610319,44.118,7409.279,control,0,,0,0.0,,,1,0,
51013,Arlington County,VA,2022,116839.0,38535970.0,137387.0,6.7,76.8,9072.008308651,2.8,35.3,13.40972176536102,,,174381.0,19472188588.0,111665.0,1233.0,10382.0,2.0,156767.0,26.98824926136287,33.838,16451.359,control,0,,0,0.0,,,1,0,
51013,Arlington County,VA,2023,126108.0,40795731.0,140160.0,7.1,77.1,9057.314305496788,3.3,35.5,,,,179263.0,21147897672.0,117971.0,1249.0,9932.0,,,31.460322429175143,2.998,986.448,control,0,,0,0.0,,,1,0,
51013,Arlington County,VA,2024,131624.0,41376780.0,,,,,,,14.09433152924228,,,179244.0,22021349114.0,122856.0,1246.0,9629.0,,,,0.0,0.0,control,0,,0,0.0,,,1,0,
51015,Augusta County,VA,2010,35775.0,5291699.0,50612.0,,19.1,75.69327683300348,4.6,42.3,10.216254791684737,,,24592.0,916788532.0,37281.0,5.0,1573.0,7.3,37184.0,3.0820590777668486,0.0,0.0,control,0,,0,0.0,,,1,0,
51015,Augusta County,VA,2011,36321.0,5129236.0,51719.0,,19.1,76.02934211859693,4.8,42.7,10.638245452544185,,,24919.0,945330703.0,37936.0,41.0,1589.0,6.3,37375.0,2.967551622418879,0.0,0.0,control,0,,0,0.0,,,1,0,
51015,Augusta County,VA,2012,36805.0,4924360.0,50971.0,9.3,19.9,76.16997251502988,4.8,43.3,11.059000161083098,,,24770.0,963772096.0,38909.0,,1610.0,5.7,36990.0,3.17821665089877,0.0,0.0,control,0,,0,0.0,,,1,0,
51015,Augusta County,VA,2013,37102.0,5111112.0,52027.0,9.5,19.9,76.23615152511597,5.6,43.5,10.754216700515997,,,25351.0,1002574238.0,39548.0,,1632.0,5.1,36905.0,4.018311291963378,0.0,0.0,control,0,,0,0.0,,,1,0,
51015,Augusta County,VA,2014,38417.0,5083461.0,54018.0,9.3,21.2,76.21650463149666,5.0,44.0,10.883488137502203,,,25753.0,1045081718.0,40580.0,,1647.0,4.6,36977.0,4.322614654717976,0.0,0.0,control,0,,0,0.0,,,1,0,
51015,Augusta County,VA,2015,39481.0,5090373.0,54558.0,9.5,22.0,76.57428490477461,4.7,44.2,11.100698435959636,,,26267.0,1092582441.0,41596.0,,1728.0,4.0,36791.0,4.314533941982035,0.0,0.0,control,0,,0,0.0,,,1,0,
51015,Augusta County,VA,2016,40156.0,5069347.0,56802.0,9.2,23.3,76.86071593280349,4.9,44.5,11.220234424692489,,,27115.0,1136615593.0,41919.0,,1773.0,3.6,36898.0,4.952095456415682,0.0,0.0,control,0,,0,0.0,,,1,0,
51015,Augusta County,VA,2017,41414.0,5064115.0,59544.0,8.8,23.4,76.9227587547592,4.1,44.6,11.545483702400126,,,26793.0,1158474322.0,43238.0,33.0,1820.0,3.4,37072.0,5.0194733476719176,0.0,0.0,control,0,,0,0.0,,,1,0,
51015,Augusta County,VA,2018,42577.0,5135189.0,61305.0,9.2,23.5,77.24434738189632,3.6,44.8,11.69953436437784,,,27582.0,1237393473.0,44862.0,28.0,1897.0,2.7,36949.0,4.964743128507699,0.0,0.0,control,0,,0,0.0,,,1,0,
51015,Augusta County,VA,2019,44722.0,5142428.0,62711.0,8.7,22.7,77.63521716021732,3.5,45.1,12.106785075557198,,,28508.0,1300506725.0,45618.0,35.0,1918.0,2.4,37698.0,4.4847190557271075,0.0,0.0,control,0,,0,0.0,,,1,0,
51015,Augusta County,VA,2020,48112.0,4943911.0,65076.0,8.9,22.3,78.3331989072191,2.9,45.1,12.204783919511335,,,27428.0,1331800383.0,48557.0,44.0,1916.0,4.8,36837.0,4.945257023226865,38.626,4404.694,control,0,,0,0.0,,,1,0,
51015,Augusta County,VA,2021,51726.0,5183588.0,69082.0,8.4,22.6,79.5678510641378,3.0,45.1,12.151519169939082,,,27532.0,1415037052.0,51395.0,39.0,1966.0,3.1,36795.0,5.611051487382702,149.176,11669.042,control,0,,0,0.0,,,1,0,
51015,Augusta County,VA,2022,53712.0,5371275.0,76124.0,8.1,23.3,80.06936387494649,3.0,44.8,13.41772771121438,,,28800.0,1572289737.0,54594.0,28.0,2121.0,2.5,38307.0,6.346940973718225,122.538,15414.43,control,0,,0,0.0,,,1,0,
51015,Augusta County,VA,2023,56234.0,5431853.0,79972.0,7.3,23.3,80.35889704407316,3.0,44.9,,,,29740.0,1706007931.0,57364.0,39.0,2077.0,,,6.481258205396136,7.992,1262.67,control,0,,0,0.0,,,1,0,
51015,Augusta County,VA,2024,58462.0,5538943.0,,,,,,,14.113170545460433,,,29861.0,1777188201.0,59516.0,32.0,2031.0,,,,0.0,0.0,control,0,,0,0.0,,,1,0,
51019,Bedford County,VA,2010,36073.0,1964179.0,54110.0,,24.2,89.06281245724269,5.0,43.2,,,,15638.0,483972059.0,30949.0,,1648.0,7.2,39107.0,4.0337739977196385,0.0,0.0,control,0,,0,0.0,,,1,0,
51019,Bedford County,VA,2011,37283.0,1961446.0,56021.0,,24.8,89.82323471524948,6.0,43.4,,,,15252.0,486236168.0,31880.0,,1639.0,6.5,38759.0,4.054178851777744,0.0,0.0,control,0,,0,0.0,,,1,0,
51019,Bedford County,VA,2012,39071.0,1965112.0,56906.0,8.8,24.7,90.4481492006357,6.3,44.0,,,,15540.0,507326044.0,32647.0,,1653.0,5.8,38267.0,4.092236740968485,0.0,0.0,control,0,,0,0.0,,,1,0,
51019,Bedford County,VA,2013,39299.0,2026249.0,57596.0,8.2,25.0,91.007283213876,6.9,44.5,,,,15382.0,513909432.0,33409.0,164.0,1652.0,5.6,38242.0,4.026845637583893,0.0,0.0,control,0,,0,0.0,,,1,0,
51019,Bedford County,VA,2014,40360.0,2008692.0,56043.0,10.2,26.3,99.46928315072674,7.0,44.9,,,,18645.0,647426842.0,34724.0,144.0,1982.0,5.0,38576.0,3.843843843843844,0.0,0.0,control,0,,0,0.0,,,1,0,
51019,Bedford County,VA,2015,41965.0,2055574.0,56316.0,9.7,26.7,100.59544483386485,5.8,45.3,,,,18896.0,673780775.0,35658.0,,2108.0,4.4,38381.0,3.972228545413157,0.0,0.0,control,0,,0,0.0,,,1,0,
51019,Bedford County,VA,2016,42441.0,2010594.0,56725.0,9.2,27.8,101.21378127203646,4.7,45.6,,,,18876.0,685671749.0,36325.0,,2164.0,4.0,38012.0,3.940582959641256,0.0,0.0,control,0,,0,0.0,,,1,0,
51019,Bedford County,VA,2017,44281.0,2007410.0,59405.0,8.9,28.3,101.72160651700293,4.4,45.9,,,,18735.0,690819732.0,36874.0,5.0,2192.0,3.8,38458.0,4.315509207898824,0.0,0.0,control,0,,0,0.0,,,1,0,
51019,Bedford County,VA,2018,45779.0,2021989.0,61541.0,9.1,28.9,102.49650047888184,4.0,46.2,,,,18983.0,714384991.0,37634.0,4.0,2271.0,3.1,38429.0,4.3530934221757205,0.0,0.0,control,0,,0,0.0,,,1,0,
51019,Bedford County,VA,2019,47762.0,1970848.0,64199.0,8.9,29.2,103.1122056981676,3.6,46.3,,,,18846.0,731399991.0,38809.0,14.0,2282.0,2.8,38895.0,4.497106640947919,0.0,0.0,control,0,,0,0.0,,,1,0,
51019,Bedford County,VA,2020,50394.0,1888891.0,67136.0,8.1,30.9,103.88709966004652,3.4,46.6,,,,18129.0,731419677.0,40346.0,14.0,2252.0,5.3,37881.0,5.360653468088052,39.553,3964.224,control,0,,0,0.0,,,1,0,
51019,Bedford County,VA,2021,53817.0,2039282.0,70870.0,8.8,31.0,104.17390251860272,3.1,46.7,,,,18219.0,759517579.0,41689.0,4.0,2287.0,3.4,37712.0,7.145983803895819,185.006,10641.013,control,0,,0,0.0,,,1,0,
51019,Bedford County,VA,2022,54784.0,1999962.0,74773.0,9.1,32.6,104.93432477660951,2.9,46.8,,,,18194.0,809390628.0,44486.0,72.0,2469.0,2.8,38331.0,9.020371233515204,125.038,12551.036,control,0,,0,0.0,,,1,0,
51019,Bedford County,VA,2023,57727.0,2069784.0,77644.0,8.1,33.6,105.58292023196825,3.2,47.1,,,,18619.0,888714087.0,47733.0,69.0,2378.0,,,11.052243493459322,15.311,1244.003,control,0,,0,0.0,,,1,0,
51019,Bedford County,VA,2024,60072.0,2100757.0,,,,,,,,,,18602.0,899220270.0,48340.0,63.0,2307.0,,,,0.0,0.0,control,0,,0,0.0,,,1,0,
51033,Caroline County,VA,2010,33736.0,621873.0,57690.0,,15.5,52.798546731568194,8.5,38.7,10.2792757296186,,,5309.0,184858317.0,34821.0,,467.0,9.7,14363.0,4.029560482302606,0.0,0.0,control,0,,0,0.0,,,1,0,FUTURE_DC_2023plus
51033,Caroline County,VA,2011,34703.0,590970.0,58707.0,,17.6,53.538075291592314,10.6,38.4,10.698735024291643,,,5294.0,185652827.0,35070.0,,464.0,8.9,14450.0,4.722265442663763,0.0,0.0,control,0,,0,0.0,,,1,0,FUTURE_DC_2023plus
51033,Caroline County,VA,2012,36109.0,684419.0,58044.0,10.0,16.7,54.06143396484015,10.9,38.6,11.078563954272488,,,5337.0,185702176.0,34798.0,,463.0,7.6,14477.0,3.872053872053872,0.0,0.0,control,0,,0,0.0,,,1,0,FUTURE_DC_2023plus
51033,Caroline County,VA,2013,36750.0,760359.0,57218.0,12.7,16.8,54.52980205285543,12.3,38.8,10.746684803862737,,,5588.0,194305984.0,34773.0,,474.0,6.9,14579.0,4.460255527503634,0.0,0.0,control,0,,0,0.0,,,1,0,FUTURE_DC_2023plus
51033,Caroline County,VA,2014,37569.0,741278.0,58417.0,12.5,19.3,55.09867017595091,11.6,39.1,10.883366139617726,,,5512.0,197434331.0,35820.0,,482.0,6.1,14819.0,4.493618306774413,0.0,0.0,control,0,,0,0.0,,,1,0,FUTURE_DC_2023plus
51033,Caroline County,VA,2015,41767.0,739852.0,59227.0,13.3,19.2,55.652368482430504,8.6,39.1,11.136121027576754,,,5614.0,207687476.0,36996.0,,523.0,5.0,14790.0,3.5942435942435944,0.0,0.0,control,0,,0,0.0,,,1,0,FUTURE_DC_2023plus
51033,Caroline County,VA,2016,39605.0,760637.0,57294.0,13.1,18.8,56.20417056183312,7.1,39.8,11.229389453977756,,,5725.0,215658038.0,37667.0,,553.0,4.4,14875.0,3.0136986301369864,0.0,0.0,control,0,,0,0.0,,,1,0,FUTURE_DC_2023plus
51033,Caroline County,VA,2017,41157.0,748746.0,60925.0,11.9,19.2,56.67633110400236,6.3,40.2,11.491582934592548,,,5728.0,223226934.0,38971.0,,572.0,4.2,15163.0,2.8883845677738806,0.0,0.0,control,0,,0,0.0,,,1,0,FUTURE_DC_2023plus
51033,Caroline County,VA,2018,41790.0,744805.0,64715.0,8.3,20.1,57.23571809171291,5.4,40.0,11.7136092600738,,,5858.0,228330515.0,38975.0,,604.0,3.5,15207.0,2.9706891998943754,0.0,0.0,control,0,,0,0.0,,,1,0,FUTURE_DC_2023plus
51033,Caroline County,VA,2019,43292.0,736504.0,65103.0,8.8,19.9,57.60927482587894,3.7,40.1,12.129617939764282,,,5915.0,231536267.0,39146.0,,600.0,3.2,15263.0,3.4400258648561266,0.0,0.0,control,0,,0,0.0,,,1,0,FUTURE_DC_2023plus
51033,Caroline County,VA,2020,46607.0,784450.0,67901.0,8.2,21.8,57.98852024127593,3.0,39.5,12.197910826297328,,,5592.0,237569309.0,42484.0,,601.0,6.9,14907.0,4.503135094052822,29.624,3406.734,control,0,,0,0.0,,,1,0,FUTURE_DC_2023plus
51033,Caroline County,VA,2021,50828.0,804007.0,76528.0,10.8,22.0,58.5194638228317,4.1,39.5,12.105754590834383,,,5516.0,249628420.0,45253.0,,619.0,4.3,14855.0,7.348896706108091,161.285,12547.316,control,0,,0,0.0,,,1,0,FUTURE_DC_2023plus
51033,Caroline County,VA,2022,51532.0,825141.0,83562.0,11.6,22.3,59.12625648746688,4.6,39.2,13.405271630284828,,,5495.0,259534935.0,47228.0,,836.0,3.1,15355.0,7.705968161349654,121.787,12807.347,control,0,,0,0.0,,,1,0,FUTURE_DC_2023plus
51033,Caroline County,VA,2023,54514.0,891007.0,86267.0,11.6,23.2,59.80889823518145,4.6,39.4,,,,6109.0,292567132.0,47892.0,,849.0,,,10.115898211136306,0.0,1066.456,control,0,,0,0.0,,,1,0,FUTURE_DC_2023plus
51033,Caroline County,VA,2024,56845.0,955036.0,,,,,,,14.14699462761918,,,6591.0,317365347.0,48154.0,,754.0,,,,0.0,0.0,control,0,,0,0.0,,,1,0,FUTURE_DC_2023plus
51035,Carroll County,VA,2010,28109.0,967786.0,36142.0,,11.7,63.16035589707295,8.4,44.7,10.36436838569141,,,6153.0,165602705.0,26916.0,,577.0,11.8,14032.0,2.2936146407735953,0.0,0.0,control,0,,0,0.0,,,1,0,
51035,Carroll County,VA,2011,28925.0,962694.0,35841.0,,12.6,63.196164669800986,8.5,44.9,9.356993665749382,,,6031.0,162404054.0,26927.0,,564.0,9.8,13602.0,2.3670531787285087,0.0,0.0,control,0,,0,0.0,,,1,0,
51035,Carroll County,VA,2012,29448.0,965925.0,33600.0,18.9,12.1,63.168781490656016,9.4,45.0,10.714058865721642,,,6136.0,166846189.0,27191.0,,594.0,8.4,13467.0,1.4563501749247416,0.0,0.0,control,0,,0,0.0,,,1,0,
51035,Carroll County,VA,2013,29153.0,948751.0,32853.0,18.1,12.8,63.14771750669834,8.3,45.4,10.958068789328276,,,5994.0,167645143.0,27968.0,,587.0,8.1,13256.0,2.0613536763512417,0.0,0.0,control,0,,0,0.0,,,1,0,
51035,Carroll County,VA,2014,30969.0,972753.0,33495.0,18.5,13.0,62.94129046391318,7.8,45.9,11.297868876207362,,,6069.0,173064830.0,28515.0,,589.0,6.6,13229.0,2.911443590780429,0.0,0.0,control,0,,0,0.0,,,1,0,
51035,Carroll County,VA,2015,32220.0,1010992.0,35000.0,16.9,14.5,62.888630504019005,6.7,46.1,11.232867607133509,,,6256.0,184621345.0,29513.0,,605.0,5.3,13100.0,2.9911518283611307,0.0,0.0,control,0,,0,0.0,,,1,0,
51035,Carroll County,VA,2016,32805.0,1012051.0,37048.0,15.7,12.8,62.62954350133967,5.3,46.7,11.353329131743251,,,6471.0,195802739.0,30257.0,,608.0,5.1,12977.0,3.2954099646920363,0.0,0.0,control,0,,0,0.0,,,1,0,
51035,Carroll County,VA,2017,34010.0,969032.0,41145.0,14.6,14.5,62.70116104679574,3.8,47.0,11.440578146643997,,,6573.0,202293081.0,30775.0,,601.0,4.4,13637.0,4.11277205483696,0.0,0.0,control,0,,0,0.0,,,1,0,
51035,Carroll County,VA,2018,35190.0,961547.0,43532.0,15.0,13.1,62.6400754933185,3.5,47.4,11.58046464210832,,,6402.0,204425253.0,31931.0,,624.0,3.6,13343.0,3.354544740356666,0.0,0.0,control,0,,0,0.0,,,1,0,
51035,Carroll County,VA,2019,36426.0,938498.0,44835.0,14.6,15.0,62.77277859225182,2.7,47.6,11.87440146429953,,,6214.0,199145305.0,32050.0,,618.0,3.5,13340.0,3.37358784573432,0.0,0.0,control,0,,0,0.0,,,1,0,
51035,Carroll County,VA,2020,40347.0,910381.0,44518.0,16.0,14.8,63.004482415786185,4.4,48.3,11.951627745559977,,,5811.0,193203889.0,33247.0,,600.0,8.5,13096.0,3.940767114419809,120.801,5016.61,control,0,,0,0.0,,,1,0,
51035,Carroll County,VA,2021,43526.0,923134.0,45220.0,15.2,15.2,61.34464047992181,5.1,48.0,11.966648477436427,,,5895.0,209012511.0,35457.0,,615.0,4.1,12758.0,3.566170456404384,258.381,10905.674,control,0,,0,0.0,,,1,0,
51035,Carroll County,VA,2022,45391.0,937381.0,49113.0,15.2,15.9,61.35095967510911,4.8,48.7,13.3464479880855,,,5836.0,218438404.0,37431.0,,735.0,3.4,12841.0,3.47493557236678,164.424,14969.296,control,0,,0,0.0,,,1,0,
51035,Carroll County,VA,2023,48084.0,975881.0,52575.0,16.2,16.7,61.41836442377365,5.0,49.0,,,,5734.0,223894382.0,39047.0,,720.0,,,3.505459321894754,50.334,2036.844,control,0,,0,0.0,,,1,0,
51035,Carroll County,VA,2024,50643.0,997301.0,,,,,,,14.571606048056069,,,5796.0,236889536.0,40868.0,,654.0,,,,0.0,0.0,control,0,,0,0.0,,,1,0,
51041,Chesterfield County,VA,2010,42438.0,15118785.0,71321.0,,35.7,728.75708962801,5.5,36.9,10.282210032054651,,,113322.0,4823722422.0,42566.0,238.0,7534.0,7.5,168850.0,3.9828962519244953,0.0,0.0,control,0,,0,0.0,,,1,0,FUTURE_DC_2023plus
51041,Chesterfield County,VA,2011,43883.0,15369007.0,72886.0,,36.0,739.070993091007,6.0,37.2,10.691799061995594,,,113833.0,4904802539.0,43088.0,422.0,7534.0,6.7,171269.0,4.317696202044313,0.0,0.0,control,0,,0,0.0,,,1,0,FUTURE_DC_2023plus
51041,Chesterfield County,VA,2012,45533.0,15674318.0,72363.0,6.4,36.4,748.2656680188711,6.9,37.5,11.0931723907492,,,117645.0,5159465436.0,43856.0,382.0,7814.0,6.0,172730.0,4.684744762845217,0.0,0.0,control,0,,0,0.0,,,1,0,FUTURE_DC_2023plus
51041,Chesterfield County,VA,2013,45576.0,16159059.0,72088.0,6.7,36.3,756.612657199662,7.4,37.9,10.75946646071212,,,122389.0,5353403547.0,43741.0,388.0,7900.0,5.5,174719.0,4.566927123231705,0.0,0.0,control,0,,0,0.0,,,1,0,FUTURE_DC_2023plus
51041,Chesterfield County,VA,2014,46443.0,15551359.0,72514.0,7.2,36.6,765.8380282687849,7.4,38.0,10.912454565193537,,,124399.0,5478377672.0,44039.0,272.0,8013.0,5.0,178043.0,4.4935348889810385,0.0,0.0,control,0,,0,0.0,,,1,0,FUTURE_DC_2023plus
51041,Chesterfield County,VA,2015,48524.0,15757394.0,72609.0,7.4,36.9,774.9028349067074,6.8,38.2,11.12969535789322,,,131126.0,5832100713.0,44477.0,402.0,8473.0,4.2,178675.0,4.6206216747381115,0.0,0.0,control,0,,0,0.0,,,1,0,FUTURE_DC_2023plus
51041,Chesterfield County,VA,2016,49429.0,15707765.0,73869.0,7.4,37.7,783.5520630168168,6.4,38.6,11.2417094507521,,,134066.0,6013852539.0,44857.0,355.0,8871.0,3.8,180972.0,4.7322510588771705,0.0,0.0,control,0,,0,0.0,,,1,0,FUTURE_DC_2023plus
51041,Chesterfield County,VA,2017,50879.0,15681862.0,76969.0,7.2,38.4,792.4185253573739,5.6,38.8,11.55578940355895,,,135816.0,6277939046.0,46224.0,241.0,9034.0,3.6,185395.0,4.801196765435153,0.0,0.0,control,0,,0,0.0,,,1,0,FUTURE_DC_2023plus
51041,Chesterfield County,VA,2018,52090.0,15989383.0,80214.0,7.1,39.9,801.5163893781906,4.9,38.8,11.692904121985697,,,138428.0,6559889505.0,47389.0,252.0,9354.0,2.9,186885.0,4.88096836917615,0.0,0.0,control,0,,0,0.0,,,1,0,FUTURE_DC_2023plus
51041,Chesterfield County,VA,2019,54274.0,16023932.0,82599.0,6.8,40.5,811.206925049468,4.9,38.9,12.099282954018316,,,137108.0,6651812222.0,48515.0,250.0,9406.0,2.7,190204.0,5.311007537833017,0.0,0.0,control,0,,0,0.0,,,1,0,FUTURE_DC_2023plus
51041,Chesterfield County,VA,2020,58212.0,15898229.0,84645.0,6.6,40.1,822.8927099025752,4.7,39.0,12.234671176288956,,,131601.0,6852625293.0,52071.0,221.0,9414.0,6.1,186767.0,8.137668870855764,50.065,3801.182,control,0,,0,0.0,,,1,0,FUTURE_DC_2023plus
51041,Chesterfield County,VA,2021,62396.0,16795636.0,88315.0,6.9,41.4,849.5700178982116,4.7,38.9,12.151613242956484,,,135766.0,7376119340.0,54330.0,210.0,9824.0,3.6,186665.0,11.321212254818212,126.619,10178.984,control,0,,0,0.0,,,1,0,FUTURE_DC_2023plus
51041,Chesterfield County,VA,2022,62929.0,17360574.0,95757.0,6.7,42.3,864.2593021114224,4.7,38.9,13.444412732541378,,,140474.0,8078005151.0,57505.0,567.0,10714.0,2.7,193562.0,13.90885473046114,73.643,13915.838,control,0,,0,0.0,,,1,0,FUTURE_DC_2023plus
51041,Chesterfield County,VA,2023,66398.0,17811292.0,98910.0,6.8,42.7,877.461004094393,4.6,38.9,,,,142921.0,8613084260.0,60265.0,687.0,10453.0,,,16.98672255675894,4.366,1309.558,control,0,,0,0.0,,,1,0,FUTURE_DC_2023plus
51041,Chesterfield County,VA,2024,69378.0,18545492.0,,,,,,,14.12655770112416,,,145905.0,9146102411.0,62685.0,763.0,10284.0,,,,0.0,0.0,control,0,,0,0.0,,,1,0,FUTURE_DC_2023plus
51059,Fairfax County,VA,2010,66243.0,102358252.0,105416.0,,58.0,2681.579761700778,4.3,37.3,,,,573551.0,42670924107.0,74398.0,5960.0,33861.0,5.2,611055.0,4.72230038691523,0.0,0.0,treated,1,2006.0,1,4.0,AWS,AWS,0,1,ALWAYS_TREATED;COUNTY_BORDER_AMBIGUITY
51059,Fairfax County,VA,2011,70219.0,104106773.0,108439.0,,58.2,2722.961170883405,4.7,37.4,,,,581120.0,44283422700.0,76204.0,5755.0,34275.0,4.7,619259.0,4.745073060028263,0.0,0.0,treated,1,2006.0,1,5.0,AWS,AWS,0,1,ALWAYS_TREATED;COUNTY_BORDER_AMBIGUITY
51059,Fairfax County,VA,2012,72152.0,107372818.0,109383.0,5.6,58.2,2771.6414207932567,5.0,37.5,,,,590490.0,45907046690.0,77744.0,5707.0,34820.0,4.4,623114.0,5.051857892824178,0.0,0.0,treated,1,2006.0,1,6.0,AWS,AWS,0,1,ALWAYS_TREATED;COUNTY_BORDER_AMBIGUITY
51059,Fairfax County,VA,2013,69759.0,108458197.0,110292.0,5.9,58.6,2815.8871262668754,5.2,37.4,,,,586818.0,45835412673.0,78108.0,6229.0,34800.0,4.3,624643.0,5.251786632738692,0.0,0.0,treated,1,2006.0,1,7.0,AWS,AWS,0,1,ALWAYS_TREATED;COUNTY_BORDER_AMBIGUITY
51059,Fairfax County,VA,2014,72445.0,108533102.0,112102.0,6.0,59.2,2856.8082021170217,5.1,37.4,,,,579539.0,45690428219.0,78839.0,6558.0,34763.0,4.1,622116.0,5.6137615371073615,0.0,0.0,treated,1,2006.0,1,8.0,AWS,AWS,0,1,ALWAYS_TREATED;COUNTY_BORDER_AMBIGUITY
51059,Fairfax County,VA,2015,75018.0,109923813.0,112552.0,6.0,59.9,2886.601998358145,4.9,37.4,,,,586870.0,47502620982.0,80942.0,6964.0,36590.0,3.5,616185.0,5.827737449073029,0.0,0.0,treated,1,2006.0,1,9.0,AWS,AWS,0,1,ALWAYS_TREATED;COUNTY_BORDER_AMBIGUITY
51059,Fairfax County,VA,2016,75908.0,111444480.0,114329.0,6.0,60.3,2897.253600190271,4.7,37.6,,,,595313.0,48498252279.0,81467.0,6152.0,37312.0,3.2,617693.0,6.080797602962601,0.0,0.0,treated,1,2006.0,1,10.0,AWS,AWS,0,1,ALWAYS_TREATED;COUNTY_BORDER_AMBIGUITY
51059,Fairfax County,VA,2017,77859.0,114188029.0,117515.0,6.1,60.7,2920.5694834804267,4.5,37.9,,,,601868.0,50624616221.0,84112.0,6227.0,37195.0,3.0,629074.0,6.2695450833074515,0.0,0.0,treated,1,2006.0,1,11.0,AWS,AWS,0,1,ALWAYS_TREATED;COUNTY_BORDER_AMBIGUITY
51059,Fairfax County,VA,2018,81954.0,119273660.0,121133.0,6.2,61.1,2924.4695297695007,4.2,37.9,,,,612537.0,52916489408.0,86389.0,6002.0,37276.0,2.5,629542.0,6.430753856109568,0.0,0.0,treated,1,2006.0,1,12.0,AWS,AWS,0,1,ALWAYS_TREATED;COUNTY_BORDER_AMBIGUITY
51059,Fairfax County,VA,2019,85521.0,125628136.0,124831.0,6.1,61.6,2930.4359612399335,3.9,38.0,,,,622226.0,55615305634.0,89381.0,8125.0,36766.0,2.3,637809.0,6.650866562418556,0.0,0.0,treated,1,2006.0,1,13.0,AWS,AWS,0,1,ALWAYS_TREATED;COUNTY_BORDER_AMBIGUITY
51059,Fairfax County,VA,2020,87943.0,125622450.0,127866.0,5.9,62.1,2939.583807519289,4.1,38.1,,,,591639.0,57381712481.0,96988.0,8969.0,36839.0,6.0,622641.0,11.741600617240652,59.257,3837.897,treated,1,2006.0,1,14.0,AWS,AWS,0,1,ALWAYS_TREATED;COUNTY_BORDER_AMBIGUITY
51059,Fairfax County,VA,2021,97698.0,134207151.0,133974.0,6.1,63.5,2932.8987445687058,4.2,38.3,,,,607242.0,61024274964.0,100494.0,9771.0,37985.0,3.5,620929.0,17.58838431332785,46.341,6351.114,treated,1,2006.0,1,15.0,AWS,AWS,0,1,ALWAYS_TREATED;COUNTY_BORDER_AMBIGUITY
51059,Fairfax County,VA,2022,102447.0,139244840.0,145165.0,6.0,64.1,2929.1367982793763,4.1,38.6,,,,620691.0,64283370874.0,103567.0,10730.0,41142.0,2.4,638265.0,21.693165805158586,38.835,11742.95,treated,1,2006.0,1,16.0,AWS,AWS,0,1,ALWAYS_TREATED;COUNTY_BORDER_AMBIGUITY
51059,Fairfax County,VA,2023,109471.0,146921290.0,150113.0,5.9,64.3,2926.8862797650254,4.0,38.9,,,,629471.0,67688204245.0,107532.0,11069.0,39782.0,,,25.1483213626806,5.673,941.649,treated,1,2006.0,1,17.0,AWS,AWS,0,1,ALWAYS_TREATED;COUNTY_BORDER_AMBIGUITY
51059,Fairfax County,VA,2024,114330.0,151225537.0,,,,,,,,,,636430.0,72616362714.0,114100.0,11815.0,38934.0,,,,0.0,0.0,treated,1,2006.0,1,18.0,AWS,AWS,0,1,ALWAYS_TREATED;COUNTY_BORDER_AMBIGUITY
51087,Henrico County,VA,2010,46551.0,21806682.0,60114.0,,38.9,1284.0611961057025,6.6,37.1,10.220767619434053,,,170411.0,8142720676.0,47783.0,851.0,9610.0,7.5,167948.0,3.673054587688734,0.0,0.0,treated,1,2020.0,0,0.0,Meta,Meta,1,1,ORIGINAL_COHORT
51087,Henrico County,VA,2011,49724.0,23138909.0,61206.0,,39.2,1300.288862736707,7.0,37.3,10.642320779623974,,,172959.0,8448361175.0,48846.0,923.0,9756.0,6.7,170265.0,3.8405858809503535,0.0,0.0,treated,1,2020.0,0,0.0,Meta,Meta,1,1,ORIGINAL_COHORT
51087,Henrico County,VA,2012,52240.0,23805628.0,61300.0,10.5,39.5,1316.2554830426875,7.7,37.5,11.044668644654392,,,178088.0,8732606832.0,49035.0,783.0,10151.0,5.9,172338.0,4.210677027405195,0.0,0.0,treated,1,2020.0,0,0.0,Meta,Meta,1,1,ORIGINAL_COHORT
51087,Henrico County,VA,2013,52640.0,24808333.0,61048.0,10.7,39.7,1332.2520594843263,7.9,37.6,10.72088033141516,,,179427.0,8933470633.0,49789.0,637.0,10203.0,5.4,174131.0,4.297488606613013,0.0,0.0,treated,1,2020.0,0,0.0,Meta,Meta,1,1,ORIGINAL_COHORT
51087,Henrico County,VA,2014,55556.0,25527643.0,61438.0,10.7,39.7,1347.504011982454,7.6,37.8,10.845198937440564,,,179377.0,9119254798.0,50838.0,589.0,10326.0,5.0,176852.0,4.244945428520308,0.0,0.0,treated,1,2020.0,0,0.0,Meta,Meta,1,1,ORIGINAL_COHORT
51087,Henrico County,VA,2015,57876.0,26871266.0,61934.0,10.7,40.7,1364.5618915159944,6.7,37.9,11.055026234667997,,,187015.0,9639006294.0,51541.0,411.0,10996.0,4.2,177634.0,4.5040021807548385,0.0,0.0,treated,1,2020.0,0,0.0,Meta,Meta,1,1,ORIGINAL_COHORT
51087,Henrico County,VA,2016,59605.0,27701258.0,63699.0,10.6,40.8,1377.6441639028565,6.3,38.1,11.185673295112666,,,189377.0,9810817906.0,51806.0,460.0,11493.0,3.8,179085.0,4.723175690917627,0.0,0.0,treated,1,2020.0,0,0.0,Meta,Meta,1,1,ORIGINAL_COHORT
51087,Henrico County,VA,2017,62278.0,28589182.0,66447.0,10.4,42.1,1386.8535358938695,5.8,38.3,11.524501496229677,,,192970.0,10252834578.0,53132.0,376.0,11576.0,3.6,181903.0,5.223528843016159,0.0,0.0,treated,1,2020.0,0,0.0,Meta,Meta,1,1,ORIGINAL_COHORT
51087,Henrico County,VA,2018,64059.0,29602160.0,68572.0,10.0,42.9,1393.5679897293248,5.3,38.5,11.66164086138545,,,191595.0,10357739962.0,54061.0,470.0,11830.0,3.0,181509.0,5.895058413584888,0.0,0.0,treated,1,2020.0,0,0.0,Meta,Meta,1,1,ORIGINAL_COHORT
51087,Henrico County,VA,2019,67511.0,30618861.0,70307.0,9.1,43.7,1401.6689847009734,4.4,38.8,12.056458043354928,,,192419.0,10719950804.0,55712.0,461.0,11840.0,2.8,183311.0,6.327370335705582,0.0,0.0,treated,1,2020.0,0,0.0,Meta,Meta,1,1,ORIGINAL_COHORT
51087,Henrico County,VA,2020,69415.0,29224079.0,72295.0,8.8,44.3,1412.543061945009,4.1,39.1,12.179610359243735,,,180705.0,10860171056.0,60099.0,488.0,11837.0,6.7,179896.0,10.043469115894272,89.456,3766.62,treated,1,2020.0,1,0.0,Meta,Meta,1,1,ORIGINAL_COHORT
51087,Henrico County,VA,2021,74828.0,31143696.0,76345.0,8.1,44.9,1420.451481758853,4.1,39.2,12.13029958147936,,,183265.0,11526984936.0,62898.0,468.0,12142.0,3.9,179139.0,14.877196247550032,139.222,9249.088,treated,1,2020.0,1,1.0,Meta,Meta,1,1,ORIGINAL_COHORT
51087,Henrico County,VA,2022,73857.0,31163682.0,82424.0,8.4,45.4,1425.5697015085054,3.9,39.3,13.40972176536102,,,188096.0,12391041726.0,65876.0,450.0,13028.0,2.7,185309.0,17.731993145722402,90.372,13184.545,treated,1,2020.0,1,2.0,Meta,Meta,1,1,ORIGINAL_COHORT
51087,Henrico County,VA,2023,77876.0,29506032.0,86397.0,8.4,45.7,1431.192896116401,3.9,39.4,,,,186666.0,12656855527.0,67805.0,622.0,12790.0,,,19.82186206936131,11.297,1872.777,treated,1,2020.0,1,3.0,Meta,Meta,1,1,ORIGINAL_COHORT
51087,Henrico County,VA,2024,81054.0,29755353.0,,,,,,,14.09433152924228,,,187647.0,13236836668.0,70541.0,591.0,12661.0,,,,0.0,0.0,treated,1,2020.0,1,4.0,Meta,Meta,1,1,ORIGINAL_COHORT
51095,James City County,VA,2010,51432.0,4642174.0,73903.0,,45.0,452.47297924074826,3.9,44.3,,,,26180.0,880137916.0,33618.0,,1615.0,6.5,32282.0,5.415675389902194,0.0,0.0,control,0,,0,0.0,,,1,0,
51095,James City County,VA,2011,54111.0,4468355.0,75938.0,,45.6,462.5363673417757,4.6,44.6,,,,26390.0,891762838.0,33792.0,,1651.0,6.1,32554.0,5.619732517653184,0.0,0.0,control,0,,0,0.0,,,1,0,
51095,James City County,VA,2012,55493.0,4416413.0,76767.0,8.7,45.3,470.41420118343194,5.8,44.9,,,,26991.0,935327751.0,34653.0,5.0,1691.0,5.6,32942.0,5.433887699654207,0.0,0.0,control,0,,0,0.0,,,1,0,
51095,James City County,VA,2013,55401.0,4496602.0,76960.0,8.7,45.8,479.07208815303096,6.4,45.1,,,,26779.0,966017109.0,36073.0,5.0,1694.0,5.2,33708.0,5.4995356242536815,0.0,0.0,control,0,,0,0.0,,,1,0,
51095,James City County,VA,2014,56359.0,4374047.0,76705.0,8.5,46.1,490.74477504954393,5.8,45.2,,,,27639.0,998751380.0,36136.0,,1710.0,4.8,34735.0,5.389742103738047,0.0,0.0,control,0,,0,0.0,,,1,0,
51095,James City County,VA,2015,59107.0,4617822.0,75710.0,8.1,47.0,496.6549073072004,5.1,45.4,,,,27822.0,990737140.0,35609.0,,1849.0,4.3,34430.0,5.745632114658972,0.0,0.0,control,0,,0,0.0,,,1,0,
51095,James City County,VA,2016,60937.0,4792761.0,80226.0,7.9,47.8,505.27765674851366,4.9,45.9,,,,28975.0,1089008424.0,37584.0,,1908.0,3.8,34910.0,6.120799527495415,0.0,0.0,control,0,,0,0.0,,,1,0,
51095,James City County,VA,2017,62182.0,5178966.0,80772.0,7.5,47.9,513.2046831297699,4.9,45.9,,,,29563.0,1118971676.0,37851.0,,1908.0,3.5,36236.0,6.321020575134087,0.0,0.0,control,0,,0,0.0,,,1,0,
51095,James City County,VA,2018,61906.0,5245569.0,83048.0,7.8,49.6,521.1106269940548,4.0,46.4,,,,30233.0,1169385892.0,38679.0,,1983.0,2.9,36646.0,6.379020643302929,0.0,0.0,control,0,,0,0.0,,,1,0,
51095,James City County,VA,2019,63896.0,5204171.0,87678.0,7.3,50.4,526.4726138104542,4.3,46.5,,,,30395.0,1221352388.0,40182.0,61.0,1982.0,2.6,36951.0,6.825317644297074,0.0,0.0,control,0,,0,0.0,,,1,0,
51095,James City County,VA,2020,67529.0,5244402.0,91675.0,6.6,51.0,534.3153101238246,4.1,46.8,,,,26039.0,1198725299.0,46035.0,7.0,1982.0,7.1,36749.0,9.268292682926829,37.375,2533.504,control,0,,0,0.0,,,1,0,
51095,James City County,VA,2021,73815.0,5558140.0,94907.0,6.9,50.5,546.2690972466232,4.4,46.8,,,,27600.0,1305179230.0,47289.0,58.0,2030.0,3.9,36365.0,12.431538110451848,96.108,8923.327,control,0,,0,0.0,,,1,0,
51095,James City County,VA,2022,75579.0,5886776.0,100711.0,7.3,50.0,553.8939408846225,3.7,47.1,,,,29076.0,1440687380.0,49550.0,119.0,2232.0,2.8,37027.0,14.075856212850267,54.728,15916.493,control,0,,0,0.0,,,1,0,
51095,James City County,VA,2023,80283.0,5934275.0,107046.0,6.5,50.2,562.5237178315929,3.5,47.2,,,,29332.0,1516542773.0,51703.0,123.0,2238.0,,,15.719542683783253,18.688,1111.912,control,0,,0,0.0,,,1,0,
51095,James City County,VA,2024,84453.0,5940811.0,,,,,,,,,,30184.0,1580415645.0,52359.0,115.0,2261.0,,,,0.0,0.0,control,0,,0,0.0,,,1,0,
51107,Loudoun County,VA,2010,63772.0,19928704.0,115574.0,,57.2,565.506129081045,3.8,34.3,10.396778436772944,,,132340.0,7501187975.0,56681.0,587.0,9285.0,5.2,175593.0,6.489091501139694,0.0,0.0,treated,1,2006.0,1,4.0,AWS,AWS;Oracle;Google,0,1,ALWAYS_TREATED;MULTIPLE_OPERATORS;HUGE_METRO
51107,Loudoun County,VA,2011,66784.0,20273472.0,120096.0,,57.6,588.1455312581194,4.3,34.6,10.787651085934693,,,137434.0,7849212307.0,57113.0,779.0,9654.0,4.7,181241.0,6.772271016311167,0.0,0.0,treated,1,2006.0,1,5.0,AWS,AWS;Oracle;Google,0,1,ALWAYS_TREATED;MULTIPLE_OPERATORS;HUGE_METRO
51107,Loudoun County,VA,2012,69134.0,21154241.0,122068.0,3.5,57.9,610.7364592099088,4.4,34.8,11.081613158335443,,,141249.0,8236288365.0,58310.0,880.0,9990.0,4.4,185858.0,7.032654193657342,0.0,0.0,treated,1,2006.0,1,6.0,AWS,AWS;Oracle;Google,0,1,ALWAYS_TREATED;MULTIPLE_OPERATORS;HUGE_METRO
51107,Loudoun County,VA,2013,67610.0,22197546.0,122238.0,3.6,57.9,633.0287859339431,4.5,34.9,10.761632737579983,,,146358.0,8681374683.0,59316.0,780.0,10175.0,4.3,191165.0,7.1021351337157395,0.0,0.0,treated,1,2006.0,1,7.0,AWS,AWS;Oracle;Google,0,1,ALWAYS_TREATED;MULTIPLE_OPERATORS;HUGE_METRO
51107,Loudoun County,VA,2014,68718.0,22845662.0,123966.0,3.8,58.0,657.1476214667136,4.3,35.1,10.911945152764591,,,148593.0,8963952580.0,60326.0,1557.0,10467.0,4.2,196697.0,7.056801532739772,0.0,0.0,treated,1,2006.0,1,8.0,AWS,AWS;Oracle;Google,0,1,ALWAYS_TREATED;MULTIPLE_OPERATORS;HUGE_METRO
51107,Loudoun County,VA,2015,71082.0,23989404.0,123453.0,4.0,58.2,680.8282500029084,4.0,35.3,11.158442734248766,,,154560.0,9469524969.0,61268.0,2109.0,11395.0,3.5,200891.0,6.83033966859479,0.0,0.0,treated,1,2006.0,1,9.0,AWS,AWS;Oracle;Google,0,1,ALWAYS_TREATED;MULTIPLE_OPERATORS;HUGE_METRO
51107,Loudoun County,VA,2016,73874.0,25206693.0,125672.0,4.0,58.8,702.7502336457658,3.9,35.5,11.20234212289527,,,159753.0,9786620711.0,61261.0,2187.0,11987.0,3.1,207602.0,7.232561894790576,0.0,0.0,treated,1,2006.0,1,10.0,AWS,AWS;Oracle;Google,0,1,ALWAYS_TREATED;MULTIPLE_OPERATORS;HUGE_METRO
51107,Loudoun County,VA,2017,75651.0,26813789.0,129588.0,3.7,59.8,726.2563549709348,3.8,35.8,11.5494675330736,,,164537.0,10388091191.0,63135.0,2186.0,12244.0,3.0,216176.0,7.010226589131743,0.0,0.0,treated,1,2006.0,1,11.0,AWS,AWS;Oracle;Google,0,1,ALWAYS_TREATED;MULTIPLE_OPERATORS;HUGE_METRO
51107,Loudoun County,VA,2018,78631.0,28280364.0,136268.0,3.7,60.8,746.7803419565747,3.5,36.0,11.6829487955784,,,169077.0,11106435306.0,65689.0,2100.0,12575.0,2.5,220513.0,7.468984683373649,0.0,0.0,treated,1,2006.0,1,12.0,AWS,AWS;Oracle;Google,0,1,ALWAYS_TREATED;MULTIPLE_OPERATORS;HUGE_METRO
51107,Loudoun County,VA,2019,81997.0,29525992.0,142299.0,3.4,61.3,766.1525813494447,3.2,36.2,12.087904553223488,,,175497.0,11699975992.0,66668.0,2394.0,12677.0,2.3,227755.0,7.882125876759403,0.0,0.0,treated,1,2006.0,1,13.0,AWS,AWS;Oracle;Google,0,1,ALWAYS_TREATED;MULTIPLE_OPERATORS;HUGE_METRO
51107,Loudoun County,VA,2020,85192.0,28754801.0,147111.0,3.2,61.6,785.8874079474461,3.6,36.5,12.136061767285192,,,165166.0,12087623391.0,73185.0,2159.0,12933.0,5.5,225264.0,13.417361532939422,40.24,3585.872,treated,1,2006.0,1,14.0,AWS,AWS;Oracle;Google,0,1,ALWAYS_TREATED;MULTIPLE_OPERATORS;HUGE_METRO
51107,Loudoun County,VA,2021,92268.0,31764885.0,156821.0,3.3,63.0,801.9071699196103,3.4,36.9,12.125539148901693,,,172484.0,12943519988.0,75042.0,2265.0,13591.0,3.1,224820.0,19.143334858831047,39.227,7703.21,treated,1,2006.0,1,15.0,AWS,AWS;Oracle;Google,0,1,ALWAYS_TREATED;MULTIPLE_OPERATORS;HUGE_METRO
51107,Loudoun County,VA,2022,96039.0,33320670.0,170463.0,3.8,63.5,815.8658078326591,3.2,37.3,13.401222941730316,,,180628.0,14193053336.0,78576.0,2226.0,14965.0,2.3,232059.0,23.50974216717391,28.851,12511.452,treated,1,2006.0,1,16.0,AWS,AWS;Oracle;Google,0,1,ALWAYS_TREATED;MULTIPLE_OPERATORS;HUGE_METRO
51107,Loudoun County,VA,2023,101623.0,35886030.0,178707.0,4.0,64.0,828.0987633255644,3.2,37.8,,,,189016.0,15212275379.0,80481.0,2042.0,14742.0,,,27.53246188311547,4.555,1033.32,treated,1,2006.0,1,17.0,AWS,AWS;Oracle;Google,0,1,ALWAYS_TREATED;MULTIPLE_OPERATORS;HUGE_METRO
51107,Loudoun County,VA,2024,106510.0,37440677.0,,,,,,,13.92881653412297,,,198113.0,16797557986.0,84788.0,2180.0,14735.0,,,,0.0,0.0,treated,1,2006.0,1,18.0,AWS,AWS;Oracle;Google,0,1,ALWAYS_TREATED;MULTIPLE_OPERATORS;HUGE_METRO
51117,Mecklenburg County,VA,2010,28736.0,1090229.0,36431.0,,13.4,52.41240344788985,9.3,45.1,10.316525377894727,,,12270.0,360836312.0,29409.0,,949.0,11.5,14183.0,5.910581460449492,0.0,0.0,treated,1,2012.0,0,0.0,Microsoft,Microsoft,1,1,PRE_COVID_COHORT
51117,Mecklenburg County,VA,2011,29686.0,1046823.0,36069.0,,12.7,52.418800275063575,8.8,45.3,10.723900927979932,,,12203.0,360464719.0,29539.0,,967.0,10.3,14031.0,5.014528850145289,0.0,0.0,treated,1,2012.0,0,0.0,Microsoft,Microsoft,1,1,PRE_COVID_COHORT
51117,Mecklenburg County,VA,2012,31337.0,1013940.0,35399.0,21.1,13.7,52.050982712574566,9.3,45.9,11.121508136732556,,,11959.0,354147435.0,29615.0,,1004.0,9.2,13508.0,4.466166680711216,0.0,0.0,treated,1,2012.0,1,0.0,Microsoft,Microsoft,1,1,PRE_COVID_COHORT
51117,Mecklenburg County,VA,2013,31566.0,975590.0,36261.0,19.6,13.7,51.612800051174624,9.6,46.4,10.786805283985798,,,11260.0,342158743.0,30388.0,,1000.0,9.1,12771.0,4.679577757459895,0.0,0.0,treated,1,2012.0,1,1.0,Microsoft,Microsoft,1,1,PRE_COVID_COHORT
51117,Mecklenburg County,VA,2014,32268.0,998045.0,37756.0,19.9,15.2,51.03548639874623,7.9,46.9,10.939802416710576,,,11354.0,348210569.0,30668.0,,1024.0,7.6,12663.0,4.653061224489796,0.0,0.0,treated,1,2012.0,1,2.0,Microsoft,Microsoft,1,1,PRE_COVID_COHORT
51117,Mecklenburg County,VA,2015,33360.0,1018714.0,37356.0,19.8,15.6,50.46297036669812,6.9,47.2,11.157159908730716,,,11706.0,374301444.0,31977.0,,1052.0,6.0,12561.0,3.661647329877397,0.0,0.0,treated,1,2012.0,1,3.0,Microsoft,Microsoft,1,1,PRE_COVID_COHORT
51117,Mecklenburg County,VA,2016,34039.0,1012829.0,40040.0,17.8,17.1,49.90964481617118,6.1,48.2,11.25930633755677,,,11772.0,389248566.0,33065.0,,1097.0,5.5,12473.0,3.4195026178010473,0.0,0.0,treated,1,2012.0,1,4.0,Microsoft,Microsoft,1,1,PRE_COVID_COHORT
51117,Mecklenburg County,VA,2017,35329.0,989023.0,41126.0,16.9,18.2,49.50984311781357,5.0,47.9,11.571047822630142,,,11502.0,389324358.0,33848.0,,1086.0,4.8,12859.0,4.094034863265633,0.0,0.0,treated,1,2012.0,1,5.0,Microsoft,Microsoft,1,1,PRE_COVID_COHORT
51117,Mecklenburg County,VA,2018,36269.0,999871.0,42025.0,18.9,18.4,49.33073195694936,4.3,48.4,11.7170034468442,,,11562.0,398118102.0,34434.0,106.0,1128.0,4.1,12719.0,5.037866315442871,0.0,0.0,treated,1,2012.0,1,6.0,Microsoft,Microsoft,1,1,PRE_COVID_COHORT
51117,Mecklenburg County,VA,2019,37758.0,1019250.0,43207.0,19.0,20.2,49.140426348531136,3.9,48.4,12.12071979365678,,,11419.0,404086133.0,35387.0,,1123.0,4.0,12729.0,5.457746478873239,0.0,0.0,treated,1,2012.0,1,7.0,Microsoft,Microsoft,1,1,PRE_COVID_COHORT
51117,Mecklenburg County,VA,2020,41494.0,1083387.0,50224.0,17.0,23.1,49.13722793494427,3.4,48.5,12.2486114343247,,,10907.0,421415894.0,38637.0,,1073.0,7.0,12570.0,4.643663334408255,126.92,4243.687,treated,1,2012.0,1,8.0,Microsoft,Microsoft,1,1,PRE_COVID_COHORT
51117,Mecklenburg County,VA,2021,46473.0,1110937.0,46378.0,17.9,22.3,48.53112856023413,3.4,48.4,12.158764258234664,,,10966.0,456392392.0,41621.0,,1075.0,4.7,12517.0,6.467621217051741,192.007,8210.752,treated,1,2012.0,1,9.0,Microsoft,Microsoft,1,1,PRE_COVID_COHORT
51117,Mecklenburg County,VA,2022,46675.0,1139961.0,51265.0,18.8,21.5,48.563112696102735,3.6,48.6,13.457168788489794,,,11419.0,503105523.0,44059.0,,1164.0,3.5,12966.0,6.591705369510307,143.192,12229.888,treated,1,2012.0,1,10.0,Microsoft,Microsoft,1,1,PRE_COVID_COHORT
51117,Mecklenburg County,VA,2023,49304.0,1174374.0,51691.0,17.4,21.2,48.66546193088229,3.0,48.8,,,,11646.0,543273621.0,46650.0,,1126.0,,,7.159372419488027,19.526,1103.228,treated,1,2012.0,1,11.0,Microsoft,Microsoft,1,1,PRE_COVID_COHORT
51117,Mecklenburg County,VA,2024,51880.0,1240310.0,,,,,,,14.131145449944048,,,11719.0,594500067.0,50731.0,,1062.0,,,,0.0,0.0,treated,1,2012.0,1,12.0,Microsoft,Microsoft,1,1,PRE_COVID_COHORT
51153,Prince William County,VA,2010,47113.0,17339302.0,91098.0,,37.5,1131.7172548738874,4.9,33.3,13.096104482108831,,,103877.0,4376941243.0,42136.0,105.0,7421.0,6.2,218644.0,3.9214798036995098,0.0,0.0,treated,1,2009.0,1,1.0,AWS,AWS,0,1,ALWAYS_TREATED
51153,Prince William County,VA,2011,48587.0,17878524.0,95531.0,,37.7,1167.582384804448,5.4,33.4,12.995017804560048,,,108137.0,4608639181.0,42619.0,111.0,7687.0,5.6,224848.0,4.103708791208791,0.0,0.0,treated,1,2009.0,1,2.0,AWS,AWS,0,1,ALWAYS_TREATED
51153,Prince William County,VA,2012,48575.0,18429035.0,96160.0,6.2,37.7,1205.0820865249243,5.7,33.5,11.081613158335443,,,112954.0,4895054696.0,43337.0,314.0,7958.0,5.2,228525.0,3.844250280775894,0.0,0.0,treated,1,2009.0,1,3.0,AWS,AWS,0,1,ALWAYS_TREATED
51153,Prince William County,VA,2013,47769.0,19109381.0,98071.0,6.3,38.1,1242.8353258405518,6.4,33.5,10.761632737579983,,,116645.0,5076965371.0,43525.0,348.0,8037.0,5.1,231198.0,3.9011001790989233,0.0,0.0,treated,1,2009.0,1,4.0,AWS,AWS,0,1,ALWAYS_TREATED
51153,Prince William County,VA,2014,48818.0,19429887.0,98514.0,6.5,38.1,1278.9390793900782,5.8,33.7,10.911945152764591,,,119463.0,5258641094.0,44019.0,374.0,8254.0,4.8,232639.0,3.839209951434401,0.0,0.0,treated,1,2009.0,1,5.0,AWS,AWS,0,1,ALWAYS_TREATED
51153,Prince William County,VA,2015,49739.0,19484210.0,98657.0,6.7,38.8,1304.2898561099578,5.4,34.0,11.158442734248766,,,122607.0,5513115781.0,44966.0,401.0,8870.0,4.1,232296.0,3.828420223545758,0.0,0.0,treated,1,2009.0,1,6.0,AWS,AWS,0,1,ALWAYS_TREATED
51153,Prince William County,VA,2016,50747.0,19747736.0,98546.0,7.0,39.5,1323.2574510225022,5.4,34.4,11.20234212289527,,,126283.0,5817089922.0,46064.0,252.0,9212.0,3.6,235285.0,3.858544892727975,0.0,0.0,treated,1,2009.0,1,7.0,AWS,AWS,0,1,ALWAYS_TREATED
51153,Prince William County,VA,2017,52135.0,20424444.0,101059.0,7.0,39.8,1344.533729448541,5.0,34.7,11.5494675330736,,,127892.0,6025108855.0,47111.0,354.0,9293.0,3.4,241599.0,4.175913024031928,0.0,0.0,treated,1,2009.0,1,8.0,AWS,AWS,0,1,ALWAYS_TREATED
51153,Prince William County,VA,2018,53631.0,20981879.0,103445.0,6.8,40.1,1362.3887417376573,4.7,34.9,11.6829487955784,,,130335.0,6412562101.0,49200.0,355.0,9452.0,2.8,243484.0,4.219706086750174,0.0,0.0,treated,1,2009.0,1,9.0,AWS,AWS,0,1,ALWAYS_TREATED
51153,Prince William County,VA,2019,55284.0,21720470.0,107132.0,6.6,41.1,1376.3303266757346,4.6,35.2,12.087904553223488,,,133237.0,6694356316.0,50244.0,224.0,9535.0,2.5,248487.0,4.814063952952609,0.0,0.0,treated,1,2009.0,1,10.0,AWS,AWS,0,1,ALWAYS_TREATED
51153,Prince William County,VA,2020,58465.0,21595028.0,107707.0,6.1,41.9,1392.4702317035342,5.0,35.4,12.136061767285192,,,125254.0,6910642636.0,55173.0,365.0,9615.0,6.7,245636.0,7.997404325848037,56.347,5530.5,treated,1,2009.0,1,11.0,AWS,AWS,0,1,ALWAYS_TREATED
51153,Prince William County,VA,2021,62231.0,22412693.0,113831.0,5.8,42.7,1423.461474216718,4.9,35.7,12.125539148901693,,,130075.0,7357975758.0,56567.0,416.0,9968.0,3.9,244085.0,11.73102589018947,77.153,9179.863,treated,1,2009.0,1,12.0,AWS,AWS,0,1,ALWAYS_TREATED
51153,Prince William County,VA,2022,64363.0,22847210.0,123193.0,6.0,43.7,1435.0645476889304,4.7,35.8,13.401222941730316,,,133867.0,7877569847.0,58846.0,606.0,10862.0,2.6,250685.0,14.980108701742587,40.744,11900.144,treated,1,2009.0,1,13.0,AWS,AWS,0,1,ALWAYS_TREATED
51153,Prince William County,VA,2023,67636.0,24064748.0,128873.0,6.1,44.5,1445.537141766292,4.5,36.0,,,,139621.0,8629416702.0,61806.0,669.0,10683.0,,,17.536783570601784,7.369,1204.318,treated,1,2009.0,1,14.0,AWS,AWS,0,1,ALWAYS_TREATED
51153,Prince William County,VA,2024,70956.0,24926326.0,,,,,,,13.92881653412297,,,143345.0,9238180606.0,64447.0,653.0,10632.0,,,,0.0,0.0,treated,1,2009.0,1,15.0,AWS,AWS,0,1,ALWAYS_TREATED
51173,Smyth County,VA,2010,28191.0,1013233.0,34864.0,,14.6,71.73267765373029,6.7,42.3,10.36436838569141,,,11513.0,361366869.0,31387.0,,791.0,12.4,13740.0,1.5425994778894074,0.0,0.0,control,0,,0,0.0,,,1,0,
51173,Smyth County,VA,2011,29669.0,1117066.0,34533.0,,14.3,71.47793726741095,7.0,43.1,9.356993665749382,,,11627.0,369600455.0,31788.0,,809.0,10.9,13728.0,1.695851080612084,0.0,0.0,control,0,,0,0.0,,,1,0,
51173,Smyth County,VA,2012,30540.0,1102213.0,34394.0,20.2,14.3,71.11244019138756,7.5,43.3,10.714058865721642,,,11606.0,372619247.0,32106.0,,832.0,9.4,13486.0,1.6424510423247,0.0,0.0,control,0,,0,0.0,,,1,0,
51173,Smyth County,VA,2013,31069.0,1110882.0,37239.0,18.4,15.0,70.83776360092149,8.1,43.6,10.958068789328276,,,11631.0,386289129.0,33213.0,,821.0,8.9,13397.0,1.510597302504817,0.0,0.0,control,0,,0,0.0,,,1,0,
51173,Smyth County,VA,2014,32628.0,1112017.0,37880.0,19.3,14.9,70.60960482013114,7.6,43.9,11.297868876207362,,,11849.0,408080093.0,34441.0,,818.0,7.8,13485.0,2.122221361629618,0.0,0.0,control,0,,0,0.0,,,1,0,
51173,Smyth County,VA,2015,33570.0,1094977.0,37983.0,18.7,15.0,70.2950558213716,6.4,44.3,11.232867607133509,,,12351.0,422490205.0,34207.0,,845.0,6.4,13509.0,2.4363999692567826,0.0,0.0,control,0,,0,0.0,,,1,0,
51173,Smyth County,VA,2016,34398.0,1059099.0,38906.0,17.7,14.8,69.80551125287967,7.3,44.3,11.353329131743251,,,12793.0,434271007.0,33946.0,,887.0,5.7,13691.0,2.3958746529155097,0.0,0.0,control,0,,0,0.0,,,1,0,
51173,Smyth County,VA,2017,35011.0,1003317.0,40544.0,17.4,14.5,69.32925748715222,6.3,44.6,11.440578146643997,,,12197.0,417196217.0,34205.0,,895.0,4.9,14009.0,3.043995243757432,0.0,0.0,control,0,,0,0.0,,,1,0,
51173,Smyth County,VA,2018,35941.0,1028903.0,40425.0,19.2,14.3,68.79984051036682,5.8,44.9,11.18195564905387,,,12169.0,421782200.0,34661.0,,937.0,4.0,13716.0,3.1143552311435525,0.0,0.0,control,0,,0,0.0,,,1,0,
51173,Smyth County,VA,2019,37224.0,1036343.0,40932.0,18.9,14.6,68.15302144249513,5.7,45.0,10.972725394088512,,,12137.0,437869295.0,36076.0,,911.0,3.7,13762.0,3.1738200953790496,0.0,0.0,control,0,,0,0.0,,,1,0,
51173,Smyth County,VA,2020,40229.0,980070.0,41088.0,18.7,14.9,67.64797093744463,5.5,45.4,10.814283664139614,,,11359.0,433713967.0,38184.0,,879.0,6.7,13314.0,3.73387644263408,178.763,5905.678,control,0,,0,0.0,,,1,0,
51173,Smyth County,VA,2021,44324.0,1038509.0,42588.0,18.9,16.0,66.36540847067162,3.8,45.2,11.145614291553938,,,11803.0,471941101.0,39986.0,,887.0,4.1,13517.0,4.702246721790695,273.02,12484.155,control,0,,0,0.0,,,1,0,
51173,Smyth County,VA,2022,45285.0,1039319.0,45061.0,18.8,17.5,66.00877192982456,3.3,46.2,13.02587405093559,,,11690.0,506770941.0,43349.0,21.0,948.0,3.1,13571.0,5.200034267112139,182.013,19452.66,control,0,,0,0.0,,,1,0,
51173,Smyth County,VA,2023,48487.0,1078128.0,46859.0,16.5,18.1,65.5347332978912,3.0,46.2,,,,11835.0,542881523.0,45872.0,20.0,866.0,,,6.121403568684368,26.002,1693.373,control,0,,0,0.0,,,1,0,
51173,Smyth County,VA,2024,50617.0,1082653.0,,,,,,,17.016584103926505,,,11649.0,562295921.0,48271.0,22.0,816.0,,,,0.0,0.0,control,0,,0,0.0,,,1,0,
51510,Alexandria city,VA,2010,75738.0,15810312.0,80847.0,,60.4,8948.577167726817,3.9,35.7,,,,95948.0,6418516100.0,66896.0,664.0,6105.0,5.0,90436.0,3.613883793505968,0.0,0.0,control,0,,0,0.0,,,1,0,BACKFILL
51510,Alexandria city,VA,2011,78165.0,15349549.0,82899.0,,60.1,9170.940743220624,4.5,35.6,,,,94568.0,6372960094.0,67390.0,652.0,6138.0,4.4,92366.0,4.336033855901986,0.0,0.0,control,0,,0,0.0,,,1,0,BACKFILL
51510,Alexandria city,VA,2012,80505.0,15464481.0,83996.0,8.0,60.5,9396.518245731502,5.1,35.7,11.044668644654392,,,95584.0,6595349655.0,69001.0,603.0,6241.0,4.0,93156.0,4.749527680769451,0.0,0.0,control,0,,0,0.0,,,1,0,BACKFILL
51510,Alexandria city,VA,2013,76051.0,14864400.0,85706.0,8.4,61.4,9620.622698359555,5.0,35.7,10.72088033141516,,,95203.0,6612940934.0,69462.0,554.0,6226.0,4.0,93742.0,5.187729347534234,0.0,0.0,control,0,,0,0.0,,,1,0,BACKFILL
51510,Alexandria city,VA,2014,78690.0,14833106.0,87319.0,8.7,61.5,9803.950451958486,4.7,35.8,10.845198937440564,,,94946.0,6790914597.0,71524.0,754.0,6183.0,3.8,93893.0,5.377868923989877,0.0,0.0,control,0,,0,0.0,,,1,0,BACKFILL
51510,Alexandria city,VA,2015,80148.0,14849118.0,89134.0,8.3,61.4,9997.65651155005,4.5,36.0,11.055026234667997,,,96328.0,6979141482.0,72452.0,816.0,6553.0,3.2,94551.0,4.973428897006358,0.0,0.0,control,0,,0,0.0,,,1,0,BACKFILL
51510,Alexandria city,VA,2016,80787.0,14805375.0,89200.0,9.8,62.1,10142.149313692667,4.0,36.2,11.185673295112666,,,94885.0,7020455007.0,73989.0,817.0,6552.0,2.9,96536.0,5.028063115535317,0.0,0.0,control,0,,0,0.0,,,1,0,BACKFILL
51510,Alexandria city,VA,2017,82214.0,15081071.0,93370.0,10.5,61.8,10358.888516906594,3.9,36.4,11.524501496229677,,,93774.0,7093303873.0,75642.0,819.0,6385.0,2.8,100279.0,5.184631825774789,0.0,0.0,control,0,,0,0.0,,,1,0,BACKFILL
51510,Alexandria city,VA,2018,86394.0,15230199.0,96733.0,10.6,62.1,10479.07599598259,3.3,36.5,11.66164086138545,,,91915.0,7173714190.0,78047.0,761.0,6302.0,2.3,100401.0,5.356265356265356,0.0,0.0,control,0,,0,0.0,,,1,0,BACKFILL
51510,Alexandria city,VA,2019,87786.0,14970109.0,100939.0,10.3,63.1,10553.264144626715,3.0,36.8,12.056458043354928,,,90924.0,7212908600.0,79329.0,754.0,6207.0,2.1,101332.0,5.559780569667103,0.0,0.0,control,0,,0,0.0,,,1,0,BACKFILL
51510,Alexandria city,VA,2020,91521.0,14483075.0,102227.0,9.4,65.1,10599.866086374288,3.3,36.8,12.179610359243735,,,83919.0,7075437449.0,84313.0,777.0,6203.0,6.2,98544.0,10.90493396207157,55.198,4630.329,control,0,,0,0.0,,,1,0,BACKFILL
51510,Alexandria city,VA,2021,104279.0,14874002.0,105450.0,9.6,65.2,10591.56344158018,3.2,37.1,12.13029958147936,,,84081.0,7296189761.0,86776.0,784.0,6376.0,3.7,98279.0,16.722852907130235,46.95,7094.592,control,0,,0,0.0,,,1,0,BACKFILL
51510,Alexandria city,VA,2022,108556.0,14914516.0,113179.0,8.8,66.0,10551.991965182457,3.2,37.4,13.40972176536102,,,84602.0,7518219428.0,88866.0,381.0,6891.0,2.3,100719.0,22.10600504591373,36.799,16215.667,control,0,,0,0.0,,,1,0,BACKFILL
51510,Alexandria city,VA,2023,115627.0,14292120.0,113638.0,8.4,65.8,10498.024774020756,3.4,37.5,,,,81319.0,7213756929.0,88710.0,387.0,6561.0,,,25.211221392830776,8.248,1032.275,control,0,,0,0.0,,,1,0,BACKFILL
51510,Alexandria city,VA,2024,120602.0,14388228.0,,,,,,,14.09433152924228,,,81341.0,7446105060.0,91541.0,387.0,6382.0,,,,0.0,0.0,control,0,,0,0.0,,,1,0,BACKFILL
51550,Chesapeake city,VA,2010,42228.0,9948801.0,67855.0,,27.9,647.8478738742997,4.9,36.5,,,,94844.0,3542660696.0,37352.0,628.0,5654.0,7.4,113482.0,3.017939369815178,0.0,0.0,control,0,,0,0.0,,,1,0,
51550,Chesapeake city,VA,2011,43468.0,9804748.0,70115.0,,28.1,652.4836315503344,6.0,36.7,,,,94677.0,3601722237.0,38042.0,39.0,5618.0,6.9,114467.0,2.855790757357893,0.0,0.0,control,0,,0,0.0,,,1,0,
51550,Chesapeake city,VA,2012,44030.0,9470879.0,70244.0,8.3,28.4,659.5628383009904,6.6,36.7,11.044668644654392,,,95303.0,3704290165.0,38869.0,,5704.0,6.3,115007.0,2.8947202251549293,0.0,0.0,control,0,,0,0.0,,,1,0,
51550,Chesapeake city,VA,2013,43659.0,9645439.0,69743.0,8.5,29.3,666.5474980499681,7.5,36.6,10.72088033141516,,,95580.0,3736110745.0,39089.0,,5646.0,5.8,116363.0,2.8894449416449013,0.0,0.0,control,0,,0,0.0,,,1,0,
51550,Chesapeake city,VA,2014,44773.0,9617838.0,70176.0,9.1,29.4,674.1437587160517,7.6,36.6,10.845198937440564,,,95718.0,3792520607.0,39622.0,,5643.0,5.2,117670.0,2.873594635470763,0.0,0.0,control,0,,0,0.0,,,1,0,
51550,Chesapeake city,VA,2015,46267.0,9830198.0,68620.0,9.7,29.6,681.332285437398,7.5,36.5,11.055026234667997,,,97422.0,3969968171.0,40750.0,61.0,5879.0,4.5,116777.0,3.2118424263237326,0.0,0.0,control,0,,0,0.0,,,1,0,
51550,Chesapeake city,VA,2016,47357.0,9907092.0,69978.0,9.5,30.4,688.9935471671354,6.3,36.7,11.185673295112666,,,98448.0,4051187547.0,41151.0,61.0,6018.0,4.2,118086.0,3.5697143161899345,0.0,0.0,control,0,,0,0.0,,,1,0,
51550,Chesapeake city,VA,2017,48149.0,10081767.0,72214.0,9.6,31.5,695.5409270333514,5.8,36.6,11.524501496229677,,,99486.0,4249431953.0,42714.0,69.0,6049.0,3.7,122020.0,3.6702094872449655,0.0,0.0,control,0,,0,0.0,,,1,0,
51550,Chesapeake city,VA,2018,48247.0,10335901.0,75790.0,9.0,32.5,702.6614980972415,5.1,36.7,11.66164086138545,,,101245.0,4433253424.0,43787.0,61.0,6190.0,3.0,122800.0,3.963496388564508,0.0,0.0,control,0,,0,0.0,,,1,0,
51550,Chesapeake city,VA,2019,49447.0,10504093.0,78640.0,8.6,33.2,709.0493298981256,4.7,36.9,12.056458043354928,,,102535.0,4628247220.0,45138.0,266.0,6216.0,2.8,124798.0,4.105539178720779,0.0,0.0,control,0,,0,0.0,,,1,0,
51550,Chesapeake city,VA,2020,53239.0,10699899.0,81261.0,7.5,34.6,716.923322381639,5.2,37.0,12.179610359243735,,,99334.0,4823027682.0,48553.0,632.0,6276.0,6.3,121987.0,5.681471177009466,42.086,3885.291,control,0,,0,0.0,,,1,0,
51550,Chesapeake city,VA,2021,57484.0,11101457.0,85563.0,8.0,35.5,730.2928593376982,5.1,37.1,12.13029958147936,,,100419.0,5145584049.0,51241.0,574.0,6469.0,3.8,121486.0,7.846936503879356,116.675,10024.085,control,0,,0,0.0,,,1,0,
51550,Chesapeake city,VA,2022,58710.0,11185105.0,92703.0,7.6,35.8,736.8077386720873,5.0,37.4,13.40972176536102,,,103011.0,5533260797.0,53715.0,536.0,6950.0,2.8,124115.0,9.842965841023153,69.589,11955.063,control,0,,0,0.0,,,1,0,
51550,Chesapeake city,VA,2023,62633.0,11671963.0,94189.0,8.7,36.4,742.0550972652279,4.9,37.7,,,,104509.0,5883180241.0,56293.0,659.0,6848.0,,,11.4930991217064,7.501,1019.66,control,0,,0,0.0,,,1,0,
51550,Chesapeake city,VA,2024,65771.0,11925555.0,,,,,,,14.09433152924228,,,104662.0,6156803426.0,58825.0,591.0,6889.0,,,,0.0,0.0,control,0,,0,0.0,,,1,0,
51680,Lynchburg city,VA,2010,31798.0,7346365.0,37058.0,,28.3,1505.3495589676577,9.9,31.6,,,,50141.0,1950446916.0,38900.0,6.0,2448.0,8.7,35899.0,3.073603902194985,0.0,0.0,control,0,,0,0.0,,,1,0,MINOR_COLO
51680,Lynchburg city,VA,2011,32913.0,7195247.0,37733.0,,30.1,1528.2791571381902,10.4,31.0,,,,50552.0,1986417207.0,39294.0,,2426.0,8.0,35703.0,2.9739200545787203,0.0,0.0,control,0,,0,0.0,,,1,0,MINOR_COLO
51680,Lynchburg city,VA,2012,33761.0,6935759.0,37774.0,24.3,30.7,1544.7770336491344,10.6,30.3,,,,50776.0,2024154191.0,39864.0,,2469.0,7.3,35536.0,2.9290390641968416,0.0,0.0,control,0,,0,0.0,,,1,0,MINOR_COLO
51680,Lynchburg city,VA,2013,33260.0,6879981.0,38138.0,24.7,31.2,1561.3157464880758,11.7,29.5,,,,50745.0,2063954355.0,40673.0,,2471.0,6.9,35740.0,3.1101969583644977,0.0,0.0,control,0,,0,0.0,,,1,0,MINOR_COLO
51680,Lynchburg city,VA,2014,34520.0,6873973.0,39391.0,24.6,32.3,1584.9803985625613,9.6,29.0,,,,51172.0,2140963233.0,41839.0,7.0,2476.0,6.3,36112.0,3.273168512058243,0.0,0.0,control,0,,0,0.0,,,1,0,MINOR_COLO
51680,Lynchburg city,VA,2015,34840.0,6852521.0,39589.0,24.8,33.1,1595.842861809866,8.0,28.7,11.232867607133509,,,51380.0,2140945365.0,41669.0,,2573.0,5.5,35763.0,3.0523212530895445,0.0,0.0,control,0,,0,0.0,,,1,0,MINOR_COLO
51680,Lynchburg city,VA,2016,34840.0,6837016.0,40728.0,24.3,33.3,1608.032505717086,7.2,28.6,11.353329131743251,,,51272.0,2154482004.0,42021.0,7.0,2635.0,5.1,35557.0,2.858138724294179,0.0,0.0,control,0,,0,0.0,,,1,0,MINOR_COLO
51680,Lynchburg city,VA,2017,35674.0,6946511.0,41971.0,22.3,33.6,1617.874060764456,7.4,28.3,11.440578146643997,,,51809.0,2227476154.0,42994.0,,2676.0,4.9,36372.0,3.6884419214477138,0.0,0.0,control,0,,0,0.0,,,1,0,MINOR_COLO
51680,Lynchburg city,VA,2018,36987.0,7365271.0,43374.0,21.8,34.8,1636.1278993792878,6.2,28.2,11.18195564905387,,,52395.0,2317628432.0,44234.0,5.0,2741.0,4.0,36391.0,3.801403068499402,0.0,0.0,control,0,,0,0.0,,,1,0,MINOR_COLO
51680,Lynchburg city,VA,2019,38047.0,7392878.0,46409.0,19.5,35.6,1645.0710552107157,5.8,28.3,10.972725394088512,,,52414.0,2367379772.0,45167.0,3.0,2730.0,3.7,36674.0,4.474686379928316,0.0,0.0,control,0,,0,0.0,,,1,0,MINOR_COLO
51680,Lynchburg city,VA,2020,41622.0,7119154.0,49201.0,17.1,36.0,1653.2587389741914,6.3,28.5,10.814283664139614,,,48666.0,2370564841.0,48711.0,11.0,2692.0,7.5,35578.0,5.263591433278418,65.782,5281.188,control,0,,0,0.0,,,1,0,MINOR_COLO
51680,Lynchburg city,VA,2021,45118.0,7344084.0,54015.0,17.6,38.3,1612.483665468801,6.1,28.6,11.145614291553938,,,48686.0,2462873381.0,50587.0,12.0,2731.0,5.0,35105.0,8.065051443743776,202.311,11108.491,control,0,,0,0.0,,,1,0,MINOR_COLO
51680,Lynchburg city,VA,2022,46141.0,7314801.0,56243.0,17.5,38.0,1616.4243711205488,5.4,28.4,13.02587405093559,,,49133.0,2660404624.0,54147.0,28.0,2873.0,3.8,35533.0,9.667749188108916,107.982,12578.039,control,0,,0,0.0,,,1,0,MINOR_COLO
51680,Lynchburg city,VA,2023,49013.0,7517453.0,59808.0,17.4,38.5,1618.2415877164326,5.0,28.4,,,,48524.0,2723485502.0,56127.0,30.0,2734.0,,,11.524659934907788,28.547,1424.866,control,0,,0,0.0,,,1,0,MINOR_COLO
51680,Lynchburg city,VA,2024,50729.0,7660513.0,,,,,,,17.016584103926505,,,47689.0,2799575630.0,58705.0,31.0,2654.0,,,,0.0,0.0,control,0,,0,0.0,,,1,0,MINOR_COLO
51700,Newport News city,VA,2010,34717.0,11333437.0,49562.0,,23.5,2635.5216048935335,7.9,32.0,10.220767619434053,,,95481.0,4090203089.0,42838.0,107.0,3902.0,8.5,90822.0,2.597244777339564,0.0,0.0,control,0,,0,0.0,,,1,0,MINOR_COLO
51700,Newport News city,VA,2011,36450.0,11696341.0,50942.0,,23.5,2623.737117511487,8.8,32.2,10.642320779623974,,,96309.0,4279972746.0,44440.0,115.0,3768.0,8.1,90550.0,2.609562422301119,0.0,0.0,control,0,,0,0.0,,,1,0,MINOR_COLO
51700,Newport News city,VA,2012,36981.0,11880417.0,50744.0,14.5,23.9,2621.1569960428474,9.2,32.3,11.044668644654392,,,96261.0,4467650003.0,46412.0,155.0,3743.0,7.3,89872.0,2.5393996770061813,0.0,0.0,control,0,,0,0.0,,,1,0,MINOR_COLO
51700,Newport News city,VA,2013,36567.0,12460706.0,51027.0,15.2,23.9,2623.969038542376,9.8,32.5,10.72088033141516,,,97302.0,4628390786.0,47567.0,166.0,3674.0,6.6,90463.0,2.34169275454042,0.0,0.0,control,0,,0,0.0,,,1,0,MINOR_COLO
51700,Newport News city,VA,2014,36909.0,12045177.0,51000.0,15.2,24.1,2628.8538752554755,9.6,32.7,10.845198937440564,,,98179.0,4855826048.0,49459.0,150.0,3662.0,6.1,90995.0,2.454578406053192,0.0,0.0,control,0,,0,0.0,,,1,0,MINOR_COLO
51700,Newport News city,VA,2015,38025.0,12497154.0,50077.0,15.7,24.0,2628.2885677426834,9.1,32.8,11.055026234667997,,,97536.0,4979654359.0,51054.0,171.0,3792.0,5.4,89143.0,2.465990263433277,0.0,0.0,control,0,,0,0.0,,,1,0,MINOR_COLO
51700,Newport News city,VA,2016,38148.0,12384355.0,50089.0,16.1,24.7,2632.3906709765324,8.3,32.9,11.185673295112666,,,96225.0,4923559219.0,51167.0,167.0,3850.0,5.0,88936.0,2.1461223471228124,0.0,0.0,control,0,,0,0.0,,,1,0,MINOR_COLO
51700,Newport News city,VA,2017,38755.0,12322800.0,51082.0,16.4,24.8,2620.345272434736,7.5,33.2,11.524501496229677,,,97754.0,5147323463.0,52656.0,145.0,3859.0,4.6,89790.0,2.0893849637473982,0.0,0.0,control,0,,0,0.0,,,1,0,MINOR_COLO
51700,Newport News city,VA,2018,38802.0,13128148.0,51884.0,15.5,25.5,2611.2133818434822,6.7,33.3,11.66164086138545,,,101887.0,5396527829.0,52966.0,140.0,3921.0,3.7,88931.0,2.752220450922341,0.0,0.0,control,0,,0,0.0,,,1,0,MINOR_COLO
51700,Newport News city,VA,2019,39864.0,13817285.0,53215.0,15.3,26.3,2604.371711432257,6.2,33.5,12.056458043354928,,,103520.0,5685298168.0,54920.0,142.0,3941.0,3.4,89819.0,3.27831531018782,0.0,0.0,control,0,,0,0.0,,,1,0,MINOR_COLO
51700,Newport News city,VA,2020,43671.0,13610683.0,54511.0,14.8,28.0,2603.052660569076,5.7,33.8,12.179610359243735,,,99479.0,5752336297.0,57825.0,126.0,4019.0,9.0,88923.0,4.4350828574940495,38.403,3324.373,control,0,,0,0.0,,,1,0,MINOR_COLO
51700,Newport News city,VA,2021,47194.0,14478434.0,57463.0,15.8,28.1,2682.5870790995664,5.7,33.9,12.13029958147936,,,100381.0,6008068891.0,59852.0,135.0,4192.0,5.4,87501.0,6.411134670798673,139.698,9851.23,control,0,,0,0.0,,,1,0,MINOR_COLO
51700,Newport News city,VA,2022,47815.0,15000181.0,63355.0,14.7,28.7,2683.297337256664,5.6,34.1,13.40972176536102,,,100346.0,6375732540.0,63538.0,14.0,4519.0,3.5,88557.0,7.47652391032948,68.458,13256.305,control,0,,0,0.0,,,1,0,MINOR_COLO
51700,Newport News city,VA,2023,50862.0,15591531.0,66718.0,15.1,29.1,2678.311035092551,5.9,34.2,,,,100986.0,6712591231.0,66471.0,10.0,4506.0,,,9.311869377749568,8.905,1393.643,control,0,,0,0.0,,,1,0,MINOR_COLO
51700,Newport News city,VA,2024,53320.0,15527021.0,,,,,,,14.09433152924228,,,102308.0,6950388751.0,67936.0,11.0,4501.0,,,,0.0,0.0,control,0,,0,0.0,,,1,0,MINOR_COLO
51710,Norfolk city,VA,2010,34346.0,22177484.0,42677.0,,23.7,4545.152510558423,9.6,29.5,10.220767619434053,,,136257.0,6232647104.0,45742.0,473.0,5681.0,9.0,112640.0,7.824384926042467,0.0,0.0,control,0,,0,0.0,,,1,0,MINOR_COLO
51710,Norfolk city,VA,2011,35011.0,21710528.0,43914.0,,24.7,4541.398404504927,10.4,29.6,10.642320779623974,,,138035.0,6427916477.0,46567.0,518.0,5617.0,8.3,112742.0,8.617480431442994,0.0,0.0,control,0,,0,0.0,,,1,0,MINOR_COLO
51710,Norfolk city,VA,2012,35796.0,21315458.0,44164.0,18.2,25.4,4562.2900046926325,11.6,29.6,11.044668644654392,,,137771.0,6597570846.0,47888.0,,5617.0,7.5,112642.0,8.664019552913855,0.0,0.0,control,0,,0,0.0,,,1,0,MINOR_COLO
51710,Norfolk city,VA,2013,35100.0,21219723.0,44747.0,19.2,25.3,4581.698732989207,11.9,29.8,10.72088033141516,,,136462.0,6533113787.0,47875.0,,5590.0,6.8,112752.0,7.671283981054954,0.0,0.0,control,0,,0,0.0,,,1,0,MINOR_COLO
51710,Norfolk city,VA,2014,36130.0,21305373.0,44150.0,20.5,25.6,4593.993430314406,11.6,29.9,10.845198937440564,,,134423.0,6647083312.0,49449.0,130.0,5515.0,6.2,112403.0,6.896467004078423,0.0,0.0,control,0,,0,0.0,,,1,0,MINOR_COLO
51710,Norfolk city,VA,2015,37002.0,21701017.0,44480.0,21.0,26.1,4607.2641952135145,10.9,30.0,11.055026234667997,,,139830.0,7326505575.0,52396.0,512.0,5758.0,5.5,110946.0,6.12561029018183,0.0,0.0,control,0,,0,0.0,,,1,0,MINOR_COLO
51710,Norfolk city,VA,2016,37921.0,22296556.0,45268.0,21.0,26.6,4612.36977944627,9.7,30.2,11.185673295112666,,,140246.0,7403619104.0,52790.0,214.0,5861.0,5.2,110464.0,4.259113474607586,0.0,0.0,control,0,,0,0.0,,,1,0,MINOR_COLO
51710,Norfolk city,VA,2017,38910.0,21628031.0,47137.0,21.0,27.3,4612.895354293759,8.5,30.4,11.524501496229677,,,141959.0,7604987434.0,53572.0,217.0,5886.0,4.6,112669.0,3.0077622217484343,0.0,0.0,control,0,,0,0.0,,,1,0,MINOR_COLO
51710,Norfolk city,VA,2018,38323.0,19931986.0,49146.0,19.7,28.0,4609.8920694509625,8.2,30.5,11.66164086138545,,,142754.0,7932728607.0,55569.0,496.0,6069.0,3.7,111790.0,2.844402722365642,0.0,0.0,control,0,,0,0.0,,,1,0,MINOR_COLO
51710,Norfolk city,VA,2019,39716.0,19212302.0,51590.0,18.7,28.8,4591.290473955889,7.6,30.7,12.056458043354928,,,141016.0,8101489345.0,57451.0,438.0,6101.0,3.4,111914.0,2.920987406475126,0.0,0.0,control,0,,0,0.0,,,1,0,MINOR_COLO
51710,Norfolk city,VA,2020,42170.0,18951203.0,53026.0,17.8,30.0,4585.640544345378,8.0,30.8,12.179610359243735,,,132792.0,8182208658.0,61617.0,,6108.0,9.0,110941.0,4.553322911503413,43.745,3617.728,control,0,,0,0.0,,,1,0,MINOR_COLO
51710,Norfolk city,VA,2021,47212.0,19976469.0,56244.0,17.4,31.8,4477.822618488973,7.1,30.9,12.13029958147936,,,133874.0,8652380974.0,64631.0,403.0,6202.0,5.5,109285.0,6.147312726260095,107.522,7810.271,control,0,,0,0.0,,,1,0,MINOR_COLO
51710,Norfolk city,VA,2022,47988.0,20634709.0,60998.0,16.9,32.2,4448.108869075551,6.7,32.2,13.40972176536102,,,137491.0,9286666948.0,67544.0,234.0,6656.0,3.4,110326.0,7.294108267559595,60.098,9928.005,control,0,,0,0.0,,,1,0,MINOR_COLO
51710,Norfolk city,VA,2023,49023.0,20904231.0,64017.0,17.3,32.7,4411.76912247771,6.1,32.4,,,,140889.0,9870263475.0,70057.0,98.0,6520.0,,,8.602734474827498,13.083,789.04,control,0,,0,0.0,,,1,0,MINOR_COLO
51710,Norfolk city,VA,2024,51498.0,21097861.0,,,,,,,14.09433152924228,,,144085.0,10436286841.0,72432.0,100.0,6441.0,,,,0.0,0.0,control,0,,0,0.0,,,1,0,MINOR_COLO
51730,Petersburg city,VA,2010,33964.0,2962340.0,36449.0,,15.2,1421.786971830986,14.2,39.6,,,,14319.0,512976316.0,35824.0,,861.0,14.3,13922.0,2.5456473975301157,0.0,0.0,control,0,,0,0.0,,,1,0,FUTURE_DC_2023plus
51730,Petersburg city,VA,2011,35541.0,2863791.0,36289.0,,13.9,1423.2834507042255,14.0,39.4,,,,14247.0,522466030.0,36672.0,,852.0,12.8,13690.0,2.430635175418482,0.0,0.0,control,0,,0,0.0,,,1,0,FUTURE_DC_2023plus
51730,Petersburg city,VA,2012,35530.0,2711948.0,35126.0,24.9,14.3,1418.3978873239437,16.6,39.8,11.044668644654392,,,13775.0,519510444.0,37713.0,,837.0,11.7,13585.0,2.5624070094230453,0.0,0.0,control,0,,0,0.0,,,1,0,FUTURE_DC_2023plus
51730,Petersburg city,VA,2013,35283.0,2776717.0,34424.0,26.7,14.9,1422.799295774648,16.6,39.5,10.72088033141516,,,13327.0,507190856.0,38058.0,,842.0,11.4,13760.0,2.3634410379307496,0.0,0.0,control,0,,0,0.0,,,1,0,FUTURE_DC_2023plus
51730,Petersburg city,VA,2014,35042.0,2727760.0,33927.0,27.5,14.9,1427.7728873239437,15.1,39.3,10.845198937440564,,,12907.0,510708380.0,39567.0,,818.0,10.5,13827.0,1.987404923529893,0.0,0.0,control,0,,0,0.0,,,1,0,FUTURE_DC_2023plus
51730,Petersburg city,VA,2015,36110.0,2812160.0,31798.0,28.0,15.9,1413.8644366197184,13.0,39.5,11.055026234667997,,,13009.0,503858332.0,38731.0,,865.0,9.1,13547.0,2.562514515754432,0.0,0.0,control,0,,0,0.0,,,1,0,FUTURE_DC_2023plus
51730,Petersburg city,VA,2016,35969.0,2763369.0,32169.0,29.4,16.6,1408.318661971831,13.7,38.8,11.185673295112666,,,13244.0,511857598.0,38649.0,,915.0,7.7,13214.0,2.8472222222222223,0.0,0.0,control,0,,0,0.0,,,1,0,FUTURE_DC_2023plus
51730,Petersburg city,VA,2017,36904.0,2791652.0,33939.0,27.6,17.5,1410.0792253521126,12.2,38.3,11.524501496229677,,,13016.0,511049963.0,39262.0,,931.0,7.2,13269.0,2.7993779160186625,0.0,0.0,control,0,,0,0.0,,,1,0,FUTURE_DC_2023plus
51730,Petersburg city,VA,2018,37486.0,2833995.0,36135.0,25.8,18.0,1400.8362676056338,11.3,38.7,11.66164086138545,,,13210.0,540936141.0,40948.0,,948.0,6.2,13039.0,2.8748044983987486,0.0,0.0,control,0,,0,0.0,,,1,0,FUTURE_DC_2023plus
51730,Petersburg city,VA,2019,39026.0,2831657.0,38679.0,24.1,19.8,1380.3697183098593,11.7,38.1,12.056458043354928,,,13180.0,548752685.0,41634.0,,945.0,5.6,12965.0,2.306525037936267,0.0,0.0,control,0,,0,0.0,,,1,0,FUTURE_DC_2023plus
51730,Petersburg city,VA,2020,43341.0,2784897.0,43029.0,22.6,20.3,1355.2376760563382,12.6,37.2,12.179610359243735,,,12068.0,513490381.0,42550.0,,940.0,14.7,13008.0,4.735565994847704,105.223,4604.298,control,0,,0,0.0,,,1,0,FUTURE_DC_2023plus
51730,Petersburg city,VA,2021,46245.0,2834511.0,44890.0,21.3,22.0,1462.5440140845071,12.2,37.2,12.13029958147936,,,11934.0,530995206.0,44494.0,,977.0,10.1,12655.0,5.635676281153739,242.331,13688.54,control,0,,0,0.0,,,1,0,FUTURE_DC_2023plus
51730,Petersburg city,VA,2022,47068.0,2967819.0,46930.0,22.2,21.8,1463.9524647887324,11.3,36.6,13.40972176536102,,,12176.0,582897611.0,47874.0,17.0,1089.0,5.5,12608.0,7.179809843400448,130.731,13044.449,control,0,,0,0.0,,,1,0,FUTURE_DC_2023plus
51730,Petersburg city,VA,2023,49898.0,3123894.0,50741.0,21.1,25.0,1468.5299295774648,11.4,35.8,,,,12052.0,618887916.0,51354.0,17.0,1011.0,,,7.480647431386347,9.566,1418.915,control,0,,0,0.0,,,1,0,FUTURE_DC_2023plus
51730,Petersburg city,VA,2024,51488.0,3150863.0,,,,,,,14.09433152924228,,,11753.0,629300890.0,53542.0,17.0,996.0,,,,0.0,0.0,control,0,,0,0.0,,,1,0,FUTURE_DC_2023plus
51760,Richmond city,VA,2010,42179.0,19506976.0,38266.0,,32.6,3368.0100125156446,10.5,32.6,10.24109673359204,,,148083.0,7714878459.0,52098.0,282.0,7147.0,9.7,106682.0,3.3526221000245107,0.0,0.0,control,0,,0,0.0,,,1,0,
51760,Richmond city,VA,2011,45071.0,19559535.0,39201.0,,32.9,3390.32123487693,11.0,32.4,10.661661940071044,,,149540.0,7945656647.0,53134.0,154.0,7082.0,8.5,107496.0,3.550803725641868,0.0,0.0,control,0,,0,0.0,,,1,0,
51760,Richmond city,VA,2012,48177.0,19894324.0,39445.0,26.7,33.8,3426.750104297038,11.0,32.2,11.059851188451322,,,148410.0,7995919054.0,53877.0,216.0,7100.0,7.3,109135.0,3.9751630970611065,0.0,0.0,control,0,,0,0.0,,,1,0,
51760,Richmond city,VA,2013,45344.0,20283189.0,40496.0,25.6,34.8,3468.969545264915,11.3,32.6,10.728778638680266,,,147607.0,8035286905.0,54437.0,140.0,7004.0,6.6,110460.0,4.112089103954614,0.0,0.0,control,0,,0,0.0,,,1,0,
51760,Richmond city,VA,2014,47137.0,20841278.0,41331.0,25.5,35.4,3522.119315811431,10.7,32.6,10.853698444022267,,,148477.0,8298845651.0,55893.0,191.0,7014.0,6.0,112740.0,4.117819608953805,0.0,0.0,control,0,,0,0.0,,,1,0,
51760,Richmond city,VA,2015,49422.0,21728309.0,40758.0,25.5,36.0,3566.7083854818525,10.0,32.9,11.066442654426922,,,149651.0,8723523606.0,58293.0,178.0,7393.0,5.1,113141.0,4.232960125712041,0.0,0.0,control,0,,0,0.0,,,1,0,
51760,Richmond city,VA,2016,49985.0,22135671.0,41187.0,25.4,36.7,3617.4050896954527,9.1,33.2,11.194861465164715,,,153128.0,8937242422.0,58365.0,205.0,7730.0,4.6,114798.0,3.850680854728663,0.0,0.0,control,0,,0,0.0,,,1,0,
51760,Richmond city,VA,2017,52392.0,22575624.0,42356.0,25.2,37.5,3686.141009595328,8.8,33.5,11.529785856034756,,,154502.0,9301956138.0,60206.0,335.0,7685.0,4.3,117943.0,4.219500098258485,0.0,0.0,control,0,,0,0.0,,,1,0,
51760,Richmond city,VA,2018,53096.0,23130169.0,45117.0,24.5,38.5,3734.451397580309,7.6,33.8,11.67009889756758,,,155753.0,9606645500.0,61679.0,172.0,7902.0,3.6,118035.0,4.088629293378198,0.0,0.0,control,0,,0,0.0,,,1,0,
51760,Richmond city,VA,2019,56689.0,23566334.0,47250.0,23.2,39.6,3781.7605340008345,6.5,34.0,12.064830891442936,,,158794.0,10161369809.0,63991.0,244.0,8017.0,3.3,119445.0,4.589066761945429,0.0,0.0,control,0,,0,0.0,,,1,0,
51760,Richmond city,VA,2020,62644.0,23788834.0,51421.0,20.9,41.2,3825.3316645807263,6.3,34.1,12.187572169414784,,,147619.0,10374591778.0,70280.0,241.0,8001.0,9.1,119637.0,7.729247268037739,41.479,4041.09,control,0,,0,0.0,,,1,0,
51760,Richmond city,VA,2021,69384.0,24818600.0,54795.0,19.8,43.1,3765.974134334585,6.0,34.4,12.135914655461114,,,148861.0,10901060025.0,73230.0,267.0,8296.0,5.3,117789.0,11.46973182678676,130.614,9061.786,control,0,,0,0.0,,,1,0,
51760,Richmond city,VA,2022,72510.0,26107823.0,59606.0,19.5,44.1,3790.921985815603,6.1,34.5,13.413037297790764,,,154383.0,11928781720.0,77267.0,388.0,9155.0,3.3,120698.0,14.272950450074315,71.485,13574.587,control,0,,0,0.0,,,1,0,
51760,Richmond city,VA,2023,76702.0,27425168.0,62671.0,18.8,44.1,3797.997496871089,6.0,34.5,,,,160471.0,12803822585.0,79789.0,404.0,9087.0,,,16.923828286674503,0.441,401.991,control,0,,0,0.0,,,1,0,
51760,Richmond city,VA,2024,80007.0,28127971.0,,,,,,,14.10196530545208,,,165947.0,13838704677.0,83392.0,413.0,9205.0,,,,0.0,0.0,control,0,,0,0.0,,,1,0,
51810,Virginia Beach city,VA,2010,44787.0,20351411.0,64618.0,,31.9,1781.5897974444574,5.3,34.6,,,,164022.0,6035004733.0,36794.0,311.0,11257.0,6.7,227179.0,4.025698150354904,0.0,0.0,control,0,,0,0.0,,,1,0,MINOR_COLO
51810,Virginia Beach city,VA,2011,46423.0,20464090.0,65910.0,,32.3,1785.6065837702215,5.8,34.7,,,,162574.0,6183056429.0,38032.0,377.0,11202.0,6.1,228853.0,4.257917552650155,0.0,0.0,control,0,,0,0.0,,,1,0,MINOR_COLO
51810,Virginia Beach city,VA,2012,48175.0,20543089.0,65980.0,7.4,32.3,1796.0224416993906,6.3,34.8,11.044668644654392,,,164585.0,6493533783.0,39454.0,377.0,11356.0,5.6,228708.0,4.478544104508036,0.0,0.0,control,0,,0,0.0,,,1,0,MINOR_COLO
51810,Virginia Beach city,VA,2013,47293.0,20745298.0,65219.0,7.9,32.9,1806.7406823224624,6.5,34.9,10.72088033141516,,,169419.0,6597142323.0,38940.0,429.0,11184.0,5.3,231089.0,4.692728701079432,0.0,0.0,control,0,,0,0.0,,,1,0,MINOR_COLO
51810,Virginia Beach city,VA,2014,49258.0,20882389.0,67001.0,8.3,33.5,1820.928151420177,6.2,34.9,10.845198937440564,,,171026.0,6802728320.0,39776.0,447.0,11169.0,4.8,232581.0,4.647355598942585,0.0,0.0,control,0,,0,0.0,,,1,0,MINOR_COLO
51810,Virginia Beach city,VA,2015,51283.0,21234532.0,66634.0,8.3,33.8,1831.8261871585423,6.1,35.0,11.055026234667997,,,173655.0,7073934964.0,40735.0,519.0,11744.0,4.2,229696.0,4.168681814874576,0.0,0.0,control,0,,0,0.0,,,1,0,MINOR_COLO
51810,Virginia Beach city,VA,2016,52698.0,21679488.0,67719.0,8.2,34.2,1837.722649689649,5.8,35.4,11.185673295112666,,,176470.0,7235788286.0,41003.0,614.0,12115.0,3.9,229517.0,4.00161184280291,0.0,0.0,control,0,,0,0.0,,,1,0,MINOR_COLO
51810,Virginia Beach city,VA,2017,54531.0,22325354.0,70500.0,8.0,34.8,1839.0465955386296,5.3,35.6,11.524501496229677,,,178341.0,7462041082.0,41841.0,609.0,12178.0,3.5,233787.0,3.822511515110688,0.0,0.0,control,0,,0,0.0,,,1,0,MINOR_COLO
51810,Virginia Beach city,VA,2018,54559.0,21818147.0,74186.0,7.6,35.2,1839.365323243013,4.9,35.9,11.66164086138545,,,178196.0,7623953602.0,42784.0,530.0,12322.0,2.9,233270.0,3.7053970277967694,0.0,0.0,control,0,,0,0.0,,,1,0,MINOR_COLO
51810,Virginia Beach city,VA,2019,56316.0,22297716.0,76610.0,7.3,36.0,1839.6350159159535,4.6,36.2,12.056458043354928,,,179379.0,7965969282.0,44409.0,519.0,12310.0,2.7,234807.0,3.922359151270808,0.0,0.0,control,0,,0,0.0,,,1,0,MINOR_COLO
51810,Virginia Beach city,VA,2020,59477.0,22056288.0,78136.0,7.2,37.3,1842.4177539503848,4.4,36.4,12.179610359243735,,,167802.0,8121956151.0,48402.0,572.0,12432.0,6.4,228946.0,6.074075918685825,33.318,3693.683,control,0,,0,0.0,,,1,0,MINOR_COLO
51810,Virginia Beach city,VA,2021,64853.0,23140950.0,81810.0,7.8,38.6,1870.1062017056015,4.3,36.7,12.13029958147936,,,171513.0,8650103264.0,50434.0,566.0,12920.0,3.7,227474.0,8.42373152250085,100.622,9325.168,control,0,,0,0.0,,,1,0,MINOR_COLO
51810,Virginia Beach city,VA,2022,67721.0,23422354.0,87544.0,8.0,39.8,1871.0950748397167,4.3,37.1,13.40972176536102,,,174794.0,9267327421.0,53019.0,799.0,13978.0,2.7,232244.0,10.734002069701956,69.747,11766.966,control,0,,0,0.0,,,1,0,MINOR_COLO
51810,Virginia Beach city,VA,2023,72733.0,24244620.0,90685.0,8.4,40.4,1867.6871401543783,4.3,37.4,,,,178150.0,9800959696.0,55015.0,813.0,13750.0,,,12.659870863199318,6.886,994.445,control,0,,0,0.0,,,1,0,MINOR_COLO
51810,Virginia Beach city,VA,2024,76347.0,25840101.0,,,,,,,14.09433152924228,,,179013.0,10379324527.0,57981.0,827.0,13794.0,,,,0.0,0.0,control,0,,0,0.0,,,1,0,MINOR_COLO
53015,Cowlitz County,WA,2010,34868.0,4416656.0,45877.0,,14.7,88.72032731635117,11.1,39.5,6.601084022330117,,,35424.0,1393448903.0,39336.0,,3125.0,11.7,45349.0,2.8761116753784033,0.0,0.0,control,0,,0,0.0,,,1,0,MINOR_COLO
53015,Cowlitz County,WA,2011,35293.0,4308343.0,46461.0,,15.0,89.29605777985363,11.6,39.9,6.929202965560501,,,35272.0,1405328480.0,39843.0,,3070.0,10.7,44216.0,2.908160731137933,0.0,0.0,control,0,,0,0.0,,,1,0,MINOR_COLO
53015,Cowlitz County,WA,2012,36826.0,4418910.0,46568.0,17.9,15.4,89.50374137171069,13.0,40.1,7.714533765445965,,,35597.0,1482673235.0,41651.0,6.0,3195.0,9.8,44297.0,3.3393616750299295,0.0,0.0,control,0,,0,0.0,,,1,0,MINOR_COLO
53015,Cowlitz County,WA,2013,37321.0,4521111.0,47596.0,17.6,15.4,89.479204913601,13.2,40.5,7.785941241425212,,,35453.0,1549177848.0,43696.0,,3377.0,9.6,43270.0,3.4009577261727,0.0,0.0,control,0,,0,0.0,,,1,0,MINOR_COLO
53015,Cowlitz County,WA,2014,38822.0,4533021.0,46571.0,18.4,15.6,89.44590543473784,13.5,40.7,7.969730364952474,,,36843.0,1609132098.0,43675.0,4.0,3172.0,7.8,43534.0,3.821952924726171,0.0,0.0,control,0,,0,0.0,,,1,0,MINOR_COLO
53015,Cowlitz County,WA,2015,39873.0,4646965.0,47452.0,17.5,16.0,89.67900178677992,10.7,41.2,8.456622334208625,,,37342.0,1692745905.0,45331.0,,3006.0,7.5,44093.0,4.7727272727272725,0.0,0.0,control,0,,0,0.0,,,1,0,MINOR_COLO
53015,Cowlitz County,WA,2016,40650.0,4730351.0,49127.0,16.9,15.9,90.13117365765856,9.7,41.7,8.572584352826567,,,37987.0,1740119231.0,45808.0,6.0,3012.0,7.1,44876.0,4.868718483741958,0.0,0.0,control,0,,0,0.0,,,1,0,MINOR_COLO
53015,Cowlitz County,WA,2017,41703.0,4700051.0,49804.0,16.9,16.1,90.77613198511337,8.4,41.4,8.722953923752396,,,38749.0,1845375511.0,47624.0,,3004.0,6.0,45930.0,4.752947985241988,0.0,0.0,control,0,,0,0.0,,,1,0,MINOR_COLO
53015,Cowlitz County,WA,2018,43299.0,4907501.0,51752.0,16.0,16.6,92.1098637437903,7.8,41.5,8.707933965528978,,,38927.0,1951516423.0,50133.0,9.0,3010.0,5.9,46552.0,5.075796686534941,0.0,0.0,control,0,,0,0.0,,,1,0,MINOR_COLO
53015,Cowlitz County,WA,2019,45852.0,5182692.0,54506.0,14.4,17.0,93.56978300131708,6.6,41.3,8.726732327266868,,,39477.0,2063773968.0,52278.0,,3146.0,6.0,48683.0,4.73898895458087,0.0,0.0,control,0,,0,0.0,,,1,0,MINOR_COLO
53015,Cowlitz County,WA,2020,49725.0,5257272.0,58791.0,13.3,17.0,94.99026866545329,6.5,41.0,8.451783081722878,,,38288.0,2140972280.0,55918.0,,3349.0,9.3,48362.0,4.49438202247191,27.159,2261.702,control,0,,0,0.0,,,1,0,MINOR_COLO
53015,Cowlitz County,WA,2021,54204.0,5412950.0,64506.0,12.8,17.0,95.91739626116956,6.1,40.8,8.916202357762772,,,39570.0,2338124992.0,59088.0,15.0,3360.0,6.4,47683.0,5.951873696485838,236.94,11969.694,control,0,,0,0.0,,,1,0,MINOR_COLO
53015,Cowlitz County,WA,2022,55226.0,5531954.0,70912.0,12.1,16.6,96.93741187687256,5.5,40.8,9.193819423424069,,,41009.0,2552796071.0,62250.0,,2990.0,5.4,48420.0,6.929377423430489,105.827,10991.028,control,0,,0,0.0,,,1,0,MINOR_COLO
53015,Cowlitz County,WA,2023,57373.0,5460553.0,72932.0,13.0,17.0,97.74185718204036,5.1,41.1,,,,41097.0,2649234189.0,64463.0,,2570.0,,,7.34964635592848,34.651,480.436,control,0,,0,0.0,,,1,0,MINOR_COLO
53015,Cowlitz County,WA,2024,59669.0,5530726.0,,,,,,,10.262366159344491,,,41235.0,2787470900.0,67600.0,,2712.0,,,,0.0,0.0,control,0,,0,0.0,,,1,0,MINOR_COLO
53021,Franklin County,WA,2010,30469.0,2736175.0,47749.0,,14.6,57.44944410259053,8.1,28.4,6.698262184491755,,,28934.0,943714584.0,32616.0,31.0,2616.0,8.0,37530.0,5.471374700034282,0.0,0.0,control,0,,0,0.0,,,1,0,MINOR_COLO
53021,Franklin County,WA,2011,31821.0,2832537.0,50731.0,,15.1,60.488274768926445,7.3,28.5,7.233419192813912,,,29642.0,997554461.0,33654.0,33.0,2625.0,8.1,38342.0,5.158287998951301,0.0,0.0,control,0,,0,0.0,,,1,0,MINOR_COLO
53021,Franklin County,WA,2012,31339.0,2906348.0,51770.0,21.5,14.8,63.370049516912104,8.4,28.4,7.599711761649016,,,30616.0,1051659885.0,34350.0,32.0,2761.0,8.9,38976.0,4.757326717320515,0.0,0.0,control,0,,0,0.0,,,1,0,MINOR_COLO
53021,Franklin County,WA,2013,31287.0,3069792.0,55177.0,20.2,15.0,65.9111337343226,8.9,28.7,7.720523852278374,,,31142.0,1100172217.0,35328.0,32.0,2967.0,9.2,38342.0,3.874389476522938,0.0,0.0,control,0,,0,0.0,,,1,0,MINOR_COLO
53021,Franklin County,WA,2014,32527.0,3236885.0,56719.0,19.6,15.4,68.06400793816991,7.5,28.9,7.96976449210443,,,31845.0,1142209206.0,35868.0,33.0,2819.0,8.1,37979.0,2.975457487327816,0.0,0.0,control,0,,0,0.0,,,1,0,MINOR_COLO
53021,Franklin County,WA,2015,34271.0,3396712.0,56980.0,18.3,15.9,69.62248589718395,7.2,29.1,8.253865198845032,,,33158.0,1224335487.0,36925.0,32.0,2697.0,7.4,38958.0,3.3055082498115524,0.0,0.0,control,0,,0,0.0,,,1,0,MINOR_COLO
53021,Franklin County,WA,2016,34691.0,3530604.0,58284.0,16.4,15.8,70.72348815556751,6.8,29.3,8.322323289187866,,,33839.0,1289180382.0,38098.0,31.0,2677.0,7.3,39864.0,3.2047976988412796,0.0,0.0,control,0,,0,0.0,,,1,0,MINOR_COLO
53021,Franklin County,WA,2017,35451.0,3493691.0,60275.0,15.9,16.3,71.78180342075844,5.8,29.9,8.369067779820034,,,33976.0,1351422394.0,39776.0,31.0,2676.0,6.2,40886.0,3.3669857086665793,0.0,0.0,control,0,,0,0.0,,,1,0,MINOR_COLO
53021,Franklin County,WA,2018,36482.0,3711236.0,62002.0,15.7,17.3,73.0189208083789,5.6,30.0,8.7085054881442,,,34716.0,1471298301.0,42381.0,32.0,2719.0,6.1,41864.0,3.835863133521997,0.0,0.0,control,0,,0,0.0,,,1,0,MINOR_COLO
53021,Franklin County,WA,2019,39157.0,3884307.0,63584.0,15.2,17.7,74.10542559737628,6.4,30.3,8.829160782754803,,,34934.0,1538906015.0,44052.0,,2856.0,6.4,43659.0,4.362381804242269,0.0,0.0,control,0,,0,0.0,,,1,0,MINOR_COLO
53021,Franklin County,WA,2020,42534.0,3942440.0,66904.0,14.2,18.9,75.45207942035896,5.7,30.4,8.879108422177948,,,33613.0,1578556244.0,46963.0,,3069.0,8.9,42777.0,4.94919128425551,90.209,9533.85,control,0,,0,0.0,,,1,0,MINOR_COLO
53021,Franklin County,WA,2021,47080.0,4145933.0,72452.0,15.1,19.8,76.76651664470569,5.7,30.5,7.988019756480845,,,34532.0,1716037630.0,49695.0,,3048.0,6.6,42859.0,5.956854897750012,109.772,13495.419,control,0,,0,0.0,,,1,0,MINOR_COLO
53021,Franklin County,WA,2022,46794.0,4301139.0,77877.0,13.4,20.0,77.87718388268003,5.7,30.6,8.835851529728249,,,36286.0,1891331415.0,52123.0,,2697.0,5.9,43925.0,6.107758825485817,46.735,16565.771,control,0,,0,0.0,,,1,0,MINOR_COLO
53021,Franklin County,WA,2023,48822.0,4153007.0,82755.0,13.0,20.4,78.66971220912438,5.3,30.8,,,,36847.0,2029341731.0,55075.0,,2271.0,,,7.244619581691421,1.087,561.902,control,0,,0,0.0,,,1,0,MINOR_COLO
53021,Franklin County,WA,2024,50535.0,4359524.0,,,,,,,9.24499390413739,,,37554.0,2150592344.0,57266.0,,2379.0,,,,0.0,0.0,control,0,,0,0.0,,,1,0,MINOR_COLO
53025,Grant County,WA,2010,29818.0,4701023.0,42572.0,,14.4,31.774738295609335,10.1,32.2,7.469669489805394,,,34257.0,1127127521.0,32902.0,41.0,3423.0,9.9,42318.0,5.526656128754131,0.0,0.0,treated,1,2007.0,1,3.0,Microsoft,Microsoft,0,1,ALWAYS_TREATED
53025,Grant County,WA,2011,31739.0,5248764.0,44237.0,,15.2,32.534940568379014,11.2,32.3,7.943000820679665,,,35190.0,1183225327.0,33624.0,41.0,3389.0,9.1,42352.0,5.897271536467769,0.0,0.0,treated,1,2007.0,1,4.0,Microsoft,Microsoft,0,1,ALWAYS_TREATED
53025,Grant County,WA,2012,32712.0,5452269.0,45531.0,20.1,14.6,33.171614636786025,12.0,32.1,8.10675474804268,,,36714.0,1266095390.0,34486.0,39.0,3512.0,8.7,43708.0,6.370517708160672,0.0,0.0,treated,1,2007.0,1,5.0,Microsoft,Microsoft,0,1,ALWAYS_TREATED
53025,Grant County,WA,2013,33975.0,5216978.0,45949.0,20.3,14.6,33.66311507529249,12.5,32.0,8.29861687046086,,,37191.0,1304074331.0,35064.0,42.0,3662.0,8.5,43959.0,6.370554863705548,0.0,0.0,treated,1,2007.0,1,6.0,Microsoft,Microsoft,0,1,ALWAYS_TREATED
53025,Grant County,WA,2014,33818.0,5035161.0,46772.0,19.4,15.5,34.13185049728499,11.4,32.1,8.56098425373271,,,38883.0,1395284325.0,35884.0,42.0,3403.0,7.2,44765.0,6.256940870554457,0.0,0.0,treated,1,2007.0,1,7.0,Microsoft,Microsoft,0,1,ALWAYS_TREATED
53025,Grant County,WA,2015,37078.0,5613708.0,48714.0,17.9,16.4,34.360247056408724,10.1,32.2,8.711033875241725,,,38939.0,1455124117.0,37370.0,65.0,3274.0,7.1,44688.0,5.515943488748111,0.0,0.0,treated,1,2007.0,1,8.0,Microsoft,Microsoft,0,1,ALWAYS_TREATED
53025,Grant County,WA,2016,36959.0,5834871.0,50145.0,16.9,15.6,34.53191767274355,9.1,32.3,9.102720513760076,,,38806.0,1497499421.0,38590.0,94.0,3301.0,7.0,44585.0,6.550322734879273,0.0,0.0,treated,1,2007.0,1,9.0,Microsoft,Microsoft,0,1,ALWAYS_TREATED
53025,Grant County,WA,2017,37481.0,5748710.0,52382.0,15.9,16.7,34.864062995652255,6.9,32.6,9.276657087348028,,,39212.0,1571260532.0,40071.0,101.0,3257.0,6.2,45324.0,6.245816384326245,0.0,0.0,treated,1,2007.0,1,10.0,Microsoft,Microsoft,0,1,ALWAYS_TREATED
53025,Grant County,WA,2018,37396.0,5756388.0,54982.0,14.4,17.6,35.401466664178685,5.6,32.7,9.470719680901574,,,40328.0,1701708187.0,42196.0,242.0,3259.0,6.2,46751.0,5.624767801857585,0.0,0.0,treated,1,2007.0,1,11.0,Microsoft,Microsoft,0,1,ALWAYS_TREATED
53025,Grant County,WA,2019,40654.0,5723173.0,55556.0,14.8,17.7,35.641059133063386,6.2,32.9,9.208118779490787,,,39967.0,1766601176.0,44201.0,269.0,3330.0,6.8,47980.0,6.058343289526086,0.0,0.0,treated,1,2007.0,1,12.0,Microsoft,Microsoft,0,1,ALWAYS_TREATED
53025,Grant County,WA,2020,46148.0,5772702.0,59165.0,14.5,18.0,36.06874288593234,5.8,33.2,9.256150870878027,,,39206.0,1951895501.0,49786.0,261.0,3548.0,8.8,47170.0,8.005665999120794,85.862,7249.063,treated,1,2007.0,1,13.0,Microsoft,Microsoft,0,1,ALWAYS_TREATED
53025,Grant County,WA,2021,49191.0,5808720.0,63566.0,13.0,18.1,36.52628239816387,5.1,33.2,9.350522997437876,,,39887.0,2087170876.0,52327.0,270.0,3441.0,6.7,46375.0,7.519522062282435,135.076,12493.979,treated,1,2007.0,1,14.0,Microsoft,Microsoft,0,1,ALWAYS_TREATED
53025,Grant County,WA,2022,49434.0,5647646.0,66387.0,14.3,17.7,37.00061577503685,5.4,33.2,9.36880977864478,,,41938.0,2347988929.0,55988.0,306.0,3060.0,5.7,48734.0,8.113052656268325,58.638,13721.179,treated,1,2007.0,1,15.0,Microsoft,Microsoft,0,1,ALWAYS_TREATED
53025,Grant County,WA,2023,50292.0,6760819.0,71115.0,15.0,18.2,37.47942751581422,6.3,33.5,,,,42568.0,2568151645.0,60330.0,279.0,2594.0,,,9.213753528622334,4.188,1101.548,treated,1,2007.0,1,16.0,Microsoft,Microsoft,0,1,ALWAYS_TREATED
53025,Grant County,WA,2024,52210.0,6812669.0,,,,,,,10.96656961205834,,,43158.0,2743048285.0,63558.0,287.0,2694.0,,,,0.0,0.0,treated,1,2007.0,1,17.0,Microsoft,Microsoft,0,1,ALWAYS_TREATED
56005,Campbell County,WY,2010,50482.0,7082178.0,76576.0,,17.6,8.99175667134868,3.5,31.8,8.06600158370827,,,27863.0,1528857092.0,54870.0,,1814.0,6.5,26165.0,2.7110702033302654,0.0,0.0,control,0,,0,0.0,,,1,0,
56005,Campbell County,WY,2011,56664.0,7208735.0,78356.0,,17.5,9.287462789445792,3.5,31.8,8.242076711873738,,,27457.0,1521214883.0,55403.0,,1781.0,5.2,25536.0,2.956486376575844,0.0,0.0,control,0,,0,0.0,,,1,0,
56005,Campbell County,WY,2012,55770.0,6595633.0,77090.0,6.7,18.2,9.545893277163056,3.8,31.8,8.709849873681796,,,27739.0,1543062478.0,55629.0,,1771.0,4.8,25814.0,2.7537215149459233,0.0,0.0,control,0,,0,0.0,,,1,0,
56005,Campbell County,WY,2013,53203.0,6693925.0,79488.0,7.7,18.8,9.766839890755332,4.1,32.1,8.778520279749765,,,27334.0,1535527204.0,56177.0,,1751.0,4.3,25328.0,2.6201725955718693,0.0,0.0,control,0,,0,0.0,,,1,0,
56005,Campbell County,WY,2014,57089.0,6574955.0,78609.0,6.8,19.2,9.880749219346262,4.2,32.6,9.153587586885092,,,28502.0,1642650221.0,57633.0,,1732.0,3.5,25946.0,1.843605968283728,0.0,0.0,control,0,,0,0.0,,,1,0,
56005,Campbell County,WY,2015,53009.0,6449748.0,80060.0,7.2,19.3,9.998406935349688,4.0,32.7,9.76565861036718,,,27899.0,1601698111.0,57411.0,,1797.0,3.9,25599.0,2.1807692307692306,0.0,0.0,control,0,,0,0.0,,,1,0,
56005,Campbell County,WY,2016,46750.0,5790792.0,80822.0,8.1,19.1,10.094199058113542,4.7,32.8,10.370146966713984,,,24978.0,1351496194.0,54107.0,,1779.0,7.2,24415.0,3.1645569620253164,0.0,0.0,control,0,,0,0.0,,,1,0,
56005,Campbell County,WY,2017,49718.0,5405708.0,80178.0,9.4,18.5,10.019856041098986,4.6,33.2,11.259087814029415,,,24306.0,1348757125.0,55491.0,,1789.0,5.0,23092.0,3.5987779232631034,0.0,0.0,control,0,,0,0.0,,,1,0,
56005,Campbell County,WY,2018,52648.0,5262255.0,79916.0,11.1,19.2,9.934892593082353,4.6,33.5,11.299085756518478,,,24785.0,1431360127.0,57752.0,,1822.0,4.1,23090.0,4.612219707879038,0.0,0.0,control,0,,0,0.0,,,1,0,
56005,Campbell County,WY,2019,53346.0,5241253.0,82659.0,12.2,18.9,9.872627713285848,3.6,34.0,11.156274808381202,,,25178.0,1496953318.0,59455.0,,1842.0,3.8,23280.0,5.920562681009516,0.0,0.0,control,0,,0,0.0,,,1,0,
56005,Campbell County,WY,2020,53995.0,5249403.0,80887.0,12.2,19.7,9.778709784228244,4.1,34.6,11.468933065101442,,,23382.0,1365954451.0,58420.0,,1866.0,6.9,23171.0,4.8002757788598265,65.388,8827.438,control,0,,0,0.0,,,1,0,
56005,Campbell County,WY,2021,56233.0,4966229.0,87547.0,11.0,20.5,9.73706103520048,3.3,35.2,11.302997404549862,,,22921.0,1346582291.0,58748.0,,1911.0,5.3,21922.0,3.9700756609708407,208.821,11390.242,control,0,,0,0.0,,,1,0,
56005,Campbell County,WY,2022,59723.0,5290202.0,93315.0,9.5,21.9,9.757677165969223,3.0,35.5,11.65579231493477,,,24105.0,1531370498.0,63529.0,7.0,1985.0,3.4,22921.0,4.903765690376569,54.842,8608.07,control,0,,0,0.0,,,1,0,
56005,Campbell County,WY,2023,63135.0,5658531.0,95253.0,9.1,22.2,9.791204408936572,3.4,35.8,,,,24947.0,1657455391.0,66440.0,7.0,2014.0,,,5.361197544361282,10.547,628.573,control,0,,0,0.0,,,1,0,
56005,Campbell County,WY,2024,64369.0,4918971.0,,,,,,,12.214189974427851,,,24836.0,1660492822.0,66859.0,9.0,2041.0,,,,0.0,0.0,control,0,,0,0.0,,,1,0,
56013,Fremont County,WY,2010,36337.0,1797246.0,46397.0,,22.8,4.233094029676847,7.0,38.7,8.6251044742546,,,16442.0,601102723.0,36560.0,,1580.0,7.5,20890.0,6.41095591444784,0.0,0.0,control,0,,0,0.0,,,1,0,
56013,Fremont County,WY,2011,39213.0,1806236.0,48788.0,,21.4,4.302783551966061,7.7,38.4,9.272130702337222,,,16640.0,633073658.0,38045.0,,1561.0,6.9,20955.0,6.016339338851918,0.0,0.0,control,0,,0,0.0,,,1,0,
56013,Fremont County,WY,2012,41529.0,1727632.0,48565.0,15.2,21.9,4.366810800569276,9.4,38.3,10.263360469307631,,,16802.0,656717528.0,39085.0,,1573.0,6.2,21034.0,6.454235083726223,0.0,0.0,control,0,,0,0.0,,,1,0,
56013,Fremont County,WY,2013,42470.0,1802440.0,50418.0,15.0,21.2,4.411891210300111,9.9,38.2,10.69152580920478,,,16722.0,663937793.0,39703.0,,1572.0,5.8,20746.0,5.549772640113954,0.0,0.0,control,0,,0,0.0,,,1,0,
56013,Fremont County,WY,2014,43296.0,1779493.0,51749.0,14.0,21.5,4.4360647633441825,9.8,38.1,11.004444841999495,,,16536.0,673705808.0,40743.0,,1544.0,5.2,20333.0,5.876691388778803,0.0,0.0,control,0,,0,0.0,,,1,0,
56013,Fremont County,WY,2015,42752.0,1790361.0,52773.0,14.2,21.3,4.437807001401413,7.8,38.2,11.34997225417245,,,16242.0,654209860.0,40280.0,,1650.0,5.5,20074.0,6.3222908478382935,0.0,0.0,control,0,,0,0.0,,,1,0,
56013,Fremont County,WY,2016,40515.0,1714254.0,53559.0,14.1,22.4,4.429966930143876,7.3,38.4,11.55166610003376,,,15541.0,606498618.0,39025.0,,1675.0,7.2,20040.0,6.645047505262559,0.0,0.0,control,0,,0,0.0,,,1,0,
56013,Fremont County,WY,2017,42453.0,1729469.0,55013.0,13.7,23.3,4.394142160092077,6.0,38.3,11.542932971864742,,,15348.0,611584979.0,39849.0,3.0,1697.0,5.7,19414.0,6.62130482017268,0.0,0.0,control,0,,0,0.0,,,1,0,
56013,Fremont County,WY,2018,45183.0,1707182.0,54242.0,13.7,23.5,4.3638707738477,6.0,38.4,11.320552943276953,,,15159.0,625314261.0,41250.0,3.0,1732.0,5.2,18976.0,6.685301653855113,0.0,0.0,control,0,,0,0.0,,,1,0,
56013,Fremont County,WY,2019,45965.0,1605088.0,55896.0,13.0,24.3,4.335123845903399,5.9,38.7,11.129783927068946,,,15215.0,642462342.0,42227.0,,1731.0,4.5,18774.0,7.067220499619728,0.0,0.0,control,0,,0,0.0,,,1,0,
56013,Fremont County,WY,2020,48813.0,1560083.0,54291.0,14.2,24.8,4.324125968167133,7.4,38.5,11.075545916700117,,,14639.0,640836880.0,43775.0,,1758.0,6.3,19009.0,8.445309174925518,160.756,9966.844,control,0,,0,0.0,,,1,0,
56013,Fremont County,WY,2021,51012.0,1523613.0,57887.0,13.5,24.7,4.293963471801333,9.1,38.9,11.051362485975313,,,14999.0,672169080.0,44816.0,4.0,1778.0,4.8,18814.0,8.27765404602821,238.622,14445.393,control,0,,0,0.0,,,1,0,
56013,Fremont County,WY,2022,53871.0,1558987.0,60030.0,13.9,24.3,4.290478995686872,8.2,38.9,11.109802624963612,,,15281.0,719777945.0,47104.0,5.0,1848.0,3.8,18990.0,8.734828981243105,110.519,17366.623,control,0,,0,0.0,,,1,0,
56013,Fremont County,WY,2023,57031.0,1619691.0,64646.0,12.4,25.3,4.298101287187254,7.9,39.4,,,,15603.0,770496640.0,49382.0,5.0,1836.0,,,9.089805088347806,5.024,728.424,control,0,,0,0.0,,,1,0,
56013,Fremont County,WY,2024,59227.0,1655777.0,,,,,,,13.469715617459965,,,15557.0,819317081.0,52664.0,5.0,1849.0,,,,0.0,0.0,control,0,,0,0.0,,,1,0,
56021,Laramie County,WY,2010,43320.0,4985519.0,52824.0,,22.9,33.21873333869473,5.1,36.8,11.38407478685975,,,42432.0,1654802240.0,38999.0,137.0,3261.0,7.2,45971.0,3.8429117945836127,0.0,0.0,treated,1,2013.0,0,0.0,Microsoft,Microsoft,1,1,PRE_COVID_COHORT
56021,Laramie County,WY,2011,48142.0,5176171.0,54156.0,,24.4,33.65546431241493,4.8,37.1,11.34184775502313,,,43098.0,1734056381.0,40235.0,135.0,3319.0,6.6,46585.0,3.134087237479806,0.0,0.0,treated,1,2013.0,0,0.0,Microsoft,Microsoft,1,1,PRE_COVID_COHORT
56021,Laramie County,WY,2012,48327.0,5312068.0,54596.0,10.4,24.2,34.1487878760801,5.1,37.3,11.775963708301571,,,43746.0,1833229568.0,41906.0,136.0,3431.0,5.9,47168.0,3.1633657013303673,0.0,0.0,treated,1,2013.0,0,0.0,Microsoft,Microsoft,1,1,PRE_COVID_COHORT
56021,Laramie County,WY,2013,48065.0,5246707.0,55864.0,10.8,25.1,34.652908710195305,5.7,37.0,12.761633157870286,,,45027.0,1897792787.0,42148.0,141.0,3494.0,4.8,47889.0,3.398804440649018,0.0,0.0,treated,1,2013.0,1,0.0,Microsoft,Microsoft,1,1,PRE_COVID_COHORT
56021,Laramie County,WY,2014,49335.0,5331669.0,58324.0,10.5,26.8,35.151444749250146,5.1,36.9,13.63375201421096,,,45884.0,1968544690.0,42903.0,160.0,3540.0,4.5,48216.0,3.5900344508864803,0.0,0.0,treated,1,2013.0,1,1.0,Microsoft,Microsoft,1,1,PRE_COVID_COHORT
56021,Laramie County,WY,2015,49560.0,5507020.0,60706.0,10.1,27.8,35.530838493683966,5.0,36.7,15.118798761454654,,,46123.0,2018334941.0,43760.0,164.0,3603.0,3.9,48225.0,2.9620604176295116,0.0,0.0,treated,1,2013.0,1,2.0,Microsoft,Microsoft,1,1,PRE_COVID_COHORT
56021,Laramie County,WY,2016,48054.0,5376004.0,61201.0,10.4,27.7,35.913583115154005,5.6,36.7,15.133991202828431,,,45587.0,2013962245.0,44179.0,168.0,3589.0,4.2,48803.0,3.5696382320995905,0.0,0.0,treated,1,2013.0,1,3.0,Microsoft,Microsoft,1,1,PRE_COVID_COHORT
56021,Laramie County,WY,2017,49348.0,5428708.0,62879.0,10.4,28.7,36.126549966789085,5.3,36.8,15.40205087146029,,,45625.0,2073855075.0,45454.0,170.0,3618.0,3.8,48342.0,3.776151705658044,0.0,0.0,treated,1,2013.0,1,4.0,Microsoft,Microsoft,1,1,PRE_COVID_COHORT
56021,Laramie County,WY,2018,51951.0,5727043.0,64220.0,10.0,28.7,36.37265326911564,5.3,36.9,14.996956986766453,,,46016.0,2169316700.0,47143.0,175.0,3659.0,3.9,48384.0,4.040990748039663,0.0,0.0,treated,1,2013.0,1,5.0,Microsoft,Microsoft,1,1,PRE_COVID_COHORT
56021,Laramie County,WY,2019,52555.0,5990637.0,66910.0,9.9,28.5,36.606470022309395,5.1,37.0,15.500291755749323,,,46846.0,2285702712.0,48791.0,172.0,3782.0,3.5,49387.0,4.260625798738508,0.0,0.0,treated,1,2013.0,1,6.0,Microsoft,Microsoft,1,1,PRE_COVID_COHORT
56021,Laramie County,WY,2020,55451.0,5685494.0,69369.0,8.9,30.2,36.96091834880694,4.9,37.4,14.945840587233295,,,45569.0,2316237454.0,50829.0,127.0,3981.0,5.2,50083.0,5.2631578947368425,63.059,7165.378,treated,1,2013.0,1,7.0,Microsoft,Microsoft,1,1,PRE_COVID_COHORT
56021,Laramie County,WY,2021,60203.0,6011479.0,71550.0,9.0,30.2,37.19659670035415,4.0,37.6,15.147697987162385,,,46471.0,2459666864.0,52930.0,114.0,4190.0,4.1,49060.0,7.063406015339518,171.888,11801.261,treated,1,2013.0,1,8.0,Microsoft,Microsoft,1,1,PRE_COVID_COHORT
56021,Laramie County,WY,2022,61146.0,6047556.0,76282.0,9.0,30.5,37.34962008500803,3.5,38.0,14.441732862836057,,,46444.0,2583059928.0,55617.0,92.0,4500.0,3.4,48401.0,7.513879833244423,88.487,12716.64,treated,1,2013.0,1,9.0,Microsoft,Microsoft,1,1,PRE_COVID_COHORT
56021,Laramie County,WY,2023,63445.0,6272579.0,77884.0,9.9,32.0,37.47807037139632,3.3,38.2,,,,47486.0,2788644207.0,58726.0,104.0,4658.0,,,8.41734867354604,4.068,560.415,treated,1,2013.0,1,10.0,Microsoft,Microsoft,1,1,PRE_COVID_COHORT
56021,Laramie County,WY,2024,66012.0,6649763.0,,,,,,,16.64639826591762,,,48244.0,2941017221.0,60961.0,101.0,4736.0,,,,0.0,0.0,treated,1,2013.0,1,11.0,Microsoft,Microsoft,1,1,PRE_COVID_COHORT
56025,Natrona County,WY,2010,50125.0,4745496.0,50936.0,,20.9,13.766403309928702,4.5,37.0,8.625315687489993,,,37936.0,1675758757.0,44173.0,,3194.0,7.5,39724.0,2.677038626609442,0.0,0.0,control,0,,0,0.0,,,1,0,FUTURE_DC_2023plus
56025,Natrona County,WY,2011,54092.0,5031497.0,53519.0,,21.6,13.973311303093435,5.1,36.8,9.27233886331861,,,39262.0,1815585424.0,46243.0,,3251.0,6.4,40613.0,2.727989487516426,0.0,0.0,control,0,,0,0.0,,,1,0,FUTURE_DC_2023plus
56025,Natrona County,WY,2012,60164.0,5665392.0,55786.0,9.3,22.0,14.207557365943282,5.5,36.7,10.263360469307631,,,40933.0,1969288907.0,48110.0,,3348.0,5.2,41901.0,2.901289745881752,0.0,0.0,control,0,,0,0.0,,,1,0,FUTURE_DC_2023plus
56025,Natrona County,WY,2013,61454.0,5901150.0,57791.0,9.9,22.3,14.482248792162888,5.8,36.3,10.69152580920478,,,41747.0,2019706355.0,48379.0,,3353.0,4.6,42485.0,2.9243420230448147,0.0,0.0,control,0,,0,0.0,,,1,0,FUTURE_DC_2023plus
56025,Natrona County,WY,2014,68307.0,6388489.0,56769.0,10.3,21.3,14.730163889855293,5.5,36.2,11.004444841999495,,,42605.0,2176227692.0,51079.0,4.0,3390.0,4.2,42863.0,2.8680878585109824,0.0,0.0,control,0,,0,0.0,,,1,0,FUTURE_DC_2023plus
56025,Natrona County,WY,2015,69890.0,6263754.0,56871.0,10.7,21.9,14.981823928600454,5.1,36.0,11.34997225417245,,,41852.0,2077022713.0,49628.0,4.0,3509.0,4.8,42482.0,3.07006745777734,0.0,0.0,control,0,,0,0.0,,,1,0,FUTURE_DC_2023plus
56025,Natrona County,WY,2016,61137.0,5663254.0,56983.0,10.5,22.2,15.142856393868934,4.9,35.9,11.55166610003376,,,38505.0,1765613559.0,45854.0,,3508.0,7.2,41016.0,3.216480820154022,0.0,0.0,control,0,,0,0.0,,,1,0,FUTURE_DC_2023plus
56025,Natrona County,WY,2017,62874.0,5594566.0,59400.0,9.9,22.8,15.171317945869877,5.1,36.3,11.542932971864742,,,38081.0,1819534810.0,47781.0,,3530.0,5.4,39647.0,3.6323690955693886,0.0,0.0,control,0,,0,0.0,,,1,0,FUTURE_DC_2023plus
56025,Natrona County,WY,2018,67467.0,5920361.0,60550.0,9.6,22.7,15.093984913130477,4.6,36.6,11.320552943276953,,,38505.0,1933229880.0,50207.0,,3560.0,4.6,39431.0,3.9335044615572663,0.0,0.0,control,0,,0,0.0,,,1,0,FUTURE_DC_2023plus
56025,Natrona County,WY,2019,64535.0,5705706.0,62772.0,9.4,22.8,15.042117479549814,4.3,36.9,11.130083493393332,,,39132.0,2035513182.0,52017.0,,3545.0,4.0,40067.0,3.970125786163522,0.0,0.0,control,0,,0,0.0,,,1,0,FUTURE_DC_2023plus
56025,Natrona County,WY,2020,63076.0,4959651.0,62168.0,9.6,23.5,14.992309763548167,4.3,37.3,11.075545916700117,,,36491.0,1853284384.0,50787.0,,3597.0,7.9,40097.0,5.835796467743117,114.523,8065.179,control,0,,0,0.0,,,1,0,FUTURE_DC_2023plus
56025,Natrona County,WY,2021,67312.0,4853152.0,64100.0,9.9,24.9,14.864045532491296,4.0,37.2,11.051362485975313,,,36750.0,1889985119.0,51428.0,9.0,3650.0,6.1,38746.0,6.7458930443900735,178.009,12829.099,control,0,,0,0.0,,,1,0,FUTURE_DC_2023plus
56025,Natrona County,WY,2022,75500.0,5076888.0,69104.0,9.1,26.6,14.88726416701838,3.5,37.7,11.109802624963612,,,38184.0,2131688197.0,55827.0,6.0,3782.0,3.9,38772.0,7.860164219955212,78.424,10902.12,control,0,,0,0.0,,,1,0,FUTURE_DC_2023plus
56025,Natrona County,WY,2023,77119.0,5222789.0,71247.0,9.7,27.4,14.93014374207243,3.8,38.2,,,,39441.0,2322392344.0,58882.0,12.0,3890.0,,,9.180591906583452,16.183,421.993,control,0,,0,0.0,,,1,0,FUTURE_DC_2023plus
56025,Natrona County,WY,2024,79903.0,5299993.0,,,,,,,13.469715617459965,,,40029.0,2457527710.0,61394.0,,3966.0,,,,0.0,0.0,control,0,,0,0.0,,,1,0,FUTURE_DC_2023plus
56037,Sweetwater County,WY,2010,44060.0,4249433.0,69828.0,,17.1,4.053522688256811,4.7,33.1,8.394170156682842,,,23668.0,1214886166.0,51330.0,73.0,1690.0,7.1,23023.0,2.1123226424563164,0.0,0.0,control,0,,0,0.0,,,1,0,
56037,Sweetwater County,WY,2011,48127.0,4148912.0,72096.0,,17.0,4.1384945593067215,5.3,32.8,9.084448483440466,,,24580.0,1332108127.0,54194.0,73.0,1691.0,5.6,23578.0,1.9005107910358472,0.0,0.0,control,0,,0,0.0,,,1,0,
56037,Sweetwater County,WY,2012,47771.0,4026160.0,72139.0,9.9,17.0,4.209272483499537,5.7,32.9,10.125447236040948,,,24877.0,1388778526.0,55826.0,79.0,1703.0,4.9,23856.0,2.616239663819981,0.0,0.0,control,0,,0,0.0,,,1,0,
56037,Sweetwater County,WY,2013,48200.0,4055219.0,71525.0,11.3,18.1,4.261732543842992,6.4,33.2,10.543840113785384,,,24630.0,1385052659.0,56236.0,75.0,1703.0,4.4,23539.0,2.296883444424428,0.0,0.0,control,0,,0,0.0,,,1,0,
56037,Sweetwater County,WY,2014,49342.0,3959871.0,69448.0,12.2,18.1,4.276885541163405,5.6,33.3,10.83926868174905,,,24269.0,1420422178.0,58529.0,71.0,1689.0,4.2,23026.0,1.92822710230316,0.0,0.0,control,0,,0,0.0,,,1,0,
56037,Sweetwater County,WY,2015,49454.0,3845451.0,69022.0,11.5,19.6,4.293860734364121,5.4,33.6,11.230801254913208,,,23590.0,1375045314.0,58289.0,72.0,1685.0,4.6,22556.0,1.6234488280033803,0.0,0.0,control,0,,0,0.0,,,1,0,
56037,Sweetwater County,WY,2016,47642.0,3713088.0,68233.0,11.0,21.4,4.29769693621739,5.1,33.8,11.422812433291934,,,22340.0,1257096313.0,56271.0,68.0,1630.0,6.1,22140.0,1.7701464796211888,0.0,0.0,control,0,,0,0.0,,,1,0,
56037,Sweetwater County,WY,2017,50991.0,3769766.0,71083.0,12.0,22.2,4.270363998012848,5.2,34.0,11.331321644091076,,,22214.0,1288821054.0,58017.0,62.0,1620.0,4.7,21620.0,1.460311772083856,0.0,0.0,control,0,,0,0.0,,,1,0,
56037,Sweetwater County,WY,2018,54713.0,3692765.0,73008.0,12.0,22.0,4.231042929016839,5.2,34.6,11.049009406577472,,,22275.0,1310772101.0,58845.0,61.0,1616.0,4.2,21373.0,2.467889908256881,0.0,0.0,control,0,,0,0.0,,,1,0,
56037,Sweetwater County,WY,2019,55746.0,3690032.0,74843.0,11.5,22.5,4.17388352140313,6.1,35.3,10.83672255881818,,,22293.0,1343820804.0,60281.0,62.0,1613.0,4.0,21258.0,2.222956390409666,0.0,0.0,control,0,,0,0.0,,,1,0,
56037,Sweetwater County,WY,2020,54532.0,3418924.0,73384.0,11.5,21.2,4.157675568573067,6.2,35.7,10.789236519794937,,,20121.0,1192421971.0,59264.0,56.0,1621.0,7.5,20501.0,2.314445331205108,36.764,6815.101,control,0,,0,0.0,,,1,0,
56037,Sweetwater County,WY,2021,56210.0,3308998.0,76668.0,10.5,19.4,4.072032362198835,6.7,36.4,10.734895922678648,,,19796.0,1175291258.0,59369.0,57.0,1635.0,5.6,19325.0,2.517129112201759,209.094,12302.107,control,0,,0,0.0,,,1,0,
56037,Sweetwater County,WY,2022,60187.0,3174378.0,79375.0,11.7,20.0,4.035588444592777,5.7,37.1,10.838459283911163,,,20342.0,1291648532.0,63496.0,61.0,1668.0,3.9,19898.0,2.9901296690536094,66.634,9397.762,control,0,,0,0.0,,,1,0,
56037,Sweetwater County,WY,2023,61963.0,3301845.0,76464.0,13.4,20.4,4.007488266017582,5.8,37.4,,,,20866.0,1407022362.0,67433.0,60.0,1689.0,,,2.8161319161617167,6.893,250.454,control,0,,0,0.0,,,1,0,
56037,Sweetwater County,WY,2024,63284.0,3043979.0,,,,,,,13.443739077066397,,,20698.0,1412992702.0,68269.0,66.0,1732.0,,,,0.0,0.0,control,0,,0,0.0,,,1,0,
