fips,year,per_capita_income,gdp_thousands,median_income,poverty_rate,pct_bachelors,pop_density,unemployment_acs,median_age,elec_rate_cents_kwh,residential_sales_mwh,residential_customers,total_employment,total_wages,avg_annual_wage,data_processing_employment,total_establishments,unemployment_rate,labor_force,is_treated,dc_opening_year,dc_active,years_since_dc,contaminated_control
31001,2010,36869.0,1586875.0,44443.0,,21.5,55.259074624427896,5.5,37.5,8.472395591959968,,,14653.0,468593135.0,31979.0,,1029.0,4.8,16472.0,0,,0,0.0,0
31001,2011,41094.0,1709251.0,47469.0,,22.4,55.35671804485917,5.3,37.7,8.67991347871411,,,14627.0,477199127.0,32624.0,,1026.0,4.3,16493.0,0,,0,0.0,0
31001,2012,43050.0,1735273.0,49017.0,12.4,21.2,55.56620756505715,5.4,37.8,9.2562863801014,,,15226.0,512728128.0,33675.0,,1171.0,3.7,16851.0,0,,0,0.0,0
31001,2013,44098.0,1867247.0,49440.0,12.8,20.4,55.686930339408526,6.2,38.0,9.277477772259733,,,15285.0,517178037.0,33836.0,,1199.0,3.6,16906.0,0,,0,0.0,0
31001,2014,45637.0,1845389.0,51342.0,11.8,22.3,55.73841505199956,6.7,38.1,9.42388317219358,,,15309.0,535510238.0,34981.0,,1197.0,3.4,16728.0,0,,0,0.0,0
31001,2015,46254.0,1842223.0,50635.0,11.8,23.0,55.82008045817844,5.5,37.8,9.6690548315745,,,15370.0,551190872.0,35862.0,,1192.0,3.1,16677.0,0,,0,0.0,0
31001,2016,45417.0,1895118.0,51201.0,11.2,22.6,55.98696194037005,5.4,37.7,10.022750753514542,,,15513.0,568609053.0,36653.0,,1203.0,3.1,16749.0,0,,0,0.0,0
31001,2017,45333.0,1836139.0,51721.0,12.4,23.5,56.03667131804415,4.2,37.9,10.324227881486156,,,15449.0,587312019.0,38016.0,,1179.0,3.1,16775.0,0,,0,0.0,0
31001,2018,47570.0,1841535.0,51536.0,13.0,24.9,56.07040268146586,3.3,37.4,9.789652693019251,,,15339.0,604772747.0,39427.0,,1146.0,3.0,16774.0,0,,0,0.0,0
31001,2019,50114.0,1859228.0,53023.0,12.5,24.3,56.077504021133585,2.5,37.7,9.727979484494057,,,15394.0,625822700.0,40653.0,,1115.0,3.2,16999.0,0,,0,0.0,0
31001,2020,53085.0,1798401.0,56007.0,12.2,25.6,55.995838614954714,2.4,38.0,9.819777707336035,,,14968.0,639368818.0,42715.0,,1089.0,4.0,17038.0,0,,0,0.0,0
31001,2021,59441.0,1992589.0,57783.0,13.1,25.8,55.53957754130317,2.4,37.5,9.699863765795728,,,15028.0,672349118.0,44740.0,,1111.0,2.5,16879.0,0,,0,0.0,0
31001,2022,63095.0,2018543.0,61502.0,12.0,27.1,55.28925531801574,2.7,38.0,9.633308435389765,,,15440.0,733279474.0,47491.0,2.0,1126.0,2.1,17196.0,0,,0,0.0,0
31003,2010,40479.0,357641.0,37058.0,,16.5,7.865536885308059,3.0,45.2,9.017260034491674,,,1999.0,53687283.0,26856.0,,259.0,3.7,3522.0,0,,0,0.0,0
31003,2011,53871.0,367601.0,40474.0,,15.5,7.813037751543765,3.0,46.1,9.576428864406228,,,2008.0,56356162.0,28061.0,,264.0,3.6,3599.0,0,,0,0.0,0
31003,2012,51419.0,335342.0,40397.0,12.7,15.8,7.764038560030426,2.8,46.5,10.520130069049424,,,2031.0,59373958.0,29233.0,,281.0,3.2,3573.0,0,,0,0.0,0
31003,2013,57050.0,344476.0,43518.0,11.0,16.7,7.69987295209629,2.1,46.5,10.32914341416354,,,2079.0,62153196.0,29899.0,,293.0,3.1,3607.0,0,,0,0.0,0
31003,2014,55302.0,361275.0,45417.0,12.6,18.3,7.619374280324374,1.9,46.7,11.996752221795562,,,2105.0,66089318.0,31400.0,,303.0,2.7,3594.0,0,,0,0.0,0
31003,2015,54635.0,369432.0,45609.0,12.7,17.7,7.566875146560081,1.6,46.5,10.671884295573877,,,2130.0,69188054.0,32490.0,,304.0,2.6,3610.0,0,,0,0.0,0
31003,2016,54469.0,474055.0,46381.0,11.8,18.6,7.491043064456103,1.8,46.1,10.756218052435116,,,2140.0,70828150.0,33099.0,,302.0,2.6,3613.0,0,,0,0.0,0
31003,2017,48018.0,419674.0,46949.0,11.5,18.6,7.473543353201339,1.9,45.9,10.713547183272476,,,2164.0,76025718.0,35131.0,,293.0,2.5,3595.0,0,,0,0.0,0
31003,2018,50582.0,426705.0,48716.0,12.6,19.1,7.433877341023873,2.0,45.3,10.394280160746307,,,2201.0,80813445.0,36721.0,,287.0,2.5,3612.0,0,,0,0.0,0
31003,2019,58218.0,509507.0,49912.0,11.1,18.4,7.39771127109736,2.2,44.9,10.440357315085484,,,2193.0,82209028.0,37486.0,,287.0,2.6,3635.0,0,,0,0.0,0
31003,2020,70681.0,584451.0,52569.0,10.8,18.0,7.367378438255768,1.9,44.8,10.311236748721646,,,2454.0,106268965.0,43307.0,,277.0,2.2,3932.0,0,,0,0.0,0
31003,2021,77729.0,578943.0,55802.0,10.8,18.4,7.361545201170847,2.8,43.4,10.357006360071416,,,2226.0,91073987.0,40908.0,,291.0,1.7,3668.0,0,,0,0.0,0
31003,2022,70558.0,557707.0,61924.0,11.1,20.5,7.352212021834973,2.1,42.5,10.20759821548813,,,2202.0,97080181.0,44097.0,,293.0,1.8,3662.0,0,,0,0.0,0
31005,2010,28244.0,8701.0,43250.0,,17.9,0.5956775622525001,0.0,39.4,12.180058714425083,,,86.0,1754767.0,20464.0,,21.0,8.0,225.0,0,,0,0.0,0
31005,2011,37909.0,11946.0,43194.0,,21.9,0.6264402532608452,0.0,37.7,12.00448570486614,,,90.0,1718516.0,19148.0,,20.0,6.1,231.0,0,,0,0.0,0
31005,2012,25811.0,5420.0,45769.0,5.1,27.3,0.6851690270040495,2.4,37.4,12.783054627649832,,,87.0,1753448.0,20155.0,,21.0,6.5,230.0,0,,0,0.0,0
31005,2013,32441.0,8076.0,40568.0,6.9,31.7,0.7089401973286797,4.0,37.5,12.563963640784811,,,81.0,1773311.0,21938.0,,21.0,7.3,219.0,0,,0,0.0,0
31005,2014,56234.0,18600.0,41103.0,7.1,31.6,0.665592769089648,2.4,38.4,12.542744908092384,,,84.0,1929976.0,22930.0,,20.0,5.4,224.0,0,,0,0.0,0
31005,2015,54529.0,25555.0,39375.0,8.0,32.7,0.6264402532608452,4.0,39.9,12.714797721285354,,,88.0,2266014.0,25653.0,,18.0,4.4,225.0,0,,0,0.0,0
31005,2016,45709.0,21633.0,40375.0,8.0,26.8,0.6110589077566727,3.7,41.0,13.10246789820022,,,84.0,2391184.0,28438.0,,17.0,5.7,228.0,0,,0,0.0,0
31005,2017,47220.0,19993.0,41250.0,10.9,29.9,0.5886860415687853,0.6,43.3,13.834098005748574,,,84.0,2410065.0,28691.0,,17.0,5.8,223.0,0,,0,0.0,0
31005,2018,44185.0,16485.0,43854.0,10.3,27.9,0.5844911291585565,1.0,47.1,13.86257165319045,,,84.0,2397462.0,28598.0,,16.0,4.9,223.0,0,,0,0.0,0
31005,2019,49704.0,18711.0,42813.0,13.3,26.2,0.597075866389243,0.5,45.5,14.066007602929568,,,89.0,2396557.0,26953.0,,19.0,5.6,231.0,0,,0,0.0,0
31005,2020,54602.0,19589.0,48500.0,12.5,24.1,0.6138555160301585,0.4,48.0,,,,86.0,2522449.0,29474.0,,20.0,5.1,234.0,0,,0,0.0,0
31005,2021,58303.0,16530.0,59375.0,11.2,28.1,0.6599995525426762,0.4,42.7,,,,95.0,2584412.0,27228.0,,21.0,3.0,235.0,0,,0,0.0,0
31005,2022,54241.0,12617.0,66667.0,7.0,31.4,0.6781775063203347,0.4,44.1,,,,92.0,2522401.0,27442.0,,18.0,2.2,232.0,0,,0,0.0,0
31007,2010,44782.0,27363.0,34063.0,,25.1,0.9650969989504572,1.8,46.4,11.773682376662617,,,151.0,5013771.0,33277.0,,17.0,4.4,413.0,0,,0,0.0,0
31007,2011,74456.0,40614.0,27167.0,,23.5,0.942309986475238,1.8,48.3,11.71985353843672,,,158.0,5329717.0,33822.0,,16.0,4.6,433.0,0,,0,0.0,0
31007,2012,57795.0,30762.0,32292.0,18.0,20.8,1.0428409238659104,3.6,45.2,12.340827022235857,,,163.0,5319133.0,32583.0,,19.0,4.4,436.0,0,,0,0.0,0
31007,2013,73161.0,44028.0,36875.0,15.4,15.8,1.093776598810518,6.3,49.2,12.277713805368162,,,168.0,5882322.0,35031.0,,19.0,4.4,435.0,0,,0,0.0,0
31007,2014,84989.0,54229.0,46875.0,15.0,13.6,1.0562450488513335,6.7,49.3,12.671167603293377,,,154.0,5535043.0,36020.0,,17.0,3.7,437.0,0,,0,0.0,0
31007,2015,80948.0,66635.0,48897.0,11.7,17.4,1.0991382488046872,5.4,50.4,13.228778492051983,,,154.0,5714203.0,37065.0,,19.0,3.4,442.0,0,,0,0.0,0
31007,2016,81602.0,80680.0,50833.0,12.0,17.0,1.062947111344045,7.3,47.9,13.22516489959226,,,129.0,4459413.0,34636.0,,16.0,3.6,420.0,0,,0,0.0,0
31007,2017,54647.0,37411.0,55000.0,8.9,17.4,0.9758202989387954,3.2,48.1,13.756259488040511,,,112.0,4050461.0,36219.0,,12.0,3.6,393.0,0,,0,0.0,0
31007,2018,55035.0,36901.0,59625.0,9.7,20.7,0.9329270989854418,1.2,48.5,13.771124726256566,,,110.0,4059703.0,36767.0,,10.0,3.6,384.0,0,,0,0.0,0
31007,2019,60666.0,39404.0,51750.0,5.8,23.3,0.9677778239475416,0.5,48.9,13.809992370793289,,,107.0,4017989.0,37669.0,,11.0,3.9,385.0,0,,0,0.0,0
31007,2020,65341.0,39319.0,53864.0,3.4,26.7,0.8645660615597844,1.5,50.4,14.696327294752493,,,116.0,4487962.0,38857.0,,13.0,3.1,393.0,0,,0,0.0,0
31007,2021,74295.0,37366.0,57917.0,3.0,27.3,0.8109495616180924,1.6,54.5,14.661879114302812,,,117.0,4460318.0,37987.0,,13.0,2.1,386.0,0,,0,0.0,0
31007,2022,72247.0,34918.0,62375.0,7.4,30.4,0.898076374023342,3.3,54.1,14.25413254283274,,,112.0,4782876.0,42832.0,,12.0,2.8,387.0,0,,0,0.0,0
31009,2010,33375.0,14978.0,39000.0,,19.8,0.7584168084301053,1.9,48.4,9.589351685138505,,,153.0,3923211.0,25726.0,,23.0,5.1,257.0,0,,0,0.0,0
31009,2011,53556.0,18565.0,39688.0,,14.3,0.8231425471829529,1.0,45.2,10.098737326944969,,,144.0,4163948.0,29017.0,,24.0,5.4,280.0,0,,0,0.0,0
31009,2012,37210.0,14040.0,41364.0,19.3,18.9,0.8217354659057171,1.0,41.3,10.765194455356642,,,153.0,3920211.0,25664.0,,27.0,5.3,283.0,0,,0,0.0,0
31009,2013,46098.0,24123.0,42917.0,17.7,16.0,0.8245496284601888,2.7,41.0,10.845941870742994,,,145.0,3896133.0,26901.0,,26.0,5.1,272.0,0,,0,0.0,0
31009,2014,70091.0,37159.0,48214.0,16.3,15.7,0.8358062786780752,0.3,39.4,10.932505251621151,,,144.0,5017185.0,34821.0,,26.0,4.4,275.0,0,,0,0.0,0
31009,2015,68098.0,48046.0,48875.0,19.2,18.3,0.7753017837569351,0.7,40.4,11.4856843093404,,,129.0,4089289.0,31618.0,,23.0,4.5,269.0,0,,0,0.0,0
31009,2016,59127.0,48684.0,50350.0,16.2,25.1,0.8161071407967738,1.0,43.6,11.819199977877023,,,125.0,4084794.0,32788.0,,23.0,4.5,267.0,0,,0,0.0,0
31009,2017,55882.0,31517.0,52000.0,9.8,24.2,0.7063548011723801,1.1,46.8,12.06880231504645,,,127.0,4479418.0,35179.0,,24.0,4.5,264.0,0,,0,0.0,0
31009,2018,58675.0,31017.0,50870.0,12.5,22.7,0.6753990130731922,0.0,46.6,12.289905000521976,,,129.0,4544363.0,35137.0,,25.0,4.5,264.0,0,,0,0.0,0
31009,2019,60089.0,28951.0,51094.0,13.0,23.0,0.6711777692414846,0.0,53.2,12.329886742517612,,,125.0,4565792.0,36453.0,,25.0,5.0,259.0,0,,0,0.0,0
31009,2020,71409.0,28803.0,55268.0,4.1,23.1,0.6571069564691265,0.0,57.5,,,,127.0,4792580.0,37886.0,,23.0,3.5,255.0,0,,0,0.0,0
31009,2021,64043.0,22389.0,49464.0,8.7,22.8,0.4868501219235926,1.4,57.8,,,,125.0,4880458.0,39122.0,,24.0,2.8,248.0,0,,0,0.0,0
31009,2022,57931.0,19894.0,52083.0,11.5,20.8,0.5403192104585537,1.9,57.7,,,,121.0,5100892.0,42098.0,,25.0,3.6,253.0,0,,0,0.0,0
31011,2010,43086.0,377169.0,40703.0,,15.8,8.08834989214077,2.7,45.0,7.848498499825292,,,2222.0,63283106.0,28487.0,,247.0,3.6,2955.0,0,,0,0.0,0
31011,2011,59912.0,431499.0,41691.0,,12.8,8.028630398969911,3.2,45.3,8.504911504209494,,,2276.0,67435365.0,29627.0,,253.0,3.7,3041.0,0,,0,0.0,0
31011,2012,50204.0,378824.0,44491.0,8.8,14.2,7.971824051807388,3.6,45.7,9.429545115085809,,,2317.0,70827355.0,30566.0,,264.0,3.0,3036.0,0,,0,0.0,0
31011,2013,57929.0,422393.0,45246.0,9.7,13.8,7.925213715674037,1.9,45.9,9.677990998274748,,,2343.0,74394361.0,31749.0,,261.0,3.2,3049.0,0,,0,0.0,0
31011,2014,57908.0,407018.0,47450.0,10.7,15.4,7.871320514519848,2.8,46.1,9.799052959344126,,,2354.0,76893710.0,32665.0,,267.0,2.6,3025.0,0,,0,0.0,0
31011,2015,55270.0,401753.0,50306.0,10.1,16.6,7.826166751390663,1.2,45.6,10.183673301978905,,,2373.0,79148687.0,33350.0,,265.0,2.4,3024.0,0,,0,0.0,0
31011,2016,52679.0,409162.0,51890.0,7.5,17.7,7.797035291307318,1.5,45.4,10.233845234082343,,,2371.0,81792494.0,34495.0,,267.0,2.6,3021.0,0,,0,0.0,0
31011,2017,44723.0,343972.0,53854.0,7.3,19.8,7.802861583323987,1.7,45.0,10.21184716691793,,,2314.0,83078406.0,35908.0,,271.0,2.5,2956.0,0,,0,0.0,0
31011,2018,49472.0,378714.0,54063.0,6.1,20.6,7.7387723711406275,1.7,44.6,9.997058598559793,,,2373.0,88940380.0,37488.0,,271.0,2.3,2949.0,0,,0,0.0,0
31011,2019,58125.0,421227.0,54979.0,5.8,21.1,7.689248888998941,1.7,44.8,9.995155042138544,,,2382.0,93782207.0,39366.0,,267.0,2.8,2998.0,0,,0,0.0,0
31011,2020,63833.0,435161.0,60094.0,6.2,19.0,7.614963665786411,1.4,44.6,9.98938284305846,,,2329.0,96370641.0,41382.0,,262.0,2.5,2953.0,0,,0,0.0,0
31011,2021,77197.0,467216.0,63668.0,6.3,19.5,7.884429671557354,0.9,42.9,10.03897367513435,,,2337.0,100602177.0,43054.0,,274.0,1.7,2938.0,0,,0,0.0,0
31011,2022,66367.0,403346.0,66800.0,7.3,18.0,7.861124503490677,1.0,43.6,9.900904878223916,,,2382.0,109107689.0,45807.0,,273.0,1.7,3006.0,0,,0,0.0,0
31013,2010,34877.0,530259.0,44404.0,,19.5,10.57502389888447,4.7,40.9,10.81283493321539,,,3803.0,115032582.0,30251.0,,373.0,5.1,5844.0,0,,0,0.0,0
31013,2011,41861.0,608988.0,44118.0,,21.1,10.585252993405025,4.8,40.9,10.891711554603562,,,3830.0,122448973.0,31973.0,,373.0,4.2,5983.0,0,,0,0.0,0
31013,2012,41997.0,641684.0,44025.0,19.9,17.5,10.549916121424932,4.5,40.5,11.567963721819115,,,3997.0,127744934.0,31961.0,,441.0,3.9,5964.0,0,,0,0.0,0
31013,2013,42668.0,604135.0,46373.0,23.9,17.6,10.519228837863272,4.0,40.6,12.03140119853776,,,4020.0,132668531.0,32999.0,,457.0,3.8,5967.0,0,,0,0.0,0
31013,2014,44644.0,622775.0,49367.0,20.3,15.5,10.515509167128526,4.6,40.8,12.33075148295594,,,4009.0,135560658.0,33818.0,,447.0,3.1,5747.0,0,,0,0.0,0
31013,2015,44075.0,615949.0,51691.0,17.0,15.9,10.5173690024959,3.9,40.8,11.02430790452413,,,3912.0,134987965.0,34506.0,,435.0,3.0,5683.0,0,,0,0.0,0
31013,2016,42884.0,606271.0,54444.0,14.0,15.7,10.488541554301612,4.2,40.5,11.129554212992954,,,3860.0,132919795.0,34432.0,,431.0,3.6,5675.0,0,,0,0.0,0
31013,2017,45335.0,624123.0,56328.0,10.9,17.4,10.41507805729037,5.1,40.5,11.098025873264064,,,3816.0,137959900.0,36155.0,,435.0,3.3,5478.0,0,,0,0.0,0
31013,2018,47463.0,619757.0,56412.0,11.9,18.2,10.311857194401153,5.2,40.7,10.802680381952882,,,3806.0,139693162.0,36707.0,,431.0,2.9,5470.0,0,,0,0.0,0
31013,2019,49035.0,603352.0,54004.0,14.1,17.1,10.20119699004244,5.0,39.4,10.858753854445128,,,3754.0,141402416.0,37665.0,,414.0,3.2,5482.0,0,,0,0.0,0
31013,2020,52654.0,562097.0,61904.0,12.8,17.7,10.08495727958161,4.8,39.6,10.362184555282871,,,3563.0,140474699.0,39423.0,,394.0,4.8,5409.0,0,,0,0.0,0
31013,2021,57044.0,566065.0,63366.0,12.4,18.7,10.062639255173131,3.7,40.1,10.39616467361228,,,3631.0,147311261.0,40569.0,,407.0,2.6,5451.0,0,,0,0.0,0
31013,2022,57033.0,529808.0,67893.0,12.0,18.1,10.022652794774606,4.0,40.9,10.272466555458914,,,3569.0,155191368.0,43488.0,,403.0,2.2,5319.0,0,,0,0.0,0
31015,2010,38192.0,89622.0,34906.0,,13.2,3.902321575745229,1.4,47.0,9.877199449267763,,,555.0,12160934.0,21908.0,,92.0,4.0,1105.0,0,,0,0.0,0
31015,2011,48194.0,95760.0,37375.0,,13.7,3.8800966783038704,1.8,49.0,10.969912929858168,,,579.0,13088727.0,22612.0,,96.0,3.8,1149.0,0,,0,0.0,0
31015,2012,41446.0,78200.0,38281.0,9.9,15.4,3.750451443229278,1.4,50.8,12.176294723962872,,,589.0,13536831.0,22986.0,,101.0,3.8,1145.0,0,,0,0.0,0
31015,2013,40392.0,69819.0,41279.0,10.5,16.1,3.8763925287303103,1.9,51.9,12.371465791117483,,,580.0,13823292.0,23833.0,,104.0,3.4,1125.0,0,,0,0.0,0
31015,2014,46639.0,84222.0,40083.0,12.1,18.6,3.8282385842740334,1.2,51.2,12.19362231848187,,,580.0,14677813.0,25314.0,,107.0,3.3,1100.0,0,,0,0.0,0
31015,2015,48797.0,99364.0,40224.0,11.0,18.1,3.776380490244197,1.1,50.8,10.75253103251266,,,585.0,15959758.0,27289.0,,112.0,2.7,1093.0,0,,0,0.0,0
31015,2016,47650.0,106807.0,42463.0,12.5,19.6,3.71526202228046,1.0,51.4,10.838353773965393,,,600.0,16897193.0,28170.0,,110.0,3.0,1105.0,0,,0,0.0,0
31015,2017,49531.0,116093.0,48750.0,9.8,20.2,3.7949012381119953,1.6,52.1,10.775363140248633,,,587.0,16982480.0,28947.0,,108.0,3.4,1089.0,0,,0,0.0,0
31015,2018,52300.0,122605.0,50729.0,10.6,18.2,3.781936714604536,1.5,52.3,10.394900061185965,,,600.0,17670411.0,29475.0,,105.0,3.0,1090.0,0,,0,0.0,0
31015,2019,58322.0,119106.0,47778.0,9.1,16.7,3.587468861992648,1.4,54.3,10.505653309800786,,,596.0,21367527.0,35847.0,,105.0,3.4,1092.0,0,,0,0.0,0
31015,2020,61428.0,103933.0,53846.0,10.0,18.3,3.4856047487197537,1.7,56.2,10.362184555282871,,,561.0,18039130.0,32146.0,,104.0,2.8,1057.0,0,,0,0.0,0
31015,2021,77933.0,117832.0,54464.0,10.6,16.8,3.3559595136451614,1.5,55.5,10.39616467361228,,,539.0,17994231.0,33379.0,,104.0,2.0,1028.0,0,,0,0.0,0
31015,2022,78522.0,115767.0,57120.0,11.6,16.9,3.272616148240066,1.8,55.6,10.272466555458914,,,540.0,18273838.0,33851.0,,100.0,2.1,1030.0,0,,0,0.0,0
31017,2010,35470.0,126421.0,28038.0,,16.8,2.613488614294276,2.9,48.1,10.500134242251384,,,1227.0,32117629.0,26169.0,,156.0,4.8,1460.0,0,,0,0.0,0
31017,2011,44625.0,146558.0,29856.0,,17.8,2.581556892503087,2.6,46.9,10.648401478896192,,,1215.0,33125375.0,27258.0,,158.0,4.6,1465.0,0,,0,0.0,0
31017,2012,44187.0,137370.0,33333.0,12.8,19.6,2.6061197554193862,1.9,46.7,11.529793380845492,,,1229.0,34181315.0,27812.0,,169.0,3.9,1449.0,0,,0,0.0,0
31017,2013,51059.0,162219.0,33647.0,15.6,21.8,2.5930195618640264,0.9,46.7,11.653305528436036,,,1235.0,35804230.0,28993.0,,169.0,3.8,1432.0,0,,0,0.0,0
31017,2014,62433.0,204962.0,34645.0,15.7,19.6,2.5299748803788575,0.8,47.1,12.194239309009925,,,1238.0,37495925.0,30285.0,,169.0,3.4,1421.0,0,,0,0.0,0
31017,2015,64281.0,247123.0,36078.0,16.5,16.3,2.5201497352123376,0.7,47.6,10.848271963198483,,,1211.0,38939243.0,32168.0,,167.0,3.7,1400.0,0,,0,0.0,0
31017,2016,62900.0,297786.0,37328.0,17.3,18.7,2.4742990577685786,0.4,47.7,10.957441323504904,,,1200.0,39706257.0,33084.0,,166.0,3.7,1388.0,0,,0,0.0,0
31017,2017,50627.0,206874.0,42773.0,16.0,18.2,2.503774493268138,0.6,48.9,10.930360704543176,,,1231.0,40999289.0,33301.0,,171.0,3.3,1415.0,0,,0,0.0,0
31017,2018,51049.0,204595.0,41550.0,15.2,19.8,2.446461146463439,0.6,51.1,10.628768663954236,,,1238.0,42894510.0,34639.0,,175.0,3.4,1406.0,0,,0,0.0,0
31017,2019,58115.0,218083.0,43098.0,13.0,20.7,2.4685677230881087,0.5,49.4,10.663729611259964,,,1238.0,44827263.0,36219.0,,174.0,3.7,1416.0,0,,0,0.0,0
31017,2020,65790.0,214923.0,41979.0,9.7,24.2,2.3637661746452303,0.8,48.6,10.362184555282871,,,1225.0,46230684.0,37742.0,,173.0,2.7,1421.0,0,,0,0.0,0
31017,2021,68310.0,193860.0,43942.0,7.2,22.5,2.2532332915218825,0.6,48.4,10.39616467361228,,,1373.0,53475219.0,38952.0,,180.0,2.4,1426.0,0,,0,0.0,0
31017,2022,61177.0,163788.0,44267.0,8.9,21.3,2.203288803592073,0.5,46.9,10.272466555458914,,,1379.0,56771027.0,41176.0,,179.0,2.4,1424.0,0,,0,0.0,0
31019,2010,38150.0,2332473.0,47120.0,,32.0,46.92838404494846,4.3,32.0,9.682441002349275,,,25010.0,835692926.0,33415.0,,1570.0,3.7,26344.0,0,,0,0.0,0
31019,2011,42458.0,2518899.0,49851.0,,31.5,47.3466774080271,4.3,32.3,10.677620895424475,,,25400.0,855142892.0,33667.0,,1591.0,3.5,26875.0,0,,0,0.0,0
31019,2012,48088.0,2657933.0,50307.0,13.5,31.6,47.85069508995889,3.9,32.3,11.771164992229329,,,26043.0,907467971.0,34845.0,,1771.0,3.2,27253.0,0,,0,0.0,0
31019,2013,43958.0,2683738.0,50963.0,13.6,31.6,48.42391192084443,4.0,32.3,11.930862240806285,,,26369.0,917263557.0,34786.0,,1824.0,3.2,27351.0,0,,0,0.0,0
31019,2014,46650.0,2667626.0,52562.0,12.3,32.8,48.94342194955692,4.1,32.5,11.79673236774142,,,26816.0,955324113.0,35625.0,,1891.0,2.7,27498.0,0,,0,0.0,0
31019,2015,49594.0,2674439.0,53624.0,13.1,32.7,49.53213112722315,3.5,32.5,10.658475160249989,,,26839.0,1006946671.0,37517.0,,1898.0,2.4,27245.0,0,,0,0.0,0
31019,2016,49204.0,2728893.0,54098.0,13.6,33.5,49.99070459193158,3.3,32.6,10.696161918810876,,,27079.0,1021700164.0,37731.0,,1916.0,2.5,27371.0,0,,0,0.0,0
31019,2017,50512.0,2763470.0,55053.0,14.4,33.6,50.43688417921547,3.1,32.9,10.791443883472486,,,27014.0,1055236717.0,39063.0,,1933.0,2.5,27526.0,0,,0,0.0,0
31019,2018,54680.0,2991320.0,56952.0,14.1,34.7,50.63931751048315,3.0,33.3,10.427644349821442,,,27375.0,1091589154.0,39875.0,,1938.0,2.4,28068.0,0,,0,0.0,0
31019,2019,55453.0,3134582.0,59431.0,13.5,34.6,50.82419284873272,2.7,33.5,10.428601700459348,,,27159.0,1119127269.0,41207.0,,1910.0,2.7,28203.0,0,,0,0.0,0
31019,2020,61416.0,3072260.0,63513.0,11.9,33.8,51.22182974943711,2.8,33.8,10.347394132643473,,,26088.0,1150807780.0,44112.0,,1877.0,4.0,27871.0,0,,0,0.0,0
31019,2021,77875.0,3541303.0,65810.0,12.1,34.5,51.47590423664043,2.7,34.0,10.37853930750931,,,26659.0,1223247870.0,45886.0,,1935.0,2.1,27972.0,0,,0,0.0,0
31019,2022,68468.0,3588963.0,70093.0,11.8,35.2,51.747536716861866,2.9,34.2,10.25949558469734,,,27017.0,1310063594.0,48490.0,,1953.0,1.8,28257.0,0,,0,0.0,0
31021,2010,37054.0,275223.0,43817.0,,18.3,14.166392045338965,5.8,45.9,9.230435466406432,,,1821.0,50032275.0,27483.0,,229.0,6.0,3637.0,0,,0,0.0,0
31021,2011,43815.0,275252.0,45813.0,,18.6,14.038235425744428,4.2,46.7,9.393651851388825,,,1787.0,51422752.0,28783.0,,236.0,5.7,3639.0,0,,0,0.0,0
31021,2012,41563.0,255230.0,47786.0,8.3,17.3,13.891770717636383,3.9,47.2,10.134730148375828,,,1890.0,55820752.0,29528.0,,272.0,4.6,3670.0,0,,0,0.0,0
31021,2013,44832.0,260130.0,46817.0,9.7,18.3,13.726997921014837,3.2,47.3,10.690554580180098,,,1925.0,58194470.0,30232.0,,269.0,4.4,3645.0,0,,0,0.0,0
31021,2014,43281.0,249011.0,46988.0,9.3,16.5,13.60901246170558,2.4,47.9,10.964270995135244,,,1878.0,60688666.0,32316.0,,271.0,3.9,3584.0,0,,0,0.0,0
31021,2015,45812.0,278069.0,47429.0,9.5,17.0,13.521540483252169,3.3,47.4,11.012830318971906,,,1906.0,63742752.0,33451.0,,283.0,3.6,3624.0,0,,0,0.0,0
31021,2016,42762.0,277242.0,47137.0,10.0,17.8,13.413726184228192,2.8,47.4,11.355333339989528,,,1881.0,63446475.0,33729.0,,282.0,3.7,3566.0,0,,0,0.0,0
31021,2017,42657.0,279952.0,50174.0,12.3,19.1,13.316083045489496,3.5,46.6,11.362828543379916,,,1827.0,63741263.0,34893.0,,274.0,3.7,3537.0,0,,0,0.0,0
31021,2018,43462.0,304454.0,51482.0,11.7,18.1,13.279466868462489,2.9,46.2,11.0776805276493,,,1800.0,65333199.0,36306.0,,266.0,3.5,3507.0,0,,0,0.0,0
31021,2019,47300.0,313059.0,54203.0,12.3,21.3,13.242850691435477,3.9,45.7,11.161737932411745,,,1786.0,65329569.0,36582.0,,260.0,3.4,3543.0,0,,0,0.0,0
31021,2020,50952.0,287585.0,51961.0,12.7,22.3,13.228611067036082,4.4,45.6,11.217283958041511,,,1799.0,68742817.0,38219.0,,248.0,3.9,3596.0,0,,0,0.0,0
31021,2021,58780.0,340764.0,55769.0,13.5,23.1,13.639525942561423,4.2,45.3,11.21386564809458,,,1830.0,72526859.0,39641.0,,259.0,2.6,3590.0,0,,0,0.0,0
31021,2022,55047.0,290143.0,54950.0,14.2,23.4,13.663936727246098,2.7,44.9,11.438606038863313,,,1780.0,75108039.0,42194.0,,260.0,2.2,3569.0,0,,0,0.0,0
31023,2010,36855.0,311839.0,44595.0,,15.7,14.330826322079425,2.7,44.0,9.544018899609714,,,2506.0,78434186.0,31296.0,,224.0,4.0,4643.0,0,,0,0.0,0
31023,2011,45200.0,356769.0,48804.0,,15.5,14.293212604698637,2.6,44.1,10.04302804135049,,,2559.0,81440165.0,31825.0,,235.0,3.8,4747.0,0,,0,0.0,0
31023,2012,41593.0,307240.0,50569.0,9.3,14.1,14.267566888302646,3.1,44.4,10.95174595470734,,,2581.0,86458840.0,33496.0,,277.0,3.2,4734.0,0,,0,0.0,0
31023,2013,44737.0,324505.0,50247.0,9.4,14.1,14.248760029612251,3.9,44.4,10.856764662726295,,,2592.0,85798077.0,33103.0,,289.0,3.3,4775.0,0,,0,0.0,0
31023,2014,43535.0,316758.0,49241.0,8.9,14.0,14.211146312231469,4.1,44.5,10.935442674802053,,,2696.0,99426608.0,36874.0,,286.0,2.9,4830.0,0,,0,0.0,0
31023,2015,46039.0,316458.0,51027.0,8.5,15.2,14.115402304353104,4.2,44.7,11.299597679154886,,,2659.0,101484151.0,38165.0,,281.0,2.8,4757.0,0,,0,0.0,0
31023,2016,41666.0,250109.0,51166.0,8.7,17.4,14.028206868606736,4.5,44.1,11.486444241424394,,,2556.0,97326468.0,38073.0,,281.0,3.2,4652.0,0,,0,0.0,0
31023,2017,42796.0,260396.0,52448.0,7.8,18.7,13.8572354259668,4.4,43.5,11.489205219178912,,,2563.0,97401178.0,38008.0,,284.0,2.8,4606.0,0,,0,0.0,0
31023,2018,45146.0,287101.0,55562.0,7.5,19.9,13.792266277763623,3.1,43.9,11.22418330012852,,,2538.0,101230666.0,39890.0,,279.0,2.4,4602.0,0,,0,0.0,0
31023,2019,49070.0,307148.0,58979.0,7.2,21.4,13.72729712956045,1.8,43.3,10.865776965551245,,,2571.0,105383332.0,40989.0,,272.0,2.6,4679.0,0,,0,0.0,0
31023,2020,53515.0,337733.0,59232.0,8.0,23.7,13.672586267915667,1.5,42.9,,,,2461.0,109662462.0,44557.0,,276.0,3.4,4626.0,0,,0,0.0,0
31023,2021,63711.0,394288.0,64837.0,8.2,23.8,14.28295431814024,1.1,42.7,,,,2542.0,110826870.0,43600.0,,286.0,2.3,4674.0,0,,0,0.0,0
31023,2022,66507.0,386131.0,75690.0,7.9,25.3,14.315438892241827,0.7,43.0,,,,2596.0,127013844.0,48919.0,1.0,288.0,1.7,4706.0,0,,0,0.0,0
31025,2010,39249.0,674210.0,62039.0,,23.5,45.296736144628035,5.0,40.7,9.347238241000683,,,4800.0,144573960.0,30123.0,,605.0,5.7,13387.0,0,,0,0.0,0
31025,2011,43677.0,742992.0,63608.0,,23.7,45.26802871460688,5.4,41.2,9.669405832575949,,,4816.0,152082974.0,31580.0,,607.0,5.3,13385.0,0,,0,0.0,0
31025,2012,42245.0,665269.0,64979.0,5.6,24.3,45.23932128458573,5.6,40.9,10.505376250219213,,,5010.0,163890658.0,32713.0,,650.0,4.5,13282.0,0,,0,0.0,0
31025,2013,43933.0,683136.0,64697.0,6.4,23.6,45.253674999596306,5.7,41.5,11.003404082541005,,,5163.0,172573099.0,33424.0,,662.0,4.2,13274.0,0,,0,0.0,0
31025,2014,43253.0,663656.0,65560.0,5.8,24.5,45.42053693659426,4.4,41.5,10.961375754525468,,,5500.0,182244090.0,33137.0,,673.0,3.7,13244.0,0,,0,0.0,0
31025,2015,45643.0,684047.0,65619.0,6.2,25.1,45.50127658352876,3.8,41.5,11.00305792494729,,,5471.0,191412714.0,34987.0,,676.0,3.3,13123.0,0,,0,0.0,0
31025,2016,46555.0,686310.0,65385.0,7.0,24.9,45.68608066428993,3.5,42.0,11.347781186907536,,,5647.0,203244151.0,35990.0,,687.0,3.4,13217.0,0,,0,0.0,0
31025,2017,48298.0,715242.0,68284.0,6.3,26.8,45.77579138310604,2.8,41.9,11.356095527089092,,,5764.0,214174450.0,37155.0,,700.0,3.2,13289.0,0,,0,0.0,0
31025,2018,50352.0,741101.0,71139.0,6.4,27.4,46.114897900230915,3.0,41.6,11.068580386264546,,,5814.0,219484175.0,37749.0,,697.0,3.1,13494.0,0,,0,0.0,0
31025,2019,52919.0,756621.0,71846.0,6.8,27.7,46.44862177422683,3.2,41.7,11.151508121114606,,,5811.0,229645030.0,39518.0,,703.0,3.4,13712.0,0,,0,0.0,0
31025,2020,56807.0,770089.0,73683.0,6.4,29.4,46.689046500653994,2.7,41.3,11.217283958041511,,,5595.0,241763632.0,43215.0,,673.0,4.4,13481.0,0,,0,0.0,0
31025,2021,63252.0,852434.0,78251.0,5.8,29.8,47.62921483384678,2.8,40.8,11.21386564809458,,,5795.0,251406476.0,43383.0,,710.0,2.8,13487.0,0,,0,0.0,0
31025,2022,63577.0,810789.0,87673.0,5.6,31.3,47.99344035224017,2.2,40.8,11.438606038863313,,,5728.0,269768888.0,47101.0,3.0,725.0,2.3,13583.0,0,,0,0.0,0
31027,2010,39591.0,424674.0,40497.0,,15.1,12.03116810132875,2.9,43.3,7.958128100553541,,,2571.0,72658783.0,28265.0,,342.0,3.6,4619.0,0,,0,0.0,0
31027,2011,51825.0,479012.0,42857.0,,16.1,11.940657404855695,2.7,43.9,8.575200474122202,,,2610.0,79289058.0,30382.0,,346.0,3.3,4710.0,0,,0,0.0,0
31027,2012,45594.0,385590.0,43718.0,10.6,16.2,11.897428415495432,2.6,44.5,8.70555161878652,,,2672.0,83417603.0,31219.0,,371.0,2.8,4732.0,0,,0,0.0,0
31027,2013,45570.0,383296.0,48038.0,10.1,16.6,11.87446301489779,2.9,44.6,8.35227050111664,,,2691.0,83878509.0,31165.0,,369.0,2.9,4718.0,0,,0,0.0,0
31027,2014,44678.0,356924.0,49507.0,10.8,16.5,11.801514095352342,2.5,44.8,11.96477874864665,,,2734.0,87741479.0,32091.0,,370.0,2.3,4670.0,0,,0,0.0,0
31027,2015,46484.0,381619.0,52250.0,10.2,17.7,11.719108834384338,2.2,44.8,10.536414796472078,,,2736.0,90423483.0,33050.0,,369.0,2.4,4660.0,0,,0,0.0,0
31027,2016,44897.0,394606.0,54391.0,10.4,17.6,11.694792527869188,1.8,44.5,10.636271369422149,,,2658.0,89602919.0,33713.0,,361.0,2.5,4595.0,0,,0,0.0,0
31027,2017,44657.0,360357.0,57208.0,9.7,18.4,11.565105559788394,1.6,44.1,10.589260506904168,,,2617.0,91155782.0,34829.0,,349.0,2.3,4511.0,0,,0,0.0,0
31027,2018,48213.0,393571.0,58978.0,9.1,19.4,11.51377113492308,1.2,43.6,10.275951695353283,,,2614.0,93262166.0,35678.0,,346.0,2.4,4526.0,0,,0,0.0,0
31027,2019,51074.0,387279.0,61869.0,7.2,21.0,11.479998486985371,1.1,42.7,10.30538624556274,,,2645.0,97536066.0,36870.0,,352.0,2.6,4582.0,0,,0,0.0,0
31027,2020,56831.0,428316.0,64703.0,6.8,21.0,11.459734898222749,1.7,42.2,10.210829164096626,,,2574.0,99353032.0,38597.0,,342.0,2.7,4564.0,0,,0,0.0,0
31027,2021,69144.0,489003.0,69490.0,5.8,21.7,11.348960612987067,2.2,41.9,10.23297173733796,,,2665.0,107027782.0,40163.0,,358.0,1.9,4633.0,0,,0,0.0,0
31027,2022,65141.0,432130.0,72035.0,5.4,23.3,11.313837059131853,2.0,41.7,10.111491432005996,,,2671.0,110152352.0,41241.0,,353.0,1.8,4628.0,0,,0,0.0,0
31029,2010,39760.0,194985.0,38314.0,,14.6,4.390559681759891,4.1,44.8,9.69630014494064,,,1707.0,50556363.0,29619.0,,201.0,2.8,2289.0,0,,0,0.0,0
31029,2011,45748.0,199890.0,40465.0,,15.9,4.401740124035826,3.5,44.2,10.214674441918884,,,1769.0,55227347.0,31225.0,,209.0,2.5,2348.0,0,,0,0.0,0
31029,2012,60628.0,280504.0,43125.0,12.4,14.1,4.431927318180852,4.1,43.7,10.653898172925595,,,1798.0,57435239.0,31951.0,,221.0,2.3,2369.0,0,,0,0.0,0
31029,2013,65812.0,280728.0,45610.0,12.8,18.2,4.454288202732724,2.0,43.3,10.574659154862976,,,1843.0,60360531.0,32748.0,,226.0,2.3,2399.0,0,,0,0.0,0
31029,2014,61421.0,254081.0,48450.0,12.1,19.0,4.460996468098285,1.0,43.3,10.640608884425,,,1820.0,61585649.0,33843.0,,221.0,2.0,2349.0,0,,0,0.0,0
31029,2015,61348.0,279539.0,52422.0,8.9,18.2,4.357018354932085,0.7,44.9,10.955801660902774,,,1859.0,63225521.0,34014.0,,229.0,1.9,2348.0,0,,0,0.0,0
31029,2016,66169.0,358664.0,53496.0,9.8,18.5,4.540377608257428,1.5,43.3,11.37223819447985,,,1824.0,63208132.0,34661.0,,232.0,2.0,2304.0,0,,0,0.0,0
31029,2017,54407.0,326509.0,54568.0,8.0,19.4,4.25192219753829,2.3,44.4,11.625948097645608,,,1853.0,65919246.0,35574.0,,232.0,1.9,2325.0,0,,0,0.0,0
31029,2018,52428.0,312228.0,55833.0,8.4,20.8,4.174777145834335,2.5,45.6,11.446707547088248,,,1846.0,67837091.0,36755.0,,234.0,2.3,2304.0,0,,0,0.0,0
31029,2019,59803.0,332087.0,57009.0,9.7,21.0,4.229561312986419,2.5,43.5,11.335769599530613,,,1831.0,71909944.0,39270.0,,233.0,2.3,2303.0,0,,0,0.0,0
31029,2020,70943.0,343707.0,56135.0,8.9,22.2,4.144589951689309,3.5,44.2,11.35921631885436,,,1813.0,76454018.0,42174.0,,238.0,1.8,2289.0,0,,0,0.0,0
31029,2021,74955.0,346072.0,55690.0,8.1,22.4,4.130055376730593,3.1,43.0,10.864276654381838,,,1763.0,74588866.0,42316.0,,240.0,1.7,2239.0,0,,0,0.0,0
31029,2022,73936.0,323192.0,57313.0,8.2,24.4,4.141235819006528,2.6,43.2,10.796457297501329,,,1796.0,83592131.0,46554.0,,234.0,1.7,2280.0,0,,0,0.0,0
31031,2010,33266.0,170814.0,43431.0,,22.6,0.9702658726470256,1.7,43.9,10.613301892833384,,,2250.0,53102936.0,23600.0,,303.0,3.0,3378.0,0,,0,0.0,0
31031,2011,41198.0,212014.0,41929.0,,22.9,0.9647291661283758,1.6,46.2,10.815971490398091,,,2237.0,53706093.0,24006.0,,299.0,3.0,3454.0,0,,0,0.0,0
31031,2012,40565.0,214576.0,45172.0,11.1,21.0,0.960031354536794,1.1,47.1,11.610783563041991,,,2284.0,57500705.0,25177.0,,315.0,2.8,3476.0,0,,0,0.0,0
31031,2013,42128.0,255165.0,45464.0,13.0,21.3,0.9622124813471712,1.8,45.1,12.338214574373302,,,2272.0,58120473.0,25584.0,,324.0,2.7,3480.0,0,,0,0.0,0
31031,2014,57005.0,331334.0,46817.0,11.4,20.4,0.964561387142962,4.0,44.4,12.21187383681294,,,2270.0,62922266.0,27721.0,,335.0,2.4,3417.0,0,,0,0.0,0
31031,2015,51610.0,382907.0,48750.0,11.4,19.7,0.9680847458366484,2.6,43.9,10.931841169042032,,,2342.0,67202057.0,28695.0,,336.0,2.3,3463.0,0,,0,0.0,0
31031,2016,44958.0,386494.0,53059.0,8.0,19.1,0.9699303146761984,2.3,43.7,11.074848161785944,,,2389.0,69391939.0,29045.0,,341.0,2.3,3491.0,0,,0,0.0,0
31031,2017,44213.0,300532.0,53226.0,9.0,20.1,0.9717758835157484,2.6,43.8,11.064566652908358,,,2317.0,68956511.0,29768.0,,338.0,2.3,3423.0,0,,0,0.0,0
31031,2018,44328.0,282198.0,53684.0,10.5,21.2,0.971440325544921,1.6,43.6,10.7721822087067,,,2293.0,72164845.0,31466.0,,332.0,2.2,3376.0,0,,0,0.0,0
31031,2019,47161.0,272850.0,56651.0,7.8,22.9,0.9695947567053712,0.3,43.1,10.812405616522629,,,2289.0,72772350.0,31792.0,,326.0,2.4,3411.0,0,,0,0.0,0
31031,2020,54389.0,300217.0,55431.0,9.8,23.9,0.973285894384471,0.1,42.1,10.362184555282871,,,2183.0,73143337.0,33505.0,,311.0,2.5,3399.0,0,,0,0.0,0
31031,2021,57997.0,281116.0,57719.0,7.8,25.8,0.9236233147020364,0.2,41.8,10.39616467361228,,,2278.0,80071892.0,35146.0,,319.0,1.6,3447.0,0,,0,0.0,0
31031,2022,56904.0,257638.0,62373.0,9.8,25.9,0.9182543871688,0.4,41.5,10.272466555458914,,,2215.0,82301027.0,37165.0,,320.0,1.6,3395.0,0,,0,0.0,0
31033,2010,40452.0,659470.0,49493.0,,27.1,8.402117711587213,3.5,41.3,10.78997267785276,,,5378.0,219550366.0,40821.0,,353.0,3.7,5549.0,0,,0,0.0,0
31033,2011,45497.0,734846.0,50143.0,,26.3,8.40797051524739,3.8,40.3,10.77787024304905,,,5532.0,237571546.0,42946.0,,354.0,3.0,5685.0,0,,0,0.0,0
31033,2012,46142.0,745941.0,50694.0,12.3,25.3,8.392920448692651,3.8,40.3,11.649117313136925,,,5685.0,282478039.0,49685.0,,390.0,2.7,5778.0,0,,0,0.0,0
31033,2013,48568.0,775656.0,51529.0,14.0,25.3,8.379542611755104,2.4,39.9,11.708640224495888,,,5751.0,298353522.0,51877.0,,399.0,2.8,5801.0,0,,0,0.0,0
31033,2014,48835.0,771409.0,54094.0,13.5,23.8,8.39793713754423,2.6,39.8,11.920822250876215,,,5779.0,303941845.0,52591.0,,410.0,2.2,5751.0,0,,0,0.0,0
31033,2015,48069.0,733462.0,53814.0,11.6,23.4,8.425528926227917,1.6,39.9,12.540406812709143,,,5849.0,293857185.0,50242.0,,424.0,2.2,5770.0,0,,0,0.0,0
31033,2016,46132.0,764191.0,54215.0,10.0,24.4,8.436398418739675,2.4,40.5,12.864257469504972,,,5485.0,277776073.0,50643.0,,419.0,2.8,5483.0,0,,0,0.0,0
31033,2017,46894.0,743319.0,58770.0,10.9,26.3,8.371181463669139,2.5,40.7,13.352024084968368,,,5068.0,316473868.0,62442.0,,408.0,2.9,5147.0,0,,0,0.0,0
31033,2018,46593.0,610001.0,56538.0,10.0,26.2,8.237403094293683,2.8,41.0,13.645251396724571,,,4582.0,221339358.0,48310.0,,386.0,2.9,4756.0,0,,0,0.0,0
31033,2019,48167.0,547744.0,53871.0,9.6,25.4,8.030046621761727,2.4,40.4,13.573904675715298,,,4166.0,168897088.0,40543.0,,380.0,3.7,4443.0,0,,0,0.0,0
31033,2020,49614.0,519988.0,52270.0,11.0,25.5,7.882890415448726,2.7,41.0,14.696327294752493,,,3855.0,162993564.0,42280.0,,370.0,4.5,4290.0,0,,0,0.0,0
31033,2021,54364.0,527727.0,53674.0,11.6,22.6,8.005799292312426,2.8,41.4,14.661879114302812,,,3854.0,163568420.0,42440.0,,386.0,2.9,4239.0,0,,0,0.0,0
31033,2022,51118.0,536663.0,54038.0,11.7,23.8,7.933893418773119,2.6,41.4,14.25413254283274,,,3871.0,172106844.0,44461.0,,389.0,2.3,4228.0,0,,0,0.0,0
31035,2010,38421.0,313283.0,42909.0,,16.4,11.452255765880526,4.6,43.1,8.503978090980661,,,2435.0,80650911.0,33124.0,,248.0,4.3,3428.0,0,,0,0.0,0
31035,2011,48983.0,381223.0,45590.0,,16.8,11.410318912297807,4.6,43.4,8.729108040872788,,,2465.0,84255920.0,34187.0,,255.0,4.2,3485.0,0,,0,0.0,0
31035,2012,46870.0,341608.0,45711.0,8.7,17.9,11.352655738621571,4.2,43.8,9.2562863801014,,,2468.0,87570710.0,35478.0,,275.0,3.6,3479.0,0,,0,0.0,0
31035,2013,54822.0,396489.0,46784.0,9.0,17.6,11.303729409441733,4.2,43.7,9.313718936403228,,,2529.0,91789294.0,36289.0,,279.0,3.4,3492.0,0,,0,0.0,0
31035,2014,51319.0,344888.0,50682.0,10.1,17.5,11.226845177873418,3.7,43.8,9.444691060111154,,,2586.0,94409860.0,36503.0,,294.0,3.2,3463.0,0,,0,0.0,0
31035,2015,51160.0,320311.0,51470.0,9.3,19.0,11.15170831520438,2.8,43.2,9.681749545657755,,,2514.0,94127254.0,37445.0,,295.0,2.9,3387.0,0,,0,0.0,0
31035,2016,50422.0,334053.0,51613.0,9.9,18.6,11.031139861154069,2.8,43.6,9.992336734944816,,,2420.0,97519731.0,40296.0,,291.0,3.1,3340.0,0,,0,0.0,0
31035,2017,47359.0,279918.0,54167.0,11.1,17.8,10.945518785089352,3.0,43.5,10.26721575872255,,,2369.0,96788554.0,40852.0,,293.0,3.1,3308.0,0,,0,0.0,0
31035,2018,48508.0,287227.0,56316.0,11.4,18.4,10.889602980312397,3.6,42.5,9.769144969071174,,,2341.0,98573181.0,42104.0,,291.0,3.2,3290.0,0,,0,0.0,0
31035,2019,53417.0,324249.0,57173.0,10.5,19.9,10.838929282233275,3.5,42.5,9.676323148583633,,,2359.0,101884757.0,43194.0,,290.0,3.3,3339.0,0,,0,0.0,0
31035,2020,58850.0,338816.0,63686.0,9.3,19.9,10.82145559324048,3.3,41.9,9.914724958494538,,,2253.0,106081093.0,47091.0,,284.0,3.3,3303.0,0,,0,0.0,0
31035,2021,68768.0,383578.0,70690.0,8.9,20.0,10.665939761204566,3.0,40.5,9.792850506808264,,,2248.0,107448281.0,47803.0,,289.0,2.4,3246.0,0,,0,0.0,0
31035,2022,63435.0,320102.0,73933.0,8.7,21.6,10.637981858816088,2.2,39.5,9.751611249244691,,,2054.0,100247670.0,48816.0,,285.0,2.2,3103.0,0,,0,0.0,0
31037,2010,32943.0,785114.0,48133.0,,12.7,24.780940951834943,6.4,35.3,9.119418091322292,,,4776.0,152291951.0,31886.0,,289.0,4.0,5650.0,0,,0,0.0,0
31037,2011,38336.0,524527.0,46685.0,,12.7,25.07488211987455,7.5,35.2,9.323786182940522,,,4771.0,154891926.0,32466.0,,292.0,3.9,5686.0,0,,0,0.0,0
31037,2012,36347.0,497377.0,48561.0,17.1,12.4,25.39311594642983,7.9,34.4,10.085153065482396,,,4772.0,159236515.0,33372.0,,318.0,3.4,5653.0,0,,0,0.0,0
31037,2013,39094.0,521135.0,51765.0,15.5,14.4,25.495145112195644,7.7,34.8,10.921643096639473,,,4803.0,168492183.0,35078.0,,320.0,3.4,5607.0,0,,0,0.0,0
31037,2014,38556.0,547715.0,52086.0,13.6,14.1,25.536442631672283,7.6,34.9,10.619287955095654,,,4970.0,173259951.0,34863.0,,327.0,3.0,5625.0,0,,0,0.0,0
31037,2015,39983.0,611718.0,51367.0,13.3,13.4,25.560735290187953,6.4,34.2,11.023123277038176,,,5077.0,185708955.0,36577.0,,336.0,2.6,5572.0,0,,0,0.0,0
31037,2016,40811.0,661140.0,52712.0,12.0,13.9,25.50486217560191,5.4,33.9,11.394078181236752,,,5153.0,214105473.0,41553.0,,338.0,2.8,5582.0,0,,0,0.0,0
31037,2017,40071.0,640467.0,54876.0,8.2,14.4,25.78908628023525,3.5,33.7,11.40986355358602,,,5187.0,213104213.0,41081.0,,329.0,2.4,5651.0,0,,0,0.0,0
31037,2018,41408.0,680228.0,56528.0,12.4,14.5,26.138900562860897,3.2,34.3,11.136680734607834,,,5110.0,221725597.0,43393.0,,320.0,2.5,5659.0,0,,0,0.0,0
31037,2019,44108.0,681061.0,58872.0,12.7,15.4,26.027154333688816,2.1,33.7,11.222936276560327,,,5053.0,230096852.0,45537.0,,311.0,2.7,5658.0,0,,0,0.0,0
31037,2020,50180.0,716312.0,64269.0,11.8,14.9,25.946988560587105,1.7,36.0,11.313083104946122,,,4999.0,256231236.0,51259.0,,318.0,2.9,5676.0,0,,0,0.0,0
31037,2021,58522.0,846133.0,70381.0,9.6,15.1,25.769652153422715,1.0,36.0,11.302841044021203,,,4851.0,259798232.0,53554.0,,324.0,2.0,5688.0,0,,0,0.0,0
31037,2022,56331.0,760084.0,71205.0,10.2,12.8,25.6603351901022,1.7,36.4,11.576680382066334,,,4921.0,269388978.0,54746.0,,329.0,1.8,5755.0,0,,0,0.0,0
31039,2010,48180.0,630869.0,44278.0,,15.7,16.20095281163566,2.8,43.4,9.37391240594884,,,3758.0,111530782.0,29681.0,,427.0,3.7,4856.0,0,,0,0.0,0
31039,2011,61146.0,663090.0,46847.0,,17.6,16.11506655308647,2.2,43.1,10.051186310950548,,,3772.0,121282795.0,32151.0,,426.0,3.4,4925.0,0,,0,0.0,0
31039,2012,53103.0,531734.0,47325.0,11.7,18.1,16.020416390603692,2.5,43.4,10.830286127240337,,,3792.0,124373338.0,32801.0,,458.0,3.0,4905.0,0,,0,0.0,0
31039,2013,64411.0,605618.0,47500.0,11.6,17.5,15.941541255201376,2.5,43.5,10.625593398238788,,,3825.0,129437962.0,33844.0,,462.0,3.0,4945.0,0,,0,0.0,0
31039,2014,70437.0,721385.0,49872.0,11.8,18.1,15.917002324187322,2.7,43.8,10.7325841952798,,,3878.0,134376129.0,34652.0,,460.0,2.6,4952.0,0,,0,0.0,0
31039,2015,75922.0,876904.0,50013.0,12.0,18.8,15.911743981827168,3.3,43.6,11.56188036584602,,,3813.0,138862289.0,36415.0,,460.0,2.6,4858.0,0,,0,0.0,0
31039,2016,72656.0,1031819.0,49181.0,12.4,20.0,15.87143002373265,2.5,44.0,12.005446124149383,,,3723.0,138980904.0,37327.0,,458.0,2.9,4742.0,0,,0,0.0,0
31039,2017,59030.0,830936.0,50734.0,8.0,21.2,15.84338553114516,2.6,44.0,12.236927772925222,,,3709.0,140986336.0,38008.0,,451.0,2.7,4774.0,0,,0,0.0,0
31039,2018,56541.0,855544.0,55190.0,7.0,23.2,15.75925205338269,3.5,43.6,12.051894693833848,,,3698.0,147699987.0,39940.0,,437.0,2.5,4747.0,0,,0,0.0,0
31039,2019,65568.0,824965.0,56768.0,6.9,23.8,15.690893602700683,2.9,42.6,12.100534843102905,,,3721.0,153509916.0,41251.0,,432.0,2.6,4807.0,0,,0,0.0,0
31039,2020,74897.0,792223.0,59202.0,4.9,23.1,15.568198947630414,2.9,40.9,,,,3714.0,162152366.0,43661.0,,420.0,2.6,4891.0,0,,0,0.0,0
31039,2021,78069.0,765708.0,63125.0,5.8,23.6,15.836374407998289,3.0,42.3,,,,3764.0,168162884.0,44678.0,,434.0,1.8,4907.0,0,,0,0.0,0
31039,2022,74820.0,682666.0,68917.0,7.7,24.0,15.775027080463154,2.6,41.8,,,,3735.0,180205117.0,48249.0,,426.0,1.8,4858.0,0,,0,0.0,0
31041,2010,36875.0,519234.0,42364.0,,18.0,4.271247719943438,3.2,44.7,8.728731161263562,,,3893.0,114429308.0,29395.0,,446.0,3.7,5977.0,0,,0,0.0,0
31041,2011,45156.0,605500.0,43657.0,,19.1,4.2561055818580105,4.1,44.8,9.35761417252654,,,3910.0,118305113.0,30259.0,,449.0,3.4,6050.0,0,,0,0.0,0
31041,2012,42895.0,563225.0,44306.0,8.4,19.6,4.233586504705322,3.2,44.7,10.117619658111016,,,4085.0,129156598.0,31618.0,,489.0,2.8,6098.0,0,,0,0.0,0
31041,2013,50051.0,662626.0,44873.0,9.6,21.0,4.221162186276253,2.6,44.8,10.353234284684204,,,4161.0,138655524.0,33323.0,,503.0,2.7,6143.0,0,,0,0.0,0
31041,2014,53523.0,685341.0,44336.0,11.5,20.3,4.200972668829015,2.1,44.2,10.621956321337391,,,4233.0,147108502.0,34757.0,,510.0,2.4,6138.0,0,,0,0.0,0
31041,2015,55088.0,769924.0,46468.0,11.3,21.0,4.193983989712664,2.3,43.8,11.101111687213532,,,4440.0,159407353.0,35899.0,,513.0,2.2,6309.0,0,,0,0.0,0
31041,2016,51165.0,873063.0,47083.0,10.9,21.4,4.186995310596313,2.3,43.7,11.443048944533183,,,4501.0,160510729.0,35660.0,,526.0,2.3,6387.0,0,,0,0.0,0
31041,2017,44389.0,662673.0,48836.0,11.9,21.7,4.20718482804355,2.5,43.5,12.138537558829494,,,4569.0,167665354.0,36693.0,,523.0,2.2,6444.0,0,,0,0.0,0
31041,2018,45667.0,651421.0,49891.0,11.2,20.9,4.2048552683380995,2.9,43.2,11.175408459222956,,,4579.0,171639978.0,37481.0,,507.0,2.2,6500.0,0,,0,0.0,0
31041,2019,49462.0,650276.0,52184.0,11.5,24.0,4.203302228534466,2.6,43.1,11.425066605755587,,,4508.0,176097031.0,39064.0,,505.0,2.4,6494.0,0,,0,0.0,0
31041,2020,57341.0,698288.0,53891.0,12.2,24.7,4.188548350399946,1.9,43.6,11.10517643276264,,,4387.0,180640498.0,41180.0,,492.0,2.7,6428.0,0,,0,0.0,0
31041,2021,62109.0,710761.0,57715.0,12.0,23.5,4.125261978401875,1.9,42.7,11.290099126214772,,,4467.0,192546109.0,43103.0,,506.0,1.7,6377.0,0,,0,0.0,0
31041,2022,58600.0,648978.0,62288.0,11.3,25.8,4.102354641298279,1.6,42.1,11.243245130480997,,,4457.0,203290230.0,45611.0,,500.0,1.6,6362.0,0,,0,0.0,0
31043,2010,29642.0,1214540.0,43729.0,,10.8,78.22882138370491,5.1,33.0,9.734128139667591,,,11511.0,403615584.0,35062.0,,497.0,7.5,11290.0,0,,0,0.0,0
31043,2011,31068.0,1246728.0,43294.0,,10.8,78.71316351087499,4.9,33.0,10.79476690071485,,,11685.0,408287475.0,34940.0,,496.0,5.9,11018.0,0,,0,0.0,0
31043,2012,31007.0,1202886.0,44928.0,16.0,10.4,78.96668634306558,5.2,32.8,11.97985371311186,,,11771.0,414004126.0,35171.0,,548.0,5.6,11167.0,0,,0,0.0,0
31043,2013,32078.0,1204455.0,47069.0,16.9,11.1,79.15966640935991,6.9,32.6,12.20654968994958,,,11857.0,431909671.0,36425.0,,563.0,4.6,11174.0,0,,0,0.0,0
31043,2014,34573.0,1247561.0,48508.0,16.7,11.9,79.09155579772661,7.2,32.6,11.969501378074389,,,12102.0,468728743.0,38732.0,,569.0,3.7,11054.0,0,,0,0.0,0
31043,2015,37208.0,1304373.0,49786.0,17.2,11.2,78.69802781940092,7.4,33.7,10.609126638692976,,,12494.0,485381036.0,38851.0,,566.0,3.5,11038.0,0,,0,0.0,0
31043,2016,36730.0,1330602.0,52336.0,16.0,13.0,78.31585160968079,6.8,34.1,10.7434155663239,,,12469.0,515750270.0,41363.0,,571.0,4.1,10969.0,0,,0,0.0,0
31043,2017,37224.0,1463664.0,52401.0,16.8,12.6,77.68015256777005,7.3,33.8,10.871379702331872,,,12703.0,555358736.0,43718.0,,559.0,4.1,10733.0,0,,0,0.0,0
31043,2018,38861.0,1520634.0,55017.0,16.6,12.5,76.87796091964461,5.4,33.8,10.542182384301684,,,12761.0,590795668.0,46297.0,,525.0,3.6,10810.0,0,,0,0.0,0
31043,2019,40759.0,1549109.0,59231.0,16.2,13.0,76.33307602657827,3.8,33.4,10.531897794154093,,,12479.0,622285750.0,49866.0,,511.0,4.0,10880.0,0,,0,0.0,0
31043,2020,42760.0,1489350.0,61227.0,14.1,14.7,76.14766380602097,4.1,33.0,10.447878122852169,,,12018.0,635682466.0,52895.0,,502.0,4.8,10723.0,0,,0,0.0,0
31043,2021,50131.0,1731595.0,63053.0,11.8,13.8,80.53701433349983,2.1,32.2,10.406981213549711,,,12291.0,716218360.0,58271.0,,526.0,3.2,10775.0,0,,0,0.0,0
31043,2022,58561.0,1826213.0,66112.0,11.2,14.3,80.62782848234421,3.0,31.7,10.316162116844083,,,13183.0,780918286.0,59235.0,,530.0,2.6,10971.0,0,,0,0.0,0
31045,2010,27945.0,272448.0,34937.0,,36.5,6.551889836012979,4.4,32.9,10.020557007256404,,,3370.0,89839274.0,26656.0,,321.0,4.0,5490.0,0,,0,0.0,0
31045,2011,31391.0,300015.0,36396.0,,37.2,6.574089921805569,5.6,33.0,11.112920422679858,,,3298.0,91996977.0,27899.0,,326.0,3.9,5476.0,0,,0,0.0,0
31045,2012,32453.0,287137.0,36974.0,24.0,36.1,6.571225394606524,5.6,34.9,12.31319353570717,,,3367.0,94762183.0,28147.0,,385.0,3.6,5405.0,0,,0,0.0,0
31045,2013,33035.0,278379.0,40359.0,19.3,40.6,6.568360867407481,4.3,34.7,12.509635695912962,,,3353.0,95804482.0,28571.0,,387.0,3.5,5411.0,0,,0,0.0,0
31045,2014,37157.0,311484.0,41267.0,16.9,39.1,6.5461607816148915,3.1,34.7,12.356305584962314,,,3334.0,98514852.0,29551.0,,378.0,2.9,5288.0,0,,0,0.0,0
31045,2015,36042.0,316714.0,41038.0,17.8,33.2,6.542580122616086,2.6,33.7,10.77213837710297,,,3350.0,101239985.0,30224.0,,379.0,2.6,5271.0,0,,0,0.0,0
31045,2016,35586.0,316092.0,42685.0,16.0,34.7,6.503909005428995,1.9,34.1,10.88073081798829,,,3309.0,104217005.0,31496.0,,374.0,2.9,5243.0,0,,0,0.0,0
31045,2017,36032.0,284043.0,46146.0,14.3,37.0,6.42513450745529,1.0,34.0,10.84358953370989,,,3331.0,105378833.0,31641.0,,364.0,2.8,5210.0,0,,0,0.0,0
31045,2018,37567.0,272722.0,51748.0,14.4,37.0,6.370708490673457,1.2,34.9,10.51894395051241,,,3161.0,106531622.0,33705.0,,347.0,2.7,5082.0,0,,0,0.0,0
31045,2019,38974.0,276073.0,50750.0,14.7,36.9,6.309121155894015,2.2,34.9,10.59977073087334,,,3043.0,105061093.0,34527.0,,328.0,2.9,5052.0,0,,0,0.0,0
31045,2020,44392.0,293403.0,49379.0,13.1,38.2,6.219604680923895,1.8,34.3,10.362184555282871,,,2936.0,108713749.0,37025.0,,328.0,2.8,4986.0,0,,0,0.0,0
31045,2021,48376.0,288859.0,51925.0,13.9,36.4,6.003332877396087,2.3,34.3,10.39616467361228,,,3094.0,113050328.0,36541.0,,339.0,2.0,4995.0,0,,0,0.0,0
31045,2022,46199.0,267592.0,53760.0,13.0,36.0,5.928855170220948,1.5,35.3,10.272466555458914,,,3075.0,117403510.0,38175.0,,329.0,2.0,5024.0,0,,0,0.0,0
31047,2010,30354.0,1162787.0,41830.0,,14.7,23.932465927453386,4.8,36.0,8.677346107011262,,,11156.0,342453782.0,30696.0,,782.0,5.0,13192.0,0,,0,0.0,0
31047,2011,34923.0,1231311.0,45038.0,,15.4,23.94825967687963,5.2,36.1,9.264334522521676,,,10990.0,347102211.0,31585.0,,777.0,5.0,13194.0,0,,0,0.0,0
31047,2012,36612.0,1220127.0,45208.0,13.0,15.3,23.95418233291447,5.8,36.5,9.926006448859464,,,11235.0,360764325.0,32111.0,,859.0,4.2,13248.0,0,,0,0.0,0
31047,2013,39357.0,1318633.0,46078.0,14.8,16.0,23.943324130183928,6.4,36.7,9.924350286674091,,,11357.0,369154957.0,32504.0,,889.0,3.7,13230.0,0,,0,0.0,0
31047,2014,41158.0,1402701.0,48104.0,13.9,15.1,23.89298155388778,5.8,36.3,10.037973552628484,,,11557.0,385433044.0,33352.0,,894.0,3.4,13340.0,0,,0,0.0,0
31047,2015,42856.0,1478606.0,48329.0,15.3,14.9,23.75873468376472,4.8,36.2,10.36698514472628,,,11453.0,395452235.0,34528.0,,904.0,3.2,13115.0,0,,0,0.0,0
31047,2016,42230.0,1523193.0,49943.0,15.2,15.2,23.615603829589393,4.7,36.3,10.429777449692551,,,11436.0,409213761.0,35783.0,,906.0,2.9,13037.0,0,,0,0.0,0
31047,2017,40358.0,1447853.0,51238.0,13.7,15.8,23.616590938928532,4.2,35.8,10.737251343562445,,,11419.0,429431454.0,37608.0,,877.0,2.9,13060.0,0,,0,0.0,0
31047,2018,41064.0,1484826.0,53769.0,13.1,15.6,23.497150708892573,3.7,35.9,10.333446727526296,,,11418.0,450670718.0,39472.0,,847.0,2.9,13097.0,0,,0,0.0,0
31047,2019,44297.0,1508393.0,53721.0,12.7,15.8,23.42706594581362,3.5,35.7,10.274842809938004,,,11435.0,466506302.0,40796.0,,835.0,3.0,13249.0,0,,0,0.0,0
31047,2020,48871.0,1550094.0,56731.0,11.8,16.7,23.333290558595305,3.7,35.9,10.273654294770411,,,11354.0,495718231.0,43659.0,,813.0,3.4,13453.0,0,,0,0.0,0
31047,2021,53289.0,1686220.0,58402.0,12.2,16.1,23.72122452887739,3.4,36.0,10.292648867299416,,,11558.0,510138609.0,44136.0,,827.0,2.2,13489.0,0,,0,0.0,0
31047,2022,51698.0,1586075.0,67462.0,14.2,16.0,23.727147184912234,2.1,35.9,10.187012244654568,,,11717.0,574635368.0,49043.0,,819.0,2.3,13640.0,0,,0,0.0,0
31049,2010,31723.0,54317.0,37148.0,,18.2,4.462874928100653,1.6,49.3,11.380348689789134,,,530.0,13398374.0,25288.0,,70.0,4.0,1030.0,0,,0,0.0,0
31049,2011,40205.0,97069.0,37500.0,,18.1,4.471968916746808,2.9,49.9,11.280710329348455,,,542.0,13931574.0,25700.0,,74.0,3.5,1069.0,0,,0,0.0,0
31049,2012,35359.0,72922.0,40093.0,12.7,17.3,4.460601430939113,4.3,49.1,12.569231736062765,,,663.0,17026572.0,25694.0,,87.0,3.2,1190.0,0,,0,0.0,0
31049,2013,41023.0,77924.0,44922.0,13.5,21.8,4.437866459323725,3.3,49.0,12.439704863345542,,,618.0,17232269.0,27888.0,,86.0,3.3,1130.0,0,,0,0.0,0
31049,2014,43110.0,74820.0,50764.0,14.3,18.5,4.435592962162187,3.0,47.3,12.26268736414204,,,587.0,16820791.0,28672.0,,88.0,2.7,1092.0,0,,0,0.0,0
31049,2015,47542.0,80023.0,50962.0,12.9,17.3,4.424225476354493,4.3,47.1,10.794352819824544,,,582.0,16925643.0,29103.0,,86.0,2.5,1079.0,0,,0,0.0,0
31049,2016,45625.0,85884.0,51786.0,10.5,17.8,4.3923965160929495,4.7,47.4,10.89818746749887,,,592.0,17873139.0,30217.0,,85.0,2.6,1067.0,0,,0,0.0,0
31049,2017,41676.0,66730.0,53438.0,11.1,18.1,4.321918104085247,4.1,46.1,10.89755493740522,,,580.0,17221391.0,29709.0,,86.0,2.6,1045.0,0,,0,0.0,0
31049,2018,39767.0,91251.0,48500.0,10.2,15.8,4.306003623954475,4.8,47.0,10.582489071594535,,,525.0,16599567.0,31598.0,,82.0,3.0,972.0,0,,0,0.0,0
31049,2019,39959.0,81873.0,47287.0,8.8,15.9,4.1627733027775315,4.9,48.7,10.621288184778546,,,525.0,17381845.0,33140.0,,82.0,3.1,968.0,0,,0,0.0,0
31049,2020,44119.0,74534.0,48958.0,8.2,20.7,4.0240899759236655,4.1,50.1,10.39054031875743,,,512.0,17520611.0,34192.0,,79.0,3.1,966.0,0,,0,0.0,0
31049,2021,48500.0,81023.0,50924.0,8.1,19.5,4.2696276693698545,4.4,47.8,10.423787464567535,,,529.0,18046225.0,34135.0,,85.0,2.2,972.0,0,,0,0.0,0
31049,2022,47152.0,100107.0,58875.0,7.1,20.8,4.224157726139079,3.8,51.0,10.299611230589734,,,574.0,19988178.0,34823.0,,85.0,2.3,1022.0,0,,0,0.0,0
31051,2010,34796.0,269780.0,42388.0,,13.0,12.602129759929428,4.5,40.1,8.007068943779112,,,1857.0,54300764.0,29237.0,,135.0,4.9,3111.0,0,,0,0.0,0
31051,2011,37127.0,238723.0,44840.0,,15.1,12.593728340089475,4.9,40.4,8.813627176017356,,,1835.0,52354078.0,28536.0,,135.0,4.6,3162.0,0,,0,0.0,0
31051,2012,35852.0,207933.0,45814.0,10.9,16.3,12.56432337064964,5.1,41.0,9.251740162161532,,,1791.0,52236933.0,29165.0,,143.0,4.0,3134.0,0,,0,0.0,0
31051,2013,40186.0,208284.0,47325.0,11.2,16.5,12.50341307680998,5.8,41.0,9.085814400695906,,,1766.0,53919408.0,30529.0,,149.0,3.7,3112.0,0,,0,0.0,0
31051,2014,39832.0,196732.0,49634.0,11.0,16.6,12.392094263930604,5.2,41.8,9.1707093805136,,,1742.0,60102645.0,34509.0,,148.0,3.0,3059.0,0,,0,0.0,0
31051,2015,40387.0,195673.0,51223.0,11.9,18.3,12.320682195291004,4.5,41.9,9.476326589076386,,,1687.0,54725781.0,32446.0,,148.0,3.3,3094.0,0,,0,0.0,0
31051,2016,40387.0,184793.0,52813.0,11.9,19.0,12.200961962571672,3.4,42.4,9.619791078560212,,,1714.0,58300993.0,34013.0,,154.0,3.3,3086.0,0,,0,0.0,0
31051,2017,38094.0,175300.0,57036.0,10.3,18.8,12.108546344332192,3.3,42.2,9.583747506242045,,,1729.0,59776918.0,34573.0,,150.0,3.2,3043.0,0,,0,0.0,0
31051,2018,40327.0,196917.0,56775.0,12.5,20.5,12.068639600092416,3.3,42.0,9.48353885147419,,,1702.0,61969887.0,36406.0,,146.0,3.1,3048.0,0,,0,0.0,0
31051,2019,45330.0,263283.0,56905.0,9.5,21.2,12.011930016172732,2.5,40.8,9.227636969279748,,,1746.0,66957052.0,38343.0,,149.0,3.1,3032.0,0,,0,0.0,0
31051,2020,50722.0,287899.0,57243.0,10.1,22.5,11.934216882653168,1.9,41.4,9.125281486065091,,,1723.0,72538539.0,42102.0,,150.0,3.3,2958.0,0,,0,0.0,0
31051,2021,58745.0,361273.0,58849.0,10.8,21.2,11.829199134653756,2.5,42.0,8.545884875600532,,,1775.0,77826604.0,43840.0,,159.0,2.3,2972.0,0,,0,0.0,0
31051,2022,57884.0,339610.0,60568.0,9.4,22.2,11.71788032177438,2.9,41.4,8.576892128515416,,,1837.0,88061596.0,47949.0,,157.0,2.0,3029.0,0,,0,0.0,0
31053,2010,36452.0,1723541.0,42849.0,,17.3,69.21807634949826,7.6,40.1,9.122561734038689,,,15946.0,517603250.0,32460.0,,1093.0,5.4,18827.0,0,,0,0.0,0
31053,2011,39910.0,1814781.0,44744.0,,17.3,69.27477994280497,6.6,40.0,9.29975592264479,,,16201.0,516551417.0,31884.0,,1097.0,4.9,19138.0,0,,0,0.0,0
31053,2012,39400.0,1769864.0,46475.0,11.7,17.5,69.15948263641467,6.4,40.2,10.0453140029358,,,16474.0,530825006.0,32223.0,,1187.0,4.4,19229.0,0,,0,0.0,0
31053,2013,40618.0,1829057.0,48626.0,10.7,18.7,69.32014281745035,6.7,40.1,10.593398249091132,,,16613.0,552566420.0,33260.0,,1206.0,4.1,19192.0,0,,0,0.0,0
31053,2014,40922.0,1831738.0,47991.0,12.0,18.6,69.446780842502,6.8,39.8,10.611548971953637,,,16832.0,578929308.0,34394.0,,1200.0,3.6,19232.0,0,,0,0.0,0
31053,2015,44473.0,1874541.0,49068.0,11.4,18.9,69.41464880629485,5.1,39.4,11.016088449385904,,,16964.0,603358919.0,35568.0,,1188.0,3.2,19171.0,0,,0,0.0,0
31053,2016,42602.0,1875750.0,49830.0,11.8,18.9,69.3277032965579,4.3,39.1,11.410062542367632,,,17096.0,623803644.0,36489.0,,1214.0,3.1,19237.0,0,,0,0.0,0
31053,2017,43853.0,1962272.0,51748.0,13.2,19.0,69.1330209595382,4.4,39.1,11.434596331560988,,,17387.0,652866921.0,37550.0,,1207.0,2.8,19536.0,0,,0,0.0,0
31053,2018,45123.0,2050265.0,53101.0,13.7,18.6,69.33526377566547,4.6,39.0,11.1786994168681,,,17314.0,689408539.0,39819.0,,1179.0,2.9,19647.0,0,,0,0.0,0
31053,2019,47397.0,2015181.0,54085.0,12.5,19.0,69.30124161968143,4.5,38.9,11.277874921334304,,,17378.0,719550361.0,41406.0,,1176.0,3.0,19900.0,0,,0,0.0,0
31053,2020,50513.0,2109527.0,58439.0,11.2,19.7,69.11222964199241,4.5,39.2,11.373511207717296,,,17535.0,792605421.0,45202.0,,1145.0,3.5,20310.0,0,,0,0.0,0
31053,2021,57160.0,2320087.0,60962.0,11.0,19.7,70.40507156938536,4.8,39.2,11.362080861457423,,,17799.0,827509938.0,46493.0,,1167.0,2.4,20380.0,0,,0,0.0,0
31053,2022,61682.0,2321044.0,66793.0,9.1,21.7,70.26520270589548,4.1,39.4,11.668070148225832,,,18357.0,913512097.0,49765.0,14.0,1154.0,2.0,20685.0,0,,0,0.0,0
31055,2010,49643.0,38500524.0,51878.0,,35.8,1548.8178868712987,6.2,33.6,9.2189530121869,,,310928.0,13433734978.0,43205.0,4598.0,15665.0,5.2,278916.0,0,,0,0.0,1
31055,2011,54442.0,41129255.0,52929.0,,35.7,1567.794195590168,6.7,33.6,9.367903124798028,,,311961.0,13739058850.0,44041.0,4847.0,15823.0,4.9,282153.0,0,,0,0.0,1
31055,2012,56001.0,41631827.0,53295.0,14.0,36.2,1587.806021316945,6.8,33.6,10.115205338113888,,,316696.0,14267478450.0,45051.0,4965.0,17375.0,4.3,285026.0,0,,0,0.0,1
31055,2013,51521.0,40633721.0,53325.0,14.3,36.4,1607.4930991063304,6.7,33.7,10.683968495675966,,,321258.0,14695985587.0,45745.0,4728.0,18079.0,4.1,285565.0,0,,0,0.0,1
31055,2014,56817.0,43950751.0,53444.0,14.7,36.6,1626.9779753497935,6.5,33.8,10.67598623852567,,,327244.0,15312354928.0,46792.0,4676.0,18334.0,3.6,286657.0,0,,0,0.0,1
31055,2015,57903.0,45439698.0,54659.0,14.6,37.1,1647.192002622493,5.7,34.0,11.072028139739388,,,332191.0,16308004928.0,49092.0,5182.0,18477.0,3.3,287891.0,0,,0,0.0,1
31055,2016,56498.0,45365100.0,56003.0,14.2,37.6,1664.3423701084844,4.9,34.1,11.470143958923083,,,336971.0,16754862817.0,49722.0,5238.0,18933.0,3.3,289613.0,0,,0,0.0,1
31055,2017,58720.0,48132749.0,58640.0,13.5,37.9,1684.112166712111,4.4,34.3,11.487896362383657,,,338872.0,17227471617.0,50838.0,5036.0,18959.0,3.2,293773.0,0,,0,0.0,1
31055,2018,60910.0,48652188.0,61688.0,12.7,38.9,1700.3066723446495,4.2,34.5,11.208931638540664,,,339604.0,17740908838.0,52240.0,5025.0,18783.0,3.2,298402.0,0,,0,0.0,1
31055,2019,61953.0,49293062.0,64629.0,12.0,39.7,1717.539758644882,4.0,34.7,11.30044625701496,,,341763.0,18551064354.0,54281.0,4975.0,18777.0,3.3,303880.0,0,,0,0.0,1
31055,2020,64171.0,48087623.0,66600.0,10.7,40.2,1733.2318240724005,4.1,34.9,11.396312504844524,,,326831.0,19177441458.0,58677.0,4287.0,18583.0,5.1,302641.0,0,,0,0.0,1
31055,2021,70198.0,50445091.0,70683.0,10.7,40.7,1773.1574384127791,4.1,35.1,11.384587862037744,,,331137.0,20266589482.0,61203.0,2884.0,19588.0,3.1,301813.0,0,,0,0.0,1
31055,2022,76692.0,56199667.0,76083.0,11.0,41.2,1785.0046108079791,3.8,35.3,11.679793386583285,,,337267.0,21989126355.0,65198.0,1394.0,19750.0,2.5,303746.0,0,,0,0.0,1
31057,2010,54640.0,130931.0,37031.0,,25.9,2.1344427071214054,3.1,48.9,8.953627503287422,,,600.0,18013039.0,30005.0,,85.0,3.2,1215.0,0,,0,0.0,0
31057,2011,66453.0,123214.0,40278.0,,21.7,2.1616261343644187,1.9,47.3,9.302392152001472,,,625.0,19667529.0,31468.0,,88.0,2.9,1275.0,0,,0,0.0,0
31057,2012,62378.0,122075.0,39596.0,8.6,21.6,2.170324831082183,3.0,47.4,10.149458104145774,,,665.0,21155298.0,31820.0,,100.0,2.8,1279.0,0,,0,0.0,0
31057,2013,72685.0,128822.0,47431.0,8.1,22.2,2.168150156902742,4.1,47.8,10.492407507541351,,,684.0,24477656.0,35786.0,,107.0,2.7,1300.0,0,,0,0.0,0
31057,2014,77747.0,129386.0,47636.0,9.3,21.8,2.1377047183905673,4.2,47.5,10.4841158218244,,,669.0,22061124.0,32972.0,,107.0,2.3,1278.0,0,,0,0.0,0
31057,2015,77891.0,162460.0,42500.0,7.6,19.6,2.1909842357868734,4.0,46.2,10.652354882213398,,,577.0,20919966.0,36256.0,,100.0,2.1,1201.0,0,,0,0.0,0
31057,2016,73332.0,173827.0,44583.0,8.5,19.5,1.982215514560531,3.7,48.3,10.811467170909609,,,565.0,20135909.0,35655.0,,99.0,2.2,1202.0,0,,0,0.0,0
31057,2017,59910.0,168020.0,44653.0,10.5,21.1,2.1931589099663142,3.6,43.6,11.009378984092542,,,578.0,21198927.0,36671.0,,97.0,2.4,1192.0,0,,0,0.0,0
31057,2018,63645.0,165437.0,44350.0,10.3,19.4,2.1996829325046376,1.6,42.3,10.650195548195496,,,560.0,21588830.0,38534.0,,92.0,2.2,1164.0,0,,0,0.0,0
31057,2019,70963.0,176128.0,41716.0,10.6,23.3,2.080075852635379,1.7,43.3,10.603471719752374,,,565.0,23421851.0,41491.0,,90.0,2.6,1168.0,0,,0,0.0,0
31057,2020,86686.0,189283.0,49211.0,11.1,28.1,2.096385908981187,1.1,42.9,10.60807177153666,,,549.0,23104891.0,42117.0,,84.0,2.2,1168.0,0,,0,0.0,0
31057,2021,93363.0,169884.0,53696.0,13.7,30.4,2.065940470469012,1.0,43.2,10.61092877662996,,,553.0,24011571.0,43427.0,,84.0,1.6,1160.0,0,,0,0.0,0
31057,2022,98270.0,164962.0,58977.0,12.5,26.3,1.984390188739972,0.2,42.4,10.670737901566124,,,565.0,26695942.0,47256.0,,89.0,1.4,1178.0,0,,0,0.0,0
31059,2010,44948.0,320708.0,43167.0,,17.6,10.34636782180541,2.1,45.4,8.484986678449415,,,2140.0,62174165.0,29058.0,,256.0,3.8,3235.0,0,,0,0.0,0
31059,2011,58828.0,389375.0,44031.0,,16.8,10.280323478242734,2.2,45.7,8.914484542145498,,,2207.0,66784695.0,30260.0,,260.0,3.5,3325.0,0,,0,0.0,0
31059,2012,58290.0,384601.0,45970.0,8.8,18.5,10.196899044268829,1.8,45.9,9.417585697170392,,,2228.0,71959737.0,32304.0,,285.0,3.2,3314.0,0,,0,0.0,0
31059,2013,63773.0,422315.0,48464.0,8.8,18.2,10.1117366012538,2.6,46.4,9.480286506646516,,,2237.0,74978845.0,33525.0,,295.0,2.9,3296.0,0,,0,0.0,0
31059,2014,55293.0,361717.0,52063.0,8.4,19.7,10.023098140156526,2.3,47.0,11.973981177074222,,,2250.0,78608755.0,34940.0,,305.0,2.4,3248.0,0,,0,0.0,0
31059,2015,57879.0,366568.0,52316.0,9.4,18.5,9.901437507277912,3.4,47.5,10.58073213058624,,,2215.0,80704761.0,36437.0,,308.0,2.9,3221.0,0,,0,0.0,0
31059,2016,51843.0,324714.0,52070.0,10.1,19.5,9.86493931741433,2.7,47.5,10.675716965768656,,,2176.0,81887758.0,37634.0,,300.0,2.7,3201.0,0,,0,0.0,0
31059,2017,52592.0,354000.0,56750.0,9.9,19.2,9.738064657412348,2.5,47.5,10.642237789058145,,,2141.0,83408044.0,38967.0,,300.0,2.5,3134.0,0,,0,0.0,0
31059,2018,53768.0,354178.0,55625.0,10.0,19.9,9.68766239521978,2.1,47.7,10.320163482046793,,,2187.0,86974616.0,39772.0,,297.0,2.6,3184.0,0,,0,0.0,0
31059,2019,56805.0,360775.0,60313.0,8.8,21.4,9.640736151109458,1.9,47.0,10.346358208818732,,,2186.0,91641825.0,41927.0,,288.0,2.6,3208.0,0,,0,0.0,0
31059,2020,61796.0,358720.0,62151.0,7.0,22.4,9.632046105903845,0.8,46.6,10.374639562427117,,,2122.0,93191636.0,43908.0,,279.0,2.8,3204.0,0,,0,0.0,0
31059,2021,70823.0,437478.0,66410.0,7.1,22.2,9.66506827768518,1.1,45.9,10.401371761348846,,,2230.0,99906530.0,44801.0,,289.0,2.0,3284.0,0,,0,0.0,0
31059,2022,74906.0,379384.0,72335.0,7.0,22.8,9.65811624152069,1.0,46.4,10.289684912043736,,,2273.0,112701940.0,49585.0,,291.0,1.7,3331.0,0,,0,0.0,0
31061,2010,35123.0,105938.0,37220.0,,16.3,5.607694124511997,3.7,47.9,8.7566231607511,,,816.0,21060347.0,25822.0,,116.0,4.5,1633.0,0,,0,0.0,0
31061,2011,44470.0,122959.0,40556.0,,16.5,5.559067479889409,3.8,48.3,9.064590009012544,,,824.0,21446676.0,26014.0,,117.0,4.2,1671.0,0,,0,0.0,0
31061,2012,46391.0,116451.0,42054.0,12.5,16.7,5.550384150492518,3.9,48.8,9.85294511558139,,,824.0,22280890.0,27032.0,,128.0,3.5,1641.0,0,,0,0.0,0
31061,2013,52205.0,122264.0,43011.0,12.9,17.5,5.524334162301846,5.0,49.2,9.752408523941686,,,793.0,22104856.0,27893.0,,130.0,3.4,1595.0,0,,0,0.0,0
31061,2014,48421.0,99803.0,45707.0,14.5,17.8,5.489600844714284,3.9,49.6,9.718657741093551,,,790.0,22419519.0,28397.0,,131.0,3.2,1577.0,0,,0,0.0,0
31061,2015,49006.0,90567.0,45905.0,13.1,18.7,5.392347555469108,3.5,49.9,10.061037334431404,,,764.0,23751114.0,31081.0,,131.0,2.4,1517.0,0,,0,0.0,0
31061,2016,45636.0,79183.0,46531.0,13.1,18.8,5.341984244967142,3.4,50.2,10.065684082388296,,,753.0,23866832.0,31706.0,,130.0,3.0,1509.0,0,,0,0.0,0
31061,2017,45104.0,75881.0,49453.0,13.3,20.0,5.2429942898425885,2.6,50.7,10.608693310835674,,,739.0,23076158.0,31223.0,,121.0,3.0,1490.0,0,,0,0.0,0
31061,2018,47006.0,73161.0,49235.0,13.8,16.6,5.220417633410673,1.6,50.7,9.623368556974851,,,737.0,22957667.0,31140.0,,122.0,3.2,1492.0,0,,0,0.0,0
31061,2019,53009.0,79175.0,49282.0,14.6,17.3,5.187420981702488,0.7,50.8,9.484709517145394,,,735.0,23718379.0,32252.0,,120.0,3.3,1501.0,0,,0,0.0,0
31061,2020,60791.0,94896.0,50231.0,16.1,18.3,5.15789766175306,0.3,50.6,9.48428326661199,,,709.0,24743949.0,34912.0,,119.0,3.4,1482.0,0,,0,0.0,0
31061,2021,75736.0,112019.0,52400.0,18.1,16.5,5.060644372507884,1.0,49.5,9.342180347466064,,,740.0,26192977.0,35380.0,,128.0,2.2,1494.0,0,,0,0.0,0
31061,2022,61519.0,92071.0,55625.0,14.9,19.2,5.038067716075968,2.5,49.8,9.166992210856964,,,791.0,29994238.0,37931.0,,132.0,2.1,1548.0,0,,0,0.0,0
31063,2010,38237.0,123661.0,42009.0,,19.8,2.88109038189838,4.2,43.0,9.189984824452122,,,776.0,21075586.0,27153.0,,84.0,3.8,1594.0,0,,0,0.0,0
31063,2011,51351.0,140234.0,47552.0,,19.4,2.851335531088176,5.2,43.7,9.84184870326385,,,764.0,20991511.0,27476.0,,82.0,3.6,1603.0,0,,0,0.0,0
31063,2012,45414.0,122867.0,51328.0,11.2,19.2,2.763097007995847,3.8,44.8,10.56793828296004,,,780.0,21529133.0,27587.0,,93.0,3.1,1609.0,0,,0,0.0,0
31063,2013,49906.0,129212.0,50227.0,12.0,16.5,2.6348433407104843,3.3,45.0,10.622163907635848,,,777.0,22554441.0,29015.0,,95.0,3.3,1593.0,0,,0,0.0,0
31063,2014,45714.0,114474.0,48713.0,13.1,16.9,2.606114519238563,3.0,44.5,10.635714465338296,,,760.0,23871348.0,31410.0,,89.0,2.8,1552.0,0,,0,0.0,0
31063,2015,44051.0,122350.0,49634.0,12.6,18.3,2.6399734874018987,2.4,44.4,10.889432066937296,,,769.0,25306207.0,32904.0,,87.0,2.4,1538.0,0,,0,0.0,0
31063,2016,37305.0,114382.0,51192.0,11.0,18.7,2.666650250197254,2.6,44.9,11.072943117817845,,,807.0,26508918.0,32866.0,,91.0,2.8,1578.0,0,,0,0.0,0
31063,2017,38639.0,88718.0,52090.0,10.9,19.5,2.692300983654327,3.2,45.5,11.420897435491671,,,816.0,27816305.0,34089.0,,93.0,2.5,1575.0,0,,0,0.0,0
31063,2018,38846.0,78466.0,51855.0,10.3,20.0,2.676910543580083,3.8,45.5,11.28634880341296,,,798.0,27833606.0,34865.0,,92.0,2.6,1532.0,0,,0,0.0,0
31063,2019,40013.0,82569.0,54659.0,9.0,21.5,2.708717453066853,5.5,45.2,11.289337435873982,,,872.0,29904230.0,34287.0,,92.0,3.2,1633.0,0,,0,0.0,0
31063,2020,46941.0,94580.0,59250.0,9.4,23.0,2.7046133357137214,4.9,44.5,10.941135835264884,,,797.0,29129285.0,36552.0,,92.0,2.9,1556.0,0,,0,0.0,0
31063,2021,58941.0,115100.0,59573.0,8.9,24.5,2.577385697766642,5.1,43.7,11.10515034317566,,,813.0,29990232.0,36900.0,,92.0,1.8,1566.0,0,,0,0.0,0
31063,2022,55913.0,104105.0,62928.0,12.4,23.4,2.5558390816627012,4.4,43.3,11.080958176933864,,,783.0,29969726.0,38276.0,,96.0,2.0,1531.0,0,,0,0.0,0
31065,2010,40686.0,320150.0,37938.0,,16.3,6.872173676042785,2.5,46.8,10.298680418608155,,,1885.0,53949170.0,28624.0,,240.0,3.4,2656.0,0,,0,0.0,0
31065,2011,52303.0,340655.0,38650.0,,17.2,6.851315196653744,2.9,47.3,10.821704255324525,,,1902.0,56500475.0,29699.0,,242.0,3.6,2713.0,0,,0,0.0,0
31065,2012,44411.0,248700.0,40759.0,16.1,16.9,6.844362370190731,4.7,47.1,11.514250712401914,,,1920.0,59242793.0,30852.0,,278.0,3.4,2683.0,0,,0,0.0,0
31065,2013,52011.0,294862.0,39603.0,16.2,16.8,6.841581239605525,4.5,47.0,11.591173802710978,,,1966.0,61345500.0,31199.0,,278.0,3.4,2722.0,0,,0,0.0,0
31065,2014,49043.0,269306.0,40765.0,16.9,18.1,6.824894456094292,4.3,46.8,11.467910250431414,,,2010.0,65714667.0,32701.0,,267.0,2.8,2711.0,0,,0,0.0,0
31065,2015,44910.0,260582.0,39934.0,17.2,17.3,6.795692584949634,3.4,46.8,11.71694472243035,,,2060.0,68299047.0,33150.0,,251.0,2.6,2739.0,0,,0,0.0,0
31065,2016,41133.0,237105.0,40445.0,15.6,16.8,6.7442416691233324,3.7,46.2,11.805173986049784,,,2060.0,70542218.0,34247.0,,247.0,2.8,2731.0,0,,0,0.0,0
31065,2017,41497.0,249851.0,43400.0,13.5,18.2,6.694181318589633,2.5,46.1,12.109221820806312,,,2049.0,70956362.0,34638.0,,247.0,2.4,2702.0,0,,0,0.0,0
31065,2018,42096.0,240255.0,47989.0,10.9,18.9,6.655245490396757,2.1,46.5,11.858756238627556,,,1984.0,70410974.0,35485.0,,240.0,2.6,2657.0,0,,0,0.0,0
31065,2019,46260.0,225691.0,48838.0,11.0,17.4,6.6010134439852495,1.8,46.9,12.500622517304292,,,1917.0,73078051.0,38119.0,,235.0,2.8,2616.0,0,,0,0.0,0
31065,2020,50735.0,250815.0,53533.0,8.8,19.0,6.552343658744153,1.3,47.2,,,,1870.0,76075009.0,40675.0,,232.0,2.8,2616.0,0,,0,0.0,0
31065,2021,61496.0,295162.0,57284.0,9.1,21.0,6.4730814370657965,1.3,46.5,,,,1855.0,78434442.0,42281.0,,236.0,2.0,2575.0,0,,0,0.0,0
31065,2022,61182.0,278428.0,58895.0,11.2,21.4,6.438317304750727,1.0,47.0,,,,1808.0,82749842.0,45764.0,,230.0,1.9,2538.0,0,,0,0.0,0
31067,2010,39090.0,970899.0,43311.0,,19.1,26.532043158758885,6.4,42.8,8.241371382167133,,,9159.0,267848851.0,29246.0,,720.0,5.9,11394.0,0,,0,0.0,0
31067,2011,43122.0,1048241.0,45573.0,,19.7,26.33473523743307,6.7,43.3,8.768532150732682,,,8836.0,267337200.0,30255.0,,746.0,5.8,11196.0,0,,0,0.0,0
31067,2012,41691.0,966727.0,46164.0,12.0,19.3,26.083402528125188,6.2,43.6,9.304760510398353,,,8958.0,276211124.0,30836.0,,827.0,4.8,11152.0,0,,0,0.0,0
31067,2013,43109.0,1011596.0,47654.0,11.7,20.0,25.902536933576524,5.3,43.9,9.176885634854813,,,8943.0,283163907.0,31662.0,,841.0,4.5,11088.0,0,,0,0.0,0
31067,2014,44238.0,947823.0,49021.0,11.4,20.5,25.707577916076016,4.3,44.4,11.5452648891924,,,8984.0,296492318.0,33003.0,,840.0,4.1,11094.0,0,,0,0.0,0
31067,2015,46119.0,909046.0,50010.0,9.7,19.7,25.624191830277606,4.3,44.6,10.44349557042754,,,9112.0,309723332.0,33990.0,,846.0,3.6,11090.0,0,,0,0.0,0
31067,2016,42864.0,879499.0,48731.0,10.4,20.1,25.57721375377146,3.6,44.8,10.575574146310244,,,9226.0,320258573.0,34711.0,,842.0,3.3,11112.0,0,,0,0.0,0
31067,2017,43870.0,862227.0,52223.0,9.1,20.3,25.405743774524023,3.2,44.2,10.586521691331932,,,9094.0,324180420.0,35649.0,,831.0,3.5,11062.0,0,,0,0.0,0
31067,2018,46298.0,923783.0,51662.0,9.8,20.2,25.36228905375584,3.4,44.0,10.228069806627785,,,9031.0,332334578.0,36799.0,,789.0,3.3,11072.0,0,,0,0.0,0
31067,2019,48612.0,932707.0,53110.0,10.7,20.8,25.361114601843184,3.4,43.8,10.261149632717476,,,8976.0,343449823.0,38262.0,,788.0,3.6,11162.0,0,,0,0.0,0
31067,2020,51274.0,955571.0,51812.0,13.2,20.7,25.307089813861115,2.1,43.4,10.115654882111969,,,8546.0,347104448.0,40618.0,,778.0,4.0,10977.0,0,,0,0.0,0
31067,2021,61495.0,1095844.0,55000.0,13.8,20.2,25.492653216060393,2.1,42.9,10.090939094885476,,,8553.0,359710007.0,42055.0,,792.0,2.5,10887.0,0,,0,0.0,0
31067,2022,75117.0,1090494.0,60035.0,13.4,20.0,25.431581716602405,2.0,42.9,9.940294881328638,,,8474.0,384658208.0,45393.0,,787.0,2.4,10849.0,0,,0,0.0,0
31069,2010,35620.0,66990.0,32962.0,,20.2,1.2079525497474148,4.8,51.3,10.065456742991085,,,588.0,14519187.0,24703.0,,74.0,4.2,1265.0,0,,0,0.0,0
31069,2011,50916.0,94300.0,35861.0,,19.9,1.1803924673017214,3.9,51.6,11.082089812882154,,,570.0,14786974.0,25927.0,,72.0,3.6,1260.0,0,,0,0.0,0
31069,2012,42111.0,61286.0,40125.0,7.3,19.5,1.179219697835947,6.0,51.4,12.277148022515222,,,586.0,15549585.0,26531.0,,80.0,3.1,1258.0,0,,0,0.0,0
31069,2013,46407.0,71110.0,39400.0,9.4,20.8,1.1528323848560278,4.7,53.1,12.446385327312978,,,573.0,15522693.0,27082.0,,83.0,2.8,1233.0,0,,0,0.0,0
31069,2014,51770.0,80020.0,41410.0,11.7,22.0,1.1369999970680764,3.7,51.3,12.271893283897397,,,538.0,15291359.0,28414.0,,80.0,2.8,1194.0,0,,0,0.0,0
31069,2015,47563.0,80257.0,45845.0,10.2,23.5,1.0689793680531734,3.1,52.3,10.824143681863834,,,558.0,16562090.0,29703.0,,82.0,2.4,1201.0,0,,0,0.0,0
31069,2016,45678.0,78207.0,49805.0,11.6,21.9,1.1317225344720925,2.3,50.2,10.93892481566713,,,559.0,17441040.0,31228.0,,89.0,3.3,1194.0,0,,0,0.0,0
31069,2017,44673.0,78048.0,48125.0,11.7,24.2,1.121753994013012,1.4,51.7,10.9460333792254,,,568.0,19158517.0,33740.0,,88.0,2.8,1201.0,0,,0,0.0,0
31069,2018,42272.0,75499.0,44471.0,9.1,24.9,1.0906756031699958,1.4,50.3,10.633731023611,,,562.0,18139118.0,32262.0,,89.0,2.5,1198.0,0,,0,0.0,0
31069,2019,47673.0,75628.0,43750.0,7.7,22.5,1.0930211421015443,1.0,50.4,10.682021823873184,,,500.0,16896638.0,33816.0,,79.0,3.0,1109.0,0,,0,0.0,0
31069,2020,51059.0,76490.0,42076.0,8.6,23.1,1.1235131482116731,2.0,49.6,10.362184555282871,,,479.0,16816912.0,35133.0,,78.0,3.6,1082.0,0,,0,0.0,0
31069,2021,56351.0,74720.0,43478.0,6.9,26.5,1.012100048963125,3.0,53.8,10.39616467361228,,,506.0,17861077.0,35275.0,,84.0,2.1,1113.0,0,,0,0.0,0
31069,2022,58047.0,73995.0,47139.0,9.6,23.1,1.042592055073254,3.5,47.3,10.272466555458914,,,508.0,18793632.0,37014.0,,82.0,1.9,1119.0,0,,0,0.0,0
31071,2010,31732.0,71548.0,38709.0,,13.8,3.65517362513832,1.0,47.3,9.276481154051163,,,812.0,18300600.0,22528.0,,105.0,3.2,1200.0,0,,0,0.0,0
31071,2011,43236.0,88474.0,38973.0,,13.3,3.697328438691093,1.7,47.0,10.00124869838277,,,810.0,19245265.0,23757.0,,105.0,3.4,1206.0,0,,0,0.0,0
31071,2012,38841.0,76696.0,39241.0,13.8,13.3,3.699084889255792,3.2,49.1,10.815760131194034,,,839.0,20894254.0,24906.0,,109.0,3.0,1218.0,0,,0,0.0,0
31071,2013,40434.0,91168.0,41892.0,13.0,13.8,3.4198092494686736,4.4,50.5,11.017090854419775,,,843.0,22025609.0,26115.0,,112.0,3.0,1228.0,0,,0,0.0,0
31071,2014,47179.0,99349.0,41776.0,12.0,12.8,3.4321044034215653,4.9,50.5,11.076874001006171,,,843.0,22803864.0,27064.0,,118.0,2.6,1203.0,0,,0,0.0,0
31071,2015,48105.0,118473.0,43179.0,10.2,16.2,3.3952189415628893,3.5,51.4,11.51516564153726,,,848.0,24016061.0,28324.0,,119.0,2.4,1198.0,0,,0,0.0,0
31071,2016,44973.0,116487.0,45227.0,7.3,18.5,3.4566947113273496,3.0,51.0,11.729106262827615,,,811.0,22545665.0,27786.0,,122.0,2.5,1162.0,0,,0,0.0,0
31071,2017,42173.0,73287.0,46509.0,7.2,19.5,3.4391302056803608,1.9,51.4,11.909651545538823,,,819.0,23815332.0,29073.0,,123.0,2.7,1168.0,0,,0,0.0,0
31071,2018,41666.0,72760.0,48545.0,7.5,22.2,3.4689898652802413,0.2,51.4,11.368307606248395,,,834.0,24908455.0,29860.0,,125.0,2.5,1178.0,0,,0,0.0,0
31071,2019,46432.0,78899.0,53000.0,9.2,25.5,3.5146575799624116,0.2,50.9,11.996678251648802,,,808.0,25570792.0,31660.0,,122.0,2.7,1165.0,0,,0,0.0,0
31071,2020,51220.0,86497.0,54659.0,8.6,29.3,3.65517362513832,0.3,45.8,,,,800.0,27261731.0,34063.0,,118.0,2.0,1161.0,0,,0,0.0,0
31071,2021,55538.0,79351.0,57888.0,10.8,29.4,3.3179351167161397,0.0,45.9,,,,776.0,27746656.0,35756.0,,122.0,2.0,1145.0,0,,0,0.0,0
31071,2022,50941.0,72431.0,64957.0,12.2,31.9,3.219573885093004,1.1,46.5,,,,770.0,29102841.0,37792.0,,117.0,1.9,1140.0,0,,0,0.0,0
31073,2010,41548.0,82720.0,41442.0,,16.4,4.491929587148454,2.9,45.4,9.279907078614922,,,430.0,12480132.0,29024.0,,72.0,3.7,1145.0,0,,0,0.0,0
31073,2011,53755.0,100457.0,42875.0,,16.3,4.465737577893944,2.1,45.8,9.95889009749888,,,431.0,12478682.0,28970.0,,70.0,3.5,1131.0,0,,0,0.0,0
31073,2012,50218.0,93519.0,44241.0,10.8,16.6,4.408988224509173,3.0,45.4,10.652720394069547,,,438.0,13368748.0,30499.0,,75.0,2.9,1143.0,0,,0,0.0,0
31073,2013,61129.0,119096.0,45893.0,8.0,18.0,4.376248212941036,4.5,45.3,10.69132673614755,,,461.0,14033398.0,30419.0,,76.0,3.4,1162.0,0,,0,0.0,0
31073,2014,53998.0,102668.0,50063.0,7.6,18.0,4.358786873438029,6.8,45.1,10.70682173364666,,,440.0,14132520.0,32113.0,,77.0,3.0,1137.0,0,,0,0.0,0
31073,2015,51926.0,98955.0,54375.0,5.7,19.4,4.312950857242637,5.1,46.7,10.9669186966254,,,408.0,13467267.0,33001.0,,73.0,2.4,1078.0,0,,0,0.0,0
31073,2016,44778.0,85060.0,60711.0,5.8,20.9,4.315133524680513,4.6,46.9,10.737569537651645,,,395.0,13307254.0,33682.0,,67.0,2.5,1062.0,0,,0,0.0,0
31073,2017,43570.0,80378.0,61769.0,5.7,24.1,4.406805557071297,4.6,49.5,11.175047397091078,,,373.0,12990941.0,34852.0,,66.0,2.7,1055.0,0,,0,0.0,0
31073,2018,47772.0,78306.0,62545.0,5.1,26.4,4.398074887319794,2.9,50.4,10.719429466838728,,,386.0,13823689.0,35789.0,,70.0,2.6,1071.0,0,,0,0.0,0
31073,2019,51491.0,77377.0,64053.0,5.4,29.5,4.393709552444042,1.9,53.4,10.658468755088474,,,417.0,15917780.0,38134.0,,76.0,2.7,1114.0,0,,0,0.0,0
31073,2020,60277.0,82067.0,65086.0,5.1,29.1,4.367517543189532,1.4,54.0,10.313092532861813,,,412.0,16791244.0,40747.0,,78.0,2.5,1112.0,0,,0,0.0,0
31073,2021,70105.0,103013.0,69886.0,5.0,31.0,3.952810729993125,1.8,51.0,10.337470978297986,,,488.0,19593889.0,40186.0,,82.0,1.7,1200.0,0,,0,0.0,0
31073,2022,68478.0,97929.0,76583.0,6.5,28.1,4.088136111141426,1.5,48.9,10.229210002090712,,,498.0,21690082.0,43518.0,,81.0,1.8,1205.0,0,,0,0.0,0
31075,2010,33415.0,18447.0,39261.0,,17.3,0.8507242739563826,2.7,46.6,10.313530168090873,,,245.0,5869879.0,24000.0,,50.0,3.8,420.0,0,,0,0.0,0
31075,2011,40635.0,20496.0,39531.0,,15.5,0.863594535287039,2.1,47.3,10.631554404048597,,,258.0,6027190.0,23391.0,,54.0,3.3,454.0,0,,0,0.0,0
31075,2012,36241.0,13949.0,40982.0,17.7,18.3,0.7825118889039042,2.7,47.3,11.320027332526678,,,257.0,6525562.0,25375.0,,56.0,3.4,439.0,0,,0,0.0,0
31075,2013,40657.0,20560.0,44167.0,18.8,17.7,0.7902340457022979,3.0,47.1,11.352143770294298,,,268.0,6590612.0,24599.0,,54.0,3.3,419.0,0,,0,0.0,0
31075,2014,60374.0,31403.0,45268.0,13.4,18.6,0.8352799603595951,3.6,48.0,11.41125290560352,,,265.0,6995288.0,26356.0,,50.0,2.3,429.0,0,,0,0.0,0
31075,2015,59150.0,45424.0,44750.0,13.3,20.4,0.9897230963274708,3.5,48.5,11.831868262917984,,,264.0,7328403.0,27794.0,,50.0,2.3,437.0,0,,0,0.0,0
31075,2016,52327.0,41513.0,45625.0,16.6,22.0,0.8327059080934638,4.9,50.9,12.308330703060928,,,281.0,7820436.0,27864.0,,49.0,2.2,455.0,0,,0,0.0,0
31075,2017,46083.0,33540.0,45833.0,21.1,23.0,0.8777518227507609,4.5,48.6,12.638666479356951,,,298.0,8445504.0,28341.0,,54.0,2.3,443.0,0,,0,0.0,0
31075,2018,42476.0,31735.0,39479.0,19.9,25.2,0.9240847635411236,4.3,45.3,12.739436946343895,,,294.0,8692753.0,29550.0,,58.0,2.6,424.0,0,,0,0.0,0
31075,2019,49388.0,27272.0,46500.0,15.9,26.8,0.9292328680733862,2.5,38.8,12.839109829388018,,,287.0,8747162.0,30460.0,,56.0,2.7,415.0,0,,0,0.0,0
31075,2020,54065.0,28416.0,43625.0,17.4,23.0,0.8893350579483517,0.9,37.9,,,,285.0,8746951.0,30700.0,,57.0,1.9,419.0,0,,0,0.0,0
31075,2021,58738.0,25304.0,56806.0,15.8,28.3,0.9240847635411236,0.3,37.3,,,,286.0,8922284.0,31242.0,,59.0,1.4,424.0,0,,0,0.0,0
31075,2022,49525.0,21106.0,65139.0,10.8,27.0,0.8352799603595951,1.4,40.2,,,,274.0,9324839.0,34022.0,,56.0,1.4,416.0,0,,0,0.0,0
31077,2010,30072.0,66086.0,41181.0,,12.5,4.461128339045754,2.1,42.3,8.98649829466093,,,691.0,16453578.0,23800.0,,109.0,3.7,1358.0,0,,0,0.0,0
31077,2011,40254.0,90383.0,42396.0,,14.9,4.440068724541997,2.9,41.2,9.43245018743164,,,679.0,16994412.0,25032.0,,112.0,3.9,1362.0,0,,0,0.0,0
31077,2012,41042.0,91148.0,44219.0,12.1,15.2,4.413744206412301,1.6,46.1,10.291027551478166,,,641.0,17180212.0,26813.0,,116.0,3.5,1296.0,0,,0,0.0,0
31077,2013,49443.0,106660.0,44950.0,12.1,15.0,4.399704463409797,1.8,46.3,10.37243586022271,,,637.0,17549531.0,27572.0,,115.0,3.4,1296.0,0,,0,0.0,0
31077,2014,47614.0,95346.0,43226.0,11.7,15.1,4.3874196882826055,2.8,46.2,10.475156351775784,,,624.0,17408262.0,27890.0,,116.0,3.2,1272.0,0,,0,0.0,0
31077,2015,54760.0,109587.0,42904.0,10.0,14.4,4.345300459275093,1.9,46.0,11.029757115266571,,,621.0,18241964.0,29379.0,,116.0,3.1,1253.0,0,,0,0.0,0
31077,2016,49874.0,92295.0,48220.0,8.7,16.6,4.294406390891014,1.6,45.8,11.192276721097722,,,616.0,18814893.0,30552.0,,118.0,3.1,1241.0,0,,0,0.0,0
31077,2017,46205.0,92186.0,47218.0,9.8,17.3,4.275101744262571,1.7,45.9,11.391960399853128,,,615.0,19010209.0,30894.0,,121.0,3.1,1232.0,0,,0,0.0,0
31077,2018,48732.0,97541.0,47128.0,9.5,17.4,4.229472579504432,1.4,45.7,10.926746097909191,,,617.0,19730301.0,31973.0,,121.0,2.7,1227.0,0,,0,0.0,0
31077,2019,52865.0,107966.0,47869.0,10.2,16.3,4.180333478995666,1.5,45.5,11.04862405653098,,,615.0,20421097.0,33196.0,,123.0,3.1,1241.0,0,,0,0.0,0
31077,2020,60231.0,105593.0,46830.0,13.7,17.0,4.143479153614093,1.3,45.4,10.478889615580265,,,618.0,22006370.0,35628.0,,121.0,3.0,1240.0,0,,0,0.0,0
31077,2021,72099.0,122233.0,48472.0,13.5,16.5,3.894273715319641,1.9,43.7,10.270102800319524,,,621.0,23233154.0,37402.0,,125.0,2.0,1224.0,0,,0,0.0,0
31077,2022,65708.0,107742.0,52813.0,12.5,17.1,3.8819889401924494,1.8,43.6,10.227118520410023,,,627.0,23779154.0,37951.0,,124.0,1.8,1245.0,0,,0,0.0,0
31079,2010,34090.0,3293397.0,46138.0,,16.3,104.13623968227824,4.6,35.7,8.478881757697351,,,33326.0,1102979988.0,33096.0,,1873.0,4.7,31476.0,0,,0,0.0,0
31079,2011,36212.0,3297387.0,47469.0,,16.6,105.69007485495707,5.4,35.5,8.685388044471937,,,34114.0,1149075366.0,33684.0,,1900.0,4.5,32025.0,0,,0,0.0,0
31079,2012,37044.0,3424578.0,48044.0,13.7,16.8,107.39764636980912,5.2,35.6,9.525203308237536,,,34955.0,1194845107.0,34182.0,,2102.0,3.9,32587.0,0,,0,0.0,0
31079,2013,36927.0,3553137.0,48712.0,13.7,17.1,108.7702922820696,6.5,35.7,9.47122375510643,,,35298.0,1227863662.0,34786.0,,2145.0,3.6,32476.0,0,,0,0.0,0
31079,2014,37539.0,3399158.0,49178.0,15.7,17.7,110.21980636541664,6.4,35.9,11.22023911070172,,,35227.0,1275642854.0,36212.0,,2164.0,3.9,32417.0,0,,0,0.0,0
31079,2015,39175.0,3409423.0,49252.0,15.3,18.3,111.26118706418492,6.0,35.8,10.428249384024127,,,34560.0,1290158626.0,37331.0,,2165.0,3.9,31717.0,0,,0,0.0,0
31079,2016,39281.0,3479144.0,51355.0,14.8,19.0,111.83403795823496,5.3,35.7,10.505006638336225,,,34742.0,1315336331.0,37860.0,,2186.0,3.6,31581.0,0,,0,0.0,0
31079,2017,40494.0,3450115.0,53807.0,13.5,19.8,112.06830286059407,5.4,35.8,10.557266858236767,,,34927.0,1363864990.0,39049.0,,2172.0,3.5,31887.0,0,,0,0.0,0
31079,2018,41684.0,3513092.0,54742.0,13.0,20.9,112.26962426105896,4.5,36.0,10.056508527974968,,,34880.0,1396787818.0,40046.0,,2129.0,3.3,32272.0,0,,0,0.0,0
31079,2019,43087.0,3488845.0,57104.0,11.8,21.5,112.12686908618386,4.0,35.9,10.041585456718783,,,34721.0,1440938680.0,41501.0,,2105.0,3.6,32346.0,0,,0,0.0,0
31079,2020,46741.0,3479000.0,58595.0,11.2,21.2,112.26047328831056,4.0,36.1,10.10142500462657,,,33035.0,1493050805.0,45196.0,,2056.0,5.8,32250.0,0,,0,0.0,0
31079,2021,53297.0,3859830.0,60720.0,11.9,21.7,114.5994619228024,3.2,35.9,10.102383600125282,,,34129.0,1640570954.0,48069.0,,2063.0,3.0,32416.0,0,,0,0.0,0
31079,2022,55627.0,3853911.0,63553.0,12.8,21.3,114.52442394626549,2.9,36.0,10.01073983907567,,,34776.0,1762985483.0,50696.0,,2068.0,2.2,32852.0,0,,0,0.0,0
31081,2010,40308.0,638527.0,50702.0,,21.8,16.89693973547804,5.0,41.7,8.845244232503624,,,3173.0,104110797.0,32808.0,,323.0,3.8,4799.0,0,,0,0.0,0
31081,2011,48961.0,620156.0,54980.0,,22.3,16.8508236335799,3.5,41.9,9.165663092090682,,,3178.0,105651665.0,33246.0,,321.0,3.8,4834.0,0,,0,0.0,0
31081,2012,53245.0,527452.0,56809.0,8.5,22.7,16.778882514618804,3.3,42.9,9.988257010033111,,,3231.0,112426461.0,34793.0,,348.0,3.2,4834.0,0,,0,0.0,0
31081,2013,54807.0,551165.0,56065.0,10.1,24.1,16.76781465016325,3.0,42.9,9.852021052648778,,,3236.0,117041658.0,36167.0,,363.0,3.1,4838.0,0,,0,0.0,0
31081,2014,51608.0,495701.0,58382.0,9.1,24.8,16.782571802770654,2.8,42.8,11.597912889490171,,,3333.0,123248177.0,36974.0,,376.0,3.0,4766.0,0,,0,0.0,0
31081,2015,53603.0,552034.0,59311.0,8.7,25.2,16.786261090922505,2.5,42.9,10.52456434759848,,,3491.0,136632467.0,39137.0,,382.0,2.9,4690.0,0,,0,0.0,0
31081,2016,51699.0,568968.0,59760.0,9.0,25.3,16.819464684289166,2.1,42.5,10.61353942455962,,,3537.0,150128700.0,42450.0,,385.0,2.8,4679.0,0,,0,0.0,0
31081,2017,52642.0,588816.0,61944.0,7.2,25.7,16.876648650642856,2.0,42.3,10.668858660841968,,,3642.0,156821821.0,43060.0,,385.0,2.5,4725.0,0,,0,0.0,0
31081,2018,51774.0,620580.0,64042.0,4.9,26.0,16.9301433288447,2.5,41.5,10.240373725371509,,,3637.0,157458893.0,43295.0,,378.0,2.5,4803.0,0,,0,0.0,0
31081,2019,53152.0,628201.0,64210.0,5.2,25.0,16.998395159653946,3.0,41.9,10.206261635879809,,,3559.0,158105128.0,44426.0,,363.0,3.1,4873.0,0,,0,0.0,0
31081,2020,60755.0,651707.0,68649.0,3.5,24.6,17.005773735957646,3.2,41.7,10.225675385231837,,,3498.0,167819787.0,47974.0,,362.0,3.7,4780.0,0,,0,0.0,0
31081,2021,68123.0,733889.0,71211.0,2.6,26.3,17.295382855877957,4.5,42.0,10.224704115981224,,,3606.0,179408368.0,49755.0,,376.0,2.2,4842.0,0,,0,0.0,0
31081,2022,68050.0,665055.0,73254.0,5.5,24.9,17.339654313700173,3.6,41.3,10.10293152972045,,,3666.0,191006634.0,52096.0,,377.0,1.9,4925.0,0,,0,0.0,0
31083,2010,39537.0,153187.0,44656.0,,16.9,6.251513191415552,2.0,48.0,10.104669060415038,,,903.0,22474974.0,24889.0,,126.0,3.3,1890.0,0,,0,0.0,0
31083,2011,50766.0,176149.0,45396.0,,17.5,6.213570481294243,1.9,48.3,10.836171116495011,,,891.0,23589857.0,26473.0,,127.0,3.3,1895.0,0,,0,0.0,0
31083,2012,46433.0,147847.0,44801.0,11.2,16.6,6.177434566892998,2.2,49.9,11.542213070337054,,,889.0,23577660.0,26532.0,,137.0,3.1,1874.0,0,,0,0.0,0
31083,2013,56320.0,186383.0,45920.0,12.1,15.3,6.224411255614617,2.2,50.0,10.149341006616371,,,865.0,23274801.0,26900.0,,138.0,3.0,1857.0,0,,0,0.0,0
31083,2014,53761.0,178712.0,46859.0,11.8,14.5,6.255126782855677,2.9,49.7,10.11526999181494,,,844.0,23561160.0,27919.0,,144.0,2.6,1803.0,0,,0,0.0,0
31083,2015,56032.0,197358.0,46766.0,13.2,16.1,6.247899599975428,1.7,49.5,10.438679799040443,,,860.0,25123031.0,29213.0,,148.0,2.1,1793.0,0,,0,0.0,0
31083,2016,50481.0,192293.0,44630.0,15.9,16.5,6.2605471700158635,1.9,49.8,10.467974096437256,,,840.0,25896874.0,30833.0,,150.0,2.5,1767.0,0,,0,0.0,0
31083,2017,46498.0,165329.0,46750.0,12.9,18.7,6.2677743528961125,2.0,49.5,10.94851553109281,,,852.0,26084809.0,30613.0,,151.0,2.6,1789.0,0,,0,0.0,0
31083,2018,50924.0,190653.0,50344.0,11.2,21.4,6.211763685574182,1.4,47.9,10.122814000846674,,,859.0,27526339.0,32048.0,,149.0,2.4,1792.0,0,,0,0.0,0
31083,2019,57401.0,185843.0,49835.0,10.5,22.4,6.170207384012748,1.1,45.3,10.047002232457858,,,854.0,27907454.0,32694.0,,144.0,2.8,1802.0,0,,0,0.0,0
31083,2020,62841.0,173758.0,51534.0,10.2,23.8,6.1069695338105685,1.2,46.3,9.48428326661199,,,807.0,28837604.0,35738.0,,131.0,2.9,1753.0,0,,0,0.0,0
31083,2021,68474.0,183458.0,59432.0,7.3,25.3,5.810655035720352,2.2,46.0,9.342180347466064,,,843.0,30546379.0,36239.0,,133.0,2.0,1784.0,0,,0,0.0,0
31083,2022,65239.0,160242.0,64583.0,7.3,24.5,5.590225957872751,2.0,47.5,9.166992210856964,,,860.0,32640820.0,37965.0,4.0,132.0,1.8,1810.0,0,,0,0.0,0
31085,2010,50459.0,62176.0,45595.0,,16.6,1.437462661030878,1.8,46.4,10.306730636165534,,,177.0,4440816.0,25030.0,,33.0,3.6,640.0,0,,0,0.0,0
31085,2011,67659.0,63850.0,45536.0,,14.8,1.3729521416090045,1.5,46.5,10.94843100305806,,,197.0,5218649.0,26491.0,,38.0,3.1,679.0,0,,0,0.0,0
31085,2012,63982.0,58999.0,47150.0,6.3,17.6,1.4542914921844103,2.6,45.5,11.591305701157983,,,202.0,5770022.0,28541.0,,40.0,2.9,663.0,0,,0,0.0,0
31085,2013,80271.0,71971.0,49125.0,5.9,19.8,1.6015437647778172,1.9,45.8,11.482653475070292,,,203.0,6121201.0,30117.0,,42.0,3.3,645.0,0,,0,0.0,0
31085,2014,85296.0,74602.0,48750.0,7.0,19.0,1.6057509725662005,2.0,47.4,11.506463735843695,,,202.0,5813599.0,28745.0,,41.0,2.9,629.0,0,,0,0.0,0
31085,2015,83137.0,91728.0,44500.0,6.3,19.7,1.5202044142024116,1.8,48.0,11.708944862556082,,,204.0,6311634.0,30965.0,,41.0,2.3,618.0,0,,0,0.0,0
31085,2016,80532.0,98295.0,44602.0,7.9,20.6,1.4206338298773458,1.7,47.7,11.954728346369974,,,201.0,6335037.0,31583.0,,40.0,2.4,593.0,0,,0,0.0,0
31085,2017,55828.0,60757.0,44946.0,9.0,17.2,1.3420992844941957,1.6,42.7,12.424751707304283,,,196.0,6210470.0,31686.0,,37.0,2.4,577.0,0,,0,0.0,0
31085,2018,58111.0,74213.0,45515.0,12.4,18.1,1.3224656481484078,1.0,44.4,12.173499765037,,,201.0,6387894.0,31860.0,,37.0,2.1,606.0,0,,0,0.0,0
31085,2019,71084.0,82358.0,51726.0,11.1,18.3,1.2523455183420236,1.5,45.7,12.160577725678673,,,209.0,6710615.0,32159.0,,38.0,2.7,626.0,0,,0,0.0,0
31085,2020,92410.0,95107.0,52396.0,13.9,18.7,1.2467359079575129,0.4,48.3,11.117289324884243,,,206.0,6904812.0,33546.0,,39.0,2.2,633.0,0,,0,0.0,0
31085,2021,91745.0,90080.0,51389.0,13.0,18.8,1.2495407131497682,0.5,45.5,10.493646303531117,,,196.0,6785658.0,34577.0,,39.0,1.5,611.0,0,,0,0.0,0
31085,2022,82479.0,80926.0,59405.0,14.7,18.1,1.2888079858413433,0.2,48.9,10.442107346184724,,,179.0,6507614.0,36338.0,,37.0,1.5,597.0,0,,0,0.0,0
31087,2010,34594.0,122201.0,35549.0,,13.7,4.120049074362308,3.9,48.3,10.024187651274962,,,752.0,25583486.0,34028.0,,85.0,5.2,1398.0,0,,0,0.0,0
31087,2011,42780.0,132781.0,36920.0,,12.8,4.098920617570706,4.6,48.5,10.596504810236985,,,712.0,23963639.0,33661.0,,84.0,4.9,1377.0,0,,0,0.0,0
31087,2012,41253.0,124685.0,40000.0,12.8,13.7,4.082017852137425,3.5,49.1,11.480759954675156,,,710.0,23538878.0,33134.0,,97.0,4.0,1356.0,0,,0,0.0,0
31087,2013,45305.0,132731.0,39702.0,15.5,13.8,4.06229795913193,3.8,49.1,11.618724435966117,,,701.0,23979323.0,34232.0,,103.0,4.0,1359.0,0,,0,0.0,0
31087,2014,42866.0,124153.0,35938.0,14.6,15.3,4.06229795913193,4.1,48.9,11.63438320631126,,,697.0,25341817.0,36341.0,,101.0,3.4,1342.0,0,,0,0.0,0
31087,2015,41212.0,121890.0,39231.0,17.4,15.1,4.055255140201396,3.0,48.2,11.855760738657317,,,692.0,26456642.0,38218.0,,98.0,3.2,1326.0,0,,0,0.0,0
31087,2016,38230.0,114866.0,41131.0,16.2,14.7,4.036943810982009,2.8,48.0,11.82808634817881,,,688.0,26273251.0,38192.0,,98.0,3.6,1313.0,0,,0,0.0,0
31087,2017,38529.0,137212.0,41582.0,14.2,17.4,4.028492428265368,3.1,47.1,12.525981058267668,,,651.0,22542073.0,34618.0,,94.0,3.5,1274.0,0,,0,0.0,0
31087,2018,39020.0,123087.0,42902.0,12.7,18.6,4.004546843901553,4.1,46.8,12.311351998377198,,,650.0,23585678.0,36267.0,,100.0,3.5,1271.0,0,,0,0.0,0
31087,2019,42114.0,137455.0,49962.0,11.3,17.6,3.965107057890563,2.7,46.2,12.2515600941059,,,659.0,24248166.0,36809.0,,102.0,3.4,1275.0,0,,0,0.0,0
31087,2020,48592.0,135844.0,46000.0,12.3,15.8,3.92707583566568,1.8,45.4,9.74852450603028,,,700.0,27912814.0,39894.0,,100.0,3.5,1322.0,0,,0,0.0,0
31087,2021,62542.0,166771.0,47025.0,10.5,18.3,3.7045227574608104,1.9,44.8,9.758030281590491,,,715.0,28640913.0,40053.0,,101.0,2.3,1317.0,0,,0,0.0,0
31087,2022,64427.0,176936.0,49456.0,12.4,18.8,3.6904371195997423,1.9,43.3,9.892767201928024,,,684.0,29497238.0,43146.0,,101.0,2.2,1299.0,0,,0,0.0,0
31089,2010,37531.0,471242.0,43452.0,,16.1,4.34381239903714,1.9,45.4,9.687809083428718,,,4356.0,121444258.0,27880.0,,472.0,3.7,5822.0,0,,0,0.0,0
31089,2011,48977.0,559981.0,46292.0,,16.6,4.32640232930152,1.5,45.7,10.167123281926946,,,4438.0,129059875.0,29080.0,,479.0,3.4,5942.0,0,,0,0.0,0
31089,2012,50056.0,569052.0,47768.0,8.7,16.5,4.318526345373502,1.2,45.9,11.108601065883253,,,4516.0,136066468.0,30128.0,,538.0,3.1,5960.0,0,,0,0.0,0
31089,2013,55392.0,616901.0,44427.0,10.2,19.0,4.32557327836173,1.2,45.8,12.170612106065446,,,4548.0,141597087.0,31133.0,,551.0,3.1,5995.0,0,,0,0.0,0
31089,2014,56818.0,647185.0,45782.0,11.6,20.1,4.324329701952042,1.4,45.5,12.009175613916495,,,4548.0,150755165.0,33145.0,,562.0,2.6,5925.0,0,,0,0.0,0
31089,2015,57797.0,671689.0,46728.0,11.8,20.9,4.310235835975588,0.9,45.5,10.829161899514064,,,4581.0,152216476.0,33230.0,,573.0,2.4,5890.0,0,,0,0.0,0
31089,2016,51841.0,630271.0,49607.0,9.7,21.2,4.294483868119551,1.3,45.3,10.902481152067969,,,4594.0,156509751.0,34068.0,,574.0,2.5,5892.0,0,,0,0.0,0
31089,2017,50772.0,642379.0,52050.0,8.9,21.0,4.266710661636538,1.1,44.1,10.84008144568248,,,4518.0,160141372.0,35443.0,,568.0,2.5,5805.0,0,,0,0.0,0
31089,2018,49971.0,608421.0,57468.0,8.4,21.2,4.246813439081544,1.1,43.2,10.48203602893246,,,4487.0,163138375.0,36361.0,,561.0,2.6,5814.0,0,,0,0.0,0
31089,2019,52500.0,631276.0,60387.0,7.8,22.4,4.218625707128636,1.1,42.8,10.601124198614771,,,4434.0,166058666.0,37451.0,,544.0,2.6,5809.0,0,,0,0.0,0
31089,2020,59234.0,665161.0,60214.0,6.5,24.2,4.196241331754268,1.1,43.1,10.311236748721646,,,4279.0,172442098.0,40302.0,,525.0,2.5,5770.0,0,,0,0.0,0
31089,2021,69434.0,694193.0,60592.0,8.6,26.3,4.2177966561888445,1.2,42.4,10.357006360071416,,,4180.0,174883119.0,41841.0,,530.0,1.8,5688.0,0,,0,0.0,0
31089,2022,64258.0,636333.0,66325.0,9.9,27.5,4.207018993971556,1.3,42.3,10.20759821548813,,,4163.0,182846406.0,43925.0,1.0,536.0,1.7,5676.0,0,,0,0.0,0
31091,2010,32470.0,26301.0,38750.0,,22.1,0.9567918353763382,1.9,51.4,10.261794857979709,,,298.0,6106040.0,20513.0,,36.0,5.1,409.0,0,,0,0.0,0
31091,2011,36177.0,28074.0,39125.0,,26.5,0.9956181707249432,1.8,49.8,10.52136576753159,,,342.0,7441908.0,21739.0,,37.0,4.5,446.0,0,,0,0.0,0
31091,2012,34698.0,24705.0,38750.0,12.2,24.8,0.9554051805424594,2.9,47.8,11.320027332526678,,,338.0,7409982.0,21907.0,,41.0,4.6,438.0,0,,0,0.0,0
31091,2013,34449.0,35950.0,39327.0,12.8,24.7,0.974818348216762,3.4,51.1,11.352143770294298,,,327.0,7275845.0,22267.0,,39.0,4.6,433.0,0,,0,0.0,0
31091,2014,44095.0,48770.0,38011.0,16.4,23.6,0.9540185257085808,2.8,57.2,11.41125290560352,,,323.0,7605569.0,23583.0,,37.0,4.2,424.0,0,,0,0.0,0
31091,2015,44363.0,53244.0,37317.0,18.9,23.1,0.9443119418714294,2.9,57.9,11.831868262917984,,,306.0,7606721.0,24886.0,,35.0,4.2,406.0,0,,0,0.0,0
31091,2016,44149.0,49965.0,38616.0,16.2,23.7,0.9276720838648844,1.9,59.5,12.308330703060928,,,302.0,7528887.0,24965.0,,37.0,3.6,394.0,0,,0,0.0,0
31091,2017,39709.0,28318.0,41607.0,17.4,25.6,0.9484719063730656,1.0,58.0,12.638666479356951,,,320.0,8059334.0,25185.0,,39.0,3.8,399.0,0,,0,0.0,0
31091,2018,44833.0,33528.0,39115.0,17.0,23.9,0.958178490210217,0.4,55.9,12.739436946343895,,,322.0,8728339.0,27072.0,,38.0,3.7,406.0,0,,0,0.0,0
31091,2019,45319.0,29144.0,41125.0,15.3,26.4,0.9609517998779744,3.4,53.3,12.776493621419064,,,346.0,9063251.0,26232.0,,38.0,3.1,424.0,0,,0,0.0,0
31091,2020,46448.0,28066.0,48654.0,11.5,24.8,1.0275112319041544,2.7,46.1,,,,332.0,9645246.0,29037.0,,38.0,2.7,409.0,0,,0,0.0,0
31091,2021,46859.0,27133.0,51333.0,8.6,26.4,0.9900715513894282,1.8,43.3,,,,352.0,10451149.0,29677.0,,41.0,1.7,423.0,0,,0,0.0,0
31091,2022,46987.0,27248.0,43333.0,8.1,27.1,0.9138055355260968,3.2,40.9,,,,333.0,9984542.0,29946.0,,42.0,2.7,407.0,0,,0,0.0,0
31093,2010,35133.0,157664.0,45453.0,,13.9,11.0689959215791,4.5,42.6,9.290393059949082,,,1429.0,38243017.0,26764.0,,180.0,4.5,3342.0,0,,0,0.0,0
31093,2011,41003.0,190096.0,46358.0,,15.5,11.06197021804271,5.0,43.1,9.02248778877068,,,1438.0,38476740.0,26760.0,,177.0,4.1,3396.0,0,,0,0.0,0
31093,2012,39696.0,170415.0,48293.0,9.5,15.4,11.054944514506325,4.9,43.2,9.817777037066255,,,1456.0,41339485.0,28402.0,,184.0,3.5,3416.0,0,,0,0.0,0
31093,2013,42759.0,193607.0,49088.0,10.3,17.8,11.07953447688368,5.2,43.2,10.109213292265116,,,1500.0,44259869.0,29513.0,,197.0,3.6,3413.0,0,,0,0.0,0
31093,2014,43114.0,193846.0,48750.0,10.0,18.7,11.091829458072358,5.1,43.6,12.139149943335756,,,1555.0,46408612.0,29843.0,,200.0,3.7,3369.0,0,,0,0.0,0
31093,2015,45373.0,224967.0,50030.0,10.4,19.2,11.14803508636346,4.0,43.3,10.688452513388874,,,1622.0,50820968.0,31340.0,,208.0,3.6,3322.0,0,,0,0.0,0
31093,2016,44934.0,241640.0,52247.0,9.5,20.3,11.179650752277206,3.3,43.3,10.66451427751226,,,1608.0,52125416.0,32420.0,,210.0,3.3,3318.0,0,,0,0.0,0
31093,2017,42039.0,203962.0,53648.0,10.2,20.1,11.214779269959148,4.0,43.3,10.720703734087634,,,1603.0,53504631.0,33369.0,,217.0,3.1,3349.0,0,,0,0.0,0
31093,2018,42698.0,203852.0,54399.0,10.5,20.5,11.249907787641083,3.3,43.1,10.27850007085453,,,1610.0,54543494.0,33878.0,,224.0,3.1,3394.0,0,,0,0.0,0
31093,2019,47405.0,225380.0,59348.0,7.9,21.1,11.27098489825025,3.5,43.1,10.310638928810688,,,1561.0,55622567.0,35635.0,,225.0,3.6,3413.0,0,,0,0.0,0
31093,2020,52556.0,224627.0,59432.0,6.1,21.7,11.290305582975316,3.4,42.6,10.209396665244482,,,1528.0,57098834.0,37377.0,,219.0,4.4,3405.0,0,,0,0.0,0
31093,2021,58035.0,233603.0,64167.0,6.4,20.2,11.348267637150515,5.5,42.4,10.213323776891183,,,1561.0,59948096.0,38400.0,,213.0,2.3,3430.0,0,,0,0.0,0
31093,2022,56871.0,214986.0,70766.0,4.9,22.3,11.37461402541197,4.0,42.6,10.081230893076858,,,1646.0,65798879.0,39979.0,,214.0,1.9,3491.0,0,,0,0.0,0
31095,2010,36643.0,380987.0,42665.0,,14.7,13.518585424200865,6.7,46.1,8.24995125130543,,,3110.0,85550562.0,27510.0,,270.0,4.8,4245.0,0,,0,0.0,0
31095,2011,43136.0,440368.0,42979.0,,13.6,13.36249381772008,5.5,46.0,8.790462506949575,,,3241.0,95346359.0,29416.0,,268.0,4.3,4377.0,0,,0,0.0,0
31095,2012,40747.0,406826.0,43407.0,13.7,12.9,13.280063418792029,7.0,47.0,9.341770354558165,,,3244.0,96051264.0,29609.0,,309.0,3.7,4313.0,0,,0,0.0,0
31095,2013,44111.0,446788.0,44843.0,13.6,13.5,13.264278874316442,7.0,46.6,9.153711224712096,,,3270.0,97746112.0,29893.0,,318.0,3.6,4332.0,0,,0,0.0,0
31095,2014,44003.0,506815.0,44449.0,14.0,13.2,13.162556254362674,6.2,46.0,9.234068560124058,,,3304.0,103862128.0,31440.0,,317.0,3.0,4302.0,0,,0,0.0,0
31095,2015,44293.0,451023.0,43008.0,12.5,13.7,13.036279898557996,4.0,45.5,9.678804224256254,,,3343.0,111271183.0,33284.0,,319.0,2.7,4291.0,0,,0,0.0,0
31095,2016,43802.0,443388.0,44616.0,11.7,14.9,12.897726674827862,3.2,45.7,9.843312153968489,,,3343.0,112654420.0,33696.0,,315.0,2.4,4245.0,0,,0,0.0,0
31095,2017,43908.0,442522.0,46576.0,10.6,14.7,12.760927289372791,2.1,45.7,10.131819758039104,,,3323.0,115825808.0,34852.0,,304.0,2.5,4235.0,0,,0,0.0,0
31095,2018,45347.0,421005.0,43295.0,12.0,15.3,12.606589521167074,1.7,45.7,9.748936812947138,,,3312.0,116742708.0,35244.0,,289.0,2.5,4205.0,0,,0,0.0,0
31095,2019,47798.0,430431.0,44510.0,11.2,17.8,12.529420637064216,1.7,46.5,9.748470969030029,,,3286.0,124032119.0,37750.0,,276.0,2.8,4199.0,0,,0,0.0,0
31095,2020,49412.0,419971.0,48981.0,10.7,18.3,12.455759429511486,1.7,47.1,9.034933740919906,,,3291.0,130588805.0,39686.0,,270.0,2.8,4237.0,0,,0,0.0,0
31095,2021,58048.0,469446.0,51587.0,10.7,16.9,12.6504354780437,1.7,45.5,8.747062321261716,,,3294.0,138031532.0,41909.0,,281.0,1.9,4188.0,0,,0,0.0,0
31095,2022,55716.0,425621.0,54494.0,11.1,19.3,12.60132800634188,1.1,45.8,8.508573361434184,,,3310.0,160332282.0,48441.0,,279.0,1.8,4186.0,0,,0,0.0,0
31097,2010,31514.0,283844.0,42083.0,,11.8,13.85627866781892,5.8,43.1,9.339318183373738,,,1888.0,60124947.0,31853.0,,155.0,4.7,2340.0,0,,0,0.0,0
31097,2011,33630.0,192734.0,43643.0,,11.1,13.827029183008708,6.1,43.1,9.665300926196876,,,1665.0,50872208.0,30558.0,,153.0,4.8,2216.0,0,,0,0.0,0
31097,2012,32117.0,191521.0,42689.0,14.3,12.3,13.795120654124842,8.2,43.7,10.498763497757292,,,1641.0,52472030.0,31969.0,,167.0,4.2,2188.0,0,,0,0.0,0
31097,2013,32501.0,179951.0,42364.0,13.7,12.8,13.77916638968291,8.1,44.2,10.993077563515252,,,1640.0,52357714.0,31921.0,,168.0,4.2,2178.0,0,,0,0.0,0
31097,2014,31906.0,175917.0,44057.0,11.7,13.2,13.768530213388289,3.9,43.6,10.953142465472665,,,1661.0,54889243.0,33056.0,,163.0,3.8,2169.0,0,,0,0.0,0
31097,2015,31813.0,179464.0,45429.0,11.8,14.7,13.739280728578075,3.6,42.3,10.995895975712228,,,1637.0,57940830.0,35398.0,,155.0,3.3,2132.0,0,,0,0.0,0
31097,2016,30896.0,162705.0,47938.0,12.5,16.0,13.739280728578075,3.3,42.1,11.33929437678423,,,1597.0,58391342.0,36563.0,,153.0,3.1,2103.0,0,,0,0.0,0
31097,2017,30667.0,167851.0,49564.0,10.1,17.3,13.827029183008708,2.2,41.1,11.349113458908787,,,1563.0,59448778.0,38033.0,,154.0,3.4,2095.0,0,,0,0.0,0
31097,2018,31958.0,172912.0,52794.0,9.4,16.0,13.819052050787745,2.0,40.6,11.062422896923472,,,1552.0,61452991.0,39609.0,,152.0,3.6,2099.0,0,,0,0.0,0
31097,2019,35188.0,179121.0,54712.0,8.5,17.5,13.723326464136145,1.6,40.9,11.146970300339463,,,1508.0,61508945.0,40800.0,,153.0,3.5,2088.0,0,,0,0.0,0
31097,2020,37696.0,171615.0,49382.0,7.2,18.7,13.608987568968956,2.5,39.8,11.217283958041511,,,1464.0,61687317.0,42143.0,,146.0,3.9,2078.0,0,,0,0.0,0
31097,2021,43938.0,191670.0,53696.0,6.7,18.7,14.08761550222695,2.0,38.6,11.21386564809458,,,1355.0,60972012.0,45001.0,,143.0,3.0,2001.0,0,,0,0.0,0
31097,2022,44202.0,195149.0,64352.0,6.1,19.0,14.076979325932328,1.4,40.3,11.438606038863313,,,1387.0,71576226.0,51617.0,,140.0,2.6,2013.0,0,,0,0.0,0
31099,2010,44674.0,361405.0,54518.0,,25.0,12.691697514542568,1.9,42.5,8.911178696068358,,,2202.0,63074157.0,28642.0,,211.0,3.6,3790.0,0,,0,0.0,0
31099,2011,56640.0,387737.0,54611.0,,25.5,12.683949225461651,2.1,42.3,9.336387950539557,,,2259.0,65062627.0,28808.0,,219.0,3.3,3906.0,0,,0,0.0,0
31099,2012,56251.0,411685.0,54485.0,4.9,27.1,12.618088768273854,2.9,41.9,10.08658048636244,,,2318.0,71696304.0,30931.0,,236.0,2.8,3927.0,0,,0,0.0,0
31099,2013,71885.0,465083.0,56466.0,4.9,26.4,12.625837057354772,4.0,41.0,9.999092994564572,,,2285.0,73686500.0,32244.0,,239.0,2.7,3893.0,0,,0,0.0,0
31099,2014,83608.0,445276.0,55670.0,5.9,24.9,12.707194092704404,4.8,41.0,10.07580144272734,,,2253.0,76150844.0,33801.0,,235.0,2.4,3851.0,0,,0,0.0,0
31099,2015,94420.0,458602.0,51934.0,6.3,24.1,12.68588629773188,3.8,40.8,10.311712623827582,,,2249.0,77854625.0,34621.0,,236.0,2.2,3807.0,0,,0,0.0,0
31099,2016,63653.0,427115.0,55068.0,6.9,23.9,12.683949225461651,3.6,40.1,10.32505617780864,,,2185.0,76999726.0,35239.0,,236.0,2.3,3761.0,0,,0,0.0,0
31099,2017,51652.0,338602.0,53207.0,9.4,22.3,12.682012153191422,3.4,40.6,10.928949231139608,,,2217.0,80944601.0,36511.0,,234.0,2.2,3791.0,0,,0,0.0,0
31099,2018,51400.0,331044.0,56952.0,10.6,22.7,12.691697514542568,2.8,40.1,9.899631906593154,,,2209.0,84309102.0,38171.0,,221.0,2.1,3803.0,0,,0,0.0,0
31099,2019,57604.0,343968.0,60266.0,9.9,26.7,12.647144852327294,2.8,39.6,9.903305352496726,,,2219.0,86307886.0,38898.0,,209.0,2.3,3836.0,0,,0,0.0,0
31099,2020,61143.0,338827.0,62899.0,10.0,26.4,12.761432116270823,2.2,39.1,9.48428326661199,,,2157.0,89017007.0,41269.0,,210.0,3.3,3843.0,0,,0,0.0,0
31099,2021,73180.0,367292.0,68606.0,9.2,26.9,12.86022280205252,1.7,38.6,9.342180347466064,,,2152.0,89739788.0,41699.0,,216.0,1.9,3819.0,0,,0,0.0,0
31099,2022,77335.0,348508.0,74276.0,9.5,30.9,12.89121595837619,1.6,38.3,9.166992210856964,,,2024.0,94971553.0,46921.0,,215.0,1.7,3731.0,0,,0,0.0,0
31101,2010,33741.0,314884.0,42898.0,,19.5,7.870070374779608,3.6,46.0,11.618853397019658,,,3151.0,87161210.0,27666.0,,385.0,4.3,4578.0,0,,0,0.0,0
31101,2011,39306.0,349910.0,42705.0,,19.7,7.85688452206935,3.1,47.2,11.830985059257536,,,3190.0,89904374.0,28188.0,,390.0,4.1,4656.0,0,,0,0.0,0
31101,2012,40991.0,364041.0,43662.0,11.3,20.3,7.802257417983997,3.5,48.2,12.31170612766553,,,3243.0,92305626.0,28467.0,,440.0,3.6,4655.0,0,,0,0.0,0
31101,2013,42472.0,378575.0,41970.0,11.2,20.4,7.76740909296403,3.9,48.5,12.390960778207852,,,3323.0,97157352.0,29241.0,,452.0,3.5,4697.0,0,,0,0.0,0
31101,2014,42396.0,371457.0,42326.0,11.9,22.0,7.728793381455417,3.5,48.5,12.22142692710388,,,3349.0,99444355.0,29695.0,,459.0,2.8,4668.0,0,,0,0.0,0
31101,2015,43165.0,401502.0,41781.0,11.6,20.7,7.672282584125741,2.8,49.1,10.805608196752283,,,3430.0,109870978.0,32034.0,,448.0,2.7,4702.0,0,,0,0.0,0
31101,2016,42870.0,411668.0,43100.0,12.8,21.6,7.631783179372806,4.0,48.7,10.931478529988942,,,3380.0,111390346.0,32953.0,,444.0,2.9,4643.0,0,,0,0.0,0
31101,2017,41436.0,366504.0,45078.0,13.1,22.0,7.656271191548999,2.8,49.7,10.928513103904294,,,3341.0,111003381.0,33225.0,,436.0,3.1,4633.0,0,,0,0.0,0
31101,2018,44154.0,375396.0,48901.0,11.7,20.7,7.628015792884161,3.7,49.5,10.614641293797892,,,3279.0,113373643.0,34581.0,,415.0,3.1,4604.0,0,,0,0.0,0
31101,2019,45056.0,383702.0,50735.0,12.4,20.5,7.598818547597162,3.4,49.3,10.654642810071367,,,3284.0,118557626.0,36099.0,,408.0,3.3,4670.0,0,,0,0.0,0
31101,2020,50177.0,393275.0,52169.0,15.3,19.3,7.579981615153936,3.7,49.3,10.4342601337074,,,3199.0,120681557.0,37723.0,,401.0,3.2,4668.0,0,,0,0.0,0
31101,2021,55770.0,412026.0,54303.0,13.0,20.2,7.828629123404513,2.7,49.6,10.420652098304211,,,3245.0,129988768.0,40057.0,,415.0,2.1,4657.0,0,,0,0.0,0
31101,2022,55396.0,393765.0,59511.0,11.9,19.9,7.820152503805061,2.6,49.1,10.293669521741544,,,3283.0,137567527.0,41907.0,,415.0,1.7,4674.0,0,,0,0.0,0
31103,2010,31938.0,22597.0,32000.0,,14.0,0.9572150732916298,0.0,53.9,11.395679965908792,,,125.0,2950410.0,23603.0,,31.0,3.7,568.0,0,,0,0.0,0
31103,2011,51462.0,33938.0,38125.0,,14.4,0.98696635259664,0.0,54.1,11.14031828177682,,,134.0,3418099.0,25556.0,,32.0,3.0,602.0,0,,0,0.0,0
31103,2012,55527.0,37020.0,33472.0,18.6,14.9,0.9598021410572828,0.0,53.7,11.898225340473894,,,132.0,3541400.0,26914.0,,31.0,3.0,605.0,0,,0,0.0,0
31103,2013,65197.0,40966.0,36923.0,15.5,17.2,0.9028866502129156,0.2,53.3,12.43418202801374,,,150.0,3628988.0,24220.0,,33.0,3.3,609.0,0,,0,0.0,0
31103,2014,80448.0,53857.0,39028.0,15.3,15.8,0.9585086071744564,0.2,52.5,12.420132576630088,,,155.0,4013520.0,25894.0,,33.0,2.7,620.0,0,,0,0.0,0
31103,2015,70975.0,55671.0,38625.0,14.9,15.5,0.9197025906896604,1.1,52.8,13.038567001193458,,,162.0,4717444.0,29060.0,,35.0,2.1,663.0,0,,0,0.0,0
31103,2016,56660.0,45401.0,43333.0,10.5,18.8,0.9520409377603236,0.7,52.5,13.158418286423936,,,151.0,3939101.0,26159.0,,34.0,2.1,623.0,0,,0,0.0,0
31103,2017,47545.0,30586.0,48864.0,7.7,20.6,0.9313443956350992,1.2,50.2,13.24506628678494,,,146.0,3827417.0,26275.0,,34.0,2.5,612.0,0,,0,0.0,0
31103,2018,46060.0,28022.0,49688.0,6.1,22.9,1.0244788351986092,0.0,45.4,12.879170001303969,,,143.0,4134736.0,28999.0,,32.0,2.3,602.0,0,,0,0.0,0
31103,2019,53331.0,30241.0,56500.0,7.5,25.0,0.9830857509481604,0.0,45.3,12.87139763290632,,,136.0,4489872.0,32953.0,,31.0,2.7,595.0,0,,0,0.0,0
31103,2020,67238.0,37509.0,55250.0,7.0,25.5,1.131842147473211,0.0,48.4,,,,137.0,4538285.0,33227.0,,32.0,2.2,585.0,0,,0,0.0,0
31103,2021,68087.0,29424.0,54583.0,6.1,27.8,1.2236830531538945,0.0,47.0,,,,141.0,4314232.0,30652.0,,35.0,1.7,584.0,0,,0,0.0,0
31103,2022,58816.0,26803.0,63977.0,8.6,28.8,1.276717942349782,0.2,46.4,,,,120.0,3763163.0,31251.0,2.0,35.0,2.0,548.0,0,,0,0.0,0
31105,2010,38309.0,153362.0,42010.0,,19.8,4.00654661733593,3.2,45.7,10.13879591434467,,,1409.0,40702374.0,28882.0,,160.0,4.8,2120.0,0,,0,0.0,0
31105,2011,48651.0,181347.0,43191.0,,19.8,3.985536933972868,4.6,45.6,10.465177864874118,,,1471.0,44461111.0,30225.0,,160.0,3.6,2181.0,0,,0,0.0,0
31105,2012,53964.0,175175.0,43542.0,10.8,17.3,3.9802845131321023,5.3,46.8,10.94851000806305,,,1526.0,56053097.0,36738.0,,177.0,3.2,2218.0,0,,0,0.0,0
31105,2013,47195.0,170489.0,42180.0,13.0,16.4,3.969779671450571,5.5,45.8,11.432836683089752,,,1514.0,58006630.0,38322.0,,177.0,3.2,2192.0,0,,0,0.0,0
31105,2014,46936.0,176317.0,42219.0,12.6,15.9,3.9498204722556625,6.1,46.1,12.23787752048838,,,1586.0,64341619.0,40560.0,,177.0,2.5,2229.0,0,,0,0.0,0
31105,2015,43088.0,158357.0,40242.0,13.6,17.4,3.9078011055295385,5.1,45.7,14.025279149344078,,,1432.0,57898862.0,40435.0,,167.0,3.5,2059.0,0,,0,0.0,0
31105,2016,41862.0,156032.0,40344.0,10.3,15.6,3.900447716352467,5.4,46.6,12.252397072287636,,,1352.0,48216847.0,35666.0,,159.0,4.0,1982.0,0,,0,0.0,0
31105,2017,45139.0,149210.0,43017.0,11.4,17.5,3.874185612148639,6.0,46.0,12.893168790701662,,,1392.0,50571268.0,36341.0,,160.0,2.9,1991.0,0,,0,0.0,0
31105,2018,45143.0,161437.0,43856.0,9.5,18.2,3.852125444617424,7.3,45.6,15.137886391209484,,,1441.0,53737642.0,37296.0,,157.0,2.7,2044.0,0,,0,0.0,0
31105,2019,45272.0,156590.0,53403.0,10.8,16.1,3.8164089829002186,5.9,46.3,15.232346669408749,,,1441.0,55003056.0,38172.0,,159.0,3.1,2054.0,0,,0,0.0,0
31105,2020,51302.0,169876.0,48056.0,12.0,13.2,3.756531385315492,6.5,47.6,14.696327294752493,,,1368.0,55339204.0,40462.0,,164.0,3.6,1987.0,0,,0,0.0,0
31105,2021,56558.0,183703.0,55428.0,11.9,12.7,3.763884774492563,4.4,46.2,14.661879114302812,,,1356.0,55625863.0,41030.0,,164.0,2.3,1950.0,0,,0,0.0,0
31105,2022,61386.0,219740.0,53151.0,10.0,11.5,3.5663937508797803,2.2,47.8,14.25413254283274,,,1372.0,60220181.0,43903.0,,163.0,1.7,1950.0,0,,0,0.0,0
31107,2010,36251.0,367524.0,36798.0,,17.5,7.904781752422092,3.7,45.8,8.84769824036147,,,2886.0,69639624.0,24127.0,,331.0,4.2,4744.0,0,,0,0.0,0
31107,2011,45030.0,413923.0,38965.0,,17.7,7.855162601956077,3.4,46.1,9.602378691095367,,,2871.0,72774071.0,25351.0,,341.0,3.9,4765.0,0,,0,0.0,0
31107,2012,40312.0,341583.0,41372.0,13.6,17.8,7.801934786001626,3.5,46.6,10.3014817501375,,,2905.0,75290325.0,25915.0,,369.0,3.3,4781.0,0,,0,0.0,0
31107,2013,40276.0,324789.0,42230.0,14.0,17.0,7.773967628466236,4.0,47.0,10.177526946210966,,,2911.0,79352367.0,27259.0,,369.0,3.4,4792.0,0,,0,0.0,0
31107,2014,43077.0,340535.0,43709.0,13.8,18.9,7.734272308093425,4.3,47.4,11.900056869714572,,,2921.0,82908980.0,28380.0,,368.0,3.1,4735.0,0,,0,0.0,0
31107,2015,43354.0,368836.0,45411.0,13.5,19.1,7.718935479767566,3.3,47.6,10.653473941248306,,,2950.0,87310690.0,29602.0,,367.0,3.2,4736.0,0,,0,0.0,0
31107,2016,41925.0,380258.0,47692.0,12.5,20.2,7.714424647907019,3.0,47.3,10.738284927866856,,,2966.0,91797123.0,30947.0,,362.0,3.0,4745.0,0,,0,0.0,0
31107,2017,44016.0,399795.0,48072.0,12.3,20.8,7.664805497441005,3.1,47.2,10.671031782124308,,,2949.0,93845273.0,31823.0,,349.0,3.5,4734.0,0,,0,0.0,0
31107,2018,44262.0,385733.0,49752.0,10.9,21.7,7.632327508045068,3.2,46.9,10.317319291064956,,,2923.0,97780740.0,33456.0,,344.0,3.2,4690.0,0,,0,0.0,0
31107,2019,47536.0,436738.0,52332.0,9.3,21.6,7.601653851393351,2.9,45.6,10.424805931252278,,,2892.0,101740757.0,35179.0,,335.0,3.0,4667.0,0,,0,0.0,0
31107,2020,53400.0,495276.0,53653.0,9.5,19.7,7.578197525718508,3.5,45.5,10.210829164096626,,,2866.0,107031833.0,37351.0,,329.0,3.0,4690.0,0,,0,0.0,0
31107,2021,60272.0,665927.0,58043.0,10.2,18.8,7.608871182370225,4.1,44.2,10.23297173733796,,,2863.0,107164193.0,37433.0,,340.0,2.1,4670.0,0,,0,0.0,0
31107,2022,62275.0,623917.0,61250.0,12.0,18.9,7.591730021300148,4.1,43.9,10.111491432005996,,,2852.0,112789370.0,39543.0,1.0,337.0,2.1,4668.0,0,,0,0.0,0
31109,2010,38732.0,15614712.0,50849.0,,35.3,333.6210735695669,5.3,32.4,8.95401484680679,,,152806.0,5689800350.0,37235.0,174.0,8079.0,4.3,162326.0,0,,0,0.0,0
31109,2011,40273.0,15575904.0,51059.0,,35.9,337.80345550950915,5.9,32.5,9.14911536687938,,,153760.0,5881269459.0,38250.0,174.0,8106.0,4.0,164218.0,0,,0,0.0,0
31109,2012,41953.0,15762713.0,51810.0,14.3,35.9,341.975091963451,6.1,32.6,9.789759368159748,,,157559.0,6169324374.0,39156.0,194.0,9261.0,3.5,167268.0,0,,0,0.0,0
31109,2013,41506.0,16067331.0,51574.0,15.2,36.1,346.0918070445018,6.4,32.7,10.217063237242934,,,160370.0,6342698377.0,39550.0,274.0,9684.0,3.4,168376.0,0,,0,0.0,0
31109,2014,42675.0,16905272.0,51916.0,14.9,36.2,350.6920689955717,6.0,32.8,10.539530404840407,,,162804.0,6611459567.0,40610.0,251.0,9907.0,3.0,168083.0,0,,0,0.0,0
31109,2015,44475.0,17507054.0,51830.0,14.7,36.7,355.8904963339983,5.1,32.9,10.616592450553188,,,166057.0,6959994796.0,41913.0,306.0,9929.0,2.6,168174.0,0,,0,0.0,0
31109,2016,44771.0,17865702.0,53730.0,14.3,37.3,360.2209271921687,4.4,33.0,10.887425775489858,,,168495.0,7197226692.0,42715.0,266.0,10147.0,2.8,169981.0,0,,0,0.0,0
31109,2017,46507.0,18813151.0,55747.0,14.0,37.9,365.7727616257203,3.9,33.2,10.96288043410519,,,168467.0,7420540377.0,44048.0,277.0,10263.0,2.7,172124.0,0,,0,0.0,0
31109,2018,48483.0,19150143.0,58009.0,13.1,38.8,370.2345262016737,3.4,33.3,10.68422675245858,,,171353.0,7766328973.0,45324.0,283.0,10200.0,2.6,176934.0,0,,0,0.0,0
31109,2019,50392.0,19582554.0,60527.0,12.5,39.5,373.8927672133731,3.2,33.5,10.776736931940237,,,172990.0,8057207087.0,46576.0,287.0,10071.0,2.8,179733.0,0,,0,0.0,0
31109,2020,53475.0,19435359.0,62464.0,11.9,39.8,377.2572982743943,3.4,33.8,10.827684788099852,,,165194.0,8286060425.0,50160.0,312.0,9819.0,4.3,178492.0,0,,0,0.0,0
31109,2021,59552.0,20350152.0,65086.0,12.0,40.1,382.42110126904186,3.2,34.0,10.808137870221824,,,167099.0,8791905345.0,52615.0,335.0,10370.0,2.5,177655.0,0,,0,0.0,0
31109,2022,61748.0,21608253.0,70387.0,11.8,40.9,384.5248286393468,3.2,34.1,10.960016212835054,,,169665.0,9332857889.0,55007.0,297.0,10521.0,2.0,179486.0,0,,0,0.0,0
31111,2010,37544.0,2006486.0,45181.0,,19.0,14.104924068108604,5.4,39.1,8.986713939472894,,,14665.0,463660786.0,31617.0,,1168.0,4.6,19374.0,0,,0,0.0,0
31111,2011,42035.0,2077043.0,49521.0,,19.2,14.117403885903268,5.6,38.7,9.5357279689301,,,14434.0,473125335.0,32779.0,,1171.0,4.4,19429.0,0,,0,0.0,0
31111,2012,44251.0,2246216.0,49382.0,9.6,18.4,14.122473811882347,5.8,38.7,10.15640061196326,,,14624.0,493507771.0,33746.0,,1314.0,3.8,19236.0,0,,0,0.0,0
31111,2013,44793.0,2405127.0,48158.0,11.4,19.4,14.089714290171363,5.6,39.1,10.219126222998163,,,14670.0,497102272.0,33885.0,,1370.0,3.7,19181.0,0,,0,0.0,0
31111,2014,48755.0,2334925.0,49250.0,12.6,19.9,14.060854711521213,4.7,39.1,11.592968264525448,,,14673.0,517178581.0,35248.0,,1374.0,3.2,18742.0,0,,0,0.0,0
31111,2015,50137.0,2462485.0,50194.0,12.8,20.0,13.999235611160078,4.2,40.1,10.68941940073902,,,14675.0,539205448.0,36744.0,,1352.0,2.9,18611.0,0,,0,0.0,0
31111,2016,47299.0,2575508.0,52179.0,12.0,21.7,13.952826288736183,3.1,40.2,10.839752500843352,,,14926.0,560333846.0,37541.0,,1334.0,3.1,18815.0,0,,0,0.0,0
31111,2017,46055.0,2378036.0,55875.0,12.6,22.2,13.871707473070892,2.7,40.4,10.906807428252316,,,14779.0,568206498.0,38446.0,,1321.0,3.1,18625.0,0,,0,0.0,0
31111,2018,47272.0,2297209.0,56794.0,12.2,22.1,13.818668247443588,2.7,40.3,10.692990162498845,,,14529.0,576949779.0,39710.0,,1287.0,3.1,18526.0,0,,0,0.0,0
31111,2019,49355.0,2226066.0,59795.0,9.9,23.2,13.752369215409455,3.2,41.1,10.725227233172756,,,14340.0,582227992.0,40602.0,,1255.0,3.5,18566.0,0,,0,0.0,0
31111,2020,53041.0,2132042.0,59995.0,9.5,21.6,13.666180473765085,3.4,41.5,10.553475419855689,,,13978.0,606384107.0,43382.0,,1202.0,4.0,18542.0,0,,0,0.0,0
31111,2021,62213.0,2261999.0,61309.0,11.0,21.3,13.613141248137778,3.5,41.6,10.572586370539398,,,14229.0,649182580.0,45623.0,,1237.0,2.3,18501.0,0,,0,0.0,0
31111,2022,66615.0,2235337.0,63019.0,11.0,20.2,13.467283377662689,3.4,42.2,10.474180022408802,,,14373.0,687201231.0,47811.0,15.0,1213.0,2.0,18408.0,0,,0,0.0,0
31113,2010,35304.0,24190.0,45192.0,,18.8,1.1950278430974002,2.8,45.1,9.589351685138505,,,204.0,5009933.0,24579.0,,36.0,4.7,492.0,0,,0,0.0,0
31113,2011,49786.0,31905.0,45625.0,,19.8,1.2563562514675013,0.0,45.8,10.098737326944969,,,196.0,4974901.0,25328.0,,36.0,3.5,509.0,0,,0,0.0,0
31113,2012,43944.0,28229.0,44444.0,7.8,14.8,1.2686219331415214,0.0,50.5,10.765194455356642,,,199.0,5129376.0,25776.0,,39.0,3.0,504.0,0,,0,0.0,0
31113,2013,46713.0,33845.0,44417.0,12.1,19.9,1.3790130682077035,1.0,47.4,10.845941870742994,,,195.0,5198733.0,26672.0,,42.0,3.2,502.0,0,,0,0.0,0
31113,2014,58385.0,37862.0,45179.0,12.0,20.4,1.2896488160112705,1.4,45.0,10.932505251621151,,,196.0,5266315.0,26869.0,,41.0,3.0,495.0,0,,0,0.0,0
31113,2015,54028.0,44103.0,48281.0,11.0,22.0,1.4911564435130316,0.9,44.8,11.4856843093404,,,191.0,5455163.0,28536.0,,42.0,3.0,495.0,0,,0,0.0,0
31113,2016,47771.0,41591.0,51346.0,11.8,20.8,1.4543593984909708,0.9,43.3,11.819199977877023,,,187.0,5619606.0,30051.0,,40.0,2.9,486.0,0,,0,0.0,0
31113,2017,44720.0,29927.0,50278.0,9.7,22.7,1.6103087797749422,1.1,38.9,12.06880231504645,,,184.0,5661153.0,30851.0,,39.0,2.7,475.0,0,,0,0.0,0
31113,2018,50823.0,33578.0,51607.0,7.9,19.7,1.552484851883133,0.0,38.9,12.289905000521976,,,193.0,5879920.0,30453.0,,40.0,3.0,471.0,0,,0,0.0,0
31113,2019,50180.0,28369.0,52708.0,11.3,19.6,1.6243267016881082,0.4,38.6,12.329886742517612,,,191.0,6010942.0,31402.0,,41.0,2.9,478.0,0,,0,0.0,0
31113,2020,54607.0,31596.0,45990.0,11.0,23.2,1.5700072542745902,0.2,39.4,,,,188.0,6240036.0,33280.0,,42.0,2.5,476.0,0,,0,0.0,0
31113,2021,58523.0,27546.0,60250.0,8.6,26.4,1.515687806861072,0.9,40.3,,,,186.0,6381028.0,34353.0,,40.0,1.7,470.0,0,,0,0.0,0
31113,2022,57567.0,25236.0,69250.0,9.2,25.3,1.4701295606432825,0.4,44.8,,,,198.0,7154921.0,36182.0,,40.0,2.1,483.0,0,,0,0.0,0
31115,2010,31088.0,10448.0,34219.0,,10.0,1.1268435426541337,1.3,47.0,10.03319185573724,,,90.0,2058656.0,22916.0,,19.0,5.7,368.0,0,,0,0.0,0
31115,2011,36269.0,12209.0,36250.0,,14.7,1.1871784724970322,0.0,44.9,10.336227795339008,,,93.0,2076676.0,22330.0,,20.0,4.7,379.0,0,,0,0.0,0
31115,2012,40799.0,16182.0,37708.0,23.4,13.5,0.9476133098855234,0.0,47.5,11.210646926255892,,,112.0,2254313.0,20083.0,,23.0,3.6,391.0,0,,0,0.0,0
31115,2013,46416.0,23208.0,38125.0,25.8,12.6,1.0310174776095302,0.0,45.7,11.414626366564066,,,108.0,2221185.0,20630.0,,22.0,4.5,377.0,0,,0,0.0,0
31115,2014,66750.0,33362.0,55125.0,20.2,14.4,0.9919772288876546,0.0,48.3,11.489032884974678,,,112.0,2369395.0,21203.0,,21.0,3.9,382.0,0,,0,0.0,0
31115,2015,60629.0,45431.0,55417.0,12.4,18.6,0.972457104526717,0.7,51.8,11.99869798210906,,,107.0,2428001.0,22692.0,,20.0,3.4,379.0,0,,0,0.0,0
31115,2016,54285.0,52314.0,56750.0,10.0,21.9,0.9618097639662054,0.3,51.0,12.30130311604081,,,120.0,2702819.0,22492.0,,20.0,3.5,398.0,0,,0,0.0,0
31115,2017,53829.0,38412.0,58625.0,8.9,22.9,0.9529369801657792,0.7,52.8,12.665075555328947,,,122.0,2874668.0,23611.0,,21.0,3.0,402.0,0,,0,0.0,0
31115,2018,56088.0,40304.0,53125.0,8.2,23.2,1.0381157046498712,0.7,56.9,12.398027547489598,,,121.0,3001255.0,24736.0,,21.0,3.2,403.0,0,,0,0.0,0
31115,2019,57559.0,35778.0,51000.0,8.6,25.3,1.073606839851576,0.6,53.2,12.41502306704413,,,122.0,2999497.0,24637.0,,21.0,4.0,421.0,0,,0,0.0,0
31115,2020,62615.0,32663.0,46111.0,8.8,20.6,1.2244441644588224,0.0,44.5,,,,115.0,3239448.0,28169.0,,23.0,3.2,409.0,0,,0,0.0,0
31115,2021,65988.0,27701.0,46667.0,6.2,18.0,1.1800802454566912,0.0,43.2,,,,118.0,3336179.0,28333.0,,24.0,2.2,404.0,0,,0,0.0,0
31115,2022,60141.0,24575.0,50000.0,7.9,19.5,1.1161962020936222,0.0,43.4,,,,121.0,3638610.0,30133.0,,22.0,2.4,410.0,0,,0,0.0,0
31117,2010,29067.0,13016.0,50625.0,,24.3,0.5690976485443786,0.4,36.6,10.313530168090873,,,54.0,1288384.0,23859.0,,13.0,2.8,352.0,0,,0,0.0,0
31117,2011,42079.0,15449.0,57917.0,,22.7,0.4783213365066249,1.2,43.5,10.631554404048597,,,56.0,1367603.0,24568.0,,13.0,2.5,366.0,0,,0,0.0,0
31117,2012,40463.0,12036.0,51563.0,12.9,24.9,0.4050020075530547,2.9,49.0,11.320027332526678,,,56.0,1423610.0,25309.0,,12.0,3.3,359.0,0,,0,0.0,0
31117,2013,40447.0,17131.0,54926.0,13.6,26.3,0.444571169210537,2.2,43.7,11.352143770294298,,,59.0,1575460.0,26703.0,,11.0,3.8,371.0,0,,0,0.0,0
31117,2014,68866.0,27445.0,57763.0,11.5,25.6,0.4957783195908083,1.5,46.0,11.41125290560352,,,65.0,1821210.0,27911.0,,12.0,2.3,439.0,0,,0,0.0,0
31117,2015,61323.0,34181.0,54306.0,14.8,24.5,0.5039249116967606,0.9,46.9,11.831868262917984,,,81.0,2384914.0,29504.0,,14.0,1.9,462.0,0,,0,0.0,0
31117,2016,50380.0,32735.0,53750.0,18.4,24.5,0.4946145207185294,0.0,48.0,12.308330703060928,,,78.0,2370739.0,30329.0,,13.0,2.4,466.0,0,,0,0.0,0
31117,2017,49210.0,25676.0,60714.0,16.0,25.2,0.5027611128244817,0.0,48.5,12.638666479356951,,,74.0,2270170.0,30887.0,,13.0,2.2,456.0,0,,0,0.0,0
31117,2018,44821.0,20251.0,48882.0,17.0,24.9,0.5283646880146173,0.0,50.9,12.739436946343895,,,69.0,2224564.0,32318.0,,12.0,2.7,447.0,0,,0,0.0,0
31117,2019,52125.0,21695.0,48125.0,17.2,22.0,0.4597005545501626,0.0,54.8,12.839109829388018,,,70.0,2376786.0,34198.0,,11.0,2.7,452.0,0,,0,0.0,0
31117,2020,69343.0,26972.0,51932.0,13.6,23.8,0.4887955263571349,0.0,58.1,,,,68.0,2247380.0,33253.0,,11.0,2.5,443.0,0,,0,0.0,0
31117,2021,69563.0,18522.0,53750.0,8.0,23.9,0.5528044643324741,0.0,56.1,,,,64.0,2655408.0,41545.0,,11.0,1.9,432.0,0,,0,0.0,0
31117,2022,63324.0,16634.0,58250.0,7.7,17.4,0.5306922857591752,0.0,56.3,,,,65.0,2711618.0,42041.0,,10.0,1.6,434.0,0,,0,0.0,0
31119,2010,36992.0,2026232.0,44089.0,,20.0,60.63336721257654,3.9,36.8,7.773817999771578,,,20545.0,655277082.0,31895.0,,1304.0,4.3,18923.0,0,,0,0.0,0
31119,2011,40010.0,2089887.0,45077.0,,20.9,60.45523923286217,4.0,37.1,8.353987701503721,,,20702.0,681830192.0,32935.0,,1315.0,4.1,19098.0,0,,0,0.0,0
31119,2012,41297.0,2124506.0,45717.0,14.0,21.0,60.71369943872223,4.2,37.2,11.4772393771981,,,21062.0,708892395.0,33657.0,,1485.0,3.6,19170.0,0,,0,0.0,0
31119,2013,41206.0,2126300.0,46566.0,14.2,20.8,61.113614216708406,4.6,37.0,11.70429865073804,,,21342.0,736462361.0,34508.0,,1505.0,3.4,19293.0,0,,0,0.0,0
31119,2014,42457.0,2244168.0,47622.0,15.0,21.3,61.30222031287656,3.7,37.1,11.59532487720946,,,21642.0,776241042.0,35868.0,,1518.0,2.9,19497.0,0,,0,0.0,0
31119,2015,43772.0,2275640.0,50218.0,15.0,20.2,61.31619113481494,3.1,37.5,10.513006383455576,,,21636.0,806644211.0,37282.0,,1522.0,2.7,19284.0,0,,0,0.0,0
31119,2016,43878.0,2265328.0,48673.0,14.9,19.7,61.34064007320711,3.1,36.8,10.599115796689356,,,21672.0,823164913.0,37983.0,,1532.0,2.7,19266.0,0,,0,0.0,0
31119,2017,45625.0,2321106.0,49865.0,16.0,20.4,61.23061985044236,3.2,36.9,10.5694829123106,,,21668.0,853495277.0,39390.0,,1522.0,2.7,19434.0,0,,0,0.0,0
31119,2018,47866.0,2413047.0,52857.0,15.8,22.4,61.40874783015672,3.0,36.8,10.261851808197951,,,21733.0,891364020.0,41015.0,,1487.0,2.6,19709.0,0,,0,0.0,0
31119,2019,50688.0,2442685.0,53188.0,14.9,23.0,61.262054199803714,3.1,36.6,10.301183736938128,,,22082.0,927875101.0,42019.0,,1458.0,2.8,20090.0,0,,0,0.0,0
31119,2020,53284.0,2363837.0,52334.0,14.3,23.7,61.162512093492744,3.2,36.6,10.237853726521983,,,21278.0,955663366.0,44914.0,,1409.0,3.9,19825.0,0,,0,0.0,0
31119,2021,61186.0,2469414.0,55375.0,12.0,24.3,62.08807904691053,3.1,36.7,10.295210639901493,,,21577.0,1023938419.0,47455.0,,1447.0,2.5,19916.0,0,,0,0.0,0
31119,2022,63613.0,2410783.0,61139.0,12.2,24.5,62.061883755776066,2.6,36.8,10.16067269937284,,,21692.0,1098454197.0,50639.0,,1419.0,2.0,19881.0,0,,0,0.0,0
31121,2010,37183.0,352042.0,46116.0,,13.5,15.975076909815929,6.1,42.1,8.604473304195716,,,2139.0,60155609.0,28122.0,,263.0,4.6,4193.0,0,,0,0.0,0
31121,2011,44740.0,378330.0,49262.0,,14.7,15.94224016385536,5.3,42.4,8.835180511453892,,,2158.0,64264007.0,29776.0,,262.0,4.3,4175.0,0,,0,0.0,0
31121,2012,43910.0,386302.0,49609.0,12.2,15.1,15.964815426703252,6.4,43.3,9.710102848742538,,,2271.0,70684960.0,31123.0,,289.0,3.6,4224.0,0,,0,0.0,0
31121,2013,46726.0,443214.0,50859.0,12.6,17.0,16.012018249021565,6.1,42.9,9.620443318062806,,,2315.0,76004692.0,32828.0,,308.0,3.6,4195.0,0,,0,0.0,0
31121,2014,48001.0,565335.0,49637.0,11.1,16.0,15.98739068955114,5.1,43.1,9.383770818405868,,,2381.0,80718759.0,33899.0,,307.0,3.8,4116.0,0,,0,0.0,0
31121,2015,52035.0,532901.0,51012.0,8.9,16.8,15.958658536835646,5.2,43.8,10.040368467829886,,,2297.0,82184134.0,35774.0,,297.0,3.7,4043.0,0,,0,0.0,0
31121,2016,47732.0,513100.0,50464.0,10.0,16.0,15.993547579418747,5.3,43.8,10.10874135678094,,,2263.0,82328017.0,36383.0,,292.0,3.6,4056.0,0,,0,0.0,0
31121,2017,45305.0,396060.0,53536.0,10.0,17.6,16.067430257830026,3.3,43.5,10.322234862427914,,,2311.0,86531883.0,37437.0,,297.0,2.8,4092.0,0,,0,0.0,0
31121,2018,43179.0,389463.0,54197.0,10.6,17.4,16.014070545644103,2.7,43.6,9.544193517734602,,,2322.0,91629918.0,39464.0,,286.0,2.9,4050.0,0,,0,0.0,0
31121,2019,48288.0,402348.0,55649.0,12.0,17.8,16.003809062531424,2.1,43.6,9.423790785484668,,,2271.0,92532331.0,40744.0,,283.0,3.3,4095.0,0,,0,0.0,0
31121,2020,52448.0,364792.0,52254.0,12.2,17.0,16.061273367962418,1.8,43.1,9.593766006410767,,,2126.0,84502181.0,39741.0,,277.0,4.0,4084.0,0,,0,0.0,0
31121,2021,58360.0,395247.0,57778.0,11.1,16.3,15.776004137429991,1.2,43.3,9.52745736915324,,,2160.0,88282841.0,40881.0,,286.0,2.4,4135.0,0,,0,0.0,0
31121,2022,59465.0,365141.0,57873.0,10.2,17.4,15.751376577959563,0.5,43.0,9.499082044669157,,,2240.0,102787605.0,45882.0,2.0,287.0,1.8,4195.0,0,,0,0.0,0
31123,2010,38353.0,250151.0,37717.0,,21.0,3.5610529930471335,5.0,43.3,10.144908900388486,,,1435.0,42945486.0,29918.0,,175.0,4.2,2646.0,0,,0,0.0,0
31123,2011,50498.0,302256.0,42075.0,,21.3,3.5477104557038293,5.6,42.6,11.104538367670022,,,1455.0,45700037.0,31413.0,,175.0,3.4,2659.0,0,,0,0.0,0
31123,2012,46723.0,247416.0,42025.0,14.7,20.7,3.506278366058832,6.6,43.1,12.27449283157148,,,1554.0,49333324.0,31751.0,,197.0,3.1,2698.0,0,,0,0.0,0
31123,2013,51844.0,296129.0,43886.0,13.8,18.3,3.4817000077948506,6.4,43.6,12.443286161761822,,,1576.0,53599584.0,34021.0,,207.0,3.1,2746.0,0,,0,0.0,0
31123,2014,57454.0,626015.0,45000.0,14.0,17.0,3.4536104554931577,5.1,41.9,12.254043789834784,,,1536.0,51606585.0,33591.0,,204.0,3.0,2683.0,0,,0,0.0,0
31123,2015,58778.0,700477.0,45910.0,11.7,17.8,3.4227119479612953,4.0,41.3,11.061478784650015,,,1525.0,54689203.0,35870.0,,203.0,2.9,2661.0,0,,0,0.0,0
31123,2016,56808.0,629630.0,43942.0,12.3,19.0,3.4009425449274833,3.5,41.6,11.170105961822614,,,1527.0,54881874.0,35931.0,,200.0,3.2,2663.0,0,,0,0.0,0
31123,2017,52980.0,645184.0,44201.0,9.4,18.9,3.4430768733800226,3.7,42.9,11.19217643980904,,,1528.0,54478384.0,35661.0,,199.0,3.0,2631.0,0,,0,0.0,0
31123,2018,53118.0,623413.0,45121.0,8.7,18.1,3.3995380673123985,5.6,42.5,10.912108216937163,,,1535.0,56712583.0,36954.0,,197.0,2.8,2615.0,0,,0,0.0,0
31123,2019,57995.0,505299.0,46194.0,8.7,19.5,3.357403738859859,6.9,42.3,10.984269195155631,,,1522.0,59113184.0,38829.0,,197.0,2.9,2639.0,0,,0,0.0,0
31123,2020,66021.0,520151.0,46903.0,9.7,22.1,3.308247022331896,5.3,41.9,10.46514395912665,,,1471.0,61071095.0,41512.0,,188.0,3.6,2640.0,0,,0,0.0,0
31123,2021,70937.0,311542.0,50859.0,7.5,19.6,3.2267873206569866,5.7,41.5,10.497252319467242,,,1479.0,64123852.0,43349.0,,193.0,2.5,2635.0,0,,0,0.0,0
31123,2022,69938.0,279914.0,57325.0,9.5,19.4,3.20361344000809,5.5,40.3,10.366526286446632,,,1504.0,67723686.0,45017.0,,192.0,2.0,2660.0,0,,0,0.0,0
31125,2010,35795.0,154694.0,41610.0,,11.6,8.503208800764495,5.3,44.7,7.932338599019294,,,959.0,26075980.0,27198.0,,134.0,4.0,1977.0,0,,0,0.0,0
31125,2011,44899.0,182489.0,43399.0,,12.7,8.473770261640677,5.6,44.6,8.617196845153329,,,1017.0,30115854.0,29622.0,,136.0,3.7,2064.0,0,,0,0.0,0
31125,2012,37404.0,153279.0,40714.0,14.1,12.1,8.446596225526383,5.8,44.9,9.582469250998344,,,1070.0,32614367.0,30495.0,,151.0,3.2,2094.0,0,,0,0.0,0
31125,2013,40549.0,148260.0,44286.0,12.6,13.2,8.39451265630732,5.1,45.4,9.844851261698077,,,1066.0,33169147.0,31103.0,,154.0,3.1,2072.0,0,,0,0.0,0
31125,2014,38453.0,139154.0,46220.0,11.4,14.4,8.30393253592634,3.5,46.0,9.987954690949872,,,1105.0,35430077.0,32059.0,,154.0,2.7,2072.0,0,,0,0.0,0
31125,2015,36192.0,127476.0,42500.0,13.8,16.5,8.240526451659655,3.2,45.9,10.410561384096985,,,1115.0,35930184.0,32212.0,,165.0,2.5,2073.0,0,,0,0.0,0
31125,2016,35012.0,107101.0,42429.0,12.4,17.3,8.16806235535487,3.2,45.8,10.345490216836144,,,1053.0,34732632.0,32977.0,,158.0,2.7,2011.0,0,,0,0.0,0
31125,2017,35811.0,142550.0,45428.0,11.7,18.3,8.082011240992939,2.0,45.4,10.53025317504797,,,1079.0,37119613.0,34407.0,,148.0,2.5,2037.0,0,,0,0.0,0
31125,2018,36741.0,130462.0,45833.0,11.3,19.8,8.04804369585007,3.3,44.3,10.002807904508328,,,1063.0,35589139.0,33483.0,,139.0,2.5,2036.0,0,,0,0.0,0
31125,2019,40287.0,112900.0,49032.0,11.4,18.3,8.025398665754826,3.2,44.8,9.88373306070158,,,1002.0,37118085.0,37044.0,,134.0,3.1,2010.0,0,,0,0.0,0
31125,2020,44752.0,116248.0,53147.0,11.9,18.4,7.982373108573861,4.2,45.1,9.83303694982795,,,941.0,34839354.0,37030.0,,124.0,3.2,1976.0,0,,0,0.0,0
31125,2021,56064.0,161290.0,55473.0,12.9,18.0,7.674400699278529,4.2,44.2,9.786127653783144,,,931.0,35062765.0,37661.0,,127.0,2.0,1954.0,0,,0,0.0,0
31125,2022,51536.0,146864.0,60054.0,13.6,19.0,7.622317130059465,4.4,44.0,9.685145868027709,,,915.0,37168332.0,40632.0,3.0,123.0,1.9,1960.0,0,,0,0.0,0
31127,2010,38832.0,588242.0,42534.0,,23.0,17.79432810394303,5.9,41.7,9.207918990581902,,,3091.0,135383167.0,43806.0,,230.0,5.4,3846.0,0,,0,0.0,0
31127,2011,45598.0,621662.0,41424.0,,23.6,17.77959973194363,6.5,41.8,9.373273784133616,,,3203.0,149532166.0,46687.0,,220.0,5.0,3963.0,0,,0,0.0,0
31127,2012,43785.0,629609.0,41929.0,9.5,24.6,17.73295988727886,7.6,41.5,10.11475901666098,,,3168.0,148465622.0,46860.0,,252.0,4.7,3877.0,0,,0,0.0,0
31127,2013,43749.0,764512.0,42672.0,10.4,24.9,17.691229499947223,7.9,40.9,10.670243937076943,,,3110.0,146531773.0,47110.0,,250.0,4.9,3810.0,0,,0,0.0,0
31127,2014,40759.0,616292.0,47875.0,9.3,27.1,17.70841260061319,8.8,39.8,10.94283036226684,,,3118.0,147300016.0,47237.0,,246.0,3.8,3728.0,0,,0,0.0,0
31127,2015,42292.0,644507.0,49656.0,8.6,27.8,17.595495081951118,8.0,39.1,10.99204623212901,,,3147.0,148436083.0,47161.0,,241.0,3.6,3704.0,0,,0,0.0,0
31127,2016,42785.0,746873.0,52736.0,10.8,28.8,17.43102826129114,6.5,37.8,11.337100925120938,,,3095.0,155170068.0,50132.0,,236.0,3.6,3637.0,0,,0,0.0,0
31127,2017,44481.0,688783.0,55536.0,11.5,28.0,17.28374454129713,5.7,38.0,11.348829502633976,,,3076.0,155408500.0,50517.0,,238.0,3.9,3637.0,0,,0,0.0,0
31127,2018,45694.0,558841.0,51922.0,12.4,28.1,17.192919580634154,4.5,39.3,11.05810849088867,,,3063.0,158762819.0,51827.0,,236.0,3.5,3656.0,0,,0,0.0,0
31127,2019,48079.0,606295.0,51828.0,11.6,27.8,17.116822991970583,4.1,39.3,11.133941760990416,,,3016.0,156287556.0,51819.0,,235.0,3.7,3673.0,0,,0,0.0,0
31127,2020,49829.0,589967.0,50236.0,14.8,28.0,17.129096635303416,5.5,38.4,11.217283958041511,,,2932.0,163784536.0,55853.0,,228.0,3.6,3626.0,0,,0,0.0,0
31127,2021,58964.0,696903.0,53081.0,13.7,29.4,17.24446888263206,5.6,38.6,11.21386564809458,,,2964.0,162706022.0,54897.0,,236.0,2.3,3636.0,0,,0,0.0,0
31127,2022,57582.0,674405.0,57196.0,15.3,30.5,17.229740510632656,6.4,38.6,11.438606038863313,,,2936.0,178321384.0,60745.0,,227.0,2.2,3611.0,0,,0,0.0,0
31129,2010,34780.0,195359.0,31761.0,,12.4,7.968286809642619,4.0,48.6,8.602451514468065,,,1427.0,36057948.0,25262.0,,188.0,4.2,2438.0,0,,0,0.0,0
31129,2011,47198.0,223528.0,32444.0,,13.0,7.890047030800393,4.2,49.2,8.873864252131236,,,1455.0,37819909.0,25990.0,,188.0,3.6,2497.0,0,,0,0.0,0
31129,2012,44653.0,217568.0,33875.0,16.7,12.6,7.80659126670202,3.3,49.3,9.583052067033716,,,1452.0,39528681.0,27217.0,,203.0,3.4,2471.0,0,,0,0.0,0
31129,2013,50769.0,250218.0,37594.0,11.1,13.7,7.757908737644636,3.5,49.7,9.502990125557968,,,1433.0,39675705.0,27692.0,,210.0,3.1,2450.0,0,,0,0.0,0
31129,2014,46711.0,259906.0,42404.0,10.8,16.1,7.704010223331102,3.2,49.6,9.38557967566758,,,1427.0,43998201.0,30825.0,,212.0,2.8,2405.0,0,,0,0.0,0
31129,2015,46585.0,298327.0,40488.0,11.8,17.3,7.634463753249125,2.9,49.2,9.650143883826113,,,1440.0,42033928.0,29183.0,,210.0,2.6,2391.0,0,,0,0.0,0
31129,2016,44712.0,265195.0,41576.0,12.8,16.6,7.566655944919196,2.9,49.0,9.92809434450924,,,1438.0,43268330.0,30081.0,,204.0,2.9,2380.0,0,,0,0.0,0
31129,2017,46282.0,251094.0,42055.0,10.8,19.1,7.507541445349514,1.7,49.4,10.136234118171934,,,1444.0,46239751.0,32018.0,,199.0,2.7,2383.0,0,,0,0.0,0
31129,2018,49699.0,244529.0,42049.0,12.2,19.1,7.432778990011388,1.4,49.3,9.77066184775133,,,1474.0,48687199.0,33029.0,,194.0,2.8,2408.0,0,,0,0.0,0
31129,2019,52855.0,249047.0,43388.0,11.2,20.9,7.378880475697856,1.9,49.2,9.850690011720156,,,1487.0,50336204.0,33853.0,,191.0,2.8,2427.0,0,,0,0.0,0
31129,2020,57971.0,234822.0,52975.0,9.0,23.5,7.309334005615878,1.8,49.6,,,,1499.0,52213516.0,34832.0,,185.0,2.7,2478.0,0,,0,0.0,0
31129,2021,70146.0,285203.0,61667.0,6.2,22.7,7.171979727203971,2.0,49.3,,,,1538.0,54770043.0,35611.0,,199.0,1.9,2479.0,0,,0,0.0,0
31129,2022,65936.0,264031.0,66000.0,6.3,26.8,7.1146038893863395,1.3,49.4,,,,1545.0,59762302.0,38677.0,,200.0,2.0,2488.0,0,,0,0.0,0
31131,2010,38174.0,1191989.0,47493.0,,21.5,25.567517347124404,4.5,42.9,9.222448488715523,,,6378.0,196689766.0,30838.0,,521.0,5.1,8465.0,0,,0,0.0,0
31131,2011,43914.0,1272293.0,50000.0,,22.2,25.58375997297227,4.5,43.4,9.384722004477627,,,6397.0,202175646.0,31605.0,,527.0,5.1,8558.0,0,,0,0.0,0
31131,2012,45249.0,1313167.0,50917.0,12.2,21.2,25.548026196106967,5.1,42.7,10.124618342708594,,,6363.0,204502035.0,32140.0,,586.0,4.4,8493.0,0,,0,0.0,0
31131,2013,43452.0,1407701.0,50881.0,10.5,23.2,25.544777670937396,5.2,42.1,10.997719393110389,,,6307.0,207073177.0,32834.0,,588.0,4.2,8409.0,0,,0,0.0,0
31131,2014,42421.0,1153465.0,51316.0,10.4,22.0,25.582135710387483,5.2,42.0,10.953295001651876,,,6186.0,211298437.0,34158.0,,591.0,3.7,8248.0,0,,0,0.0,0
31131,2015,44893.0,1146831.0,50275.0,10.9,21.5,25.73156786818784,4.6,41.8,11.001714013887938,,,6221.0,221699916.0,35637.0,,583.0,3.3,8232.0,0,,0,0.0,0
31131,2016,45565.0,1328334.0,52108.0,10.8,20.7,25.80953247225759,3.8,41.8,11.345708899539217,,,6283.0,226841370.0,36104.0,,582.0,3.4,8307.0,0,,0,0.0,0
31131,2017,48593.0,1252638.0,54605.0,10.0,21.4,25.7851685334858,3.0,41.7,11.357015972482868,,,6119.0,228840535.0,37396.0,,566.0,3.4,8232.0,0,,0,0.0,0
31131,2018,52242.0,1194903.0,54828.0,11.2,21.8,25.81927804776631,2.8,41.5,11.066473268172356,,,6076.0,235212790.0,38712.0,,551.0,2.9,8262.0,0,,0,0.0,0
31131,2019,54776.0,1156644.0,59167.0,11.0,23.4,25.90536396476,2.3,41.4,11.142759127551871,,,6268.0,252933895.0,40352.0,,540.0,3.2,8525.0,0,,0,0.0,0
31131,2020,55354.0,1212624.0,64755.0,11.8,25.4,25.931352166116582,2.7,42.0,11.217283958041511,,,6062.0,263302650.0,43436.0,,514.0,3.6,8453.0,0,,0,0.0,0
31131,2021,61008.0,1305534.0,70072.0,12.2,26.4,25.851763299462046,3.3,42.3,11.21386564809458,,,6253.0,279940493.0,44771.0,,534.0,2.4,8537.0,0,,0,0.0,0
31131,2022,58605.0,1299540.0,73031.0,11.4,25.6,25.98008004366018,3.2,42.0,11.438606038863313,,,6237.0,296578268.0,47552.0,,527.0,2.1,8549.0,0,,0,0.0,0
31133,2010,34013.0,99329.0,41969.0,,14.8,6.41883662935684,3.1,48.6,9.2189530121869,,,757.0,21518209.0,28435.0,,88.0,4.0,1583.0,0,,0,0.0,0
31133,2011,43923.0,124729.0,44477.0,,13.7,6.384039900249377,4.5,48.9,9.367903124798028,,,811.0,23107632.0,28493.0,,89.0,3.7,1654.0,0,,0,0.0,0
31133,2012,37927.0,105107.0,43634.0,14.3,14.2,6.386359682189874,4.9,49.3,10.115205338113888,,,825.0,22957285.0,27844.0,,108.0,3.2,1638.0,0,,0,0.0,0
31133,2013,40458.0,102614.0,37321.0,21.5,11.6,6.40027837383286,5.6,49.4,11.003404082541005,,,861.0,24581692.0,28567.0,,109.0,3.0,1679.0,0,,0,0.0,0
31133,2014,38454.0,97095.0,38462.0,18.1,14.5,6.388679464130372,6.3,48.3,10.961375754525468,,,858.0,26214148.0,30570.0,,109.0,2.8,1654.0,0,,0,0.0,0
31133,2015,39015.0,102091.0,41161.0,16.6,16.3,6.323725569796439,4.6,49.1,11.00305792494729,,,894.0,25331588.0,28338.0,,107.0,2.6,1678.0,0,,0,0.0,0
31133,2016,36628.0,85627.0,40139.0,20.2,16.2,6.251812329641014,3.0,49.5,11.347781186907536,,,895.0,27213386.0,30415.0,,106.0,2.2,1663.0,0,,0,0.0,0
31133,2017,39491.0,102239.0,42176.0,20.5,15.9,6.2726903671054925,2.7,50.1,11.356095527089092,,,762.0,26143768.0,34291.0,,111.0,3.0,1517.0,0,,0,0.0,0
31133,2018,43040.0,113283.0,46314.0,15.6,17.5,6.207736472771559,3.3,50.0,11.068580386264546,,,741.0,26089090.0,35208.0,,105.0,2.6,1491.0,0,,0,0.0,0
31133,2019,45316.0,107089.0,46452.0,18.9,17.1,6.145102360378124,2.9,50.0,11.151781868767635,,,733.0,25978808.0,35434.0,,100.0,2.9,1495.0,0,,0,0.0,0
31133,2020,51928.0,111101.0,46063.0,20.2,15.6,6.124224322913646,4.4,49.7,11.217283958041511,,,726.0,28264865.0,38941.0,,97.0,2.7,1503.0,0,,0,0.0,0
31133,2021,61529.0,132347.0,51354.0,16.8,16.0,5.947920895435829,3.1,47.2,11.21386564809458,,,750.0,30736700.0,40978.0,,96.0,1.9,1520.0,0,,0,0.0,0
31133,2022,57953.0,120478.0,55833.0,13.3,20.4,5.922403294090356,2.4,47.3,11.438606038863313,,,730.0,32274715.0,44227.0,,96.0,2.0,1492.0,0,,0,0.0,0
31135,2010,40459.0,251435.0,47000.0,,18.4,3.377058868147531,2.1,42.6,9.949479764789032,,,1032.0,34019454.0,32959.0,,148.0,3.4,1766.0,0,,0,0.0,0
31135,2011,62958.0,316551.0,52266.0,,18.0,3.3578131421138373,2.3,42.9,11.017896382265937,,,1063.0,36253855.0,34105.0,,155.0,2.9,1803.0,0,,0,0.0,0
31135,2012,63993.0,280774.0,53299.0,5.6,20.5,3.336303213017356,2.8,45.1,12.214117436321162,,,1120.0,39420517.0,35192.0,,165.0,2.6,1826.0,0,,0,0.0,0
31135,2013,73241.0,286463.0,58625.0,5.8,22.3,3.338567416080144,1.7,45.1,12.383769363032089,,,1118.0,41163937.0,36830.0,,172.0,2.5,1817.0,0,,0,0.0,0
31135,2014,57805.0,240673.0,56333.0,8.1,20.7,3.3261142992348125,1.6,44.3,12.209678668405294,,,1169.0,43563044.0,37273.0,,175.0,2.1,1853.0,0,,0,0.0,0
31135,2015,53701.0,229678.0,55893.0,6.9,22.0,3.3102648777953,1.7,44.1,10.73865796040966,,,1149.0,45078989.0,39236.0,,172.0,1.8,1842.0,0,,0,0.0,0
31135,2016,54080.0,228807.0,56797.0,6.8,23.1,3.295547557887182,1.9,43.9,10.870187193308292,,,1136.0,45194725.0,39775.0,,172.0,2.2,1830.0,0,,0,0.0,0
31135,2017,53600.0,249841.0,58125.0,4.8,22.9,3.287622847167426,1.1,43.3,10.836108323673272,,,1139.0,46067648.0,40431.0,,163.0,1.9,1823.0,0,,0,0.0,0
31135,2018,53550.0,251620.0,62469.0,5.5,25.8,3.2910191517616068,1.1,42.7,10.50107108034682,,,1145.0,47707417.0,41675.0,,160.0,2.0,1841.0,0,,0,0.0,0
31135,2019,64614.0,299045.0,65543.0,5.0,28.1,3.284226542573244,1.4,42.9,10.551801752800635,,,1146.0,49023990.0,42775.0,,162.0,2.3,1842.0,0,,0,0.0,0
31135,2020,74066.0,305230.0,61389.0,6.7,26.5,3.2706413241965193,0.7,42.7,10.46069474901271,,,1142.0,51243078.0,44881.0,,163.0,1.8,1860.0,0,,0,0.0,0
31135,2021,92415.0,331291.0,57250.0,7.9,24.2,3.2434708874430696,1.0,42.1,10.44718096464951,,,1149.0,52395459.0,45617.0,,167.0,1.4,1858.0,0,,0,0.0,0
31135,2022,100398.0,353551.0,61786.0,8.7,25.9,3.237810379786101,1.2,41.5,10.319767089806518,,,1142.0,56074540.0,49109.0,,163.0,1.6,1858.0,0,,0,0.0,0
31137,2010,43198.0,725587.0,45221.0,,22.7,17.106652587117214,2.5,42.0,8.850688672926392,,,4496.0,150403383.0,33456.0,,386.0,3.6,4950.0,0,,0,0.0,0
31137,2011,50868.0,743650.0,44570.0,,22.1,17.02513940606532,3.1,43.8,9.23773525434517,,,4513.0,154876324.0,34322.0,,391.0,3.7,5015.0,0,,0,0.0,0
31137,2012,51092.0,740906.0,47871.0,10.6,21.1,17.01402397228552,2.4,43.9,10.092477404626496,,,4599.0,162219376.0,35272.0,,420.0,2.9,5040.0,0,,0,0.0,0
31137,2013,59009.0,814040.0,50000.0,9.1,21.7,17.017729116878787,2.1,43.3,10.044961283164591,,,4691.0,169296281.0,36092.0,,442.0,2.9,5077.0,0,,0,0.0,0
31137,2014,59634.0,775642.0,51396.0,6.3,23.8,17.02328683376869,1.4,41.8,10.029071414809142,,,4769.0,180419691.0,37832.0,,451.0,2.6,5056.0,0,,0,0.0,0
31137,2015,60450.0,897454.0,50404.0,7.9,22.7,17.073306285777804,1.7,42.0,10.312953871484371,,,4755.0,185704683.0,39052.0,,456.0,2.4,5013.0,0,,0,0.0,0
31137,2016,56213.0,952169.0,51264.0,8.3,23.3,17.110357731710483,1.2,41.7,10.344979448173216,,,4734.0,188134709.0,39739.0,,463.0,2.5,4957.0,0,,0,0.0,0
31137,2017,48871.0,789547.0,56408.0,7.1,26.0,16.975119954056208,0.7,42.1,10.772320169973108,,,4750.0,194511044.0,40947.0,,459.0,2.3,4950.0,0,,0,0.0,0
31137,2018,50042.0,791853.0,57241.0,8.8,25.9,16.895459345300953,0.7,42.6,10.053760055024384,,,4719.0,199187667.0,42210.0,,434.0,2.3,4948.0,0,,0,0.0,0
31137,2019,54621.0,782261.0,59040.0,9.6,23.5,16.858407899368274,0.7,42.4,9.93815468841177,,,4739.0,207112240.0,43701.0,,429.0,2.7,5040.0,0,,0,0.0,0
31137,2020,60858.0,791728.0,58105.0,11.5,25.6,16.76577928453658,0.6,41.6,9.48428326661199,,,4601.0,210986558.0,45858.0,,427.0,3.0,5012.0,0,,0,0.0,0
31137,2021,67078.0,829241.0,61606.0,12.2,25.8,16.621278645399137,0.7,40.6,9.342180347466064,,,4583.0,224129294.0,48905.0,,436.0,1.8,4948.0,0,,0,0.0,0
31137,2022,62739.0,753752.0,65114.0,14.5,26.7,16.610163211619334,0.8,40.4,9.166992210856964,,,4674.0,248368225.0,53136.0,11.0,434.0,1.8,5006.0,0,,0,0.0,0
31139,2010,38050.0,289510.0,48318.0,,14.3,12.748386826666945,2.4,41.9,8.381843085827231,,,2018.0,56075819.0,27782.0,,235.0,3.7,4169.0,0,,0,0.0,0
31139,2011,46561.0,313474.0,51205.0,,14.5,12.676864678350944,3.7,42.0,9.024269741432851,,,2006.0,58041064.0,28941.0,,233.0,3.5,4213.0,0,,0,0.0,0
31139,2012,45305.0,286280.0,52096.0,6.0,16.9,12.61406474324421,3.9,41.9,9.70670339095398,,,1989.0,60170702.0,30256.0,,253.0,3.2,4188.0,0,,0,0.0,0
31139,2013,48983.0,302925.0,51924.0,5.6,18.8,12.579175890407136,4.8,41.9,9.540384728765831,,,1999.0,61599355.0,30820.0,,259.0,3.3,4210.0,0,,0,0.0,0
31139,2014,53714.0,299419.0,52178.0,5.3,20.4,12.5617314639886,4.7,41.8,11.601837958417546,,,2042.0,66662678.0,32643.0,,259.0,2.9,4242.0,0,,0,0.0,0
31139,2015,61285.0,326632.0,54482.0,6.0,20.5,12.532075939077084,4.7,41.3,10.488364483263034,,,2019.0,68508090.0,33930.0,,252.0,2.5,4183.0,0,,0,0.0,0
31139,2016,51177.0,325141.0,53125.0,6.6,21.4,12.523353725867816,4.0,41.7,10.59112854362319,,,2012.0,68580996.0,34087.0,,252.0,2.6,4168.0,0,,0,0.0,0
31139,2017,50629.0,318789.0,55417.0,6.8,22.5,12.5163759553004,3.8,41.7,10.548306303214437,,,1987.0,68104773.0,34274.0,,264.0,2.7,4155.0,0,,0,0.0,0
31139,2018,50581.0,333969.0,56620.0,7.3,22.3,12.484975987747037,2.3,41.5,10.252836572810418,,,1963.0,70470804.0,35909.0,,255.0,2.7,4149.0,0,,0,0.0,0
31139,2019,55379.0,338997.0,64511.0,8.0,23.2,12.462298233402937,2.2,41.6,10.272505248128894,,,1917.0,70639993.0,36854.0,,245.0,2.7,4154.0,0,,0,0.0,0
31139,2020,60067.0,322675.0,57629.0,8.6,24.5,12.441364921700693,3.3,41.6,10.149942303589,,,1901.0,74504825.0,39194.0,,240.0,3.3,4178.0,0,,0,0.0,0
31139,2021,76058.0,402457.0,62299.0,9.4,22.7,12.67512023570909,2.9,40.4,10.111997411181108,,,1897.0,78062782.0,41143.0,,247.0,2.3,4162.0,0,,0,0.0,0
31139,2022,97775.0,426186.0,65603.0,7.9,22.1,12.736175728173968,2.4,40.2,9.987759701343476,,,1953.0,86834128.0,44456.0,,249.0,1.8,4213.0,0,,0,0.0,0
31141,2010,37181.0,2113245.0,49523.0,,18.9,46.99206290334545,4.6,38.3,7.848498499825292,,,18607.0,628965268.0,33804.0,,1095.0,4.3,17629.0,0,,0,0.0,0
31141,2011,41608.0,2409277.0,51273.0,,17.6,47.41933091016987,4.7,39.1,8.504911504209494,,,18694.0,652943569.0,34927.0,,1096.0,4.2,17832.0,0,,0,0.0,0
31141,2012,41145.0,2507719.0,51395.0,9.9,17.3,47.76351902677843,5.3,38.7,9.429545115085809,,,19196.0,677821716.0,35310.0,,1185.0,3.6,18009.0,0,,0,0.0,0
31141,2013,42433.0,2602303.0,51213.0,10.7,18.5,47.99347229434019,5.3,38.7,9.677990998274748,,,18964.0,687384943.0,36247.0,,1199.0,3.4,17693.0,0,,0,0.0,0
31141,2014,43632.0,2474694.0,55391.0,9.3,20.6,48.19375417253913,5.0,38.1,9.799052959344126,,,18687.0,707580177.0,37866.0,,1198.0,3.0,17325.0,0,,0,0.0,0
31141,2015,44250.0,2389952.0,56318.0,8.5,20.1,48.42667457903717,4.5,38.0,10.183673301978905,,,18614.0,737274087.0,39608.0,,1210.0,3.0,17209.0,0,,0,0.0,0
31141,2016,43940.0,2403736.0,58473.0,8.7,21.4,48.51717231659373,4.6,38.4,10.233845234082343,,,18430.0,745910163.0,40473.0,,1209.0,3.5,17068.0,0,,0,0.0,0
31141,2017,43111.0,2374316.0,58679.0,8.6,21.5,48.77234626511387,3.9,38.3,10.21184716691793,,,18839.0,785302593.0,41684.0,,1197.0,2.9,17406.0,0,,0,0.0,0
31141,2018,44715.0,2479755.0,62617.0,8.3,22.2,49.051257325124254,3.8,38.5,9.997058598559793,,,19019.0,819268622.0,43075.0,,1175.0,2.7,17629.0,0,,0,0.0,0
31141,2019,48246.0,2631968.0,62305.0,8.7,21.8,49.21593353608783,3.0,38.4,9.995155042138544,,,19211.0,844239023.0,43946.0,,1156.0,3.0,17924.0,0,,0,0.0,0
31141,2020,51189.0,2616216.0,60878.0,7.7,23.4,49.3286848156665,2.3,38.3,9.98938284305846,,,18729.0,868249716.0,46359.0,,1148.0,3.7,17949.0,0,,0,0.0,0
31141,2021,57853.0,2924736.0,64105.0,7.2,23.5,50.62384096135302,2.0,37.8,10.03897367513435,,,19297.0,924654439.0,47918.0,,1193.0,2.3,18201.0,0,,0,0.0,0
31141,2022,57632.0,2820513.0,69943.0,8.2,24.6,50.76626363029449,1.9,38.3,9.900904878223916,,,19621.0,998870998.0,50908.0,,1190.0,1.9,18436.0,0,,0,0.0,0
31143,2010,41038.0,248231.0,48444.0,,16.1,12.337264145566952,4.6,44.7,9.919525852554427,,,1411.0,38301695.0,27142.0,,166.0,4.1,2954.0,0,,0,0.0,0
31143,2011,50713.0,256593.0,50298.0,,16.1,12.293951503518583,4.0,45.1,10.283026072592774,,,1439.0,40874187.0,28410.0,,167.0,3.4,3001.0,0,,0,0.0,0
31143,2012,48678.0,241586.0,52012.0,7.6,18.7,12.24380002325205,3.5,45.1,11.807320793085918,,,1443.0,43774976.0,30333.0,,179.0,3.0,2987.0,0,,0,0.0,0
31143,2013,55265.0,245904.0,52848.0,8.3,20.3,12.177691253809805,3.2,45.7,11.383067517877688,,,1470.0,45223636.0,30763.0,,189.0,3.3,2991.0,0,,0,0.0,0
31143,2014,53682.0,256494.0,54375.0,8.4,19.5,12.09790480793123,2.9,45.8,11.273339728288754,,,1473.0,46603408.0,31635.0,,184.0,3.2,2964.0,0,,0,0.0,0
31143,2015,56771.0,247342.0,57312.0,7.6,19.6,12.015838749313266,1.9,45.4,11.437168055352531,,,1479.0,49063556.0,33181.0,,187.0,2.5,2921.0,0,,0,0.0,0
31143,2016,51082.0,266151.0,57991.0,8.1,21.5,11.94972997987102,3.9,45.6,10.342644579778105,,,1460.0,49360101.0,33814.0,,188.0,2.7,2898.0,0,,0,0.0,0
31143,2017,49148.0,289145.0,63667.0,7.6,20.9,11.954289205349797,4.6,45.5,10.785131375312176,,,1453.0,50813800.0,34972.0,,189.0,2.4,2919.0,0,,0,0.0,0
31143,2018,49967.0,284525.0,61962.0,7.8,21.1,11.97936494548306,5.3,45.2,9.893285624766357,,,1473.0,52818043.0,35862.0,,186.0,2.4,2930.0,0,,0,0.0,0
31143,2019,54115.0,272931.0,67719.0,7.7,21.8,11.910976563301428,5.0,45.1,9.716244073839093,,,1473.0,54095521.0,36714.0,,181.0,2.8,2960.0,0,,0,0.0,0
31143,2020,57553.0,266568.0,59837.0,9.2,19.2,11.872223146731834,5.6,44.9,,,,1423.0,55452923.0,38967.0,,177.0,3.1,2947.0,0,,0,0.0,0
31143,2021,69482.0,315112.0,66486.0,6.8,18.1,11.906417337822653,2.7,44.5,,,,1436.0,58292666.0,40596.0,,180.0,1.9,2933.0,0,,0,0.0,0
31143,2022,68326.0,285568.0,67695.0,7.7,18.6,11.81295321550775,1.9,43.4,,,,1428.0,61557909.0,43100.0,,179.0,1.8,2925.0,0,,0,0.0,0
31145,2010,37306.0,534295.0,41927.0,,21.6,15.437806657126998,5.9,42.9,10.02832603555816,,,5119.0,149706467.0,29248.0,,469.0,3.7,6206.0,0,,0,0.0,0
31145,2011,41256.0,556356.0,42627.0,,20.4,15.395966003073896,4.9,42.5,10.74415059548587,,,5167.0,158399727.0,30655.0,,466.0,3.5,6290.0,0,,0,0.0,0
31145,2012,43061.0,591891.0,45206.0,9.6,22.3,15.359704102894536,4.3,42.4,11.505819224373692,,,5303.0,167189994.0,31525.0,,527.0,3.2,6345.0,0,,0,0.0,0
31145,2013,43183.0,575643.0,42345.0,12.7,19.5,15.36249347983141,5.2,42.4,11.611354168871456,,,5402.0,171688100.0,31783.0,,532.0,2.9,6418.0,0,,0,0.0,0
31145,2014,45455.0,565961.0,43627.0,11.3,19.6,15.331810333525802,5.7,42.1,12.171200027382092,,,5375.0,176214023.0,32783.0,,531.0,2.6,6292.0,0,,0,0.0,0
31145,2015,44951.0,558214.0,42931.0,10.6,17.7,15.266259975509271,4.1,41.8,10.834265651177994,,,5242.0,176851017.0,33738.0,,520.0,2.6,6126.0,0,,0,0.0,0
31145,2016,43306.0,549300.0,42457.0,11.8,18.2,15.17978929046619,5.0,41.5,10.923441779355947,,,5179.0,177332022.0,34243.0,,523.0,2.8,6009.0,0,,0,0.0,0
31145,2017,42192.0,482725.0,42882.0,11.7,18.7,15.160263651908076,4.9,40.8,10.95012764161702,,,5058.0,181165804.0,35821.0,,502.0,2.6,5894.0,0,,0,0.0,0
31145,2018,43768.0,490990.0,46859.0,9.7,18.8,15.071003589928118,3.2,41.1,10.627705756607403,,,5026.0,185645272.0,36935.0,,479.0,2.4,5904.0,0,,0,0.0,0
31145,2019,46314.0,515826.0,48808.0,11.7,19.1,15.01800542812752,3.3,40.7,10.674077261063877,,,4999.0,188977697.0,37804.0,,475.0,2.7,5929.0,0,,0,0.0,0
31145,2020,50616.0,535252.0,48140.0,10.0,23.2,14.958033823984737,4.8,40.2,10.34412230275445,,,4831.0,192919131.0,39938.0,,455.0,3.3,5887.0,0,,0,0.0,0
31145,2021,55494.0,555437.0,53387.0,11.4,23.6,14.9566391355163,4.7,40.1,10.377514386370612,,,4841.0,203538083.0,42048.0,,460.0,2.1,5849.0,0,,0,0.0,0
31145,2022,55669.0,557349.0,58344.0,12.2,24.4,14.909219727589448,2.3,41.5,10.261433380170118,,,4970.0,217455129.0,43756.0,,456.0,1.8,5925.0,0,,0,0.0,0
31147,2010,35453.0,275267.0,35165.0,,15.2,15.32144222701829,6.0,47.1,9.195175541129766,,,2346.0,61111099.0,26051.0,,286.0,6.3,4323.0,0,,0,0.0,0
31147,2011,43414.0,329619.0,39512.0,,15.4,15.214527372920823,6.9,47.2,9.348142938154698,,,2377.0,63226154.0,26600.0,,287.0,6.0,4406.0,0,,0,0.0,0
31147,2012,39811.0,293557.0,38977.0,15.9,15.6,15.14023060990394,7.0,47.7,10.087542478794356,,,2459.0,67686891.0,27526.0,,325.0,5.0,4396.0,0,,0,0.0,0
31147,2013,42903.0,332225.0,38582.0,17.2,18.8,15.020630942608468,7.4,46.7,10.974330022242787,,,2435.0,69378197.0,28488.0,,325.0,4.4,4351.0,0,,0,0.0,0
31147,2014,42663.0,309473.0,40765.0,18.1,21.7,14.926400901709007,5.7,47.3,10.933380245341526,,,2440.0,72874068.0,29865.0,,327.0,3.6,4279.0,0,,0,0.0,0
31147,2015,43855.0,298825.0,42750.0,19.4,20.7,14.86116471954784,3.4,47.0,10.97831251461329,,,2529.0,77346070.0,30582.0,,333.0,3.2,4317.0,0,,0,0.0,0
31147,2016,43149.0,296974.0,45929.0,18.0,19.1,14.76693467864838,4.6,47.4,11.323709547225684,,,2504.0,77218587.0,30844.0,,330.0,3.2,4261.0,0,,0,0.0,0
31147,2017,44970.0,335475.0,46839.0,16.3,19.4,14.578474596849455,4.0,47.6,11.336158460871896,,,2469.0,79365747.0,32145.0,,334.0,3.3,4251.0,0,,0,0.0,0
31147,2018,46755.0,365188.0,48096.0,13.2,18.2,14.513238414688288,3.4,48.0,11.052608830105743,,,2482.0,82119192.0,33089.0,,329.0,3.1,4291.0,0,,0,0.0,0
31147,2019,48997.0,357754.0,47917.0,12.2,19.0,14.4262568384734,3.4,47.7,11.140233605515125,,,2463.0,83591989.0,33946.0,,324.0,3.2,4298.0,0,,0,0.0,0
31147,2020,53144.0,353832.0,44524.0,12.2,18.8,14.339275262258512,3.6,47.3,11.217283958041511,,,2399.0,87817618.0,36611.0,,317.0,3.3,4240.0,0,,0,0.0,0
31147,2021,60883.0,420009.0,46085.0,11.1,19.4,14.303032938835642,3.9,47.3,11.21386564809458,,,2428.0,91353917.0,37625.0,,325.0,2.5,4252.0,0,,0,0.0,0
31147,2022,58060.0,366402.0,50321.0,10.9,20.4,14.225111943476472,4.7,47.1,11.438606038863313,,,2358.0,94021902.0,39879.0,,320.0,1.9,4158.0,0,,0,0.0,0
31149,2010,38983.0,71726.0,39159.0,,23.3,1.6374208687355758,0.3,48.7,11.732855044627724,,,465.0,11833683.0,25431.0,,64.0,2.9,890.0,0,,0,0.0,0
31149,2011,53702.0,75392.0,39977.0,,22.1,1.5878321083256552,0.6,49.2,11.397837476312562,,,460.0,13161948.0,28634.0,,66.0,2.7,900.0,0,,0,0.0,0
31149,2012,52445.0,67181.0,41619.0,7.4,19.2,1.5273338206255522,1.2,49.4,12.57125371568456,,,460.0,13009682.0,28297.0,,71.0,2.5,879.0,0,,0,0.0,0
31149,2013,54781.0,75052.0,43500.0,10.0,19.1,1.4241891989729176,2.0,49.7,12.752844071570143,,,449.0,13088395.0,29156.0,,70.0,3.1,884.0,0,,0,0.0,0
31149,2014,70690.0,94207.0,48854.0,8.0,20.1,1.4241891989729176,2.2,50.6,12.272915407209087,,,449.0,13775729.0,30670.0,,67.0,2.6,884.0,0,,0,0.0,0
31149,2015,66630.0,108019.0,48456.0,12.1,18.0,1.3894770666859733,1.7,52.0,10.808485069268556,,,443.0,14660769.0,33107.0,,66.0,2.7,862.0,0,,0,0.0,0
31149,2016,62115.0,111978.0,48750.0,10.4,17.5,1.3954277179351635,1.6,52.4,10.903752239154825,,,471.0,15654599.0,33255.0,,65.0,2.6,896.0,0,,0,0.0,0
31149,2017,51030.0,82470.0,52361.0,9.7,18.9,1.369641562522005,1.4,51.9,10.859445764765974,,,478.0,16600546.0,34747.0,,61.0,2.6,913.0,0,,0,0.0,0
31149,2018,60825.0,83645.0,52604.0,7.4,20.9,1.3388965310678542,0.4,50.9,10.525226401969968,,,486.0,16894959.0,34734.0,,61.0,2.4,898.0,0,,0,0.0,0
31149,2019,64785.0,86113.0,56250.0,5.3,23.2,1.4023701443925525,0.3,46.2,10.559956277717266,,,459.0,16504090.0,35924.0,,61.0,3.1,882.0,0,,0,0.0,0
31149,2020,75596.0,94377.0,51458.0,6.3,29.7,1.4182385477237271,1.2,41.0,10.362184555282871,,,458.0,17873786.0,39040.0,,58.0,2.1,889.0,0,,0,0.0,0
31149,2021,80414.0,83878.0,55129.0,9.9,29.6,1.3101350500301003,1.3,41.5,10.39616467361228,,,462.0,18786319.0,40700.0,,59.0,1.5,880.0,0,,0,0.0,0
31149,2022,79266.0,74750.0,57566.0,9.1,28.6,1.3012090731563146,1.2,43.5,10.272466555458914,,,471.0,19476523.0,41322.0,,60.0,1.6,898.0,0,,0,0.0,0
31151,2010,32882.0,665087.0,45469.0,,15.3,24.558365748587693,4.8,35.9,8.086573567371302,,,6792.0,232283797.0,34200.0,,336.0,4.8,7277.0,0,,0,0.0,0
31151,2011,38103.0,779125.0,45347.0,,14.1,24.683787959816115,6.3,35.8,8.685835118667322,,,6761.0,235777437.0,34875.0,,337.0,4.7,7346.0,0,,0,0.0,0
31151,2012,37262.0,804007.0,46434.0,15.6,14.9,24.87192127665875,7.0,36.0,9.249646691206705,,,6793.0,245102999.0,36080.0,,384.0,4.2,7348.0,0,,0,0.0,0
31151,2013,38937.0,797254.0,44109.0,16.8,15.1,24.993859537575272,6.3,35.6,9.144093788720552,,,6877.0,251272030.0,36539.0,,388.0,4.2,7374.0,0,,0,0.0,0
31151,2014,36789.0,765184.0,46814.0,13.0,14.3,24.939858307740813,5.3,36.0,9.169143436368742,,,6836.0,254499918.0,37228.0,,384.0,3.4,7237.0,0,,0,0.0,0
31151,2015,38872.0,795901.0,51738.0,11.2,14.2,25.014763239446676,3.4,36.6,9.459357489341162,,,7033.0,275187867.0,39128.0,,389.0,2.9,7308.0,0,,0,0.0,0
31151,2016,38591.0,793066.0,49332.0,11.9,14.6,25.007795338822877,3.4,36.6,9.588194745003053,,,7135.0,285486457.0,40015.0,,401.0,3.1,7391.0,0,,0,0.0,0
31151,2017,39192.0,822520.0,50932.0,11.6,13.4,24.953794108988415,2.8,36.0,10.023609046286962,,,7167.0,293828755.0,40998.0,,404.0,3.1,7463.0,0,,0,0.0,0
31151,2018,40786.0,987867.0,51143.0,13.5,14.3,24.889341028218254,3.1,35.8,9.644623263245572,,,7163.0,304197977.0,42467.0,,396.0,3.1,7521.0,0,,0,0.0,0
31151,2019,42500.0,1017431.0,51502.0,15.3,17.8,24.857985475411148,3.9,35.5,9.69748447808056,,,7009.0,304405735.0,43433.0,,392.0,3.3,7486.0,0,,0,0.0,0
31151,2020,43993.0,999704.0,52956.0,12.4,19.2,24.772628692769583,2.4,37.5,9.034933740919906,,,6744.0,329472466.0,48856.0,,384.0,3.6,7379.0,0,,0,0.0,0
31151,2021,52452.0,1048326.0,58011.0,12.8,18.2,25.075732369904937,2.7,36.7,8.747062321261716,,,6674.0,322132020.0,48267.0,,405.0,2.4,7259.0,0,,0,0.0,0
31151,2022,51818.0,973452.0,71104.0,11.3,21.9,24.8666953511909,2.1,38.6,8.508573361434184,,,6576.0,339420580.0,51617.0,1.0,406.0,2.4,7211.0,0,,0,0.0,0
31153,2010,40493.0,6637965.0,68280.0,,36.1,639.1405327991063,4.8,32.7,9.2189530121869,,,59552.0,2184376714.0,36680.0,143.0,3036.0,4.5,84801.0,1,2019.0,0,0.0,0
31153,2011,41853.0,6729445.0,69018.0,,35.5,654.6549573500321,4.9,32.9,9.367903124798028,,,60277.0,2269727435.0,37655.0,3.0,3068.0,4.2,86383.0,1,2019.0,0,0.0,0
31153,2012,42831.0,6977303.0,69269.0,6.6,35.8,669.5183976547768,5.2,33.0,10.115205338113888,,,61731.0,2412433133.0,39080.0,121.0,3352.0,3.8,87890.0,1,2019.0,0,0.0,0
31153,2013,43239.0,7023250.0,69965.0,6.6,36.2,683.4410607263304,5.5,33.2,10.683968495675966,,,63564.0,2526286601.0,39744.0,133.0,3512.0,3.5,88979.0,1,2019.0,0,0.0,0
31153,2014,44207.0,7292050.0,70121.0,6.8,36.6,696.9941327419876,5.1,33.5,10.67598623852567,,,65154.0,2659295865.0,40816.0,153.0,3690.0,3.1,89873.0,1,2019.0,0,0.0,0
31153,2015,46291.0,7662136.0,70543.0,6.4,36.7,710.5892037412694,4.4,33.7,11.072028139739388,,,67853.0,2878684793.0,42426.0,120.0,3791.0,2.8,91004.0,1,2019.0,0,0.0,0
31153,2016,46947.0,8003086.0,72269.0,6.2,38.4,724.3144715897876,3.7,33.9,11.470143958923083,,,69149.0,3013110550.0,43574.0,134.0,3881.0,2.9,92568.0,1,2019.0,0,0.0,0
31153,2017,48042.0,8360537.0,75752.0,5.3,39.5,735.7717943225774,3.3,34.2,11.487896362383657,,,70382.0,3162039793.0,44927.0,210.0,3958.0,2.8,94047.0,1,2019.0,0,0.0,0
31153,2018,50199.0,8825941.0,79549.0,5.4,40.1,749.0560728430372,3.0,34.4,11.208931638540664,,,71440.0,3354432284.0,46955.0,180.0,4030.0,2.8,96163.0,1,2019.0,0,0.0,0
31153,2019,51758.0,8995632.0,82032.0,5.9,39.8,761.1559800252834,2.9,34.6,11.30044625701496,,,73183.0,3567056624.0,48742.0,13.0,4122.0,2.9,98632.0,1,2019.0,1,0.0,0
31153,2020,54590.0,9233990.0,83051.0,5.6,40.5,772.5965031646234,3.2,34.8,11.396312504844524,,,71092.0,3731260785.0,52485.0,142.0,4166.0,4.1,97950.0,1,2019.0,1,1.0,0
31153,2021,60133.0,9936450.0,88408.0,5.6,41.1,791.5296449825914,2.8,35.1,11.384587862037744,,,72081.0,3988871373.0,55339.0,172.0,4424.0,2.5,98031.0,1,2019.0,1,2.0,0
31153,2022,62831.0,9704285.0,95911.0,5.5,41.2,803.322959584378,2.6,35.3,11.679793386583285,,,73628.0,4138512058.0,56209.0,112.0,4559.0,2.1,98999.0,1,2019.0,1,3.0,0
31155,2010,37371.0,642668.0,57699.0,,23.7,27.429873098615623,3.2,41.6,9.211519397391385,,,4847.0,135694642.0,27993.0,,537.0,4.9,11164.0,0,,0,0.0,0
31155,2011,42520.0,688393.0,58348.0,,22.8,27.55271534780379,3.0,41.7,9.37280207359999,,,4753.0,137387115.0,28904.0,,540.0,4.6,11206.0,0,,0,0.0,0
31155,2012,41897.0,604231.0,58785.0,8.3,23.9,27.63416509998291,3.2,41.9,10.114464875948862,,,4846.0,146759079.0,30287.0,,584.0,4.1,11167.0,0,,0,0.0,0
31155,2013,44171.0,626337.0,59870.0,8.0,24.4,27.773030251239103,3.5,41.8,10.670012960454027,,,4924.0,152914392.0,31056.0,,595.0,3.9,11139.0,0,,0,0.0,0
31155,2014,43767.0,607279.0,60487.0,8.5,24.5,27.86249145445223,3.6,41.3,10.662879316785304,,,5119.0,165169112.0,32269.0,,602.0,3.5,11025.0,0,,0,0.0,0
31155,2015,46324.0,658659.0,60854.0,9.7,24.6,27.923912579046316,3.5,41.4,11.05888759784437,,,5313.0,178966905.0,33685.0,,595.0,3.1,10970.0,0,,0,0.0,0
31155,2016,46832.0,669772.0,64475.0,9.2,26.1,27.96797555973338,2.9,41.1,11.451516000170926,,,5336.0,184246096.0,34527.0,,605.0,3.1,10935.0,0,,0,0.0,0
31155,2017,48350.0,668279.0,65015.0,9.0,26.5,27.977322252606392,2.2,41.0,11.470060147004894,,,5339.0,190793550.0,35736.0,,608.0,2.8,10937.0,0,,0,0.0,0
31155,2018,50100.0,720924.0,66718.0,8.4,25.4,28.072124423175527,2.4,40.8,11.192531555676624,,,5412.0,198207076.0,36623.0,,614.0,2.8,11144.0,0,,0,0.0,0
31155,2019,53272.0,716242.0,68682.0,8.1,25.4,28.26039352247479,2.3,41.2,11.279182393289096,,,5502.0,212010563.0,38531.0,,620.0,2.8,11393.0,0,,0,0.0,0
31155,2020,56872.0,740758.0,70414.0,6.2,27.7,28.51542471372415,2.0,41.1,11.396312504844524,,,5376.0,220863142.0,41081.0,,623.0,3.7,11388.0,0,,0,0.0,0
31155,2021,64849.0,818415.0,76485.0,6.6,29.1,29.386002392753376,2.4,40.6,11.384587862037744,,,5504.0,233117187.0,42354.0,,648.0,2.3,11425.0,0,,0,0.0,0
31155,2022,66647.0,768257.0,84474.0,6.7,29.1,29.874700905828064,2.4,40.4,11.679793386583285,,,5624.0,258761106.0,46010.0,,657.0,1.9,11493.0,0,,0,0.0,0
31157,2010,33596.0,1464108.0,39004.0,,19.5,49.443759396869694,4.4,39.0,11.749609368075538,,,16662.0,536999388.0,32228.0,,1249.0,5.6,19176.0,0,,0,0.0,0
31157,2011,36444.0,1562921.0,40939.0,,19.6,49.66009020994906,6.0,38.9,11.528598813702196,,,16673.0,563862876.0,33819.0,,1242.0,5.0,19216.0,0,,0,0.0,0
31157,2012,38255.0,1619764.0,43113.0,15.1,20.4,49.80340937361414,6.5,38.7,12.279908424855495,,,17013.0,591142350.0,34748.0,,1490.0,4.6,19192.0,0,,0,0.0,0
31157,2013,38835.0,1578708.0,43444.0,13.7,20.0,49.86830861753794,6.3,38.9,12.473289915812448,,,16946.0,586390991.0,34604.0,,1529.0,4.1,19093.0,0,,0,0.0,0
31157,2014,40869.0,1682966.0,46443.0,13.8,21.2,49.81557798184985,5.9,38.6,12.443983494014784,,,16761.0,602428016.0,35942.0,,1543.0,3.6,18764.0,0,,0,0.0,0
31157,2015,42416.0,1724260.0,45992.0,13.7,21.5,49.59924716877049,5.5,38.8,11.063108264565573,,,16903.0,618529283.0,36592.0,,1528.0,3.4,18734.0,0,,0,0.0,0
31157,2016,42025.0,1829668.0,46632.0,13.5,21.4,49.48432142432208,5.3,39.6,11.068424301276888,,,17199.0,647874367.0,37669.0,,1544.0,3.5,18951.0,0,,0,0.0,0
31157,2017,41924.0,1736915.0,47975.0,13.2,22.1,49.36263534196494,5.2,39.5,11.122015683375496,,,16726.0,635539943.0,37998.0,,1519.0,3.5,18557.0,0,,0,0.0,0
31157,2018,43396.0,1740591.0,50157.0,13.4,22.4,49.01921017620145,5.1,39.5,10.814866955052413,,,16623.0,649429459.0,39068.0,,1456.0,3.3,18626.0,0,,0,0.0,0
31157,2019,45638.0,1725304.0,49745.0,13.6,22.9,48.774485943905425,5.1,39.5,10.94989185529182,,,16287.0,646152363.0,39674.0,,1416.0,3.8,18505.0,0,,0,0.0,0
31157,2020,49526.0,1719882.0,53433.0,13.0,23.1,48.51759310337368,4.5,39.1,10.362184555282871,,,15771.0,656731942.0,41641.0,,1342.0,4.2,18289.0,0,,0,0.0,0
31157,2021,52422.0,1721643.0,56588.0,12.0,25.0,48.984056419076055,3.5,38.8,10.39616467361228,,,15759.0,679690930.0,43131.0,,1388.0,2.9,18092.0,0,,0,0.0,0
31157,2022,53047.0,1694937.0,60137.0,12.5,25.2,48.739332186780025,3.5,39.2,10.272466555458914,,,15779.0,719296103.0,45587.0,,1364.0,2.4,17973.0,0,,0,0.0,0
31159,2010,38026.0,651905.0,55877.0,,27.3,29.09892725268187,4.0,37.8,8.99498573876895,,,5775.0,189235458.0,32767.0,,455.0,4.1,8752.0,0,,0,0.0,0
31159,2011,42344.0,735970.0,59088.0,,26.5,29.118177204556993,3.4,38.0,9.520952084487735,,,5975.0,205309912.0,34361.0,,458.0,3.9,8770.0,0,,0,0.0,0
31159,2012,43599.0,710175.0,60676.0,6.8,26.8,29.275676810807976,3.8,38.3,10.277413861702891,,,6179.0,218571661.0,35374.0,,500.0,3.4,8939.0,0,,0,0.0,0
31159,2013,44326.0,739883.0,59435.0,8.8,26.1,29.441926395184016,4.5,38.7,10.066372334116028,,,6355.0,225958917.0,35554.0,,514.0,3.6,8992.0,0,,0,0.0,0
31159,2014,44614.0,724079.0,59503.0,9.0,26.8,29.64317589206027,4.3,38.5,12.013331474527847,,,6285.0,232555318.0,37000.0,,524.0,3.1,8851.0,0,,0,0.0,0
31159,2015,45619.0,745648.0,59662.0,9.4,26.1,29.746425633935917,3.5,38.2,10.676801931279517,,,6226.0,233354999.0,37481.0,,535.0,2.9,8731.0,0,,0,0.0,0
31159,2016,45377.0,698870.0,61563.0,9.0,27.2,29.947675130812176,3.5,38.1,10.767337971783569,,,6243.0,239636423.0,38388.0,,546.0,2.9,8802.0,0,,0,0.0,0
31159,2017,46703.0,739019.0,63095.0,9.2,28.1,29.82867542831143,2.5,38.3,10.589238298217996,,,6253.0,248462699.0,39735.0,,542.0,2.7,8695.0,0,,0,0.0,0
31159,2018,48461.0,790108.0,67591.0,7.5,29.2,29.97217506956233,2.1,37.9,10.230875447868382,,,6164.0,257141384.0,41715.0,,523.0,2.7,8909.0,0,,0,0.0,0
31159,2019,50772.0,741619.0,70389.0,6.5,28.9,30.04917487706281,1.9,38.0,10.23341285830382,,,6083.0,257369496.0,42308.0,,519.0,3.0,8999.0,0,,0,0.0,0
31159,2020,54758.0,724114.0,71111.0,7.2,30.7,30.129674675813312,2.4,37.8,10.13528678300857,,,5678.0,254780192.0,44869.0,,518.0,4.1,8852.0,0,,0,0.0,0
31159,2021,61192.0,781359.0,73892.0,7.1,30.5,30.808672978317556,2.6,37.5,10.106815369349718,,,5705.0,262823623.0,46066.0,,539.0,2.6,8809.0,0,,0,0.0,0
31159,2022,63143.0,777312.0,79677.0,6.8,31.0,30.876922807692985,2.2,37.5,9.96692609528898,,,5833.0,289440273.0,49618.0,,537.0,2.0,8874.0,0,,0,0.0,0
31161,2010,35020.0,154773.0,33608.0,,22.6,2.2688492083813863,5.0,46.3,10.042330905288624,,,1713.0,40888831.0,23877.0,,221.0,3.6,2817.0,0,,0,0.0,0
31161,2011,42094.0,190151.0,34588.0,,21.2,2.2483648348857073,4.8,46.1,11.109189095813829,,,1689.0,41728633.0,24700.0,,221.0,3.6,2833.0,0,,0,0.0,0
31161,2012,42279.0,191519.0,37813.0,17.3,20.3,2.225422336570547,4.3,46.6,12.3231949818265,,,1707.0,43197505.0,25310.0,,256.0,3.5,2801.0,0,,0,0.0,0
31161,2013,43743.0,193073.0,38548.0,16.0,22.6,2.208215462834177,3.3,46.5,12.512798532143435,,,1711.0,44707644.0,26127.0,,266.0,3.2,2792.0,0,,0,0.0,0
31161,2014,48907.0,227798.0,40489.0,17.2,24.1,2.188550464278325,2.2,46.0,12.36308339808884,,,1758.0,48266127.0,27449.0,,268.0,2.6,2782.0,0,,0,0.0,0
31161,2015,47717.0,230805.0,41985.0,16.5,24.5,2.1688854657224734,1.4,46.1,10.819242505020751,,,1737.0,48814273.0,28104.0,,271.0,2.7,2741.0,0,,0,0.0,0
31161,2016,43901.0,243622.0,42802.0,16.8,25.1,2.1545464042754983,2.1,45.9,10.943629116495185,,,1757.0,50251018.0,28609.0,,279.0,2.8,2753.0,0,,0,0.0,0
31161,2017,44445.0,224071.0,41209.0,15.8,25.8,2.147172029817054,1.5,46.1,10.919451989445903,,,1754.0,51251030.0,29217.0,,271.0,2.7,2739.0,0,,0,0.0,0
31161,2018,45670.0,223767.0,41719.0,18.0,23.6,2.144304217527659,2.4,45.9,10.59659588203109,,,1744.0,54207422.0,31087.0,,261.0,2.6,2710.0,0,,0,0.0,0
31161,2019,49538.0,274428.0,45371.0,17.1,22.8,2.143075155117918,1.7,46.7,10.641019157933728,,,1696.0,56338299.0,33210.0,,255.0,2.8,2712.0,0,,0,0.0,0
31161,2020,56819.0,312168.0,45543.0,19.0,20.4,2.136520155599301,1.6,46.3,10.362184555282871,,,1683.0,59803892.0,35538.0,,249.0,2.4,2735.0,0,,0,0.0,0
31161,2021,65184.0,340909.0,47901.0,12.9,20.1,2.1098904700549186,1.6,45.9,10.39616467361228,,,1694.0,62641763.0,36979.0,,255.0,1.9,2746.0,0,,0,0.0,0
31161,2022,63884.0,282479.0,53609.0,10.8,21.7,2.0902254714990667,2.2,45.8,10.272466555458914,,,1709.0,64593985.0,37800.0,,246.0,1.9,2781.0,0,,0,0.0,0
31163,2010,31930.0,84864.0,38631.0,,15.7,5.556213362834518,2.6,47.2,9.209248511386404,,,805.0,19142232.0,23787.0,,103.0,4.1,1727.0,0,,0,0.0,0
31163,2011,39733.0,101530.0,41250.0,,15.8,5.538540928474357,3.3,49.5,9.824502146956227,,,802.0,19540084.0,24364.0,,102.0,4.3,1759.0,0,,0,0.0,0
31163,2012,41930.0,112108.0,43000.0,10.3,14.1,5.536773685038341,3.5,48.6,10.552391320392154,,,809.0,20191074.0,24953.0,,116.0,3.7,1747.0,0,,0,0.0,0
31163,2013,47152.0,120916.0,41835.0,13.5,17.7,5.5297047112942765,3.0,48.6,10.7674969618322,,,790.0,19897728.0,25187.0,,116.0,3.3,1735.0,0,,0,0.0,0
31163,2014,47284.0,118276.0,46301.0,11.9,14.5,5.5137995203701315,3.5,49.2,12.131079186125625,,,807.0,21130101.0,26192.0,,117.0,3.3,1728.0,0,,0,0.0,0
31163,2015,46917.0,122594.0,46366.0,13.5,14.7,5.490825355701923,3.1,49.5,10.758884603261029,,,805.0,22321657.0,27735.0,,114.0,2.9,1715.0,0,,0,0.0,0
31163,2016,42780.0,113203.0,46299.0,13.3,15.9,5.46078221728965,2.2,49.7,10.887213373164329,,,817.0,23743949.0,29071.0,,117.0,3.2,1726.0,0,,0,0.0,0
31163,2017,39567.0,96506.0,48704.0,10.7,18.3,5.386557992976975,1.7,49.3,10.895936128749524,,,791.0,23552194.0,29763.0,,115.0,2.9,1709.0,0,,0,0.0,0
31163,2018,40872.0,93619.0,51172.0,11.4,18.2,5.375954532360879,1.8,49.9,10.601968493350189,,,812.0,24357474.0,30006.0,,114.0,2.7,1714.0,0,,0,0.0,0
31163,2019,45128.0,103825.0,50781.0,12.4,20.2,5.360049341436734,3.1,49.7,10.634858051374238,,,777.0,23731901.0,30536.0,,116.0,3.3,1698.0,0,,0,0.0,0
31163,2020,49598.0,106340.0,53158.0,10.1,21.6,5.328238959588445,3.3,51.1,10.496405508107712,,,737.0,24137842.0,32763.0,,111.0,3.2,1679.0,0,,0,0.0,0
31163,2021,60941.0,127652.0,57579.0,9.2,20.5,5.276988899943979,3.4,49.6,10.55693666885178,,,753.0,24969322.0,33178.0,,115.0,2.2,1687.0,0,,0,0.0,0
31163,2022,56897.0,106675.0,60194.0,10.9,18.9,5.248713004967722,4.2,49.1,10.446946604479876,,,705.0,25392583.0,36031.0,,110.0,2.1,1654.0,0,,0,0.0,0
31165,2010,33592.0,45576.0,42386.0,,26.0,0.6483697371973588,1.6,48.9,12.169949114101756,,,165.0,3977875.0,24084.0,,34.0,3.8,834.0,0,,0,0.0,0
31165,2011,52226.0,56821.0,42386.0,,24.7,0.6464343051460234,3.0,48.0,12.2741464986947,,,159.0,3971627.0,24953.0,,29.0,3.4,844.0,0,,0,0.0,0
31165,2012,48824.0,49933.0,43558.0,9.2,26.1,0.6106288121963186,3.7,47.5,13.172132465650154,,,160.0,4111563.0,25671.0,,30.0,3.5,840.0,0,,0,0.0,0
31165,2013,54861.0,54127.0,42014.0,9.3,27.0,0.5946614977728015,1.4,49.9,12.50605666243867,,,157.0,4309229.0,27447.0,,29.0,3.2,803.0,0,,0,0.0,0
31165,2014,71363.0,79850.0,40625.0,10.9,25.1,0.618854398414494,1.6,49.5,12.390195226595626,,,159.0,4554608.0,28675.0,,32.0,2.5,807.0,0,,0,0.0,0
31165,2015,70217.0,99747.0,41215.0,12.5,26.6,0.6043386580294785,1.3,48.1,10.985661347240471,,,153.0,4667813.0,30559.0,,29.0,2.5,791.0,0,,0,0.0,0
31165,2016,62359.0,109682.0,46667.0,11.0,29.1,0.6164351083503248,0.0,47.4,11.08208934406623,,,157.0,4994827.0,31814.0,,30.0,2.7,788.0,0,,0,0.0,0
31165,2017,52241.0,86185.0,45375.0,12.4,26.6,0.6077256641193155,0.0,51.6,11.060879383109324,,,154.0,5108751.0,33120.0,,30.0,3.0,762.0,0,,0,0.0,0
31165,2018,54399.0,84533.0,46875.0,10.7,26.6,0.612564244247654,1.1,47.0,10.74965846540787,,,153.0,5043477.0,33036.0,,26.0,2.7,750.0,0,,0,0.0,0
31165,2019,60092.0,73309.0,48269.0,8.5,30.6,0.589822917644463,1.7,44.1,10.856010012819258,,,151.0,5176805.0,34246.0,,25.0,2.8,752.0,0,,0,0.0,0
31165,2020,67544.0,67758.0,47422.0,8.1,26.7,0.6280477006583371,2.6,35.4,10.362184555282871,,,158.0,5562066.0,35129.0,,26.0,2.2,767.0,0,,0,0.0,0
31165,2021,76131.0,67293.0,46769.0,10.2,25.5,0.5230505118733917,3.1,44.1,10.39616467361228,,,171.0,6175666.0,36115.0,,27.0,1.8,766.0,0,,0,0.0,0
31165,2022,72670.0,58379.0,50833.0,17.4,24.9,0.5622430109129336,3.9,41.3,10.272466555458914,,,182.0,6618947.0,36468.0,,28.0,1.8,768.0,0,,0,0.0,0
31167,2010,35134.0,238714.0,47713.0,,12.0,14.515631138800025,5.5,39.4,8.576250270364143,,,1392.0,62370768.0,44815.0,,119.0,4.2,3579.0,0,,0,0.0,0
31167,2011,43728.0,275405.0,49236.0,,14.1,14.4220875194103,4.5,39.3,9.187215602180691,,,1405.0,65761035.0,46805.0,,117.0,3.7,3630.0,0,,0,0.0,0
31167,2012,37113.0,236337.0,50962.0,9.3,15.6,14.356606985837496,3.6,39.0,9.94702352871795,,,1449.0,70550169.0,48678.0,,120.0,3.4,3667.0,0,,0,0.0,0
31167,2013,37665.0,230159.0,51493.0,8.5,17.7,14.377654300200184,3.7,39.5,9.725908155238224,,,1467.0,71438250.0,48697.0,,119.0,3.3,3681.0,0,,0,0.0,0
31167,2014,36085.0,227925.0,53532.0,10.3,19.4,14.293465042749434,2.6,39.3,9.763823374481037,,,1359.0,75479737.0,55524.0,,118.0,2.8,3578.0,0,,0,0.0,0
31167,2015,41620.0,246845.0,53416.0,11.6,18.3,14.2209687377224,2.6,38.8,10.108310208778748,,,1339.0,70697526.0,52818.0,,116.0,2.5,3518.0,0,,0,0.0,0
31167,2016,40734.0,257298.0,58553.0,9.5,19.2,14.08299189912256,3.3,41.1,10.204971502919491,,,1285.0,71552862.0,55698.0,,114.0,2.6,3460.0,0,,0,0.0,0
31167,2017,40544.0,229663.0,57534.0,9.5,17.6,14.078314718153075,3.1,41.0,10.198254078857362,,,1334.0,79968997.0,59958.0,,110.0,2.8,3509.0,0,,0,0.0,0
31167,2018,43218.0,216429.0,62687.0,8.8,16.6,14.012834184580267,2.9,41.2,9.990465747579972,,,1332.0,88455489.0,66396.0,,107.0,2.6,3524.0,0,,0,0.0,0
31167,2019,47058.0,288070.0,63986.0,6.2,17.8,13.930983517614264,1.7,42.1,9.900931516057156,,,1305.0,84389110.0,64654.0,,107.0,2.6,3556.0,0,,0,0.0,0
31167,2020,52920.0,304335.0,64808.0,6.2,19.8,13.90525902228209,2.3,41.3,9.782781988575035,,,1321.0,85704936.0,64871.0,,102.0,3.4,3559.0,0,,0,0.0,0
31167,2021,62004.0,315849.0,70583.0,6.5,20.5,13.74389627883482,1.0,40.2,9.378948920228792,,,1359.0,95753963.0,70463.0,,107.0,2.2,3593.0,0,,0,0.0,0
31167,2022,60802.0,342515.0,76035.0,7.0,20.1,13.629305345082413,0.7,41.4,9.234240874153093,,,1336.0,103572299.0,77548.0,,106.0,1.9,3567.0,0,,0,0.0,0
31169,2010,40543.0,296885.0,39159.0,,16.1,9.170330790666547,1.1,48.3,8.291459655363253,,,2188.0,66794714.0,30523.0,,226.0,3.9,2799.0,0,,0,0.0,0
31169,2011,52959.0,365257.0,43198.0,,16.9,9.116305656780067,1.7,48.7,8.792490957785626,,,2297.0,74614533.0,32478.0,,235.0,3.3,2927.0,0,,0,0.0,0
31169,2012,54287.0,414293.0,43077.0,11.0,16.6,9.053566791621574,1.9,48.8,9.29244254922511,,,2413.0,84157407.0,34878.0,,252.0,3.0,3003.0,0,,0,0.0,0
31169,2013,58618.0,469855.0,44422.0,13.4,16.3,9.039624821586353,1.6,49.5,9.190759648360496,,,2480.0,89652683.0,36145.0,,254.0,2.7,3048.0,0,,0,0.0,0
31169,2014,51118.0,378378.0,45213.0,13.7,17.8,9.05182404536717,1.4,48.9,9.200884890065806,,,2492.0,88942532.0,35688.0,,257.0,2.5,3034.0,0,,0,0.0,0
31169,2015,53085.0,372277.0,45741.0,12.0,19.3,9.03091109031434,1.7,48.9,9.592142411183996,,,2459.0,86818604.0,35302.0,,257.0,2.4,2978.0,0,,0,0.0,0
31169,2016,50967.0,358415.0,45590.0,12.0,19.6,8.99779891148069,1.4,48.3,9.7494831358607,,,2411.0,85077830.0,35291.0,,256.0,2.4,2919.0,0,,0,0.0,0
31169,2017,49165.0,363027.0,48151.0,10.9,20.7,8.94551652384861,1.2,48.2,9.997349475804365,,,2388.0,86592207.0,36255.0,,258.0,2.3,2889.0,0,,0,0.0,0
31169,2018,49898.0,367286.0,50734.0,8.4,19.8,8.884520404944519,1.1,47.0,9.673465758823491,,,2399.0,89668936.0,37380.0,,258.0,2.3,2888.0,0,,0,0.0,0
31169,2019,52719.0,372304.0,51821.0,9.7,18.8,8.813067808514012,1.6,46.5,9.721721405027248,,,2287.0,89192219.0,38997.0,,254.0,2.7,2819.0,0,,0,0.0,0
31169,2020,59832.0,356044.0,53234.0,10.5,20.9,8.713731272013064,1.7,46.8,9.034933740919906,,,2236.0,95794417.0,42842.0,,254.0,2.8,2790.0,0,,0,0.0,0
31169,2021,69471.0,404553.0,56111.0,9.2,22.7,8.806096823496402,2.7,46.2,8.747062321261716,,,2177.0,99392231.0,45647.0,,268.0,1.7,2696.0,0,,0,0.0,0
31169,2022,63642.0,384321.0,60305.0,9.7,22.5,8.724187749539478,3.2,45.9,8.508573361434184,,,2177.0,106989133.0,49155.0,,266.0,1.8,2706.0,0,,0,0.0,0
31171,2010,41851.0,25563.0,48250.0,,16.2,1.0609379758257704,0.7,47.0,9.589351685138505,,,218.0,6557502.0,30069.0,,34.0,4.8,395.0,0,,0,0.0,0
31171,2011,50865.0,28898.0,51375.0,,18.7,1.034274190719038,0.7,46.4,10.098737326944969,,,235.0,6799556.0,28955.0,,35.0,5.2,426.0,0,,0,0.0,0
31171,2012,44263.0,23180.0,56429.0,7.3,20.0,1.166189759141819,1.7,38.9,10.765194455356642,,,250.0,6671707.0,26696.0,,36.0,3.8,426.0,0,,0,0.0,0
31171,2013,44881.0,32856.0,55089.0,7.7,22.7,1.0300641193863962,1.8,48.4,10.845941870742994,,,266.0,7618020.0,28639.0,,37.0,3.8,453.0,0,,0,0.0,0
31171,2014,62810.0,45429.0,52105.0,7.9,24.2,1.0483077618278445,0.5,44.5,10.932505251621151,,,250.0,7833543.0,31397.0,,38.0,3.5,428.0,0,,0,0.0,0
31171,2015,62387.0,55341.0,51000.0,8.2,27.5,0.947266049844438,0.0,44.0,11.4856843093404,,,263.0,8110077.0,30827.0,,38.0,3.0,437.0,0,,0,0.0,0
31171,2016,55406.0,48011.0,54286.0,9.6,23.8,0.947266049844438,1.8,41.9,11.819199977877023,,,274.0,7779390.0,28383.0,,37.0,3.3,451.0,0,,0,0.0,0
31171,2017,50159.0,33179.0,53173.0,12.4,29.0,0.9023586222962572,1.9,42.1,12.06880231504645,,,259.0,8277396.0,31949.0,,35.0,3.2,440.0,0,,0,0.0,0
31171,2018,56634.0,35155.0,50682.0,10.7,24.0,0.9051653365180184,1.7,41.1,12.289905000521976,,,264.0,8861342.0,33619.0,,36.0,2.9,442.0,0,,0,0.0,0
31171,2019,55876.0,32931.0,59432.0,8.4,24.7,0.9051653365180184,1.1,41.8,12.329886742517612,,,247.0,8788799.0,35630.0,,37.0,3.7,432.0,0,,0,0.0,0
31171,2020,60359.0,32968.0,59000.0,11.1,24.6,0.8223672669760601,2.0,33.6,,,,239.0,9928721.0,41543.0,,40.0,4.0,430.0,0,,0,0.0,0
31171,2021,63434.0,31159.0,51696.0,7.3,24.5,0.7886866963149246,0.0,44.2,,,,247.0,9549784.0,38598.0,,42.0,2.5,432.0,0,,0,0.0,0
31171,2022,66063.0,30883.0,70069.0,6.6,24.6,0.830787409641344,0.8,46.7,,,,271.0,12332462.0,45437.0,,42.0,2.4,456.0,0,,0,0.0,0
31173,2010,36583.0,370399.0,39048.0,,13.2,17.54898573112728,14.6,28.9,8.794784365759138,,,2773.0,98500675.0,35523.0,,151.0,9.7,3053.0,0,,0,0.0,0
31173,2011,45289.0,398883.0,39568.0,,13.3,17.582015529086547,13.7,28.9,9.52420878195341,,,2803.0,104788983.0,37380.0,,158.0,10.2,3124.0,0,,0,0.0,0
31173,2012,38863.0,352363.0,41961.0,25.8,14.8,17.597260051221593,14.9,28.6,10.317733213138707,,,2923.0,112002337.0,38320.0,,185.0,8.5,3135.0,0,,0,0.0,0
31173,2013,40535.0,352442.0,41400.0,26.9,15.8,17.569311760640677,14.2,28.6,10.247752267017,,,2922.0,112098325.0,38365.0,,194.0,7.5,3091.0,0,,0,0.0,0
31173,2014,38190.0,347574.0,40494.0,30.6,15.6,17.617586080734988,15.3,28.6,11.974559890852024,,,2909.0,116046921.0,39892.0,,199.0,6.0,3021.0,0,,0,0.0,0
31173,2015,39832.0,371406.0,41266.0,30.6,13.9,17.648075125005082,14.4,28.6,10.71249357538813,,,2893.0,125472779.0,43369.0,,198.0,5.3,2982.0,0,,0,0.0,0
31173,2016,37050.0,368671.0,42979.0,31.5,15.9,17.75732753363958,15.3,28.4,10.83134705662546,,,2933.0,120381166.0,41050.0,,196.0,4.8,2995.0,0,,0,0.0,0
31173,2017,36070.0,372102.0,44701.0,30.5,16.0,17.925017277125086,15.4,28.1,10.791089522794897,,,2990.0,122789309.0,41061.0,,189.0,5.0,3042.0,0,,0,0.0,0
31173,2018,36971.0,378462.0,48149.0,28.3,16.7,18.140981340704908,15.0,27.8,10.471154862435544,,,2932.0,123359064.0,42077.0,,182.0,4.2,3013.0,0,,0,0.0,0
31173,2019,41662.0,392559.0,51034.0,25.5,16.4,18.245152241961055,13.3,27.5,10.511769453816347,,,3036.0,133964568.0,44127.0,,172.0,4.6,3089.0,0,,0,0.0,0
31173,2020,48803.0,407252.0,55574.0,21.2,18.9,18.339160128460502,11.8,28.0,10.318125592134471,,,2955.0,147678041.0,49974.0,,173.0,5.2,3128.0,0,,0,0.0,0
31173,2021,57635.0,433728.0,56223.0,20.5,18.9,17.292369608520673,11.3,27.5,10.269758294648694,,,3108.0,153167725.0,49287.0,,177.0,3.5,3197.0,0,,0,0.0,0
31173,2022,57161.0,430406.0,63459.0,19.0,19.8,17.06370177649498,10.0,28.1,10.168941076235209,,,3158.0,167450239.0,53031.0,,169.0,3.1,3237.0,0,,0,0.0,0
31175,2010,34715.0,326252.0,38588.0,,17.1,7.540766609400964,1.1,47.0,8.83248532609665,,,1703.0,45568841.0,26766.0,,208.0,4.5,2139.0,0,,0,0.0,0
31175,2011,42973.0,290771.0,42897.0,,18.4,7.486199904244234,1.3,48.8,9.460175013252412,,,1710.0,46775722.0,27354.0,,207.0,4.0,2149.0,0,,0,0.0,0
31175,2012,41033.0,246337.0,44762.0,14.0,19.2,7.607654828625342,1.1,47.3,10.208572324916998,,,1757.0,50956454.0,29005.0,,228.0,3.4,2148.0,0,,0,0.0,0
31175,2013,45856.0,281206.0,40445.0,15.2,17.8,7.491480553130369,0.9,47.3,10.447876496815937,,,1749.0,52228107.0,29863.0,,239.0,3.2,2136.0,0,,0,0.0,0
31175,2014,49078.0,256224.0,42708.0,13.3,17.4,7.514363364970288,1.2,46.5,10.56827697616369,,,1762.0,54516704.0,30943.0,,243.0,3.0,2119.0,0,,0,0.0,0
31175,2015,51292.0,254423.0,44612.0,12.9,19.2,7.487960120539612,1.4,46.0,11.040592532449882,,,1747.0,56284084.0,32221.0,,243.0,2.8,2071.0,0,,0,0.0,0
31175,2016,49477.0,292343.0,44657.0,12.8,20.6,7.463317092404315,1.8,46.1,11.426389349434068,,,1800.0,59402333.0,32995.0,,250.0,2.8,2104.0,0,,0,0.0,0
31175,2017,45608.0,268988.0,50270.0,11.5,20.3,7.484439687948855,1.5,46.0,11.944763737938016,,,1825.0,61626692.0,33773.0,,251.0,2.7,2130.0,0,,0,0.0,0
31175,2018,47708.0,285552.0,55170.0,10.6,22.8,7.435153631678261,1.7,45.5,11.714865948273944,,,1786.0,63716935.0,35676.0,,244.0,3.0,2107.0,0,,0,0.0,0
31175,2019,52095.0,299076.0,55324.0,9.4,24.2,7.403469738361451,1.1,46.2,11.747232425040709,,,1825.0,64967004.0,35590.0,,244.0,3.3,2158.0,0,,0,0.0,0
31175,2020,59932.0,288820.0,56205.0,9.2,27.4,7.216886811051342,0.8,47.0,,,,1775.0,68932643.0,38844.0,,240.0,2.8,2141.0,0,,0,0.0,0
31175,2021,66334.0,292574.0,58015.0,9.1,26.3,7.095431886670235,0.5,46.2,,,,1751.0,68872716.0,39335.0,,248.0,2.2,2108.0,0,,0,0.0,0
31175,2022,66480.0,272747.0,62321.0,8.8,27.0,7.1341566451685585,0.6,46.3,,,,1752.0,71602736.0,40865.0,8.0,247.0,2.0,2111.0,0,,0,0.0,0
31177,2010,43240.0,1381717.0,61940.0,,29.1,51.667235105409056,3.4,40.2,9.234891911065535,,,7809.0,344558922.0,44125.0,,591.0,4.7,11217.0,0,,0,0.0,0
31177,2011,47622.0,1440603.0,64737.0,,27.4,51.798018755914114,3.5,40.8,9.390991896488694,,,7778.0,363713502.0,46763.0,,572.0,4.4,11245.0,0,,0,0.0,0
31177,2012,48990.0,1449856.0,65803.0,6.3,29.0,51.80314752652215,2.6,41.0,10.14015223318013,,,8295.0,398566772.0,48047.0,,630.0,3.7,11206.0,0,,0,0.0,0
31177,2013,48705.0,1382659.0,65409.0,7.7,28.9,51.88777224155484,2.4,40.8,10.703052393322563,,,8341.0,422209127.0,50620.0,,649.0,3.6,11103.0,0,,0,0.0,0
31177,2014,49102.0,1390527.0,68207.0,9.0,29.8,51.96470380067546,1.8,41.0,10.697182622433193,,,8105.0,395811558.0,48837.0,,642.0,3.2,11050.0,0,,0,0.0,0
31177,2015,52121.0,1356837.0,65370.0,9.5,29.6,51.94675310354731,1.4,41.2,11.092444231018575,,,8171.0,428386729.0,52426.0,,633.0,3.0,10980.0,0,,0,0.0,0
31177,2016,51264.0,1378664.0,65565.0,9.2,30.6,52.15446831317299,1.5,41.2,11.490370606806875,,,8070.0,410587337.0,50880.0,,656.0,3.2,11169.0,0,,0,0.0,0
31177,2017,53145.0,1150646.0,66485.0,9.8,30.8,52.34936159627856,1.7,41.2,11.506515345107006,,,7867.0,399502418.0,50784.0,,665.0,3.1,11248.0,0,,0,0.0,0
31177,2018,54098.0,1275452.0,70753.0,8.1,30.3,51.84930646199453,2.4,41.4,11.22769845863559,,,7838.0,419938117.0,53576.0,,668.0,2.9,11243.0,0,,0,0.0,0
31177,2019,56645.0,1263847.0,71430.0,7.9,29.9,52.213449175165465,2.6,41.2,11.320203986066929,,,7721.0,395725028.0,51255.0,,663.0,3.0,11386.0,0,,0,0.0,0
31177,2020,60923.0,1274101.0,71505.0,7.4,32.1,52.6878604564093,2.5,40.9,11.396312504844524,,,7511.0,407564676.0,54264.0,,651.0,3.7,11271.0,0,,0,0.0,0
31177,2021,69139.0,1437017.0,83491.0,7.4,33.7,53.080211407924466,2.3,41.5,11.384587862037744,,,7700.0,437903194.0,56868.0,,689.0,2.4,11304.0,0,,0,0.0,0
31177,2022,69410.0,1381125.0,89671.0,8.0,34.3,53.55462268916829,2.0,41.6,11.679793386583285,,,7726.0,460241989.0,59569.0,,696.0,2.0,11412.0,0,,0,0.0,0
31179,2010,35372.0,457819.0,45000.0,,28.0,21.61357909851981,5.8,28.3,8.309981566750102,,,4115.0,112963495.0,27452.0,,281.0,3.9,5662.0,0,,0,0.0,0
31179,2011,42303.0,464898.0,46418.0,,29.1,21.516495227085947,7.0,27.7,9.041395791043744,,,4046.0,115955369.0,28663.0,,266.0,3.5,5610.0,0,,0,0.0,0
31179,2012,37092.0,381999.0,46612.0,15.9,33.8,21.543588400509353,6.6,29.4,9.590808646242104,,,4222.0,122670767.0,29058.0,,285.0,3.1,5717.0,0,,0,0.0,0
31179,2013,36751.0,372389.0,52147.0,15.0,33.1,21.44650452907549,6.5,29.9,9.34563860631454,,,4194.0,126391323.0,30136.0,,289.0,3.1,5671.0,0,,0,0.0,0
31179,2014,35574.0,341011.0,53808.0,14.9,36.4,21.42166912010404,4.5,29.6,9.4066188824896,,,4082.0,129879787.0,31817.0,,286.0,2.8,5571.0,0,,0,0.0,0
31179,2015,37531.0,352979.0,54159.0,13.6,37.8,21.279429959631173,3.0,30.1,9.877606751610442,,,4080.0,138476541.0,33939.0,,286.0,2.6,5563.0,0,,0,0.0,0
31179,2016,37393.0,356922.0,55141.0,12.1,36.3,21.25459455065972,2.3,30.7,10.043098836644358,,,4122.0,143422625.0,34792.0,,285.0,2.7,5656.0,0,,0,0.0,0
31179,2017,40072.0,407665.0,58093.0,13.5,32.4,21.243305728399967,2.0,31.7,10.044718202243589,,,4170.0,148774548.0,35682.0,,286.0,2.4,5706.0,0,,0,0.0,0
31179,2018,40945.0,407008.0,62623.0,14.2,34.5,21.14847962141806,1.9,31.8,10.02273257674372,,,4185.0,151899328.0,36298.0,,280.0,2.5,5759.0,0,,0,0.0,0
31179,2019,43124.0,428452.0,56456.0,12.2,32.4,21.0694578655998,2.5,32.0,9.94565087957128,,,4295.0,154497160.0,35973.0,,275.0,2.7,5841.0,0,,0,0.0,0
31179,2020,46460.0,462199.0,58894.0,11.8,31.9,21.19589267490901,3.1,32.2,9.125281486065091,,,4216.0,156896259.0,37217.0,,281.0,2.8,5714.0,0,,0,0.0,0
31179,2021,52500.0,518920.0,60971.0,12.8,33.4,21.651961094202964,2.6,32.2,8.545884875600532,,,4278.0,163386883.0,38191.0,,290.0,2.0,5718.0,0,,0,0.0,0
31179,2022,53942.0,584462.0,64951.0,16.6,32.7,21.902572948369443,3.4,31.8,8.576892128515416,,,4137.0,171672947.0,41499.0,,288.0,2.0,5725.0,0,,0,0.0,0
31181,2010,35253.0,145142.0,38015.0,,12.7,6.635786632064329,2.0,47.4,8.442246639073014,,,971.0,24854403.0,25605.0,,112.0,4.9,1704.0,0,,0,0.0,0
31181,2011,42795.0,160534.0,38538.0,,16.5,6.613174515100545,3.7,47.3,8.840885607724486,,,990.0,26291960.0,26564.0,,113.0,4.6,1736.0,0,,0,0.0,0
31181,2012,41713.0,156760.0,39722.0,15.3,16.7,6.562732100335181,4.6,47.5,9.111915320182815,,,1027.0,27783477.0,27055.0,,135.0,3.6,1743.0,0,,0,0.0,0
31181,2013,49159.0,182544.0,41045.0,15.5,17.2,6.543598770596595,5.1,47.6,9.376879015158709,,,1032.0,28433693.0,27545.0,,142.0,3.8,1741.0,0,,0,0.0,0
31181,2014,51324.0,195032.0,41107.0,12.6,18.5,6.49315635583123,4.7,47.6,9.105724783690883,,,1054.0,29690791.0,28170.0,,145.0,3.4,1730.0,0,,0,0.0,0
31181,2015,56993.0,250702.0,40256.0,12.8,19.8,6.430538185777674,4.7,47.5,9.314608186758417,,,1065.0,30326693.0,28478.0,,147.0,3.5,1732.0,0,,0,0.0,0
31181,2016,54608.0,268784.0,40313.0,10.4,20.8,6.374877590174513,3.0,47.6,9.940271599283257,,,1070.0,31390319.0,29339.0,,146.0,3.1,1722.0,0,,0,0.0,0
31181,2017,43408.0,174877.0,43831.0,11.3,22.8,6.256598824517797,2.1,46.1,10.387796498788164,,,1045.0,31616445.0,30253.0,,139.0,3.0,1678.0,0,,0,0.0,0
31181,2018,44524.0,191149.0,42298.0,11.0,22.6,6.2113745905902285,2.4,45.2,9.554268653595717,,,1043.0,33067827.0,31712.0,,134.0,2.9,1667.0,0,,0,0.0,0
31181,2019,52139.0,214976.0,46188.0,10.8,23.0,6.15223520776187,2.1,45.1,9.59942657291167,,,1048.0,34908719.0,33323.0,,130.0,3.5,1693.0,0,,0,0.0,0
31181,2020,57155.0,212112.0,51684.0,7.9,22.4,6.082659463257919,1.9,45.7,9.48428326661199,,,1006.0,36804571.0,36603.0,,128.0,3.7,1663.0,0,,0,0.0,0
31181,2021,58756.0,244352.0,56786.0,8.6,19.6,5.986992814564986,2.6,45.1,9.342180347466064,,,1016.0,37987481.0,37386.0,,134.0,2.1,1652.0,0,,0,0.0,0
31181,2022,57695.0,258688.0,62571.0,7.9,21.5,5.931332218961826,1.8,44.6,9.166992210856964,,,1024.0,40437057.0,39493.0,,136.0,2.3,1673.0,0,,0,0.0,0
31183,2010,47533.0,70367.0,37222.0,,23.5,1.3056714124026614,0.0,45.8,8.96583882005582,,,291.0,8341570.0,28682.0,,36.0,3.9,514.0,0,,0,0.0,0
31183,2011,67295.0,77763.0,39653.0,,23.5,1.210049671148139,1.5,45.1,9.67256583320282,,,297.0,9066514.0,30493.0,,38.0,3.2,524.0,0,,0,0.0,0
31183,2012,64787.0,67627.0,39602.0,15.3,22.2,1.260468407445978,2.4,47.3,10.5054029415134,,,304.0,10748486.0,35376.0,,37.0,3.3,521.0,0,,0,0.0,0
31183,2013,81736.0,77394.0,38807.0,16.0,17.5,1.510823511821455,2.3,44.2,10.487247787113905,,,310.0,10055717.0,32455.0,,39.0,3.2,524.0,0,,0,0.0,0
31183,2014,106072.0,109558.0,44107.0,13.1,18.6,1.474313392433365,3.1,48.3,10.487579663459778,,,317.0,10850925.0,34203.0,,41.0,2.9,559.0,0,,0,0.0,0
31183,2015,114595.0,141443.0,46394.0,7.2,18.4,1.472574815319646,2.9,47.8,10.879229414899427,,,322.0,10748669.0,33381.0,,41.0,2.3,564.0,0,,0,0.0,0
31183,2016,95435.0,164926.0,47452.0,5.1,16.6,1.3995545765434654,0.6,50.0,10.941802755965828,,,317.0,10669943.0,33712.0,,41.0,2.1,569.0,0,,0,0.0,0
31183,2017,59480.0,95268.0,49706.0,2.6,19.1,1.4708362382059277,0.4,50.2,10.975319246461012,,,317.0,10650885.0,33608.0,,41.0,2.2,589.0,0,,0,0.0,0
31183,2018,55330.0,97542.0,52083.0,9.2,17.3,1.4291103874766813,0.4,49.8,10.471995589282272,,,306.0,10610979.0,34686.0,,41.0,2.4,580.0,0,,0,0.0,0
31183,2019,76462.0,107420.0,51591.0,13.2,19.4,1.3613058800416564,0.0,49.4,10.678237044450462,,,302.0,10861925.0,35937.0,,40.0,2.8,575.0,0,,0,0.0,0
31183,2020,73818.0,78484.0,48438.0,12.6,25.1,1.1978796313521087,0.0,58.9,10.12714136113648,,,294.0,11390922.0,38745.0,,39.0,1.9,569.0,0,,0,0.0,0
31183,2021,66531.0,75536.0,51875.0,12.5,25.8,1.277854178583164,0.0,57.8,10.097475531696878,,,293.0,11148931.0,38019.0,,41.0,1.3,554.0,0,,0,0.0,0
31183,2022,58235.0,55342.0,59167.0,10.2,24.7,1.3404429546770331,1.4,57.8,9.865902064484285,,,286.0,11805586.0,41218.0,,39.0,1.4,560.0,0,,0,0.0,0
31185,2010,40396.0,764659.0,47689.0,,21.5,24.25459817295768,1.3,40.6,9.263161882316531,,,7251.0,223683805.0,30848.0,,570.0,4.7,7401.0,0,,0,0.0,0
31185,2011,45846.0,839982.0,48655.0,,22.4,24.111369233725178,1.5,41.4,9.727022748364895,,,7450.0,243623231.0,32700.0,,583.0,4.3,7518.0,0,,0,0.0,0
31185,2012,48375.0,862479.0,47220.0,10.0,23.9,23.976873766397095,1.9,42.2,10.548772234813924,,,7785.0,258754516.0,33236.0,,634.0,3.6,7585.0,0,,0,0.0,0
31185,2013,49365.0,875155.0,49633.0,8.9,24.9,24.03800806972804,2.4,40.7,10.31043382356154,,,7754.0,266825033.0,34413.0,,651.0,3.5,7481.0,0,,0,0.0,0
31185,2014,45814.0,798834.0,50922.0,9.6,24.1,24.099142373058985,2.4,41.2,12.091358617932473,,,7737.0,273653461.0,35368.0,,665.0,3.1,7400.0,0,,0,0.0,0
31185,2015,46538.0,788074.0,51802.0,10.8,26.1,24.148049815723745,2.0,41.3,10.675338372357643,,,7641.0,277152011.0,36272.0,4.0,660.0,2.9,7368.0,0,,0,0.0,0
31185,2016,44497.0,746620.0,55156.0,9.4,28.3,24.177743620198775,1.4,40.1,10.661662625879543,,,7762.0,283596900.0,36535.0,,648.0,2.7,7365.0,0,,0,0.0,0
31185,2017,43834.0,722981.0,59966.0,9.7,28.1,24.160276676389937,2.4,40.9,10.716294535506224,,,7809.0,290702382.0,37226.0,,634.0,2.6,7395.0,0,,0,0.0,0
31185,2018,46071.0,755234.0,59779.0,10.1,28.1,24.102635761820753,2.9,40.2,10.279482514035829,,,7759.0,303096696.0,39063.0,,617.0,2.6,7393.0,0,,0,0.0,0
31185,2019,48619.0,829244.0,60298.0,9.8,28.4,24.00831426525301,2.7,39.9,10.223322469885195,,,7650.0,308420562.0,40314.0,,614.0,2.7,7394.0,0,,0,0.0,0
31185,2020,53941.0,843819.0,63105.0,8.6,27.4,23.87905888106758,3.0,39.8,10.225675385231837,,,7274.0,317624431.0,43666.0,,623.0,3.4,7329.0,0,,0,0.0,0
31185,2021,61303.0,929777.0,66337.0,8.2,25.2,24.74017921084348,3.8,39.5,10.224704115981224,,,7328.0,339799721.0,46371.0,,637.0,2.0,7301.0,0,,0,0.0,0
31185,2022,63649.0,928894.0,72914.0,9.3,25.3,24.82402054112592,2.8,39.5,10.10293152972045,,,7461.0,376697315.0,50488.0,,645.0,2.0,7418.0,0,,0,0.0,0
31999,2010,,,,,,,,,,,,13495.0,753401974.0,55827.0,32.0,3741.0,,,0,,0,0.0,0
31999,2011,,,,,,,,,,,,12918.0,771601536.0,59729.0,38.0,3883.0,,,0,,0,0.0,0
31999,2012,,,,,,,,,,,,13439.0,834506340.0,62096.0,43.0,4154.0,,,0,,0,0.0,0
31999,2013,,,,,,,,,,,,14356.0,909929176.0,63384.0,41.0,4521.0,,,0,,0,0.0,0
31999,2014,,,,,,,,,,,,15994.0,1083654799.0,67753.0,49.0,4898.0,,,0,,0,0.0,0
31999,2015,,,,,,,,,,,,17668.0,1197178475.0,67761.0,34.0,5158.0,,,0,,0,0.0,0
31999,2016,,,,,,,,,,,,18153.0,1202727429.0,66256.0,36.0,5549.0,,,0,,0,0.0,0
31999,2017,,,,,,,,,,,,19917.0,1329712336.0,66763.0,46.0,5839.0,,,0,,0,0.0,0
31999,2018,,,,,,,,,,,,21680.0,1503400972.0,69346.0,89.0,6077.0,,,0,,0,0.0,0
31999,2019,,,,,,,,,,,,22467.0,1617155369.0,71978.0,129.0,6393.0,,,0,,0,0.0,0
31999,2020,,,,,,,,,,,,23905.0,1825719266.0,76375.0,194.0,6529.0,,,0,,0,0.0,0
31999,2021,,,,,,,,,,,,28933.0,2298547179.0,79444.0,400.0,8567.0,,,0,,0,0.0,0
31999,2022,,,,,,,,,,,,33058.0,2962933432.0,89629.0,424.0,10338.0,,,0,,0,0.0,0
39001,2010,25970.0,1598445.0,32791.0,,10.7,48.945659322591254,11.4,39.0,10.532316538699463,,,5919.0,177444116.0,29980.0,,480.0,16.0,11899.0,0,,0,0.0,0
39001,2011,28113.0,1722058.0,34232.0,,10.9,48.89941631042421,14.5,39.5,11.154656825792614,,,5869.0,188458394.0,32110.0,,515.0,14.3,11489.0,0,,0,0.0,0
39001,2012,28128.0,1600724.0,34282.0,23.1,10.7,48.853173298257154,16.1,39.8,12.279356167470777,,,5509.0,178682283.0,32433.0,,488.0,12.5,10773.0,0,,0,0.0,0
39001,2013,28887.0,1646873.0,35678.0,22.7,10.6,48.6510742080456,15.4,40.4,13.207652136771928,,,5492.0,187327891.0,34108.0,,499.0,12.7,10684.0,0,,0,0.0,0
39001,2014,30221.0,1494911.0,34733.0,25.3,9.8,48.54146114216815,15.3,40.7,14.009564419390175,,,5570.0,192885763.0,34629.0,,515.0,9.2,10542.0,0,,0,0.0,0
39001,2015,31677.0,1563750.0,35560.0,24.6,10.5,48.34792557272827,13.4,41.0,13.481711811918412,,,5803.0,207429262.0,35745.0,,542.0,7.9,10722.0,0,,0,0.0,0
39001,2016,32081.0,1738551.0,34709.0,24.5,10.9,48.14582648251672,9.9,42.1,13.122428622356804,,,6042.0,219277227.0,36291.0,,572.0,7.6,10987.0,0,,0,0.0,0
39001,2017,33374.0,1500921.0,36320.0,23.8,12.1,47.82897621396471,7.5,42.2,12.495513328243192,,,6032.0,226314023.0,37517.0,,586.0,7.2,10960.0,0,,0,0.0,0
39001,2018,34646.0,941103.0,36894.0,22.6,12.9,47.74676641455662,7.1,42.0,12.15898486848644,,,6070.0,231611066.0,38159.0,,603.0,7.0,10957.0,0,,0,0.0,0
39001,2019,35642.0,728513.0,39079.0,20.7,13.2,47.57207059081443,5.4,42.0,11.930168993604203,,,5898.0,235359041.0,39902.0,,622.0,6.9,10894.0,0,,0,0.0,0
39001,2020,40001.0,716769.0,40067.0,20.2,15.5,47.416214512769926,6.6,42.3,12.288453425442336,,,5806.0,246550404.0,42466.0,,641.0,9.3,10861.0,0,,0,0.0,0
39001,2021,44470.0,766337.0,44467.0,19.2,16.0,47.20897731009536,6.5,42.1,12.58930042163956,,,6057.0,268987500.0,44412.0,,674.0,6.4,10897.0,0,,0,0.0,0
39001,2022,43159.0,707893.0,46234.0,19.6,15.2,47.114778581606934,5.8,42.2,14.317629578716414,,,6249.0,284919832.0,45591.0,30.0,674.0,5.4,10964.0,0,,0,0.0,0
39003,2010,32969.0,8004727.0,43632.0,,15.8,264.7803351178129,10.1,38.1,9.748259112947611,,,49342.0,1826350862.0,37014.0,,2596.0,10.7,52085.0,0,,0,0.0,0
39003,2011,34303.0,8136193.0,43323.0,,15.7,264.48720018879874,10.9,38.1,11.2023852449175,,,49396.0,1884976993.0,38160.0,,2599.0,9.5,50812.0,0,,0,0.0,0
39003,2012,35348.0,7506054.0,43194.0,18.8,16.5,263.5208486007775,11.1,38.1,12.338788284514203,,,49889.0,1945773371.0,39002.0,,2571.0,7.7,49967.0,0,,0,0.0,0
39003,2013,35293.0,7164958.0,42823.0,18.6,17.2,263.0637568470606,11.4,38.1,13.319503608808416,,,50178.0,1972473731.0,39309.0,,2528.0,7.8,49437.0,0,,0,0.0,0
39003,2014,36648.0,7822246.0,43648.0,18.4,17.2,262.23652014060536,11.1,38.2,14.187559994327769,,,49814.0,2018900991.0,40528.0,5.0,2487.0,5.8,48478.0,0,,0,0.0,0
39003,2015,37908.0,7615897.0,44103.0,17.5,17.4,261.3273050217988,9.2,38.1,13.640285088745705,,,50014.0,2059014414.0,41169.0,,2463.0,4.9,47999.0,0,,0,0.0,0
39003,2016,38813.0,7886346.0,45575.0,16.1,17.4,260.00571364692144,7.6,38.2,13.23972250589867,,,50406.0,2129979362.0,42257.0,,2465.0,5.0,48450.0,0,,0,0.0,0
39003,2017,40175.0,7711921.0,47905.0,15.0,17.7,258.7462271298861,7.2,38.6,12.812425528933629,,,50931.0,2222882416.0,43645.0,,2487.0,5.0,48876.0,0,,0,0.0,0
39003,2018,41906.0,8163264.0,50552.0,14.8,17.8,257.4668670583413,6.0,39.0,12.494347224222793,,,50828.0,2299995153.0,45251.0,16.0,2489.0,4.5,48155.0,0,,0,0.0,0
39003,2019,43117.0,7820932.0,53131.0,13.9,18.9,256.3067483138531,5.4,39.2,12.237242406890273,,,50165.0,2317122537.0,46190.0,,2510.0,4.1,48290.0,0,,0,0.0,0
39003,2020,46916.0,7725452.0,51892.0,12.9,18.7,255.39504900073285,5.6,39.4,12.653095198242395,,,47761.0,2337103659.0,48933.0,,2525.0,8.6,47796.0,0,,0,0.0,0
39003,2021,50303.0,8552838.0,55114.0,13.0,19.1,254.5355177681998,6.1,39.5,13.046059413628631,,,48379.0,2458966589.0,50828.0,19.0,2529.0,5.8,47201.0,0,,0,0.0,0
39003,2022,50807.0,8448293.0,58976.0,12.3,19.1,253.6039449005701,6.1,39.8,15.431168671459435,,,49136.0,2617096566.0,53262.0,49.0,2562.0,4.2,46717.0,0,,0,0.0,0
39005,2010,29555.0,1650690.0,44542.0,,17.5,126.1055304300132,8.3,39.1,10.281318833585464,,,17051.0,559202609.0,32795.0,,1093.0,11.9,26666.0,0,,0,0.0,0
39005,2011,31580.0,1695439.0,45641.0,,18.4,126.08188904150718,10.0,39.4,11.169474138129129,,,17241.0,580910327.0,33693.0,,1082.0,9.9,26067.0,0,,0,0.0,0
39005,2012,31775.0,1653655.0,44996.0,16.3,19.2,125.77927926863,10.8,39.5,12.153220951758035,,,17495.0,598933849.0,34234.0,,1075.0,8.0,25832.0,0,,0,0.0,0
39005,2013,33313.0,1715028.0,46548.0,16.3,19.3,125.8525675729987,10.9,39.9,12.91538672977772,,,17520.0,604196174.0,34486.0,,1090.0,8.1,25506.0,0,,0,0.0,0
39005,2014,34552.0,1734695.0,47034.0,15.4,19.7,125.7769151297794,10.6,40.0,13.633845372752846,,,17958.0,635602235.0,35394.0,,1091.0,6.0,25616.0,0,,0,0.0,0
39005,2015,35551.0,1717708.0,48003.0,14.9,20.4,125.74618132472156,7.8,39.9,13.372783928512913,,,18349.0,677678583.0,36933.0,,1119.0,5.1,26064.0,0,,0,0.0,0
39005,2016,35891.0,1698030.0,48509.0,15.4,19.6,126.1102587077144,5.7,40.0,12.866321531309485,,,18358.0,688126902.0,37484.0,,1128.0,5.1,26365.0,0,,0,0.0,0
39005,2017,37291.0,1729937.0,50893.0,14.2,20.2,126.00623659828788,4.2,40.4,12.712141625685586,,,18481.0,708897266.0,38359.0,,1140.0,4.9,26390.0,0,,0,0.0,0
39005,2018,38819.0,1745462.0,52730.0,13.3,21.1,126.4270533136952,4.1,40.3,12.493608257168972,,,18731.0,726583682.0,38791.0,,1141.0,4.6,26315.0,0,,0,0.0,0
39005,2019,39165.0,1761577.0,52823.0,13.8,20.9,126.5665375058808,3.5,40.4,12.23055312152069,,,19295.0,754844403.0,39122.0,,1171.0,4.2,27041.0,0,,0,0.0,0
39005,2020,42765.0,1791602.0,55422.0,12.5,22.0,126.55944508932896,3.8,40.7,12.416538650090413,,,18455.0,777612753.0,42135.0,,1169.0,6.5,26273.0,0,,0,0.0,0
39005,2021,47791.0,1852584.0,58168.0,12.4,22.2,124.49082359505138,3.6,40.8,12.92020363328463,,,18772.0,828692410.0,44145.0,,1181.0,4.4,26114.0,0,,0,0.0,0
39005,2022,48042.0,1823248.0,62254.0,11.7,21.9,124.16930071136936,3.7,41.5,14.61143157395662,,,18952.0,871556354.0,45987.0,72.0,1203.0,3.9,25920.0,0,,0,0.0,0
39007,2010,29764.0,3073066.0,42139.0,,12.9,145.09583843137477,9.4,40.6,11.29688278488132,,,29416.0,952353068.0,32376.0,91.0,2145.0,13.0,48478.0,0,,0,0.0,0
39007,2011,31625.0,3138006.0,41501.0,,13.1,144.82378462454437,10.7,40.9,11.16628883890335,,,30180.0,989403500.0,32784.0,90.0,2136.0,10.9,47442.0,0,,0,0.0,0
39007,2012,31906.0,3091244.0,41075.0,18.0,13.0,144.2340973154984,11.1,41.1,11.438146853773857,,,30109.0,997497357.0,33129.0,91.0,2105.0,9.4,46455.0,0,,0,0.0,0
39007,2013,32427.0,3009167.0,40516.0,18.7,12.6,143.62589325520213,11.1,41.4,11.434819540546282,,,30177.0,1007665326.0,33392.0,91.0,2086.0,9.5,45988.0,0,,0,0.0,0
39007,2014,34076.0,3075186.0,40304.0,19.0,13.4,142.92937853509707,9.6,41.6,11.66909799539401,,,30015.0,1044895106.0,34813.0,84.0,2053.0,7.2,45049.0,0,,0,0.0,0
39007,2015,34929.0,3016423.0,40544.0,20.1,13.3,142.11891457652902,8.9,41.8,12.636042145532862,,,30161.0,1069530648.0,35461.0,90.0,2047.0,6.0,44504.0,0,,0,0.0,0
39007,2016,35329.0,3049083.0,41158.0,19.6,13.1,141.26144655709498,8.1,42.2,11.842341127527884,,,30112.0,1066452697.0,35416.0,109.0,2052.0,6.1,44399.0,0,,0,0.0,0
39007,2017,36443.0,2965739.0,43017.0,19.8,13.4,140.47377244621953,7.4,42.5,12.433508494831251,,,30092.0,1107573920.0,36807.0,98.0,2081.0,5.9,44402.0,0,,0,0.0,0
39007,2018,38232.0,3119280.0,44823.0,20.3,14.1,139.78153082255682,7.3,42.4,12.586887992125291,,,30787.0,1148290192.0,37298.0,96.0,2095.0,5.2,44654.0,0,,0,0.0,0
39007,2019,39356.0,3131919.0,46700.0,19.9,14.3,139.34567498543586,6.9,42.5,12.209513895971924,,,30716.0,1172043160.0,38158.0,98.0,2124.0,4.8,44906.0,0,,0,0.0,0
39007,2020,43188.0,3065966.0,47925.0,19.2,14.9,138.75598767638985,7.2,42.7,11.681403869548811,,,28573.0,1160163107.0,40603.0,92.0,2127.0,8.3,43672.0,0,,0,0.0,0
39007,2021,46537.0,3178764.0,49680.0,18.9,15.1,139.40122523918657,7.6,42.6,12.541881803103635,,,28948.0,1227164341.0,42392.0,91.0,2156.0,5.6,42982.0,0,,0,0.0,0
39007,2022,47541.0,3246280.0,53663.0,18.0,15.7,139.11207904658673,7.6,42.6,12.877178045625264,,,29619.0,1337868006.0,45169.0,90.0,2199.0,4.4,42858.0,0,,0,0.0,0
39009,2010,27567.0,1955672.0,31559.0,,27.3,127.97730142719855,11.3,25.9,10.607434703085309,,,19477.0,707331405.0,36316.0,,1210.0,10.7,28676.0,0,,0,0.0,0
39009,2011,28743.0,1940446.0,33546.0,,28.4,128.1897530795562,11.9,26.3,11.259037274183743,,,19540.0,718288774.0,36760.0,,1208.0,9.9,27780.0,0,,0,0.0,0
39009,2012,29563.0,1986616.0,33836.0,32.2,28.3,128.24931896339478,11.7,26.4,12.398661561029147,,,19884.0,735823596.0,37007.0,,1194.0,8.5,27602.0,0,,0,0.0,0
39009,2013,29711.0,2016446.0,33823.0,31.7,28.2,128.68414991541644,12.4,26.8,13.398215796834169,,,19791.0,747340865.0,37762.0,,1185.0,9.0,27486.0,0,,0,0.0,0
39009,2014,30668.0,2014070.0,33773.0,31.6,28.8,128.74173026979375,11.5,27.0,14.276497244218389,,,20174.0,783240299.0,38824.0,,1177.0,6.9,27676.0,0,,0,0.0,0
39009,2015,31631.0,2103735.0,33872.0,33.0,29.1,129.0077912176061,10.9,28.0,13.719834197053794,,,20634.0,817828056.0,39635.0,,1176.0,6.3,28006.0,0,,0,0.0,0
39009,2016,32135.0,2089286.0,34221.0,31.2,29.1,129.263924518112,9.4,28.2,13.323793108546298,,,21089.0,838637072.0,39767.0,,1196.0,6.4,28129.0,0,,0,0.0,0
39009,2017,33411.0,2154845.0,37191.0,30.2,29.6,130.17726807030363,8.7,28.6,12.88746939017801,,,21514.0,884400878.0,41108.0,12.0,1206.0,6.0,28497.0,0,,0,0.0,0
39009,2018,34392.0,2071018.0,37778.0,30.6,29.7,130.91787055936337,7.7,28.9,12.555216584247988,,,20775.0,862575078.0,41520.0,9.0,1230.0,5.6,28009.0,0,,0,0.0,0
39009,2019,35685.0,2126740.0,40905.0,30.2,30.2,130.8801454995989,7.2,29.6,12.299909311974622,,,20952.0,895214891.0,42727.0,,1252.0,5.3,28124.0,0,,0,0.0,0
39009,2020,38168.0,2035440.0,42414.0,27.9,31.8,130.93574032451494,5.8,30.0,12.704891948350218,,,19737.0,888499741.0,45017.0,6.0,1259.0,7.6,26347.0,0,,0,0.0,0
39009,2021,42637.0,2032549.0,47061.0,25.5,34.1,124.95532558712108,5.8,30.5,13.095571304365638,,,20156.0,924735800.0,45878.0,9.0,1304.0,5.6,25686.0,0,,0,0.0,0
39009,2022,40836.0,2064655.0,48750.0,24.4,34.3,121.66530326976992,5.7,32.2,15.518434180775465,,,20889.0,956407066.0,45785.0,50.0,1346.0,4.8,26044.0,0,,0,0.0,0
39011,2010,35514.0,1871726.0,52018.0,,15.5,114.65963108015188,6.7,39.1,10.880111736873689,,,18288.0,629319151.0,34411.0,,1053.0,10.0,24596.0,0,,0,0.0,0
39011,2011,38487.0,1988873.0,52838.0,,16.1,114.56745094522007,7.1,39.7,11.702280742015876,,,18623.0,660529828.0,35469.0,,1041.0,8.1,24060.0,0,,0,0.0,0
39011,2012,40000.0,2109050.0,52267.0,7.9,16.4,114.43790048531596,7.4,40.2,12.63559863536512,,,19190.0,711783279.0,37091.0,,1039.0,6.2,23958.0,0,,0,0.0,0
39011,2013,40134.0,2224887.0,52239.0,8.8,17.1,114.36814254536758,7.2,40.2,13.307410325658058,,,19523.0,742928531.0,38054.0,,1033.0,5.9,23948.0,0,,0,0.0,0
39011,2014,42155.0,2227377.0,52773.0,9.2,18.2,114.27097970043948,6.5,40.5,14.025541553429392,,,20316.0,793479803.0,39058.0,,1036.0,4.3,24202.0,0,,0,0.0,0
39011,2015,42628.0,2192154.0,54274.0,8.9,17.5,114.28592783042842,5.0,41.0,13.450270873124746,,,20942.0,858641523.0,41002.0,,1056.0,3.7,24530.0,0,,0,0.0,0
39011,2016,44011.0,2253990.0,55914.0,8.8,17.8,114.28094512043212,4.0,41.2,12.999489572341396,,,21127.0,877518025.0,41536.0,,1061.0,3.8,24716.0,0,,0,0.0,0
39011,2017,46358.0,2361817.0,59516.0,9.0,18.5,114.04924910560356,3.4,41.1,12.480324817442355,,,21339.0,911643428.0,42721.0,,1067.0,3.7,24833.0,0,,0,0.0,0
39011,2018,47611.0,2349769.0,61758.0,8.7,18.9,114.0641972355925,3.5,41.3,12.112048008504813,,,21681.0,974882026.0,44965.0,,1062.0,3.3,24771.0,0,,0,0.0,0
39011,2019,47044.0,2290619.0,64074.0,8.4,18.9,113.9271727106939,3.0,41.1,11.908108812340402,,,22071.0,1013332218.0,45913.0,,1073.0,3.0,25172.0,0,,0,0.0,0
39011,2020,51091.0,2189445.0,66193.0,7.9,19.2,113.87734561073076,3.3,40.4,11.980300648457856,,,20373.0,963669222.0,47302.0,,1066.0,6.9,24505.0,0,,0,0.0,0
39011,2021,55791.0,2566627.0,69315.0,7.3,20.1,115.3048920246744,3.3,40.3,12.088866144762203,,,20771.0,1021278217.0,49169.0,,1081.0,3.8,24168.0,0,,0,0.0,0
39011,2022,56750.0,2522815.0,75231.0,6.6,20.7,115.25755627970942,2.9,40.7,14.67134597365009,,,20940.0,1068657759.0,51034.0,44.0,1092.0,3.1,23978.0,0,,0,0.0,0
39013,2010,30567.0,2057743.0,38320.0,,14.1,132.30488210521173,6.7,43.1,9.772892791370976,,,22506.0,713425066.0,31699.0,66.0,1591.0,11.3,33517.0,0,,0,0.0,0
39013,2011,32321.0,2071812.0,39712.0,,13.5,132.19776481930066,7.6,43.3,11.143276410385932,,,22671.0,741049781.0,32687.0,71.0,1588.0,9.5,32198.0,0,,0,0.0,0
39013,2012,33198.0,2038781.0,41676.0,14.6,13.9,131.8895677159776,8.2,43.5,12.269565840747177,,,22577.0,767970778.0,34015.0,66.0,1590.0,8.2,31743.0,0,,0,0.0,0
39013,2013,33954.0,2225656.0,41534.0,14.6,14.4,131.52875159501397,9.0,43.5,13.202190110344896,,,22833.0,821404903.0,35975.0,65.0,1588.0,8.2,31938.0,0,,0,0.0,0
39013,2014,35810.0,2664553.0,43045.0,14.5,14.9,131.15853922090028,9.0,43.7,14.011914861286908,,,23682.0,912476264.0,38531.0,76.0,1568.0,6.7,31908.0,0,,0,0.0,0
39013,2015,36876.0,3192477.0,43833.0,14.6,15.1,130.72067382410592,8.5,43.9,13.47843516542269,,,23615.0,930238773.0,39391.0,75.0,1596.0,6.4,31259.0,0,,0,0.0,0
39013,2016,36290.0,3257542.0,44719.0,15.1,16.4,130.09676261493968,7.8,44.1,13.112699422702912,,,23084.0,863906481.0,37425.0,69.0,1624.0,7.5,31137.0,0,,0,0.0,0
39013,2017,39188.0,3371365.0,46484.0,14.1,16.1,129.45969665136332,6.8,44.2,12.753270659522451,,,23210.0,934910701.0,40281.0,67.0,1643.0,6.3,30531.0,0,,0,0.0,0
39013,2018,42241.0,3143229.0,49361.0,13.6,16.2,128.67604913864548,6.1,44.5,12.436073728392277,,,22615.0,938450400.0,41497.0,72.0,1649.0,5.5,30706.0,0,,0,0.0,0
39013,2019,42378.0,3309338.0,50904.0,12.3,16.7,127.83414485639707,5.3,44.6,12.16911923756662,,,22126.0,927673759.0,41926.0,72.0,1649.0,5.7,30243.0,0,,0,0.0,0
39013,2020,43721.0,3242815.0,51574.0,11.7,16.2,126.7065944783858,5.6,44.5,12.62827295862516,,,19742.0,817059535.0,41387.0,67.0,1637.0,10.1,28506.0,0,,0,0.0,0
39013,2021,46553.0,2933117.0,54191.0,11.3,16.0,126.0544945097693,5.4,44.2,12.994426393011262,,,20375.0,865468342.0,42478.0,66.0,1645.0,6.2,27667.0,0,,0,0.0,0
39013,2022,48382.0,2416142.0,56943.0,14.0,17.4,125.07164643026948,6.0,44.1,15.225394877137628,,,20806.0,957068108.0,45999.0,67.0,1657.0,5.1,27464.0,0,,0,0.0,0
39015,2010,28971.0,918440.0,45887.0,,9.8,91.14214685941786,9.7,39.1,12.028114690401312,,,8127.0,264688963.0,32569.0,,624.0,13.3,21156.0,0,,0,0.0,0
39015,2011,30780.0,948668.0,46046.0,,10.4,91.28513736280571,11.5,39.4,11.746468381644316,,,8065.0,264224375.0,32761.0,34.0,630.0,11.8,20598.0,0,,0,0.0,0
39015,2012,30878.0,903308.0,45807.0,12.8,10.4,91.2401974903124,12.0,39.9,12.211245866485331,,,8099.0,264920620.0,32709.0,50.0,630.0,10.0,20153.0,0,,0,0.0,0
39015,2013,31563.0,915005.0,44341.0,14.1,11.0,91.1135487587403,12.3,40.3,12.846055523515936,,,8194.0,274080167.0,33450.0,54.0,638.0,10.1,20069.0,0,,0,0.0,0
39015,2014,32313.0,904412.0,44899.0,14.6,11.4,90.82756775196458,11.0,40.4,13.423421941556697,,,8146.0,279113592.0,34265.0,56.0,643.0,7.4,19736.0,0,,0,0.0,0
39015,2015,32901.0,892541.0,45568.0,14.9,12.1,90.38429719146224,9.9,40.8,12.948909405764466,,,7921.0,271750332.0,34308.0,56.0,639.0,6.3,19554.0,0,,0,0.0,0
39015,2016,34451.0,926217.0,47999.0,16.7,12.4,90.000265553792,8.0,41.1,12.676327046129094,,,8081.0,279637658.0,34605.0,56.0,659.0,5.8,19569.0,0,,0,0.0,0
39015,2017,35849.0,888889.0,49188.0,17.8,12.8,89.46915796977997,6.5,41.6,12.300311104143558,,,8125.0,288214796.0,35473.0,56.0,665.0,5.7,19608.0,0,,0,0.0,0
39015,2018,37030.0,883914.0,52356.0,15.9,14.2,89.22403139254365,5.6,41.8,11.926690318554895,,,8127.0,291511409.0,35872.0,55.0,670.0,5.4,19554.0,0,,0,0.0,0
39015,2019,38776.0,842583.0,54575.0,15.3,14.9,89.00546019450793,4.9,42.1,11.728081982613638,,,7848.0,270349739.0,34448.0,55.0,677.0,5.0,19696.0,0,,0,0.0,0
39015,2020,42692.0,834462.0,57200.0,16.8,14.3,88.8747260199819,4.4,42.3,11.83115777868088,,,7512.0,276377130.0,36792.0,50.0,679.0,8.3,19248.0,0,,0,0.0,0
39015,2021,46447.0,900843.0,59766.0,16.0,14.6,89.2546722146982,4.5,42.0,11.961117069751722,,,7686.0,297479376.0,38703.0,53.0,691.0,5.4,19296.0,0,,0,0.0,0
39015,2022,46834.0,906528.0,66677.0,15.9,14.5,89.29756936571455,4.4,41.9,14.002547280211708,,,7841.0,315970712.0,40299.0,51.0,712.0,4.5,19466.0,0,,0,0.0,0
39017,2010,35684.0,15627693.0,54788.0,,25.9,779.0917509067058,8.0,35.7,12.660738034669738,,,137975.0,5686643119.0,41215.0,41.0,7285.0,10.1,191057.0,0,,0,0.0,0
39017,2011,37208.0,16077918.0,55497.0,,26.5,784.883521533726,8.6,35.9,12.644598877392228,,,138752.0,5769680516.0,41583.0,58.0,7414.0,9.1,188430.0,0,,0,0.0,0
39017,2012,38276.0,16307760.0,56253.0,13.6,26.8,788.8747417067503,9.0,36.1,12.097825403316772,,,138754.0,5888890648.0,42441.0,53.0,7421.0,7.7,186571.0,0,,0,0.0,0
39017,2013,38733.0,16865495.0,56610.0,13.6,27.4,792.3493753804735,9.1,36.2,12.192404273615912,,,138994.0,5952433957.0,42825.0,72.0,7460.0,7.5,186175.0,0,,0,0.0,0
39017,2014,40528.0,18402150.0,56998.0,13.8,28.1,795.5732180981042,8.2,36.2,12.351365069554422,,,142924.0,6302539194.0,44097.0,75.0,7498.0,5.5,187055.0,0,,0,0.0,0
39017,2015,42054.0,19592740.0,57540.0,13.9,28.4,798.5398393223071,7.2,36.4,12.146834645718496,,,145219.0,6711922427.0,46219.0,53.0,7568.0,4.6,188071.0,0,,0,0.0,0
39017,2016,42979.0,20693653.0,59652.0,13.6,29.1,800.8977030120636,6.1,36.5,12.015962745834118,,,150345.0,7039725732.0,46824.0,66.0,7618.0,4.5,190182.0,0,,0,0.0,0
39017,2017,44847.0,21682551.0,62188.0,12.9,29.6,805.3219126990251,5.4,36.4,11.64938659551134,,,153926.0,7448744129.0,48392.0,52.0,7827.0,4.4,193539.0,0,,0,0.0,0
39017,2018,46472.0,21478634.0,63358.0,13.0,29.8,810.8778969570698,5.1,36.5,11.255467230291645,,,155213.0,7635717281.0,49195.0,45.0,7883.0,4.1,194634.0,0,,0,0.0,0
39017,2019,48957.0,22097204.0,66117.0,12.5,30.2,814.5754559250971,4.6,36.7,11.19831414239351,,,157990.0,7970024849.0,50446.0,45.0,8059.0,3.8,197261.0,0,,0,0.0,0
39017,2020,51967.0,21172323.0,69023.0,11.5,31.3,819.0982671845393,4.9,36.9,10.719811459050614,,,148967.0,8130258352.0,54577.0,67.0,8098.0,7.3,193650.0,0,,0,0.0,0
39017,2021,55459.0,21911906.0,72281.0,11.4,31.8,831.318431634814,5.2,37.0,10.634513788406764,,,150387.0,8458000889.0,56242.0,59.0,8319.0,4.5,194483.0,0,,0,0.0,0
39017,2022,55505.0,21853699.0,77062.0,11.8,31.9,832.383757320095,5.1,37.2,12.423102772378114,,,153980.0,9064584357.0,58869.0,213.0,8702.0,3.6,196838.0,0,,0,0.0,0
39019,2010,29757.0,477763.0,43148.0,,12.0,73.45949945769514,6.9,42.2,10.233037187103356,,,5486.0,157596025.0,28726.0,,504.0,13.0,14393.0,0,,0,0.0,0
39019,2011,31731.0,869575.0,43323.0,,12.0,73.2694393480178,7.3,42.8,11.110397457907796,,,5570.0,162912561.0,29251.0,,501.0,10.2,14069.0,0,,0,0.0,0
39019,2012,32517.0,491198.0,43127.0,15.0,11.4,73.05403789038346,7.8,43.2,12.093911496917858,,,5950.0,190188538.0,31967.0,,530.0,7.9,13798.0,0,,0,0.0,0
39019,2013,33743.0,869095.0,43779.0,15.5,11.0,72.70179315378144,8.9,43.7,12.829201454015736,,,6674.0,248129428.0,37180.0,,548.0,7.9,13691.0,0,,0,0.0,0
39019,2014,34877.0,1127160.0,45660.0,15.9,10.6,72.32167293442673,7.8,43.9,13.517737814839792,,,6766.0,247000175.0,36509.0,,548.0,6.1,13608.0,0,,0,0.0,0
39019,2015,35358.0,1308893.0,47075.0,15.4,11.4,71.87059694079247,7.1,44.5,13.263639563362757,,,6823.0,242976470.0,35612.0,,557.0,6.0,13394.0,0,,0,0.0,0
39019,2016,35401.0,1226074.0,48545.0,14.0,11.4,71.22946083748086,6.7,44.7,12.786969227314238,,,6650.0,245285058.0,36885.0,,557.0,6.9,13491.0,0,,0,0.0,0
39019,2017,37805.0,1054129.0,51748.0,14.8,12.3,70.51230069029832,4.7,45.0,12.64789783591512,,,6685.0,267033644.0,39948.0,,563.0,5.8,13323.0,0,,0,0.0,0
39019,2018,39268.0,1095050.0,52394.0,13.1,13.6,69.8863693957609,4.6,45.3,12.43933471288425,,,6113.0,225092313.0,36822.0,,554.0,5.3,13045.0,0,,0,0.0,0
39019,2019,40772.0,1186072.0,55267.0,12.3,13.3,69.26297223601918,5.2,45.5,12.157623150641715,,,6271.0,246099296.0,39247.0,,539.0,5.0,13031.0,0,,0,0.0,0
39019,2020,44548.0,1147345.0,52574.0,13.0,13.2,68.91579576900854,3.7,46.1,12.370731920287868,,,5792.0,234146188.0,40425.0,,539.0,8.8,12837.0,0,,0,0.0,0
39019,2021,47850.0,1081434.0,55954.0,13.2,14.1,68.08206542122389,3.6,46.1,12.836151253434751,,,5764.0,239528867.0,41557.0,,541.0,5.7,12664.0,0,,0,0.0,0
39019,2022,48295.0,1094169.0,59872.0,12.2,13.5,67.81598126767558,3.9,45.9,14.468490707258365,,,5778.0,255138532.0,44158.0,21.0,550.0,4.3,12509.0,0,,0,0.0,0
39021,2010,30917.0,1030657.0,49246.0,,15.3,93.56883276727376,7.9,38.8,11.651360431194336,,,9294.0,320757985.0,34514.0,,703.0,11.6,20007.0,0,,0,0.0,0
39021,2011,32972.0,1077498.0,48335.0,,14.9,93.45694178638614,10.6,39.5,12.234570838451486,,,9297.0,331297903.0,35635.0,,706.0,9.4,19469.0,0,,0,0.0,0
39021,2012,34027.0,1118912.0,50214.0,14.8,15.2,93.20052495518532,10.3,39.7,12.632311288381274,,,9636.0,356556405.0,37002.0,,682.0,7.4,19382.0,0,,0,0.0,0
39021,2013,35676.0,1190445.0,49157.0,13.4,17.0,92.9044800682535,11.5,40.3,12.449332881054724,,,10357.0,397678967.0,38398.0,,670.0,6.9,20001.0,0,,0,0.0,0
39021,2014,36345.0,1166709.0,49840.0,12.6,16.0,92.37532897113913,10.2,40.6,12.63450075146556,,,10533.0,410540418.0,38978.0,,664.0,5.1,19984.0,0,,0,0.0,0
39021,2015,36852.0,1117750.0,50974.0,12.4,15.5,91.82752937721014,9.1,41.2,12.768485774406848,,,10640.0,416089829.0,39105.0,,686.0,4.4,19939.0,0,,0,0.0,0
39021,2016,38006.0,1079718.0,53673.0,11.2,16.5,91.3193578390122,7.2,41.6,12.04225299248987,,,10699.0,418554801.0,39122.0,,693.0,4.5,19958.0,0,,0,0.0,0
39021,2017,39435.0,1189117.0,54495.0,11.1,16.1,90.92307728170186,7.3,42.1,11.944055736983415,,,10733.0,439542470.0,40954.0,,693.0,4.1,20023.0,0,,0,0.0,0
39021,2018,41274.0,1195649.0,57103.0,11.0,14.9,90.59439752534448,6.0,42.4,11.767829448208197,,,10858.0,454543012.0,41864.0,,688.0,3.8,20010.0,0,,0,0.0,0
39021,2019,42101.0,1184915.0,60112.0,10.1,16.1,90.5501073454098,5.0,41.9,11.571056987383832,,,10874.0,469890564.0,43213.0,44.0,695.0,3.7,20241.0,0,,0,0.0,0
39021,2020,46379.0,1209568.0,59909.0,10.6,15.9,90.587404339039,5.8,41.6,10.853008469088444,,,10153.0,456269993.0,44938.0,37.0,695.0,7.2,19786.0,0,,0,0.0,0
39021,2021,49541.0,1256497.0,62865.0,10.2,16.7,90.16081997440494,5.8,41.7,11.070881950877135,,,9986.0,464224991.0,46486.0,34.0,701.0,4.5,19244.0,0,,0,0.0,0
39021,2022,49261.0,1239798.0,70486.0,9.2,18.1,90.24706927217248,4.5,41.7,12.729612019869842,,,10167.0,503183086.0,49491.0,33.0,721.0,3.7,19193.0,0,,0,0.0,0
39023,2010,32196.0,4406246.0,44141.0,,16.2,351.17681296724174,9.3,40.2,11.65243330609143,,,47239.0,1597535887.0,33818.0,,2632.0,11.1,68389.0,0,,0,0.0,0
39023,2011,33849.0,4515678.0,44037.0,,16.6,349.685166940891,10.1,40.3,12.237512767905317,,,48108.0,1661760699.0,34542.0,12.0,2603.0,9.5,67369.0,0,,0,0.0,0
39023,2012,34189.0,4467843.0,43684.0,17.7,17.0,348.41525208061944,10.9,40.6,12.633755722972769,,,48227.0,1703989586.0,35333.0,12.0,2568.0,7.8,65897.0,0,,0,0.0,0
39023,2013,34709.0,4550621.0,43136.0,18.6,17.6,347.11762082458796,11.5,41.0,12.442455273613763,,,48531.0,1719370732.0,35428.0,11.0,2556.0,7.5,65907.0,0,,0,0.0,0
39023,2014,35569.0,4613988.0,43011.0,19.0,18.2,345.958571547356,10.8,41.1,12.624463924540446,,,48930.0,1755025393.0,35868.0,14.0,2528.0,5.8,65151.0,0,,0,0.0,0
39023,2015,36442.0,4658874.0,43625.0,18.3,18.1,344.75920751265505,10.0,41.0,12.755988435035214,,,48609.0,1798001495.0,36989.0,,2520.0,5.1,64293.0,0,,0,0.0,0
39023,2016,37206.0,4611527.0,44154.0,17.9,18.0,343.1163811457958,8.9,41.2,12.017315859269642,,,47917.0,1826404798.0,38116.0,,2530.0,5.3,63827.0,0,,0,0.0,0
39023,2017,38447.0,4661428.0,46275.0,16.6,18.6,341.46599576191113,7.7,41.2,11.80599670154433,,,48153.0,1918601133.0,39844.0,,2540.0,4.8,64040.0,0,,0,0.0,0
39023,2018,39342.0,4620583.0,48502.0,15.8,18.6,340.6546612678487,7.3,41.1,11.526902760014432,,,47964.0,1961728435.0,40900.0,25.0,2502.0,4.6,63429.0,0,,0,0.0,0
39023,2019,40890.0,4696288.0,50873.0,14.9,18.7,339.465375922515,6.7,41.1,11.380480542256883,,,47819.0,2009210047.0,42017.0,4.0,2511.0,4.3,63886.0,0,,0,0.0,0
39023,2020,44477.0,4470700.0,51504.0,15.3,18.9,338.6666397901617,6.8,41.5,10.878092430312314,,,44466.0,1993427338.0,44831.0,5.0,2511.0,8.1,62619.0,0,,0,0.0,0
39023,2021,47715.0,4689134.0,54869.0,15.2,18.9,342.75606800091714,7.1,41.2,11.067250557658456,,,45456.0,2158992273.0,47497.0,8.0,2550.0,5.4,62371.0,0,,0,0.0,0
39023,2022,48030.0,4765738.0,58954.0,15.6,18.6,342.3655187879368,6.8,41.4,12.400730228137837,,,46481.0,2292920537.0,49330.0,118.0,2593.0,4.1,62666.0,0,,0,0.0,0
39025,2010,38451.0,7044505.0,58472.0,,24.8,431.57150433091743,6.9,37.8,12.463749437350362,,,51697.0,1938379716.0,37495.0,58.0,3833.0,10.4,105031.0,0,,0,0.0,0
39025,2011,40931.0,7284913.0,60219.0,,25.4,434.7070001767721,7.1,38.3,11.812296566912435,,,52309.0,2004548026.0,38321.0,12.0,3850.0,9.2,103364.0,0,,0,0.0,0
39025,2012,41250.0,7103059.0,60590.0,10.3,25.4,436.501237404985,7.8,38.6,10.824158597213202,,,53331.0,2100770724.0,39392.0,28.0,3828.0,7.4,102152.0,0,,0,0.0,0
39025,2013,41864.0,7460723.0,60365.0,10.2,25.6,438.43247304224855,7.5,39.0,11.266409332596082,,,53598.0,2109557379.0,39359.0,20.0,3810.0,7.3,102435.0,0,,0,0.0,0
39025,2014,44033.0,7757171.0,60552.0,10.5,26.2,440.71504330917446,6.5,39.2,11.47201901023868,,,55227.0,2272977963.0,41157.0,,3778.0,5.5,102852.0,0,,0,0.0,0
39025,2015,48215.0,8515598.0,60805.0,10.7,27.1,442.5601025278416,5.5,39.5,11.438239099715652,,,57556.0,2439302742.0,42381.0,,3878.0,4.6,103007.0,0,,0,0.0,0
39025,2016,48659.0,8350607.0,61265.0,10.5,27.6,444.34329149726005,5.0,39.7,11.742984296076107,,,58254.0,2462063778.0,42264.0,16.0,3918.0,4.5,104313.0,0,,0,0.0,0
39025,2017,50615.0,8471481.0,64183.0,9.8,28.3,446.71645748630016,4.4,39.9,11.817016648746906,,,58642.0,2507395805.0,42757.0,17.0,4024.0,4.4,105868.0,0,,0,0.0,0
39025,2018,52412.0,8525675.0,64822.0,9.5,28.0,449.0365918331271,4.2,39.8,11.454487848481634,,,59393.0,2626013141.0,44214.0,27.0,4073.0,4.1,106580.0,0,,0,0.0,0
39025,2019,56978.0,8846026.0,66968.0,9.0,28.6,451.376613045784,3.7,40.0,11.304698749612497,,,59695.0,2727578267.0,45692.0,42.0,4153.0,3.8,108307.0,0,,0,0.0,0
39025,2020,60919.0,8738981.0,69720.0,9.2,28.9,454.33975605444584,4.2,40.2,11.521124915563066,,,56611.0,2771547388.0,48958.0,12.0,4196.0,6.9,105837.0,0,,0,0.0,0
39025,2021,62288.0,8553645.0,73013.0,8.9,29.5,458.83418773201345,4.2,40.1,11.72598984790036,,,58425.0,3032417800.0,51903.0,19.0,4343.0,4.4,106598.0,0,,0,0.0,0
39025,2022,60323.0,7888072.0,79573.0,8.4,30.2,461.48797949443167,4.1,40.5,12.287135502127564,,,60411.0,3322580908.0,55000.0,144.0,4649.0,3.6,107937.0,0,,0,0.0,0
39027,2010,36460.0,2002468.0,46261.0,,14.7,103.77485436631918,10.5,37.7,12.469534449750348,,,16234.0,626880317.0,38616.0,30.0,838.0,17.1,19280.0,0,,0,0.0,0
39027,2011,38784.0,1976559.0,47264.0,,14.6,103.48126273759516,11.6,37.8,12.443220177781436,,,15726.0,591770927.0,37631.0,34.0,846.0,13.5,17993.0,0,,0,0.0,0
39027,2012,38291.0,1918091.0,46443.0,15.4,13.9,103.1509721552806,12.1,38.4,12.0318753691995,,,15509.0,607325532.0,39159.0,36.0,847.0,10.7,17289.0,0,,0,0.0,0
39027,2013,38110.0,1913871.0,46048.0,16.5,14.5,102.78887581318764,11.9,39.0,12.144604166818032,,,15432.0,599204211.0,38828.0,38.0,833.0,10.4,17078.0,0,,0,0.0,0
39027,2014,38025.0,1902151.0,45909.0,16.9,15.2,102.44145905253087,10.6,39.4,12.299398502963909,,,15732.0,623487391.0,39631.0,36.0,815.0,7.7,16989.0,0,,0,0.0,0
39027,2015,40447.0,2044104.0,46787.0,15.9,15.8,102.4928375875576,9.2,39.3,12.00942615823927,,,16000.0,668749633.0,41797.0,36.0,825.0,6.3,16744.0,0,,0,0.0,0
39027,2016,41444.0,2065973.0,48675.0,15.2,16.5,102.39986690512832,6.6,39.4,11.9229364535067,,,16945.0,720207834.0,42503.0,37.0,820.0,5.9,17238.0,0,,0,0.0,0
39027,2017,42805.0,2187611.0,49997.0,14.7,17.5,102.43656585871882,6.6,39.8,11.615774582448347,,,17425.0,777585080.0,44625.0,32.0,827.0,5.5,17524.0,0,,0,0.0,0
39027,2018,44286.0,2231416.0,51354.0,13.0,18.7,102.50262397518172,6.1,39.9,11.176653012895056,,,17848.0,845917719.0,47395.0,42.0,843.0,5.2,17647.0,0,,0,0.0,0
39027,2019,45284.0,2218418.0,52815.0,14.8,18.9,102.65186638644975,5.6,39.4,11.085057981389465,,,18038.0,887869937.0,49222.0,45.0,867.0,4.7,17855.0,0,,0,0.0,0
39027,2020,47498.0,2250141.0,54683.0,14.4,20.0,102.7570700534092,5.6,39.8,10.762395463727614,,,17158.0,915875793.0,53380.0,44.0,877.0,8.4,17678.0,0,,0,0.0,0
39027,2021,50690.0,2404882.0,57409.0,14.0,20.1,102.86961351108675,6.0,40.4,10.699849512434122,,,18000.0,1019293558.0,56627.0,42.0,898.0,5.5,17804.0,0,,0,0.0,0
39027,2022,51543.0,2381428.0,64210.0,14.5,20.6,102.9454580151738,4.7,40.5,12.402978802403656,,,18505.0,1091292882.0,58973.0,45.0,930.0,4.4,17867.0,0,,0,0.0,0
39029,2010,29712.0,2720799.0,39502.0,,12.4,204.18411143091873,9.8,41.6,10.24271106362572,,,28980.0,895642148.0,30905.0,64.0,2215.0,12.6,52957.0,0,,0,0.0,0
39029,2011,31768.0,2816000.0,41003.0,,13.0,203.41143449071944,10.8,42.0,11.149745050543656,,,29659.0,943981477.0,31828.0,64.0,2246.0,10.1,51706.0,0,,0,0.0,0
39029,2012,32797.0,2809112.0,41870.0,16.1,13.0,202.28343895758172,11.0,42.3,12.13713346345694,,,30247.0,981937627.0,32464.0,64.0,2245.0,8.2,50915.0,0,,0,0.0,0
39029,2013,32931.0,2938908.0,42300.0,16.9,12.6,201.3058428288624,10.8,42.6,12.920827636615282,,,30494.0,1010151765.0,33127.0,65.0,2205.0,8.2,50530.0,0,,0,0.0,0
39029,2014,34103.0,3090603.0,43707.0,16.2,13.6,200.44856622367777,9.8,42.8,13.666649524105498,,,30840.0,1061555103.0,34422.0,65.0,2182.0,6.5,50234.0,0,,0,0.0,0
39029,2015,35069.0,3117683.0,44497.0,15.4,13.9,199.25477095110705,9.0,43.2,13.39709633569409,,,30659.0,1080667700.0,35248.0,69.0,2176.0,5.9,49555.0,0,,0,0.0,0
39029,2016,34866.0,3054115.0,45389.0,15.8,13.9,197.8316165867983,8.4,43.4,12.866346674074393,,,29637.0,1048850522.0,35390.0,67.0,2145.0,6.7,48577.0,0,,0,0.0,0
39029,2017,36176.0,3001732.0,45498.0,15.4,13.9,196.61714139612005,7.5,43.8,12.672171114171086,,,29458.0,1074503449.0,36476.0,68.0,2131.0,5.9,47950.0,0,,0,0.0,0
39029,2018,37665.0,2939145.0,46306.0,14.6,14.8,195.52486572153177,6.7,44.0,12.455746875742433,,,29596.0,1123237454.0,37952.0,67.0,2119.0,5.1,47496.0,0,,0,0.0,0
39029,2019,39162.0,3007499.0,48345.0,14.3,14.9,193.99643177413017,6.6,44.1,12.183103083309373,,,29755.0,1160080542.0,38987.0,84.0,2158.0,4.9,47842.0,0,,0,0.0,0
39029,2020,42670.0,2997826.0,49407.0,13.8,14.5,192.72555680679503,6.0,44.3,12.34549726615638,,,28063.0,1196523552.0,42637.0,71.0,2150.0,9.4,47039.0,0,,0,0.0,0
39029,2021,45591.0,3198269.0,51664.0,12.9,15.7,192.38151816918804,4.9,44.2,12.829048101350043,,,27971.0,1271164668.0,45445.0,68.0,2198.0,5.8,45490.0,0,,0,0.0,0
39029,2022,45377.0,3456732.0,55473.0,13.2,16.5,191.23848269560852,4.9,44.5,14.55911983758276,,,27969.0,1275357737.0,45599.0,69.0,2228.0,4.6,44774.0,0,,0,0.0,0
39031,2010,27882.0,1510894.0,39469.0,,11.6,65.68579473322127,10.6,40.6,9.884079319481913,,,10790.0,364592791.0,33789.0,,743.0,12.7,17497.0,0,,0,0.0,0
39031,2011,29862.0,1592954.0,40727.0,,11.5,65.55813244253423,11.0,40.8,11.246619668636828,,,10495.0,356691491.0,33988.0,,743.0,11.4,16748.0,0,,0,0.0,0
39031,2012,29635.0,1448140.0,41885.0,17.0,11.8,65.39146222969282,10.1,41.3,12.38344907265179,,,10331.0,358728845.0,34722.0,,739.0,10.0,16212.0,0,,0,0.0,0
39031,2013,31346.0,1584630.0,41274.0,16.9,12.3,65.35954665702107,10.4,41.3,13.363443774991085,,,10762.0,397370154.0,36923.0,,720.0,9.7,16342.0,0,,0,0.0,0
39031,2014,32405.0,1719692.0,41569.0,18.1,12.1,65.19287644417966,9.0,41.3,14.210735645070722,,,10595.0,402958969.0,38033.0,,716.0,7.5,15813.0,0,,0,0.0,0
39031,2015,34531.0,1635401.0,41701.0,16.1,12.1,65.11486059987091,7.8,41.5,13.658635089651712,,,10998.0,490532379.0,44603.0,,717.0,6.4,15907.0,0,,0,0.0,0
39031,2016,32210.0,1501944.0,43380.0,14.0,12.1,65.01024844500238,6.4,41.2,13.27179068388046,,,10288.0,377940053.0,36737.0,,723.0,7.1,15054.0,0,,0,0.0,0
39031,2017,33269.0,1403328.0,43251.0,15.0,12.6,64.89854394065121,6.7,41.4,12.57389550278452,,,10140.0,379297400.0,37407.0,,722.0,6.8,14761.0,0,,0,0.0,0
39031,2018,34868.0,1408729.0,44491.0,16.4,12.5,64.84889749427292,6.2,41.4,12.220961710557884,,,10155.0,395229793.0,38919.0,,719.0,6.2,14486.0,0,,0,0.0,0
39031,2019,35676.0,1274432.0,46606.0,14.4,13.2,64.86840145535011,5.5,41.3,12.014609533460265,,,10093.0,399589477.0,39591.0,,714.0,5.9,14508.0,0,,0,0.0,0
39031,2020,39353.0,1217986.0,48552.0,17.4,14.9,64.82052809634247,6.1,41.1,12.342061421881706,,,9337.0,403215165.0,43184.0,,703.0,8.9,14092.0,0,,0,0.0,0
39031,2021,43090.0,1195528.0,49297.0,19.1,17.1,64.93223260069362,6.9,40.8,12.671737924071934,,,9329.0,404986684.0,43410.0,,708.0,5.9,13703.0,0,,0,0.0,0
39031,2022,42488.0,1192963.0,52048.0,18.9,16.5,64.94641729965885,6.1,40.6,14.452076045615994,,,9539.0,437154963.0,45830.0,37.0,719.0,4.9,13663.0,0,,0,0.0,0
39033,2010,30176.0,1304476.0,41228.0,,10.5,110.24276604958858,10.3,41.3,10.232381381002352,,,12893.0,407320564.0,31592.0,,958.0,12.9,20992.0,0,,0,0.0,0
39033,2011,32327.0,1366234.0,41336.0,,11.0,109.50605546236056,10.6,41.6,11.142636344226416,,,13228.0,433311037.0,32756.0,,952.0,11.5,20738.0,0,,0,0.0,0
39033,2012,32393.0,1344906.0,41877.0,14.7,11.2,108.57272279273046,10.1,42.2,12.118927149110435,,,13596.0,474482714.0,34898.0,,949.0,9.0,20314.0,0,,0,0.0,0
39033,2013,33800.0,1349197.0,40783.0,16.6,11.8,107.88827883500171,11.5,42.4,12.898767974966496,,,13186.0,443993509.0,33671.0,,942.0,9.1,19702.0,0,,0,0.0,0
39033,2014,34288.0,1333891.0,41377.0,16.3,12.6,107.11174605386948,9.3,42.5,13.636180835918864,,,13240.0,460646946.0,34792.0,,928.0,6.7,19635.0,0,,0,0.0,0
39033,2015,34392.0,1349287.0,40795.0,16.4,12.6,106.33770215985624,8.1,42.6,13.380412560013731,,,13271.0,479132375.0,36103.0,,921.0,5.9,19142.0,0,,0,0.0,0
39033,2016,34808.0,1350201.0,40563.0,15.7,12.7,105.74036925129298,7.7,42.9,12.858892762880632,,,13424.0,480261915.0,35777.0,,919.0,6.1,19246.0,0,,0,0.0,0
39033,2017,36169.0,1303717.0,41726.0,16.2,14.7,105.10819192306352,6.4,43.0,12.664783513866883,,,13358.0,501832526.0,37569.0,,934.0,5.7,18925.0,0,,0,0.0,0
39033,2018,37945.0,1278675.0,42892.0,15.0,14.8,104.58552562807068,5.3,43.0,12.458658432204327,,,12488.0,486831282.0,38985.0,,925.0,5.2,18122.0,0,,0,0.0,0
39033,2019,38007.0,1344710.0,44971.0,14.9,14.4,104.08774820426794,5.3,43.0,12.184723507552947,,,12777.0,519457260.0,40654.0,,926.0,4.7,18422.0,0,,0,0.0,0
39033,2020,42000.0,1290242.0,46391.0,13.6,15.3,103.54517081232298,5.5,43.1,12.35377009068162,,,12328.0,532031310.0,43155.0,,917.0,9.3,18530.0,0,,0,0.0,0
39033,2021,47657.0,1398655.0,48449.0,14.1,15.7,104.38143688431155,5.7,43.1,12.839892253320716,,,12350.0,553138011.0,44787.0,,923.0,5.9,17928.0,0,,0,0.0,0
39033,2022,45973.0,1326821.0,52486.0,14.1,14.8,104.18730368902848,5.5,42.9,14.565453916155205,,,12454.0,585067145.0,46978.0,36.0,936.0,4.8,17652.0,0,,0,0.0,0
39035,2010,40082.0,85117877.0,43603.0,,28.2,2829.820367401484,10.5,39.7,11.308690536340624,,,685369.0,32423597131.0,47308.0,3805.0,36017.0,8.6,641986.0,0,,0,0.0,0
39035,2011,42544.0,85777000.0,44088.0,,28.6,2811.1287786164376,11.1,39.9,11.198917074181182,,,687989.0,33536319799.0,48745.0,3777.0,35975.0,7.6,632371.0,0,,0,0.0,0
39035,2012,44644.0,87397183.0,43861.0,17.7,29.1,2795.2608314323147,11.7,40.2,11.431474452887503,,,700914.0,35340930930.0,50421.0,3824.0,35741.0,6.8,621812.0,0,,0,0.0,0
39035,2013,44586.0,88963806.0,43804.0,18.3,29.7,2783.251059138997,12.1,40.4,11.499691427882924,,,707731.0,35988871664.0,50851.0,3782.0,35733.0,7.0,617919.0,0,,0,0.0,0
39035,2014,46565.0,91169042.0,44203.0,18.5,30.3,2772.2714457876123,11.4,40.4,11.807511170113951,,,708513.0,37091060068.0,52351.0,4042.0,35397.0,6.3,615565.0,0,,0,0.0,0
39035,2015,48019.0,92147950.0,44190.0,18.7,30.5,2762.8141055223955,10.6,40.4,12.707465563350503,,,714116.0,38238900436.0,53547.0,4151.0,35504.0,5.2,609062.0,0,,0,0.0,0
39035,2016,49016.0,92278462.0,45289.0,18.5,30.9,2753.01775329115,9.7,40.4,12.007811089202798,,,719480.0,38841905492.0,53986.0,4300.0,35607.0,5.6,612160.0,0,,0,0.0,0
39035,2017,50761.0,95024060.0,46720.0,18.3,31.5,2750.1547425586873,8.9,40.4,12.591331536405583,,,720084.0,40232187524.0,55871.0,4450.0,35921.0,5.8,623383.0,0,,0,0.0,0
39035,2018,52556.0,96602222.0,48435.0,18.1,31.9,2742.241547119382,8.3,40.3,12.834043440863468,,,726917.0,41631033295.0,57271.0,4384.0,35951.0,4.8,623754.0,0,,0,0.0,0
39035,2019,54290.0,99597368.0,50366.0,17.5,32.5,2728.392361513612,7.6,40.4,12.502093028480044,,,732550.0,43168961959.0,58930.0,4306.0,36324.0,4.2,627887.0,0,,0,0.0,0
39035,2020,57225.0,96237185.0,51741.0,17.1,33.5,2715.32180984272,7.4,40.4,12.037662532518109,,,681602.0,43228822285.0,63422.0,4023.0,36608.0,10.5,599293.0,0,,0,0.0,0
39035,2021,62899.0,101629662.0,55109.0,16.7,34.4,2763.859574682149,7.5,40.3,12.795815193643753,,,690959.0,46008018267.0,66586.0,4103.0,37749.0,6.2,595435.0,0,,0,0.0,0
39035,2022,64523.0,104904656.0,60074.0,16.5,35.2,2748.446559684697,7.2,40.4,13.00836233655153,,,704809.0,48843147393.0,69300.0,5325.0,38864.0,4.8,600431.0,0,,0,0.0,0
39037,2010,32373.0,1694077.0,44280.0,,11.3,88.52169028025321,8.9,40.0,10.90517988123959,,,16715.0,541797820.0,32414.0,38.0,1239.0,11.3,27089.0,0,,0,0.0,0
39037,2011,34414.0,1703819.0,45055.0,,10.9,88.45815596670802,10.0,40.3,11.723779640633005,,,17050.0,571386733.0,33512.0,39.0,1230.0,9.2,26577.0,0,,0,0.0,0
39037,2012,35227.0,1718942.0,44311.0,12.0,11.5,88.2391297805391,9.7,40.8,12.673221880710193,,,17728.0,616027901.0,34749.0,44.0,1222.0,7.2,26574.0,0,,0,0.0,0
39037,2013,36726.0,1825739.0,43425.0,13.7,11.9,88.055214662382,10.0,40.7,13.356145809813524,,,17878.0,619580672.0,34657.0,46.0,1231.0,7.0,26381.0,0,,0,0.0,0
39037,2014,38225.0,2049480.0,43323.0,13.9,11.6,87.83953238745231,8.7,41.2,14.085901301882013,,,17948.0,637959821.0,35544.0,53.0,1223.0,5.3,26207.0,0,,0,0.0,0
39037,2015,38290.0,2048035.0,44632.0,13.3,12.3,87.5369084203029,7.6,41.8,13.50189476926221,,,18328.0,675366540.0,36850.0,53.0,1212.0,4.3,26302.0,0,,0,0.0,0
39037,2016,38775.0,1953087.0,47043.0,12.4,13.1,87.25100400934959,6.1,42.0,13.03424650829527,,,18529.0,695034184.0,37512.0,57.0,1210.0,4.1,26477.0,0,,0,0.0,0
39037,2017,40710.0,2159449.0,50064.0,11.6,14.2,86.80626381453331,5.1,41.8,12.495035083639152,,,18520.0,730551614.0,39446.0,57.0,1218.0,4.2,26440.0,0,,0,0.0,0
39037,2018,43059.0,2263736.0,52691.0,10.1,14.7,86.49695202490545,4.7,41.8,12.119134071374614,,,18475.0,735740455.0,39824.0,58.0,1218.0,3.9,25998.0,0,,0,0.0,0
39037,2019,43238.0,2020430.0,55620.0,10.5,15.8,86.12744983297164,3.3,41.9,11.899525353011926,,,18271.0,737343584.0,40357.0,61.0,1234.0,3.7,26024.0,0,,0,0.0,0
39037,2020,47822.0,2003064.0,54799.0,11.0,15.4,85.91678342490077,2.7,41.8,11.977289422372714,,,17443.0,761512250.0,43656.0,60.0,1237.0,6.7,25638.0,0,,0,0.0,0
39037,2021,52595.0,2146470.0,57440.0,10.4,16.7,86.6725073649645,2.4,41.6,12.09588213549548,,,17960.0,806513540.0,44907.0,49.0,1241.0,4.0,25489.0,0,,0,0.0,0
39037,2022,52633.0,2131127.0,60237.0,11.0,16.3,86.52537527043883,2.6,41.7,14.718144075392768,,,18311.0,852255974.0,46543.0,47.0,1292.0,3.5,25537.0,0,,0,0.0,0
39039,2010,31118.0,1491199.0,44480.0,,16.3,95.0759509053348,9.4,38.6,10.010249646557265,,,15115.0,547661211.0,36232.0,,858.0,12.2,19999.0,0,,0,0.0,0
39039,2011,33350.0,1561786.0,46864.0,,16.5,94.94713816988698,10.2,39.0,11.232107449434816,,,15068.0,563256640.0,37381.0,,862.0,9.6,19190.0,0,,0,0.0,0
39039,2012,34084.0,1620449.0,46377.0,14.6,16.4,94.72596913355208,11.0,39.1,12.27513609399669,,,15308.0,598857655.0,39121.0,,859.0,7.7,18996.0,0,,0,0.0,0
39039,2013,35535.0,1724408.0,47593.0,13.9,16.5,94.57042167942642,11.1,39.2,13.210368728919184,,,15559.0,623385947.0,40065.0,,861.0,7.5,18926.0,0,,0,0.0,0
39039,2014,36694.0,1736111.0,48853.0,13.5,16.3,94.28849191882368,8.6,39.3,14.057337063214248,,,16025.0,671437786.0,41899.0,,857.0,5.5,19004.0,0,,0,0.0,0
39039,2015,37031.0,1722904.0,50663.0,13.4,16.7,93.9822578685138,8.4,39.7,13.580765418049298,,,15734.0,657831443.0,41810.0,,871.0,5.0,18736.0,0,,0,0.0,0
39039,2016,38006.0,1839751.0,50822.0,13.6,15.8,93.54235022481468,6.8,39.9,13.13905726018602,,,15625.0,669707477.0,42860.0,,859.0,5.0,18453.0,0,,0,0.0,0
39039,2017,38931.0,1723710.0,55295.0,11.0,16.2,93.11216429699844,5.0,40.0,12.798223553931424,,,15715.0,670276117.0,42651.0,,873.0,4.8,18505.0,0,,0,0.0,0
39039,2018,40180.0,1630403.0,57665.0,10.8,16.7,93.0343905699356,4.6,40.6,12.51122503159435,,,15706.0,671454425.0,42753.0,,866.0,4.4,18299.0,0,,0,0.0,0
39039,2019,41239.0,1667729.0,59931.0,10.2,18.0,92.74516952242072,4.3,40.4,12.24617192377394,,,15385.0,668314751.0,43440.0,,860.0,4.3,18212.0,0,,0,0.0,0
39039,2020,44275.0,1583913.0,62110.0,10.0,18.4,92.4146311824037,4.4,40.7,12.600014471988684,,,14361.0,653366358.0,45496.0,,861.0,8.2,17731.0,0,,0,0.0,0
39039,2021,48246.0,1680466.0,65779.0,9.5,19.2,93.15591201847128,5.1,40.6,13.013066930011735,,,14686.0,694427827.0,47284.0,,886.0,4.8,17463.0,0,,0,0.0,0
39039,2022,48038.0,1690775.0,69302.0,10.5,18.9,93.08542957832056,4.9,40.8,15.21335923170939,,,14850.0,735764219.0,49546.0,34.0,903.0,4.0,17324.0,0,,0,0.0,0
39041,2010,54488.0,8477375.0,87908.0,,49.5,374.83724362344776,4.2,36.5,11.020775440388642,,,72153.0,3350301260.0,46433.0,131.0,4245.0,7.3,94360.0,0,,0,0.0,0
39041,2011,57751.0,9059399.0,90022.0,,50.0,384.8406962023888,4.5,36.8,11.59169537752843,,,75658.0,3599421136.0,47575.0,108.0,4352.0,6.2,94934.0,0,,0,0.0,0
39041,2012,60982.0,9684633.0,90499.0,4.7,49.8,393.67072325887347,4.4,37.2,12.438348303596308,,,79668.0,3901372879.0,48971.0,118.0,4396.0,5.2,95998.0,0,,0,0.0,0
39041,2013,61759.0,10191943.0,89757.0,4.9,50.5,401.98624835551186,4.4,37.5,12.98673280505192,,,81466.0,4057314242.0,49804.0,124.0,4509.0,5.3,98027.0,0,,0,0.0,0
39041,2014,63187.0,10445455.0,91936.0,4.9,51.1,410.2950036895206,4.1,37.7,13.62082085726872,,,82151.0,4181344187.0,50898.0,195.0,4664.0,4.1,100665.0,0,,0,0.0,0
39041,2015,66194.0,10624776.0,91955.0,4.5,51.8,418.4457978955065,3.2,37.8,13.297237747133767,,,84274.0,4363221009.0,51774.0,191.0,4854.0,3.6,102670.0,0,,0,0.0,0
39041,2016,68464.0,10823334.0,94234.0,4.9,52.5,426.4860193118762,2.7,38.0,12.753338654512378,,,85181.0,4457210145.0,52327.0,196.0,5058.0,3.6,105264.0,0,,0,0.0,0
39041,2017,71289.0,11628551.0,100229.0,5.1,53.8,435.57555393582714,2.6,38.4,12.316344292274833,,,88120.0,4735700683.0,53741.0,244.0,5320.0,3.5,107744.0,0,,0,0.0,0
39041,2018,73453.0,12037854.0,104322.0,4.6,54.4,444.565798707878,2.7,38.6,12.011883320116832,,,88543.0,4899065110.0,55330.0,281.0,5456.0,3.4,109612.0,0,,0,0.0,0
39041,2019,75933.0,13030264.0,106908.0,4.8,54.3,453.8787354986043,2.8,38.8,11.827745882382692,,,90527.0,5204264141.0,57489.0,266.0,5629.0,3.2,113152.0,0,,0,0.0,0
39041,2020,79078.0,12779173.0,111411.0,4.8,55.5,463.62493709762225,2.5,39.2,11.79999647103648,,,84743.0,5279365599.0,62299.0,239.0,5891.0,5.4,112054.0,0,,0,0.0,0
39041,2021,85682.0,13818691.0,116284.0,4.6,57.1,476.41301870485415,2.8,39.4,12.07142067195574,,,88890.0,5717166197.0,64317.0,238.0,6240.0,3.7,113880.0,0,,0,0.0,0
39041,2022,88010.0,14399713.0,123995.0,4.5,57.4,487.58989680625166,3.0,39.8,13.7909748523243,,,92493.0,6173572241.0,66747.0,271.0,6639.0,3.0,115171.0,0,,0,0.0,0
39043,2010,49603.0,5117339.0,46593.0,,20.1,308.22800929610645,8.0,42.5,10.86726255743486,,,35536.0,1212897344.0,34132.0,,1999.0,11.3,40234.0,0,,0,0.0,0
39043,2011,54202.0,5378896.0,47466.0,,20.0,307.30874534398777,8.8,43.0,10.981176784306124,,,36550.0,1258753613.0,34439.0,36.0,2016.0,9.5,39703.0,0,,0,0.0,0
39043,2012,56743.0,5383437.0,46906.0,12.9,20.3,306.2303014867403,8.7,43.3,11.450068466664126,,,36312.0,1272398205.0,35041.0,,2013.0,8.0,38645.0,0,,0,0.0,0
39043,2013,56989.0,5633043.0,46498.0,13.3,21.0,304.9648212409665,8.8,43.6,11.464642194471082,,,36597.0,1258637744.0,34392.0,,2001.0,8.1,38526.0,0,,0,0.0,0
39043,2014,55095.0,5628433.0,48204.0,12.7,21.1,304.0972907580147,8.6,43.8,11.643140308113653,,,36471.0,1279561474.0,35084.0,,1988.0,6.4,37512.0,0,,0,0.0,0
39043,2015,55141.0,4964225.0,48011.0,12.4,21.2,303.00292891025435,7.7,44.0,12.57009831433048,,,36848.0,1325681896.0,35977.0,,1966.0,5.6,37487.0,0,,0,0.0,0
39043,2016,58362.0,5040940.0,48276.0,12.8,21.6,301.6777562000573,7.7,44.5,11.845835501345626,,,36970.0,1368246920.0,37010.0,,1981.0,5.5,37574.0,0,,0,0.0,0
39043,2017,56616.0,4845101.0,51033.0,13.0,22.4,299.93075674126897,6.5,44.6,12.371674585518086,,,37403.0,1444636637.0,38623.0,,1981.0,6.1,38352.0,0,,0,0.0,0
39043,2018,57316.0,4716415.0,52270.0,12.0,22.7,299.00353379389384,5.4,44.8,12.50633322746232,,,37417.0,1443221944.0,38571.0,,1978.0,5.6,38110.0,0,,0,0.0,0
39043,2019,53930.0,4319248.0,54226.0,11.7,23.2,297.58683263824776,5.0,44.8,12.219253547096766,,,36615.0,1462725830.0,39949.0,,1985.0,5.0,37689.0,0,,0,0.0,0
39043,2020,53787.0,3660771.0,58408.0,11.9,24.9,296.1502339944605,5.7,44.9,11.762641295153276,,,32928.0,1430286010.0,43437.0,,1982.0,10.4,36471.0,0,,0,0.0,0
39043,2021,57506.0,4110837.0,60149.0,12.1,25.2,300.69084078825887,5.6,44.8,12.565369366611254,,,35451.0,1598955067.0,45103.0,,2004.0,6.4,36896.0,0,,0,0.0,0
39043,2022,58003.0,4055497.0,65171.0,11.5,26.5,299.6521919072936,6.1,44.8,12.883498929348944,,,36052.0,1684272502.0,46717.0,83.0,2054.0,4.9,36512.0,0,,0,0.0,0
39045,2010,35513.0,3844551.0,56796.0,,24.4,285.4064021095833,6.9,37.4,10.521773965874845,,,39029.0,1268593990.0,32504.0,,2770.0,9.3,74397.0,0,,0,0.0,0
39045,2011,37252.0,3952434.0,58249.0,,24.9,287.8213198774697,7.6,37.8,11.144707857213444,,,39324.0,1304836739.0,33182.0,,2813.0,8.1,73783.0,0,,0,0.0,0
39045,2012,38904.0,4028930.0,58971.0,11.4,25.8,289.7465129420162,8.0,38.2,12.269565840747177,,,40082.0,1349347990.0,33665.0,,2796.0,6.6,73353.0,0,,0,0.0,0
39045,2013,39141.0,4098432.0,58786.0,11.9,26.0,291.6736886976693,8.2,38.7,13.202190110344896,,,41003.0,1386723896.0,33820.0,,2761.0,6.6,73998.0,0,,0,0.0,0
39045,2014,40295.0,4224245.0,60704.0,10.9,26.2,293.5711240867229,7.3,39.1,14.011914861286908,,,41230.0,1427272938.0,34617.0,,2784.0,5.2,74858.0,0,,0,0.0,0
39045,2015,41756.0,4201466.0,60567.0,10.3,26.0,295.6430362931607,6.9,39.0,13.47843516542269,,,42154.0,1490361439.0,35355.0,,2844.0,4.4,75125.0,0,,0,0.0,0
39045,2016,43046.0,4389904.0,61473.0,10.2,26.4,297.72684464623836,6.0,39.3,13.112699422702912,,,42562.0,1542064074.0,36231.0,,2875.0,4.3,76253.0,0,,0,0.0,0
39045,2017,44620.0,4536406.0,63424.0,9.9,26.6,300.4292526245873,5.1,39.2,12.483543174875637,,,43697.0,1685394892.0,38570.0,,2950.0,4.3,77538.0,0,,0,0.0,0
39045,2018,46053.0,4428793.0,66175.0,9.4,27.2,303.1732971161758,4.4,39.3,12.148952835908291,,,43855.0,1686545089.0,38458.0,,2994.0,4.1,77580.0,0,,0,0.0,0
39045,2019,47864.0,4618252.0,67609.0,9.2,27.6,306.2405202581464,4.0,39.2,11.91763143311946,,,44048.0,1755657931.0,39858.0,4.0,3051.0,3.8,79238.0,0,,0,0.0,0
39045,2020,51556.0,4583868.0,70906.0,9.0,29.0,309.7042816214448,3.9,39.6,12.288453425442336,,,42120.0,1824734799.0,43322.0,7.0,3122.0,6.6,78532.0,0,,0,0.0,0
39045,2021,54943.0,4913703.0,77241.0,8.6,30.2,312.51573761065896,4.1,39.5,12.58930042163956,,,42924.0,1962976753.0,45732.0,7.0,3221.0,4.4,79302.0,0,,0,0.0,0
39045,2022,55648.0,4940142.0,82969.0,8.7,31.1,315.9834643561706,3.7,39.5,14.317629578716414,,,43983.0,2121111571.0,48225.0,120.0,3340.0,3.5,80029.0,0,,0,0.0,0
39047,2010,29493.0,1002103.0,39599.0,,13.1,71.15102089029213,10.3,38.8,11.429407864119456,,,10737.0,314924434.0,29332.0,,673.0,13.1,14926.0,0,,0,0.0,0
39047,2011,31931.0,1043286.0,39263.0,,13.4,71.25437726553483,12.0,39.3,11.538429598834838,,,10724.0,323825521.0,30196.0,,676.0,10.5,14326.0,0,,0,0.0,0
39047,2012,32183.0,1051082.0,38864.0,19.3,13.4,71.19531647968186,12.1,39.4,12.395194862865772,,,10914.0,339434647.0,31101.0,,666.0,8.3,14118.0,0,,0,0.0,0
39047,2013,33795.0,1506055.0,37619.0,20.1,13.7,71.12395136344286,11.8,40.4,12.928750236343646,,,11395.0,353261127.0,31003.0,,660.0,7.6,14369.0,0,,0,0.0,0
39047,2014,33723.0,1869930.0,40576.0,18.2,13.8,71.05750797935826,10.0,40.6,13.541160719828888,,,11251.0,361255453.0,32110.0,,668.0,6.0,14173.0,0,,0,0.0,0
39047,2015,34673.0,2230590.0,40503.0,18.4,14.1,70.79665617517429,8.6,41.1,13.216214010756058,,,11332.0,366915200.0,32377.0,,653.0,5.0,14069.0,0,,0,0.0,0
39047,2016,35879.0,2548291.0,41954.0,18.6,14.5,70.67361287131394,6.9,41.3,12.692188079246336,,,11842.0,389978369.0,32933.0,,664.0,4.5,14545.0,0,,0,0.0,0
39047,2017,36828.0,2151145.0,44289.0,17.7,15.8,70.5259609066815,6.3,41.1,12.41853777623924,,,11733.0,398997284.0,34006.0,,666.0,4.2,14465.0,0,,0,0.0,0
39047,2018,37864.0,2067589.0,46478.0,17.0,16.1,70.4915087816006,6.0,40.7,12.153274385203042,,,11541.0,413496061.0,35828.0,,653.0,4.1,14171.0,0,,0,0.0,0
39047,2019,39175.0,1614942.0,47308.0,16.2,16.3,70.42998712967042,5.8,41.4,11.909647146659152,,,11134.0,415187923.0,37290.0,,641.0,3.9,14003.0,0,,0,0.0,0
39047,2020,44623.0,1666466.0,48637.0,15.7,15.2,70.40291760282113,4.9,40.6,11.913338360440225,,,10609.0,432240793.0,40744.0,,633.0,7.4,13939.0,0,,0,0.0,0
39047,2021,48001.0,1691731.0,52964.0,16.1,14.7,71.11164703305681,5.3,41.0,12.17954041814863,,,10516.0,453785365.0,43152.0,,631.0,4.9,13639.0,0,,0,0.0,0
39047,2022,47620.0,1638269.0,56773.0,15.8,13.7,71.12149049736564,4.3,41.2,14.137419668655424,,,10764.0,490692599.0,45585.0,16.0,656.0,3.9,13670.0,0,,0,0.0,0
39049,2010,38855.0,77357893.0,49087.0,,35.0,2143.276792439009,8.0,33.4,10.63580498244645,,,647397.0,29970185446.0,46293.0,3365.0,29218.0,8.9,627864.0,0,,0,0.0,1
39049,2011,41617.0,79738912.0,50045.0,,35.5,2166.856054558739,8.3,33.4,11.12591599299708,,,657347.0,31250054958.0,47540.0,3520.0,29663.0,7.8,625753.0,0,,0,0.0,1
39049,2012,44112.0,83443714.0,50700.0,17.7,36.0,2192.8000045077447,8.5,33.5,12.095117875503671,,,671692.0,33099350770.0,49278.0,3634.0,29780.0,6.4,630411.0,0,,0,0.0,1
39049,2013,43892.0,86606416.0,50877.0,18.1,36.4,2219.7337801009357,8.7,33.6,12.80810459690086,,,689994.0,34192618732.0,49555.0,4631.0,29911.0,6.4,638429.0,0,,0,0.0,1
39049,2014,45400.0,90074567.0,51890.0,18.0,36.7,2249.349663891273,8.1,33.8,13.474353844966402,,,705790.0,35928853917.0,50906.0,4382.0,30148.0,4.9,649140.0,0,,0,0.0,1
39049,2015,47114.0,91913420.0,52341.0,17.5,37.6,2283.4751707777923,7.0,33.8,13.23138944349935,,,721581.0,38115630441.0,52822.0,4546.0,30579.0,4.1,657983.0,0,,0,0.0,1
39049,2016,47451.0,93797506.0,54037.0,17.1,38.4,2314.197330288101,6.3,33.9,12.766287436318455,,,738559.0,39247216725.0,53140.0,4554.0,31376.0,4.1,669446.0,0,,0,0.0,1
39049,2017,48245.0,97564396.0,56319.0,16.7,38.7,2354.370728207401,5.7,34.0,12.46197351546612,,,749025.0,40943495262.0,54662.0,4703.0,32097.0,4.1,686535.0,0,,0,0.0,1
39049,2018,49564.0,98409101.0,58762.0,16.3,39.3,2395.364911338293,5.2,34.0,12.207625799249143,,,756883.0,42668279102.0,56374.0,5042.0,32580.0,3.8,693272.0,0,,0,0.0,1
39049,2019,50727.0,100880619.0,61305.0,15.7,40.0,2423.589028900279,4.9,34.1,11.98811017078144,,,765429.0,44379980416.0,57981.0,5183.0,33756.0,3.6,703887.0,0,,0,0.0,1
39049,2020,54398.0,99553864.0,62352.0,15.1,40.4,2450.5509778989026,4.8,34.2,12.189781266722418,,,727016.0,45718355278.0,62885.0,4758.0,34674.0,7.6,699696.0,0,,0,0.0,1
39049,2021,59927.0,106747730.0,65999.0,14.7,41.2,2467.2352685958563,4.8,34.4,12.607619572685772,,,743438.0,48628531917.0,65410.0,4815.0,36466.0,5.0,704306.0,0,,0,0.0,1
39049,2022,60912.0,107897177.0,71070.0,14.5,41.7,2475.783079803988,4.7,34.6,13.948427058709656,,,763679.0,51916032930.0,67982.0,4989.0,38346.0,3.4,706390.0,0,,0,0.0,1
39051,2010,34309.0,1673432.0,50717.0,,14.9,105.45398042160876,9.9,38.9,11.475556738930996,,,17011.0,578424066.0,34003.0,43.0,1042.0,11.9,23178.0,0,,0,0.0,0
39051,2011,36676.0,1813921.0,51851.0,,15.1,105.32079408652672,10.2,39.2,11.694057898267754,,,17000.0,599257957.0,35251.0,42.0,1043.0,9.6,22571.0,0,,0,0.0,0
39051,2012,36852.0,1786264.0,53039.0,10.3,16.7,105.15554437448051,10.4,39.6,11.636318365520802,,,17488.0,614746304.0,35152.0,43.0,1033.0,7.7,22431.0,0,,0,0.0,0
39051,2013,37864.0,1861837.0,52856.0,11.4,16.3,105.07168631165108,9.9,39.6,11.808333874200835,,,17599.0,629700159.0,35780.0,41.0,1038.0,7.9,22435.0,0,,0,0.0,0
39051,2014,39152.0,1914061.0,52872.0,12.0,16.7,104.9237014948933,8.6,39.7,12.1421508617295,,,17783.0,655026754.0,36835.0,43.0,1053.0,5.9,22423.0,0,,0,0.0,0
39051,2015,40541.0,2039210.0,55120.0,10.8,17.2,104.785582332586,6.7,39.8,12.886545884037654,,,18367.0,701244253.0,38180.0,30.0,1075.0,4.9,22512.0,0,,0,0.0,0
39051,2016,41759.0,2126866.0,55860.0,11.2,17.0,104.73872047394605,6.2,40.0,12.205513328909529,,,18727.0,731023795.0,39035.0,30.0,1076.0,4.7,22766.0,0,,0,0.0,0
39051,2017,43113.0,2081452.0,57774.0,10.6,17.3,104.31943015979894,5.9,40.2,12.781346122114051,,,18633.0,755547235.0,40549.0,31.0,1076.0,4.9,22592.0,0,,0,0.0,0
39051,2018,44416.0,2001262.0,60231.0,9.4,17.2,104.3416278823126,4.8,40.8,13.006432732555655,,,18563.0,778252569.0,41925.0,42.0,1080.0,4.4,22444.0,0,,0,0.0,0
39051,2019,45648.0,1996488.0,63092.0,7.8,17.6,104.21337437445584,4.0,41.1,12.701298001605917,,,18264.0,791589565.0,43341.0,50.0,1074.0,4.2,22652.0,0,,0,0.0,0
39051,2020,49524.0,2039652.0,61290.0,8.8,17.0,104.04812466240963,4.4,41.3,12.3171079890586,,,17183.0,786928570.0,45797.0,51.0,1089.0,7.9,21752.0,0,,0,0.0,0
39051,2021,53343.0,2067255.0,65418.0,8.8,17.6,105.33805898181514,3.8,41.1,13.033141982495152,,,17729.0,857474332.0,48366.0,48.0,1101.0,4.8,21508.0,0,,0,0.0,0
39051,2022,54023.0,2080597.0,71453.0,8.5,18.3,105.07415272526372,3.5,41.4,13.177302683176269,,,17825.0,966372630.0,54216.0,47.0,1113.0,4.0,21626.0,0,,0,0.0,0
39053,2010,31489.0,2489343.0,37409.0,,14.3,66.32585257111012,9.0,39.4,10.588291003132154,,,11261.0,400240616.0,35543.0,,705.0,11.8,13606.0,0,,0,0.0,0
39053,2011,33289.0,2534141.0,36918.0,,14.5,66.34943090476497,9.3,39.7,11.23987290324294,,,10932.0,390203062.0,35695.0,,712.0,11.2,12996.0,0,,0,0.0,0
39053,2012,34743.0,2501936.0,39399.0,19.0,15.3,66.18438256918098,10.1,39.8,12.37856781743794,,,10913.0,422089724.0,38678.0,,715.0,9.7,12652.0,0,,0,0.0,0
39053,2013,34678.0,2287645.0,39226.0,17.7,15.2,66.14579984138213,9.1,40.1,13.383737499299784,,,10879.0,406731128.0,37388.0,,706.0,9.7,12504.0,0,,0,0.0,0
39053,2014,35024.0,2266118.0,37494.0,19.9,14.7,65.94002529312156,9.0,40.3,14.269763134294427,,,10914.0,392671666.0,35979.0,,692.0,7.7,12439.0,0,,0,0.0,0
39053,2015,35913.0,2201836.0,37319.0,20.9,15.1,65.51561528733416,7.5,41.0,13.713453706678717,,,10904.0,387764200.0,35561.0,,686.0,6.6,12247.0,0,,0,0.0,0
39053,2016,36181.0,2320509.0,39423.0,21.4,15.4,65.11049664544618,7.2,40.5,13.310086797122374,,,10965.0,385276193.0,35138.0,,694.0,6.9,12176.0,0,,0,0.0,0
39053,2017,37855.0,2410456.0,42002.0,20.9,16.2,64.73967376160162,5.8,40.6,12.861424010288516,,,11093.0,396618280.0,35755.0,,707.0,6.6,12350.0,0,,0,0.0,0
39053,2018,39787.0,2256042.0,42113.0,22.5,15.3,64.7225258825799,5.2,40.6,12.521249420598748,,,11140.0,433981322.0,38958.0,,708.0,6.0,12359.0,0,,0,0.0,0
39053,2019,41218.0,2153747.0,44858.0,20.7,15.9,64.49317300066448,4.2,40.7,12.266925624587316,,,11054.0,432749766.0,39148.0,,715.0,5.4,12336.0,0,,0,0.0,0
39053,2020,44491.0,2017303.0,48975.0,17.5,17.4,64.29382890703707,4.5,40.7,12.704891948350218,,,10552.0,429184801.0,40674.0,,706.0,8.0,12200.0,0,,0,0.0,0
39053,2021,46419.0,2026614.0,50773.0,16.4,17.2,62.95200737358798,4.6,40.7,13.095571304365638,,,10630.0,454162857.0,42726.0,,730.0,5.7,12011.0,0,,0,0.0,0
39053,2022,47299.0,1865130.0,55533.0,17.2,18.2,62.752663279960565,4.1,40.2,15.518434180775465,,,10926.0,488918163.0,44746.0,21.0,742.0,4.7,12041.0,0,,0,0.0,0
39055,2010,50694.0,3898058.0,65663.0,,34.0,233.83403988498657,6.0,42.1,11.29688278488132,,,31783.0,1166281052.0,36696.0,6.0,2975.0,6.9,49770.0,0,,0,0.0,0
39055,2011,56236.0,4094256.0,66229.0,,34.3,233.5142805039208,5.9,42.8,11.16628883890335,,,31742.0,1197643015.0,37731.0,,2962.0,6.0,49369.0,0,,0,0.0,0
39055,2012,56820.0,4035923.0,66127.0,8.3,34.8,233.536763585402,6.2,43.3,11.438146853773857,,,32463.0,1237121159.0,38109.0,,2924.0,5.4,49043.0,0,,0,0.0,0
39055,2013,57797.0,4224572.0,67663.0,8.1,35.9,233.849028605974,6.0,43.5,11.434819540546282,,,33069.0,1259021083.0,38073.0,10.0,2917.0,5.8,48934.0,0,,0,0.0,0
39055,2014,60046.0,4243150.0,70487.0,7.9,36.0,234.37113572037043,5.0,43.8,11.66909799539401,,,33463.0,1321122982.0,39480.0,9.0,2908.0,5.0,49017.0,0,,0,0.0,0
39055,2015,61903.0,4413500.0,72430.0,7.5,37.0,234.5085323294221,4.1,44.2,12.636042145532862,,,34038.0,1369315339.0,40229.0,8.0,2894.0,4.2,48701.0,0,,0,0.0,0
39055,2016,62884.0,4308699.0,74165.0,6.9,37.3,234.87325787345023,4.0,44.2,11.842341127527884,,,34310.0,1384231250.0,40345.0,8.0,2906.0,4.5,49049.0,0,,0,0.0,0
39055,2017,64644.0,4235503.0,77104.0,6.5,38.0,234.56099285287823,3.5,44.4,12.433508494831251,,,34753.0,1442920181.0,41519.0,9.0,2920.0,4.7,49774.0,0,,0,0.0,0
39055,2018,67339.0,4389850.0,79956.0,6.1,38.1,234.72586878374025,2.9,44.6,12.586887992125291,,,35288.0,1531167474.0,43391.0,4.0,2929.0,4.0,49970.0,0,,0,0.0,0
39055,2019,70096.0,4408974.0,82303.0,5.8,38.0,234.43109060432025,2.5,44.8,12.209513895971924,,,35803.0,1564438088.0,43696.0,8.0,2951.0,3.5,50501.0,0,,0,0.0,0
39055,2020,71548.0,4088353.0,83730.0,5.9,37.8,233.9664402537091,2.8,44.8,11.681403869548811,,,33767.0,1572973292.0,46583.0,9.0,2977.0,6.7,46860.0,0,,0,0.0,0
39055,2021,80520.0,4477013.0,90285.0,5.8,38.4,238.34064866188191,3.1,44.6,12.541881803103635,,,34593.0,1692123531.0,48915.0,9.0,3030.0,4.0,47503.0,0,,0,0.0,0
39055,2022,81234.0,4196229.0,97162.0,5.8,39.4,238.45806030961705,3.1,44.6,12.877178045625264,,,34941.0,1793628320.0,51334.0,194.0,3091.0,3.9,48394.0,0,,0,0.0,0
39057,2010,38707.0,8164623.0,56679.0,,34.5,386.7404650847883,6.6,36.6,11.644476116292475,,,66929.0,3215871275.0,48049.0,604.0,3283.0,9.6,82209.0,0,,0,0.0,0
39057,2011,41015.0,8693202.0,57553.0,,34.7,389.15849975456945,7.5,36.9,12.236802828797138,,,68023.0,3340768413.0,49112.0,514.0,3309.0,8.2,81574.0,0,,0,0.0,0
39057,2012,41412.0,8499216.0,57992.0,13.4,35.4,391.56686228567145,8.0,37.0,12.61359178925384,,,67809.0,3352251888.0,49437.0,382.0,3265.0,6.9,80663.0,0,,0,0.0,0
39057,2013,42193.0,8547607.0,58080.0,13.9,36.0,393.1434208903687,8.5,37.5,12.406527059112218,,,67936.0,3320345770.0,48874.0,332.0,3264.0,7.0,79358.0,0,,0,0.0,0
39057,2014,43790.0,8710717.0,58775.0,14.3,36.9,394.89649602596,8.1,37.6,12.598841495264482,,,68622.0,3465492305.0,50501.0,305.0,3308.0,5.2,79935.0,0,,0,0.0,0
39057,2015,45850.0,9037446.0,60113.0,13.6,37.1,397.0219485006976,7.6,37.7,12.736821592191772,,,70937.0,3646978165.0,51411.0,265.0,3479.0,4.4,80645.0,0,,0,0.0,0
39057,2016,46936.0,9313783.0,61116.0,12.8,37.6,397.3435471117785,6.5,38.0,11.9671078579634,,,71731.0,3762013898.0,52446.0,230.0,3477.0,4.4,81414.0,0,,0,0.0,0
39057,2017,49049.0,9741194.0,65032.0,12.3,38.8,398.552564446669,5.7,38.1,11.753568264355213,,,74204.0,3981624986.0,53658.0,313.0,3546.0,4.3,82947.0,0,,0,0.0,0
39057,2018,50378.0,9743023.0,67109.0,12.2,39.0,400.9367466310731,5.5,38.1,11.463368332617868,,,75963.0,4187519914.0,55126.0,382.0,3587.0,4.0,83164.0,0,,0,0.0,0
39057,2019,51598.0,10094509.0,68720.0,11.6,39.2,402.6076085878919,5.4,38.3,11.333803643486016,,,76486.0,4390725264.0,57406.0,352.0,3701.0,3.8,84343.0,0,,0,0.0,0
39057,2020,54924.0,10212491.0,70055.0,10.9,39.7,405.9082259121431,5.1,38.3,10.80806957799814,,,73770.0,4552362304.0,61711.0,212.0,3770.0,6.5,82185.0,0,,0,0.0,0
39057,2021,60000.0,10775987.0,75901.0,10.9,41.1,403.9157653442435,4.7,38.3,10.994049612890455,,,75021.0,4826246286.0,64332.0,144.0,3854.0,4.4,81639.0,0,,0,0.0,0
39057,2022,60576.0,10783097.0,81243.0,10.6,41.2,405.1828155112088,4.6,38.6,12.352606913762678,,,76173.0,5046971533.0,66257.0,334.0,4002.0,3.6,81766.0,0,,0,0.0,0
39059,2010,29290.0,1181118.0,37573.0,,11.2,77.26317079428783,8.2,40.0,9.833566165300487,,,13513.0,441243438.0,32652.0,,947.0,12.8,18884.0,0,,0,0.0,0
39059,2011,31543.0,1221675.0,38179.0,,11.5,77.01042021698254,9.7,40.4,11.242007822384291,,,13662.0,459488365.0,33633.0,,940.0,10.8,18421.0,0,,0,0.0,0
39059,2012,32827.0,1225795.0,39293.0,18.5,12.7,76.69831154955251,11.4,40.8,12.384028414111524,,,13948.0,489869791.0,35122.0,,941.0,9.0,18235.0,0,,0,0.0,0
39059,2013,33624.0,1360652.0,38841.0,20.3,12.9,76.466623520356,11.4,41.3,13.38663663088381,,,14517.0,523525542.0,36063.0,,933.0,8.6,18533.0,0,,0,0.0,0
39059,2014,35828.0,1544381.0,40420.0,18.7,13.2,76.19663994914352,11.6,41.9,14.256797603872611,,,15340.0,580839197.0,37865.0,,952.0,6.7,19140.0,0,,0,0.0,0
39059,2015,36594.0,1912263.0,40930.0,19.9,13.5,75.87495739620951,11.7,42.2,13.69164624292741,,,15610.0,611342214.0,39164.0,,957.0,6.3,19270.0,0,,0,0.0,0
39059,2016,36415.0,1873930.0,41566.0,19.8,13.6,75.59157038529145,9.3,42.3,13.290406186504535,,,15099.0,577063888.0,38219.0,,951.0,7.1,18968.0,0,,0,0.0,0
39059,2017,38561.0,1949553.0,42744.0,20.2,13.9,75.4690246508404,8.5,42.4,12.862921152014238,,,15309.0,615301040.0,40191.0,,951.0,6.0,19052.0,0,,0,0.0,0
39059,2018,40546.0,2058811.0,43975.0,20.2,14.2,75.20095585672871,7.0,42.5,12.53035310583591,,,15334.0,638663593.0,41649.0,,951.0,5.5,18857.0,0,,0,0.0,0
39059,2019,41708.0,2173962.0,45917.0,19.9,14.6,74.88884718929869,5.9,42.2,12.27776649348991,,,15145.0,639011236.0,42194.0,,963.0,5.5,18781.0,0,,0,0.0,0
39059,2020,46179.0,2150372.0,46352.0,19.0,15.1,74.66864782270696,5.0,42.6,12.66023762179271,,,13982.0,623195833.0,44570.0,,964.0,8.7,18254.0,0,,0,0.0,0
39059,2021,49185.0,2060216.0,48434.0,18.4,14.8,73.7993390189448,4.9,42.4,13.04664558582196,,,14002.0,651047530.0,46498.0,,957.0,5.6,17741.0,0,,0,0.0,0
39059,2022,48967.0,1888989.0,53901.0,17.0,14.9,73.5446736645387,4.6,42.6,15.481308692320148,,,14281.0,678693823.0,47524.0,20.0,966.0,4.9,17729.0,0,,0,0.0,0
39061,2010,43547.0,66733291.0,48234.0,,32.5,1978.73741696616,7.8,36.9,12.948171329363552,,,483074.0,24390369731.0,50490.0,534.0,23300.0,9.9,414321.0,0,,0,0.0,0
39061,2011,47158.0,68944802.0,49218.0,,32.9,1976.3422930536472,8.6,37.0,12.18661324888121,,,484110.0,25148483626.0,51948.0,602.0,23341.0,8.8,406356.0,0,,0,0.0,0
39061,2012,49235.0,69980785.0,49104.0,17.1,33.2,1976.6555584881369,9.2,37.1,10.740702731610694,,,490070.0,26611014254.0,54300.0,610.0,23248.0,7.4,402186.0,0,,0,0.0,0
39061,2013,49286.0,71074657.0,48593.0,18.0,33.7,1979.4453475149664,9.8,37.2,11.22713103778966,,,493751.0,26931659372.0,54545.0,740.0,23228.0,7.3,402152.0,0,,0,0.0,0
39061,2014,50676.0,72548910.0,48927.0,18.4,34.3,1981.396473173872,9.6,37.1,11.448350463296627,,,499116.0,28128454048.0,56357.0,728.0,23189.0,5.5,402530.0,0,,0,0.0,0
39061,2015,52382.0,73047760.0,49013.0,18.3,35.0,1983.6707308951252,8.8,37.0,11.443164491816978,,,505396.0,28552668031.0,56496.0,798.0,23359.0,4.5,402777.0,0,,0,0.0,0
39061,2016,53614.0,74823723.0,50399.0,17.8,35.6,1988.039180379224,7.9,37.0,11.813670598568663,,,509034.0,29261092587.0,57484.0,752.0,23658.0,4.5,406542.0,0,,0,0.0,0
39061,2017,55603.0,76667322.0,52389.0,17.0,36.3,1994.7928871479776,7.0,36.9,11.760680880745989,,,515161.0,30321396405.0,58858.0,755.0,23877.0,4.4,412841.0,0,,0,0.0,0
39061,2018,57836.0,75747380.0,54976.0,16.2,37.1,2003.0167214675623,6.1,36.8,11.317928346746193,,,518172.0,31302968719.0,60410.0,871.0,23900.0,4.1,414927.0,0,,0,0.0,0
39061,2019,59517.0,80119378.0,57212.0,15.8,37.9,2006.8449730764391,5.4,36.8,11.240821703535598,,,520766.0,32949630309.0,63271.0,1000.0,24391.0,3.8,420336.0,0,,0,0.0,0
39061,2020,63014.0,78470657.0,59190.0,14.8,38.9,2012.2740850552657,5.4,36.8,11.25661560478815,,,487691.0,33186051924.0,68047.0,1481.0,24816.0,7.9,412765.0,0,,0,0.0,0
39061,2021,70497.0,81514133.0,63080.0,14.9,39.6,2039.4073116645743,5.1,36.7,11.43892021209147,,,497285.0,34948226133.0,70278.0,1522.0,25599.0,4.9,413635.0,0,,0,0.0,0
39061,2022,71953.0,83363276.0,68249.0,14.9,40.3,2041.5804364502833,5.0,36.8,11.991457833532545,,,510941.0,36856837732.0,72135.0,2046.0,26606.0,3.6,416987.0,0,,0,0.0,0
39063,2010,36656.0,4014687.0,49070.0,,24.4,140.53545381828445,6.3,37.7,9.752805768118938,,,40143.0,1596704918.0,39775.0,,1798.0,9.1,40514.0,0,,0,0.0,0
39063,2011,40213.0,4162697.0,49888.0,,24.2,140.86858325883404,7.6,37.9,11.212653401422047,,,40764.0,1685530675.0,41348.0,,1803.0,7.8,39966.0,0,,0,0.0,0
39063,2012,41083.0,4559313.0,49350.0,13.6,24.6,141.23747235684374,8.5,38.4,12.3489275213329,,,41562.0,1743051158.0,41938.0,12.0,1810.0,6.4,39807.0,0,,0,0.0,0
39063,2013,41424.0,4889172.0,49589.0,14.0,25.7,141.6063614548534,8.6,38.4,13.34582429901319,,,42568.0,1888391612.0,44362.0,11.0,1824.0,6.2,40172.0,0,,0,0.0,0
39063,2014,47424.0,5459366.0,50166.0,14.8,24.9,141.70234790382534,8.0,38.9,14.21703858918074,,,43597.0,1976245051.0,45330.0,8.0,1811.0,4.4,40551.0,0,,0,0.0,0
39063,2015,56724.0,6171179.0,50895.0,13.9,25.8,141.9620759422199,6.9,39.2,13.663907352828131,,,44559.0,2063916401.0,46319.0,5.0,1809.0,3.7,40887.0,0,,0,0.0,0
39063,2016,50676.0,5859040.0,51604.0,13.5,25.8,142.42130522749727,5.5,38.9,13.25903316166065,,,45397.0,2136147320.0,47055.0,7.0,1810.0,3.7,41625.0,0,,0,0.0,0
39063,2017,48358.0,5364502.0,52831.0,12.1,27.1,142.11264292099938,4.5,38.9,12.823131261923946,,,45734.0,2254004462.0,49285.0,4.0,1812.0,3.6,41831.0,0,,0,0.0,0
39063,2018,50358.0,5420344.0,55644.0,11.6,26.7,142.45518279772267,4.3,39.2,12.49622069696244,,,45606.0,2318174041.0,50831.0,5.0,1820.0,3.4,41580.0,0,,0,0.0,0
39063,2019,50945.0,5347892.0,58450.0,10.8,27.1,142.73184962122994,3.6,39.3,12.241421656623166,,,46090.0,2387067676.0,51792.0,5.0,1810.0,3.2,42288.0,0,,0,0.0,0
39063,2020,55623.0,5189309.0,57384.0,10.4,27.6,142.5963393403284,3.7,39.3,12.660803548290115,,,43561.0,2496034168.0,57300.0,5.0,1821.0,6.8,41435.0,0,,0,0.0,0
39063,2021,57128.0,5415542.0,60828.0,11.1,28.0,141.41815273137908,3.7,39.3,13.055745520438114,,,44140.0,2614345774.0,59229.0,,1863.0,4.2,40717.0,0,,0,0.0,0
39063,2022,59487.0,5530360.0,67006.0,10.5,28.5,141.29205288665128,3.7,39.4,15.478443166117245,,,44327.0,2772222244.0,62541.0,80.0,1908.0,3.3,40188.0,0,,0,0.0,0
39065,2010,27560.0,946372.0,41343.0,,15.1,68.26498825180475,8.4,34.4,10.904450749649769,,,7872.0,254102046.0,32281.0,,556.0,11.2,15501.0,0,,0,0.0,0
39065,2011,30091.0,977196.0,39945.0,,13.9,68.31389476593979,10.5,34.4,11.72922599075933,,,7857.0,259043549.0,32969.0,,551.0,9.5,15059.0,0,,0,0.0,0
39065,2012,29271.0,936899.0,40732.0,18.0,14.0,68.01407657059018,10.6,34.8,12.67673718292233,,,8037.0,271917763.0,33833.0,,545.0,7.5,14895.0,0,,0,0.0,0
39065,2013,30533.0,940577.0,40415.0,18.1,13.4,67.80143955261171,11.7,35.1,13.363755026352836,,,8129.0,278580567.0,34271.0,,539.0,7.7,14924.0,0,,0,0.0,0
39065,2014,30805.0,979381.0,42670.0,18.9,14.5,67.67385734182463,10.5,35.2,14.09712302627683,,,8338.0,287567080.0,34491.0,,541.0,5.7,15147.0,0,,0,0.0,0
39065,2015,29900.0,862490.0,42703.0,18.7,13.5,67.48248402564403,9.6,35.4,13.521952059266336,,,8351.0,288321313.0,34527.0,,542.0,4.9,14544.0,0,,0,0.0,0
39065,2016,30609.0,885839.0,44842.0,15.6,14.4,67.30386893054211,8.2,35.8,13.048042573173367,,,8374.0,294955224.0,35222.0,,529.0,5.0,14434.0,0,,0,0.0,0
39065,2017,31791.0,877953.0,46404.0,16.6,15.5,67.14226479687848,6.8,35.6,12.509686559550222,,,8369.0,299842826.0,35827.0,,516.0,4.9,14429.0,0,,0,0.0,0
39065,2018,33388.0,933704.0,48773.0,16.7,16.6,67.06996821076581,5.9,35.5,12.139559438200116,,,8273.0,299886123.0,36251.0,,525.0,4.4,14094.0,0,,0,0.0,0
39065,2019,33783.0,883214.0,50506.0,13.9,16.2,66.82118289973101,5.1,35.9,11.927108592042076,,,8204.0,306001198.0,37300.0,29.0,526.0,4.2,14033.0,0,,0,0.0,0
39065,2020,37157.0,860683.0,50214.0,14.3,16.0,66.7531390539779,5.1,36.6,11.97798736311115,,,7828.0,305981199.0,39090.0,28.0,523.0,8.1,13920.0,0,,0,0.0,0
39065,2021,40647.0,924906.0,52112.0,17.8,16.4,65.36036658621899,4.7,36.1,12.10703071815856,,,7806.0,314600141.0,40303.0,30.0,527.0,5.2,13506.0,0,,0,0.0,0
39065,2022,40502.0,945323.0,55876.0,18.2,18.5,65.11370764536397,4.7,35.6,14.737752154289558,,,7623.0,340797307.0,44708.0,32.0,535.0,4.2,13131.0,0,,0,0.0,0
39067,2010,28179.0,305972.0,35363.0,,9.0,39.43767693764587,7.0,43.5,9.847787299213772,,,3275.0,101051824.0,30856.0,,332.0,12.5,7251.0,0,,0,0.0,0
39067,2011,29806.0,324019.0,36920.0,,8.6,39.43022039067335,7.1,43.6,11.167878752501652,,,3261.0,101644016.0,31170.0,,320.0,10.6,7005.0,0,,0,0.0,0
39067,2012,30703.0,312539.0,37088.0,19.4,7.8,39.31588667042808,7.1,44.2,12.296124920224203,,,3428.0,116625120.0,34020.0,,325.0,8.5,6977.0,0,,0,0.0,0
39067,2013,32647.0,508687.0,39002.0,18.4,9.2,39.186639856237775,7.6,44.9,13.21633228133141,,,3911.0,152910915.0,39101.0,,337.0,7.9,7285.0,0,,0,0.0,0
39067,2014,34561.0,641425.0,41819.0,17.9,9.5,39.017624791527375,6.7,45.4,14.000585083626952,,,4068.0,164580406.0,40461.0,,348.0,6.0,7374.0,0,,0,0.0,0
39067,2015,35393.0,999559.0,43173.0,17.3,8.6,38.85606627378949,5.6,45.9,13.480562985084024,,,3875.0,155808503.0,40212.0,,359.0,6.4,7208.0,0,,0,0.0,0
39067,2016,35250.0,1033012.0,44000.0,18.1,9.7,38.57768852014883,4.6,46.2,13.131336282952647,,,3634.0,138961467.0,38236.0,,355.0,7.7,6998.0,0,,0,0.0,0
39067,2017,38487.0,860120.0,46223.0,15.7,10.9,38.269484578618105,4.9,46.0,12.794087745264344,,,3997.0,183131749.0,45813.0,,350.0,6.0,7173.0,0,,0,0.0,0
39067,2018,39534.0,767491.0,48462.0,17.0,10.1,38.045788169442574,5.6,46.0,12.47742124314752,,,3858.0,185770733.0,48156.0,,343.0,5.2,6965.0,0,,0,0.0,0
39067,2019,40902.0,901819.0,49689.0,16.0,11.6,37.80717866632201,5.3,46.3,12.216851934209611,,,3696.0,180508762.0,48842.0,,352.0,5.3,6886.0,0,,0,0.0,0
39067,2020,42996.0,1035568.0,49454.0,16.3,12.4,37.61082292937904,5.9,46.1,12.656649349861937,,,3409.0,165970041.0,48693.0,,342.0,9.3,6682.0,0,,0,0.0,0
39067,2021,46196.0,918367.0,51993.0,14.8,12.2,36.345695459708544,5.5,46.2,13.028153284988711,,,3332.0,160501663.0,48166.0,,342.0,6.3,6464.0,0,,0,0.0,0
39067,2022,47045.0,801238.0,54056.0,15.4,11.7,36.10957147224549,4.5,46.1,15.233305750552228,,,3433.0,181094821.0,52754.0,24.0,338.0,4.9,6463.0,0,,0,0.0,0
39069,2010,33369.0,1182570.0,48367.0,,13.1,68.61854282348982,9.1,38.8,10.033720226100202,,,10874.0,377581586.0,34724.0,,678.0,13.1,14656.0,0,,0,0.0,0
39069,2011,36324.0,1238838.0,48932.0,,14.4,68.15461166798875,9.9,39.1,11.247756983832868,,,11133.0,387443292.0,34800.0,,678.0,10.7,14356.0,0,,0,0.0,0
39069,2012,37243.0,1265431.0,49423.0,12.5,13.3,67.89740631234827,10.1,39.6,12.298626151466236,,,11232.0,403278543.0,35906.0,,670.0,8.7,14125.0,0,,0,0.0,0
39069,2013,38516.0,1386743.0,49439.0,13.5,13.8,67.70029566596956,9.4,39.8,13.238188200116062,,,11157.0,407071930.0,36487.0,,659.0,8.8,14016.0,0,,0,0.0,0
39069,2014,39010.0,1465365.0,52526.0,12.7,14.8,67.4839547126271,7.7,40.8,14.071094159222971,,,11065.0,413841946.0,37400.0,,653.0,6.5,13786.0,0,,0,0.0,0
39069,2015,39942.0,1440293.0,53835.0,11.4,16.1,67.34213119876927,6.7,41.2,13.597490108357553,,,11023.0,425906451.0,38637.0,,651.0,5.7,13595.0,0,,0,0.0,0
39069,2016,41106.0,1390405.0,54941.0,10.2,16.0,67.04165765246027,5.3,41.4,13.154568724253242,,,11094.0,442664728.0,39903.0,,657.0,5.4,13660.0,0,,0,0.0,0
39069,2017,42253.0,1307777.0,58070.0,9.0,17.4,66.0152400182688,4.5,41.2,12.813484940155956,,,11140.0,455120566.0,40855.0,,663.0,5.2,13597.0,0,,0,0.0,0
39069,2018,43222.0,1263706.0,59083.0,9.7,18.0,65.66188312780943,4.2,41.3,12.534676771184673,,,11023.0,461762465.0,41890.0,,667.0,4.9,13372.0,0,,0,0.0,0
39069,2019,44476.0,1448603.0,59695.0,8.4,17.2,65.40227398379847,3.1,41.1,12.275533144848918,,,10812.0,472522265.0,43705.0,,669.0,4.7,13295.0,0,,0,0.0,0
39069,2020,48976.0,1413325.0,60425.0,8.2,17.6,65.0657436119324,4.5,41.6,12.619044688232922,,,10271.0,488291687.0,47543.0,,664.0,8.1,13001.0,0,,0,0.0,0
39069,2021,52926.0,1414263.0,64513.0,9.7,17.7,66.38782721569193,4.8,41.4,13.03926691136762,,,10223.0,499719881.0,48883.0,,673.0,5.2,12695.0,0,,0,0.0,0
39069,2022,53207.0,1256296.0,71616.0,9.5,18.1,66.34696281339392,4.5,41.8,15.230314812665284,,,10443.0,523904587.0,50170.0,30.0,676.0,4.5,12694.0,0,,0,0.0,0
39071,2010,27278.0,1147736.0,39844.0,,9.7,78.9174881211534,12.1,38.3,12.035376041504753,,,10072.0,308180102.0,30597.0,,773.0,17.3,19215.0,0,,0,0.0,0
39071,2011,29257.0,1165030.0,40423.0,,10.4,78.88675137953729,13.1,38.6,11.74999910232498,,,10025.0,306867960.0,30610.0,,740.0,13.4,18056.0,0,,0,0.0,0
39071,2012,29919.0,1163626.0,39641.0,17.6,11.1,78.56672765800494,14.1,39.0,12.211245866485331,,,10319.0,321119200.0,31118.0,34.0,742.0,10.4,17613.0,0,,0,0.0,0
39071,2013,30418.0,1160915.0,39091.0,19.5,11.4,78.46005308416082,15.5,39.6,12.846055523515936,,,10284.0,327139606.0,31812.0,35.0,752.0,10.5,17496.0,0,,0,0.0,0
39071,2014,31152.0,1138353.0,39855.0,20.3,11.2,78.22681545660335,14.2,39.7,13.423421941556697,,,10444.0,333799701.0,31960.0,34.0,760.0,7.8,17370.0,0,,0,0.0,0
39071,2015,32219.0,1149548.0,39858.0,20.2,12.1,78.05324326865359,11.5,40.1,12.948909405764464,,,10240.0,324021909.0,31643.0,34.0,757.0,6.4,16995.0,0,,0,0.0,0
39071,2016,32923.0,1115390.0,40593.0,20.7,12.0,77.94295260756053,9.6,40.2,12.676327046129096,,,10266.0,331911916.0,32333.0,33.0,768.0,6.4,16998.0,0,,0,0.0,0
39071,2017,34757.0,1218401.0,42333.0,21.6,12.3,77.80192520485134,7.3,40.3,12.300311104143558,,,10461.0,357736651.0,34197.0,33.0,768.0,5.9,17233.0,0,,0,0.0,0
39071,2018,35974.0,1244850.0,43297.0,20.9,12.6,77.75853215786391,6.5,40.4,11.926690318554895,,,10570.0,372084851.0,35203.0,34.0,769.0,5.5,17235.0,0,,0,0.0,0
39071,2019,37184.0,1298230.0,44169.0,19.4,13.4,77.7748045504842,6.7,40.8,11.731019744114157,,,10387.0,380398754.0,36623.0,36.0,770.0,5.2,17234.0,0,,0,0.0,0
39071,2020,40912.0,1339839.0,47973.0,19.0,13.8,77.8905193424507,4.8,40.9,11.83115777868088,,,10225.0,409159559.0,40017.0,39.0,773.0,8.7,17399.0,0,,0,0.0,0
39071,2021,44754.0,1373798.0,52376.0,16.7,14.1,78.03877891965779,5.2,40.6,11.961117069751722,,,10367.0,403305745.0,38903.0,36.0,794.0,5.8,17209.0,0,,0,0.0,0
39071,2022,44602.0,1323964.0,60522.0,14.8,15.2,78.2611682854684,4.4,40.8,14.002547280211708,,,10706.0,430843545.0,40242.0,35.0,823.0,4.9,17317.0,0,,0,0.0,0
39073,2010,28147.0,650319.0,39586.0,,10.2,69.62874007058282,8.4,40.0,10.521773965874845,,,6649.0,199123310.0,29948.0,,537.0,11.7,14062.0,0,,0,0.0,0
39073,2011,29749.0,648956.0,42227.0,,12.1,69.77588649789129,8.9,41.1,11.144707857213444,,,6636.0,200970891.0,30285.0,,539.0,9.9,13765.0,0,,0,0.0,0
39073,2012,31049.0,649433.0,40556.0,16.7,12.8,69.70943327265522,10.3,41.9,12.269565840747177,,,6570.0,203595158.0,30989.0,,532.0,8.3,13555.0,0,,0,0.0,0
39073,2013,31877.0,649101.0,42089.0,15.9,12.7,69.46260700749261,10.5,41.9,13.202190110344896,,,6440.0,199185867.0,30928.0,,529.0,8.1,13191.0,0,,0,0.0,0
39073,2014,32495.0,636919.0,42792.0,16.8,13.7,69.08999428027597,9.7,42.2,14.011914861286908,,,6467.0,201889827.0,31220.0,,525.0,6.5,13213.0,0,,0,0.0,0
39073,2015,34075.0,631282.0,42170.0,17.4,15.1,68.62244837415065,9.5,42.6,13.47843516542269,,,6555.0,209003349.0,31883.0,,533.0,5.7,13057.0,0,,0,0.0,0
39073,2016,35201.0,641244.0,43382.0,16.6,14.1,68.09082257226196,9.1,42.7,13.112699422702912,,,6824.0,217700080.0,31901.0,,538.0,5.6,13063.0,0,,0,0.0,0
39073,2017,36848.0,632148.0,48073.0,14.2,14.1,67.75143645766336,7.4,42.7,12.753270659522451,,,6766.0,219187157.0,32395.0,,540.0,5.4,13148.0,0,,0,0.0,0
39073,2018,37874.0,614970.0,50000.0,13.6,14.8,67.62802332508205,5.9,42.9,12.436073728392277,,,6569.0,215642834.0,32829.0,,532.0,5.1,13032.0,0,,0,0.0,0
39073,2019,39788.0,629074.0,52363.0,13.3,14.4,67.37882373044674,4.9,43.1,12.162733213098624,,,6579.0,220669893.0,33541.0,,552.0,4.7,13086.0,0,,0,0.0,0
39073,2020,43321.0,611595.0,54774.0,14.5,13.9,67.17946405473847,3.8,42.9,12.62827295862516,,,6473.0,227492343.0,35144.0,,564.0,7.5,12708.0,0,,0,0.0,0
39073,2021,45892.0,631679.0,56755.0,16.3,14.8,66.88042454117608,4.0,42.5,12.994426393011262,,,6834.0,245378299.0,35905.0,4.0,577.0,4.9,12792.0,0,,0,0.0,0
39073,2022,46040.0,625899.0,59007.0,16.6,14.7,66.70005150124956,4.7,42.6,15.225394877137628,,,6804.0,257384211.0,37828.0,20.0,581.0,4.1,12915.0,0,,0,0.0,0
39075,2010,27497.0,1639073.0,43533.0,,9.4,99.5428430806508,5.7,29.3,10.238387234685876,,,16406.0,481517103.0,29349.0,,1111.0,7.7,19325.0,0,,0,0.0,0
39075,2011,30744.0,1778916.0,44746.0,,9.3,100.00662546259926,5.9,29.4,11.150759907416608,,,17140.0,513823403.0,29978.0,,1139.0,6.3,19537.0,0,,0,0.0,0
39075,2012,30796.0,1754713.0,44091.0,15.6,8.3,100.56742354689408,6.1,29.7,12.132629795607745,,,17801.0,552154503.0,31017.0,,1141.0,5.1,19755.0,0,,0,0.0,0
39075,2013,32974.0,1876752.0,45477.0,15.8,8.5,101.37194400537608,6.2,29.9,12.91256886730861,,,18122.0,577029104.0,31841.0,,1157.0,5.2,20034.0,0,,0,0.0,0
39075,2014,35672.0,2066219.0,47625.0,14.4,7.8,102.16463328064512,5.5,30.1,13.655578681147484,,,18063.0,610083098.0,33776.0,,1256.0,4.0,19953.0,0,,0,0.0,0
39075,2015,38622.0,2226835.0,51996.0,12.7,7.8,102.7798548077196,4.2,30.4,13.386060135579925,,,19152.0,678410052.0,35423.0,,1319.0,3.5,20691.0,0,,0,0.0,0
39075,2016,38354.0,2158682.0,53619.0,12.9,7.7,103.40927375464965,3.4,30.6,12.85708279299677,,,19519.0,703794721.0,36056.0,,1335.0,3.6,21073.0,0,,0,0.0,0
39075,2017,41708.0,2279584.0,58728.0,12.0,8.5,103.66009483876464,2.8,30.8,12.673108077673538,,,19438.0,735231908.0,37825.0,,1387.0,3.5,20914.0,0,,0,0.0,0
39075,2018,44075.0,2392957.0,62111.0,11.1,8.9,103.78077290753691,2.2,31.3,12.459370570286366,,,19836.0,793017267.0,39979.0,,1406.0,3.3,20767.0,0,,0,0.0,0
39075,2019,46345.0,2454547.0,63753.0,10.0,9.7,103.88015484652588,2.1,31.5,12.183284000979413,,,19906.0,824742037.0,41433.0,,1447.0,3.0,21028.0,0,,0,0.0,0
39075,2020,49554.0,2472848.0,64453.0,9.7,10.4,104.00556538858338,2.3,32.1,12.36152680018354,,,19605.0,864870742.0,44115.0,,1466.0,3.9,20884.0,0,,0,0.0,0
39075,2021,54796.0,2567922.0,69454.0,9.0,10.5,104.50720755681334,2.2,32.1,12.847930325424391,,,20319.0,967074866.0,47594.0,,1483.0,2.8,21303.0,0,,0,0.0,0
39075,2022,57026.0,2574433.0,72987.0,8.9,11.1,104.76039487757092,2.0,32.2,14.562912663936917,,,21066.0,1054749114.0,50070.0,22.0,1525.0,2.8,21626.0,0,,0,0.0,0
39077,2010,31403.0,2234943.0,47058.0,,12.1,121.75287408861072,9.1,37.3,10.242686750845223,,,20404.0,714994695.0,35041.0,76.0,1343.0,13.2,30332.0,0,,0,0.0,0
39077,2011,33081.0,2282206.0,48358.0,,12.3,121.51112357108175,9.4,37.3,11.146956873400375,,,20364.0,725551088.0,35629.0,74.0,1339.0,11.4,29621.0,0,,0,0.0,0
39077,2012,33473.0,2216302.0,48335.0,14.7,12.4,121.13529293458718,9.8,37.6,12.130560066716836,,,20379.0,744033598.0,36509.0,78.0,1308.0,9.9,28959.0,0,,0,0.0,0
39077,2013,34671.0,2299158.0,49404.0,13.5,13.1,120.6517918995293,9.7,38.0,12.903308739883762,,,20136.0,747849313.0,37140.0,84.0,1299.0,10.2,28640.0,0,,0,0.0,0
39077,2014,35626.0,2269916.0,49315.0,13.9,13.1,120.23736244090826,8.1,38.3,13.635646331450925,,,20125.0,763886486.0,37957.0,80.0,1276.0,8.0,27957.0,0,,0,0.0,0
39077,2015,36713.0,2210022.0,48745.0,13.5,13.1,119.73151471935608,7.2,38.8,13.37665478498757,,,20300.0,795533876.0,39188.0,79.0,1266.0,6.7,27713.0,0,,0,0.0,0
39077,2016,37021.0,2221943.0,48838.0,12.9,13.5,119.25817126906831,6.7,39.4,12.855260332747507,,,21036.0,820142069.0,38988.0,79.0,1287.0,6.6,28231.0,0,,0,0.0,0
39077,2017,38461.0,2240461.0,49710.0,14.2,13.7,118.8376472595852,5.8,39.2,12.672377318043042,,,21032.0,846253455.0,40236.0,79.0,1291.0,6.4,28310.0,0,,0,0.0,0
39077,2018,39921.0,2294018.0,51559.0,13.6,13.6,118.75638658142422,4.9,39.6,12.458901106987224,,,21199.0,891370725.0,42049.0,81.0,1293.0,5.9,28112.0,0,,0,0.0,0
39077,2019,40611.0,2251954.0,52560.0,13.2,14.4,118.5166675808493,4.3,39.8,12.193856426342505,,,21292.0,912552837.0,42859.0,84.0,1324.0,5.8,28245.0,0,,0,0.0,0
39077,2020,44994.0,2250882.0,55041.0,12.0,14.7,118.37852442797562,4.7,40.1,12.370758796853222,,,19807.0,909167128.0,45902.0,67.0,1323.0,9.5,27503.0,0,,0,0.0,0
39077,2021,48375.0,2335669.0,59049.0,12.3,15.0,119.01235771763132,4.3,39.9,12.860968585533598,,,20660.0,977646899.0,47322.0,75.0,1344.0,5.9,27522.0,0,,0,0.0,0
39077,2022,48279.0,2260395.0,64144.0,11.0,15.5,118.88030911561972,4.4,40.1,14.587189227735925,,,21241.0,1052921315.0,49571.0,77.0,1382.0,5.1,27659.0,0,,0,0.0,0
39079,2010,28974.0,1025116.0,34044.0,,12.0,78.90604553781732,11.9,39.0,10.590996397131276,,,10598.0,326830685.0,30839.0,22.0,708.0,12.5,14324.0,0,,0,0.0,0
39079,2011,30138.0,1018992.0,37243.0,,14.0,78.93221669719969,10.8,38.9,11.241867270861668,,,10423.0,327438469.0,31415.0,21.0,723.0,11.8,13927.0,0,,0,0.0,0
39079,2012,30499.0,989543.0,36903.0,24.8,14.0,78.83229045228522,11.7,39.1,12.37767647711089,,,10542.0,337377800.0,32002.0,22.0,712.0,10.3,13724.0,0,,0,0.0,0
39079,2013,31282.0,1038820.0,36356.0,24.6,15.2,78.59437082153649,11.5,39.4,13.381682121266593,,,10562.0,341557145.0,32338.0,23.0,722.0,10.5,13594.0,0,,0,0.0,0
39079,2014,32354.0,1049853.0,37393.0,23.6,17.3,78.39927672432252,11.8,39.6,14.265083518260065,,,10342.0,357438626.0,34563.0,24.0,726.0,8.8,13257.0,0,,0,0.0,0
39079,2015,33388.0,1052143.0,39460.0,23.5,17.2,78.16611548618876,11.5,39.5,13.709437604129022,,,10323.0,354850506.0,34374.0,19.0,718.0,7.6,13095.0,0,,0,0.0,0
39079,2016,33678.0,1043108.0,40330.0,23.0,16.9,77.840165592063,11.2,40.3,13.310021806375916,,,10094.0,349347693.0,34609.0,19.0,712.0,7.9,12853.0,0,,0,0.0,0
39079,2017,34393.0,1075317.0,43397.0,20.6,15.8,77.61890033546668,10.8,40.2,12.868742834554842,,,10232.0,358364737.0,35022.0,24.0,719.0,7.1,12963.0,0,,0,0.0,0
39079,2018,35085.0,1024042.0,45340.0,19.6,15.3,77.38098070471794,10.5,40.1,12.531544301301992,,,10245.0,359341481.0,35075.0,32.0,717.0,6.5,12860.0,0,,0,0.0,0
39079,2019,36251.0,1014365.0,47550.0,18.8,14.5,77.20492017796388,7.9,40.1,12.274702690151768,,,10142.0,370972768.0,36579.0,32.0,727.0,6.2,12871.0,0,,0,0.0,0
39079,2020,40235.0,1038915.0,48915.0,17.0,14.8,77.18112821488901,6.9,40.1,12.704891948350218,,,10096.0,404099817.0,40025.0,26.0,736.0,8.7,13124.0,0,,0,0.0,0
39079,2021,42236.0,1019667.0,50983.0,17.1,15.1,77.39763507887035,7.3,39.7,13.095571304365638,,,9852.0,404133062.0,41020.0,26.0,720.0,6.2,12559.0,0,,0,0.0,0
39079,2022,41294.0,982107.0,56549.0,17.4,15.9,77.47376936070995,5.9,40.1,15.518434180775465,,,9884.0,413195373.0,41807.0,26.0,736.0,5.0,12324.0,0,,0,0.0,0
39081,2010,30193.0,3149136.0,37527.0,,14.1,171.61695955150884,8.3,43.8,10.233037187103356,,,22213.0,764714927.0,34427.0,,1503.0,14.5,33385.0,0,,0,0.0,0
39081,2011,32107.0,3024526.0,39453.0,,14.2,170.71282257353155,8.8,43.7,11.110397457907796,,,22109.0,783744124.0,35450.0,,1478.0,12.0,31907.0,0,,0,0.0,0
39081,2012,32596.0,2966975.0,40115.0,16.8,14.8,169.9066950240613,9.1,43.9,12.093911496917858,,,21731.0,775965317.0,35707.0,,1451.0,10.8,31271.0,0,,0,0.0,0
39081,2013,32993.0,3594894.0,40577.0,16.6,14.7,168.88984720330097,8.8,44.1,13.202823476963284,,,21234.0,761971696.0,35885.0,,1443.0,10.9,30577.0,0,,0,0.0,0
39081,2014,34157.0,4191065.0,40816.0,17.5,15.2,167.86564867540255,9.2,44.3,14.002325676800988,,,21032.0,783615575.0,37258.0,,1414.0,8.1,29866.0,0,,0,0.0,0
39081,2015,35124.0,4459287.0,41942.0,17.6,15.1,166.74589095470984,8.8,44.3,13.475598298198666,,,20824.0,784652521.0,37680.0,,1424.0,7.5,29492.0,0,,0,0.0,0
39081,2016,34961.0,3320314.0,42327.0,17.2,15.4,165.65308582685654,8.3,44.5,13.119093058339695,,,20549.0,794853953.0,38681.0,,1415.0,8.4,29024.0,0,,0,0.0,0
39081,2017,36881.0,3325216.0,43161.0,17.6,14.9,165.02092501298625,7.9,44.7,12.769450801554733,,,20308.0,817301960.0,40245.0,,1417.0,7.3,27974.0,0,,0,0.0,0
39081,2018,38481.0,3366006.0,44819.0,18.1,15.3,163.88646587801745,8.0,44.8,12.452587710853953,,,20382.0,843714293.0,41396.0,,1394.0,6.3,27829.0,0,,0,0.0,0
39081,2019,40348.0,3877911.0,46581.0,17.5,15.8,162.62459448598955,6.0,44.8,12.185653154581724,,,20682.0,877773033.0,42441.0,,1387.0,5.9,28077.0,0,,0,0.0,0
39081,2020,43448.0,3991881.0,46849.0,16.8,17.5,161.5758936009644,5.6,44.9,12.62827295862516,,,19755.0,857269801.0,43396.0,,1388.0,10.1,27444.0,0,,0,0.0,0
39081,2021,46382.0,3991719.0,49211.0,17.3,18.3,160.7844674657702,6.0,44.6,12.994426393011262,,,20441.0,902328439.0,44144.0,,1387.0,6.6,27012.0,0,,0,0.0,0
39081,2022,46385.0,3640598.0,53124.0,18.2,19.5,159.9513873234605,5.5,44.3,15.225394877137628,,,20808.0,972325710.0,46729.0,70.0,1406.0,5.5,26933.0,0,,0,0.0,0
39083,2010,31349.0,1982920.0,45655.0,,19.0,114.55968517542374,7.2,38.0,10.6616768827873,,,18719.0,672875703.0,35946.0,,1172.0,9.7,30962.0,0,,0,0.0,0
39083,2011,33909.0,2101611.0,48734.0,,20.0,115.36273142289518,8.2,38.1,11.169456829847237,,,18705.0,706773554.0,37785.0,,1181.0,8.7,30418.0,0,,0,0.0,0
39083,2012,35946.0,2087787.0,49323.0,14.6,20.4,115.68242755932933,7.9,39.0,12.15001140579322,,,18985.0,745707073.0,39280.0,,1163.0,6.9,30156.0,0,,0,0.0,0
39083,2013,36817.0,2150172.0,49750.0,14.2,21.2,115.9374232871994,7.6,39.3,12.912944517444371,,,19422.0,776717958.0,39991.0,,1154.0,6.9,30368.0,0,,0,0.0,0
39083,2014,38163.0,2193035.0,48953.0,15.5,21.4,116.20003082784172,7.7,38.5,13.63657754160601,,,20127.0,813119339.0,40399.0,,1152.0,5.3,31205.0,0,,0,0.0,0
39083,2015,38863.0,2152482.0,48533.0,15.3,21.8,116.08775658945116,6.6,38.7,13.375035716195486,,,20424.0,827707590.0,40527.0,,1144.0,4.7,31331.0,0,,0,0.0,0
39083,2016,39121.0,2123186.0,48619.0,15.6,21.9,115.84798448712556,6.1,39.0,12.866212492911696,,,20300.0,790113789.0,38921.0,,1159.0,4.7,31354.0,0,,0,0.0,0
39083,2017,40225.0,2151905.0,51211.0,13.8,22.7,115.9754823510606,5.8,38.9,12.709519344718286,,,20161.0,832822754.0,41308.0,,1184.0,4.5,31492.0,0,,0,0.0,0
39083,2018,42508.0,2152887.0,55131.0,14.2,22.8,116.48927971318687,5.3,38.9,12.48827947833683,,,20273.0,873053799.0,43064.0,,1211.0,4.3,31555.0,0,,0,0.0,0
39083,2019,44463.0,2142188.0,57749.0,13.1,23.0,116.99546526254092,4.4,39.4,12.239182976045758,,,20361.0,911906956.0,44787.0,,1221.0,4.0,31869.0,0,,0,0.0,0
39083,2020,48966.0,2013534.0,61590.0,12.1,22.6,117.55683645449372,4.2,39.4,12.423119333475949,,,19182.0,877574608.0,45749.0,,1214.0,6.2,30907.0,0,,0,0.0,0
39083,2021,51964.0,2114650.0,64439.0,12.7,22.7,118.74237629377028,3.0,39.2,12.93687793056943,,,19529.0,907114710.0,46450.0,,1230.0,4.1,30873.0,0,,0,0.0,0
39083,2022,52476.0,2143860.0,71246.0,12.9,23.7,119.23333821757986,3.3,39.4,14.604183767896949,,,19804.0,997547460.0,50371.0,60.0,1276.0,3.5,30837.0,0,,0,0.0,0
39085,2010,38429.0,11897862.0,54896.0,,24.2,1000.6455271077768,6.4,41.9,11.292212201723617,,,92553.0,3596519919.0,38859.0,356.0,6493.0,8.0,128330.0,0,,0,0.0,0
39085,2011,40778.0,12159456.0,55968.0,,24.8,1002.071793082392,7.1,42.2,11.174506370215044,,,93692.0,3917572240.0,41813.0,369.0,6510.0,6.8,127021.0,0,,0,0.0,0
39085,2012,41961.0,11754726.0,56231.0,9.3,24.8,1002.630086797226,7.6,42.5,11.444684261058292,,,93872.0,3850198538.0,41015.0,372.0,6405.0,6.0,125033.0,0,,0,0.0,0
39085,2013,42898.0,11084141.0,56018.0,9.2,24.9,1002.5297683953416,7.8,42.7,11.570521635650096,,,93518.0,3833823440.0,40996.0,303.0,6343.0,6.3,124869.0,0,,0,0.0,0
39085,2014,44680.0,11318302.0,56809.0,9.2,26.0,1001.4480743228507,7.2,42.9,11.904662797165924,,,94313.0,3984212477.0,42245.0,324.0,6279.0,5.5,124386.0,0,,0,0.0,0
39085,2015,45750.0,11308019.0,58029.0,8.9,26.3,1000.7283988310724,6.0,43.2,12.739936338647448,,,94774.0,4085587947.0,43109.0,303.0,6243.0,4.5,123551.0,0,,0,0.0,0
39085,2016,46669.0,11337654.0,59958.0,8.5,27.0,999.9825533214114,5.3,43.3,12.022554225402809,,,94659.0,4092118538.0,43230.0,304.0,6262.0,4.9,124566.0,0,,0,0.0,0
39085,2017,48207.0,11269841.0,61137.0,8.3,27.2,1001.8798796179176,4.8,43.5,12.715744073198726,,,95143.0,4236012128.0,44523.0,308.0,6291.0,5.1,127665.0,0,,0,0.0,0
39085,2018,50355.0,11458575.0,63475.0,8.3,27.9,1003.4108256640642,4.4,43.7,12.946270379002756,,,95898.0,4361938757.0,45485.0,323.0,6244.0,4.3,128596.0,0,,0,0.0,0
39085,2019,51861.0,11566135.0,64466.0,8.1,27.4,1002.9833820386444,4.2,43.8,12.568595824054826,,,97465.0,4651471435.0,47724.0,328.0,6322.0,3.7,130172.0,0,,0,0.0,0
39085,2020,55090.0,11320955.0,65814.0,8.2,28.3,1002.1154097788632,4.8,43.9,12.045947403539826,,,90303.0,4516358326.0,50013.0,289.0,6356.0,8.4,122456.0,0,,0,0.0,0
39085,2021,59215.0,11727598.0,70168.0,7.5,28.9,1012.7884154054173,4.8,43.9,12.961278049483113,,,91949.0,4812832793.0,52342.0,543.0,6496.0,4.9,122827.0,0,,0,0.0,0
39085,2022,59810.0,11578407.0,76835.0,7.6,29.9,1012.93671217342,4.4,43.9,13.228424019831063,,,93507.0,5051104653.0,54019.0,320.0,6605.0,4.2,124804.0,0,,0,0.0,0
39087,2010,30507.0,1338976.0,36461.0,,12.9,138.17372566404865,7.1,39.9,10.588291003132154,,,12360.0,355505453.0,28762.0,,993.0,10.3,27745.0,0,,0,0.0,0
39087,2011,31783.0,1519829.0,38639.0,,13.8,138.05241810085292,7.4,40.0,11.23987290324294,,,12366.0,362528152.0,29317.0,,1001.0,9.5,27017.0,0,,0,0.0,0
39087,2012,32473.0,1680360.0,40244.0,16.0,14.9,137.7193737000792,8.1,40.0,12.37856781743794,,,12322.0,370854665.0,30097.0,,996.0,8.5,26514.0,0,,0,0.0,0
39087,2013,32361.0,1569371.0,41552.0,18.3,14.9,137.42823554840945,9.1,40.6,13.383737499299784,,,12279.0,375687358.0,30595.0,,966.0,8.8,26106.0,0,,0,0.0,0
39087,2014,33664.0,1656310.0,42981.0,17.4,14.8,136.9672668082657,8.5,40.9,14.269763134294427,,,12517.0,406909835.0,32508.0,,965.0,6.7,25909.0,0,,0,0.0,0
39087,2015,35067.0,1836112.0,42874.0,18.3,14.7,136.36514017640326,8.0,41.2,13.713453706678717,,,12518.0,422638200.0,33762.0,,963.0,5.9,24984.0,0,,0,0.0,0
39087,2016,35357.0,1881687.0,44256.0,18.4,14.1,135.6505283495775,7.6,41.4,13.310086797122374,,,12553.0,423757195.0,33759.0,,951.0,6.6,24851.0,0,,0,0.0,0
39087,2017,36877.0,1709582.0,45466.0,18.6,14.5,134.6668342916631,6.5,41.5,12.861424010288516,,,12616.0,430232350.0,34101.0,,947.0,5.9,24167.0,0,,0,0.0,0
39087,2018,38708.0,1689513.0,44372.0,18.6,14.3,133.7074017463878,6.2,41.6,12.521249420598748,,,12489.0,438364316.0,35099.0,,959.0,5.6,23929.0,0,,0,0.0,0
39087,2019,40326.0,1810240.0,45118.0,18.1,14.9,132.7413524249382,5.6,41.8,12.266925624587316,,,13175.0,480063322.0,36439.0,,967.0,5.2,24070.0,0,,0,0.0,0
39087,2020,43428.0,1768909.0,46584.0,19.4,15.8,132.11716987249474,5.0,41.6,12.704891948350218,,,13250.0,516872341.0,39008.0,,966.0,8.5,23640.0,0,,0,0.0,0
39087,2021,47285.0,1813669.0,48947.0,18.8,16.9,129.18152684315814,4.6,41.8,13.095571304365638,,,13574.0,556100502.0,40967.0,,986.0,5.2,23040.0,0,,0,0.0,0
39087,2022,48425.0,1755156.0,51846.0,17.9,18.2,127.91110581769018,3.8,41.9,15.518434180775465,,,13467.0,586808234.0,43574.0,39.0,988.0,4.6,23346.0,0,,0,0.0,0
39089,2010,34964.0,5294039.0,53291.0,,22.1,239.89086012130235,7.7,38.6,10.57143482800704,,,50308.0,1782902183.0,35440.0,98.0,3178.0,9.6,87674.0,1,2020.0,0,0.0,0
39089,2011,37051.0,5485400.0,54699.0,,22.4,241.9452923169804,7.7,38.9,11.18543572503294,,,51759.0,1872728018.0,36182.0,101.0,3208.0,8.4,86585.0,1,2020.0,0,0.0,0
39089,2012,38190.0,5470544.0,54247.0,12.4,22.0,243.4472844714526,7.9,39.1,12.306301170642252,,,52566.0,1929252263.0,36702.0,84.0,3197.0,6.8,86045.0,1,2020.0,0,0.0,0
39089,2013,39120.0,5545222.0,55114.0,12.0,21.9,244.81006759697377,8.2,39.4,13.20487504896711,,,51088.0,1910971371.0,37406.0,89.0,3149.0,6.9,86432.0,1,2020.0,0,0.0,0
39089,2014,40349.0,5740077.0,55777.0,12.4,22.6,246.04976063373812,7.3,39.7,13.97139073967937,,,51992.0,2004331711.0,38551.0,119.0,3179.0,5.2,86874.0,1,2020.0,0,0.0,0
39089,2015,41907.0,5965402.0,56549.0,12.7,22.8,247.19567074573544,7.2,39.7,13.466621447924854,,,53101.0,2117930451.0,39885.0,110.0,3282.0,4.5,87222.0,1,2020.0,0,0.0,0
39089,2016,42717.0,6060317.0,57571.0,12.6,23.3,248.762138660985,6.6,39.8,13.128885127763382,,,53504.0,2176098646.0,40671.0,93.0,3336.0,4.4,88594.0,1,2020.0,0,0.0,0
39089,2017,44441.0,6191705.0,59747.0,11.8,24.6,250.10440677171331,5.9,39.9,12.552699307346478,,,56229.0,2292177739.0,40765.0,81.0,3367.0,4.2,89346.0,1,2020.0,0,0.0,0
39089,2018,45570.0,6457822.0,62715.0,11.4,26.2,252.4709602638817,4.9,39.7,12.216966193879031,,,59960.0,2537000066.0,42312.0,83.0,3454.0,4.0,89924.0,1,2020.0,0,0.0,0
39089,2019,47117.0,6881663.0,64589.0,10.5,26.1,254.60598716053144,4.4,39.7,12.016720721880302,,,63633.0,2764192538.0,43440.0,98.0,3514.0,3.8,91464.0,1,2020.0,0,0.0,0
39089,2020,51326.0,7200631.0,67736.0,9.8,27.6,257.0370164134772,3.7,40.0,12.374779230764275,,,68244.0,3107654357.0,45538.0,128.0,3548.0,6.6,90051.0,1,2020.0,1,0.0,0
39089,2021,55588.0,7788445.0,72771.0,9.5,28.6,260.0336739314242,3.6,40.1,12.711995009979868,,,74622.0,3530054572.0,47306.0,190.0,3653.0,4.1,90782.0,1,2020.0,1,1.0,0
39089,2022,55825.0,7806805.0,78505.0,9.8,29.5,262.0705218287084,3.3,40.2,14.38205014404956,,,71363.0,3652712512.0,51185.0,148.0,3779.0,3.4,91692.0,1,2020.0,1,2.0,0
39091,2010,32032.0,1822025.0,46493.0,,14.3,100.338926862462,8.7,38.9,10.921383404885034,,,17542.0,695568132.0,39651.0,,932.0,11.8,23380.0,0,,0,0.0,0
39091,2011,33887.0,1940019.0,47378.0,,14.4,100.24732500774256,10.5,39.3,11.731931228100358,,,17668.0,702700235.0,39773.0,,933.0,9.7,22784.0,0,,0,0.0,0
39091,2012,35963.0,2002953.0,47345.0,15.6,15.3,99.9245375196835,10.8,39.6,12.67752971439341,,,18232.0,755803482.0,41455.0,,926.0,7.1,22606.0,0,,0,0.0,0
39091,2013,37449.0,2081741.0,47542.0,15.9,14.8,99.62355999703384,10.9,40.0,13.36500830749507,,,18884.0,780676769.0,41340.0,,899.0,6.8,23031.0,0,,0,0.0,0
39091,2014,37657.0,2126052.0,48416.0,16.9,14.8,99.37492639136676,8.7,40.1,14.0968802636013,,,19317.0,807728478.0,41814.0,,897.0,5.0,23146.0,0,,0,0.0,0
39091,2015,38064.0,1936971.0,49783.0,14.5,15.7,99.2004466680916,7.6,40.7,13.517393949189769,,,19292.0,833145790.0,43186.0,,899.0,4.3,23172.0,0,,0,0.0,0
39091,2016,38886.0,1963242.0,51136.0,14.0,15.6,98.9910710001614,5.9,41.2,13.054122755539035,,,19751.0,868811057.0,43988.0,,916.0,4.2,23413.0,0,,0,0.0,0
39091,2017,40457.0,2041373.0,53051.0,13.7,15.1,98.84930622500032,5.8,41.0,12.520665245371095,,,19976.0,878467380.0,43975.0,,937.0,4.1,23653.0,0,,0,0.0,0
39091,2018,42152.0,2063280.0,55150.0,13.4,16.0,98.8144102803453,4.9,40.8,12.14940718559665,,,19818.0,912407633.0,46041.0,,923.0,3.7,23256.0,0,,0,0.0,0
39091,2019,42592.0,2036559.0,56754.0,11.4,16.5,98.83403924921376,4.5,41.4,11.92973681889044,,,19255.0,907782578.0,47146.0,,929.0,3.7,23056.0,0,,0,0.0,0
39091,2020,46803.0,1882998.0,60417.0,10.7,17.1,98.83185825267282,4.5,41.2,11.988471058512314,,,17824.0,862532133.0,48393.0,,944.0,8.2,22703.0,0,,0,0.0,0
39091,2021,49142.0,2053336.0,64196.0,9.5,17.9,100.31929789359354,4.4,41.5,12.112473225492334,,,18308.0,902447244.0,49293.0,,970.0,4.2,22315.0,0,,0,0.0,0
39091,2022,49408.0,2135698.0,69125.0,10.9,18.9,100.53957854422843,3.5,41.8,14.73490516108767,,,18907.0,994276233.0,52587.0,32.0,996.0,3.5,22525.0,0,,0,0.0,0
39093,2010,34946.0,10052027.0,52066.0,,20.6,610.7706671885447,9.2,39.5,11.27040960742584,,,91578.0,3449260488.0,37665.0,16.0,6108.0,9.2,153525.0,0,,0,0.0,0
39093,2011,36992.0,10499531.0,52194.0,,21.0,612.5768547058727,10.0,39.9,11.15638166719177,,,93413.0,3703738912.0,39649.0,28.0,6138.0,7.8,151886.0,0,,0,0.0,0
39093,2012,38449.0,10804343.0,51756.0,14.2,21.2,613.8346624916418,10.2,40.1,11.456930730822744,,,94371.0,3821432146.0,40494.0,30.0,6047.0,7.1,149803.0,0,,0,0.0,0
39093,2013,39278.0,10703217.0,51816.0,14.6,22.2,615.0822773455975,10.3,40.4,11.456221321997209,,,94718.0,3833110046.0,40469.0,38.0,6045.0,7.4,150065.0,0,,0,0.0,0
39093,2014,40338.0,10568608.0,52610.0,14.6,22.3,616.6010241857886,9.6,40.7,11.684380024432915,,,95795.0,3943319998.0,41164.0,26.0,6041.0,6.5,150215.0,0,,0,0.0,0
39093,2015,41525.0,10634741.0,52457.0,14.4,22.8,618.0015330169447,8.8,41.0,12.600976159106231,,,96774.0,4006228393.0,41398.0,,6088.0,5.6,149895.0,0,,0,0.0,0
39093,2016,42749.0,10549910.0,53459.0,14.0,23.5,619.9157656114944,8.2,41.2,11.867203873276752,,,97156.0,4027823704.0,41457.0,6.0,6181.0,6.0,152264.0,0,,0,0.0,0
39093,2017,44315.0,10715473.0,54987.0,13.7,23.7,622.5944680920462,7.0,41.5,12.448930188250475,,,98049.0,4121883910.0,42039.0,11.0,6209.0,6.1,155628.0,0,,0,0.0,0
39093,2018,45948.0,10732204.0,56965.0,13.7,24.0,625.2609390544221,6.3,41.8,12.610062702695044,,,98188.0,4259718787.0,43383.0,20.0,6183.0,5.0,156576.0,0,,0,0.0,0
39093,2019,47933.0,10942672.0,58427.0,13.5,24.9,627.2118662034999,5.5,41.8,12.256023205011788,,,98898.0,4363949957.0,44126.0,22.0,6261.0,4.3,158821.0,0,,0,0.0,0
39093,2020,50908.0,10405844.0,58798.0,13.4,25.3,630.1963566384526,4.9,41.9,11.742594843525426,,,91954.0,4351386952.0,47321.0,35.0,6319.0,9.8,152382.0,0,,0,0.0,0
39093,2021,54995.0,11075652.0,62390.0,13.2,26.0,635.5027969404896,4.7,41.9,12.599234160335634,,,94304.0,4637969252.0,49181.0,41.0,6478.0,5.6,151447.0,0,,0,0.0,0
39093,2022,55845.0,10994116.0,67272.0,13.5,27.2,638.2834287391751,4.4,41.9,12.957006913083829,,,95730.0,4905652928.0,51245.0,339.0,6678.0,5.0,154121.0,0,,0,0.0,0
39095,2010,34880.0,22560734.0,42072.0,,23.0,1307.3134253657302,12.1,36.6,11.474566150115477,,,197922.0,7994193760.0,40391.0,59.0,10358.0,11.6,217735.0,0,,0,0.0,0
39095,2011,37052.0,23506769.0,41949.0,,23.0,1303.3742268071587,13.1,36.8,11.738539238436797,,,199327.0,8292304458.0,41601.0,93.0,10331.0,9.9,212751.0,0,,0,0.0,0
39095,2012,37860.0,23037399.0,41436.0,20.5,22.9,1298.9286439794737,13.6,37.1,11.673028694107623,,,201188.0,8632875170.0,42909.0,135.0,10137.0,8.3,210469.0,0,,0,0.0,0
39095,2013,38236.0,23935057.0,41556.0,20.8,23.4,1293.9619564097354,13.8,37.4,11.852534664417387,,,202137.0,8674587200.0,42914.0,126.0,10075.0,8.7,210574.0,0,,0,0.0,0
39095,2014,40135.0,25815586.0,41751.0,21.1,24.2,1290.005093283637,12.3,37.6,12.18540393861066,,,204692.0,9067371990.0,44298.0,127.0,10004.0,6.4,209419.0,0,,0,0.0,0
39095,2015,41814.0,24055981.0,41777.0,21.1,24.2,1284.393648999155,11.1,37.7,13.00093707201038,,,207836.0,9441834562.0,45429.0,102.0,10039.0,5.4,209455.0,0,,0,0.0,0
39095,2016,42728.0,23894586.0,42917.0,20.7,25.1,1280.0923268062757,9.6,37.9,12.24105713365656,,,209850.0,9665009332.0,46057.0,78.0,10064.0,5.2,211249.0,0,,0,0.0,0
39095,2017,43470.0,24161036.0,44820.0,19.8,25.6,1275.982370761608,8.5,37.9,12.819639072867677,,,206670.0,9686767384.0,46871.0,62.0,10164.0,5.9,211558.0,0,,0,0.0,0
39095,2018,45413.0,24713754.0,46924.0,19.1,26.3,1272.96467380904,7.5,37.9,13.028127980689993,,,209708.0,10163662587.0,48466.0,70.0,10129.0,5.2,210801.0,0,,0,0.0,0
39095,2019,47237.0,25567148.0,48736.0,18.7,26.3,1269.205065020329,7.2,37.8,12.683103776577,,,209643.0,10515505781.0,50159.0,202.0,10164.0,4.7,212075.0,0,,0,0.0,0
39095,2020,50429.0,23585222.0,49946.0,18.7,26.7,1266.899838958026,7.2,38.1,12.298869940763709,,,192062.0,10225777987.0,53242.0,240.0,10199.0,10.3,208216.0,0,,0,0.0,0
39095,2021,53670.0,25833321.0,53176.0,17.6,27.5,1269.5289154249947,7.3,38.2,13.003216643456522,,,194391.0,10772972513.0,55419.0,268.0,10533.0,6.2,203714.0,0,,0,0.0,0
39095,2022,54254.0,25416558.0,57265.0,17.8,28.0,1266.001890108725,6.8,38.1,13.128919926636614,,,196355.0,11407471165.0,58096.0,608.0,10797.0,4.4,202831.0,0,,0,0.0,0
39097,2010,31447.0,1420953.0,50533.0,,15.6,91.9766258635421,6.1,38.7,11.435433096723107,,,13129.0,479039237.0,36487.0,45.0,819.0,9.1,20699.0,0,,0,0.0,0
39097,2011,34347.0,1559771.0,54366.0,,16.4,92.63568720562284,6.0,38.6,11.54458871060765,,,13492.0,504470348.0,37391.0,44.0,847.0,7.9,20276.0,0,,0,0.0,0
39097,2012,35026.0,1651553.0,54647.0,11.1,17.6,92.76878754180854,6.3,39.0,12.402033757304745,,,14127.0,543927471.0,38504.0,47.0,843.0,6.4,20094.0,0,,0,0.0,0
39097,2013,36791.0,1688485.0,54956.0,11.0,17.6,92.78596177873573,6.5,39.6,12.93348761969034,,,14389.0,565521366.0,39303.0,47.0,835.0,6.2,20222.0,0,,0,0.0,0
39097,2014,36661.0,1758291.0,54331.0,11.6,15.7,93.01137363840502,7.3,39.9,13.536534444840518,,,14807.0,595217768.0,40199.0,46.0,839.0,4.7,20512.0,0,,0,0.0,0
39097,2015,37390.0,1755612.0,57406.0,9.4,17.1,93.2904549884718,5.9,40.2,13.214757056895914,,,15773.0,663388889.0,42059.0,44.0,828.0,4.1,20563.0,0,,0,0.0,0
39097,2016,39769.0,1818736.0,58326.0,10.6,16.4,93.46434413735956,6.4,40.2,12.70244239252874,,,17229.0,719910568.0,41784.0,46.0,841.0,4.0,20417.0,0,,0,0.0,0
39097,2017,41121.0,1927043.0,62897.0,10.2,16.7,93.8829661624597,5.4,40.4,12.304338482769287,,,17497.0,732739157.0,41877.0,46.0,837.0,3.9,20717.0,0,,0,0.0,0
39097,2018,41503.0,1912860.0,65264.0,10.2,16.9,94.43254174412962,4.8,40.7,12.018969354951954,,,17401.0,758513491.0,43590.0,38.0,860.0,3.8,20700.0,0,,0,0.0,0
39097,2019,42601.0,1911882.0,68022.0,9.1,17.5,94.74811834766666,4.2,40.8,11.796751275814277,,,17987.0,783983387.0,43586.0,50.0,864.0,3.5,21043.0,0,,0,0.0,0
39097,2020,47145.0,1898388.0,68663.0,9.4,18.1,94.99070444426316,3.8,41.1,11.809915777659931,,,17578.0,811243612.0,46152.0,47.0,881.0,6.0,20478.0,0,,0,0.0,0
39097,2021,51100.0,2061934.0,72811.0,10.2,20.0,94.3445237798778,3.1,41.5,12.057368031045575,,,19581.0,930982099.0,47545.0,50.0,919.0,3.9,20679.0,0,,0,0.0,0
39097,2022,53595.0,2073601.0,77062.0,10.2,20.4,94.37457869450036,3.4,41.4,13.745427130397228,,,22561.0,1034242963.0,45842.0,52.0,973.0,3.2,20909.0,0,,0,0.0,0
39099,2010,34681.0,9190423.0,40123.0,,20.4,587.8640446379967,10.4,42.4,10.873245822322732,,,95796.0,3224088392.0,33656.0,,6105.0,11.7,115263.0,0,,0,0.0,0
39099,2011,36928.0,9321508.0,40570.0,,20.9,583.5674430360059,11.1,42.5,10.915777288557589,,,96491.0,3331048207.0,34522.0,,6067.0,9.8,112624.0,0,,0,0.0,0
39099,2012,37616.0,9312549.0,41112.0,17.5,21.0,579.2441091842289,11.3,42.9,11.350530433977791,,,97588.0,3432959589.0,35178.0,123.0,5942.0,8.3,110756.0,0,,0,0.0,0
39099,2013,37634.0,9442451.0,41058.0,17.6,20.8,576.0386694144179,11.6,43.1,11.346715277043929,,,97880.0,3446664101.0,35213.0,,5980.0,8.5,109469.0,0,,0,0.0,0
39099,2014,38800.0,9329421.0,41350.0,17.9,21.5,573.0640990745782,10.9,43.2,11.559425237457752,,,98028.0,3526662686.0,35976.0,,5909.0,6.7,108255.0,0,,0,0.0,0
39099,2015,39730.0,9315518.0,41375.0,18.0,22.2,570.0044715763279,9.5,43.3,12.54336289773694,,,97706.0,3615837802.0,37007.0,142.0,5847.0,6.2,107305.0,0,,0,0.0,0
39099,2016,39991.0,9227381.0,41872.0,18.1,22.8,566.274107628898,8.9,43.4,11.758355003165589,,,97614.0,3618924653.0,37074.0,174.0,5886.0,6.4,106380.0,0,,0,0.0,0
39099,2017,40654.0,9148115.0,43251.0,17.6,23.2,563.4599307877751,8.2,43.5,12.27022545977331,,,96556.0,3711743066.0,38441.0,184.0,5890.0,6.9,105742.0,0,,0,0.0,0
39099,2018,42009.0,9127407.0,44682.0,17.6,24.1,561.5327785986468,8.0,43.5,12.394877289315968,,,97098.0,3827232324.0,39416.0,174.0,5918.0,5.9,104805.0,0,,0,0.0,0
39099,2019,43612.0,9441961.0,46042.0,17.5,24.2,558.8522630064547,7.7,43.5,12.080097165738966,,,97653.0,3948311466.0,40432.0,197.0,5921.0,5.8,104212.0,0,,0,0.0,0
39099,2020,47294.0,9037227.0,47092.0,17.6,24.6,555.1850843767012,7.9,43.5,11.56834501028844,,,90587.0,3920436807.0,43278.0,398.0,5898.0,10.2,100125.0,0,,0,0.0,0
39099,2021,51710.0,9408594.0,50750.0,17.3,24.9,556.6237654561008,7.9,43.2,12.365066071569704,,,91747.0,4168473738.0,45434.0,395.0,6007.0,6.4,98159.0,0,,0,0.0,0
39099,2022,51786.0,9296844.0,54279.0,17.6,26.2,554.035597635897,7.2,43.3,12.65807069582607,,,93370.0,4462916975.0,47798.0,377.0,6117.0,4.8,97955.0,0,,0,0.0,0
39101,2010,29260.0,2446475.0,40511.0,,12.0,164.75733396730115,7.9,39.3,10.24282808013016,,,24326.0,873914023.0,35926.0,,1300.0,11.0,30301.0,0,,0,0.0,0
39101,2011,30273.0,2527785.0,41337.0,,12.4,164.69047017627278,9.4,39.4,11.150500830872089,,,24236.0,882276061.0,36404.0,,1278.0,9.9,29501.0,0,,0,0.0,0
39101,2012,30892.0,2533450.0,40966.0,19.6,12.1,164.71771098002506,9.5,40.0,12.12841796115019,,,24115.0,895634638.0,37141.0,,1252.0,7.9,28896.0,0,,0,0.0,0
39101,2013,31351.0,2637177.0,42572.0,18.5,12.4,164.244711569417,10.1,40.2,12.904671101252342,,,23586.0,884768429.0,37512.0,,1247.0,7.9,28112.0,0,,0,0.0,0
39101,2014,31915.0,2654277.0,42904.0,19.1,12.5,163.86829319029437,9.7,40.4,13.644691641950589,,,23706.0,897996610.0,37881.0,,1237.0,6.0,27937.0,0,,0,0.0,0
39101,2015,32771.0,2781495.0,42966.0,18.8,12.4,163.30366562161038,9.6,40.4,13.3846515503545,,,24022.0,923762380.0,38454.0,,1241.0,5.2,27866.0,0,,0,0.0,0
39101,2016,34199.0,2726731.0,43557.0,17.4,12.3,162.50377656597476,8.0,40.5,12.861723994543564,,,24151.0,954859064.0,39538.0,,1242.0,5.1,27849.0,0,,0,0.0,0
39101,2017,35919.0,2730904.0,44708.0,16.6,13.5,162.1645047374234,7.9,40.8,12.673706631735303,,,24252.0,987590268.0,40723.0,,1234.0,5.0,28232.0,0,,0,0.0,0
39101,2018,36773.0,2718137.0,45464.0,16.0,13.1,161.8202800354626,6.7,41.3,12.46004223037582,,,25034.0,1033389414.0,41280.0,,1240.0,4.4,28629.0,0,,0,0.0,0
39101,2019,36914.0,2685096.0,47498.0,14.8,12.5,161.70884038374865,6.6,41.3,12.201721452296152,,,24904.0,1062663244.0,42671.0,,1233.0,4.1,28777.0,0,,0,0.0,0
39101,2020,40535.0,2601542.0,49225.0,13.7,12.9,161.41166797917813,6.1,41.6,12.380751897623156,,,23311.0,1068013305.0,45817.0,,1223.0,7.6,28247.0,0,,0,0.0,0
39101,2021,42876.0,2701725.0,51144.0,15.2,13.1,162.24375071197557,5.8,41.2,12.88367668289498,,,23498.0,1131741121.0,48163.0,,1232.0,4.8,27710.0,0,,0,0.0,0
39101,2022,43601.0,2623231.0,55106.0,16.1,13.5,161.87476164296717,5.7,40.7,14.575269412140148,,,23257.0,1155427521.0,49681.0,23.0,1258.0,4.4,27290.0,0,,0,0.0,0
39103,2010,40936.0,6297234.0,66193.0,,29.5,403.6867256049238,5.9,39.8,11.309999935776052,,,56310.0,2017125147.0,35822.0,,4286.0,7.5,95541.0,0,,0,0.0,0
39103,2011,43422.0,6592043.0,65578.0,,30.1,406.5102572498327,6.7,40.1,11.18487676151148,,,56946.0,2086978790.0,36648.0,,4351.0,6.4,95163.0,0,,0,0.0,0
39103,2012,45062.0,6394385.0,65768.0,7.3,29.9,408.8995819274993,6.4,40.5,11.491020541257567,,,57950.0,2166291238.0,37382.0,,4365.0,5.5,94011.0,0,,0,0.0,0
39103,2013,45951.0,6758574.0,65951.0,7.4,29.6,411.0777349107147,6.3,40.9,11.466614212689198,,,58066.0,2207024617.0,38009.0,,4363.0,5.8,94391.0,0,,0,0.0,0
39103,2014,47952.0,7265938.0,66296.0,7.5,29.9,413.0684433561588,5.9,41.1,11.700266237518791,,,58785.0,2305706181.0,39223.0,,4389.0,5.1,94842.0,0,,0,0.0,0
39103,2015,50175.0,7001675.0,66952.0,7.4,30.8,414.82425295047193,5.0,41.4,12.613656109707064,,,58962.0,2374401012.0,40270.0,,4465.0,4.2,94525.0,0,,0,0.0,0
39103,2016,52283.0,7209616.0,69319.0,6.6,31.5,416.51362650608127,4.1,41.8,11.870641892152554,,,60041.0,2462249887.0,41010.0,19.0,4472.0,4.4,95889.0,0,,0,0.0,0
39103,2017,53646.0,7399729.0,71595.0,6.2,32.1,418.4568806381656,3.6,41.9,12.45829345838408,,,60639.0,2551716526.0,42081.0,17.0,4530.0,4.6,98287.0,0,,0,0.0,0
39103,2018,55424.0,7462348.0,74243.0,6.4,33.3,420.5804611610172,3.2,41.9,12.595639331305572,,,61127.0,2642594250.0,43231.0,20.0,4579.0,3.9,99174.0,0,,0,0.0,0
39103,2019,57429.0,7512259.0,76600.0,6.0,33.9,422.2959345889744,2.8,42.2,12.249699693200238,,,61330.0,2733631240.0,44572.0,33.0,4609.0,3.5,101012.0,0,,0,0.0,0
39103,2020,60020.0,7204268.0,77784.0,5.8,33.9,424.9913395878118,2.9,42.5,11.706887676964705,,,57050.0,2768004976.0,48519.0,44.0,4639.0,7.5,95393.0,0,,0,0.0,0
39103,2021,64380.0,7716899.0,82894.0,5.7,35.0,430.524512525566,2.8,42.6,12.541449970793412,,,58711.0,3086641971.0,52573.0,51.0,4771.0,4.2,95806.0,0,,0,0.0,0
39103,2022,66528.0,7628144.0,89968.0,6.0,35.9,432.65758391108955,3.0,42.7,12.929442064317485,,,60476.0,3275231406.0,54157.0,267.0,4982.0,3.9,97765.0,0,,0,0.0,0
39105,2010,27648.0,442199.0,33407.0,,10.3,54.98463155251545,14.1,41.2,10.588291003132154,,,3502.0,100353519.0,28658.0,,352.0,14.7,10065.0,0,,0,0.0,0
39105,2011,28220.0,420720.0,33708.0,,10.9,55.0288071201715,13.9,41.1,11.23987290324294,,,3581.0,102431057.0,28601.0,,358.0,13.1,9785.0,0,,0,0.0,0
39105,2012,29331.0,406986.0,34704.0,21.6,11.4,55.01950700066496,14.1,41.5,12.37856781743794,,,3560.0,100807300.0,28313.0,,346.0,11.5,9505.0,0,,0,0.0,0
39105,2013,30013.0,441338.0,35469.0,21.9,12.2,55.007881851281795,15.9,41.8,13.383737499299784,,,3541.0,97662945.0,27580.0,,345.0,11.8,9407.0,0,,0,0.0,0
39105,2014,30909.0,399904.0,35970.0,23.0,11.9,54.78700401300157,14.1,42.1,14.269763134294427,,,3547.0,104258995.0,29398.0,,337.0,9.0,9208.0,0,,0,0.0,0
39105,2015,32308.0,421597.0,37813.0,22.8,12.9,54.57542629422788,12.1,42.3,13.713453706678717,,,3557.0,105364791.0,29623.0,,349.0,8.3,9127.0,0,,0,0.0,0
39105,2016,32698.0,391201.0,39640.0,22.8,13.4,54.27782247001874,11.2,42.8,13.310086797122374,,,3488.0,104871372.0,30068.0,,342.0,8.6,8990.0,0,,0,0.0,0
39105,2017,33945.0,373692.0,42105.0,22.5,13.0,54.01974415371238,10.4,42.8,12.861424010288516,,,3532.0,108941701.0,30841.0,,344.0,8.1,9016.0,0,,0,0.0,0
39105,2018,35082.0,380204.0,43591.0,22.4,12.8,53.84769194284147,8.3,43.6,12.521249420598748,,,3645.0,114427064.0,31393.0,,352.0,7.2,9015.0,0,,0,0.0,0
39105,2019,36536.0,401767.0,44899.0,19.6,13.1,53.65703949295749,7.8,43.6,12.266925624587316,,,3722.0,120379884.0,32340.0,,366.0,6.9,9206.0,0,,0,0.0,0
39105,2020,40616.0,408454.0,43445.0,20.3,12.1,53.41523638578756,8.3,43.3,12.704891948350218,,,3519.0,120982879.0,34385.0,,367.0,9.7,8969.0,0,,0,0.0,0
39105,2021,43154.0,388926.0,44113.0,20.1,12.4,51.98999307141097,7.5,42.8,13.095571304365638,,,3536.0,128185079.0,36251.0,,367.0,6.7,8730.0,0,,0,0.0,0
39105,2022,42277.0,380351.0,46255.0,19.6,11.5,51.713314516091536,6.4,43.2,15.518434180775465,,,3485.0,134941720.0,38725.0,21.0,368.0,5.9,8558.0,0,,0,0.0,0
39107,2010,36801.0,1656240.0,49719.0,,15.4,88.56798725043086,6.2,38.5,12.365410450405196,,,17172.0,557369178.0,32458.0,54.0,1045.0,8.5,22358.0,0,,0,0.0,0
39107,2011,40052.0,1716315.0,51236.0,,14.5,88.48149085192465,6.7,39.1,13.0755850435292,,,17549.0,579360545.0,33014.0,57.0,1047.0,6.8,22122.0,0,,0,0.0,0
39107,2012,40124.0,1755931.0,52234.0,8.2,16.1,88.36904553386658,7.1,39.4,13.506969406728516,,,17995.0,621980035.0,34565.0,57.0,1046.0,5.1,22144.0,0,,0,0.0,0
39107,2013,44266.0,2023111.0,52535.0,9.4,16.2,88.25011298592055,7.6,39.5,13.256735943716157,,,18412.0,642261694.0,34883.0,57.0,1051.0,5.1,22380.0,0,,0,0.0,0
39107,2014,46229.0,2168582.0,52033.0,8.8,15.9,88.20253996674214,6.2,39.8,13.437728117599892,,,18857.0,688907442.0,36534.0,61.0,1072.0,3.8,22717.0,0,,0,0.0,0
39107,2015,46204.0,2496531.0,53099.0,8.4,15.7,88.36255830397862,5.5,40.1,12.876041521874196,,,19458.0,734044501.0,37724.0,65.0,1072.0,3.3,23077.0,0,,0,0.0,0
39107,2016,45051.0,2309405.0,55220.0,8.3,16.8,88.41229373311968,4.7,40.0,12.281124289617702,,,19853.0,746879887.0,37621.0,68.0,1083.0,3.3,23516.0,0,,0,0.0,0
39107,2017,48354.0,2405614.0,57052.0,7.4,16.6,88.05982090920689,3.9,39.8,11.526393791552382,,,20044.0,785115990.0,39170.0,65.0,1087.0,3.1,23634.0,0,,0,0.0,0
39107,2018,51251.0,2592150.0,59417.0,6.9,16.7,88.23930093610727,2.6,39.9,11.049840214191066,,,20621.0,828903954.0,40198.0,62.0,1106.0,2.7,23757.0,0,,0,0.0,0
39107,2019,49966.0,2291357.0,62952.0,6.4,18.3,88.40796891319438,2.5,39.6,11.044485684110404,,,20282.0,832613594.0,41052.0,63.0,1118.0,2.6,23649.0,0,,0,0.0,0
39107,2020,54158.0,2205004.0,65566.0,5.6,19.4,88.73233040759266,2.5,39.4,10.07257304778913,,,19481.0,837703017.0,43002.0,62.0,1141.0,5.4,23385.0,0,,0,0.0,0
39107,2021,60333.0,2307128.0,68692.0,5.3,20.4,91.15422956576646,2.4,39.4,9.729638399959915,,,19369.0,863751331.0,44595.0,60.0,1166.0,3.2,22765.0,0,,0,0.0,0
39107,2022,61545.0,2378646.0,73278.0,6.4,20.4,91.51535202952986,2.0,39.4,12.717278304221054,,,19769.0,940643403.0,47582.0,65.0,1200.0,2.7,22723.0,0,,0,0.0,0
39109,2010,35656.0,3908239.0,51507.0,,20.0,251.6844148272783,6.2,40.1,12.379603580104757,,,37467.0,1328579390.0,35460.0,122.0,2269.0,11.1,54478.0,0,,0,0.0,0
39109,2011,38142.0,4123981.0,51438.0,,19.7,252.1075172008334,7.2,40.4,13.076365229209069,,,38123.0,1398308121.0,36679.0,109.0,2267.0,9.1,53318.0,0,,0,0.0,0
39109,2012,39274.0,4273908.0,52292.0,12.3,20.3,252.5256997793472,8.3,40.8,13.492821468541278,,,38981.0,1484252206.0,38077.0,114.0,2271.0,7.3,52342.0,0,,0,0.0,0
39109,2013,39554.0,4252187.0,52040.0,13.0,19.7,253.04227825868773,8.9,40.9,12.379806634227998,,,39508.0,1472306282.0,37266.0,114.0,2256.0,7.2,51827.0,0,,0,0.0,0
39109,2014,40358.0,4176975.0,51847.0,12.8,19.7,253.72612976943375,8.5,41.2,12.573905664271075,,,39992.0,1524965644.0,38132.0,123.0,2272.0,5.4,52201.0,0,,0,0.0,0
39109,2015,41846.0,4150376.0,51569.0,12.8,20.6,254.64121164712276,7.6,41.4,12.721740963289635,,,40373.0,1582970126.0,39209.0,129.0,2294.0,4.4,52568.0,0,,0,0.0,0
39109,2016,43094.0,4177479.0,53432.0,11.1,21.1,255.49479608679505,6.4,41.4,12.006116991816812,,,40426.0,1636794980.0,40488.0,128.0,2296.0,4.4,53220.0,0,,0,0.0,0
39109,2017,45035.0,4429984.0,54568.0,9.9,21.0,256.02859384878025,5.5,41.5,11.906324288095712,,,40658.0,1689836719.0,41562.0,123.0,2305.0,4.2,53796.0,0,,0,0.0,0
39109,2018,46738.0,4374880.0,57544.0,9.4,22.6,257.7972601661415,4.6,41.6,11.733723324040062,,,40801.0,1755351289.0,43022.0,135.0,2315.0,3.9,54026.0,0,,0,0.0,0
39109,2019,47830.0,4393171.0,61041.0,9.2,23.3,259.2018616504436,4.9,41.3,11.54549445923783,,,40920.0,1817099432.0,44406.0,137.0,2328.0,3.7,54916.0,0,,0,0.0,0
39109,2020,51926.0,4323295.0,62347.0,8.5,22.6,260.93116960747415,4.2,41.2,10.815945018794904,,,39370.0,1858741118.0,47212.0,123.0,2356.0,7.0,53737.0,0,,0,0.0,0
39109,2021,56030.0,4560123.0,66284.0,7.7,24.3,265.42048258269557,3.7,41.0,11.018619082143983,,,40267.0,1981341927.0,49205.0,118.0,2416.0,4.3,53001.0,0,,0,0.0,0
39109,2022,56651.0,4637876.0,71440.0,8.5,24.7,267.68112840419064,3.4,41.1,12.689335122443213,,,41014.0,2123036943.0,51764.0,124.0,2505.0,3.6,53145.0,0,,0,0.0,0
39111,2010,26104.0,380546.0,37030.0,,9.2,32.36834656139804,7.1,44.4,10.539906684033,,,3522.0,117963976.0,33493.0,,337.0,12.3,6686.0,0,,0,0.0,0
39111,2011,28508.0,449185.0,38811.0,,9.0,32.27618531432471,6.1,44.7,11.162771349816062,,,3646.0,137067255.0,37591.0,,341.0,9.8,6579.0,0,,0,0.0,0
39111,2012,28590.0,454966.0,41677.0,16.3,10.5,32.210355852129474,6.4,45.0,12.288934742778732,,,3698.0,136154393.0,36814.0,,334.0,8.4,6495.0,0,,0,0.0,0
39111,2013,29109.0,497667.0,40573.0,19.0,10.4,32.13794344371471,6.7,45.1,13.216874028875996,,,3614.0,122699292.0,33949.0,,337.0,10.0,6480.0,0,,0,0.0,0
39111,2014,29989.0,569788.0,41394.0,18.8,10.3,32.01506178095027,8.4,45.3,14.020160379095168,,,3080.0,107487347.0,34903.0,,339.0,11.0,5891.0,0,,0,0.0,0
39111,2015,30466.0,754712.0,41528.0,19.4,9.9,31.92070621847043,7.4,45.6,13.486207177599065,,,2886.0,94940819.0,32902.0,,340.0,10.0,5563.0,0,,0,0.0,0
39111,2016,30083.0,908766.0,41368.0,18.8,10.7,31.6903031007871,6.5,46.3,13.126782412622235,,,2680.0,82164699.0,30657.0,,347.0,11.2,5344.0,0,,0,0.0,0
39111,2017,32504.0,776954.0,43299.0,19.7,11.4,31.244857073265997,5.9,45.8,12.777775437796278,,,2713.0,89305382.0,32915.0,,351.0,8.4,5187.0,0,,0,0.0,0
39111,2018,35577.0,842871.0,43956.0,16.6,11.9,30.91790407769632,6.5,46.3,12.467492674352435,,,2801.0,100410782.0,35852.0,,354.0,7.7,5218.0,0,,0,0.0,0
39111,2019,37123.0,1080451.0,45289.0,17.1,12.5,30.59314539753315,5.2,46.5,12.19254726820036,,,2909.0,114752097.0,39447.0,,371.0,8.3,5396.0,0,,0,0.0,0
39111,2020,41833.0,1243685.0,46241.0,14.6,12.1,30.34079912578474,4.7,47.0,12.62827295862516,,,3109.0,158957850.0,51121.0,,376.0,10.7,5656.0,0,,0,0.0,0
39111,2021,43633.0,976194.0,50503.0,14.7,12.6,29.653978403547768,5.5,46.3,12.994426393011262,,,2931.0,136654180.0,46621.0,,374.0,7.4,5261.0,0,,0,0.0,0
39111,2022,42763.0,811623.0,55381.0,13.9,10.7,29.406020762612375,5.5,46.1,15.225394877137628,,,2899.0,133174204.0,45937.0,7.0,374.0,6.4,5125.0,0,,0,0.0,0
39113,2010,35755.0,26014847.0,43965.0,,24.3,1167.1395531818507,9.8,38.7,12.721712069250742,,,239472.0,9863900523.0,41190.0,723.0,12285.0,11.4,265741.0,0,,0,0.0,0
39113,2011,37623.0,26292585.0,44585.0,,24.4,1164.8592936831176,10.4,39.0,12.696182864220528,,,241766.0,10125505905.0,41881.0,686.0,12272.0,9.7,259391.0,0,,0,0.0,0
39113,2012,38486.0,26190083.0,43895.0,16.8,24.4,1160.9945572893523,11.1,39.2,12.158484209367446,,,243104.0,10368101742.0,42649.0,3454.0,12126.0,8.2,254590.0,0,,0,0.0,0
39113,2013,38716.0,26534132.0,43401.0,17.7,24.6,1162.7437677603386,11.5,39.1,12.287872123755909,,,242220.0,10400132264.0,42937.0,3328.0,11983.0,8.3,251135.0,0,,0,0.0,0
39113,2014,40399.0,26950673.0,43281.0,18.5,24.8,1159.2063309714297,10.6,39.4,12.442699595729334,,,245950.0,10750149292.0,43709.0,3217.0,11932.0,6.1,249711.0,0,,0,0.0,0
39113,2015,41777.0,27177715.0,43829.0,18.6,25.7,1156.9564171314248,9.4,39.4,12.131672247923603,,,249350.0,11195642373.0,44899.0,3129.0,11939.0,5.1,249904.0,0,,0,0.0,0
39113,2016,42444.0,27451612.0,45394.0,18.5,26.1,1154.7845349852932,8.7,39.4,12.037757127007444,,,252750.0,11402911464.0,45115.0,3136.0,11933.0,5.0,251039.0,0,,0,0.0,0
39113,2017,44180.0,28375555.0,47045.0,17.9,26.8,1153.1068535670238,8.0,39.3,11.62785874925508,,,254680.0,11759927848.0,46175.0,2964.0,11873.0,4.9,253155.0,0,,0,0.0,0
39113,2018,45796.0,29065451.0,49314.0,17.4,27.4,1153.2087282784692,7.2,39.3,11.154742354398977,,,254513.0,12124373099.0,47638.0,2775.0,11872.0,4.5,252382.0,0,,0,0.0,0
39113,2019,47499.0,30030861.0,51542.0,16.6,27.9,1152.419741151531,6.4,39.2,11.08758660088305,,,255736.0,12589094015.0,49227.0,2618.0,12091.0,4.2,254148.0,0,,0,0.0,0
39113,2020,51376.0,29408523.0,53064.0,16.0,28.3,1153.109021114076,6.3,39.1,10.598227052396595,,,240012.0,12677392602.0,52820.0,2437.0,12263.0,8.7,250353.0,0,,0,0.0,0
39113,2021,54994.0,30450796.0,56543.0,15.3,29.2,1162.1000062858864,6.1,39.0,10.486135663047545,,,241329.0,13286916524.0,55057.0,2303.0,12525.0,5.6,245996.0,0,,0,0.0,0
39113,2022,55123.0,30819640.0,61942.0,15.1,30.0,1162.067493080106,5.9,39.0,12.339303148927234,,,245844.0,14090391580.0,57314.0,844.0,12900.0,4.1,244612.0,0,,0,0.0,0
39115,2010,25178.0,276277.0,34962.0,,8.7,36.29216235297507,7.7,42.0,10.589639089362963,,,2380.0,70338455.0,29556.0,,227.0,13.4,6876.0,0,,0,0.0,0
39115,2011,26574.0,286794.0,35855.0,,8.5,36.22972628990505,8.5,42.5,11.23705082616304,,,2464.0,75296897.0,30560.0,,224.0,11.3,6768.0,0,,0,0.0,0
39115,2012,26903.0,278334.0,37152.0,18.0,7.7,36.12166387305307,9.2,43.2,12.381146270233817,,,2505.0,76129906.0,30390.0,,223.0,9.9,6702.0,0,,0,0.0,0
39115,2013,27801.0,279255.0,37865.0,20.2,10.5,36.040016713653806,10.4,43.6,13.389526960377244,,,2520.0,77106120.0,30604.0,,219.0,10.1,6687.0,0,,0,0.0,0
39115,2014,30275.0,290500.0,38696.0,19.5,10.7,35.96557371537801,9.0,43.5,14.264160716303254,,,2587.0,83094613.0,32126.0,,218.0,7.8,6684.0,0,,0,0.0,0
39115,2015,31047.0,303703.0,37067.0,21.4,11.1,35.81188494474409,9.3,43.9,13.693819740110175,,,2651.0,89476858.0,33748.0,,217.0,7.4,6728.0,0,,0,0.0,0
39115,2016,31121.0,297329.0,38941.0,20.3,12.2,35.67740727043941,8.4,43.8,13.288770915616942,,,2627.0,89214042.0,33958.0,,215.0,8.3,6780.0,0,,0,0.0,0
39115,2017,32941.0,310334.0,40276.0,21.5,13.0,35.47569075898239,5.5,44.2,12.854179380235248,,,2666.0,97112613.0,36432.0,,215.0,6.8,6736.0,0,,0,0.0,0
39115,2018,33897.0,301091.0,41731.0,19.1,11.3,35.305192279060385,5.0,44.3,12.520529556414946,,,2763.0,104181048.0,37701.0,,211.0,6.0,6749.0,0,,0,0.0,0
39115,2019,35605.0,332431.0,42341.0,19.2,10.2,35.15630628250878,4.6,44.5,12.26404319775186,,,2706.0,105193159.0,38881.0,,210.0,6.5,6790.0,0,,0,0.0,0
39115,2020,40173.0,340057.0,43791.0,17.2,10.4,34.95699115809292,4.0,44.8,12.66023762179271,,,2566.0,104571722.0,40753.0,,217.0,9.2,6682.0,0,,0,0.0,0
39115,2021,43881.0,384507.0,44848.0,17.3,10.9,33.51135615931762,4.1,44.7,13.04664558582196,,,2685.0,111575886.0,41549.0,,218.0,6.3,6716.0,0,,0,0.0,0
39115,2022,43214.0,374609.0,51056.0,16.6,11.2,33.261611907037505,4.9,44.6,15.481308692320148,,,2788.0,121695900.0,43651.0,13.0,225.0,5.3,6761.0,0,,0,0.0,0
39117,2010,29491.0,605601.0,49891.0,,13.6,85.72293873450634,5.9,39.1,10.23067276315888,,,4738.0,145192694.0,30646.0,34.0,455.0,11.5,17338.0,0,,0,0.0,0
39117,2011,31698.0,636845.0,50252.0,,13.9,85.88298443370907,7.4,39.4,11.141148084371087,,,4695.0,148081554.0,31541.0,32.0,455.0,10.1,17091.0,0,,0,0.0,0
39117,2012,32030.0,669514.0,51534.0,13.8,13.5,85.919918056602,7.8,39.6,12.11661573061946,,,4830.0,159207972.0,32960.0,31.0,445.0,8.1,16904.0,0,,0,0.0,0
39117,2013,33422.0,670401.0,51484.0,13.6,14.1,86.01102099307126,9.1,40.6,12.892521486658817,,,4859.0,162682541.0,33480.0,32.0,448.0,8.0,16886.0,0,,0,0.0,0
39117,2014,34018.0,636156.0,51444.0,13.4,13.8,86.1562932431168,8.3,41.0,13.626183108794237,,,4886.0,166590280.0,34097.0,33.0,444.0,5.9,16844.0,0,,0,0.0,0
39117,2015,34895.0,685225.0,51993.0,11.7,13.9,86.16860445074778,7.0,41.2,13.374353687472793,,,5487.0,208090354.0,37927.0,33.0,447.0,5.1,16741.0,0,,0,0.0,0
39117,2016,36298.0,686532.0,53032.0,11.0,13.5,86.25724514569083,5.4,41.5,12.854796355679476,,,5705.0,222039601.0,38922.0,32.0,443.0,5.1,16834.0,0,,0,0.0,0
39117,2017,37894.0,608966.0,52767.0,9.7,13.6,86.01840771764984,4.3,41.8,12.662734613063758,,,5204.0,183545805.0,35268.0,31.0,457.0,4.9,16831.0,0,,0,0.0,0
39117,2018,39750.0,627468.0,56010.0,10.2,13.5,86.11935962022386,3.6,41.7,12.455328358676084,,,5241.0,188268173.0,35922.0,36.0,472.0,4.6,16748.0,0,,0,0.0,0
39117,2019,41647.0,673750.0,59452.0,9.7,13.8,86.28432980247898,3.2,42.2,12.19951057465909,,,5448.0,199590643.0,36638.0,40.0,484.0,4.2,16990.0,0,,0,0.0,0
39117,2020,45637.0,655039.0,61769.0,9.1,14.7,86.54286516272954,2.7,42.7,12.369553107192644,,,5162.0,201436127.0,39027.0,41.0,500.0,7.2,16700.0,0,,0,0.0,0
39117,2021,49542.0,674555.0,63411.0,10.2,15.0,85.91253133202342,3.2,42.6,12.8678028771618,,,5279.0,210165974.0,39810.0,41.0,525.0,4.6,16803.0,0,,0,0.0,0
39117,2022,49235.0,670219.0,70412.0,10.6,16.9,86.29910325163615,2.6,42.7,14.573634732489053,,,5156.0,216942664.0,42080.0,44.0,550.0,3.9,16968.0,0,,0,0.0,0
39119,2010,30934.0,2962714.0,39538.0,,14.2,129.33792393604054,10.8,39.2,9.91246611823478,,,31341.0,1033043508.0,32962.0,,1912.0,12.6,41717.0,0,,0,0.0,0
39119,2011,33051.0,3086718.0,40590.0,,13.9,129.40714412546308,11.2,39.5,11.187795351273088,,,32062.0,1096029434.0,34185.0,,1916.0,10.9,41192.0,0,,0,0.0,0
39119,2012,33460.0,3035170.0,40398.0,17.3,13.8,129.4056393387365,10.3,39.6,12.31249651038075,,,32249.0,1106786475.0,34320.0,,1867.0,9.2,40377.0,0,,0,0.0,0
39119,2013,34915.0,3447389.0,40524.0,18.1,14.2,129.21904578464094,10.1,39.8,13.222221113113006,,,32112.0,1110543665.0,34584.0,,1848.0,9.1,39928.0,0,,0,0.0,0
39119,2014,36256.0,3606573.0,40937.0,19.2,14.6,129.33190478913423,9.7,40.1,13.99898805522842,,,31972.0,1157754723.0,36211.0,,1840.0,7.1,39446.0,0,,0,0.0,0
39119,2015,37394.0,3611286.0,41130.0,18.6,15.1,129.43573507326806,8.3,40.3,13.482879507325997,,,32130.0,1217637779.0,37897.0,,1840.0,6.3,38940.0,0,,0,0.0,0
39119,2016,37782.0,3611811.0,42464.0,17.4,15.1,129.39811540510362,7.6,40.2,13.139801688783733,,,33463.0,1257817989.0,37588.0,,1840.0,6.1,39897.0,0,,0,0.0,0
39119,2017,39132.0,3659300.0,43325.0,16.6,15.7,129.31083777496215,6.9,40.2,12.550589507102746,,,33391.0,1296099540.0,38816.0,,1838.0,5.7,40012.0,0,,0,0.0,0
39119,2018,40342.0,3600172.0,45276.0,16.3,15.5,129.5260222768627,6.6,40.2,12.214063943209611,,,33304.0,1344161120.0,40360.0,7.0,1851.0,5.3,39768.0,0,,0,0.0,0
39119,2019,41878.0,3694418.0,47254.0,16.0,16.1,129.60878554682444,6.1,40.3,11.994642926405213,,,33232.0,1385043124.0,41678.0,7.0,1877.0,4.9,40063.0,0,,0,0.0,0
39119,2020,46287.0,3722320.0,48350.0,15.6,17.5,129.46131644761988,5.3,40.5,12.352825611738451,,,32452.0,1465553480.0,45161.0,6.0,1896.0,7.8,40199.0,0,,0,0.0,0
39119,2021,49575.0,3899790.0,52224.0,15.8,18.2,129.9323146930385,4.5,40.4,12.674920909882117,,,33468.0,1576506344.0,47105.0,4.0,1903.0,5.2,40313.0,0,,0,0.0,0
39119,2022,49985.0,3902042.0,56810.0,15.6,19.3,130.00303966918767,4.6,40.5,14.366185387291877,,,34312.0,1698717873.0,49508.0,65.0,1927.0,4.3,40536.0,0,,0,0.0,0
39121,2010,22332.0,209799.0,39500.0,,9.1,36.76773564616142,8.6,46.2,10.557463034610334,,,2975.0,87084835.0,29268.0,,272.0,16.0,5230.0,0,,0,0.0,0
39121,2011,23176.0,220264.0,40239.0,,7.9,36.82803533561802,9.7,42.5,11.177820807354314,,,2940.0,91658652.0,31177.0,,277.0,13.3,4974.0,0,,0,0.0,0
39121,2012,23084.0,220860.0,39544.0,14.1,8.9,36.79034802970765,10.4,44.5,12.306662844632251,,,2893.0,93549506.0,32338.0,,279.0,11.0,4781.0,0,,0,0.0,0
39121,2013,24467.0,314542.0,38290.0,15.2,9.7,36.78029808146488,11.3,44.4,13.230223650424392,,,3459.0,146894305.0,42467.0,,286.0,9.6,5285.0,0,,0,0.0,0
39121,2014,24091.0,448128.0,37126.0,13.7,9.5,36.58432409073093,10.8,49.6,14.018158450398303,,,3261.0,120080700.0,36826.0,,290.0,7.6,5095.0,0,,0,0.0,0
39121,2015,25149.0,618538.0,41708.0,12.7,9.3,36.451162276514275,7.0,50.2,13.491026788647543,,,3161.0,119259346.0,37732.0,,283.0,7.4,4991.0,0,,0,0.0,0
39121,2016,24933.0,564101.0,41398.0,11.9,9.5,36.25267579871963,6.9,47.9,13.138943219217175,,,3079.0,111127223.0,36096.0,,280.0,8.8,4913.0,0,,0,0.0,0
39121,2017,26320.0,478258.0,42171.0,12.9,10.6,36.42603740590736,4.8,48.7,12.802352249635542,,,3005.0,114422693.0,38075.0,,275.0,7.2,4794.0,0,,0,0.0,0
39121,2018,27501.0,414965.0,47456.0,15.4,10.3,36.28785061756932,4.8,49.7,12.492165674725433,,,3050.0,119482029.0,39174.0,,271.0,6.7,4795.0,0,,0,0.0,0
39121,2019,28181.0,430033.0,46897.0,15.6,9.9,36.220013466930645,5.3,50.4,12.224985366624146,,,2973.0,119142985.0,40073.0,,276.0,7.0,4763.0,0,,0,0.0,0
39121,2020,30639.0,414379.0,50070.0,15.2,11.0,36.204938544566495,4.8,51.2,12.656649349861937,,,2818.0,118355137.0,42006.0,,276.0,9.7,4636.0,0,,0,0.0,0
39121,2021,32576.0,391438.0,46144.0,16.6,12.1,35.59189170175774,4.8,51.5,13.028153284988711,,,2920.0,126628925.0,43373.0,,278.0,6.8,4605.0,0,,0,0.0,0
39121,2022,31369.0,377958.0,51547.0,16.6,13.1,35.71751605479232,4.5,51.9,15.233305750552228,,,2960.0,139173981.0,47012.0,20.0,285.0,6.0,4583.0,0,,0,0.0,0
39123,2010,39028.0,1789683.0,53463.0,,18.9,163.14231421571705,7.1,45.3,10.99653231403331,,,13240.0,485675192.0,36682.0,,1114.0,12.4,22711.0,0,,0,0.0,0
39123,2011,40991.0,1925887.0,53614.0,,19.8,162.96563854513474,7.3,45.9,11.141728671935205,,,13480.0,500129220.0,37100.0,,1107.0,11.0,22410.0,0,,0,0.0,0
39123,2012,42756.0,2055962.0,53850.0,10.0,20.3,162.7182926063195,6.6,46.5,11.475263380168569,,,13545.0,508951676.0,37574.0,,1094.0,9.5,22004.0,0,,0,0.0,0
39123,2013,43157.0,2066497.0,53202.0,11.0,20.3,162.43168540737483,6.9,46.7,11.513978800711683,,,13649.0,517629622.0,37923.0,,1091.0,9.7,21952.0,0,,0,0.0,0
39123,2014,44722.0,1915426.0,53599.0,10.3,21.4,162.16470883849487,6.5,47.0,11.731342130233203,,,13718.0,538156873.0,39231.0,,1094.0,7.6,21548.0,0,,0,0.0,0
39123,2015,46283.0,2080967.0,53914.0,10.7,21.7,161.6071989446573,5.5,47.3,12.671364007655502,,,13531.0,537365802.0,39715.0,,1105.0,6.7,21101.0,0,,0,0.0,0
39123,2016,47815.0,2034304.0,54580.0,11.1,21.3,160.8965701363151,5.3,47.8,11.905763815957846,,,13630.0,559004274.0,41014.0,,1109.0,6.5,21118.0,0,,0,0.0,0
39123,2017,49370.0,2076150.0,56193.0,10.5,22.3,160.0642314215717,4.9,48.3,12.439529538093725,,,13772.0,563291734.0,40900.0,,1126.0,6.7,21329.0,0,,0,0.0,0
39123,2018,51678.0,2003980.0,57918.0,10.4,22.4,159.82866386079527,4.7,49.0,12.594771544366202,,,13842.0,596128265.0,43068.0,,1143.0,6.3,21217.0,0,,0,0.0,0
39123,2019,53625.0,2063527.0,59099.0,10.1,23.1,159.52635215779884,3.8,49.3,12.282428447056024,,,13828.0,602198384.0,43548.0,39.0,1144.0,5.7,21222.0,0,,0,0.0,0
39123,2020,57049.0,1981095.0,59306.0,8.8,23.9,159.23189270682832,3.7,49.6,11.810137147889836,,,12962.0,600699976.0,46343.0,36.0,1152.0,9.1,20571.0,0,,0,0.0,0
39123,2021,62156.0,2064088.0,64463.0,8.3,26.0,158.92565487781894,3.9,49.6,12.592957854441533,,,13342.0,635945158.0,47666.0,31.0,1174.0,6.1,20475.0,0,,0,0.0,0
39123,2022,62899.0,1921277.0,69515.0,8.8,26.9,158.48592876436962,3.4,49.8,12.822293241044294,,,13675.0,690127717.0,50466.0,33.0,1203.0,5.2,20494.0,0,,0,0.0,0
39125,2010,30997.0,523435.0,46459.0,,10.7,47.25587426609194,8.7,40.1,9.707283328913611,,,4578.0,139504794.0,30475.0,,386.0,12.6,9710.0,0,,0,0.0,0
39125,2011,33985.0,545279.0,43683.0,,11.1,47.10218881698224,9.7,40.7,11.192055226339836,,,4709.0,151923267.0,32263.0,,388.0,9.7,9430.0,0,,0,0.0,0
39125,2012,33960.0,557620.0,44099.0,14.0,12.5,46.8788646487447,9.5,40.5,12.332382249096709,,,4755.0,152998814.0,32176.0,,384.0,7.7,9217.0,0,,0,0.0,0
39125,2013,34759.0,534551.0,44861.0,13.7,12.1,46.68435650221523,9.4,40.6,13.33253771085888,,,4595.0,146149746.0,31809.0,,379.0,7.6,9016.0,0,,0,0.0,0
39125,2014,36998.0,571809.0,45404.0,14.0,12.7,46.32895890114904,7.7,40.6,14.226380338122466,,,4768.0,159139598.0,33374.0,,383.0,5.5,9036.0,0,,0,0.0,0
39125,2015,36397.0,505651.0,45550.0,12.8,12.7,46.021588002929626,6.6,41.0,13.657706057018652,,,4832.0,167618161.0,34687.0,,391.0,4.8,8934.0,0,,0,0.0,0
39125,2016,36883.0,488740.0,48003.0,11.0,13.0,45.762243807557,6.1,41.3,13.245587459150412,,,4884.0,168539942.0,34508.0,,383.0,4.6,8910.0,0,,0,0.0,0
39125,2017,38548.0,542357.0,49866.0,10.7,14.0,45.507702282469054,5.0,41.5,12.795971259557632,,,4885.0,172776053.0,35372.0,,395.0,4.4,8937.0,0,,0,0.0,0
39125,2018,40203.0,572995.0,51933.0,10.3,14.1,45.31799680622426,4.6,42.0,12.462441838817616,,,4866.0,181107309.0,37216.0,,398.0,4.1,8799.0,0,,0,0.0,0
39125,2019,40674.0,563640.0,55330.0,9.9,15.6,45.166712692256894,4.1,42.1,12.20276765680874,,,4733.0,181074016.0,38254.0,,403.0,3.9,8710.0,0,,0,0.0,0
39125,2020,45709.0,573090.0,56531.0,10.3,15.9,45.00582323772017,4.5,42.2,12.631754459567258,,,4618.0,189203608.0,40971.0,,397.0,7.5,8684.0,0,,0,0.0,0
39125,2021,49640.0,607970.0,59987.0,10.1,16.2,45.284378114231515,4.3,41.5,13.014167060309411,,,4687.0,202051298.0,43108.0,,411.0,4.4,8556.0,0,,0,0.0,0
39125,2022,50980.0,588345.0,65331.0,9.4,15.4,45.209936724819,3.9,41.4,15.46116590949268,,,4819.0,233277600.0,48406.0,20.0,419.0,3.5,8645.0,0,,0,0.0,0
39127,2010,27866.0,677233.0,42388.0,,8.9,87.86470360401437,10.9,37.7,10.567380724443234,,,5840.0,187461306.0,32098.0,,507.0,13.4,16670.0,0,,0,0.0,0
39127,2011,29610.0,737044.0,42860.0,,9.5,88.30840282986954,11.2,38.0,11.182955931318377,,,5869.0,191107576.0,32561.0,,511.0,11.6,16378.0,0,,0,0.0,0
39127,2012,30442.0,688123.0,42222.0,18.2,10.1,88.46038820005197,11.5,38.3,12.30943510121942,,,5601.0,189007989.0,33747.0,,504.0,9.8,16094.0,0,,0,0.0,0
39127,2013,31758.0,750301.0,41446.0,19.6,10.2,88.37459000720705,11.6,38.8,13.22359430227058,,,5790.0,195444398.0,33755.0,,522.0,9.6,16056.0,0,,0,0.0,0
39127,2014,32587.0,701661.0,41892.0,18.8,11.0,88.2495697833473,11.0,39.5,14.003490699834972,,,5869.0,199479578.0,33988.0,,526.0,7.4,15856.0,0,,0,0.0,0
39127,2015,33840.0,690271.0,42017.0,19.3,11.0,88.31085420680796,9.5,40.0,13.483123615003356,,,5548.0,179836076.0,32415.0,,525.0,6.6,15880.0,0,,0,0.0,0
39127,2016,34863.0,704203.0,43674.0,20.6,12.0,88.1196468056107,9.6,39.8,13.137163402953629,,,5706.0,187804051.0,32913.0,,528.0,6.4,15954.0,0,,0,0.0,0
39127,2017,36824.0,753378.0,46477.0,19.2,11.7,88.20789637539406,7.6,39.9,12.819616791431027,,,6015.0,230325552.0,38293.0,,540.0,6.0,15984.0,0,,0,0.0,0
39127,2018,37914.0,744343.0,48811.0,19.4,12.3,88.2127991292709,7.5,39.9,12.496129895156832,,,6441.0,259528368.0,40295.0,,546.0,5.6,15841.0,0,,0,0.0,0
39127,2019,39388.0,737244.0,50150.0,19.1,12.2,88.30350007599267,7.1,40.2,12.236712773080988,,,6634.0,261337286.0,39394.0,,559.0,5.2,16025.0,0,,0,0.0,0
39127,2020,43081.0,720341.0,52978.0,16.5,13.0,88.4358744306677,6.1,40.7,12.695958355056618,,,5968.0,250064971.0,41902.0,,569.0,8.5,15781.0,0,,0,0.0,0
39127,2021,46501.0,715903.0,58616.0,15.2,13.4,86.87434732089014,4.9,41.0,13.086137294594629,,,5966.0,259387523.0,43479.0,,587.0,5.6,15817.0,0,,0,0.0,0
39127,2022,46802.0,700855.0,62899.0,15.3,14.8,86.90376384415126,4.9,41.1,15.249462498065489,,,6155.0,284658381.0,46249.0,32.0,591.0,4.4,15911.0,0,,0,0.0,0
39129,2010,31786.0,1881574.0,49262.0,,13.5,109.98587469175703,7.6,37.8,11.653197541248526,,,13787.0,515430701.0,37386.0,,876.0,10.6,26143.0,0,,0,0.0,0
39129,2011,33873.0,1840944.0,51418.0,,14.1,110.74600780483134,7.6,38.4,11.650090509468347,,,13630.0,538558032.0,39513.0,,888.0,9.2,25809.0,0,,0,0.0,0
39129,2012,34148.0,1730994.0,53750.0,13.5,15.9,111.31660641464563,7.9,38.4,12.594995498849912,,,13518.0,526064588.0,38915.0,,875.0,7.4,25705.0,0,,0,0.0,0
39129,2013,35542.0,1686246.0,54003.0,13.3,16.1,111.62385181993024,8.2,38.6,13.243867723572146,,,13838.0,537157823.0,38819.0,,872.0,7.3,25642.0,0,,0,0.0,0
39129,2014,35839.0,1585722.0,55678.0,12.8,16.4,112.28223483125444,7.4,38.8,13.935934466588307,,,13584.0,542332493.0,39925.0,,886.0,5.7,25868.0,0,,0,0.0,0
39129,2015,36474.0,1685973.0,57439.0,12.6,17.1,112.75307843935296,6.9,39.1,13.37495736259637,,,13773.0,560365572.0,40686.0,,902.0,4.8,25828.0,0,,0,0.0,0
39129,2016,37644.0,1669249.0,58706.0,12.2,17.3,113.3296623492702,6.0,39.3,12.934857141157533,,,13568.0,560945733.0,41344.0,,907.0,4.9,26309.0,0,,0,0.0,0
39129,2017,39546.0,1719141.0,60314.0,12.0,17.3,113.87033445856974,5.2,39.4,12.289348665706765,,,13646.0,600520326.0,44006.0,,907.0,4.6,26437.0,0,,0,0.0,0
39129,2018,40734.0,1734232.0,62214.0,11.7,18.6,114.55864397040868,4.1,39.4,11.917187008535953,,,14033.0,634631763.0,45223.0,,930.0,4.3,26305.0,0,,0,0.0,0
39129,2019,42091.0,1787539.0,63633.0,12.1,18.4,115.24096818214466,4.2,39.7,11.719629873501995,,,13913.0,637993905.0,45858.0,,958.0,4.0,26739.0,0,,0,0.0,0
39129,2020,46298.0,1849888.0,61629.0,13.8,18.6,115.93925319415516,4.4,39.5,11.83115777868088,,,13465.0,661278238.0,49111.0,,985.0,6.9,26255.0,0,,0,0.0,0
39129,2021,51129.0,1997145.0,63629.0,13.4,19.6,116.6295578060284,4.2,39.4,11.961117069751722,,,14301.0,728138668.0,50915.0,,1016.0,4.5,26475.0,0,,0,0.0,0
39129,2022,50568.0,2012942.0,67600.0,12.5,19.6,117.3298379180732,4.1,39.5,14.002547280211708,,,14841.0,805825517.0,54297.0,37.0,1052.0,3.7,26727.0,0,,0,0.0,0
39131,2010,27477.0,1020557.0,35912.0,,12.6,65.12644168964437,17.8,38.3,10.566333023870769,,,9339.0,387009837.0,41442.0,,526.0,14.8,11604.0,0,,0,0.0,0
39131,2011,30330.0,964736.0,39669.0,,12.6,65.15142567717963,19.3,38.7,11.189849121801927,,,8695.0,372598360.0,42851.0,,525.0,15.2,11001.0,0,,0,0.0,0
39131,2012,31090.0,1125570.0,39735.0,22.0,12.7,65.07647371457385,19.1,39.8,12.313450156255442,,,8545.0,366044665.0,42835.0,,510.0,13.0,10571.0,0,,0,0.0,0
39131,2013,32271.0,1057751.0,42165.0,23.5,12.2,64.92884106095639,18.9,40.1,13.229477087903296,,,9037.0,416820591.0,46125.0,,503.0,12.2,10758.0,0,,0,0.0,0
39131,2014,33352.0,1007553.0,39989.0,24.2,11.4,64.74032551864487,16.1,40.5,14.01954971869463,,,9058.0,423449196.0,46748.0,,495.0,9.1,10529.0,0,,0,0.0,0
39131,2015,34593.0,1007466.0,40283.0,23.1,11.8,64.49502818648048,13.4,40.8,13.510458177741969,,,9236.0,431166853.0,46681.0,,502.0,7.4,10511.0,0,,0,0.0,0
39131,2016,34486.0,1020859.0,41128.0,20.7,12.3,64.27244357025725,11.1,40.8,13.166371700227334,,,9636.0,446483715.0,46337.0,,518.0,7.6,10851.0,0,,0,0.0,0
39131,2017,36707.0,1149783.0,43562.0,20.0,13.3,64.25654466909845,9.9,41.0,12.5412552499302,,,9725.0,465259817.0,47841.0,,521.0,7.0,10920.0,0,,0,0.0,0
39131,2018,37989.0,1136898.0,43729.0,19.4,13.8,64.08165675635162,8.4,40.8,12.207154460639414,,,9821.0,485444626.0,49428.0,,530.0,6.5,10928.0,0,,0,0.0,0
39131,2019,39391.0,1118228.0,42832.0,18.7,12.6,63.595604635211075,6.4,40.8,11.983718643663638,,,9689.0,484365693.0,49990.0,,544.0,6.2,10900.0,0,,0,0.0,0
39131,2020,43222.0,1070711.0,44115.0,18.6,14.2,63.400275278117206,5.0,40.7,12.346889392300502,,,9310.0,489438193.0,52570.0,,548.0,9.4,10858.0,0,,0,0.0,0
39131,2021,46194.0,1102608.0,44961.0,19.4,14.7,61.939847643101466,5.2,41.1,12.654914868226545,,,9615.0,515330834.0,53597.0,,548.0,6.4,10818.0,0,,0,0.0,0
39131,2022,46185.0,1138622.0,50832.0,19.8,14.0,61.667295051807706,5.2,40.9,14.361554278000652,,,10133.0,583385712.0,57576.0,23.0,572.0,5.1,11024.0,0,,0,0.0,0
39133,2010,34491.0,5579727.0,50447.0,,24.9,328.15215272719814,9.2,36.9,11.29688278488132,,,49643.0,1856030214.0,37388.0,131.0,3225.0,10.4,90869.0,0,,0,0.0,0
39133,2011,36383.0,5719517.0,51441.0,,24.5,329.7319477641797,9.9,37.2,11.16628883890335,,,50886.0,1953605158.0,38392.0,127.0,3237.0,8.9,89145.0,0,,0,0.0,0
39133,2012,37711.0,5850186.0,51969.0,15.1,24.6,330.6859798319673,10.7,37.4,11.438146853773857,,,51922.0,2058911077.0,39654.0,136.0,3238.0,7.3,88000.0,0,,0,0.0,0
39133,2013,38164.0,5996154.0,52697.0,16.1,25.1,335.2181450744248,11.1,36.9,11.434819540546282,,,52064.0,2089858812.0,40140.0,159.0,3207.0,7.7,87651.0,0,,0,0.0,0
39133,2014,39321.0,5981226.0,53027.0,16.0,25.5,331.455360531796,10.2,37.6,11.66909799539401,,,53676.0,2191141706.0,40821.0,161.0,3187.0,5.9,87056.0,0,,0,0.0,0
39133,2015,40533.0,6080519.0,52552.0,15.6,26.0,332.16113909377214,8.7,37.6,12.636042145532862,,,54328.0,2301044420.0,42355.0,37.0,3234.0,4.9,87111.0,0,,0,0.0,0
39133,2016,40858.0,6071215.0,52427.0,15.0,27.3,331.95391922528495,7.9,37.7,11.842341127527884,,,54470.0,2287830847.0,42002.0,41.0,3263.0,5.1,87472.0,0,,0,0.0,0
39133,2017,42552.0,6307886.0,53816.0,14.5,27.5,332.5365968752885,7.2,37.8,12.433508494831251,,,54507.0,2377960724.0,43627.0,32.0,3320.0,5.0,87961.0,0,,0,0.0,0
39133,2018,44133.0,6471562.0,56618.0,13.1,28.7,333.6937454478309,6.3,37.9,12.586887992125291,,,54703.0,2446292517.0,44720.0,40.0,3344.0,4.6,87437.0,0,,0,0.0,0
39133,2019,45543.0,6423825.0,57618.0,12.8,29.0,333.42087175962496,5.5,38.0,12.209513895971924,,,55116.0,2529440333.0,45893.0,22.0,3378.0,4.3,88102.0,0,,0,0.0,0
39133,2020,48668.0,6266452.0,59485.0,11.3,29.9,333.3490628943076,5.8,38.3,11.681403869548811,,,51746.0,2501451175.0,48341.0,21.0,3388.0,7.3,85174.0,0,,0,0.0,0
39133,2021,53713.0,6484662.0,64163.0,11.2,30.1,332.16113909377214,5.9,38.7,12.541881803103635,,,52330.0,2702851715.0,51650.0,14.0,3505.0,4.8,84371.0,0,,0,0.0,0
39133,2022,53891.0,6501644.0,69796.0,11.3,31.7,330.76599542474946,5.6,39.1,12.877178045625264,,,54283.0,2876455676.0,52990.0,118.0,3663.0,3.8,85243.0,0,,0,0.0,0
39135,2010,30990.0,1050572.0,49780.0,,12.0,100.18716438879277,7.8,40.3,12.721589746008398,,,10099.0,328317697.0,32510.0,,729.0,11.0,22415.0,0,,0,0.0,0
39135,2011,33150.0,1085484.0,48874.0,,11.1,99.93258310428875,8.7,40.6,12.69324196362683,,,9907.0,320111252.0,32312.0,,730.0,9.5,21665.0,0,,0,0.0,0
39135,2012,33568.0,1082407.0,48899.0,10.7,11.9,99.56956905045897,8.4,41.0,12.137241448250608,,,10238.0,337254916.0,32941.0,,721.0,7.7,21484.0,0,,0,0.0,0
39135,2013,33948.0,1085677.0,48405.0,12.2,11.3,99.12169456846117,8.6,41.1,12.257230954194336,,,10329.0,340254241.0,32942.0,,719.0,7.5,21292.0,0,,0,0.0,0
39135,2014,34690.0,1079127.0,48147.0,12.8,12.2,98.73746540758935,8.0,41.8,12.422134673363448,,,10425.0,365324435.0,35043.0,,727.0,5.7,21189.0,0,,0,0.0,0
39135,2015,35764.0,1137231.0,47818.0,13.3,11.8,98.25423241385488,7.3,41.9,12.10768394174199,,,10446.0,360736172.0,34533.0,,731.0,4.9,21054.0,0,,0,0.0,0
39135,2016,36844.0,1079069.0,51356.0,13.5,13.5,97.96900708584576,6.6,42.2,11.998542624831645,,,10454.0,370836992.0,35473.0,,738.0,4.8,21103.0,0,,0,0.0,0
39135,2017,38214.0,1105812.0,52661.0,12.4,14.4,97.4197715368695,5.8,42.3,11.561307318306593,,,10802.0,390219062.0,36125.0,,749.0,4.4,21306.0,0,,0,0.0,0
39135,2018,39559.0,1131176.0,55374.0,11.6,15.8,97.13454620886036,4.9,42.6,11.064495522483009,,,10751.0,422376828.0,39287.0,,755.0,4.1,21283.0,0,,0,0.0,0
39135,2019,40825.0,1137198.0,58957.0,10.1,16.3,96.8658215196617,3.6,42.7,11.021605374011283,,,10632.0,437311601.0,41132.0,,759.0,3.8,21351.0,0,,0,0.0,0
39135,2020,44650.0,1143480.0,61339.0,9.2,18.2,96.63481257631544,3.2,43.1,10.48054248732908,,,10214.0,456252330.0,44667.0,,762.0,6.8,21003.0,0,,0,0.0,0
39135,2021,49258.0,1278086.0,60527.0,9.8,18.4,96.71024406802034,3.1,43.1,10.356299112070234,,,11002.0,524981016.0,47717.0,,776.0,4.1,21398.0,0,,0,0.0,0
39135,2022,49579.0,1279107.0,66355.0,10.3,18.8,96.47923512467412,3.4,43.0,12.260691901817134,,,11543.0,579062610.0,50165.0,44.0,787.0,3.4,21779.0,0,,0,0.0,0
39137,2010,38304.0,1321349.0,56573.0,,18.1,71.80070625683875,5.0,38.0,10.027643974037764,,,10911.0,326537879.0,29927.0,,811.0,9.3,19362.0,0,,0,0.0,0
39137,2011,40452.0,1310594.0,59378.0,,18.6,71.5913989190623,5.2,38.6,11.237883020613754,,,11331.0,348685196.0,30773.0,,829.0,7.4,19198.0,0,,0,0.0,0
39137,2012,40367.0,1323951.0,60693.0,7.5,19.7,71.38209158128585,5.1,38.8,12.290730398488265,,,11304.0,375667088.0,33233.0,,820.0,5.8,18800.0,0,,0,0.0,0
39137,2013,41089.0,1318978.0,61192.0,6.9,19.9,71.16242249411452,4.9,39.4,13.218460909466051,,,11387.0,389352155.0,34193.0,,810.0,6.0,18804.0,0,,0,0.0,0
39137,2014,41574.0,1319838.0,61036.0,6.7,20.2,70.99041745415963,3.9,39.6,14.050747732584885,,,11461.0,401760195.0,35054.0,,805.0,4.5,18696.0,0,,0,0.0,0
39137,2015,42501.0,1272205.0,60524.0,5.8,19.4,70.84120826287344,3.4,39.7,13.586720023956245,,,11549.0,423495384.0,36670.0,,804.0,3.9,18724.0,0,,0,0.0,0
39137,2016,43642.0,1228303.0,60245.0,7.8,19.4,70.70028847110315,2.9,39.4,13.14589566759326,,,11737.0,422283744.0,35980.0,,809.0,3.7,18975.0,0,,0,0.0,0
39137,2017,45904.0,1255903.0,61161.0,7.2,19.0,70.53657283066416,2.9,39.6,12.80967411830028,,,11759.0,437960262.0,37246.0,,807.0,3.5,18991.0,0,,0,0.0,0
39137,2018,48161.0,1245847.0,62001.0,6.7,20.3,70.39565303889387,2.9,40.0,12.534018373324487,,,11835.0,456481100.0,38570.0,,809.0,3.3,18767.0,0,,0,0.0,0
39137,2019,49178.0,1220975.0,64822.0,7.6,20.9,70.27545674591333,3.0,39.8,12.271660024903737,,,11923.0,470433483.0,39455.0,,818.0,3.1,18999.0,0,,0,0.0,0
39137,2020,53567.0,1230016.0,67790.0,7.8,23.2,70.12003050499023,3.2,40.2,12.62008962504995,,,11303.0,480818706.0,42537.0,,821.0,5.6,18533.0,0,,0,0.0,0
39137,2021,59370.0,1317966.0,73122.0,6.3,24.8,71.27847408733712,2.6,40.1,13.041862383525633,,,11894.0,516827768.0,43453.0,,839.0,3.4,18714.0,0,,0,0.0,0
39137,2022,59826.0,1301141.0,79453.0,6.6,25.9,71.28883583673199,2.2,40.3,15.19279430561574,,,12191.0,568892857.0,46666.0,28.0,846.0,3.0,18806.0,0,,0,0.0,0
39139,2010,30296.0,4349582.0,42664.0,,14.9,254.38839158608073,8.9,40.1,10.27120964500514,,,50650.0,1676677863.0,33103.0,,2868.0,12.2,59163.0,0,,0,0.0,0
39139,2011,31998.0,4477964.0,43098.0,,15.1,252.89614661559247,9.4,40.6,11.155101370549604,,,51434.0,1701680914.0,33085.0,,2826.0,10.6,57968.0,0,,0,0.0,0
39139,2012,32505.0,4533586.0,42894.0,14.8,15.0,250.96773802720773,9.8,41.0,12.133999047705537,,,50513.0,1724306895.0,34136.0,,2785.0,8.7,55884.0,0,,0,0.0,0
39139,2013,32926.0,4482554.0,41835.0,15.7,14.9,249.1524088953147,10.2,41.2,12.892996957753311,,,50273.0,1729888205.0,34410.0,,2740.0,8.6,54903.0,0,,0,0.0,0
39139,2014,34382.0,4629884.0,42042.0,16.3,15.9,247.99334446627503,9.8,41.2,13.60781563356626,,,50881.0,1802331013.0,35422.0,,2757.0,6.5,54654.0,0,,0,0.0,0
39139,2015,35351.0,4589206.0,41877.0,17.0,15.7,246.9816871858764,8.7,41.3,13.36709769616226,,,50603.0,1823297839.0,36031.0,,2712.0,5.6,53744.0,0,,0,0.0,0
39139,2016,35407.0,4535134.0,42849.0,16.5,16.4,246.12551415815375,8.3,41.2,12.867124874105652,,,50782.0,1846320770.0,36358.0,,2709.0,5.6,53626.0,0,,0,0.0,0
39139,2017,36615.0,4544336.0,44138.0,15.6,17.2,245.40867117503691,7.5,41.4,12.7029233530726,,,50121.0,1908879183.0,38086.0,,2735.0,5.4,53515.0,0,,0,0.0,0
39139,2018,37803.0,4591106.0,47346.0,14.3,17.8,244.98664248920193,6.5,41.3,12.486199645361348,,,50641.0,2002034146.0,39534.0,,2753.0,4.9,53127.0,0,,0,0.0,0
39139,2019,39589.0,4586234.0,49547.0,13.5,18.3,244.53432466323525,5.3,41.1,12.242631235463582,,,50079.0,2024050614.0,40417.0,5.0,2779.0,4.6,52864.0,0,,0,0.0,0
39139,2020,43509.0,4404983.0,49186.0,13.7,17.8,244.4192259307348,5.7,41.5,12.415932657158717,,,46601.0,2009853865.0,43129.0,,2795.0,9.0,51682.0,0,,0,0.0,0
39139,2021,45470.0,4604671.0,52605.0,13.6,17.8,251.40794019712175,5.3,41.3,12.929630174708343,,,47754.0,2146971291.0,44959.0,,2815.0,5.6,51093.0,0,,0,0.0,0
39139,2022,45499.0,4588186.0,56557.0,13.9,17.8,252.42565530554677,4.8,40.9,14.606852151324116,,,48078.0,2270382103.0,47223.0,163.0,2893.0,4.5,50422.0,0,,0,0.0,0
39141,2010,28947.0,2466859.0,42626.0,,13.1,112.5084522451775,11.4,39.0,11.67502421686007,,,25185.0,985087707.0,39115.0,,1366.0,12.0,34133.0,0,,0,0.0,0
39141,2011,30874.0,2625658.0,44577.0,,14.1,112.98874291534985,13.8,39.5,11.672049870182486,,,26316.0,1053868089.0,40047.0,,1356.0,9.9,34216.0,0,,0,0.0,0
39141,2012,30886.0,2611230.0,44089.0,19.1,13.7,112.80446220504204,14.4,39.8,12.61774485488047,,,26877.0,1083281379.0,40305.0,,1365.0,8.4,34054.0,0,,0,0.0,0
39141,2013,31516.0,2632877.0,43264.0,19.7,13.7,112.89297498715838,14.8,39.9,13.26065202154651,,,26391.0,1082460363.0,41017.0,,1366.0,8.7,33481.0,0,,0,0.0,0
39141,2014,32409.0,2723262.0,43450.0,19.4,15.0,112.53021768340282,14.2,40.2,13.945005132455188,,,27196.0,1132401867.0,41639.0,,1361.0,6.4,33749.0,0,,0,0.0,0
39141,2015,33719.0,2763937.0,43345.0,19.3,14.7,112.21389331452798,11.3,40.6,13.399539378865365,,,27742.0,1179878429.0,42531.0,,1360.0,5.4,33827.0,0,,0,0.0,0
39141,2016,33988.0,2709970.0,44587.0,18.8,15.3,112.00929819520984,9.9,40.4,12.97291599636963,,,27771.0,1167255259.0,42032.0,,1369.0,5.6,33973.0,0,,0,0.0,0
39141,2017,35163.0,2777322.0,45792.0,18.2,16.0,111.91062820858836,7.6,40.5,12.330426455309553,,,28146.0,1225084665.0,43526.0,,1372.0,5.1,34412.0,0,,0,0.0,0
39141,2018,36700.0,2831490.0,48403.0,17.9,16.6,111.8032520466767,7.6,40.9,11.960647274101978,,,29081.0,1293753970.0,44488.0,,1380.0,4.5,34987.0,0,,0,0.0,0
39141,2019,38440.0,2906326.0,51092.0,17.3,15.8,111.65379603752942,6.1,41.0,11.767039169608111,,,29507.0,1341737441.0,45472.0,,1421.0,4.2,35619.0,0,,0,0.0,0
39141,2020,42145.0,2823102.0,51508.0,16.3,16.2,111.46226018114648,6.0,41.2,11.885037976381362,,,27963.0,1343335771.0,48039.0,,1439.0,8.0,35189.0,0,,0,0.0,0
39141,2021,45532.0,2982923.0,54004.0,16.5,16.9,112.02671054579012,6.0,41.3,12.022308707679658,,,28725.0,1427973894.0,49711.0,,1450.0,4.9,34917.0,0,,0,0.0,0
39141,2022,45196.0,3041819.0,58048.0,16.1,16.5,111.6668553004646,5.7,41.3,14.04244887057051,,,29440.0,1585984339.0,53871.0,58.0,1480.0,3.8,35088.0,0,,0,0.0,0
39143,2010,32504.0,2363043.0,48056.0,,13.1,150.11537161417382,6.6,40.3,10.366851668064973,,,25411.0,861485438.0,33902.0,,1434.0,10.8,33253.0,0,,0,0.0,0
39143,2011,34059.0,2463739.0,47277.0,,13.4,149.6352689309877,7.5,40.5,11.186600559493138,,,25689.0,877345417.0,34152.0,,1440.0,9.1,32627.0,0,,0,0.0,0
39143,2012,34420.0,2683958.0,46785.0,13.9,13.3,149.0326910735194,8.0,40.9,12.106670786897968,,,25556.0,895253049.0,35031.0,,1443.0,7.5,31773.0,0,,0,0.0,0
39143,2013,35673.0,2827415.0,46140.0,14.3,13.7,148.4864517962209,8.6,41.1,12.848909701860368,,,25488.0,939800290.0,36872.0,,1425.0,7.5,31540.0,0,,0,0.0,0
39143,2014,36379.0,2816123.0,46099.0,14.7,14.1,148.19006187445805,8.0,41.2,13.560242549178286,,,25786.0,971910334.0,37691.0,,1417.0,5.7,31374.0,0,,0,0.0,0
39143,2015,37872.0,3007791.0,47209.0,14.3,14.5,147.42826629042293,7.6,41.3,13.358367928481284,,,26086.0,998505905.0,38277.0,,1417.0,4.9,31461.0,0,,0,0.0,0
39143,2016,38112.0,2913581.0,49032.0,13.2,14.8,146.65177368547396,6.3,41.5,12.814147410798524,,,25925.0,1000953096.0,38609.0,,1390.0,4.8,31149.0,0,,0,0.0,0
39143,2017,39690.0,2961086.0,50370.0,13.6,15.2,145.88997810143886,5.4,41.7,12.683115027195376,,,26256.0,1049763151.0,39982.0,,1395.0,4.7,31498.0,0,,0,0.0,0
39143,2018,40878.0,2901152.0,51701.0,13.6,16.0,145.25310719517154,5.0,41.8,12.503881673249449,,,26015.0,1070033197.0,41132.0,,1411.0,4.5,31049.0,0,,0,0.0,0
39143,2019,41854.0,2842936.0,54089.0,11.6,16.1,144.5917412540478,4.6,42.2,12.226044682016008,,,25564.0,1071051487.0,41898.0,,1406.0,4.3,30861.0,0,,0,0.0,0
39143,2020,45396.0,2738020.0,55245.0,12.2,16.5,144.0332544593211,4.5,42.4,12.369902886952014,,,23845.0,1064615438.0,44648.0,,1394.0,8.1,29987.0,0,,0,0.0,0
39143,2021,49432.0,3032205.0,56414.0,12.9,18.1,144.55254919827752,5.5,42.1,12.87369806445458,,,24786.0,1157869694.0,46714.0,,1456.0,5.3,30119.0,0,,0,0.0,0
39143,2022,49414.0,2947385.0,60814.0,13.0,18.3,144.23901275211514,4.8,42.3,14.463335687840749,,,24934.0,1225635145.0,49156.0,49.0,1460.0,4.7,29904.0,0,,0,0.0,0
39145,2010,28665.0,1965319.0,32812.0,,12.7,129.4577518458727,12.2,38.6,10.566333023870769,,,23233.0,766066111.0,32974.0,,1483.0,13.4,32655.0,0,,0,0.0,0
39145,2011,29713.0,1991973.0,33596.0,,13.2,129.7871817354891,12.0,38.6,11.189849121801927,,,23201.0,770698981.0,33218.0,,1493.0,12.5,31738.0,0,,0,0.0,0
39145,2012,30426.0,2120217.0,34783.0,23.0,14.0,129.67737177228364,11.8,38.7,12.313450156255442,,,23324.0,787773838.0,33775.0,,1503.0,11.3,31093.0,0,,0,0.0,0
39145,2013,31280.0,2788421.0,35379.0,23.3,14.2,129.3987494775832,11.7,39.0,13.229477087903296,,,22669.0,772411926.0,34073.0,,1447.0,11.9,30324.0,0,,0,0.0,0
39145,2014,33383.0,3668852.0,36945.0,24.5,14.4,128.69072105810915,11.1,39.4,14.01954971869463,,,23028.0,796147344.0,34574.0,,1440.0,8.8,29957.0,0,,0,0.0,0
39145,2015,36017.0,3051797.0,35903.0,25.3,14.4,127.86632685673078,9.6,39.5,13.510458177741969,,,23340.0,834291578.0,35745.0,,1426.0,7.7,29682.0,0,,0,0.0,0
39145,2016,35398.0,2488081.0,37936.0,24.0,15.0,126.79936736349556,9.0,39.7,13.166371700227334,,,23806.0,856307491.0,35971.0,,1425.0,7.8,29999.0,0,,0,0.0,0
39145,2017,36776.0,2506317.0,38978.0,23.9,15.2,125.98808479951488,7.9,39.8,12.5412552499302,,,23724.0,875523688.0,36905.0,,1429.0,7.0,29767.0,0,,0,0.0,0
39145,2018,38864.0,2471082.0,39731.0,23.6,15.0,125.17844119020889,7.9,39.9,12.207154460639414,,,23271.0,892880037.0,38369.0,,1422.0,6.7,29131.0,0,,0,0.0,0
39145,2019,40557.0,2675077.0,41330.0,22.6,15.7,124.62611346483212,7.7,39.9,11.983718643663638,,,23338.0,917536583.0,39316.0,,1431.0,6.3,29201.0,0,,0,0.0,0
39145,2020,43153.0,2461428.0,41866.0,23.0,15.6,123.64437961468175,6.9,40.1,12.346889392300502,,,22773.0,952451022.0,41824.0,,1412.0,8.7,29085.0,0,,0,0.0,0
39145,2021,46210.0,2684768.0,43266.0,23.8,16.4,121.92511616091258,7.9,40.2,12.654914868226545,,,23463.0,1049645500.0,44737.0,,1432.0,6.2,29118.0,0,,0,0.0,0
39145,2022,46490.0,2650541.0,46360.0,23.8,17.6,120.81718280080965,7.5,40.6,14.361554278000652,,,24081.0,1151985575.0,47838.0,57.0,1466.0,5.1,29219.0,0,,0,0.0,0
39147,2010,30388.0,1784698.0,42573.0,,16.1,103.60854115776752,9.0,38.9,10.364978612937977,,,18563.0,590429864.0,31808.0,,1257.0,12.0,29503.0,0,,0,0.0,0
39147,2011,32506.0,1847555.0,41761.0,,16.0,103.26372984214902,10.7,38.8,11.187022912334992,,,18792.0,603960460.0,32140.0,46.0,1255.0,9.6,28722.0,0,,0,0.0,0
39147,2012,32628.0,1737692.0,42375.0,14.9,15.7,102.77192001829316,11.2,38.8,12.10981113668515,,,18515.0,612157259.0,33063.0,52.0,1245.0,8.0,27802.0,0,,0,0.0,0
39147,2013,32737.0,1759103.0,43764.0,15.5,15.3,102.31096173320316,11.4,39.2,12.854270575756436,,,18306.0,607911895.0,33209.0,56.0,1211.0,7.7,27393.0,0,,0,0.0,0
39147,2014,33498.0,1763253.0,44947.0,17.1,14.7,101.81007792735734,9.7,39.1,13.566633861522773,,,18486.0,629386775.0,34047.0,59.0,1192.0,5.7,27233.0,0,,0,0.0,0
39147,2015,35586.0,1855992.0,45444.0,16.9,14.2,101.49974774330067,8.1,39.0,13.363791980092207,,,19025.0,657331449.0,34551.0,58.0,1176.0,4.9,27233.0,0,,0,0.0,0
39147,2016,36824.0,1978995.0,48415.0,15.6,14.7,101.1041221285384,6.8,39.4,12.817555946197553,,,19256.0,678650199.0,35244.0,56.0,1182.0,4.9,27259.0,0,,0,0.0,0
39147,2017,37607.0,1909712.0,49153.0,15.2,15.3,100.81012511206367,5.9,39.5,12.68864616331193,,,19360.0,700395347.0,36177.0,62.0,1159.0,4.7,27545.0,0,,0,0.0,0
39147,2018,38629.0,1922107.0,49936.0,14.7,15.2,100.67583017861227,4.9,39.4,12.50780324488651,,,19458.0,723305204.0,37174.0,67.0,1155.0,4.4,27363.0,0,,0,0.0,0
39147,2019,40095.0,1977384.0,52500.0,12.8,16.8,100.45079542526123,4.4,39.9,12.231358264861386,,,19581.0,746591545.0,38129.0,70.0,1172.0,4.2,27683.0,0,,0,0.0,0
39147,2020,44796.0,1974371.0,52897.0,12.7,17.3,100.26931578546204,4.2,40.4,12.36898199259699,,,18336.0,760912459.0,41499.0,64.0,1152.0,8.1,27114.0,0,,0,0.0,0
39147,2021,48572.0,2114138.0,56043.0,12.2,17.9,100.1150580916327,3.9,40.5,12.876930980914524,,,18574.0,809402116.0,43577.0,65.0,1172.0,4.8,26528.0,0,,0,0.0,0
39147,2022,48160.0,2033989.0,62476.0,11.6,18.9,99.92631926624152,4.2,40.6,14.469210105080345,,,18759.0,857508928.0,45712.0,62.0,1188.0,4.2,26291.0,0,,0,0.0,0
39149,2010,33125.0,2775096.0,48475.0,,14.0,121.04666735345626,7.0,37.4,12.408721391633248,,,24843.0,1034811038.0,41653.0,,1067.0,12.5,25007.0,0,,0,0.0,0
39149,2011,36431.0,3036038.0,50527.0,,14.1,121.1423273337356,7.5,37.7,13.125041168100598,,,25084.0,1055613231.0,42083.0,,1065.0,9.6,24168.0,0,,0,0.0,0
39149,2012,37425.0,3095327.0,51159.0,11.7,13.8,121.06874273352072,8.5,38.3,13.575481251497596,,,25666.0,1109390579.0,43225.0,,1051.0,7.3,23846.0,0,,0,0.0,0
39149,2013,39337.0,3168953.0,50427.0,11.4,14.5,120.9657242932199,8.9,38.4,13.347151999800497,,,26100.0,1148851457.0,44017.0,,1056.0,6.7,23745.0,0,,0,0.0,0
39149,2014,40419.0,3220132.0,51266.0,11.4,15.6,120.59289565213123,6.9,39.1,13.541130244810027,,,26258.0,1214655146.0,46258.0,,1047.0,5.1,23713.0,0,,0,0.0,0
39149,2015,41025.0,3141304.0,54550.0,10.3,16.3,120.35251929142936,6.7,38.9,12.963203801765838,,,27238.0,1293875728.0,47502.0,,1042.0,4.3,24157.0,0,,0,0.0,0
39149,2016,42024.0,3202754.0,56169.0,9.5,17.1,120.0630865305842,5.8,39.5,12.346009616140588,,,27233.0,1320173557.0,48477.0,,1035.0,4.2,24167.0,0,,0,0.0,0
39149,2017,43422.0,3209892.0,57673.0,8.9,17.1,119.94780399024758,5.3,39.3,11.575686966523367,,,27172.0,1340726434.0,49343.0,,1029.0,4.1,24165.0,0,,0,0.0,0
39149,2018,44636.0,3234525.0,61042.0,9.1,17.4,119.69025788949554,4.5,39.4,11.117111027462228,,,27427.0,1385116515.0,50503.0,,1027.0,3.7,24110.0,0,,0,0.0,0
39149,2019,45188.0,3266380.0,63806.0,8.8,18.7,119.57252252915175,4.5,39.5,11.054073845577769,,,27624.0,1417158865.0,51302.0,,1030.0,3.6,24400.0,0,,0,0.0,0
39149,2020,49217.0,3107081.0,64522.0,10.0,19.3,119.23158054815622,5.2,39.8,10.031515197574477,,,25854.0,1377796329.0,53292.0,,1053.0,7.7,23934.0,0,,0,0.0,0
39149,2021,52836.0,3297173.0,66536.0,10.8,19.1,118.48837608598603,5.2,39.7,9.69483212792435,,,26669.0,1465010892.0,54934.0,,1068.0,4.2,23659.0,0,,0,0.0,0
39149,2022,52876.0,3309759.0,73502.0,10.9,20.7,118.09101924482576,4.9,40.2,12.756899781068688,,,26917.0,1543543723.0,57345.0,46.0,1101.0,3.5,23496.0,0,,0,0.0,0
39151,2010,34449.0,14960275.0,44941.0,,20.4,654.2132756208009,8.8,40.6,10.230621836908966,,,148817.0,5273145817.0,35434.0,,8744.0,11.4,192248.0,0,,0,0.0,0
39151,2011,36733.0,15415579.0,45347.0,,20.7,653.8586564452904,9.7,40.9,11.143339784442908,,,151249.0,5584934412.0,36925.0,46.0,8764.0,9.3,188690.0,0,,0,0.0,0
39151,2012,38050.0,15694967.0,45689.0,14.5,20.7,652.9043136641374,10.2,41.2,12.123927796006068,,,154052.0,5774406968.0,37484.0,52.0,8799.0,7.5,187968.0,0,,0,0.0,0
39151,2013,38386.0,16321185.0,45641.0,15.0,21.1,652.4784229876666,10.6,41.5,12.900637287706822,,,155930.0,5924611806.0,37995.0,67.0,8781.0,7.5,188921.0,0,,0,0.0,0
39151,2014,39692.0,17069619.0,46290.0,15.0,21.5,652.0299340304034,9.6,41.6,13.63278229038592,,,158336.0,6190612879.0,39098.0,88.0,8730.0,5.8,188754.0,0,,0,0.0,0
39151,2015,41105.0,16954777.0,47137.0,14.7,21.9,651.8369794790227,8.5,41.8,13.36269935582453,,,158017.0,6243892201.0,39514.0,95.0,8604.0,5.3,187170.0,0,,0,0.0,0
39151,2016,41055.0,16765235.0,48714.0,14.1,22.6,651.4597620227199,7.6,41.7,12.849243058219123,,,158204.0,6217218019.0,39299.0,103.0,8610.0,5.5,187210.0,0,,0,0.0,0
39151,2017,42563.0,17068227.0,50117.0,14.0,22.8,650.60971899907,6.7,41.8,12.669819510603633,,,159282.0,6511105024.0,40878.0,106.0,8570.0,5.2,188257.0,0,,0,0.0,0
39151,2018,43934.0,16784976.0,52190.0,13.9,22.8,649.2225322242792,6.0,41.9,12.45624208545068,,,160016.0,6741908179.0,42133.0,107.0,8608.0,4.9,187096.0,0,,0,0.0,0
39151,2019,45364.0,16977985.0,53860.0,13.6,22.8,647.3607815528495,5.4,42.1,12.183198961738288,,,159294.0,6898916485.0,43309.0,62.0,8673.0,4.6,187442.0,0,,0,0.0,0
39151,2020,48757.0,16042010.0,55045.0,13.3,23.5,645.8171451418042,5.1,42.1,12.353690335077552,,,149687.0,6854935642.0,45795.0,51.0,8679.0,8.1,183171.0,0,,0,0.0,0
39151,2021,53414.0,17282227.0,58170.0,13.4,23.6,651.3728455581341,4.9,41.9,12.83619140985638,,,152590.0,7322051754.0,47985.0,57.0,8925.0,5.2,181375.0,0,,0,0.0,0
39151,2022,54014.0,17069258.0,63130.0,13.2,24.1,650.4810826314829,4.3,41.8,14.542641902597104,,,154738.0,7825279392.0,50571.0,413.0,9166.0,4.0,179690.0,0,,0,0.0,0
39153,2010,39149.0,27708440.0,47926.0,,29.2,1315.7926612127628,8.6,39.5,10.56805657833478,,,252634.0,10661678274.0,42202.0,1129.0,14428.0,10.6,281921.0,0,,0,0.0,0
39153,2011,40815.0,27646243.0,48790.0,,29.4,1313.4161674253196,9.4,40.0,11.156556655927874,,,254006.0,10939743117.0,43069.0,1173.0,14378.0,9.1,275855.0,0,,0,0.0,0
39153,2012,42110.0,27814644.0,49227.0,14.8,29.4,1312.4931866577194,10.0,40.2,12.043153155517995,,,255904.0,11332039471.0,44282.0,1214.0,14293.0,7.5,272453.0,0,,0,0.0,0
39153,2013,42681.0,28429380.0,49669.0,15.4,29.6,1312.0183724045708,10.3,40.4,12.702525557744403,,,256668.0,11400750028.0,44418.0,1384.0,14132.0,7.6,270976.0,0,,0,0.0,0
39153,2014,44532.0,29286403.0,50082.0,14.7,29.9,1311.7082896270042,9.5,40.6,13.395630657321815,,,260173.0,11894348576.0,45717.0,1389.0,14026.0,5.9,272945.0,0,,0,0.0,0
39153,2015,45918.0,29506581.0,50765.0,14.8,30.3,1312.636115438004,8.4,40.7,13.257828859829846,,,264051.0,12425391647.0,47057.0,1538.0,14085.0,5.0,272635.0,0,,0,0.0,0
39153,2016,46847.0,29644458.0,51562.0,14.3,30.7,1311.4854176306285,7.3,40.8,12.71539555222095,,,266282.0,12698758023.0,47689.0,1781.0,14213.0,5.1,273479.0,0,,0,0.0,0
39153,2017,48547.0,30116971.0,53291.0,13.6,31.6,1311.3546014588426,6.4,40.8,12.661524800350003,,,266989.0,12864802859.0,48185.0,1990.0,14321.0,5.1,274876.0,0,,0,0.0,0
39153,2018,50579.0,30411694.0,55448.0,13.1,32.1,1312.5464821351136,5.6,40.9,12.50917912024595,,,266964.0,13221495421.0,49525.0,2208.0,14317.0,4.6,272862.0,0,,0,0.0,0
39153,2019,52519.0,31050771.0,57181.0,13.2,32.5,1311.3933618060385,5.4,41.0,12.225739133718951,,,267461.0,13520192358.0,50550.0,1296.0,14489.0,4.3,275103.0,0,,0,0.0,0
39153,2020,56096.0,29885051.0,59253.0,12.8,32.8,1310.1239604353757,5.8,40.9,12.290048464818607,,,251456.0,13556047596.0,53910.0,1225.0,14674.0,8.3,267324.0,0,,0,0.0,0
39153,2021,61539.0,31294504.0,63111.0,12.6,33.9,1309.5352876623392,5.7,41.0,12.817744040125662,,,254952.0,14478953552.0,56791.0,1149.0,15095.0,5.5,263798.0,0,,0,0.0,0
39153,2022,61027.0,30963873.0,68360.0,12.4,34.6,1306.613726492455,5.3,41.1,14.247729310869513,,,258539.0,15218277563.0,58863.0,1164.0,15427.0,4.1,265461.0,0,,0,0.0,0
39155,2010,31218.0,7537915.0,42296.0,,16.3,344.24794653300995,9.0,42.0,11.266482485412036,,,69719.0,2542971749.0,36475.0,65.0,4532.0,13.3,99980.0,0,,0,0.0,0
39155,2011,33412.0,7885116.0,42441.0,,16.6,342.02015528206556,8.9,42.4,11.122157309670632,,,70706.0,2722508897.0,38505.0,64.0,4489.0,10.7,97155.0,0,,0,0.0,0
39155,2012,34273.0,7642179.0,42488.0,16.8,16.4,339.65646391123784,9.6,42.8,11.41839990504013,,,70217.0,2683699516.0,38220.0,,4404.0,9.0,95344.0,0,,0,0.0,0
39155,2013,34289.0,7663370.0,42880.0,17.4,17.0,337.79592655569235,10.0,43.1,11.414675185496357,,,69395.0,2610692063.0,37621.0,,4345.0,9.3,94482.0,0,,0,0.0,0
39155,2014,35379.0,7538412.0,43226.0,17.3,17.4,335.8609677059251,8.6,43.4,11.605545118497057,,,69322.0,2680492885.0,38668.0,,4311.0,7.3,92842.0,0,,0,0.0,0
39155,2015,36679.0,7421113.0,43073.0,17.3,17.3,333.8823266747668,7.4,43.6,12.52474023989515,,,69800.0,2789802976.0,39969.0,,4293.0,6.5,91723.0,0,,0,0.0,0
39155,2016,37313.0,7375052.0,43811.0,17.5,18.0,331.5121638696588,6.9,43.8,11.753431848516897,,,69189.0,2784262292.0,40241.0,,4285.0,6.8,90798.0,0,,0,0.0,0
39155,2017,38401.0,6994824.0,45380.0,17.2,18.7,328.9769794904069,5.9,44.0,12.433508494831251,,,66926.0,2671292556.0,39914.0,,4286.0,7.2,89622.0,0,,0,0.0,0
39155,2018,39669.0,6963383.0,45975.0,17.5,18.5,326.4741522825558,5.2,44.2,12.475988899095515,,,66676.0,2737476297.0,41056.0,,4279.0,6.2,88114.0,0,,0,0.0,0
39155,2019,39787.0,6994707.0,47280.0,17.2,18.7,324.1654681031094,4.8,44.3,12.094390315431776,,,63885.0,2562673540.0,40114.0,,4281.0,6.2,87775.0,0,,0,0.0,0
39155,2020,43023.0,6652679.0,47799.0,17.3,19.2,322.18682707195103,4.8,44.4,11.58707325911804,,,58082.0,2476394809.0,42636.0,,4240.0,10.4,84643.0,0,,0,0.0,0
39155,2021,46180.0,6925805.0,50258.0,17.1,19.3,327.12938500342176,4.9,44.2,12.419643656975326,,,59986.0,2687423611.0,44801.0,,4304.0,6.4,82899.0,0,,0,0.0,0
39155,2022,46745.0,6952509.0,53537.0,17.1,20.0,326.401348646904,4.8,44.0,12.78305852129453,,,62497.0,2926666603.0,46829.0,200.0,4390.0,4.9,82752.0,0,,0,0.0,0
39157,2010,32363.0,3297320.0,42081.0,,14.3,163.04158170144294,7.3,40.5,10.276492644791489,,,33387.0,1033336956.0,30951.0,,2300.0,11.3,46160.0,0,,0,0.0,0
39157,2011,35023.0,3438784.0,42846.0,,15.0,163.1349920424964,7.9,40.7,11.166943475063356,,,33958.0,1080997194.0,31834.0,,2316.0,9.3,45281.0,0,,0,0.0,0
39157,2012,35556.0,3365183.0,43869.0,13.6,14.7,163.08388072380677,8.7,40.8,12.152694255680556,,,34845.0,1135256216.0,32580.0,,2315.0,7.4,45001.0,0,,0,0.0,0
39157,2013,36477.0,3491920.0,43739.0,14.6,15.2,163.07683088674614,9.4,40.8,12.9254661119889,,,35278.0,1178325178.0,33402.0,,2300.0,7.3,45020.0,0,,0,0.0,0
39157,2014,38489.0,3705443.0,44656.0,14.3,14.7,163.23192730208024,7.9,40.9,13.646162166702274,,,36075.0,1281277344.0,35517.0,11.0,2282.0,5.5,45434.0,0,,0,0.0,0
39157,2015,39631.0,3828484.0,45310.0,14.0,14.4,163.3746865025582,7.0,41.0,13.386571934969757,,,36608.0,1351409014.0,36916.0,,2300.0,5.4,45594.0,0,,0,0.0,0
39157,2016,39456.0,3718206.0,46992.0,13.6,15.0,163.1667163092693,5.7,40.9,12.882304331160055,,,36331.0,1353085177.0,37243.0,,2292.0,5.8,45200.0,0,,0,0.0,0
39157,2017,40963.0,3844411.0,49460.0,13.8,15.1,163.0821182645416,4.9,40.9,12.719441432251562,,,37029.0,1477274914.0,39895.0,,2316.0,5.0,45657.0,0,,0,0.0,0
39157,2018,42996.0,3780311.0,51170.0,13.2,15.8,163.0733059682158,4.1,41.0,12.507057524029335,,,36565.0,1432573551.0,39179.0,,2328.0,4.5,44806.0,0,,0,0.0,0
39157,2019,43241.0,3811036.0,53243.0,12.8,17.4,162.7366762485702,4.2,41.0,12.244390269683583,,,36835.0,1477493942.0,40111.0,,2327.0,4.3,45320.0,0,,0,0.0,0
39157,2020,45931.0,3699568.0,54451.0,12.9,17.9,162.43705817349297,5.5,41.0,12.40071851788763,,,34796.0,1467327803.0,42169.0,,2301.0,7.5,44458.0,0,,0,0.0,0
39157,2021,50985.0,3854291.0,57545.0,13.0,18.4,163.95277314153077,5.6,40.9,12.89144435363257,,,35659.0,1588677315.0,44552.0,,2347.0,4.7,44149.0,0,,0,0.0,0
39157,2022,54140.0,3709304.0,61953.0,12.5,19.7,163.6267181774761,5.5,41.1,14.578803093814129,,,36708.0,1719460636.0,46841.0,107.0,2390.0,3.8,44347.0,0,,0,0.0,0
39159,2010,35484.0,3163640.0,68452.0,,27.3,117.44514879828792,5.9,36.1,11.506718496319923,,,25915.0,1371810737.0,52935.0,,1161.0,8.4,26706.0,0,,0,0.0,0
39159,2011,38212.0,3263746.0,68279.0,,27.4,119.3698336340412,5.9,36.5,11.597788750379951,,,25991.0,1391470815.0,53537.0,,1168.0,7.2,26653.0,0,,0,0.0,0
39159,2012,40317.0,3277190.0,65866.0,7.3,27.8,120.79192327201054,6.2,36.8,12.449056640462976,,,27646.0,1454905972.0,52627.0,,1148.0,5.8,26346.0,0,,0,0.0,0
39159,2013,42689.0,3479616.0,65086.0,7.8,27.0,122.01945993019254,6.3,37.1,13.00207451367027,,,28925.0,1560207716.0,53940.0,,1120.0,5.8,26611.0,0,,0,0.0,0
39159,2014,44397.0,3671868.0,64758.0,7.9,26.0,122.96211543940022,5.6,37.6,13.637628643128894,,,30035.0,1650902013.0,54967.0,,1140.0,4.5,26874.0,0,,0,0.0,0
39159,2015,45654.0,3781244.0,67382.0,8.7,26.2,123.84223606224768,4.2,38.1,13.310397053852096,,,31051.0,1729398165.0,55695.0,,1207.0,3.9,27111.0,0,,0,0.0,0
39159,2016,47296.0,3905439.0,71282.0,7.9,29.1,124.96554790982933,3.7,38.2,12.765977972638298,,,31542.0,1794588257.0,56896.0,,1227.0,3.8,27903.0,0,,0,0.0,0
39159,2017,51810.0,4383725.0,78848.0,7.4,30.8,126.66325426916404,2.8,38.3,12.460717247383808,,,32978.0,1929777254.0,58517.0,,1273.0,3.7,28546.0,0,,0,0.0,0
39159,2018,55995.0,4571438.0,82775.0,6.9,33.0,128.9006135367184,2.5,38.4,12.192630978598226,,,34319.0,2008284542.0,58518.0,,1320.0,3.5,28789.0,0,,0,0.0,0
39159,2019,57523.0,4538234.0,86715.0,5.9,35.5,131.33947410476677,1.9,38.0,11.967381886971362,,,33532.0,2013122083.0,60036.0,,1333.0,3.2,29672.0,0,,0,0.0,0
39159,2020,61796.0,4411001.0,88565.0,5.2,35.5,134.0354225389627,2.8,38.1,11.922723319103964,,,32137.0,2047326304.0,63706.0,,1382.0,5.8,29504.0,0,,0,0.0,0
39159,2021,66995.0,4627494.0,96634.0,4.7,37.8,143.06360724385596,3.0,38.4,12.206060667131233,,,32701.0,2123326248.0,64932.0,,1450.0,3.6,29796.0,0,,0,0.0,0
39159,2022,69340.0,4791384.0,104496.0,5.2,39.3,146.8666547773179,2.9,38.4,14.214423396885053,,,33295.0,2360635857.0,70900.0,50.0,1518.0,3.0,30108.0,0,,0,0.0,0
39161,2010,32159.0,1034178.0,44415.0,,14.1,70.94952951240377,9.3,39.3,10.879390972580126,,,9807.0,321742839.0,32807.0,,626.0,12.1,14974.0,0,,0,0.0,0
39161,2011,34281.0,1070760.0,45111.0,,13.9,70.58535989245998,9.7,39.7,11.709422784499832,,,9965.0,339057835.0,34025.0,,629.0,9.3,14498.0,0,,0,0.0,0
39161,2012,34503.0,1124815.0,44602.0,10.4,15.0,70.40938531101064,9.8,40.2,12.658181972497983,,,9952.0,337475241.0,33912.0,,625.0,7.5,14157.0,0,,0,0.0,0
39161,2013,36403.0,1140368.0,45355.0,12.5,15.4,70.10876206770133,10.7,41.1,13.340218239420832,,,10275.0,355666172.0,34614.0,,610.0,6.9,14202.0,0,,0,0.0,0
39161,2014,37023.0,1196580.0,46436.0,13.3,15.4,69.93034339484296,9.7,41.5,14.087748839425617,,,10692.0,376721225.0,35235.0,,611.0,4.9,14443.0,0,,0,0.0,0
39161,2015,36770.0,1284850.0,48060.0,12.8,15.7,69.8423561041183,7.5,41.5,13.499048529543447,,,10795.0,380404168.0,35238.0,,626.0,4.2,14373.0,0,,0,0.0,0
39161,2016,38091.0,1322373.0,50547.0,12.3,17.2,69.65904924844189,5.8,41.4,13.017872280958544,,,10853.0,388127183.0,35764.0,,628.0,4.1,14361.0,0,,0,0.0,0
39161,2017,39417.0,1396562.0,50974.0,12.7,16.4,69.07491140168642,5.3,41.4,12.463860404006558,,,11075.0,415791333.0,37542.0,,629.0,3.9,14583.0,0,,0,0.0,0
39161,2018,41256.0,1401188.0,52754.0,11.1,16.2,69.12134913845779,4.4,40.9,12.086423615761577,,,11169.0,437043800.0,39129.0,,630.0,3.5,14485.0,0,,0,0.0,0
39161,2019,41397.0,1303672.0,54254.0,11.1,16.6,69.0724673102774,3.9,41.2,11.874290642946342,,,11789.0,470248053.0,39888.0,,640.0,3.3,15155.0,0,,0,0.0,0
39161,2020,46137.0,1230646.0,55991.0,9.4,17.2,68.9551509226445,5.1,41.2,11.94944307426261,,,10949.0,468255182.0,42769.0,,630.0,7.0,14737.0,0,,0,0.0,0
39161,2021,50212.0,1304309.0,59210.0,9.8,16.7,70.40938531101064,4.9,41.3,12.067028560701347,,,11060.0,496200788.0,44865.0,,642.0,4.0,14404.0,0,,0,0.0,0
39161,2022,50030.0,1348248.0,64841.0,8.4,17.2,70.4704875962361,3.8,41.3,14.705944231309015,,,11212.0,515390727.0,45967.0,19.0,641.0,3.3,14357.0,0,,0,0.0,0
39163,2010,25897.0,277500.0,34242.0,,9.2,32.702007954214764,9.7,38.9,11.210481070553294,,,2178.0,68224570.0,31324.0,,219.0,13.5,5805.0,0,,0,0.0,0
39163,2011,27386.0,299747.0,34399.0,,7.9,32.63410612086526,11.3,39.5,11.180217445470896,,,2227.0,74375586.0,33396.0,,220.0,11.9,5717.0,0,,0,0.0,0
39163,2012,29063.0,291151.0,34432.0,21.4,7.9,32.48860219225919,10.5,39.5,12.30400919327184,,,2113.0,81750276.0,38698.0,,218.0,10.8,5550.0,0,,0,0.0,0
39163,2013,28047.0,248390.0,36705.0,20.6,8.5,32.41100009700262,9.4,39.8,13.224253070985233,,,2192.0,67630760.0,30856.0,,217.0,10.6,5573.0,0,,0,0.0,0
39163,2014,29923.0,245058.0,37984.0,22.7,8.7,32.29944708507129,12.1,40.5,14.021930840525282,,,2251.0,71856041.0,31927.0,,213.0,8.0,5529.0,0,,0,0.0,0
39163,2015,30737.0,242586.0,40680.0,20.7,9.1,32.09331651954603,12.0,41.0,13.507455147912877,,,2241.0,74502604.0,33243.0,,200.0,6.6,5479.0,0,,0,0.0,0
39163,2016,31593.0,277273.0,41080.0,21.3,9.6,31.836259579008633,10.7,41.0,13.157136846599366,,,2222.0,77485243.0,34869.0,,200.0,7.1,5476.0,0,,0,0.0,0
39163,2017,32710.0,272004.0,41541.0,21.1,10.3,31.87021049568338,10.6,41.9,12.808515811304868,,,2204.0,77789729.0,35291.0,,205.0,6.8,5491.0,0,,0,0.0,0
39163,2018,33893.0,307009.0,42114.0,20.9,11.5,31.79503346590358,9.8,42.2,12.49265114409427,,,2274.0,79965991.0,35168.0,,210.0,6.2,5529.0,0,,0,0.0,0
39163,2019,35081.0,313897.0,45673.0,19.0,12.8,31.727131632554077,7.0,42.9,12.227321119110956,,,2343.0,83209053.0,35516.0,,221.0,5.7,5621.0,0,,0,0.0,0
39163,2020,39305.0,289423.0,45034.0,20.0,12.8,31.634979144436898,5.8,43.2,12.69616355086,,,2223.0,84047693.0,37804.0,,219.0,9.2,5599.0,0,,0,0.0,0
39163,2021,41486.0,303446.0,46653.0,18.9,13.1,31.169366572897463,4.9,43.4,13.070890152059688,,,2215.0,86933985.0,39240.0,,215.0,6.2,5461.0,0,,0,0.0,0
39163,2022,40979.0,351921.0,50967.0,19.1,15.4,31.01658744786109,3.6,43.6,15.266289388068232,,,2222.0,90794414.0,40871.0,7.0,214.0,5.0,5396.0,0,,0,0.0,0
39165,2010,43690.0,8547740.0,71274.0,,35.9,517.6283608227648,6.3,37.0,12.708388633717195,,,73884.0,2937525215.0,39758.0,31.0,4168.0,9.1,110296.0,0,,0,0.0,0
39165,2011,46111.0,8819747.0,71961.0,,36.5,524.7828372281884,6.9,37.2,12.67125525409181,,,74536.0,3035992228.0,40732.0,32.0,4235.0,7.9,109330.0,0,,0,0.0,0
39165,2012,48149.0,9095332.0,72055.0,6.4,36.9,530.9707618072526,7.5,37.5,12.093782463340617,,,75680.0,3190970706.0,42164.0,8.0,4280.0,6.5,109086.0,0,,0,0.0,0
39165,2013,49063.0,9297424.0,72487.0,6.3,37.9,536.2718501745024,7.8,37.9,12.205511079113734,,,80806.0,3416480136.0,42280.0,20.0,4332.0,6.4,109788.0,0,,0,0.0,0
39165,2014,50985.0,9805994.0,73177.0,5.8,38.7,542.1234745047044,7.0,38.2,12.36277542537152,,,83134.0,3651948876.0,43928.0,29.0,4445.0,5.0,111252.0,0,,0,0.0,0
39165,2015,52549.0,10166567.0,74379.0,5.6,39.6,547.8355965094524,6.1,38.7,12.030840460645456,,,87537.0,4002151860.0,45720.0,24.0,4645.0,4.2,112777.0,0,,0,0.0,0
39165,2016,55042.0,11030646.0,76200.0,5.4,41.0,553.4854406903372,5.0,39.1,11.909131336497447,,,91010.0,4512816898.0,49586.0,28.0,4782.0,4.2,115051.0,0,,0,0.0,0
39165,2017,57554.0,11511613.0,79397.0,5.1,41.9,557.6804749057736,4.5,39.1,11.454487541094236,,,91785.0,4549013768.0,49562.0,32.0,4914.0,4.1,117057.0,0,,0,0.0,0
39165,2018,59156.0,11768655.0,83330.0,4.6,42.3,564.3965154311992,3.6,39.3,10.943210489006963,,,94139.0,4915341220.0,52214.0,40.0,5141.0,3.8,118866.0,0,,0,0.0,0
39165,2019,62463.0,12725938.0,87125.0,4.6,43.0,570.7936934984443,3.0,39.4,10.908754438047366,,,97028.0,5398897538.0,55643.0,29.0,5249.0,3.5,121515.0,0,,0,0.0,0
39165,2020,65733.0,12349932.0,89410.0,4.9,43.7,579.2834064474985,3.4,39.6,10.368912695803504,,,91917.0,5505064843.0,59892.0,45.0,5427.0,6.4,119662.0,0,,0,0.0,0
39165,2021,71081.0,13925655.0,95709.0,4.8,44.1,596.7610549365139,3.5,39.6,10.239331647131523,,,96260.0,6019063531.0,62529.0,47.0,5745.0,4.0,120752.0,0,,0,0.0,0
39165,2022,73235.0,14039065.0,103128.0,5.1,44.7,605.8112683003385,3.0,39.5,12.157292527917864,,,99419.0,6282509291.0,63192.0,348.0,6093.0,3.3,122415.0,0,,0,0.0,0
39167,2010,31791.0,3198741.0,41654.0,,16.0,98.2097364765006,8.3,42.0,10.57067660322732,,,23703.0,846015411.0,35692.0,,1631.0,11.4,29845.0,0,,0,0.0,0
39167,2011,33926.0,3290483.0,43185.0,,15.0,98.01985524720952,8.8,42.3,11.222474868546604,,,23726.0,879891516.0,37086.0,3.0,1633.0,10.1,28966.0,0,,0,0.0,0
39167,2012,35235.0,3367424.0,43829.0,15.6,15.9,97.71129824961152,8.9,42.7,12.362708845404452,,,23816.0,930249659.0,39060.0,3.0,1603.0,8.6,28429.0,0,,0,0.0,0
39167,2013,35832.0,3237690.0,42834.0,15.3,16.0,97.47236436942023,9.2,43.0,13.377131321725072,,,24044.0,953120652.0,39641.0,,1592.0,8.6,28347.0,0,,0,0.0,0
39167,2014,37713.0,3541972.0,43512.0,16.6,16.6,97.2714067350872,8.6,43.5,14.270424467758028,,,24687.0,1043542309.0,42271.0,,1581.0,6.4,28302.0,0,,0,0.0,0
39167,2015,39092.0,3748675.0,43509.0,16.4,17.5,97.07836081864129,6.8,43.6,13.691843464311122,,,25154.0,1087542546.0,43236.0,,1606.0,6.1,28152.0,0,,0,0.0,0
39167,2016,39054.0,3680598.0,44763.0,15.7,18.4,96.76663913388842,4.7,43.6,13.277641016542113,,,24941.0,1086397134.0,43558.0,,1627.0,7.0,27890.0,0,,0,0.0,0
39167,2017,40273.0,3523235.0,46021.0,15.5,18.7,96.31883590147696,4.2,43.8,12.827381027692928,,,25031.0,1128305757.0,45076.0,,1645.0,6.2,27453.0,0,,0,0.0,0
39167,2018,42880.0,3399295.0,48572.0,15.1,19.2,96.00236718599182,4.0,44.1,12.493148905598852,,,25208.0,1165396191.0,46232.0,,1612.0,5.6,27307.0,0,,0,0.0,0
39167,2019,44155.0,3560045.0,50021.0,14.2,18.8,95.61469300952254,4.0,44.3,12.229488878354037,,,25399.0,1225302454.0,48242.0,,1620.0,5.4,27680.0,0,,0,0.0,0
39167,2020,46797.0,3446214.0,51808.0,13.2,18.7,95.28398320184056,4.6,44.4,12.628147311972278,,,23700.0,1188539884.0,50149.0,,1606.0,8.6,26810.0,0,,0,0.0,0
39167,2021,51569.0,3544061.0,54167.0,13.6,19.8,94.84883871804853,5.3,44.3,13.00824298664779,,,24232.0,1276003250.0,52657.0,9.0,1619.0,5.6,26500.0,0,,0,0.0,0
39167,2022,51478.0,3483865.0,59053.0,14.1,20.5,94.36938861408856,5.2,44.1,15.477260187780326,,,24796.0,1365743737.0,55079.0,60.0,1636.0,4.7,26595.0,0,,0,0.0,0
39169,2010,32455.0,4802164.0,48375.0,,19.1,206.27301550679627,6.4,37.8,10.22330463016536,,,41622.0,1505935318.0,36181.0,22.0,2599.0,9.3,60232.0,0,,0,0.0,0
39169,2011,34946.0,4956752.0,49261.0,,19.2,206.3991896018126,6.8,38.1,11.136399739092006,,,42037.0,1568185120.0,37305.0,,2620.0,7.7,59028.0,0,,0,0.0,0
39169,2012,35593.0,5065613.0,49241.0,11.8,19.4,206.64432784355856,6.6,38.4,12.115072168613931,,,43173.0,1632751005.0,37819.0,,2634.0,6.1,59078.0,0,,0,0.0,0
39169,2013,36916.0,5472904.0,49135.0,12.4,20.0,206.83539147315463,6.8,38.7,12.89042468566871,,,43684.0,1700726430.0,38933.0,,2615.0,6.2,59284.0,0,,0,0.0,0
39169,2014,38642.0,5796795.0,49244.0,13.4,20.2,207.2463585254935,6.0,38.7,13.621029252473113,,,44557.0,1794160247.0,40267.0,,2616.0,4.6,59683.0,0,,0,0.0,0
39169,2015,39542.0,5809808.0,50383.0,13.2,21.2,207.95473594465645,4.8,38.8,13.353349012308232,,,45900.0,1892299279.0,41226.0,,2650.0,4.0,60189.0,0,,0,0.0,0
39169,2016,39880.0,5683643.0,51363.0,12.7,21.5,208.63247108360116,4.3,38.8,12.838724751534436,,,47407.0,1992659986.0,42033.0,,2715.0,4.0,61460.0,0,,0,0.0,0
39169,2017,42057.0,6096594.0,54037.0,13.0,21.0,208.9352889116403,4.0,38.7,12.662888428997457,,,48118.0,2130079390.0,44268.0,,2721.0,3.9,62014.0,0,,0,0.0,0
39169,2018,44089.0,6274253.0,56348.0,12.4,21.9,209.4634176236371,3.9,38.5,12.45082836769187,,,48426.0,2207664396.0,45588.0,,2732.0,3.6,61439.0,0,,0,0.0,0
39169,2019,45607.0,6481395.0,58300.0,11.3,22.2,209.266946532826,3.5,38.7,12.177976666884245,,,49335.0,2332379165.0,47277.0,,2723.0,3.3,62672.0,0,,0,0.0,0
39169,2020,49062.0,6399345.0,61424.0,10.7,22.5,209.20205699824615,3.3,38.6,12.370500195611042,,,45623.0,2260606313.0,49550.0,,2735.0,5.9,60302.0,0,,0,0.0,0
39169,2021,53562.0,6636680.0,64594.0,10.0,23.4,210.63503422021705,3.6,38.9,12.857073997511232,,,46515.0,2439736363.0,52451.0,,2822.0,3.7,59801.0,0,,0,0.0,0
39169,2022,53835.0,6590512.0,70320.0,8.8,24.0,210.3141915214613,3.3,38.8,14.564443987736018,,,47351.0,2568240982.0,54239.0,129.0,2917.0,3.2,60006.0,0,,0,0.0,0
39171,2010,31887.0,1522952.0,44538.0,,12.9,90.74311795749536,10.7,39.7,11.40253747917592,,,15409.0,524044893.0,34010.0,,884.0,13.2,19567.0,0,,0,0.0,0
39171,2011,33693.0,1584941.0,44604.0,,12.7,90.29857842438074,10.9,39.8,11.654058128781314,,,15490.0,540793367.0,34912.0,,884.0,10.7,18875.0,0,,0,0.0,0
39171,2012,33961.0,1613352.0,43176.0,13.7,12.9,89.80887177292826,12.0,40.6,11.660782168946236,,,16207.0,572604252.0,35330.0,,868.0,7.9,18863.0,0,,0,0.0,0
39171,2013,34643.0,1660910.0,43089.0,13.7,12.8,89.43802595920695,11.9,41.5,11.826634636922597,,,16331.0,584001823.0,35761.0,,874.0,7.4,18643.0,0,,0,0.0,0
39171,2014,35981.0,1683068.0,42455.0,14.5,13.7,89.12898778110588,9.8,41.5,12.10519075040299,,,16749.0,610330892.0,36440.0,,879.0,5.5,18833.0,0,,0,0.0,0
39171,2015,37323.0,1711519.0,42492.0,14.9,13.9,88.87462558836114,7.1,41.6,12.84826414032382,,,17310.0,650625411.0,37587.0,,882.0,4.5,19074.0,0,,0,0.0,0
39171,2016,37972.0,1721067.0,45044.0,14.4,14.2,88.59886844482479,5.8,41.6,12.210056127166348,,,17332.0,660369406.0,38102.0,,894.0,4.5,19100.0,0,,0,0.0,0
39171,2017,39101.0,1727968.0,47593.0,13.5,14.6,88.10203014310845,5.0,41.4,12.79113897118728,,,17353.0,677835532.0,39061.0,,892.0,4.4,19108.0,0,,0,0.0,0
39171,2018,40540.0,1709817.0,49491.0,13.7,15.0,87.80487804878048,4.4,41.2,12.952046670936468,,,17532.0,707346597.0,40347.0,,885.0,3.6,19056.0,0,,0,0.0,0
39171,2019,42209.0,1805266.0,53183.0,11.2,15.2,87.51961203822565,3.8,41.4,12.621823805070523,,,17559.0,734153301.0,41810.0,,890.0,3.3,19211.0,0,,0,0.0,0
39171,2020,44934.0,1707228.0,52855.0,11.0,15.1,87.38648789996671,3.8,41.4,12.3171079890586,,,16336.0,718391305.0,43975.0,,885.0,7.7,18788.0,0,,0,0.0,0
39171,2021,49111.0,1764394.0,55030.0,10.7,14.6,88.01882755669662,3.4,41.2,13.033141982495152,,,16420.0,756691166.0,46083.0,8.0,898.0,4.4,18298.0,0,,0,0.0,0
39171,2022,50010.0,1724401.0,60632.0,11.2,14.4,87.89283506870156,3.5,41.5,13.177302683176269,,,16549.0,800828002.0,48391.0,46.0,910.0,3.4,18107.0,0,,0,0.0,0
39173,2010,38045.0,6096149.0,53298.0,,29.3,203.01800823770745,9.6,34.6,10.037954564063416,,,55365.0,2163924031.0,39085.0,124.0,2896.0,9.9,68646.0,0,,0,0.0,0
39173,2011,38925.0,6361675.0,53610.0,,30.1,203.45711498763697,9.6,34.9,11.23238921499829,,,57304.0,2263730112.0,39504.0,134.0,2911.0,8.3,68178.0,0,,0,0.0,0
39173,2012,39440.0,6379515.0,53441.0,13.8,29.4,204.57189522362037,10.0,35.1,12.283850936720302,,,59380.0,2317823829.0,39034.0,135.0,2893.0,6.9,68703.0,0,,0,0.0,0
39173,2013,40042.0,6455026.0,52069.0,14.7,29.5,206.3072580619027,10.3,35.1,13.221021163705858,,,59756.0,2419088529.0,40482.0,137.0,2902.0,7.0,69045.0,0,,0,0.0,0
39173,2014,41480.0,6789868.0,52758.0,14.8,30.8,207.62619863180169,8.9,35.0,14.054967411969963,,,61219.0,2593333911.0,42362.0,156.0,2914.0,5.2,69341.0,0,,0,0.0,0
39173,2015,43086.0,6741560.0,53577.0,14.3,31.1,208.8349574341907,7.2,34.8,13.599829172356412,,,63202.0,2695612178.0,42651.0,137.0,2943.0,4.3,69812.0,0,,0,0.0,0
39173,2016,43824.0,6871124.0,55985.0,13.7,31.7,209.69858805305577,6.3,34.7,13.16554188222418,,,65646.0,2828565861.0,43088.0,148.0,2960.0,4.2,70927.0,0,,0,0.0,0
39173,2017,44698.0,7029084.0,58033.0,13.4,32.2,209.83793558255368,5.5,34.6,12.830708244563429,,,66704.0,2943002415.0,44121.0,147.0,3024.0,4.4,71047.0,0,,0,0.0,0
39173,2018,46592.0,7262811.0,59789.0,13.3,33.1,210.5379138702642,4.8,34.8,12.554286797206188,,,66051.0,3076214012.0,46573.0,162.0,3043.0,4.0,71179.0,0,,0,0.0,0
39173,2019,47499.0,7639849.0,62390.0,12.9,33.5,210.88466237389855,4.5,34.9,12.3079498166935,,,67860.0,3172527657.0,46751.0,172.0,3091.0,3.7,72113.0,0,,0,0.0,0
39173,2020,50634.0,7277388.0,63189.0,13.1,34.3,211.71426627044437,4.9,35.1,12.655164962724742,,,64239.0,3164865098.0,49267.0,167.0,3097.0,7.0,69228.0,0,,0,0.0,0
39173,2021,55682.0,7836167.0,66337.0,12.6,36.3,213.7688321704836,5.2,35.1,13.08055278232798,,,66989.0,3435025268.0,51277.0,158.0,3186.0,4.3,68808.0,0,,0,0.0,0
39173,2022,56958.0,8060979.0,70537.0,12.9,37.5,213.1757950100622,4.9,35.4,15.233098984315776,,,72022.0,3779428511.0,52476.0,164.0,3302.0,3.5,69232.0,0,,0,0.0,0
39175,2010,32574.0,847817.0,47216.0,,13.4,55.70452149164739,7.4,40.6,10.24037205163754,,,7738.0,257969760.0,33339.0,,574.0,11.1,12195.0,0,,0,0.0,0
39175,2011,35730.0,900382.0,47958.0,,14.2,55.69469055910971,8.2,41.2,11.152853725026407,,,7927.0,269681103.0,34020.0,,569.0,9.2,12085.0,0,,0,0.0,0
39175,2012,36219.0,926466.0,46129.0,9.4,13.2,55.60866989940498,8.4,41.4,12.137925252241969,,,8312.0,301241271.0,36243.0,27.0,569.0,6.8,12139.0,0,,0,0.0,0
39175,2013,37966.0,924376.0,44448.0,11.1,12.0,55.500529641490466,8.1,41.4,12.914291205359762,,,8607.0,309468124.0,35955.0,34.0,572.0,6.3,12350.0,0,,0,0.0,0
39175,2014,38491.0,983160.0,46904.0,11.3,13.0,55.385016184172684,7.7,41.6,13.648694137580032,,,8815.0,328461414.0,37262.0,34.0,577.0,4.4,12386.0,0,,0,0.0,0
39175,2015,38787.0,931287.0,47555.0,11.8,14.1,55.21789033103207,6.6,42.0,13.38921484208646,,,8916.0,350158920.0,39275.0,34.0,573.0,3.7,12387.0,0,,0,0.0,0
39175,2016,40010.0,946443.0,50723.0,11.1,14.6,54.952455152514624,5.5,41.7,12.86457159075732,,,9250.0,364495354.0,39406.0,35.0,576.0,3.7,12724.0,0,,0,0.0,0
39175,2017,41593.0,997501.0,49767.0,11.3,15.0,54.53709825279751,4.2,41.3,12.67798071755375,,,9212.0,380646857.0,41322.0,35.0,584.0,3.7,12720.0,0,,0,0.0,0
39175,2018,44244.0,1049405.0,52940.0,9.5,15.7,54.33310640264059,3.8,42.1,12.471045487082405,,,9509.0,419196768.0,44083.0,37.0,575.0,3.2,12782.0,0,,0,0.0,0
39175,2019,45670.0,1063882.0,55767.0,7.4,17.2,54.07012895725756,2.7,42.1,12.194047302889034,,,9772.0,442363760.0,45270.0,39.0,561.0,3.1,13156.0,0,,0,0.0,0
39175,2020,50242.0,1042253.0,57925.0,7.2,19.3,53.84155977575642,3.3,43.0,12.374366854965588,,,9090.0,437751398.0,48160.0,39.0,550.0,6.9,12895.0,0,,0,0.0,0
39175,2021,55226.0,1090617.0,61626.0,7.0,19.4,53.90546083725137,2.7,42.3,12.866821660661316,,,9419.0,465328879.0,49404.0,36.0,557.0,3.6,12826.0,0,,0,0.0,0
39175,2022,55585.0,1069333.0,68552.0,6.9,21.2,53.622821526792976,2.8,42.3,14.576071039768106,,,9941.0,508228516.0,51124.0,37.0,573.0,2.9,13176.0,0,,0,0.0,0
39999,2010,,,,,,,,,,,,65119.0,4251943922.0,65295.0,498.0,13471.0,,,0,,0,0.0,0
39999,2011,,,,,,,,,,,,76041.0,5148837779.0,67711.0,600.0,15212.0,,,0,,0,0.0,0
39999,2012,,,,,,,,,,,,86616.0,6010619447.0,69394.0,651.0,16147.0,,,0,,0,0.0,0
39999,2013,,,,,,,,,,,,98347.0,6884016028.0,69997.0,756.0,17490.0,,,0,,0,0.0,0
39999,2014,,,,,,,,,,,,106399.0,7637165101.0,71779.0,899.0,18360.0,,,0,,0,0.0,0
39999,2015,,,,,,,,,,,,107843.0,8008579961.0,74261.0,1013.0,18334.0,,,0,,0,0.0,0
39999,2016,,,,,,,,,,,,111883.0,8538230428.0,76314.0,1106.0,18140.0,,,0,,0,0.0,0
39999,2017,,,,,,,,,,,,117198.0,9526957963.0,81289.0,1134.0,18131.0,,,0,,0,0.0,0
39999,2018,,,,,,,,,,,,120533.0,9916143662.0,82269.0,1354.0,18140.0,,,0,,0,0.0,0
39999,2019,,,,,,,,,,,,121223.0,10196129192.0,84110.0,1542.0,18258.0,,,0,,0,0.0,0
39999,2020,,,,,,,,,,,,119111.0,10632133331.0,89262.0,1935.0,18677.0,,,0,,0,0.0,0
39999,2021,,,,,,,,,,,,135918.0,12694322150.0,93397.0,2239.0,20155.0,,,0,,0,0.0,0
39999,2022,,,,,,,,,,,,170375.0,16694028375.0,97984.0,2038.0,23515.0,,,0,,0,0.0,0
51001,2010,33744.0,2874071.0,41372.0,,18.0,75.8172960293067,9.2,43.9,11.74771254372116,,,13308.0,413847367.0,31098.0,,946.0,8.1,16831.0,0,,0,0.0,0
51001,2011,33794.0,2689413.0,41595.0,,17.4,75.00495196041993,7.6,44.2,11.75877622241577,,,12800.0,394235736.0,30801.0,,932.0,8.4,16564.0,0,,0,0.0,0
51001,2012,35204.0,2705675.0,40780.0,20.2,17.6,74.4552287138034,7.0,44.5,11.823409252757964,,,12654.0,413759083.0,32699.0,,949.0,7.7,16388.0,0,,0,0.0,0
51001,2013,35413.0,2318672.0,39328.0,20.5,17.2,74.0880046826628,6.4,44.8,11.277384974918505,,,12715.0,420516286.0,33073.0,,948.0,7.0,16226.0,0,,0,0.0,0
51001,2014,36349.0,1947169.0,39389.0,20.5,18.3,73.81203025926017,7.5,44.9,11.73313465646087,,,12660.0,434889932.0,34351.0,,974.0,6.6,16112.0,0,,0,0.0,0
51001,2015,37526.0,1763719.0,39412.0,19.6,18.8,73.70075024982361,6.8,45.3,12.027638828624529,,,12894.0,456005395.0,35365.0,,1079.0,5.4,15938.0,0,,0,0.0,0
51001,2016,39929.0,1682787.0,38503.0,19.5,18.3,73.57834223944342,7.0,45.4,11.674144634068991,,,13051.0,468950090.0,35931.0,,1141.0,4.8,15820.0,0,,0,0.0,0
51001,2017,43525.0,1714967.0,42260.0,19.8,19.6,73.08871019792262,5.4,46.0,11.119828857385023,,,13292.0,499616135.0,37587.0,,1152.0,4.5,16789.0,0,,0,0.0,0
51001,2018,44919.0,1772218.0,43210.0,19.9,18.5,72.870601379427,4.2,45.9,11.662256053602702,,,13464.0,527140053.0,39151.0,,1167.0,3.8,16815.0,0,,0,0.0,0
51001,2019,47761.0,1804289.0,46073.0,19.0,19.5,72.71703496640457,3.9,45.9,12.0600878880222,,,13214.0,525592554.0,39776.0,,1130.0,3.5,16657.0,0,,0,0.0,0
51001,2020,51125.0,1793560.0,46178.0,19.8,19.7,72.46554214507798,3.8,45.8,12.17858932005753,,,12144.0,538211481.0,44321.0,,1074.0,6.7,15893.0,0,,0,0.0,0
51001,2021,56694.0,1897523.0,50601.0,16.9,21.0,74.30833910134716,3.9,47.1,12.12167171433787,,,11817.0,557909668.0,47213.0,,1061.0,4.3,15338.0,0,,0,0.0,0
51001,2022,54927.0,1779121.0,52694.0,15.9,21.3,74.26160149738381,3.7,47.3,13.398279797389751,,,12107.0,598834864.0,49462.0,17.0,1482.0,3.2,15584.0,0,,0,0.0,0
51003,2010,,,64847.0,,51.6,134.1245738904496,4.2,37.6,10.249173132804248,,,48526.0,2261134693.0,46596.0,101.0,2947.0,6.1,51043.0,0,,0,0.0,0
51003,2011,,,65934.0,,51.8,135.99140563408432,4.3,37.9,10.461995747804378,,,49729.0,2328827898.0,46830.0,109.0,2971.0,5.6,52080.0,0,,0,0.0,0
51003,2012,,,67797.0,8.9,52.2,138.0817019953586,4.4,38.2,11.018734895483728,,,50134.0,2451881659.0,48906.0,112.0,3036.0,5.1,52571.0,0,,0,0.0,0
51003,2013,,,67725.0,10.2,52.2,139.68065379362417,4.5,38.7,10.800083287538182,,,50213.0,2474097547.0,49272.0,,3100.0,4.7,52554.0,0,,0,0.0,0
51003,2014,,,67958.0,9.7,52.1,141.411463596087,4.4,38.5,10.97207323903027,,,50562.0,2530332970.0,50044.0,,3141.0,4.4,53788.0,0,,0,0.0,0
51003,2015,,,68449.0,10.2,51.7,143.11173786073576,3.8,38.6,11.176056669058015,,,52026.0,2691723979.0,51738.0,97.0,3359.0,3.8,54136.0,0,,0,0.0,0
51003,2016,,,70342.0,9.7,51.5,144.7481650917732,3.2,38.9,11.26797529589872,,,53600.0,2796680195.0,52177.0,99.0,3510.0,3.5,54534.0,0,,0,0.0,0
51003,2017,,,72265.0,9.8,52.3,145.88353190686107,3.2,38.6,11.49482824699718,,,56126.0,2994779153.0,53358.0,93.0,3674.0,3.3,55877.0,0,,0,0.0,0
51003,2018,,,75394.0,9.8,53.5,147.61850564629853,2.9,38.8,11.65217646078996,,,56453.0,3078875068.0,54538.0,74.0,3814.0,2.7,56437.0,0,,0,0.0,0
51003,2019,,,79880.0,9.1,55.1,149.07588358742603,2.6,39.1,11.977542588421638,,,58217.0,3212223130.0,55177.0,,3773.0,2.4,58210.0,0,,0,0.0,0
51003,2020,,,84643.0,7.7,58.7,151.0384858814777,3.4,39.4,12.00152696247702,,,55139.0,3271007190.0,59323.0,69.0,3733.0,5.5,55996.0,0,,0,0.0,0
51003,2021,,,90568.0,6.9,58.9,154.6736028603471,3.3,39.3,11.97368727045505,,,56359.0,3559522512.0,63158.0,64.0,3912.0,3.2,56218.0,0,,0,0.0,0
51003,2022,,,97708.0,7.1,60.1,156.16568027626334,3.1,39.7,13.353236969639568,,,54699.0,3663017380.0,66966.0,60.0,4391.0,2.6,58034.0,0,,0,0.0,0
51005,2010,,,43160.0,,14.9,36.73763693200649,6.2,44.7,10.24198416033923,,,4272.0,151219265.0,35396.0,,311.0,8.8,7964.0,0,,0,0.0,0
51005,2011,,,44329.0,,15.3,36.55849448689125,7.3,45.1,10.666317590762583,,,4214.0,156114737.0,37047.0,,314.0,7.8,7893.0,0,,0,0.0,0
51005,2012,,,46133.0,10.5,16.1,36.49355535053698,5.8,46.1,11.069659246601573,,,4277.0,179412586.0,41949.0,,323.0,6.9,7788.0,0,,0,0.0,0
51005,2013,,,44848.0,12.6,16.4,36.365916358392376,7.1,46.6,10.7396094360692,,,4038.0,130480270.0,32316.0,,324.0,6.4,7515.0,0,,0,0.0,0
51005,2014,,,45183.0,14.2,16.9,36.12631333805075,6.2,46.8,10.865144982078537,,,3849.0,125999321.0,32740.0,,316.0,5.8,7221.0,0,,0,0.0,0
51005,2015,,,45007.0,17.0,15.7,35.97628154026674,5.1,47.2,11.07814639005796,,,3844.0,129133794.0,33594.0,,331.0,5.0,7075.0,0,,0,0.0,0
51005,2016,,,45538.0,18.3,16.3,35.647107297367505,4.6,48.0,11.20452573165948,,,3793.0,129756262.0,34211.0,,354.0,5.0,6941.0,0,,0,0.0,0
51005,2017,,,46020.0,19.3,15.8,34.684216654873126,4.4,46.9,11.539566597433067,,,3754.0,128167376.0,34145.0,,355.0,4.5,7070.0,0,,0,0.0,0
51005,2018,,,47794.0,20.2,15.4,34.22964270039322,5.6,47.4,11.677346552087425,,,3770.0,129103237.0,34246.0,,362.0,3.7,6959.0,0,,0,0.0,0
51005,2019,,,47673.0,19.7,15.0,33.9407755076449,4.4,48.1,12.076638096259794,,,3730.0,131142156.0,35162.0,,360.0,3.3,7000.0,0,,0,0.0,0
51005,2020,,,48513.0,15.7,14.6,33.65638687602447,4.6,48.0,12.179610359243735,,,3470.0,128997211.0,37180.0,,361.0,6.8,6753.0,0,,0,0.0,0
51005,2021,,,49705.0,14.0,15.3,34.18485708911441,3.2,48.0,12.13029958147936,,,3428.0,132563123.0,38669.0,,377.0,4.1,6552.0,0,,0,0.0,0
51005,2022,,,52546.0,13.7,15.2,33.94525406877278,3.7,48.0,13.40972176536102,,,3505.0,148901671.0,42487.0,4.0,497.0,3.2,6596.0,0,,0,0.0,0
51007,2010,33344.0,287530.0,50135.0,,13.1,35.22343538946421,7.0,41.5,10.282210032054651,,,2393.0,75529399.0,31568.0,,317.0,8.7,6238.0,0,,0,0.0,0
51007,2011,34026.0,272867.0,51540.0,,13.7,35.54423683025664,7.6,41.4,10.691799061995594,,,2350.0,72851787.0,31004.0,,306.0,7.5,6251.0,0,,0,0.0,0
51007,2012,35487.0,288187.0,50596.0,10.1,14.5,35.665240882485364,8.0,41.6,11.0931723907492,,,2345.0,76834278.0,32759.0,,316.0,6.4,6208.0,0,,0,0.0,0
51007,2013,37825.0,291648.0,52885.0,8.3,14.0,35.77217469608284,7.2,42.9,10.75946646071212,,,2309.0,80230091.0,34745.0,,312.0,5.8,6173.0,0,,0,0.0,0
51007,2014,38409.0,298328.0,55870.0,9.6,15.6,35.91850517784781,6.0,43.3,10.912454565193537,,,2314.0,82695100.0,35733.0,,310.0,5.2,6230.0,0,,0,0.0,0
51007,2015,40534.0,309190.0,56850.0,11.6,14.5,35.95508779828906,5.0,45.8,11.12969535789322,,,2385.0,85565249.0,35883.0,,333.0,4.4,6215.0,0,,0,0.0,0
51007,2016,40527.0,288835.0,58269.0,11.6,14.1,36.00011256190905,4.0,44.3,11.2417094507521,,,2462.0,85143662.0,34588.0,,368.0,4.2,6207.0,0,,0,0.0,0
51007,2017,41215.0,285025.0,58535.0,13.0,14.5,36.02543899144529,3.3,46.5,11.55578940355895,,,2491.0,88108379.0,35377.0,,391.0,3.9,6268.0,0,,0,0.0,0
51007,2018,41601.0,264269.0,58526.0,13.4,15.9,36.17176947321026,2.8,46.0,11.692904121985697,,,2506.0,88912416.0,35481.0,,414.0,3.3,6233.0,0,,0,0.0,0
51007,2019,43367.0,276192.0,57946.0,10.7,17.1,36.45036019810896,3.4,45.1,12.099282954018316,,,2513.0,94078283.0,37444.0,,416.0,3.1,6351.0,0,,0,0.0,0
51007,2020,45866.0,259232.0,63918.0,10.7,18.2,36.4981990094552,4.4,45.0,12.234671176288956,,,2472.0,98784241.0,39965.0,,404.0,6.0,6079.0,0,,0,0.0,0
51007,2021,50824.0,295190.0,57420.0,11.1,17.7,37.20171094101756,4.3,45.0,12.151613242956484,,,2496.0,106162128.0,42527.0,,398.0,3.5,6072.0,0,,0,0.0,0
51007,2022,54041.0,327025.0,63438.0,11.1,17.7,37.45216118865376,4.1,45.1,13.444412732541378,,,2523.0,111055190.0,44019.0,,443.0,2.9,6282.0,0,,0,0.0,0
51009,2010,29800.0,878459.0,44757.0,,15.6,68.18057143821656,5.7,41.1,10.231740059403515,,,8857.0,294491259.0,33249.0,,701.0,8.2,16372.0,0,,0,0.0,0
51009,2011,30709.0,852175.0,44383.0,,16.2,68.23120840911297,7.5,42.0,10.403387146588983,,,8917.0,293015941.0,32859.0,,702.0,7.2,16153.0,0,,0,0.0,0
51009,2012,31199.0,841449.0,45020.0,11.7,16.7,68.15103320519367,7.7,42.4,10.987932895187988,,,9044.0,300216024.0,33195.0,,708.0,6.6,16043.0,0,,0,0.0,0
51009,2013,31365.0,884668.0,44945.0,11.4,17.4,68.03077039931472,7.5,42.8,10.781951688033216,,,8927.0,297182563.0,33290.0,,692.0,6.0,15801.0,0,,0,0.0,0
51009,2014,32764.0,848465.0,44765.0,11.2,18.3,68.01600128280326,7.6,43.1,10.94579860028265,,,8834.0,299620779.0,33915.0,,683.0,5.3,15682.0,0,,0,0.0,0
51009,2015,33864.0,860981.0,47558.0,13.0,18.3,67.82822251572911,6.6,43.6,11.111971876607951,,,8459.0,278011207.0,32866.0,,719.0,4.7,15340.0,0,,0,0.0,0
51009,2016,34450.0,824201.0,47002.0,14.1,18.9,67.51385132141395,5.5,43.9,11.234332851682009,,,8409.0,299369605.0,35601.0,,742.0,4.3,15010.0,0,,0,0.0,0
51009,2017,35443.0,806386.0,49677.0,13.4,19.9,67.13407403969094,5.6,43.9,11.521983933733797,,,8267.0,301706784.0,36496.0,,766.0,4.0,15146.0,0,,0,0.0,0
51009,2018,36765.0,813582.0,49170.0,13.9,19.2,67.266996088294,6.1,44.3,11.606094762532628,,,8109.0,306931527.0,37850.0,,787.0,3.3,15005.0,0,,0,0.0,0
51009,2019,38023.0,795316.0,52888.0,14.0,19.1,67.04123959304755,5.8,44.8,11.90883609239478,,,7975.0,305716159.0,38333.0,,778.0,3.2,15128.0,0,,0,0.0,0
51009,2020,40740.0,759430.0,57368.0,10.9,21.3,67.056008709559,4.9,44.9,11.975425435295207,,,7565.0,306108931.0,40462.0,,768.0,5.8,14636.0,0,,0,0.0,0
51009,2021,44260.0,812178.0,60876.0,11.3,21.8,66.20994932083163,5.0,44.9,11.98637277162861,,,7626.0,311232827.0,40815.0,,777.0,3.7,14515.0,0,,0,0.0,0
51009,2022,44920.0,783250.0,64454.0,11.3,21.9,66.30489364126238,4.5,43.9,13.35391234711895,,,7729.0,334340136.0,43256.0,21.0,871.0,3.0,14759.0,0,,0,0.0,0
51011,2010,30549.0,285608.0,49224.0,,11.8,43.84185456460338,7.7,43.3,10.281620927337054,,,3199.0,86943085.0,27175.0,5.0,359.0,8.8,7354.0,0,,0,0.0,0
51011,2011,31553.0,281324.0,47992.0,,13.9,44.34151946000287,9.4,42.5,10.448576012961738,,,3155.0,86309725.0,27356.0,,366.0,7.9,7250.0,0,,0,0.0,0
51011,2012,31617.0,286945.0,50092.0,16.4,13.9,44.73646416774379,8.3,42.3,11.028708981355727,,,3034.0,80720937.0,26609.0,,369.0,7.3,7211.0,0,,0,0.0,0
51011,2013,32334.0,304706.0,50167.0,17.7,15.0,45.0416487146345,7.4,42.5,10.812306863100051,,,3034.0,81554995.0,26883.0,,365.0,6.3,7158.0,0,,0,0.0,0
51011,2014,33548.0,296525.0,47927.0,18.2,15.3,45.289985159653405,7.3,42.5,10.998926150886913,,,3023.0,81353067.0,26914.0,,380.0,5.6,7139.0,0,,0,0.0,0
51011,2015,34928.0,301519.0,48823.0,17.7,17.7,45.50241754033223,6.6,42.3,11.172145764881945,,,3068.0,86454425.0,28179.0,,418.0,4.8,7066.0,0,,0,0.0,0
51011,2016,35540.0,295646.0,52134.0,17.3,19.6,45.81957010866964,4.5,42.8,11.279437119326031,,,3194.0,90768533.0,28415.0,,465.0,4.6,7006.0,0,,0,0.0,0
51011,2017,36495.0,300302.0,54875.0,14.4,20.6,46.26238690219733,3.5,43.5,11.5477832412064,,,3281.0,94548315.0,28821.0,,485.0,4.3,7151.0,0,,0,0.0,0
51011,2018,37753.0,300463.0,56176.0,13.5,19.8,46.60646751878979,3.8,42.9,11.63294842081019,,,3272.0,97937967.0,29936.0,,512.0,3.7,7148.0,0,,0,0.0,0
51011,2019,38799.0,297513.0,58696.0,13.2,20.9,46.995428215807365,3.3,42.6,11.947064804878307,,,3242.0,98893606.0,30505.0,,506.0,3.4,7250.0,0,,0,0.0,0
51011,2020,41555.0,293447.0,55457.0,13.5,21.5,47.31557278950644,2.8,42.7,12.024895154111933,,,3227.0,105769491.0,32781.0,,488.0,5.9,7060.0,0,,0,0.0,0
51011,2021,45775.0,326332.0,55268.0,13.3,19.5,47.988773995883,3.7,42.6,12.006795428819348,,,3326.0,117298064.0,35265.0,,479.0,3.8,6998.0,0,,0,0.0,0
51011,2022,45929.0,325131.0,60041.0,13.8,19.3,48.62906314328115,3.5,43.1,13.383735852159363,,,3465.0,132041329.0,38104.0,1.0,579.0,3.1,7105.0,0,,0,0.0,0
51013,2010,79216.0,31972405.0,94880.0,,70.1,7595.761049351849,3.2,33.9,10.220767619434053,,,162679.0,13075488110.0,80376.0,725.0,8034.0,4.2,137453.0,0,,0,0.0,0
51013,2011,82336.0,32704138.0,99651.0,,70.7,7808.55483324999,3.4,33.8,10.642320779623974,,,168271.0,13663956050.0,81202.0,770.0,8241.0,3.7,141644.0,0,,0,0.0,0
51013,2012,83499.0,31433131.0,102459.0,7.2,71.2,8042.351040504674,3.6,33.7,11.044668644654392,,,165776.0,13405480811.0,80865.0,716.0,8535.0,3.4,143875.0,0,,0,0.0,0
51013,2013,79030.0,30557245.0,103208.0,8.0,71.7,8264.838250567373,3.9,33.8,10.72088033141516,,,165044.0,13319750920.0,80704.0,812.0,8694.0,3.4,145169.0,0,,0,0.0,0
51013,2014,82623.0,30689850.0,105120.0,8.8,72.0,8469.16951955995,3.6,33.8,10.845198937440564,,,164576.0,13562985242.0,82412.0,771.0,8661.0,3.2,145098.0,0,,0,0.0,0
51013,2015,85196.0,31870414.0,105763.0,9.0,72.9,8614.263184213563,3.7,33.9,11.055026234667997,,,170256.0,14489824018.0,85106.0,963.0,9221.0,2.8,144902.0,0,,0,0.0,0
51013,2016,86290.0,32541434.0,108706.0,8.7,73.7,8696.84963649652,3.4,34.1,11.185673295112666,,,172888.0,14862535640.0,85966.0,1011.0,9348.0,2.6,146628.0,0,,0,0.0,0
51013,2017,89695.0,33997126.0,112138.0,8.2,74.1,8829.249528791785,3.2,34.4,11.524501496229677,,,176659.0,15666993660.0,88685.0,1013.0,9226.0,2.5,151365.0,0,,0,0.0,0
51013,2018,94324.0,35530163.0,117374.0,7.2,74.6,8916.528830249645,2.9,34.5,11.66164086138545,,,178158.0,16526889128.0,92765.0,1196.0,9205.0,2.0,152864.0,0,,0,0.0,0
51013,2019,96204.0,36825830.0,120071.0,6.8,75.3,8980.420817786668,2.7,34.7,12.056458043354928,,,182197.0,17497660898.0,96037.0,1285.0,9132.0,1.9,154980.0,0,,0,0.0,0
51013,2020,98460.0,36785680.0,122604.0,6.4,75.8,9094.66476901181,2.8,34.8,12.179610359243735,,,174422.0,18158213977.0,104105.0,1355.0,9143.0,4.6,151165.0,0,,0,0.0,0
51013,2021,109830.0,39028124.0,128145.0,6.5,76.3,9068.892564526675,2.9,35.1,12.13029958147936,,,172234.0,18344688111.0,106510.0,1292.0,9448.0,3.0,152177.0,0,,0,0.0,0
51013,2022,116839.0,38535970.0,137387.0,6.7,76.8,9072.008308651,2.8,35.3,13.40972176536102,,,174381.0,19472188588.0,111665.0,1233.0,10382.0,2.0,156767.0,0,,0,0.0,0
51015,2010,,,50612.0,,19.1,75.69327683300348,4.6,42.3,10.216254791684737,,,24592.0,916788532.0,37281.0,5.0,1573.0,7.3,37184.0,0,,0,0.0,0
51015,2011,,,51719.0,,19.1,76.02934211859693,4.8,42.7,10.638245452544185,,,24919.0,945330703.0,37936.0,41.0,1589.0,6.3,37375.0,0,,0,0.0,0
51015,2012,,,50971.0,9.3,19.9,76.16997251502988,4.8,43.3,11.059000161083098,,,24770.0,963772096.0,38909.0,,1610.0,5.7,36990.0,0,,0,0.0,0
51015,2013,,,52027.0,9.5,19.9,76.23615152511597,5.6,43.5,10.754216700515997,,,25351.0,1002574238.0,39548.0,,1632.0,5.1,36905.0,0,,0,0.0,0
51015,2014,,,54018.0,9.3,21.2,76.21650463149666,5.0,44.0,10.883488137502203,,,25753.0,1045081718.0,40580.0,,1647.0,4.6,36977.0,0,,0,0.0,0
51015,2015,,,54558.0,9.5,22.0,76.57428490477461,4.7,44.2,11.100698435959636,,,26267.0,1092582441.0,41596.0,,1728.0,4.0,36791.0,0,,0,0.0,0
51015,2016,,,56802.0,9.2,23.3,76.86071593280349,4.9,44.5,11.220234424692489,,,27115.0,1136615593.0,41919.0,,1773.0,3.6,36898.0,0,,0,0.0,0
51015,2017,,,59544.0,8.8,23.4,76.9227587547592,4.1,44.6,11.545483702400126,,,26793.0,1158474322.0,43238.0,33.0,1820.0,3.4,37072.0,0,,0,0.0,0
51015,2018,,,61305.0,9.2,23.5,77.24434738189632,3.6,44.8,11.69953436437784,,,27582.0,1237393473.0,44862.0,28.0,1897.0,2.7,36949.0,0,,0,0.0,0
51015,2019,,,62711.0,8.7,22.7,77.63521716021732,3.5,45.1,12.106785075557198,,,28508.0,1300506725.0,45618.0,35.0,1918.0,2.4,37698.0,0,,0,0.0,0
51015,2020,,,65076.0,8.9,22.3,78.3331989072191,2.9,45.1,12.204783919511335,,,27428.0,1331800383.0,48557.0,44.0,1916.0,4.8,36837.0,0,,0,0.0,0
51015,2021,,,69082.0,8.4,22.6,79.5678510641378,3.0,45.1,12.151519169939082,,,27532.0,1415037052.0,51395.0,39.0,1966.0,3.1,36795.0,0,,0,0.0,0
51015,2022,,,76124.0,8.1,23.3,80.06936387494649,3.0,44.8,13.41772771121438,,,28800.0,1572289737.0,54594.0,28.0,2121.0,2.5,38307.0,0,,0,0.0,0
51017,2010,37801.0,249647.0,50589.0,,11.5,9.030578115728966,2.7,47.0,10.233701770903563,,,2076.0,65429325.0,31513.0,,164.0,7.7,2513.0,0,,0,0.0,0
51017,2011,42952.0,249477.0,52500.0,,13.3,8.970109712359363,2.2,46.4,10.655206773716673,,,2183.0,69418784.0,31805.0,,159.0,6.3,2572.0,0,,0,0.0,0
51017,2012,47923.0,223620.0,51528.0,13.9,16.1,8.905862033779162,3.1,45.4,11.058169557646426,,,2223.0,72032057.0,32398.0,,167.0,5.7,2582.0,0,,0,0.0,0
51017,2013,45870.0,226341.0,51365.0,16.4,20.2,8.85484181843606,1.6,46.0,10.73028754396037,,,2259.0,78047312.0,34553.0,,167.0,5.2,2578.0,0,,0,0.0,0
51017,2014,48124.0,223607.0,46153.0,9.3,19.8,8.775477039013458,4.1,49.8,10.85617329253671,,,2334.0,81128341.0,34758.0,,166.0,4.4,2602.0,0,,0,0.0,0
51017,2015,51906.0,224185.0,43646.0,7.7,21.8,8.660209145090155,6.0,48.3,11.068963422730484,,,2327.0,83785675.0,36011.0,,217.0,4.0,2546.0,0,,0,0.0,0
51017,2016,55143.0,227781.0,44985.0,8.4,15.4,8.612968204957653,8.7,47.2,11.196118719058022,,,2308.0,88256010.0,38239.0,,235.0,3.6,2499.0,0,,0,0.0,0
51017,2017,59115.0,223251.0,44483.0,9.3,15.9,8.424004444427649,9.1,47.3,11.53170508140376,,,2292.0,88380199.0,38567.0,,223.0,3.0,2585.0,0,,0,0.0,0
51017,2018,60074.0,208439.0,46137.0,11.3,14.9,8.301178000083144,8.8,47.6,11.670233146850116,,,2246.0,83594937.0,37221.0,,212.0,2.5,2524.0,0,,0,0.0,0
51017,2019,63285.0,222135.0,49738.0,10.9,15.9,8.13866916602734,8.0,47.8,12.068541299091848,,,2205.0,88621263.0,40194.0,,197.0,2.4,2485.0,0,,0,0.0,0
51017,2020,69660.0,198547.0,55481.0,18.7,17.4,8.027180547314636,6.4,48.9,12.179610359243735,,,1783.0,81790869.0,45862.0,,173.0,10.3,2294.0,0,,0,0.0,0
51017,2021,73587.0,215428.0,55807.0,19.2,18.6,8.017732359288136,1.7,50.9,12.13029958147936,,,1880.0,90592169.0,48189.0,,176.0,4.4,2244.0,0,,0,0.0,0
51017,2022,73729.0,232037.0,55699.0,23.7,18.3,7.893016277338332,2.0,51.8,13.40972176536102,,,2102.0,106142029.0,50488.0,,319.0,2.4,2418.0,0,,0,0.0,0
51019,2010,36073.0,1964179.0,54110.0,,24.2,89.06281245724269,5.0,43.2,,,,15638.0,483972059.0,30949.0,,1648.0,7.2,39107.0,0,,0,0.0,0
51019,2011,37283.0,1961446.0,56021.0,,24.8,89.82323471524948,6.0,43.4,,,,15252.0,486236168.0,31880.0,,1639.0,6.5,38759.0,0,,0,0.0,0
51019,2012,39071.0,1965112.0,56906.0,8.8,24.7,90.4481492006357,6.3,44.0,,,,15540.0,507326044.0,32647.0,,1653.0,5.8,38267.0,0,,0,0.0,0
51019,2013,39299.0,2026249.0,57596.0,8.2,25.0,91.007283213876,6.9,44.5,,,,15382.0,513909432.0,33409.0,164.0,1652.0,5.6,38242.0,0,,0,0.0,0
51019,2014,40360.0,2008692.0,56043.0,10.2,26.3,99.46928315072674,7.0,44.9,,,,18645.0,647426842.0,34724.0,144.0,1982.0,5.0,38576.0,0,,0,0.0,0
51019,2015,41965.0,2055574.0,56316.0,9.7,26.7,100.59544483386485,5.8,45.3,,,,18896.0,673780775.0,35658.0,,2108.0,4.4,38381.0,0,,0,0.0,0
51019,2016,42441.0,2010594.0,56725.0,9.2,27.8,101.21378127203646,4.7,45.6,,,,18876.0,685671749.0,36325.0,,2164.0,4.0,38012.0,0,,0,0.0,0
51019,2017,44281.0,2007410.0,59405.0,8.9,28.3,101.72160651700293,4.4,45.9,,,,18735.0,690819732.0,36874.0,5.0,2192.0,3.8,38458.0,0,,0,0.0,0
51019,2018,45779.0,2021989.0,61541.0,9.1,28.9,102.49650047888184,4.0,46.2,,,,18983.0,714384991.0,37634.0,4.0,2271.0,3.1,38429.0,0,,0,0.0,0
51019,2019,47762.0,1970848.0,64199.0,8.9,29.2,103.1122056981676,3.6,46.3,,,,18846.0,731399991.0,38809.0,14.0,2282.0,2.8,38895.0,0,,0,0.0,0
51019,2020,50394.0,1888891.0,67136.0,8.1,30.9,103.88709966004652,3.4,46.6,,,,18129.0,731419677.0,40346.0,14.0,2252.0,5.3,37881.0,0,,0,0.0,0
51019,2021,53817.0,2039282.0,70870.0,8.8,31.0,104.17390251860272,3.1,46.7,,,,18219.0,759517579.0,41689.0,4.0,2287.0,3.4,37712.0,0,,0,0.0,0
51019,2022,54784.0,1999962.0,74773.0,9.1,32.6,104.93432477660951,2.9,46.8,,,,18194.0,809390628.0,44486.0,72.0,2469.0,2.8,38331.0,0,,0,0.0,0
51021,2010,27534.0,207431.0,41552.0,,12.0,19.217057969920397,5.6,44.6,10.36436838569141,,,1910.0,71801000.0,37584.0,,116.0,8.8,2899.0,0,,0,0.0,0
51021,2011,29452.0,201244.0,42864.0,,10.8,19.211465926280088,5.1,44.9,9.356993665749382,,,1877.0,73035270.0,38909.0,,117.0,7.4,2854.0,0,,0,0.0,0
51021,2012,30272.0,198020.0,42658.0,14.2,11.3,19.0884409661933,8.2,44.2,10.714058865721642,,,1927.0,72969103.0,37867.0,,121.0,6.9,2871.0,0,,0,0.0,0
51021,2013,30214.0,195989.0,42139.0,16.6,14.7,18.998968267948364,8.1,43.9,10.958068789328276,,,1941.0,75881339.0,39101.0,,120.0,6.6,2877.0,0,,0,0.0,0
51021,2014,30665.0,204594.0,43508.0,13.5,14.2,18.808838784177873,8.3,44.3,11.297868876207362,,,1980.0,78542717.0,39671.0,,122.0,5.9,2876.0,0,,0,0.0,0
51021,2015,31723.0,209382.0,45294.0,10.8,14.1,18.627097365867844,8.7,44.8,11.232867607133509,,,1924.0,79630749.0,41392.0,,134.0,5.6,2792.0,0,,0,0.0,0
51021,2016,32493.0,202705.0,47800.0,9.7,16.2,18.487296274860128,6.5,44.9,11.353329131743251,,,1907.0,79525662.0,41698.0,,139.0,5.1,2742.0,0,,0,0.0,0
51021,2017,34817.0,207147.0,46927.0,8.3,14.2,18.241246354686552,6.7,45.3,11.440578146643997,,,1924.0,81953405.0,42601.0,,131.0,4.0,2894.0,0,,0,0.0,0
51021,2018,35801.0,219213.0,50511.0,8.4,17.4,18.025952674534672,7.1,46.1,11.18195564905387,,,1961.0,86828481.0,44281.0,,132.0,3.2,2844.0,0,,0,0.0,0
51021,2019,37065.0,211954.0,48531.0,10.3,14.2,17.86098738714557,5.4,46.4,10.972725394088512,,,1961.0,87450602.0,44602.0,,125.0,2.7,2853.0,0,,0,0.0,0
51021,2020,39403.0,201561.0,50365.0,11.3,13.4,17.710002208857237,4.3,46.1,10.814283664139614,,,1845.0,86386065.0,46832.0,,120.0,5.8,2786.0,0,,0,0.0,0
51021,2021,42528.0,195848.0,54556.0,11.8,13.3,17.553424986928597,4.0,45.8,11.145614291553938,,,1829.0,88539485.0,48398.0,,120.0,3.4,2741.0,0,,0,0.0,0
51021,2022,43948.0,193796.0,59901.0,10.7,16.4,17.44997217958289,3.3,46.4,13.02587405093559,,,1840.0,96771179.0,52586.0,,213.0,2.8,2774.0,0,,0,0.0,0
51023,2010,39450.0,1132155.0,64724.0,,22.9,60.72133255492577,3.8,43.6,10.25317635717518,,,8961.0,317288715.0,35408.0,,782.0,6.6,17722.0,0,,0,0.0,0
51023,2011,41419.0,1197614.0,65633.0,,22.9,60.885758836527025,4.4,44.3,10.424256045232688,,,9162.0,329514869.0,35967.0,,779.0,5.9,17703.0,0,,0,0.0,0
51023,2012,42529.0,1183643.0,66053.0,6.7,22.7,61.10376222112195,5.0,45.0,10.9960520662193,,,9621.0,354697143.0,36866.0,,793.0,5.4,17702.0,0,,0,0.0,0
51023,2013,43138.0,1380694.0,65935.0,7.7,24.9,61.1074571937422,5.5,45.7,10.77011171066036,,,10052.0,365502483.0,36362.0,,802.0,5.1,17634.0,0,,0,0.0,0
51023,2014,44635.0,1432084.0,63011.0,7.2,25.4,61.16103429673586,5.3,46.1,10.931182848749588,,,10124.0,381080653.0,37643.0,,791.0,4.8,17749.0,0,,0,0.0,0
51023,2015,46106.0,1401900.0,60454.0,8.2,26.2,61.25340861224219,4.6,46.4,11.093312402337226,,,10465.0,401997710.0,38413.0,,824.0,4.1,17459.0,0,,0,0.0,0
51023,2016,46861.0,1344008.0,61470.0,8.3,27.3,61.32176560571687,4.1,46.9,11.22138190922537,,,10286.0,396261814.0,38526.0,29.0,845.0,3.6,17375.0,0,,0,0.0,0
51023,2017,47687.0,1211425.0,64733.0,7.7,28.3,61.24232369438143,3.8,47.2,11.5168082318789,,,10354.0,413716495.0,39957.0,29.0,860.0,3.5,17435.0,0,,0,0.0,0
51023,2018,49498.0,1258822.0,68410.0,8.0,28.7,61.37719019502066,3.9,47.0,11.586604325656843,,,10764.0,451164719.0,41914.0,29.0,886.0,2.7,17354.0,0,,0,0.0,0
51023,2019,51240.0,1288173.0,71110.0,6.5,28.3,61.60073603854596,3.2,47.2,11.881601121688,,,11424.0,485872450.0,42530.0,29.0,887.0,2.5,17651.0,0,,0,0.0,0
51023,2020,55062.0,1256247.0,72719.0,6.2,26.9,61.77994221062823,2.8,47.4,11.951627745559977,,,10545.0,475045043.0,45048.0,28.0,871.0,4.7,17164.0,0,,0,0.0,0
51023,2021,58346.0,1350515.0,72941.0,6.7,27.4,61.96838581426112,3.1,47.1,11.966648477436427,,,10668.0,504607534.0,47303.0,28.0,908.0,3.0,17171.0,0,,0,0.0,0
51023,2022,59862.0,1366704.0,77680.0,7.2,27.7,62.3231031858054,3.1,47.5,13.3464479880855,,,10900.0,560164542.0,51392.0,27.0,1027.0,2.4,17646.0,0,,0,0.0,0
51025,2010,26463.0,396088.0,35184.0,,11.9,31.27152378698559,8.4,40.0,10.316525377894727,,,4155.0,120978231.0,29113.0,,405.0,11.5,6968.0,0,,0,0.0,0
51025,2011,27150.0,362221.0,34170.0,,13.5,30.999551422203535,11.8,40.4,10.723900927979932,,,4061.0,117154558.0,28848.0,,417.0,10.5,6806.0,0,,0,0.0,0
51025,2012,27682.0,373188.0,33859.0,26.5,12.3,30.679895590868792,11.1,41.0,11.121508136732556,,,4066.0,122443024.0,30115.0,,434.0,9.9,6717.0,0,,0,0.0,0
51025,2013,27843.0,362225.0,36293.0,24.0,12.2,30.411455334720273,11.6,41.4,10.786805283985798,,,4141.0,129557537.0,31288.0,,449.0,9.2,6656.0,0,,0,0.0,0
51025,2014,28707.0,347111.0,37028.0,23.5,13.3,29.954047266677733,9.8,41.6,10.939802416710576,,,3980.0,128951876.0,32404.0,,476.0,7.9,6485.0,0,,0,0.0,0
51025,2015,29710.0,330558.0,36919.0,22.2,13.1,29.899299582857967,10.5,41.7,11.157159908730716,,,3960.0,131474814.0,33199.0,,548.0,6.7,6355.0,0,,0,0.0,0
51025,2016,30692.0,699437.0,38858.0,21.9,12.4,29.268818191772304,6.8,42.6,11.25930633755677,,,3940.0,135073822.0,34281.0,,597.0,5.9,6216.0,0,,0,0.0,0
51025,2017,31335.0,834403.0,40871.0,20.9,13.1,29.02510269605852,7.8,43.4,11.571047822630142,,,3785.0,134669392.0,35579.0,,638.0,5.2,6176.0,0,,0,0.0,0
51025,2018,31787.0,793619.0,41927.0,21.4,14.3,29.431295188914827,7.1,43.2,11.7170034468442,,,3605.0,124329162.0,34489.0,,667.0,5.0,6023.0,0,,0,0.0,0
51025,2019,33379.0,819800.0,44434.0,20.4,13.6,29.175217312983676,9.6,43.3,12.12071979365678,,,3523.0,129667317.0,36802.0,,631.0,4.6,6066.0,0,,0,0.0,0
51025,2020,36716.0,876467.0,46111.0,19.5,14.8,28.850263318698627,6.9,44.6,12.2486114343247,,,3274.0,123561800.0,37737.0,,574.0,8.2,5906.0,0,,0,0.0,0
51025,2021,40344.0,815307.0,49597.0,17.8,16.1,28.334575458202792,6.9,43.3,12.158764258234664,,,3114.0,127519375.0,40947.0,,577.0,6.1,5754.0,0,,0,0.0,0
51025,2022,42244.0,817994.0,52678.0,17.2,16.0,28.19505716717823,5.2,44.6,13.457168788489794,,,3153.0,143354687.0,45471.0,14.0,712.0,4.5,5840.0,0,,0,0.0,0
51027,2010,29886.0,1328778.0,29183.0,,8.9,48.640360820436946,12.8,42.6,10.36436838569141,,,7977.0,348721909.0,43717.0,,590.0,10.1,8339.0,0,,0,0.0,0
51027,2011,31888.0,1293274.0,30606.0,,9.4,48.07160726572723,9.5,43.4,9.356993665749382,,,8270.0,382140492.0,46209.0,,585.0,8.5,8458.0,0,,0,0.0,0
51027,2012,32169.0,1140068.0,29821.0,25.0,7.6,47.86876508887271,10.4,43.9,10.714058865721642,,,8392.0,385545264.0,45942.0,,601.0,8.9,8569.0,0,,0,0.0,0
51027,2013,31335.0,1084577.0,29848.0,25.9,8.3,47.56847912117632,11.4,44.8,10.958068789328276,,,7689.0,349850471.0,45500.0,,576.0,10.8,8159.0,0,,0,0.0,0
51027,2014,31790.0,1001032.0,29678.0,24.0,8.6,47.09716935730849,11.2,45.3,11.297868876207362,,,7344.0,340316860.0,46343.0,,566.0,10.3,7788.0,0,,0,0.0,0
51027,2015,31232.0,950423.0,29679.0,26.1,9.9,46.705405545148295,10.6,45.5,11.232867607133509,,,6872.0,307253972.0,44712.0,,577.0,10.7,7298.0,0,,0,0.0,0
51027,2016,30994.0,890966.0,30335.0,23.9,9.9,46.05312874114554,9.7,45.9,11.353329131743251,,,6489.0,268554142.0,41384.0,,590.0,10.6,6860.0,0,,0,0.0,0
51027,2017,33401.0,938410.0,30828.0,26.5,10.8,44.96533785154339,8.6,46.3,11.440578146643997,,,6591.0,287380293.0,43601.0,,584.0,7.0,7055.0,0,,0,0.0,0
51027,2018,34970.0,971171.0,30806.0,27.7,10.6,44.0247069726004,8.1,46.5,11.18195564905387,,,6625.0,302865022.0,45713.0,,579.0,5.5,6956.0,0,,0,0.0,0
51027,2019,36970.0,1011411.0,31956.0,28.4,11.8,43.32867989515844,7.2,46.8,10.972725394088512,,,6451.0,323797965.0,50193.0,,550.0,5.5,6826.0,0,,0,0.0,0
51027,2020,39666.0,927636.0,34302.0,24.9,11.8,42.50537929498423,6.5,47.6,10.814283664139614,,,5680.0,275854706.0,48570.0,,531.0,9.8,6384.0,0,,0,0.0,0
51027,2021,43420.0,1011414.0,37093.0,25.2,11.3,40.99599486133152,5.8,47.8,11.145614291553938,,,5611.0,285064329.0,50802.0,,525.0,6.6,6145.0,0,,0,0.0,0
51027,2022,45961.0,1137003.0,39591.0,25.3,10.9,40.262183456828424,6.0,47.6,13.3464479880855,,,5872.0,324326894.0,55230.0,10.0,645.0,4.6,6305.0,0,,0,0.0,0
51029,2010,23801.0,322432.0,34720.0,,12.4,29.112026265348337,6.0,43.4,10.281620927337054,,,3097.0,98664676.0,31855.0,,326.0,10.9,6583.0,0,,0,0.0,0
51029,2011,24594.0,514153.0,36378.0,,13.5,29.36563938974126,8.1,41.7,10.448576012961738,,,3093.0,101039611.0,32665.0,,323.0,9.5,6583.0,0,,0,0.0,0
51029,2012,25263.0,660460.0,37843.0,24.7,13.7,29.451902357221847,7.4,41.4,11.028708981355727,,,3198.0,108026819.0,33781.0,,337.0,8.4,6460.0,0,,0,0.0,0
51029,2013,25314.0,586162.0,38648.0,23.0,11.9,29.54679162145049,10.8,42.0,10.812306863100051,,,3170.0,106717475.0,33665.0,,349.0,7.7,6406.0,0,,0,0.0,0
51029,2014,26421.0,526198.0,38484.0,22.2,11.2,29.45362761657146,11.2,42.3,10.998926150886913,,,3168.0,110296438.0,34819.0,,361.0,6.7,6322.0,0,,0,0.0,0
51029,2015,27360.0,530812.0,40331.0,19.1,10.4,29.446726579173017,11.2,42.2,11.172145764881945,,,3228.0,115088882.0,35651.0,,397.0,5.8,6317.0,0,,0,0.0,0
51029,2016,27698.0,535290.0,43514.0,17.6,11.9,29.38116672388777,8.7,42.4,11.279437119326031,,,3286.0,118975472.0,36205.0,,413.0,5.3,6273.0,0,,0,0.0,0
51029,2017,28867.0,503385.0,46610.0,16.6,11.4,29.412221392180776,8.4,42.7,11.5477832412064,,,3245.0,119224794.0,36736.0,,422.0,5.3,6377.0,0,,0,0.0,0
51029,2018,29712.0,525472.0,46261.0,17.1,11.3,29.33630998079786,6.9,42.7,11.63294842081019,,,3244.0,120168214.0,37049.0,,437.0,4.5,6338.0,0,,0,0.0,0
51029,2019,31180.0,520517.0,49025.0,15.8,12.5,29.431199245026505,7.0,43.5,11.947064804878307,,,3245.0,125564869.0,38700.0,,436.0,4.1,6552.0,0,,0,0.0,0
51029,2020,33787.0,546925.0,48603.0,16.2,12.6,29.479506506815635,5.8,42.9,12.024895154111933,,,3110.0,124888544.0,40164.0,,431.0,7.6,6276.0,0,,0,0.0,0
51029,2021,37715.0,490465.0,49841.0,14.8,11.8,29.039565372664644,7.0,43.0,12.006795428819348,,,2962.0,125425601.0,42345.0,,443.0,5.1,6284.0,0,,0,0.0,0
51029,2022,39790.0,498843.0,59894.0,14.0,12.2,29.10339996860028,5.0,43.3,13.383735852159363,,,2956.0,134508544.0,45500.0,,562.0,3.8,6436.0,0,,0,0.0,0
51031,2010,,,43478.0,,16.3,107.65748489190334,5.9,40.4,10.281620927337054,,,16005.0,617687347.0,38594.0,,1255.0,7.9,27793.0,0,,0,0.0,0
51031,2011,,,45992.0,,16.1,108.27552080952768,7.0,40.9,10.448576012961738,,,15648.0,620609383.0,39660.0,,1218.0,7.1,27560.0,0,,0,0.0,0
51031,2012,,,45432.0,13.6,16.5,108.89554398090648,7.5,41.4,11.028708981355727,,,15714.0,634602196.0,40385.0,,1240.0,6.3,27044.0,0,,0,0.0,0
51031,2013,,,47162.0,14.7,17.1,109.23337711915772,7.7,41.7,10.812306863100051,,,16127.0,655447390.0,40644.0,,1242.0,5.8,26942.0,0,,0,0.0,0
51031,2014,,,47055.0,14.8,18.9,108.96708511606556,6.8,42.3,10.998926150886913,,,16351.0,677904505.0,41460.0,,1265.0,5.3,26725.0,0,,0,0.0,0
51031,2015,,,47699.0,13.4,19.3,109.32280353810658,6.0,42.4,11.172145764881945,,,16661.0,715655814.0,42954.0,,1336.0,4.7,26328.0,0,,0,0.0,0
51031,2016,,,47005.0,12.5,20.4,109.42017897207312,4.3,42.8,11.279437119326031,,,16716.0,738347388.0,44170.0,,1398.0,4.4,25973.0,0,,0,0.0,0
51031,2017,,,48823.0,11.7,21.5,109.61294258625178,3.4,42.8,11.5477832412064,,,17052.0,806305512.0,47284.0,,1439.0,4.1,26301.0,0,,0,0.0,0
51031,2018,,,50258.0,11.8,22.5,109.6367896313048,3.7,42.8,11.63294842081019,,,17177.0,815112522.0,47453.0,,1493.0,3.4,25997.0,0,,0,0.0,0
51031,2019,,,49664.0,11.0,22.5,109.74608858779789,3.7,43.0,11.947064804878307,,,17453.0,839711763.0,48113.0,,1516.0,3.1,26162.0,0,,0,0.0,0
51031,2020,,,52319.0,10.5,23.5,110.10578151734774,3.8,43.1,12.024895154111933,,,16848.0,845415837.0,50180.0,,1484.0,6.0,25539.0,0,,0,0.0,0
51031,2021,,,53918.0,9.4,24.0,110.60259495595253,4.4,42.8,12.006795428819348,,,17180.0,889248374.0,51761.0,,1523.0,3.8,25298.0,0,,0,0.0,0
51031,2022,,,59022.0,10.0,24.6,110.32835393784268,4.9,43.1,13.383735852159363,,,17793.0,951044990.0,53451.0,42.0,1972.0,3.0,25701.0,0,,0,0.0,0
51033,2010,33736.0,621873.0,57690.0,,15.5,52.798546731568194,8.5,38.7,10.2792757296186,,,5309.0,184858317.0,34821.0,,467.0,9.7,14363.0,0,,0,0.0,0
51033,2011,34703.0,590970.0,58707.0,,17.6,53.538075291592314,10.6,38.4,10.698735024291643,,,5294.0,185652827.0,35070.0,,464.0,8.9,14450.0,0,,0,0.0,0
51033,2012,36109.0,684419.0,58044.0,10.0,16.7,54.06143396484015,10.9,38.6,11.078563954272488,,,5337.0,185702176.0,34798.0,,463.0,7.6,14477.0,0,,0,0.0,0
51033,2013,36750.0,760359.0,57218.0,12.7,16.8,54.52980205285543,12.3,38.8,10.746684803862737,,,5588.0,194305984.0,34773.0,,474.0,6.9,14579.0,0,,0,0.0,0
51033,2014,37569.0,741278.0,58417.0,12.5,19.3,55.09867017595091,11.6,39.1,10.883366139617726,,,5512.0,197434331.0,35820.0,,482.0,6.1,14819.0,0,,0,0.0,0
51033,2015,41767.0,739852.0,59227.0,13.3,19.2,55.652368482430504,8.6,39.1,11.136121027576754,,,5614.0,207687476.0,36996.0,,523.0,5.0,14790.0,0,,0,0.0,0
51033,2016,39605.0,760637.0,57294.0,13.1,18.8,56.20417056183312,7.1,39.8,11.229389453977756,,,5725.0,215658038.0,37667.0,,553.0,4.4,14875.0,0,,0,0.0,0
51033,2017,41157.0,748746.0,60925.0,11.9,19.2,56.67633110400236,6.3,40.2,11.491582934592548,,,5728.0,223226934.0,38971.0,,572.0,4.2,15163.0,0,,0,0.0,0
51033,2018,41790.0,744805.0,64715.0,8.3,20.1,57.23571809171291,5.4,40.0,11.7136092600738,,,5858.0,228330515.0,38975.0,,604.0,3.5,15207.0,0,,0,0.0,0
51033,2019,43292.0,736504.0,65103.0,8.8,19.9,57.60927482587894,3.7,40.1,12.129617939764282,,,5915.0,231536267.0,39146.0,,600.0,3.2,15263.0,0,,0,0.0,0
51033,2020,46607.0,784450.0,67901.0,8.2,21.8,57.98852024127593,3.0,39.5,12.197910826297328,,,5592.0,237569309.0,42484.0,,601.0,6.9,14907.0,0,,0,0.0,0
51033,2021,50828.0,804007.0,76528.0,10.8,22.0,58.5194638228317,4.1,39.5,12.105754590834383,,,5516.0,249628420.0,45253.0,,619.0,4.3,14855.0,0,,0,0.0,0
51033,2022,51532.0,825141.0,83562.0,11.6,22.3,59.12625648746688,4.6,39.2,13.405271630284828,,,5495.0,259534935.0,47228.0,,836.0,3.1,15355.0,0,,0,0.0,0
51035,2010,,,36142.0,,11.7,63.16035589707295,8.4,44.7,10.36436838569141,,,6153.0,165602705.0,26916.0,,577.0,11.8,14032.0,0,,0,0.0,0
51035,2011,,,35841.0,,12.6,63.196164669800986,8.5,44.9,9.356993665749382,,,6031.0,162404054.0,26927.0,,564.0,9.8,13602.0,0,,0,0.0,0
51035,2012,,,33600.0,18.9,12.1,63.168781490656016,9.4,45.0,10.714058865721642,,,6136.0,166846189.0,27191.0,,594.0,8.4,13467.0,0,,0,0.0,0
51035,2013,,,32853.0,18.1,12.8,63.14771750669834,8.3,45.4,10.958068789328276,,,5994.0,167645143.0,27968.0,,587.0,8.1,13256.0,0,,0,0.0,0
51035,2014,,,33495.0,18.5,13.0,62.94129046391318,7.8,45.9,11.297868876207362,,,6069.0,173064830.0,28515.0,,589.0,6.6,13229.0,0,,0,0.0,0
51035,2015,,,35000.0,16.9,14.5,62.888630504019005,6.7,46.1,11.232867607133509,,,6256.0,184621345.0,29513.0,,605.0,5.3,13100.0,0,,0,0.0,0
51035,2016,,,37048.0,15.7,12.8,62.62954350133967,5.3,46.7,11.353329131743251,,,6471.0,195802739.0,30257.0,,608.0,5.1,12977.0,0,,0,0.0,0
51035,2017,,,41145.0,14.6,14.5,62.70116104679574,3.8,47.0,11.440578146643997,,,6573.0,202293081.0,30775.0,,601.0,4.4,13637.0,0,,0,0.0,0
51035,2018,,,43532.0,15.0,13.1,62.6400754933185,3.5,47.4,11.58046464210832,,,6402.0,204425253.0,31931.0,,624.0,3.6,13343.0,0,,0,0.0,0
51035,2019,,,44835.0,14.6,15.0,62.77277859225182,2.7,47.6,11.87440146429953,,,6214.0,199145305.0,32050.0,,618.0,3.5,13340.0,0,,0,0.0,0
51035,2020,,,44518.0,16.0,14.8,63.004482415786185,4.4,48.3,11.951627745559977,,,5811.0,193203889.0,33247.0,,600.0,8.5,13096.0,0,,0,0.0,0
51035,2021,,,45220.0,15.2,15.2,61.34464047992181,5.1,48.0,11.966648477436427,,,5895.0,209012511.0,35457.0,,615.0,4.1,12758.0,0,,0,0.0,0
51035,2022,,,49113.0,15.2,15.9,61.35095967510911,4.8,48.7,13.3464479880855,,,5836.0,218438404.0,37431.0,,735.0,3.4,12841.0,0,,0,0.0,0
51036,2010,32976.0,174717.0,46337.0,,10.9,39.39289561019349,8.4,45.6,,,,1382.0,50542675.0,36581.0,,173.0,9.8,3908.0,0,,0,0.0,0
51036,2011,35077.0,187943.0,47093.0,,12.4,39.49130950623561,8.3,46.4,,,,1431.0,52554381.0,36721.0,,170.0,9.0,3930.0,0,,0,0.0,0
51036,2012,37115.0,202394.0,48208.0,11.4,14.0,39.507711822242634,8.6,47.1,,,,1506.0,55706115.0,36983.0,,178.0,7.7,3847.0,0,,0,0.0,0
51036,2013,38411.0,213901.0,48428.0,11.8,13.9,39.39289561019349,8.1,47.4,,,,1513.0,56292959.0,37214.0,,185.0,6.6,3788.0,0,,0,0.0,0
51036,2014,39949.0,202464.0,48088.0,13.6,11.8,39.11405623807415,10.0,47.9,,,,1566.0,58839161.0,37571.0,,197.0,5.8,3730.0,0,,0,0.0,0
51036,2015,41489.0,201390.0,49563.0,13.2,13.0,38.917228445989906,8.2,48.6,,,,1557.0,62791085.0,40328.0,,215.0,5.3,3731.0,0,,0,0.0,0
51036,2016,42881.0,206676.0,54167.0,14.6,12.7,38.74227040858169,7.3,49.2,,,,1560.0,64782930.0,41519.0,,220.0,4.5,3724.0,0,,0,0.0,0
51036,2017,44810.0,213539.0,55069.0,13.2,12.8,38.39235433376526,6.2,49.8,,,,1722.0,76384297.0,44366.0,,226.0,4.7,3718.0,0,,0,0.0,0
51036,2018,45675.0,214909.0,59192.0,13.1,13.3,38.24473348970208,5.0,50.3,,,,1714.0,79380036.0,46315.0,,226.0,4.0,3657.0,0,,0,0.0,0
51036,2019,49541.0,223342.0,57198.0,13.2,14.7,38.3486148244132,3.0,50.8,,,,1664.0,78051416.0,46913.0,,226.0,3.4,3683.0,0,,0,0.0,0
51036,2020,54243.0,225670.0,60096.0,12.7,16.2,38.08071032963188,3.1,51.3,,,,1645.0,81532546.0,49564.0,,225.0,6.9,3505.0,0,,0,0.0,0
51036,2021,59841.0,222518.0,59543.0,12.3,15.6,37.27152940661888,3.4,51.4,,,,1606.0,80933773.0,50389.0,,225.0,4.3,3491.0,0,,0,0.0,0
51036,2022,58960.0,224823.0,65573.0,12.5,16.2,36.9598854024855,4.1,52.0,,,,1713.0,93519595.0,54602.0,,242.0,3.0,3596.0,0,,0,0.0,0
51037,2010,26986.0,257455.0,34881.0,,15.1,26.60236989160439,10.5,42.8,10.316525377894727,,,2610.0,72718370.0,27861.0,,276.0,10.2,5368.0,0,,0,0.0,0
51037,2011,27985.0,258353.0,37173.0,,15.2,26.51189995287147,8.8,42.9,10.723900927979932,,,2592.0,71537024.0,27602.0,,283.0,9.8,5391.0,0,,0,0.0,0
51037,2012,28705.0,261506.0,33562.0,16.7,14.6,26.396182589375883,8.4,43.5,11.121508136732556,,,2655.0,75451220.0,28422.0,,296.0,8.5,5354.0,0,,0,0.0,0
51037,2013,29584.0,266081.0,33015.0,17.9,15.6,26.253113849054063,7.1,43.8,10.786805283985798,,,2711.0,80091690.0,29542.0,,299.0,7.6,5312.0,0,,0,0.0,0
51037,2014,30233.0,262614.0,34820.0,19.3,15.4,26.08690163603313,6.4,44.1,10.939802416710576,,,2758.0,83371672.0,30233.0,,303.0,6.6,5317.0,0,,0,0.0,0
51037,2015,32202.0,273908.0,35079.0,21.3,14.0,25.905961758567297,4.9,44.6,11.157159908730716,,,2817.0,92329573.0,32781.0,,330.0,5.6,5271.0,0,,0,0.0,0
51037,2016,33417.0,286219.0,33837.0,24.7,13.0,25.735541641419243,7.0,44.7,11.25930633755677,,,2909.0,99766738.0,34299.0,,348.0,4.9,5259.0,0,,0,0.0,0
51037,2017,34361.0,276509.0,38350.0,22.7,11.9,25.617720325860095,6.8,45.2,11.571047822630142,,,2903.0,97714313.0,33657.0,,356.0,4.5,5371.0,0,,0,0.0,0
51037,2018,35140.0,266306.0,39212.0,24.1,10.2,25.447300208712043,5.8,45.8,11.7170034468442,,,2821.0,97076215.0,34411.0,,363.0,3.7,5230.0,0,,0,0.0,0
51037,2019,36395.0,260298.0,40573.0,23.7,10.9,25.331582845216456,6.0,46.2,12.12071979365678,,,2792.0,98509575.0,35281.0,,358.0,3.5,5283.0,0,,0,0.0,0
51037,2020,39435.0,259608.0,40924.0,24.1,13.9,25.148539015687067,5.5,46.1,12.2486114343247,,,2622.0,97310345.0,37119.0,,343.0,5.8,5070.0,0,,0,0.0,0
51037,2021,44749.0,271526.0,45567.0,19.1,15.1,24.416363697569516,4.1,46.6,12.158764258234664,,,2866.0,112387919.0,39215.0,,347.0,3.7,5250.0,0,,0,0.0,0
51037,2022,46695.0,291313.0,51548.0,20.3,16.6,24.327997710900156,3.6,45.4,13.457168788489794,,,3022.0,132097914.0,43717.0,,639.0,3.0,5432.0,0,,0,0.0,0
51041,2010,42438.0,15118785.0,71321.0,,35.7,728.75708962801,5.5,36.9,10.282210032054651,,,113322.0,4823722422.0,42566.0,238.0,7534.0,7.5,168850.0,0,,0,0.0,0
51041,2011,43883.0,15369007.0,72886.0,,36.0,739.070993091007,6.0,37.2,10.691799061995594,,,113833.0,4904802539.0,43088.0,422.0,7534.0,6.7,171269.0,0,,0,0.0,0
51041,2012,45533.0,15674318.0,72363.0,6.4,36.4,748.2656680188711,6.9,37.5,11.0931723907492,,,117645.0,5159465436.0,43856.0,382.0,7814.0,6.0,172730.0,0,,0,0.0,0
51041,2013,45576.0,16159059.0,72088.0,6.7,36.3,756.612657199662,7.4,37.9,10.75946646071212,,,122389.0,5353403547.0,43741.0,388.0,7900.0,5.5,174719.0,0,,0,0.0,0
51041,2014,46443.0,15551359.0,72514.0,7.2,36.6,765.8380282687849,7.4,38.0,10.912454565193537,,,124399.0,5478377672.0,44039.0,272.0,8013.0,5.0,178043.0,0,,0,0.0,0
51041,2015,48524.0,15757394.0,72609.0,7.4,36.9,774.9028349067074,6.8,38.2,11.12969535789322,,,131126.0,5832100713.0,44477.0,402.0,8473.0,4.2,178675.0,0,,0,0.0,0
51041,2016,49429.0,15707765.0,73869.0,7.4,37.7,783.5520630168168,6.4,38.6,11.2417094507521,,,134066.0,6013852539.0,44857.0,355.0,8871.0,3.8,180972.0,0,,0,0.0,0
51041,2017,50879.0,15681862.0,76969.0,7.2,38.4,792.4185253573739,5.6,38.8,11.55578940355895,,,135816.0,6277939046.0,46224.0,241.0,9034.0,3.6,185395.0,0,,0,0.0,0
51041,2018,52090.0,15989383.0,80214.0,7.1,39.9,801.5163893781906,4.9,38.8,11.692904121985697,,,138428.0,6559889505.0,47389.0,252.0,9354.0,2.9,186885.0,0,,0,0.0,0
51041,2019,54274.0,16023932.0,82599.0,6.8,40.5,811.206925049468,4.9,38.9,12.099282954018316,,,137108.0,6651812222.0,48515.0,250.0,9406.0,2.7,190204.0,0,,0,0.0,0
51041,2020,58212.0,15898229.0,84645.0,6.6,40.1,822.8927099025752,4.7,39.0,12.234671176288956,,,131601.0,6852625293.0,52071.0,221.0,9414.0,6.1,186767.0,0,,0,0.0,0
51041,2021,62396.0,16795636.0,88315.0,6.9,41.4,849.5700178982116,4.7,38.9,12.151613242956484,,,135766.0,7376119340.0,54330.0,210.0,9824.0,3.6,186665.0,0,,0,0.0,0
51041,2022,62929.0,17360574.0,95757.0,6.7,42.3,864.2593021114224,4.7,38.9,13.444412732541378,,,140474.0,8078005151.0,57505.0,567.0,10714.0,2.7,193562.0,0,,0,0.0,0
51043,2010,51440.0,563216.0,73244.0,,29.2,79.64963935134398,4.2,43.8,10.3893326896276,,,3806.0,140133465.0,36817.0,,448.0,6.8,7705.0,0,,0,0.0,0
51043,2011,53254.0,582344.0,77048.0,,30.7,80.0361501253318,4.8,44.2,10.813533960408035,,,3794.0,144903890.0,38193.0,,441.0,5.7,7761.0,0,,0,0.0,0
51043,2012,52881.0,499700.0,80186.0,7.9,31.2,80.38855700749717,5.9,44.7,11.088179610215969,,,3719.0,149341645.0,40152.0,,440.0,5.1,7728.0,0,,0,0.0,0
51043,2013,52957.0,489230.0,77597.0,6.7,31.3,80.66138814207682,6.3,45.3,10.759156932704103,,,3744.0,156921794.0,41911.0,,441.0,4.6,7626.0,0,,0,0.0,0
51043,2014,53743.0,458549.0,75508.0,9.5,32.2,81.12747466365037,6.2,45.3,10.943851026681646,,,3797.0,155820635.0,41034.0,,419.0,4.3,7572.0,0,,0,0.0,0
51043,2015,57061.0,453685.0,71295.0,11.1,31.0,81.275258194881,6.0,45.7,11.24918476415027,,,3752.0,162757671.0,43376.0,,438.0,3.9,7461.0,0,,0,0.0,0
51043,2016,60489.0,470233.0,71986.0,11.3,30.0,81.32073005064429,4.8,45.4,11.24663806266901,,,3842.0,164024993.0,42695.0,,456.0,3.5,7446.0,0,,0,0.0,0
51043,2017,61770.0,477067.0,72129.0,10.4,31.5,81.4571456179341,3.3,46.0,11.50169465182933,,,3995.0,173671114.0,43468.0,,458.0,3.4,7521.0,0,,0,0.0,0
51043,2018,62873.0,470808.0,77936.0,10.0,32.2,81.65040100492801,3.8,46.6,11.712801444690426,,,3870.0,171415202.0,44293.0,,466.0,2.9,7532.0,0,,0,0.0,0
51043,2019,67254.0,464556.0,80026.0,7.6,32.2,81.98007195921174,4.4,47.0,12.144547827194245,,,3953.0,173589785.0,43918.0,,466.0,2.4,7698.0,0,,0,0.0,0
51043,2020,68703.0,431504.0,86154.0,6.0,34.7,82.40637060699244,3.0,48.1,12.131760256684206,,,3654.0,165882482.0,45393.0,,453.0,4.7,7411.0,0,,0,0.0,0
51043,2021,75699.0,461715.0,86633.0,5.8,35.2,83.70231849624574,3.7,47.6,12.065041721446295,,,3664.0,174865037.0,47732.0,,460.0,3.1,7458.0,0,,0,0.0,0
51043,2022,77039.0,452177.0,107475.0,5.4,34.5,84.58901968362957,3.5,48.4,13.368284062870805,,,3828.0,191668763.0,50069.0,,561.0,2.5,7670.0,0,,0,0.0,0
51045,2010,29576.0,90741.0,51291.0,,13.6,15.76663070180251,1.9,43.2,10.400692159223102,,,670.0,19048372.0,28430.0,,83.0,8.1,2444.0,0,,0,0.0,0
51045,2011,30739.0,90752.0,54120.0,,15.0,15.720912654146018,1.9,43.6,9.425288275094296,,,650.0,19097101.0,29365.0,,79.0,7.5,2477.0,0,,0,0.0,0
51045,2012,32763.0,92664.0,47691.0,8.3,14.1,15.80625300977147,4.3,45.0,10.771986110155678,,,645.0,19234697.0,29814.0,,75.0,6.9,2461.0,0,,0,0.0,0
51045,2013,33513.0,97670.0,47806.0,8.7,14.6,15.84587531774043,6.0,44.7,10.998769826455083,,,658.0,21282669.0,32344.0,,74.0,6.9,2456.0,0,,0,0.0,0
51045,2014,33959.0,100438.0,46658.0,10.4,13.1,15.867210406646794,6.6,46.1,11.334563021540804,,,666.0,22459435.0,33744.0,,75.0,6.2,2466.0,0,,0,0.0,0
51045,2015,36050.0,96972.0,44330.0,11.8,14.7,15.885497625709393,4.1,47.1,11.27455679766671,,,667.0,22714925.0,34038.0,,90.0,5.4,2389.0,0,,0,0.0,0
51045,2016,35256.0,98207.0,40500.0,12.9,13.0,15.833683838365364,5.6,47.0,11.391699401071005,,,692.0,23728222.0,34298.0,,102.0,4.7,2353.0,0,,0,0.0,0
51045,2017,37468.0,97370.0,53526.0,9.3,19.2,15.63862016836433,4.1,47.5,11.479839030277684,,,708.0,24368192.0,34439.0,,113.0,4.3,2309.0,0,,0,0.0,0
51045,2018,39017.0,101228.0,55484.0,8.5,18.5,15.58375851117654,1.4,48.3,11.222929463176689,,,733.0,24736058.0,33727.0,,126.0,3.6,2299.0,0,,0,0.0,0
51045,2019,40243.0,100250.0,55708.0,8.9,23.6,15.57461490164524,1.9,46.3,11.026724329833334,,,739.0,25523444.0,34530.0,,124.0,3.1,2352.0,0,,0,0.0,0
51045,2020,42679.0,98617.0,57792.0,11.9,21.7,15.553279812738875,1.7,47.9,10.814283664139614,,,723.0,26266171.0,36325.0,,122.0,5.3,2252.0,0,,0,0.0,0
51045,2021,46919.0,110008.0,60283.0,14.2,20.7,14.977232412267066,1.4,49.2,11.145614291553938,,,746.0,29018363.0,38916.0,,126.0,3.3,2248.0,0,,0,0.0,0
51045,2022,47694.0,102582.0,66286.0,10.9,16.0,14.928466494766807,1.9,46.1,13.02587405093559,,,772.0,32896256.0,42603.0,,165.0,2.9,2310.0,0,,0,0.0,0
51047,2010,36874.0,1591571.0,65132.0,,21.6,120.65023326221626,5.6,37.1,10.244002168309608,,,14499.0,524678547.0,36188.0,23.0,1165.0,7.3,23289.0,0,,0,0.0,0
51047,2011,38964.0,1668455.0,66458.0,,21.8,122.43826924446248,6.2,37.4,10.700636137108148,,,14546.0,536720625.0,36897.0,96.0,1177.0,6.3,23359.0,0,,0,0.0,0
51047,2012,40383.0,1737931.0,65567.0,8.4,22.3,123.66985155081792,6.5,37.9,11.08038466654875,,,15006.0,563435057.0,37549.0,97.0,1219.0,5.6,23329.0,0,,0,0.0,0
51047,2013,39805.0,1780378.0,64423.0,9.1,22.6,124.81967999957804,6.9,38.1,10.749552439905257,,,15446.0,587672005.0,38047.0,96.0,1241.0,5.2,23387.0,0,,0,0.0,0
51047,2014,40473.0,1777848.0,65235.0,9.7,21.4,126.34926830297452,7.2,38.4,10.886947730436,,,15337.0,595282132.0,38813.0,102.0,1262.0,4.9,23431.0,0,,0,0.0,0
51047,2015,42138.0,1776638.0,66697.0,9.3,21.9,127.70480000632932,7.3,38.9,11.139225094474964,,,15575.0,615287074.0,39504.0,103.0,1343.0,4.3,23196.0,0,,0,0.0,0
51047,2016,43743.0,1789974.0,66160.0,9.2,22.3,129.09725280666268,6.4,38.9,11.231487271565893,,,15481.0,634244641.0,40969.0,105.0,1406.0,3.8,23481.0,0,,0,0.0,0
51047,2017,44879.0,1739155.0,69693.0,8.9,23.4,131.32043028901307,5.9,38.8,11.49375825634519,,,15769.0,655585584.0,41575.0,104.0,1447.0,3.6,24132.0,0,,0,0.0,0
51047,2018,46520.0,1826013.0,73116.0,8.2,24.7,133.04781018336598,5.3,38.8,11.716333647191762,,,15951.0,678380345.0,42530.0,100.0,1488.0,2.9,24379.0,0,,0,0.0,0
51047,2019,48844.0,1850965.0,77935.0,7.8,25.7,134.76464119286788,5.1,39.2,12.131695095125304,,,16058.0,707518333.0,44059.0,110.0,1485.0,2.6,25117.0,0,,0,0.0,0
51047,2020,51631.0,1830302.0,80663.0,7.8,25.2,136.96408368430352,4.0,39.8,12.197910826297328,,,15517.0,722673373.0,46574.0,109.0,1471.0,5.1,24655.0,0,,0,0.0,0
51047,2021,54590.0,1932297.0,85274.0,7.2,26.5,137.19088470860024,4.2,39.0,12.105754590834383,,,15896.0,781318762.0,49151.0,106.0,1540.0,3.2,24788.0,0,,0,0.0,0
51047,2022,56882.0,1976326.0,92359.0,7.3,26.8,139.30329890001502,3.9,39.5,13.405271630284828,,,16252.0,835840519.0,51430.0,124.0,1684.0,2.7,25528.0,0,,0,0.0,0
51049,2010,27739.0,159704.0,40143.0,,12.5,33.12894572298756,7.6,40.7,10.26437852888333,,,1272.0,35144670.0,27640.0,,167.0,8.6,4530.0,0,,0,0.0,0
51049,2011,28863.0,147135.0,45184.0,,14.1,33.37434532093561,9.3,41.2,10.67462025061437,,,1267.0,34917952.0,27567.0,,173.0,7.6,4552.0,0,,0,0.0,0
51049,2012,30641.0,144981.0,43137.0,14.4,15.0,33.45166300248089,9.1,41.8,11.093479727250877,,,1243.0,35314190.0,28412.0,,180.0,7.0,4520.0,0,,0,0.0,0
51049,2013,31243.0,142592.0,40557.0,16.3,14.0,33.42476989585644,9.2,42.4,10.782527119012723,,,1279.0,35829537.0,28006.0,,185.0,6.5,4508.0,0,,0,0.0,0
51049,2014,32828.0,150400.0,41484.0,18.5,16.4,33.33400566099895,10.3,43.5,10.93844773757957,,,1287.0,37628597.0,29247.0,,192.0,6.0,4553.0,0,,0,0.0,0
51049,2015,34320.0,151120.0,39301.0,20.5,14.5,33.14239227629978,10.1,44.3,11.1599697998891,,,1330.0,39663955.0,29815.0,,210.0,5.1,4573.0,0,,0,0.0,0
51049,2016,35131.0,153146.0,37489.0,22.8,15.1,32.83984482677478,8.5,44.4,11.2647283355128,,,1359.0,43786104.0,32209.0,,217.0,4.5,4609.0,0,,0,0.0,0
51049,2017,36741.0,157836.0,43020.0,21.8,16.7,32.933970699960334,7.0,44.5,11.568969860838507,,,1361.0,46483117.0,34145.0,,217.0,4.1,4731.0,0,,0,0.0,0
51049,2018,37294.0,147564.0,46221.0,19.4,17.5,32.89699267835172,7.0,45.5,11.721345831222052,,,1306.0,44048953.0,33728.0,,233.0,3.3,4667.0,0,,0,0.0,0
51049,2019,38312.0,144707.0,47469.0,17.8,14.9,33.024734934817836,4.7,45.6,12.136392122918169,,,1250.0,42863176.0,34304.0,,232.0,3.0,4687.0,0,,0,0.0,0
51049,2020,40781.0,129568.0,50565.0,10.5,16.5,33.17600865958033,2.3,44.9,12.258476213990033,,,1204.0,43790360.0,36363.0,,230.0,6.3,4564.0,0,,0,0.0,0
51049,2021,45411.0,154248.0,57568.0,7.1,17.3,32.50368099396922,2.7,45.4,12.172039147890018,,,1267.0,51477946.0,40646.0,,232.0,4.2,4590.0,0,,0,0.0,0
51049,2022,47153.0,179583.0,56497.0,7.9,18.5,32.59780686715478,3.2,46.3,13.451746225661878,,,1297.0,57909315.0,44666.0,8.0,293.0,3.3,4719.0,0,,0,0.0,0
51051,2010,28396.0,405253.0,29080.0,,8.6,48.3157866067889,9.4,43.2,10.266384888011958,,,3813.0,144316797.0,37849.0,,336.0,10.7,5524.0,0,,0,0.0,0
51051,2011,28624.0,390100.0,30556.0,,8.9,48.185661414249005,9.8,43.6,9.28741033295476,,,3715.0,150228565.0,40437.0,,339.0,9.9,5451.0,0,,0,0.0,0
51051,2012,28062.0,474628.0,32622.0,20.4,10.0,48.046457719904005,10.1,43.5,10.6353988365697,,,3593.0,146063896.0,40650.0,,355.0,10.5,5204.0,0,,0,0.0,0
51051,2013,28204.0,480598.0,33318.0,20.9,10.5,47.6591083095527,10.0,43.6,10.837837896410544,,,3823.0,150925651.0,39477.0,,357.0,10.9,5341.0,0,,0,0.0,0
51051,2014,28604.0,457508.0,33106.0,20.2,10.2,47.24452339378607,9.5,43.5,11.222272699028196,,,3791.0,146967128.0,38763.0,,353.0,10.0,5209.0,0,,0,0.0,0
51051,2015,29123.0,468561.0,33624.0,21.4,11.0,46.79362447079899,8.4,43.4,11.14877125342123,,,3610.0,140262351.0,38849.0,,370.0,10.0,4927.0,0,,0,0.0,0
51051,2016,29001.0,426299.0,31226.0,21.5,10.7,46.31246387512823,7.2,43.4,11.28832398041166,,,3321.0,123470355.0,37177.0,,365.0,9.8,4575.0,0,,0,0.0,0
51051,2017,30044.0,422182.0,29916.0,23.0,9.3,45.94024530111877,5.6,43.9,11.390671425267287,,,3292.0,126926002.0,38552.0,,344.0,6.7,4676.0,0,,0,0.0,0
51051,2018,31558.0,432140.0,29226.0,24.3,10.0,45.271462334809094,5.6,44.3,11.137369493793884,,,3258.0,129548365.0,39763.0,,345.0,5.2,4541.0,0,,0,0.0,0
51051,2019,33567.0,465083.0,29932.0,25.7,10.7,44.654124212061696,4.9,44.7,10.954613823220566,,,3416.0,138261166.0,40472.0,,336.0,4.9,4705.0,0,,0,0.0,0
51051,2020,37165.0,498241.0,30116.0,23.4,11.4,43.95205340579995,4.9,45.2,10.847042929900969,,,3318.0,138564051.0,41756.0,,322.0,8.2,4711.0,0,,0,0.0,0
51051,2021,40635.0,569027.0,33905.0,21.2,10.4,43.1410405778769,4.6,45.3,11.209216437955922,,,3407.0,152924882.0,44889.0,,321.0,5.3,4652.0,0,,0,0.0,0
51051,2022,42298.0,628526.0,40143.0,22.5,11.4,42.635670644059175,3.4,45.5,13.054523880922163,,,3224.0,169202160.0,52486.0,9.0,369.0,4.2,4514.0,0,,0,0.0,0
51053,2010,,,51459.0,,13.1,54.47462322826989,7.5,40.1,10.290902743532442,,,7742.0,292432016.0,37773.0,,388.0,9.1,13591.0,0,,0,0.0,0
51053,2011,,,50583.0,,13.0,55.000535835486595,9.5,40.7,10.697791375151374,,,7702.0,294992720.0,38302.0,,393.0,8.0,13622.0,0,,0,0.0,0
51053,2012,,,51582.0,12.9,14.1,55.421265921259966,10.0,40.8,11.09803643928032,,,7824.0,306701513.0,39199.0,,411.0,7.4,13612.0,0,,0,0.0,0
51053,2013,,,52027.0,13.2,12.8,55.52247929095073,10.1,40.9,10.761039876127304,,,7995.0,301639465.0,37730.0,,409.0,7.2,13538.0,0,,0,0.0,0
51053,2014,,,52328.0,13.7,13.7,55.55423250497136,10.2,41.4,10.91691400617707,,,8009.0,311068632.0,38839.0,,402.0,6.3,13505.0,0,,0,0.0,0
51053,2015,,,51397.0,14.8,15.3,55.78642788249723,9.7,42.4,11.136806704438172,,,8351.0,318488853.0,38139.0,,430.0,5.3,13362.0,0,,0,0.0,0
51053,2016,,,51579.0,15.9,16.9,55.875733796930255,9.3,42.2,11.244772813898097,,,8470.0,334439978.0,39484.0,,462.0,4.8,13461.0,0,,0,0.0,0
51053,2017,,,54640.0,14.8,16.6,55.63361554002294,8.3,42.9,11.554913013841963,,,8717.0,363386452.0,41686.0,,473.0,4.4,13552.0,0,,0,0.0,0
51053,2018,,,55880.0,12.8,17.2,56.179373906002546,7.0,43.2,11.693882290788382,,,8893.0,382741934.0,43040.0,,486.0,3.5,13605.0,0,,0,0.0,0
51053,2019,,,60346.0,12.1,18.6,56.53064383610578,6.4,43.2,12.10069370094888,,,8856.0,399384164.0,45098.0,,488.0,3.2,13701.0,0,,0,0.0,0
51053,2020,,,65485.0,11.1,17.8,56.92954358723997,6.3,42.8,12.23286256391551,,,8873.0,454975415.0,51274.0,,482.0,6.6,13359.0,0,,0,0.0,0
51053,2021,,,68918.0,10.5,17.6,55.64750757115696,6.2,42.9,12.148408845259036,,,8686.0,489210705.0,56323.0,,491.0,4.4,13401.0,0,,0,0.0,0
51053,2022,,,77225.0,11.0,17.9,55.68124536105389,4.7,43.4,13.442232183470274,,,9061.0,587871164.0,64876.0,,608.0,3.2,13785.0,0,,0,0.0,0
51057,2010,33170.0,347100.0,46235.0,,16.6,42.36112460411526,4.9,44.0,10.2792757296186,,,3984.0,117770855.0,29558.0,,357.0,9.3,5727.0,0,,0,0.0,0
51057,2011,34499.0,359455.0,44581.0,,16.2,42.858530708998,6.4,44.0,10.698735024291643,,,3935.0,115376865.0,29324.0,,348.0,8.3,5690.0,0,,0,0.0,0
51057,2012,35625.0,372654.0,42446.0,12.7,14.8,43.25101521363204,7.5,43.8,11.078563954272488,,,4060.0,118320115.0,29145.0,,354.0,7.2,5733.0,0,,0,0.0,0
51057,2013,36076.0,378013.0,44885.0,11.1,14.7,43.44531447335186,7.0,44.1,10.746684803862737,,,4005.0,123711563.0,30888.0,,338.0,6.5,5686.0,0,,0,0.0,0
51057,2014,36865.0,377471.0,42143.0,12.4,13.7,43.39091068063031,7.9,44.3,10.883366139617726,,,4040.0,125936316.0,31170.0,,339.0,6.2,5700.0,0,,0,0.0,0
51057,2015,37806.0,365564.0,42760.0,13.9,15.2,43.33262090271437,8.5,44.8,11.136121027576754,,,3908.0,124070856.0,31752.0,,361.0,5.3,5531.0,0,,0,0.0,0
51057,2016,38812.0,374667.0,47527.0,13.4,16.7,43.25101521363204,6.2,45.0,11.229389453977756,,,3979.0,128838769.0,32380.0,,370.0,4.7,5529.0,0,,0,0.0,0
51057,2017,40947.0,358712.0,50629.0,12.3,18.9,43.068373909495406,5.6,44.8,11.491582934592548,,,3803.0,125907067.0,33107.0,,367.0,4.8,5643.0,0,,0,0.0,0
51057,2018,42143.0,361568.0,52681.0,13.7,16.5,42.885732605358776,5.1,46.0,11.7136092600738,,,3714.0,125156707.0,33699.0,,368.0,3.8,5528.0,0,,0,0.0,0
51057,2019,43791.0,371065.0,51954.0,16.8,17.4,42.73806516797171,6.8,46.3,12.129617939764282,,,3652.0,128073766.0,35072.0,,359.0,3.5,5529.0,0,,0,0.0,0
51057,2020,47871.0,356757.0,51125.0,15.0,16.2,42.59039773058465,8.0,46.7,12.197910826297328,,,3476.0,134108791.0,38581.0,,355.0,7.2,5444.0,0,,0,0.0,0
51057,2021,51792.0,360123.0,54375.0,16.1,15.9,41.273048749684264,8.6,47.1,12.105754590834383,,,3478.0,138747517.0,39891.0,,364.0,4.7,5409.0,0,,0,0.0,0
51057,2022,53040.0,354380.0,52335.0,17.1,15.3,41.199215030990736,9.9,46.9,13.405271630284828,,,3516.0,151426384.0,43071.0,,442.0,3.4,5484.0,0,,0,0.0,0
51059,2010,,,105416.0,,58.0,2681.579761700778,4.3,37.3,,,,573551.0,42670924107.0,74398.0,5960.0,33861.0,5.2,611055.0,0,,0,0.0,1
51059,2011,,,108439.0,,58.2,2722.961170883405,4.7,37.4,,,,581120.0,44283422700.0,76204.0,5755.0,34275.0,4.7,619259.0,0,,0,0.0,1
51059,2012,,,109383.0,5.6,58.2,2771.6414207932567,5.0,37.5,,,,590490.0,45907046690.0,77744.0,5707.0,34820.0,4.4,623114.0,0,,0,0.0,1
51059,2013,,,110292.0,5.9,58.6,2815.8871262668754,5.2,37.4,,,,586818.0,45835412673.0,78108.0,6229.0,34800.0,4.3,624643.0,0,,0,0.0,1
51059,2014,,,112102.0,6.0,59.2,2856.8082021170217,5.1,37.4,,,,579539.0,45690428219.0,78839.0,6558.0,34763.0,4.1,622116.0,0,,0,0.0,1
51059,2015,,,112552.0,6.0,59.9,2886.601998358145,4.9,37.4,,,,586870.0,47502620982.0,80942.0,6964.0,36590.0,3.5,616185.0,0,,0,0.0,1
51059,2016,,,114329.0,6.0,60.3,2897.253600190271,4.7,37.6,,,,595313.0,48498252279.0,81467.0,6152.0,37312.0,3.2,617693.0,0,,0,0.0,1
51059,2017,,,117515.0,6.1,60.7,2920.5694834804267,4.5,37.9,,,,601868.0,50624616221.0,84112.0,6227.0,37195.0,3.0,629074.0,0,,0,0.0,1
51059,2018,,,121133.0,6.2,61.1,2924.4695297695007,4.2,37.9,,,,612537.0,52916489408.0,86389.0,6002.0,37276.0,2.5,629542.0,0,,0,0.0,1
51059,2019,,,124831.0,6.1,61.6,2930.4359612399335,3.9,38.0,,,,622226.0,55615305634.0,89381.0,8125.0,36766.0,2.3,637809.0,0,,0,0.0,1
51059,2020,,,127866.0,5.9,62.1,2939.583807519289,4.1,38.1,,,,591639.0,57381712481.0,96988.0,8969.0,36839.0,6.0,622641.0,0,,0,0.0,1
51059,2021,,,133974.0,6.1,63.5,2932.8987445687058,4.2,38.3,,,,607242.0,61024274964.0,100494.0,9771.0,37985.0,3.5,620929.0,0,,0,0.0,1
51059,2022,,,145165.0,6.0,64.1,2929.1367982793763,4.1,38.6,,,,620691.0,64283370874.0,103567.0,10730.0,41142.0,2.4,638265.0,0,,0,0.0,1
51061,2010,55911.0,2961353.0,83877.0,,30.8,99.6089469964228,4.7,40.4,10.403374276031045,,,20145.0,833575694.0,41379.0,28.0,2223.0,6.3,35805.0,0,,0,0.0,0
51061,2011,58832.0,2956251.0,87958.0,,32.3,100.3219165609558,5.5,40.8,10.832266919145228,,,20781.0,890306129.0,42842.0,22.0,2261.0,5.5,36073.0,0,,0,0.0,0
51061,2012,60953.0,2663469.0,88687.0,5.3,32.0,101.0734667296302,5.9,41.0,11.11135478422648,,,21387.0,922054063.0,43113.0,,2311.0,5.0,35975.0,0,,0,0.0,0
51061,2013,58680.0,2631234.0,88409.0,5.6,33.2,101.87594329577124,6.4,41.5,10.783515508725136,,,21213.0,907683300.0,42789.0,11.0,2288.0,4.8,35928.0,0,,0,0.0,0
51061,2014,59046.0,2656783.0,92078.0,5.8,34.3,102.97317567755256,5.4,41.5,10.943855960764187,,,21076.0,939795472.0,44590.0,14.0,2284.0,4.5,36049.0,0,,0,0.0,0
51061,2015,62068.0,2721576.0,91609.0,5.6,33.5,104.11053188764092,5.0,41.5,11.228471482663531,,,21549.0,992895630.0,46076.0,17.0,2402.0,3.9,35873.0,0,,0,0.0,0
51061,2016,63392.0,2747525.0,91221.0,6.0,33.5,104.97782386873952,4.0,41.6,11.242380129183278,,,22054.0,1037130719.0,47026.0,18.0,2458.0,3.4,35977.0,0,,0,0.0,0
51061,2017,66005.0,2737582.0,94775.0,6.2,35.3,105.5657922758544,4.0,41.6,11.517093035352,,,22116.0,1056801653.0,47785.0,11.0,2450.0,3.2,36269.0,0,,0,0.0,0
51061,2018,67724.0,2887265.0,97469.0,6.1,35.9,106.6599382093044,3.4,41.4,11.730416609814627,,,22417.0,1104268120.0,49260.0,12.0,2489.0,2.6,36835.0,0,,0,0.0,0
51061,2019,70748.0,2816993.0,100783.0,5.8,36.4,107.60593462285144,3.2,41.3,12.154597186513106,,,22249.0,1127959683.0,50697.0,95.0,2438.0,2.4,37773.0,0,,0,0.0,0
51061,2020,73040.0,2828430.0,105665.0,5.5,36.7,108.57044972638636,2.9,41.2,12.15583200201329,,,21370.0,1173338014.0,54907.0,84.0,2427.0,4.9,36446.0,0,,0,0.0,0
51061,2021,79746.0,2970116.0,111368.0,5.9,37.7,111.75412118013438,2.9,40.9,12.102807275750186,,,21813.0,1256893182.0,57622.0,97.0,2503.0,3.0,36584.0,0,,0,0.0,0
51061,2022,81846.0,3006503.0,122785.0,5.8,39.4,113.1028991009176,2.3,40.8,13.397568357360717,,,22350.0,1376862586.0,61606.0,234.0,2885.0,2.5,37720.0,0,,0,0.0,0
51063,2010,29795.0,341593.0,42044.0,,19.3,39.45679310516824,6.6,43.6,10.36436838569141,,,2784.0,71867231.0,25818.0,,390.0,7.1,8143.0,0,,0,0.0,0
51063,2011,30938.0,348285.0,40761.0,,19.3,39.78756861622953,6.0,43.8,9.356993665749382,,,2850.0,74955077.0,26302.0,,394.0,6.3,8321.0,0,,0,0.0,0
51063,2012,32181.0,316669.0,44038.0,12.8,18.2,40.081591292728454,7.0,44.2,10.714058865721642,,,2907.0,77202263.0,26557.0,,408.0,5.6,8366.0,0,,0,0.0,0
51063,2013,31963.0,319730.0,44618.0,12.7,16.0,40.351987147008714,8.2,44.5,10.958068789328276,,,2894.0,79299254.0,27404.0,,403.0,5.3,8389.0,0,,0,0.0,0
51063,2014,33404.0,323561.0,47543.0,10.6,16.7,40.564628546976685,6.5,44.7,11.297868876207362,,,2933.0,83028089.0,28309.0,,397.0,4.6,8332.0,0,,0,0.0,0
51063,2015,34799.0,333413.0,48005.0,10.0,18.2,40.751017922257255,5.7,45.2,11.232867607133509,,,3011.0,87226774.0,28969.0,,410.0,3.9,8326.0,0,,0,0.0,0
51063,2016,35565.0,350153.0,47288.0,11.8,17.7,40.91903088025664,6.9,45.8,11.353329131743251,,,3116.0,90808844.0,29140.0,,441.0,4.0,8201.0,0,,0,0.0,0
51063,2017,36863.0,362248.0,48396.0,12.0,19.4,40.937407297537824,5.5,46.0,11.440578146643997,,,3306.0,96879420.0,29309.0,,466.0,3.6,8154.0,0,,0,0.0,0
51063,2018,38771.0,386115.0,49729.0,11.4,22.3,41.12642187528713,2.4,47.0,11.18195564905387,,,3464.0,102764893.0,29663.0,,489.0,2.7,8142.0,0,,0,0.0,0
51063,2019,39787.0,368725.0,51521.0,10.3,22.1,41.226179569099266,2.3,47.2,10.972725394088512,,,3530.0,108266341.0,30673.0,,481.0,2.5,8276.0,0,,0,0.0,0
51063,2020,43041.0,377463.0,51250.0,10.1,21.7,41.38894212216117,3.1,47.6,10.814283664139614,,,3379.0,112596148.0,33320.0,,468.0,5.2,8073.0,0,,0,0.0,0
51063,2021,48251.0,387956.0,51612.0,9.3,21.1,40.78514555435088,3.4,48.0,11.145614291553938,,,3499.0,119673799.0,34202.0,,476.0,3.1,8216.0,0,,0,0.0,0
51063,2022,49173.0,394449.0,57146.0,9.4,23.2,40.774644744475914,2.6,48.4,13.02587405093559,,,3553.0,134082089.0,37743.0,,549.0,2.4,8460.0,0,,0,0.0,0
51065,2010,34703.0,887687.0,68223.0,,25.8,88.14525089075185,4.7,41.1,10.231740059403515,,,4079.0,134899809.0,33073.0,,492.0,6.5,13093.0,0,,0,0.0,0
51065,2011,36057.0,980406.0,68615.0,,28.1,89.15877499416614,5.5,41.1,10.403387146588983,,,4239.0,142094757.0,33522.0,,480.0,5.8,13245.0,0,,0,0.0,0
51065,2012,36913.0,969613.0,71181.0,6.7,28.6,89.68121009901886,6.0,41.1,10.987932895187988,,,4127.0,142365545.0,34497.0,,489.0,5.1,13160.0,0,,0,0.0,0
51065,2013,37772.0,895920.0,68288.0,7.1,28.8,90.06781207660988,5.0,41.5,10.781951688033216,,,4155.0,147073928.0,35400.0,,494.0,4.7,13038.0,0,,0,0.0,0
51065,2014,38697.0,809847.0,64641.0,6.5,29.6,90.36385863602642,6.3,41.5,10.94579860028265,,,4321.0,156813457.0,36292.0,,492.0,4.3,13215.0,0,,0,0.0,0
51065,2015,40455.0,864544.0,63938.0,6.6,31.5,90.60417878425868,5.2,41.6,11.111971876607951,,,4436.0,168601963.0,38009.0,,533.0,3.7,13214.0,0,,0,0.0,0
51065,2016,41242.0,854733.0,66425.0,6.9,31.0,90.71563160662726,5.3,42.6,11.234332851682009,,,4190.0,160061022.0,38204.0,,544.0,3.3,13201.0,0,,0,0.0,0
51065,2017,43025.0,915320.0,67964.0,6.1,32.3,90.9350543506654,4.8,42.6,11.521983933733797,,,4197.0,162676575.0,38763.0,,557.0,3.0,13540.0,0,,0,0.0,0
51065,2018,44693.0,889369.0,74931.0,4.9,34.5,91.53759617159557,5.2,43.3,11.606094762532628,,,4299.0,172611608.0,40154.0,,586.0,2.5,13724.0,0,,0,0.0,0
51065,2019,46234.0,909598.0,76873.0,5.5,33.9,92.62426118968922,2.4,43.4,11.90883609239478,,,4277.0,179941668.0,42076.0,,596.0,2.3,14327.0,0,,0,0.0,0
51065,2020,48369.0,806474.0,78885.0,4.7,35.6,93.59599048471529,2.5,43.6,11.975425435295207,,,4167.0,185724270.0,44567.0,,597.0,5.4,13684.0,0,,0,0.0,0
51065,2021,52617.0,823385.0,82983.0,4.6,36.3,94.309985128014,2.8,43.3,11.98637277162861,,,4403.0,206962579.0,47008.0,,631.0,3.2,13761.0,0,,0,0.0,0
51065,2022,53579.0,887409.0,90766.0,6.1,35.8,95.57776098245662,3.0,43.1,13.35391234711895,,,4855.0,257366955.0,53016.0,,717.0,2.5,14205.0,0,,0,0.0,0
51067,2010,31330.0,1310386.0,45555.0,,15.2,79.5499630761211,7.5,43.3,,,,12761.0,372544063.0,29194.0,,1307.0,8.9,27664.0,0,,0,0.0,0
51067,2011,33198.0,1302710.0,47606.0,,17.6,80.53894383226422,7.7,43.8,,,,13006.0,380461486.0,29252.0,,1313.0,7.5,27639.0,0,,0,0.0,0
51067,2012,34517.0,1441690.0,45049.0,14.4,17.9,81.10510997523927,8.8,44.3,,,,13409.0,410277664.0,30597.0,,1337.0,6.4,27384.0,0,,0,0.0,0
51067,2013,34439.0,1469760.0,45624.0,14.0,19.1,81.37009310609461,8.3,44.4,,,,14094.0,423706761.0,30062.0,,1330.0,5.8,27216.0,0,,0,0.0,0
51067,2014,35929.0,1510191.0,44827.0,14.5,19.8,81.60901232243958,7.1,44.7,,,,14567.0,449632067.0,30866.0,,1346.0,5.3,27256.0,0,,0,0.0,0
51067,2015,37681.0,1499870.0,46870.0,14.9,20.5,81.54385253616368,6.2,45.0,,,,14572.0,462608987.0,31747.0,,1441.0,4.6,26550.0,0,,0,0.0,0
51067,2016,38623.0,1524842.0,48720.0,14.6,20.6,81.42077293986476,6.4,45.4,,,,14689.0,475696653.0,32385.0,,1494.0,4.2,26402.0,0,,0,0.0,0
51067,2017,39699.0,1502715.0,51208.0,14.8,20.7,81.4888287166418,5.4,46.0,,,,15072.0,496647698.0,32951.0,,1510.0,3.9,26562.0,0,,0,0.0,0
51067,2018,41113.0,1537396.0,52639.0,16.4,20.5,81.42511692561648,5.0,46.6,,,,15227.0,516130085.0,33897.0,,1566.0,3.1,26289.0,0,,0,0.0,0
51067,2019,43474.0,1521551.0,56254.0,14.5,21.9,81.35850914409001,4.7,47.2,,,,15085.0,528268428.0,35018.0,,1536.0,2.9,26569.0,0,,0,0.0,0
51067,2020,46444.0,1521069.0,56779.0,14.0,22.7,81.42222093511533,4.3,48.0,,,,14772.0,554668364.0,37549.0,,1499.0,5.6,25920.0,0,,0,0.0,0
51067,2021,50986.0,1609125.0,59667.0,13.3,22.6,79.39213159380837,2.9,48.1,,,,15184.0,601602420.0,39620.0,,1527.0,3.5,25828.0,0,,0,0.0,0
51067,2022,52622.0,1604855.0,66275.0,13.3,23.8,79.40516355106355,2.8,48.4,,,,15628.0,669278646.0,42825.0,12.0,1698.0,2.8,26456.0,0,,0,0.0,0
51069,2010,,,61973.0,,23.1,183.5598533167125,5.2,38.7,10.328272395416962,,,22933.0,876118690.0,38204.0,9.0,1643.0,7.6,42027.0,0,,0,0.0,0
51069,2011,,,66440.0,,24.2,187.0502378157261,5.5,38.8,11.083176383690796,,,24548.0,941248408.0,38343.0,12.0,1664.0,6.5,43128.0,0,,0,0.0,0
51069,2012,,,67694.0,7.3,26.2,189.7612160673872,6.0,39.2,11.157232772033009,,,25192.0,991375958.0,39353.0,4.0,1685.0,5.7,43416.0,0,,0,0.0,0
51069,2013,,,68424.0,7.1,27.5,192.3172812760962,7.0,39.4,10.73305434997955,,,27179.0,1074828334.0,39547.0,,1685.0,5.2,44153.0,0,,0,0.0,0
51069,2014,,,68719.0,5.9,28.2,194.55383833371656,6.4,39.6,11.279627098377626,,,28096.0,1128488486.0,40166.0,,1723.0,4.6,44636.0,0,,0,0.0,0
51069,2015,,,69098.0,6.5,29.1,196.88479552688588,5.2,40.1,12.20872768371514,,,29128.0,1213408768.0,41659.0,,1818.0,3.9,44796.0,0,,0,0.0,0
51069,2016,,,68929.0,5.9,28.8,199.25932201338543,5.1,40.3,11.714587627660975,,,30204.0,1279030085.0,42346.0,,1889.0,3.4,45404.0,0,,0,0.0,0
51069,2017,,,71037.0,5.6,27.7,202.80053735461777,4.1,40.5,11.007780896893722,,,31265.0,1376825802.0,44037.0,,1939.0,3.2,46824.0,0,,0,0.0,0
51069,2018,,,73250.0,6.2,28.1,206.1142241640142,3.7,40.6,12.020195381864678,,,31997.0,1456072038.0,45507.0,,1995.0,2.6,47549.0,0,,0,0.0,0
51069,2019,,,78002.0,6.2,28.3,209.16891572972511,3.2,40.7,12.725471740285524,,,32899.0,1564943008.0,47568.0,,1954.0,2.4,48826.0,0,,0,0.0,0
51069,2020,,,80011.0,5.8,26.8,213.1361419390756,3.3,40.7,12.087444754398652,,,33604.0,1717556831.0,51111.0,,1921.0,4.8,49018.0,0,,0,0.0,0
51069,2021,,,84317.0,6.7,27.6,218.5411548283249,3.7,40.4,11.44703766631449,,,34715.0,1880007518.0,54156.0,,1980.0,2.9,49636.0,0,,0,0.0,0
51069,2022,,,92443.0,6.8,29.1,222.70444285766155,4.2,40.6,13.035231264901215,,,36844.0,2112491541.0,57336.0,,2187.0,2.3,51432.0,0,,0,0.0,0
51071,2010,31351.0,678690.0,41186.0,,16.1,48.16305735336932,6.4,42.4,10.400692159223102,,,4681.0,168023698.0,35894.0,,362.0,9.8,8317.0,0,,0,0.0,0
51071,2011,32356.0,676790.0,43012.0,,16.7,48.14066244149329,7.6,42.9,9.425288275094296,,,4816.0,174754431.0,36287.0,,355.0,7.9,8259.0,0,,0,0.0,0
51071,2012,33348.0,603718.0,45231.0,14.1,16.1,48.00629297023716,6.8,43.0,10.771986110155678,,,4794.0,178276841.0,37191.0,,366.0,7.1,8227.0,0,,0,0.0,0
51071,2013,33681.0,551500.0,45141.0,13.3,16.6,47.89991713882606,6.7,43.2,10.998769826455083,,,4670.0,173022264.0,37051.0,,366.0,6.8,8217.0,0,,0,0.0,0
51071,2014,35162.0,510632.0,45919.0,13.3,17.0,47.659171836158826,5.4,43.0,11.334563021540804,,,4571.0,176892074.0,38702.0,,356.0,6.1,8092.0,0,,0,0.0,0
51071,2015,35834.0,501392.0,46390.0,11.3,15.8,47.3288468859875,4.8,43.9,11.27455679766671,,,4590.0,176430247.0,38441.0,,373.0,5.1,7974.0,0,,0,0.0,0
51071,2016,36116.0,492979.0,47675.0,11.8,15.9,47.22806978254541,4.7,43.6,11.391699401071005,,,4691.0,180058290.0,38382.0,,392.0,5.3,7950.0,0,,0,0.0,0
51071,2017,37374.0,503568.0,49734.0,11.3,17.0,47.216872326607394,4.8,44.4,11.479839030277684,,,4552.0,176018566.0,38671.0,,377.0,4.6,7942.0,0,,0,0.0,0
51071,2018,38690.0,526130.0,52478.0,11.3,18.2,47.068506035428754,4.6,44.5,11.222929463176689,,,4606.0,186614500.0,40514.0,,385.0,3.4,7867.0,0,,0,0.0,0
51071,2019,40121.0,503637.0,54520.0,10.2,18.1,46.95093274807964,4.9,44.7,11.026724329833334,,,4517.0,186397773.0,41264.0,,389.0,3.2,7947.0,0,,0,0.0,0
51071,2020,43462.0,522776.0,57279.0,9.8,19.5,46.91734038026561,4.1,44.7,10.814283664139614,,,4538.0,200938124.0,44279.0,,384.0,6.4,7723.0,0,,0,0.0,0
51071,2021,48264.0,630726.0,57911.0,10.3,18.5,46.92853783620362,2.0,45.1,11.145614291553938,,,5373.0,287979200.0,53599.0,,387.0,3.5,7797.0,0,,0,0.0,0
51071,2022,49698.0,587213.0,61987.0,9.7,19.3,46.78017154502497,2.2,45.4,13.02587405093559,,,5227.0,257122280.0,49190.0,,448.0,3.0,8098.0,0,,0,0.0,0
51073,2010,40298.0,1022120.0,59331.0,,19.2,168.08227354115974,4.1,41.9,10.220767619434053,,,9344.0,272077553.0,29119.0,,962.0,7.0,19578.0,0,,0,0.0,0
51073,2011,41929.0,1028089.0,62067.0,,20.0,168.683715164593,5.2,41.9,10.642320779623974,,,9419.0,275162479.0,29212.0,,971.0,6.3,19521.0,0,,0,0.0,0
51073,2012,42284.0,866556.0,60752.0,9.1,21.1,169.05100775905606,6.4,41.9,11.044668644654392,,,9478.0,277064867.0,29233.0,,970.0,5.5,19348.0,0,,0,0.0,0
51073,2013,41561.0,875064.0,60519.0,9.2,22.0,169.2667921583031,5.8,42.4,10.72088033141516,,,9493.0,283625050.0,29877.0,,950.0,5.1,19327.0,0,,0,0.0,0
51073,2014,42333.0,859623.0,60980.0,8.6,22.9,169.58817317845828,5.9,42.9,10.845198937440564,,,9278.0,285490644.0,30772.0,,932.0,4.7,19504.0,0,,0,0.0,0
51073,2015,43893.0,836931.0,61121.0,7.4,22.1,169.87741609659795,4.7,43.6,11.055026234667997,,,9303.0,294465001.0,31653.0,5.0,959.0,4.0,19169.0,0,,0,0.0,0
51073,2016,45462.0,862058.0,62878.0,7.6,22.6,169.9692392452137,4.2,44.3,11.185673295112666,,,9341.0,306140351.0,32776.0,,980.0,3.6,19118.0,0,,0,0.0,0
51073,2017,46652.0,863750.0,63881.0,8.7,22.8,170.03351544924476,3.3,44.6,11.524501496229677,,,9335.0,316426454.0,33895.0,,985.0,3.3,19539.0,0,,0,0.0,0
51073,2018,47051.0,881088.0,66701.0,8.5,22.8,170.6120012855241,2.9,44.7,11.66164086138545,,,9521.0,329142785.0,34571.0,,1000.0,2.7,19562.0,0,,0,0.0,0
51073,2019,48868.0,889420.0,70537.0,8.8,23.3,170.89206188880215,3.1,44.9,12.056458043354928,,,9502.0,344207921.0,36226.0,,1017.0,2.5,19731.0,0,,0,0.0,0
51073,2020,52363.0,897990.0,71649.0,7.9,24.0,171.53482392911252,3.6,44.9,12.179610359243735,,,9212.0,357547566.0,38813.0,,1006.0,5.6,19134.0,0,,0,0.0,0
51073,2021,56578.0,926503.0,77733.0,7.5,25.3,177.1544006243974,3.3,44.5,12.13029958147936,,,9417.0,386546666.0,41046.0,,1022.0,3.4,19118.0,0,,0,0.0,0
51073,2022,57358.0,945869.0,83750.0,7.5,25.5,178.48124512189523,3.4,44.3,13.40972176536102,,,9560.0,417426147.0,43663.0,,1181.0,2.6,19529.0,0,,0,0.0,0
51075,2010,67996.0,1651877.0,79574.0,,30.7,74.94264774189888,4.6,44.1,10.261959220215488,,,10792.0,687769385.0,63733.0,,755.0,7.3,10499.0,0,,0,0.0,0
51075,2011,75907.0,1711667.0,81288.0,,37.1,76.16592619907883,4.2,44.9,10.682112596340708,,,11048.0,770595544.0,69753.0,,751.0,6.3,10360.0,0,,0,0.0,0
51075,2012,81856.0,1804544.0,82683.0,4.9,37.4,76.21911221895621,5.5,45.3,11.07906344846252,,,11785.0,864474708.0,73353.0,,761.0,5.5,10267.0,0,,0,0.0,0
51075,2013,77620.0,1956538.0,80976.0,5.6,38.0,76.46376791039219,5.6,45.8,10.769041736506626,,,12479.0,950494005.0,76166.0,4.0,754.0,5.0,10376.0,0,,0,0.0,0
51075,2014,80200.0,2172436.0,82460.0,6.2,38.3,76.68360345921873,5.2,46.6,10.908745164531664,,,13943.0,1114859468.0,79958.0,,754.0,4.7,10577.0,0,,0,0.0,0
51075,2015,88204.0,2341765.0,79330.0,5.7,37.4,77.01690251711703,5.0,47.2,11.165113774960924,,,15040.0,1297715924.0,86283.0,4.0,806.0,4.1,10659.0,0,,0,0.0,0
51075,2016,88189.0,2378419.0,82326.0,5.0,36.1,77.93170205900812,5.1,47.7,11.25166149811725,,,15399.0,1338038045.0,86892.0,,819.0,3.7,10845.0,0,,0,0.0,0
51075,2017,94499.0,2581683.0,86652.0,5.3,38.9,78.53093121629337,3.4,48.4,11.50511905291033,,,16158.0,1554959195.0,96235.0,,833.0,3.5,10927.0,0,,0,0.0,0
51075,2018,96915.0,2533108.0,89741.0,5.3,39.2,79.71520659222988,3.2,48.3,11.740616319700491,,,16366.0,1577259945.0,96377.0,,837.0,3.0,11170.0,0,,0,0.0,0
51075,2019,100439.0,2776654.0,93994.0,5.2,41.8,81.07322296643252,3.6,48.3,12.164790668522816,,,17570.0,1754419160.0,99851.0,,834.0,2.7,11487.0,0,,0,0.0,0
51075,2020,99465.0,2969775.0,97146.0,4.4,43.8,83.22548390413752,3.7,48.6,12.221246182290477,,,18165.0,1921038482.0,105757.0,,834.0,5.0,11324.0,0,,0,0.0,0
51075,2021,111400.0,3210285.0,100517.0,4.2,46.1,86.16135220136937,3.1,48.8,12.125952876442982,,,19046.0,2129476806.0,111807.0,,866.0,3.1,11399.0,0,,0,0.0,0
51075,2022,118638.0,3070723.0,105600.0,4.2,44.4,88.31006740441586,2.4,49.0,13.412822226284677,,,20161.0,2243920060.0,111300.0,,1096.0,2.6,11830.0,0,,0,0.0,0
51077,2010,26714.0,249651.0,32178.0,,10.3,35.888497798702986,5.8,46.0,10.36436838569141,,,2350.0,59488366.0,25318.0,,366.0,12.7,7388.0,0,,0,0.0,0
51077,2011,27369.0,255572.0,31599.0,,11.9,35.54217549260387,5.0,46.6,9.356993665749382,,,2325.0,60828395.0,26161.0,,369.0,10.8,7191.0,0,,0,0.0,0
51077,2012,27732.0,250232.0,31931.0,18.8,11.2,35.164163563724436,6.8,47.0,10.714058865721642,,,2333.0,61306925.0,26284.0,,371.0,9.4,6984.0,0,,0,0.0,0
51077,2013,27446.0,247537.0,30710.0,19.1,10.9,34.80652353520377,8.4,47.5,10.958068789328276,,,2336.0,63843760.0,27334.0,,358.0,9.4,7006.0,0,,0,0.0,0
51077,2014,27418.0,262650.0,28892.0,20.2,10.8,34.5303711081182,9.2,47.9,11.297868876207362,,,2490.0,71952963.0,28900.0,,353.0,7.6,7091.0,0,,0,0.0,0
51077,2015,28286.0,267650.0,29942.0,21.4,10.0,35.25017825412814,9.0,47.6,11.232867607133509,,,2554.0,76176229.0,29832.0,,364.0,5.8,7071.0,0,,0,0.0,0
51077,2016,29306.0,278284.0,31002.0,19.8,10.7,34.3606052717951,7.1,48.2,11.353329131743251,,,2650.0,79179202.0,29878.0,,389.0,5.0,7031.0,0,,0,0.0,0
51077,2017,30331.0,268839.0,32048.0,20.2,12.8,35.55575675950971,7.4,47.4,11.440578146643997,,,2875.0,84257303.0,29309.0,,396.0,3.9,7744.0,0,,0,0.0,0
51077,2018,31346.0,273692.0,33969.0,20.6,12.5,35.78890184139344,6.5,47.7,11.18195564905387,,,2980.0,87439621.0,29347.0,,423.0,3.1,7698.0,0,,0,0.0,0
51077,2019,31858.0,267281.0,36544.0,20.9,13.7,35.63271727197618,5.5,48.1,10.972725394088512,,,3217.0,94020389.0,29222.0,,409.0,2.8,8106.0,0,,0,0.0,0
51077,2020,35023.0,272036.0,41558.0,16.4,16.0,35.42673472390416,4.3,48.4,10.814283664139614,,,3171.0,94688165.0,29858.0,,374.0,5.9,7954.0,0,,0,0.0,0
51077,2021,38300.0,264793.0,43022.0,17.6,15.6,34.899328859060404,4.6,48.4,11.145614291553938,,,3068.0,98679973.0,32163.0,,378.0,3.4,7740.0,0,,0,0.0,0
51077,2022,39385.0,267770.0,43348.0,18.7,14.1,34.75898910103331,4.3,49.0,13.02587405093559,,,3174.0,110178967.0,34710.0,22.0,411.0,2.6,7974.0,0,,0,0.0,0
51079,2010,34068.0,398774.0,54307.0,,20.0,115.94964956042756,4.3,38.7,10.217576669958614,,,3317.0,107150737.0,32304.0,,414.0,6.9,9667.0,0,,0,0.0,0
51079,2011,35263.0,422848.0,58550.0,,21.6,117.28984847416108,4.7,39.1,10.667360855311768,,,3505.0,114254990.0,32602.0,,399.0,6.0,9778.0,0,,0,0.0,0
51079,2012,36374.0,420748.0,58804.0,8.1,22.8,118.3286629431794,4.5,39.5,11.05583564852923,,,3424.0,112253177.0,32786.0,,411.0,5.4,9786.0,0,,0,0.0,0
51079,2013,36470.0,423241.0,59358.0,12.0,24.1,119.123804882428,6.0,40.0,10.743993402159072,,,3369.0,108931215.0,32334.0,,412.0,4.7,9690.0,0,,0,0.0,0
51079,2014,37598.0,415595.0,63739.0,11.3,24.5,120.33575509628272,6.3,39.9,10.90981658916036,,,3347.0,110453272.0,32997.0,,420.0,4.3,9887.0,0,,0,0.0,0
51079,2015,39487.0,433359.0,61550.0,9.9,23.7,121.43869391524044,7.4,40.1,11.188747930817868,,,3566.0,118709317.0,33290.0,,465.0,3.7,9888.0,0,,0,0.0,0
51079,2016,40598.0,442911.0,61615.0,11.0,24.4,122.38132185934964,7.8,40.4,11.25584969048931,,,3669.0,125256950.0,34140.0,,493.0,3.2,9946.0,0,,0,0.0,0
51079,2017,41780.0,441028.0,62952.0,9.4,26.7,123.202113538574,6.3,39.6,11.489338426178678,,,3719.0,127737464.0,34345.0,,501.0,3.0,10240.0,0,,0,0.0,0
51079,2018,43913.0,436568.0,64979.0,6.0,27.8,124.46536323238024,5.0,40.1,11.721796146719614,,,3680.0,128763975.0,34986.0,,519.0,2.5,10349.0,0,,0,0.0,0
51079,2019,44451.0,445893.0,67398.0,6.4,29.0,125.16431864671972,4.9,39.6,12.153908696170426,,,3754.0,135042205.0,35974.0,,509.0,2.3,10638.0,0,,0,0.0,0
51079,2020,46658.0,427888.0,67266.0,9.8,30.0,126.54299217041688,4.4,38.5,12.193879625390906,,,3627.0,135464939.0,37353.0,,505.0,5.4,10271.0,0,,0,0.0,0
51079,2021,50460.0,464257.0,73844.0,10.1,28.6,130.64695056653864,4.0,39.8,12.08556157165629,,,3710.0,145689430.0,39272.0,,515.0,3.0,10305.0,0,,0,0.0,0
51079,2022,52456.0,472881.0,81338.0,11.1,27.9,132.29494635998128,3.8,41.7,13.381583684244584,,,3832.0,156266763.0,40779.0,,581.0,2.3,10635.0,0,,0,0.0,0
51081,2010,,,38574.0,,5.5,41.25977637546702,10.0,40.0,10.256802266756663,,,4451.0,137801708.0,30961.0,,157.0,9.8,4569.0,0,,0,0.0,0
51081,2011,,,42000.0,,7.8,41.30381028835439,8.5,41.3,10.675908203837018,,,4513.0,142260583.0,31524.0,,163.0,8.7,4572.0,0,,0,0.0,0
51081,2012,,,38423.0,21.2,8.1,41.076866275781015,10.5,42.1,11.074375418830927,,,4387.0,137880527.0,31428.0,,171.0,8.5,4459.0,0,,0,0.0,0
51081,2013,,,39697.0,21.6,7.2,40.9108922964363,8.7,41.6,10.749420914190992,,,4476.0,143177464.0,31987.0,,171.0,7.6,4354.0,0,,0,0.0,0
51081,2014,,,38933.0,20.0,8.5,40.345225877036995,8.8,42.0,10.874129108934168,,,4279.0,155096003.0,36249.0,,171.0,6.3,4257.0,0,,0,0.0,0
51081,2015,,,38012.0,19.7,8.6,39.833755042729834,6.4,42.9,11.084161945192216,,,4502.0,166234331.0,36922.0,,205.0,5.3,4188.0,0,,0,0.0,0
51081,2016,,,40559.0,17.8,8.5,39.62374715049776,6.6,41.2,11.204440123712883,,,4603.0,173512835.0,37699.0,,222.0,5.0,4212.0,0,,0,0.0,0
51081,2017,,,42121.0,17.0,7.5,39.3121225362179,5.7,41.1,11.540540888597246,,,4599.0,180846100.0,39321.0,,226.0,4.3,4467.0,0,,0,0.0,0
51081,2018,,,44534.0,16.7,9.0,39.49164541183564,6.6,39.8,11.686727644405709,,,4530.0,189232202.0,41778.0,,239.0,3.7,4389.0,0,,0,0.0,0
51081,2019,,,50300.0,15.3,9.2,39.03775738668889,4.9,40.7,12.07896110036022,,,4365.0,192471013.0,44096.0,,231.0,3.4,4303.0,0,,0,0.0,0
51081,2020,,,49756.0,13.7,11.3,38.62451605036125,5.3,39.7,12.19458983566016,,,4274.0,201835464.0,47226.0,,222.0,6.9,4224.0,0,,0,0.0,0
51081,2021,,,53063.0,11.4,10.9,38.83452394259333,8.9,40.4,12.13789281746954,,,4218.0,214783415.0,50926.0,,225.0,4.8,4287.0,0,,0,0.0,0
51081,2022,,,51823.0,12.9,13.4,38.52289932831347,6.3,40.8,13.42321750641084,,,4075.0,216950078.0,53236.0,,340.0,3.7,4310.0,0,,0,0.0,0
51083,2010,28894.0,1649509.0,34705.0,,13.2,44.40457803360763,9.2,43.9,10.326973305978123,,,12295.0,385636579.0,31364.0,,902.0,12.5,16727.0,0,,0,0.0,0
51083,2011,29151.0,1556810.0,34889.0,,14.1,44.32753558321746,10.6,44.1,10.725613237057969,,,12085.0,378925556.0,31354.0,,928.0,10.9,16332.0,0,,0,0.0,0
51083,2012,30048.0,1414202.0,35191.0,20.3,14.2,44.19546281112004,9.6,44.6,11.116472335105133,,,12048.0,385587941.0,32004.0,,972.0,9.3,16016.0,0,,0,0.0,0
51083,2013,30092.0,1472954.0,34659.0,21.3,15.2,43.94843781145634,9.8,44.9,10.78970477363916,,,12041.0,401843436.0,33374.0,,969.0,8.9,15852.0,0,,0,0.0,0
51083,2014,31208.0,1431873.0,35093.0,20.2,14.6,43.66228013857858,9.3,45.0,10.960639473166228,,,11962.0,408820699.0,34175.0,,973.0,7.7,15598.0,0,,0,0.0,0
51083,2015,31956.0,1420971.0,35240.0,19.2,15.5,43.42014672306663,7.5,45.3,11.183447311586324,,,12180.0,417788847.0,34302.0,,1010.0,6.3,15255.0,0,,0,0.0,0
51083,2016,32987.0,1432771.0,37001.0,18.8,15.8,43.174344619440866,5.4,45.7,11.232565726808115,,,12105.0,427198874.0,35291.0,,1042.0,5.7,14880.0,0,,0,0.0,0
51083,2017,34115.0,1323069.0,39233.0,18.7,15.9,42.83804820900761,4.9,45.9,11.575370499789544,,,12147.0,438250874.0,36079.0,,1045.0,4.8,15693.0,0,,0,0.0,0
51083,2018,35013.0,1285255.0,42289.0,15.1,15.9,42.53110130348489,4.2,46.1,11.733923041992094,,,11857.0,442329482.0,37305.0,,1081.0,4.1,15215.0,0,,0,0.0,0
51083,2019,36430.0,1199374.0,42669.0,13.9,15.4,42.25350390287271,3.2,46.5,12.111039333383234,,,12154.0,463523916.0,38138.0,,1046.0,3.9,15630.0,0,,0,0.0,0
51083,2020,39611.0,1131619.0,43714.0,15.2,16.1,41.93921962112235,3.9,46.3,12.232196572647917,,,11286.0,454047031.0,40231.0,,1037.0,7.3,15054.0,0,,0,0.0,0
51083,2021,43604.0,1133826.0,45962.0,15.1,16.4,41.85728558658043,5.0,46.4,12.167050251098429,,,11443.0,482691228.0,42183.0,,1040.0,4.7,14962.0,0,,0,0.0,0
51083,2022,45294.0,1166653.0,49145.0,14.7,17.1,41.594362938423515,3.7,46.6,13.453153990344454,,,11812.0,534135908.0,45220.0,17.0,1121.0,3.8,15390.0,0,,0,0.0,0
51085,2010,44728.0,4893184.0,76425.0,,33.0,212.0754620145159,3.8,40.4,10.2792757296186,,,44335.0,1638420730.0,36956.0,57.0,3396.0,6.7,54500.0,0,,0,0.0,0
51085,2011,46989.0,4905950.0,77506.0,,33.7,213.07198487680327,4.3,40.8,10.698735024291643,,,44741.0,1669170755.0,37307.0,53.0,3405.0,6.0,54872.0,0,,0,0.0,0
51085,2012,48430.0,4960787.0,76719.0,5.1,34.1,213.76912318818887,5.0,41.2,11.078563954272488,,,45506.0,1723985049.0,37885.0,39.0,3520.0,5.4,55076.0,0,,0,0.0,0
51085,2013,48620.0,5046235.0,75070.0,5.1,35.5,214.5475230205335,5.3,41.5,10.746684803862737,,,46857.0,1774564348.0,37872.0,60.0,3502.0,4.9,55429.0,0,,0,0.0,0
51085,2014,51336.0,5290560.0,77550.0,5.5,36.3,215.31950746964455,5.2,41.8,10.883366139617726,,,48167.0,1887825272.0,39193.0,50.0,3504.0,4.5,55997.0,0,,0,0.0,0
51085,2015,54098.0,5587920.0,78645.0,6.0,35.7,216.7116456313379,4.4,41.9,11.136121027576754,,,49596.0,2007142808.0,40470.0,49.0,3650.0,3.8,56465.0,0,,0,0.0,0
51085,2016,55804.0,5761721.0,81170.0,6.2,36.7,218.54858369722817,3.8,42.4,11.229389453977756,,,50324.0,2088979513.0,41511.0,42.0,3752.0,3.4,57255.0,0,,0,0.0,0
51085,2017,57178.0,5697215.0,84955.0,5.8,37.9,220.7276755355776,3.4,42.6,11.491582934592548,,,51241.0,2195261886.0,42842.0,41.0,3754.0,3.3,58679.0,0,,0,0.0,0
51085,2018,58474.0,5803584.0,88652.0,5.6,39.2,223.36012112243543,3.0,42.9,11.7136092600738,,,52764.0,2267021540.0,42966.0,35.0,3844.0,2.6,59022.0,0,,0,0.0,0
51085,2019,60972.0,6013273.0,89390.0,5.3,39.8,225.6867667751579,2.7,42.7,12.129617939764282,,,54469.0,2391655016.0,43909.0,43.0,3834.0,2.4,59663.0,0,,0,0.0,0
51085,2020,64969.0,5914095.0,91444.0,4.9,40.3,227.82736631410572,3.2,42.7,12.197910826297328,,,50934.0,2422047366.0,47553.0,58.0,3793.0,5.0,57538.0,0,,0,0.0,0
51085,2021,69642.0,6242205.0,96911.0,5.5,40.5,233.5883804578873,3.1,42.1,12.105754590834383,,,53222.0,2690106179.0,50545.0,81.0,3903.0,3.0,57744.0,0,,0,0.0,0
51085,2022,72798.0,6589348.0,104678.0,5.2,41.8,236.32774909863863,2.9,42.4,13.405271630284828,,,56384.0,3045627075.0,54016.0,226.0,4358.0,2.4,60044.0,0,,0,0.0,0
51087,2010,46551.0,21806682.0,60114.0,,38.9,1284.0611961057025,6.6,37.1,10.220767619434053,,,170411.0,8142720676.0,47783.0,851.0,9610.0,7.5,167948.0,1,2020.0,0,0.0,0
51087,2011,49724.0,23138909.0,61206.0,,39.2,1300.288862736707,7.0,37.3,10.642320779623974,,,172959.0,8448361175.0,48846.0,923.0,9756.0,6.7,170265.0,1,2020.0,0,0.0,0
51087,2012,52240.0,23805628.0,61300.0,10.5,39.5,1316.2554830426875,7.7,37.5,11.044668644654392,,,178088.0,8732606832.0,49035.0,783.0,10151.0,5.9,172338.0,1,2020.0,0,0.0,0
51087,2013,52640.0,24808333.0,61048.0,10.7,39.7,1332.2520594843263,7.9,37.6,10.72088033141516,,,179427.0,8933470633.0,49789.0,637.0,10203.0,5.4,174131.0,1,2020.0,0,0.0,0
51087,2014,55556.0,25527643.0,61438.0,10.7,39.7,1347.504011982454,7.6,37.8,10.845198937440564,,,179377.0,9119254798.0,50838.0,589.0,10326.0,5.0,176852.0,1,2020.0,0,0.0,0
51087,2015,57876.0,26871266.0,61934.0,10.7,40.7,1364.5618915159944,6.7,37.9,11.055026234667997,,,187015.0,9639006294.0,51541.0,411.0,10996.0,4.2,177634.0,1,2020.0,0,0.0,0
51087,2016,59605.0,27701258.0,63699.0,10.6,40.8,1377.6441639028565,6.3,38.1,11.185673295112666,,,189377.0,9810817906.0,51806.0,460.0,11493.0,3.8,179085.0,1,2020.0,0,0.0,0
51087,2017,62278.0,28589182.0,66447.0,10.4,42.1,1386.8535358938695,5.8,38.3,11.524501496229677,,,192970.0,10252834578.0,53132.0,376.0,11576.0,3.6,181903.0,1,2020.0,0,0.0,0
51087,2018,64059.0,29602160.0,68572.0,10.0,42.9,1393.5679897293248,5.3,38.5,11.66164086138545,,,191595.0,10357739962.0,54061.0,470.0,11830.0,3.0,181509.0,1,2020.0,0,0.0,0
51087,2019,67511.0,30618861.0,70307.0,9.1,43.7,1401.6689847009734,4.4,38.8,12.056458043354928,,,192419.0,10719950804.0,55712.0,461.0,11840.0,2.8,183311.0,1,2020.0,0,0.0,0
51087,2020,69415.0,29224079.0,72295.0,8.8,44.3,1412.543061945009,4.1,39.1,12.179610359243735,,,180705.0,10860171056.0,60099.0,488.0,11837.0,6.7,179896.0,1,2020.0,1,0.0,0
51087,2021,74828.0,31143696.0,76345.0,8.1,44.9,1420.451481758853,4.1,39.2,12.13029958147936,,,183265.0,11526984936.0,62898.0,468.0,12142.0,3.9,179139.0,1,2020.0,1,1.0,0
51087,2022,73857.0,31163682.0,82424.0,8.4,45.4,1425.5697015085054,3.9,39.3,13.40972176536102,,,188096.0,12391041726.0,65876.0,450.0,13028.0,2.7,185309.0,1,2020.0,1,2.0,0
51089,2010,,,34086.0,,10.9,143.4807284406213,11.0,43.6,10.399500272975772,,,13545.0,425442276.0,31409.0,12.0,1056.0,15.1,24091.0,0,,0,0.0,0
51089,2011,,,33695.0,,11.3,142.60195474838565,12.3,43.9,9.4702415142167,,,12875.0,396498092.0,30797.0,13.0,1112.0,12.6,22781.0,0,,0,0.0,0
51089,2012,,,34373.0,17.5,11.2,141.15563971324778,12.5,44.5,10.716699351776464,,,13075.0,406641794.0,31101.0,12.0,1225.0,10.4,22698.0,0,,0,0.0,0
51089,2013,,,34984.0,17.1,11.2,139.79563280859733,13.1,45.0,10.948245390514504,,,14894.0,450832193.0,30269.0,11.0,1328.0,8.9,23392.0,0,,0,0.0,0
51089,2014,,,34344.0,17.8,11.5,138.51147244286008,11.9,45.5,11.354720512702754,,,14920.0,464290427.0,31119.0,12.0,1438.0,7.5,22989.0,0,,0,0.0,0
51089,2015,,,35293.0,18.3,11.4,137.51762124330784,10.0,46.0,11.342899865000666,,,15142.0,476867135.0,31492.0,12.0,1557.0,6.3,22437.0,0,,0,0.0,0
51089,2016,,,34992.0,19.0,11.6,136.54730862479764,9.4,46.2,11.470897132774148,,,15546.0,496982079.0,31968.0,12.0,1660.0,5.5,22165.0,0,,0,0.0,0
51089,2017,,,36779.0,19.2,12.8,135.88561295772732,8.7,46.8,11.615892684665294,,,16054.0,520035909.0,32392.0,13.0,1656.0,4.6,23979.0,0,,0,0.0,0
51089,2018,,,36683.0,20.3,12.8,134.9231465328978,8.3,47.2,11.444872174633154,,,16111.0,540195146.0,33529.0,12.0,1729.0,3.7,23768.0,0,,0,0.0,0
51089,2019,,,37952.0,18.1,13.9,134.1908351227014,7.8,47.6,11.904849208474314,,,16017.0,549888810.0,34331.0,11.0,1677.0,3.3,23871.0,0,,0,0.0,0
51089,2020,,,38511.0,15.6,15.1,133.46898530407924,6.3,48.1,11.986685666344112,,,15073.0,548676596.0,36402.0,12.0,1608.0,7.9,23576.0,0,,0,0.0,0
51089,2021,,,41103.0,14.9,15.1,133.58667820928935,5.9,48.0,11.993609347520486,,,15542.0,592642743.0,38132.0,12.0,1664.0,4.6,23534.0,0,,0,0.0,0
51089,2022,,,43694.0,16.1,14.4,132.7575970770313,5.2,48.3,13.37283816651622,,,15470.0,649519921.0,41985.0,13.0,1839.0,3.3,23859.0,0,,0,0.0,0
51091,2010,32817.0,60748.0,43481.0,,21.4,5.768818512246996,0.6,52.4,9.79819713127114,,,511.0,12850344.0,25168.0,,106.0,6.4,1447.0,0,,0,0.0,0
51091,2011,36243.0,68254.0,43045.0,,22.1,5.670062120179303,0.9,54.8,10.592236422741673,,,507.0,12554150.0,24782.0,,104.0,5.6,1457.0,0,,0,0.0,0
51091,2012,37090.0,70430.0,50136.0,10.8,23.7,5.580940498069433,1.7,56.5,10.771987184501588,,,532.0,13481186.0,25356.0,,111.0,4.8,1460.0,0,,0,0.0,0
51091,2013,36600.0,70966.0,49625.0,10.2,20.9,5.482184106001739,2.3,58.2,10.30615649338271,,,531.0,13692126.0,25765.0,,116.0,4.2,1419.0,0,,0,0.0,0
51091,2014,38919.0,75555.0,44132.0,12.5,19.4,5.438827641191532,1.9,58.6,11.207139256749016,,,534.0,14003882.0,26241.0,,113.0,3.8,1425.0,0,,0,0.0,0
51091,2015,39766.0,75167.0,43914.0,12.6,21.6,5.405105946339148,1.1,59.0,12.178844367900496,,,498.0,14124484.0,28362.0,,117.0,3.5,1345.0,0,,0,0.0,0
51091,2016,39259.0,69502.0,44877.0,12.6,22.4,5.371384251486766,1.3,59.8,11.630640435935073,,,500.0,15134530.0,30254.0,,115.0,3.1,1308.0,0,,0,0.0,0
51091,2017,41484.0,71587.0,45094.0,10.6,25.0,5.330436479166014,0.5,60.5,11.253929998644052,,,504.0,15413966.0,30588.0,,112.0,3.2,1305.0,0,,0,0.0,0
51091,2018,41672.0,69176.0,46147.0,12.3,23.1,5.33284517165547,0.6,59.3,11.429071283335448,,,472.0,14950540.0,31675.0,,112.0,2.8,1260.0,0,,0,0.0,0
51091,2019,43095.0,69595.0,48587.0,10.1,22.5,5.3087582467609105,3.7,60.9,12.149926026047648,,,462.0,14519948.0,31417.0,,106.0,2.6,1256.0,0,,0,0.0,0
51091,2020,44463.0,61315.0,51831.0,10.2,30.7,5.3039408617819985,11.4,59.5,11.362041646315852,,,438.0,14561002.0,33276.0,,101.0,3.9,1222.0,0,,0,0.0,0
51091,2021,51280.0,69184.0,52901.0,12.6,28.1,5.36897555899731,16.1,56.5,10.855150298709148,,,447.0,15171694.0,33960.0,,99.0,2.9,1237.0,0,,0,0.0,0
51091,2022,52434.0,78582.0,57070.0,10.3,30.7,5.412332023807516,14.7,58.0,12.44291093132305,,,475.0,16657944.0,35094.0,,170.0,2.3,1359.0,0,,0,0.0,0
51093,2010,45373.0,1967955.0,62242.0,,25.1,110.11609674200548,4.9,42.6,10.912301485715146,,,10083.0,407500125.0,40414.0,4.0,735.0,7.3,18826.0,0,,0,0.0,0
51093,2011,46867.0,1799308.0,64925.0,,25.2,111.16144257725264,6.3,43.5,11.12280920213498,,,9682.0,375566830.0,38790.0,,732.0,6.9,18850.0,0,,0,0.0,0
51093,2012,48074.0,1797185.0,64491.0,10.5,25.8,111.63026434578774,7.7,43.7,11.0497960902567,,,10060.0,393065199.0,39071.0,,741.0,6.2,18738.0,0,,0,0.0,0
51093,2013,48096.0,1903913.0,63942.0,12.0,25.5,112.05157039453886,7.7,44.2,10.722966739822327,,,10445.0,459849695.0,44027.0,,724.0,5.6,18861.0,0,,0,0.0,0
51093,2014,48069.0,1706437.0,65910.0,11.3,26.1,112.51088901911716,8.3,44.5,10.851032506192958,,,10530.0,409310478.0,38871.0,,716.0,5.1,19038.0,0,,0,0.0,0
51093,2015,49613.0,1715799.0,65741.0,11.7,26.9,113.2141216719198,8.3,44.5,11.065769514454528,,,10703.0,450219285.0,42066.0,,742.0,4.5,18876.0,0,,0,0.0,0
51093,2016,51120.0,1650016.0,66835.0,10.9,27.4,114.1232557771196,8.1,44.4,11.1926287229733,,,10806.0,460261257.0,42594.0,,758.0,4.2,18955.0,0,,0,0.0,0
51093,2017,51929.0,1566681.0,67767.0,10.3,26.9,114.32282180021224,7.0,44.4,11.5225802165513,,,10726.0,478182562.0,44582.0,,768.0,3.8,19268.0,0,,0,0.0,0
51093,2018,52639.0,1515680.0,71376.0,10.0,28.2,115.21611733215072,7.9,44.4,11.66283933008128,,,10865.0,513227886.0,47239.0,,819.0,3.0,19427.0,0,,0,0.0,0
51093,2019,55265.0,1381740.0,73991.0,10.5,27.0,116.02388456847808,6.4,44.3,12.060675300200923,,,10804.0,483425837.0,44745.0,,847.0,2.8,19671.0,0,,0,0.0,0
51093,2020,58242.0,1323294.0,77870.0,9.4,28.0,117.54438760156484,6.0,44.4,12.178014591487155,,,10516.0,553307280.0,52617.0,,863.0,5.2,19221.0,0,,0,0.0,0
51093,2021,62673.0,1321262.0,84673.0,8.8,29.1,121.3266388963682,5.6,44.4,12.12711757726064,,,10644.0,551373874.0,51803.0,,901.0,3.4,19307.0,0,,0,0.0,0
51093,2022,64169.0,1365771.0,91680.0,9.8,29.8,123.2177645437699,5.5,44.2,13.407648946923644,,,10513.0,572648266.0,54469.0,1.0,994.0,2.7,19714.0,0,,0,0.0,0
51095,2010,,,73903.0,,45.0,452.47297924074826,3.9,44.3,,,,26180.0,880137916.0,33618.0,,1615.0,6.5,32282.0,0,,0,0.0,0
51095,2011,,,75938.0,,45.6,462.5363673417757,4.6,44.6,,,,26390.0,891762838.0,33792.0,,1651.0,6.1,32554.0,0,,0,0.0,0
51095,2012,,,76767.0,8.7,45.3,470.41420118343194,5.8,44.9,,,,26991.0,935327751.0,34653.0,5.0,1691.0,5.6,32942.0,0,,0,0.0,0
51095,2013,,,76960.0,8.7,45.8,479.07208815303096,6.4,45.1,,,,26779.0,966017109.0,36073.0,5.0,1694.0,5.2,33708.0,0,,0,0.0,0
51095,2014,,,76705.0,8.5,46.1,490.74477504954393,5.8,45.2,,,,27639.0,998751380.0,36136.0,,1710.0,4.8,34735.0,0,,0,0.0,0
51095,2015,,,75710.0,8.1,47.0,496.6549073072004,5.1,45.4,,,,27822.0,990737140.0,35609.0,,1849.0,4.3,34430.0,0,,0,0.0,0
51095,2016,,,80226.0,7.9,47.8,505.27765674851366,4.9,45.9,,,,28975.0,1089008424.0,37584.0,,1908.0,3.8,34910.0,0,,0,0.0,0
51095,2017,,,80772.0,7.5,47.9,513.2046831297699,4.9,45.9,,,,29563.0,1118971676.0,37851.0,,1908.0,3.5,36236.0,0,,0,0.0,0
51095,2018,,,83048.0,7.8,49.6,521.1106269940548,4.0,46.4,,,,30233.0,1169385892.0,38679.0,,1983.0,2.9,36646.0,0,,0,0.0,0
51095,2019,,,87678.0,7.3,50.4,526.4726138104542,4.3,46.5,,,,30395.0,1221352388.0,40182.0,61.0,1982.0,2.6,36951.0,0,,0,0.0,0
51095,2020,,,91675.0,6.6,51.0,534.3153101238246,4.1,46.8,,,,26039.0,1198725299.0,46035.0,7.0,1982.0,7.1,36749.0,0,,0,0.0,0
51095,2021,,,94907.0,6.9,50.5,546.2690972466232,4.4,46.8,,,,27600.0,1305179230.0,47289.0,58.0,2030.0,3.9,36365.0,0,,0,0.0,0
51095,2022,,,100711.0,7.3,50.0,553.8939408846225,3.7,47.1,,,,29076.0,1440687380.0,49550.0,119.0,2232.0,2.8,37027.0,0,,0,0.0,0
51097,2010,33624.0,154329.0,44442.0,,9.9,21.976906161847253,4.9,42.5,11.368872723342273,,,874.0,31840105.0,36451.0,,160.0,8.2,3597.0,0,,0,0.0,0
51097,2011,35028.0,162221.0,48170.0,,11.3,22.040368206784727,5.5,45.3,11.548880046330028,,,910.0,32732333.0,35970.0,,152.0,7.3,3657.0,0,,0,0.0,0
51097,2012,34914.0,153650.0,49410.0,8.1,12.6,22.11017645621595,5.7,44.7,11.078563954272488,,,928.0,33440829.0,36055.0,,160.0,6.5,3668.0,0,,0,0.0,0
51097,2013,36121.0,151756.0,48372.0,9.2,14.1,22.275177773053382,6.1,45.1,10.746684803862737,,,899.0,32766965.0,36448.0,,159.0,6.0,3639.0,0,,0,0.0,0
51097,2014,36787.0,138748.0,47804.0,11.3,16.8,22.443352192137688,5.0,45.5,10.883366139617726,,,885.0,32279915.0,36478.0,,158.0,5.7,3656.0,0,,0,0.0,0
51097,2015,38680.0,137291.0,48292.0,13.4,18.1,22.54806456628452,5.5,45.9,11.136121027576754,,,919.0,33761323.0,36744.0,,164.0,4.7,3645.0,0,,0,0.0,0
51097,2016,40470.0,143194.0,48852.0,14.2,19.2,22.655950042678224,6.0,45.8,11.229389453977756,,,927.0,34771438.0,37520.0,,171.0,4.1,3665.0,0,,0,0.0,0
51097,2017,42684.0,139563.0,51495.0,15.6,18.9,22.376717044953335,4.4,45.1,11.491582934592548,,,1072.0,41587127.0,38809.0,,176.0,3.4,3835.0,0,,0,0.0,0
51097,2018,44205.0,139826.0,54516.0,16.5,19.8,22.376717044953335,5.9,45.7,11.7136092600738,,,1093.0,41625445.0,38089.0,,184.0,3.1,3866.0,0,,0,0.0,0
51097,2019,46824.0,140938.0,63982.0,12.4,23.6,22.3449860224846,3.0,46.7,12.129617939764282,,,1067.0,41499783.0,38891.0,,176.0,2.8,3885.0,0,,0,0.0,0
51097,2020,51129.0,147097.0,65385.0,13.0,25.8,22.24661985283152,3.5,48.0,12.197910826297328,,,1084.0,44769001.0,41297.0,,164.0,5.3,3844.0,0,,0,0.0,0
51097,2021,54988.0,155291.0,61672.0,14.3,21.3,21.22805403158506,3.2,48.2,12.105754590834383,,,1108.0,48478968.0,43757.0,,172.0,3.2,3834.0,0,,0,0.0,0
51097,2022,56061.0,145661.0,70147.0,19.9,22.6,21.199496111363196,5.7,47.4,13.405271630284828,,,1072.0,50324860.0,46934.0,,246.0,2.6,3896.0,0,,0,0.0,0
51099,2010,45655.0,1637501.0,76241.0,,30.5,126.89558420736188,5.6,36.0,10.24109673359204,,,9818.0,686841390.0,69959.0,,529.0,7.5,11429.0,0,,0,0.0,0
51099,2011,46113.0,1622400.0,82173.0,,29.5,129.8294252566415,5.7,36.4,10.661661940071044,,,10220.0,708608497.0,69337.0,,511.0,7.0,11704.0,0,,0,0.0,0
51099,2012,47454.0,1598207.0,82195.0,5.6,30.6,132.15645667713275,6.7,36.5,11.059851188451322,,,10094.0,703664076.0,69711.0,,536.0,6.4,11715.0,0,,0,0.0,0
51099,2013,47727.0,1674781.0,81753.0,7.1,31.1,134.45008573273657,7.3,36.3,10.736616159097396,,,10539.0,733419426.0,69593.0,,551.0,5.7,11979.0,0,,0,0.0,0
51099,2014,48256.0,1729500.0,83071.0,5.8,31.8,136.82165363974437,7.3,36.7,10.86213362594747,,,10774.0,778038824.0,72215.0,,560.0,5.3,12123.0,0,,0,0.0,0
51099,2015,51667.0,1768587.0,81688.0,5.5,32.3,138.80352728973213,7.4,36.6,11.077773236839391,,,10914.0,792791980.0,72641.0,,605.0,4.7,12101.0,0,,0,0.0,0
51099,2016,51124.0,1829855.0,84342.0,5.6,34.5,140.62395617609727,6.5,37.0,11.203980712340243,,,11418.0,832985225.0,72954.0,,625.0,4.2,12336.0,0,,0,0.0,0
51099,2017,52214.0,1868168.0,84770.0,5.7,34.2,142.31634266372728,4.9,37.1,11.535030708700932,,,11361.0,860071873.0,75704.0,,615.0,3.7,13059.0,0,,0,0.0,0
51099,2018,52897.0,1906362.0,87321.0,5.7,34.6,144.13120448927785,4.0,37.3,11.678494135710968,,,11684.0,897436210.0,76810.0,,623.0,3.0,13249.0,0,,0,0.0,0
51099,2019,55525.0,1953598.0,94274.0,5.1,36.0,146.01843810541789,3.1,37.4,12.07314173691482,,,11973.0,944035014.0,78850.0,,623.0,2.6,13524.0,0,,0,0.0,0
51099,2020,58959.0,2031038.0,96711.0,5.3,35.5,148.52361547197543,3.9,38.1,12.195475158886936,,,12318.0,1008608748.0,81882.0,,615.0,4.6,13756.0,0,,0,0.0,0
51099,2021,63146.0,2172658.0,101599.0,6.5,34.9,148.0671164851805,2.9,38.3,12.14148832398868,,,12770.0,1074782638.0,84165.0,,633.0,2.9,13976.0,0,,0,0.0,0
51099,2022,62783.0,2159040.0,103264.0,6.9,34.9,150.22713608123456,2.6,38.3,13.416328317713363,,,13009.0,1126664942.0,86608.0,,716.0,2.5,14453.0,0,,0,0.0,0
51101,2010,36237.0,489602.0,64946.0,,19.8,56.62078785002373,5.2,39.1,10.2792757296186,,,3397.0,130680641.0,38468.0,,362.0,7.6,8669.0,0,,0,0.0,0
51101,2011,37013.0,463169.0,64982.0,,18.8,57.42032054324413,6.7,39.3,10.698735024291643,,,3309.0,130534149.0,39452.0,,360.0,6.9,8689.0,0,,0,0.0,0
51101,2012,39204.0,496316.0,63151.0,7.8,19.7,57.90588149392136,6.3,39.3,11.078563954272488,,,3377.0,133475538.0,39520.0,,353.0,6.2,8673.0,0,,0,0.0,0
51101,2013,39401.0,473774.0,62670.0,9.5,19.2,58.263663247051944,5.8,39.8,10.746684803862737,,,3414.0,138505551.0,40574.0,,336.0,5.5,8701.0,0,,0,0.0,0
51101,2014,38273.0,475909.0,63560.0,11.7,19.1,58.57763498959512,5.8,40.3,10.883366139617726,,,3479.0,148952991.0,42814.0,,339.0,5.1,8783.0,0,,0,0.0,0
51101,2015,40729.0,495907.0,62031.0,11.8,18.4,58.76747836880727,5.4,40.7,11.136121027576754,,,3677.0,159189041.0,43298.0,,383.0,4.2,8739.0,0,,0,0.0,0
51101,2016,43294.0,510206.0,64297.0,12.1,18.6,58.98287758752875,3.9,40.9,11.229389453977756,,,3854.0,165784204.0,43018.0,,413.0,3.7,8762.0,0,,0,0.0,0
51101,2017,44834.0,510929.0,67423.0,10.9,19.0,59.61447190683071,3.7,41.3,11.491582934592548,,,3936.0,171804452.0,43653.0,,416.0,3.4,9014.0,0,,0,0.0,0
51101,2018,45385.0,514377.0,68720.0,10.1,20.4,60.22781205505458,3.0,41.4,11.7136092600738,,,4004.0,178532120.0,44591.0,,437.0,3.0,9119.0,0,,0,0.0,0
51101,2019,47213.0,535175.0,66987.0,8.4,21.0,60.92512139023766,4.0,40.3,12.129617939764282,,,4039.0,182568356.0,45204.0,,450.0,2.7,9288.0,0,,0,0.0,0
51101,2020,50003.0,516227.0,73284.0,7.2,24.1,62.00941915227629,4.1,41.0,12.197910826297328,,,3830.0,183421874.0,47895.0,,441.0,5.5,9216.0,0,,0,0.0,0
51101,2021,53849.0,535964.0,74592.0,7.7,24.9,63.9297579496915,3.0,40.6,12.105754590834383,,,3828.0,190159811.0,49679.0,,443.0,3.3,9248.0,0,,0,0.0,0
51101,2022,54865.0,528806.0,79398.0,8.0,24.8,65.149136577708,4.0,40.8,13.405271630284828,,,3968.0,210972468.0,53166.0,,520.0,2.6,9568.0,0,,0,0.0,0
51103,2010,43528.0,454086.0,45209.0,,27.7,86.10265104346391,5.7,53.4,10.24109673359204,,,4615.0,141413822.0,30643.0,17.0,545.0,10.0,5579.0,0,,0,0.0,0
51103,2011,45189.0,443008.0,46625.0,,25.6,85.69756800144029,7.6,53.7,10.661661940071044,,,4626.0,145138158.0,31372.0,23.0,533.0,9.2,5581.0,0,,0,0.0,0
51103,2012,47417.0,438376.0,49516.0,10.0,25.8,85.29998649723193,8.1,54.2,11.059851188451322,,,4631.0,150273795.0,32452.0,26.0,497.0,7.8,5512.0,0,,0,0.0,0
51103,2013,46961.0,437470.0,49248.0,11.7,28.3,84.78988192579477,8.5,54.5,10.736616159097396,,,4553.0,151207145.0,33211.0,,481.0,7.3,5399.0,0,,0,0.0,0
51103,2014,47986.0,430334.0,49456.0,10.9,28.7,84.19726043838986,8.3,55.3,10.86213362594747,,,4499.0,152422512.0,33882.0,,480.0,7.5,5364.0,0,,0,0.0,0
51103,2015,50285.0,422594.0,50374.0,11.3,27.9,83.48461434594091,7.9,55.6,11.077773236839391,,,4443.0,152379653.0,34300.0,,492.0,6.5,5147.0,0,,0,0.0,0
51103,2016,52217.0,437223.0,50118.0,10.0,29.7,82.92950054761225,5.4,56.4,11.203980712340243,,,4509.0,158654848.0,35188.0,,490.0,5.5,5115.0,0,,0,0.0,0
51103,2017,55411.0,432873.0,51495.0,11.0,31.9,81.37668221985507,4.4,56.3,11.535030708700932,,,4530.0,165089726.0,36446.0,,487.0,5.2,5384.0,0,,0,0.0,0
51103,2018,55894.0,436020.0,50739.0,9.2,30.9,81.04661455598396,3.4,56.7,11.678494135710968,,,4522.0,165761290.0,36657.0,,490.0,4.4,5314.0,0,,0,0.0,0
51103,2019,62720.0,482975.0,53711.0,9.8,31.5,80.4464915307638,4.1,57.3,12.07314173691482,,,4616.0,169620957.0,36743.0,,491.0,4.3,5425.0,0,,0,0.0,0
51103,2020,65644.0,480112.0,59736.0,14.6,33.9,80.16143309378423,9.9,57.2,12.195475158886936,,,4372.0,172296713.0,39406.0,,490.0,7.5,5318.0,0,,0,0.0,0
51103,2021,71224.0,490145.0,64460.0,10.9,33.3,81.88678679129221,11.7,57.1,12.14148832398868,,,4375.0,183405177.0,41926.0,,497.0,5.3,5252.0,0,,0,0.0,0
51103,2022,76974.0,490604.0,62674.0,14.0,32.3,81.5117099005296,9.3,59.2,13.416328317713363,,,4470.0,197993532.0,44299.0,,594.0,3.5,5387.0,0,,0,0.0,0
51105,2010,25848.0,531703.0,31352.0,,12.0,58.41820211402506,6.7,40.7,8.648310117029164,,,5304.0,165696962.0,31240.0,,478.0,8.1,10143.0,0,,0,0.0,0
51105,2011,26906.0,520686.0,32588.0,,11.8,58.351593328096506,7.9,40.9,8.473173555590312,,,5306.0,170949657.0,32216.0,,472.0,7.6,10214.0,0,,0,0.0,0
51105,2012,26597.0,481957.0,31729.0,24.1,12.1,58.63410645462104,9.1,41.4,9.425297389624752,,,5057.0,160128982.0,31667.0,,492.0,8.1,9774.0,0,,0,0.0,0
51105,2013,26405.0,459069.0,31308.0,26.8,11.7,58.56290395931811,11.2,41.7,8.92447250989387,,,4729.0,152030921.0,32151.0,,485.0,8.6,9298.0,0,,0,0.0,0
51105,2014,26626.0,428225.0,31264.0,26.0,11.1,58.29417196091672,11.7,42.4,9.924450251704783,,,4445.0,139583532.0,31401.0,,500.0,8.0,8864.0,0,,0,0.0,0
51105,2015,27260.0,419908.0,31086.0,25.4,12.0,57.89451924534543,12.0,42.8,9.722019700785658,,,4467.0,141686758.0,31719.0,,531.0,7.1,8601.0,0,,0,0.0,0
51105,2016,27923.0,425351.0,31577.0,26.1,11.6,57.21694711262398,12.3,43.2,10.12566291672222,,,4474.0,145864323.0,32600.0,,554.0,6.7,8451.0,0,,0,0.0,0
51105,2017,28721.0,388534.0,32590.0,26.2,11.1,56.107566298710545,11.4,43.8,10.474954398019824,,,4371.0,143290417.0,32779.0,,559.0,5.1,8628.0,0,,0,0.0,0
51105,2018,29875.0,389750.0,32718.0,24.0,11.4,55.43229102067629,10.3,44.4,10.339365880538748,,,4274.0,139810686.0,32714.0,,578.0,4.1,8341.0,0,,0,0.0,0
51105,2019,31321.0,381457.0,32888.0,25.5,11.2,55.0050760488587,9.1,44.9,10.605486460992983,,,4187.0,140693379.0,33601.0,,548.0,4.0,8341.0,0,,0,0.0,0
51105,2020,34908.0,396070.0,35006.0,27.5,9.6,54.48828374424064,9.7,45.4,11.207282032769276,,,4101.0,148682621.0,36260.0,,527.0,6.6,8230.0,0,,0,0.0,0
51105,2021,38081.0,387531.0,37574.0,26.2,10.8,51.63788707743616,9.4,45.6,12.003425755807903,,,4062.0,154625069.0,38064.0,,523.0,4.1,8058.0,0,,0,0.0,0
51105,2022,39652.0,396415.0,41619.0,26.0,11.5,51.19000041343384,8.1,45.2,13.12628626745395,,,4063.0,164891618.0,40583.0,5.0,577.0,3.7,8194.0,0,,0,0.0,0
51107,2010,63772.0,19928704.0,115574.0,,57.2,565.506129081045,3.8,34.3,10.396778436772944,,,132340.0,7501187975.0,56681.0,587.0,9285.0,5.2,175593.0,0,,0,0.0,1
51107,2011,66784.0,20273472.0,120096.0,,57.6,588.1455312581194,4.3,34.6,10.787651085934693,,,137434.0,7849212307.0,57113.0,779.0,9654.0,4.7,181241.0,0,,0,0.0,1
51107,2012,69134.0,21154241.0,122068.0,3.5,57.9,610.7364592099088,4.4,34.8,11.081613158335443,,,141249.0,8236288365.0,58310.0,880.0,9990.0,4.4,185858.0,0,,0,0.0,1
51107,2013,67610.0,22197546.0,122238.0,3.6,57.9,633.0287859339431,4.5,34.9,10.761632737579983,,,146358.0,8681374683.0,59316.0,780.0,10175.0,4.3,191165.0,0,,0,0.0,1
51107,2014,68718.0,22845662.0,123966.0,3.8,58.0,657.1476214667136,4.3,35.1,10.911945152764591,,,148593.0,8963952580.0,60326.0,1557.0,10467.0,4.2,196697.0,0,,0,0.0,1
51107,2015,71082.0,23989404.0,123453.0,4.0,58.2,680.8282500029084,4.0,35.3,11.158442734248766,,,154560.0,9469524969.0,61268.0,2109.0,11395.0,3.5,200891.0,0,,0,0.0,1
51107,2016,73874.0,25206693.0,125672.0,4.0,58.8,702.7502336457658,3.9,35.5,11.20234212289527,,,159753.0,9786620711.0,61261.0,2187.0,11987.0,3.1,207602.0,0,,0,0.0,1
51107,2017,75651.0,26813789.0,129588.0,3.7,59.8,726.2563549709348,3.8,35.8,11.5494675330736,,,164537.0,10388091191.0,63135.0,2186.0,12244.0,3.0,216176.0,0,,0,0.0,1
51107,2018,78631.0,28280364.0,136268.0,3.7,60.8,746.7803419565747,3.5,36.0,11.6829487955784,,,169077.0,11106435306.0,65689.0,2100.0,12575.0,2.5,220513.0,0,,0,0.0,1
51107,2019,81997.0,29525992.0,142299.0,3.4,61.3,766.1525813494447,3.2,36.2,12.087904553223488,,,175497.0,11699975992.0,66668.0,2394.0,12677.0,2.3,227755.0,0,,0,0.0,1
51107,2020,85192.0,28754801.0,147111.0,3.2,61.6,785.8874079474461,3.6,36.5,12.136061767285192,,,165166.0,12087623391.0,73185.0,2159.0,12933.0,5.5,225264.0,0,,0,0.0,1
51107,2021,92268.0,31764885.0,156821.0,3.3,63.0,801.9071699196103,3.4,36.9,12.125539148901693,,,172484.0,12943519988.0,75042.0,2265.0,13591.0,3.1,224820.0,0,,0,0.0,1
51107,2022,96039.0,33320670.0,170463.0,3.8,63.5,815.8658078326591,3.2,37.3,13.401222941730316,,,180628.0,14193053336.0,78576.0,2226.0,14965.0,2.3,232059.0,0,,0,0.0,1
51109,2010,35129.0,2146469.0,54257.0,,17.9,65.14128961492545,5.9,42.3,10.261959220215488,,,7326.0,353614223.0,48266.0,,682.0,7.7,17879.0,0,,0,0.0,0
51109,2011,35333.0,2151660.0,56502.0,,18.1,66.13311463356004,5.5,42.8,10.682112596340708,,,8222.0,384386854.0,46749.0,,694.0,6.8,17913.0,0,,0,0.0,0
51109,2012,36326.0,2417503.0,55765.0,9.9,18.5,66.82799814967063,6.2,43.1,11.07906344846252,,,8242.0,381357633.0,46272.0,,754.0,6.1,17936.0,0,,0,0.0,0
51109,2013,36290.0,2284204.0,54518.0,10.3,18.8,67.4360212262674,8.2,43.4,10.769041736506626,,,8390.0,387758149.0,46218.0,,770.0,5.5,18056.0,0,,0,0.0,0
51109,2014,37860.0,2264444.0,57126.0,9.6,19.2,68.16120489569677,8.0,43.7,10.908745164531664,,,8753.0,410124061.0,46854.0,,804.0,5.0,18513.0,0,,0,0.0,0
51109,2015,39659.0,2331766.0,57829.0,10.0,20.6,68.65206737946093,8.1,43.7,11.165113774960924,,,9477.0,451407324.0,47630.0,,877.0,4.2,18866.0,0,,0,0.0,0
51109,2016,39932.0,2151587.0,54662.0,12.0,21.9,69.38735109999656,8.1,44.0,11.25166149811725,,,9140.0,437026749.0,47813.0,,930.0,3.8,18595.0,0,,0,0.0,0
51109,2017,42046.0,2212625.0,56946.0,11.8,23.2,70.32261583243611,7.7,44.5,11.50511905291033,,,9693.0,463727712.0,47843.0,,923.0,3.4,19765.0,0,,0,0.0,0
51109,2018,43416.0,2215513.0,59343.0,12.3,23.4,71.46796162788583,6.3,44.7,11.740616319700491,,,9731.0,492803610.0,50644.0,,971.0,2.8,19841.0,0,,0,0.0,0
51109,2019,44219.0,2198089.0,60975.0,11.8,24.1,72.80116837391196,5.4,44.8,12.164790668522816,,,9659.0,481304163.0,49829.0,,981.0,2.7,20183.0,0,,0,0.0,0
51109,2020,46684.0,2159402.0,67027.0,11.4,25.2,74.04145464976052,5.2,45.3,12.221246182290477,,,9571.0,475308420.0,49663.0,,989.0,5.4,19836.0,0,,0,0.0,0
51109,2021,50798.0,2278986.0,70974.0,10.8,25.8,75.01509957640386,6.2,44.9,12.125952876442982,,,9894.0,517177021.0,52274.0,,1031.0,3.4,20066.0,0,,0,0.0,0
51109,2022,51411.0,2323484.0,76594.0,10.9,25.8,76.97450949101803,6.4,45.0,13.412822226284677,,,10350.0,566435208.0,54727.0,,1156.0,2.6,20764.0,0,,0,0.0,0
51111,2010,25559.0,257992.0,37424.0,,10.0,30.03937919851749,9.9,43.0,10.316525377894727,,,2508.0,77355539.0,30847.0,,250.0,9.7,5558.0,0,,0,0.0,0
51111,2011,26738.0,250619.0,35210.0,,9.6,29.94672226082928,8.3,43.5,10.723900927979932,,,2462.0,73199745.0,29727.0,,249.0,8.5,5500.0,0,,0,0.0,0
51111,2012,27380.0,243744.0,34455.0,22.4,10.4,29.73824415103081,9.8,43.8,11.121508136732556,,,2444.0,77266041.0,31616.0,,256.0,7.4,5375.0,0,,0,0.0,0
51111,2013,27496.0,235891.0,35237.0,22.6,11.9,29.555246699096596,9.9,44.1,10.786805283985798,,,2435.0,77167668.0,31691.0,,255.0,6.9,5325.0,0,,0,0.0,0
51111,2014,28913.0,233793.0,37881.0,19.9,12.5,29.342135742413713,7.4,44.4,10.939802416710576,,,2508.0,79021982.0,31512.0,,257.0,5.8,5358.0,0,,0,0.0,0
51111,2015,29640.0,236619.0,39506.0,20.5,12.2,29.089645587213344,7.3,44.7,11.157159908730716,,,2512.0,81328713.0,32374.0,,282.0,5.0,5305.0,0,,0,0.0,0
51111,2016,30817.0,240346.0,39911.0,20.6,11.8,28.839471855455177,6.2,45.2,11.25930633755677,,,2555.0,83919294.0,32852.0,,302.0,4.5,5260.0,0,,0,0.0,0
51111,2017,31673.0,234850.0,39537.0,18.6,10.6,28.651841556636555,4.5,45.4,11.571047822630142,,,2589.0,85547154.0,33045.0,,310.0,4.1,5404.0,0,,0,0.0,0
51111,2018,32439.0,234697.0,41868.0,17.9,10.6,28.44104702339588,4.4,45.5,11.7170034468442,,,2565.0,86473538.0,33714.0,,322.0,3.2,5342.0,0,,0,0.0,0
51111,2019,33123.0,237777.0,44303.0,16.4,11.3,28.4503127171647,4.5,45.3,12.12071979365678,,,2466.0,88950293.0,36067.0,,317.0,3.1,5343.0,0,,0,0.0,0
51111,2020,36443.0,236751.0,45884.0,14.9,12.5,28.478109798471163,3.8,44.5,12.2486114343247,,,2345.0,89576072.0,38201.0,,312.0,5.5,5209.0,0,,0,0.0,0
51111,2021,39597.0,271003.0,47269.0,14.0,11.8,27.75538568450313,4.8,43.9,12.158764258234664,,,2223.0,124373238.0,55957.0,,321.0,3.8,5091.0,0,,0,0.0,0
51111,2022,39328.0,239040.0,54438.0,13.0,11.1,27.76928422515636,4.0,44.0,13.457168788489794,,,2197.0,96653310.0,44003.0,,377.0,3.3,5167.0,0,,0,0.0,0
51113,2010,33640.0,358573.0,56608.0,,20.7,41.61078849044718,6.0,43.3,10.242840180353465,,,2975.0,91474155.0,30745.0,,346.0,6.5,7178.0,0,,0,0.0,0
51113,2011,36629.0,351879.0,59734.0,,21.4,41.53281894223392,5.9,44.5,10.698735024291643,,,3014.0,93414248.0,30994.0,,344.0,5.2,7211.0,0,,0,0.0,0
51113,2012,40023.0,387042.0,54510.0,12.8,18.4,41.386236191593014,7.7,44.7,11.078563954272488,,,3058.0,100037080.0,32716.0,,335.0,4.7,7252.0,0,,0,0.0,0
51113,2013,40877.0,399320.0,53459.0,13.3,21.8,41.320741771093886,7.2,45.2,10.746684803862737,,,3029.0,94896977.0,31334.0,,329.0,4.4,7229.0,0,,0,0.0,0
51113,2014,42709.0,421936.0,51641.0,13.8,23.1,41.19287171202416,6.8,45.1,10.883366139617726,,,3051.0,98838765.0,32396.0,,330.0,4.0,7272.0,0,,0,0.0,0
51113,2015,43439.0,417031.0,47736.0,12.4,23.2,41.00262601438383,6.6,44.6,11.136121027576754,,,3127.0,103860697.0,33218.0,,357.0,3.4,7255.0,0,,0,0.0,0
51113,2016,45029.0,411230.0,48271.0,11.7,25.6,40.924656466170575,5.3,44.6,11.229389453977756,,,3097.0,109859996.0,35471.0,,365.0,3.1,7183.0,0,,0,0.0,0
51113,2017,44302.0,346389.0,52287.0,9.8,26.9,40.88099351917115,5.6,45.2,11.491582934592548,,,3152.0,112116955.0,35567.0,,364.0,2.9,7333.0,0,,0,0.0,0
51113,2018,44685.0,345656.0,54197.0,8.3,24.2,40.977675758955584,5.5,44.8,11.7136092600738,,,3053.0,109471338.0,35859.0,,364.0,2.5,7302.0,0,,0,0.0,0
51113,2019,47693.0,339604.0,57895.0,6.6,23.4,41.07435799874001,5.1,45.6,12.129617939764282,,,3114.0,114611374.0,36802.0,,363.0,2.2,7470.0,0,,0,0.0,0
51113,2020,51066.0,345803.0,63482.0,9.6,24.5,41.19287171202416,4.1,46.4,12.197910826297328,,,3050.0,121920200.0,39975.0,,363.0,3.9,7268.0,0,,0,0.0,0
51113,2021,55880.0,354375.0,72349.0,8.7,24.7,42.82399466064534,5.0,46.5,12.105754590834383,,,3124.0,129370230.0,41415.0,,368.0,2.5,7374.0,0,,0,0.0,0
51113,2022,57118.0,349632.0,74586.0,8.0,24.5,43.12651650771275,3.7,46.6,13.405271630284828,,,3141.0,138125159.0,43971.0,,498.0,2.1,7548.0,0,,0,0.0,0
51115,2010,44726.0,252037.0,47435.0,,20.6,104.8061365832082,4.8,48.9,10.220767619434053,,,1534.0,38608860.0,25173.0,,230.0,6.5,4229.0,0,,0,0.0,0
51115,2011,47430.0,254150.0,54118.0,,22.7,104.75957677130984,5.8,49.9,10.642320779623974,,,1488.0,38414695.0,25825.0,,225.0,6.5,4238.0,0,,0,0.0,0
51115,2012,47519.0,189718.0,55590.0,8.6,25.8,104.3521784171992,4.9,50.3,11.044668644654392,,,1468.0,36971946.0,25191.0,,216.0,5.6,4170.0,0,,0,0.0,0
51115,2013,46650.0,186646.0,55192.0,10.1,27.2,104.0960994517582,5.7,50.6,10.72088033141516,,,1422.0,36640984.0,25773.0,,207.0,4.9,4165.0,0,,0,0.0,0
51115,2014,48946.0,188586.0,63157.0,9.1,29.0,103.8633003922664,4.3,50.7,10.845198937440564,,,1437.0,38963391.0,27124.0,,200.0,4.5,4139.0,0,,0,0.0,0
51115,2015,50742.0,184818.0,63845.0,7.0,29.2,103.36278241435905,3.3,51.1,11.055026234667997,,,1458.0,40144959.0,27526.0,,209.0,4.2,4090.0,0,,0,0.0,0
51115,2016,52125.0,190170.0,64049.0,9.6,26.6,102.99030391917216,2.0,51.5,11.185673295112666,,,1493.0,41267469.0,27645.0,,215.0,4.0,4045.0,0,,0,0.0,0
51115,2017,54226.0,176379.0,63622.0,10.6,26.9,102.78078476562956,1.4,52.6,11.524501496229677,,,1476.0,41315636.0,27998.0,,220.0,3.7,4132.0,0,,0,0.0,0
51115,2018,55441.0,187095.0,67009.0,10.8,28.0,102.38502636449348,2.7,52.9,11.66164086138545,,,1533.0,43793239.0,28559.0,,227.0,3.0,4139.0,0,,0,0.0,0
51115,2019,58865.0,192091.0,64237.0,11.4,27.9,102.29190674069676,4.4,54.5,12.056458043354928,,,1573.0,45903888.0,29192.0,,225.0,2.8,4189.0,0,,0,0.0,0
51115,2020,61747.0,192738.0,74489.0,8.5,29.1,101.96598805740824,4.5,53.7,12.179610359243735,,,1496.0,47375730.0,31670.0,,217.0,5.1,3983.0,0,,0,0.0,0
51115,2021,66033.0,192079.0,73229.0,8.0,29.9,99.49831802679518,7.0,53.4,12.13029958147936,,,1485.0,50891551.0,34278.0,,220.0,3.2,3995.0,0,,0,0.0,0
51115,2022,68291.0,188645.0,79054.0,6.8,29.8,99.37027854407468,8.2,53.7,13.40972176536102,,,1554.0,57028050.0,36703.0,,248.0,2.8,4096.0,0,,0,0.0,0
51117,2010,28736.0,1090229.0,36431.0,,13.4,52.41240344788985,9.3,45.1,10.316525377894727,,,12270.0,360836312.0,29409.0,,949.0,11.5,14183.0,0,,0,0.0,1
51117,2011,29686.0,1046823.0,36069.0,,12.7,52.418800275063575,8.8,45.3,10.723900927979932,,,12203.0,360464719.0,29539.0,,967.0,10.3,14031.0,0,,0,0.0,1
51117,2012,31337.0,1013940.0,35399.0,21.1,13.7,52.050982712574566,9.3,45.9,11.121508136732556,,,11959.0,354147435.0,29615.0,,1004.0,9.2,13508.0,0,,0,0.0,1
51117,2013,31566.0,975590.0,36261.0,19.6,13.7,51.612800051174624,9.6,46.4,10.786805283985798,,,11260.0,342158743.0,30388.0,,1000.0,9.1,12771.0,0,,0,0.0,1
51117,2014,32268.0,998045.0,37756.0,19.9,15.2,51.03548639874623,7.9,46.9,10.939802416710576,,,11354.0,348210569.0,30668.0,,1024.0,7.6,12663.0,0,,0,0.0,1
51117,2015,33360.0,1018714.0,37356.0,19.8,15.6,50.46297036669812,6.9,47.2,11.157159908730716,,,11706.0,374301444.0,31977.0,,1052.0,6.0,12561.0,0,,0,0.0,1
51117,2016,34039.0,1012829.0,40040.0,17.8,17.1,49.90964481617118,6.1,48.2,11.25930633755677,,,11772.0,389248566.0,33065.0,,1097.0,5.5,12473.0,0,,0,0.0,1
51117,2017,35329.0,989023.0,41126.0,16.9,18.2,49.50984311781357,5.0,47.9,11.571047822630142,,,11502.0,389324358.0,33848.0,,1086.0,4.8,12859.0,0,,0,0.0,1
51117,2018,36269.0,999871.0,42025.0,18.9,18.4,49.33073195694936,4.3,48.4,11.7170034468442,,,11562.0,398118102.0,34434.0,106.0,1128.0,4.1,12719.0,0,,0,0.0,1
51117,2019,37758.0,1019250.0,43207.0,19.0,20.2,49.140426348531136,3.9,48.4,12.12071979365678,,,11419.0,404086133.0,35387.0,,1123.0,4.0,12729.0,0,,0,0.0,1
51117,2020,41494.0,1083387.0,50224.0,17.0,23.1,49.13722793494427,3.4,48.5,12.2486114343247,,,10907.0,421415894.0,38637.0,,1073.0,7.0,12570.0,0,,0,0.0,1
51117,2021,46473.0,1110937.0,46378.0,17.9,22.3,48.53112856023413,3.4,48.4,12.158764258234664,,,10966.0,456392392.0,41621.0,,1075.0,4.7,12517.0,0,,0,0.0,1
51117,2022,46675.0,1139961.0,51265.0,18.8,21.5,48.563112696102735,3.6,48.6,13.457168788489794,,,11419.0,503105523.0,44059.0,,1164.0,3.5,12966.0,0,,0,0.0,1
51119,2010,38521.0,367748.0,50207.0,,27.5,83.10442722320263,2.7,50.4,10.220767619434053,,,3219.0,93149353.0,28938.0,,398.0,7.4,5167.0,0,,0,0.0,0
51119,2011,40241.0,365883.0,53615.0,,25.3,83.28857515537482,4.1,50.3,10.642320779623974,,,3199.0,93392521.0,29195.0,,391.0,6.5,5131.0,0,,0,0.0,0
51119,2012,41876.0,355982.0,55625.0,8.2,28.8,83.28857515537482,5.4,51.2,11.044668644654392,,,3210.0,93156364.0,29020.0,,383.0,5.9,5128.0,0,,0,0.0,0
51119,2013,40817.0,353898.0,53309.0,9.4,27.4,83.25788383334611,6.6,51.0,10.72088033141516,,,3221.0,98359519.0,30535.0,,364.0,5.4,5115.0,0,,0,0.0,0
51119,2014,41698.0,344356.0,54452.0,9.8,28.3,82.9970075961022,6.0,51.5,10.845198937440564,,,3142.0,100717112.0,32058.0,,346.0,5.0,5045.0,0,,0,0.0,0
51119,2015,44150.0,342238.0,54654.0,9.5,24.2,82.22972454538478,6.3,52.7,11.055026234667997,,,3210.0,104436017.0,32539.0,,365.0,4.2,5000.0,0,,0,0.0,0
51119,2016,45277.0,354920.0,53093.0,10.9,23.4,82.3141256809637,5.3,53.1,11.185673295112666,,,3287.0,109705459.0,33377.0,,385.0,3.8,5035.0,0,,0,0.0,0
51119,2017,48438.0,382854.0,50483.0,10.2,22.1,82.17601473183457,6.3,53.5,11.524501496229677,,,3463.0,118319868.0,34169.0,,386.0,3.2,5367.0,0,,0,0.0,0
51119,2018,49513.0,378703.0,51917.0,8.4,21.8,82.09928642676283,4.4,53.4,11.66164086138545,,,3333.0,126990178.0,38100.0,,385.0,2.7,5253.0,0,,0,0.0,0
51119,2019,54632.0,371698.0,57438.0,10.0,21.5,81.90746566408347,5.5,53.9,12.056458043354928,,,3342.0,118579629.0,35483.0,,389.0,2.5,5285.0,0,,0,0.0,0
51119,2020,57281.0,360527.0,57060.0,9.7,26.9,81.65426225734673,5.2,54.7,12.179610359243735,,,3116.0,116642337.0,37432.0,,377.0,5.3,5109.0,0,,0,0.0,0
51119,2021,60932.0,368806.0,63782.0,9.8,27.1,81.99186679966239,6.2,54.8,12.13029958147936,,,3179.0,125835509.0,39579.0,,376.0,3.4,5125.0,0,,0,0.0,0
51119,2022,62216.0,372143.0,69389.0,9.7,29.6,82.39085398603544,4.6,54.9,13.40972176536102,,,3263.0,138181015.0,42347.0,,462.0,2.7,5250.0,0,,0,0.0,0
51121,2010,,,43229.0,,39.4,239.18241578712,6.4,26.0,10.395443620628775,,,39117.0,1434868326.0,36681.0,,2186.0,7.2,47555.0,0,,0,0.0,0
51121,2011,,,44231.0,,40.7,241.38483689934264,6.4,26.1,9.483276675418368,,,39221.0,1456202567.0,37128.0,16.0,2151.0,6.3,48292.0,0,,0,0.0,0
51121,2012,,,44166.0,24.4,41.0,243.45283794368316,6.2,26.5,10.809050371451812,,,39656.0,1534131776.0,38686.0,14.0,2168.0,5.8,49090.0,0,,0,0.0,0
51121,2013,,,45543.0,24.5,42.4,245.34247389794933,6.3,26.8,11.017269508302617,,,40373.0,1563062290.0,38715.0,9.0,2149.0,5.5,49678.0,0,,0,0.0,0
51121,2014,,,44810.0,25.6,44.3,247.66380507022157,6.0,27.0,11.345065469161105,,,40626.0,1629032459.0,40099.0,9.0,2142.0,5.0,49948.0,0,,0,0.0,0
51121,2015,,,46663.0,24.8,45.7,249.36732093049707,5.6,27.5,11.293014920577964,,,41394.0,1696516433.0,40984.0,10.0,2217.0,4.3,49925.0,0,,0,0.0,0
51121,2016,,,49712.0,24.0,46.0,251.33192192262055,4.6,27.9,11.405502287632162,,,41878.0,1754495673.0,41896.0,59.0,2285.0,4.1,49796.0,0,,0,0.0,0
51121,2017,,,53424.0,23.8,46.3,252.5339475296435,4.3,28.2,11.493292948549255,,,42147.0,1816784960.0,43106.0,61.0,2299.0,3.7,50146.0,0,,0,0.0,0
51121,2018,,,54641.0,24.3,45.8,253.3223729277983,4.7,28.5,11.241883947579224,,,42052.0,1910280711.0,45426.0,62.0,2347.0,3.0,50065.0,0,,0,0.0,0
51121,2019,,,57977.0,23.5,45.5,253.6920281144742,4.1,29.0,11.054214149071004,,,42181.0,1966131994.0,46612.0,61.0,2345.0,2.8,50648.0,0,,0,0.0,0
51121,2020,,,59126.0,23.5,46.0,254.60970357790032,3.5,29.6,10.826941701319344,,,40109.0,2016383450.0,50273.0,65.0,2331.0,4.9,48657.0,0,,0,0.0,0
51121,2021,,,60666.0,24.8,45.9,256.67511962093545,3.6,30.1,11.153434568602988,,,41184.0,2179741655.0,52927.0,77.0,2381.0,3.0,49692.0,0,,0,0.0,0
51121,2022,,,65270.0,24.9,46.5,256.87933472406405,3.3,29.7,13.017316608378064,,,42447.0,2372629181.0,55896.0,65.0,2624.0,2.7,51821.0,0,,0,0.0,0
51125,2010,36579.0,400647.0,48118.0,,22.9,31.84101796089178,4.8,46.4,10.22340242464104,,,3401.0,96278667.0,28312.0,,504.0,7.3,7586.0,0,,0,0.0,0
51125,2011,38656.0,420376.0,47426.0,,24.6,31.96847550159853,5.7,47.2,10.398283389989208,,,3463.0,100065617.0,28898.0,,502.0,6.3,7593.0,0,,0,0.0,0
51125,2012,41615.0,488300.0,48888.0,11.5,23.9,31.864385176688018,6.7,47.7,10.969951814046452,,,3638.0,105868690.0,29105.0,,514.0,5.7,7453.0,0,,0,0.0,0
51125,2013,42700.0,524889.0,48789.0,14.2,26.7,31.736927635981264,9.1,47.9,10.759445818322432,,,3811.0,110112190.0,28891.0,,517.0,5.4,7359.0,0,,0,0.0,0
51125,2014,43075.0,528709.0,50131.0,14.1,29.0,31.63496160341586,6.2,48.1,10.945741217077012,,,3951.0,118178332.0,29908.0,,533.0,4.8,7418.0,0,,0,0.0,0
51125,2015,45240.0,505777.0,47118.0,14.7,28.2,31.562735663682037,5.7,48.4,11.134379247266224,,,4279.0,149026074.0,34827.0,,556.0,4.0,7296.0,0,,0,0.0,0
51125,2016,46657.0,485534.0,50994.0,14.6,30.1,31.505379770364,3.8,48.7,11.238520500068615,,,3972.0,129655623.0,32643.0,,571.0,3.5,7246.0,0,,0,0.0,0
51125,2017,48222.0,491384.0,53834.0,14.9,30.8,31.573357125407597,3.7,49.7,11.507452794791472,,,3941.0,133252403.0,33815.0,,569.0,3.5,7355.0,0,,0,0.0,0
51125,2018,49547.0,508702.0,62446.0,12.4,32.1,31.465018215806857,3.9,50.1,11.59315094581728,,,4013.0,139245702.0,34702.0,,573.0,3.1,7349.0,0,,0,0.0,0
51125,2019,53191.0,501209.0,64313.0,13.0,30.4,31.505379770364,3.5,51.4,11.906429304977078,,,4024.0,143393714.0,35633.0,,555.0,2.7,7579.0,0,,0,0.0,0
51125,2020,57691.0,496810.0,62203.0,11.5,30.9,31.465018215806857,3.1,51.3,11.95795202087744,,,3649.0,140274608.0,38445.0,,544.0,5.9,7169.0,0,,0,0.0,0
51125,2021,63126.0,550814.0,67707.0,12.5,30.3,31.428905245939944,4.7,51.8,11.9541607203177,,,3697.0,151501925.0,40976.0,,546.0,3.5,7205.0,0,,0,0.0,0
51125,2022,63841.0,537643.0,64028.0,13.2,30.4,31.38217081434747,3.2,50.7,13.327570587612463,,,3883.0,166283974.0,42825.0,,633.0,2.7,7376.0,0,,0,0.0,0
51127,2010,54604.0,374055.0,70590.0,,22.6,84.05741900159498,6.1,41.9,10.220767619434053,,,3755.0,123613909.0,32917.0,,430.0,7.4,10310.0,0,,0,0.0,0
51127,2011,57918.0,376196.0,71198.0,,22.9,86.10945794748494,7.7,42.4,10.642320779623974,,,3755.0,121621928.0,32394.0,,415.0,6.4,10423.0,0,,0,0.0,0
51127,2012,61117.0,435016.0,70978.0,5.9,23.2,87.89011355250315,8.7,42.0,11.044668644654392,,,3795.0,130638249.0,34428.0,,429.0,5.5,10600.0,0,,0,0.0,0
51127,2013,63360.0,442895.0,70618.0,5.9,23.2,89.4660413740567,8.6,42.9,10.72088033141516,,,3887.0,129575431.0,33337.0,,414.0,4.9,10788.0,0,,0,0.0,0
51127,2014,65724.0,450576.0,73030.0,5.4,24.6,91.35144142642892,7.4,43.3,10.845198937440564,,,3933.0,137103303.0,34863.0,,411.0,4.4,11116.0,0,,0,0.0,0
51127,2015,68271.0,466957.0,73041.0,7.0,24.6,93.12733592020378,6.1,43.1,11.055026234667997,,,4135.0,146919829.0,35534.0,,428.0,3.8,11258.0,0,,0,0.0,0
51127,2016,66391.0,493423.0,75303.0,5.0,26.0,95.4650415406956,4.9,44.0,11.185673295112666,,,4320.0,157487158.0,36460.0,,456.0,3.3,11690.0,0,,0,0.0,0
51127,2017,70079.0,498917.0,78429.0,5.1,26.9,97.71228604756352,5.1,44.0,11.524501496229677,,,4196.0,155024532.0,36945.0,,466.0,3.2,12095.0,0,,0,0.0,0
51127,2018,74604.0,522229.0,79698.0,4.8,28.4,100.47373056871474,4.5,43.7,11.66164086138545,,,4372.0,163072422.0,37298.0,,491.0,2.7,12447.0,0,,0,0.0,0
51127,2019,81720.0,574347.0,87904.0,6.9,26.9,103.24945842359608,3.5,43.3,12.056458043354928,,,4854.0,199404824.0,41080.0,,500.0,2.3,12895.0,0,,0,0.0,0
51127,2020,85751.0,614093.0,97688.0,4.8,32.1,106.22039183945532,3.1,43.9,12.179610359243735,,,4980.0,223061782.0,44792.0,,519.0,4.7,12652.0,0,,0,0.0,0
51127,2021,96838.0,650049.0,101628.0,4.6,32.8,107.21546408931844,3.1,42.1,12.13029958147936,,,5207.0,228043379.0,43798.0,,533.0,2.9,12742.0,0,,0,0.0,0
51127,2022,115233.0,624876.0,113120.0,3.9,33.6,110.91484752541244,3.1,43.2,13.40972176536102,,,5356.0,250872430.0,46838.0,,594.0,2.3,13231.0,0,,0,0.0,0
51131,2010,35030.0,554762.0,35760.0,,18.8,59.38255743651754,5.6,46.3,11.74771254372116,,,5163.0,151199326.0,29287.0,,443.0,8.7,6346.0,0,,0,0.0,0
51131,2011,36628.0,513595.0,36965.0,,21.0,59.00940900846433,8.5,46.5,11.75877622241577,,,5075.0,153275548.0,30202.0,,430.0,8.9,6354.0,0,,0,0.0,0
51131,2012,38912.0,511559.0,34304.0,22.4,19.6,58.60792019347038,8.8,47.3,11.823409252757964,,,5002.0,151480406.0,30284.0,,455.0,9.1,6184.0,0,,0,0.0,0
51131,2013,38944.0,483865.0,33635.0,24.3,20.2,58.28200574365176,11.3,47.2,11.277384974918505,,,4913.0,149765083.0,30485.0,,476.0,8.9,6031.0,0,,0,0.0,0
51131,2014,39282.0,453056.0,34656.0,23.8,20.4,57.880516928657805,9.1,48.0,11.73313465646087,,,5065.0,156424005.0,30883.0,,497.0,7.4,6101.0,0,,0,0.0,0
51131,2015,41340.0,482655.0,35055.0,23.0,20.6,57.549879081015725,9.5,48.3,12.027638828624529,,,5301.0,167908313.0,31677.0,,563.0,6.0,6120.0,0,,0,0.0,0
51131,2016,44748.0,491299.0,37011.0,21.9,21.5,57.23813482466747,7.0,48.4,11.674144634068991,,,5197.0,164542946.0,31659.0,,584.0,5.7,5881.0,0,,0,0.0,0
51131,2017,48773.0,463951.0,41468.0,20.3,23.2,56.67132708585248,4.4,48.4,11.119828857385023,,,4833.0,150585638.0,31156.0,,583.0,5.6,5568.0,0,,0,0.0,0
51131,2018,51036.0,472940.0,43553.0,19.1,21.6,56.477667775090694,3.1,48.5,11.705791106514996,,,4485.0,139433036.0,31090.0,,600.0,5.4,5406.0,0,,0,0.0,0
51131,2019,53878.0,484556.0,47227.0,18.0,22.6,56.1375831318017,4.0,49.0,12.319407354436462,,,4359.0,141241026.0,32402.0,,597.0,4.4,5468.0,0,,0,0.0,0
51131,2020,59152.0,498938.0,50819.0,16.5,26.1,55.85890266021766,4.4,49.8,12.105387062322718,,,4153.0,144864784.0,34884.0,,580.0,8.1,5377.0,0,,0,0.0,0
51131,2021,68158.0,444476.0,50347.0,16.5,28.1,57.74826178960097,5.3,50.7,11.499600957701515,,,4269.0,163932624.0,38402.0,,592.0,5.2,5411.0,0,,0,0.0,0
51131,2022,66139.0,425684.0,54693.0,16.7,29.3,57.304262394195895,4.8,51.3,12.57481073421591,,,4426.0,175966154.0,39758.0,,659.0,3.4,5501.0,0,,0,0.0,0
51133,2010,36530.0,429267.0,51944.0,,22.3,64.87421120815748,2.9,52.6,12.79959182438071,,,2650.0,78757937.0,29718.0,,394.0,8.9,6161.0,0,,0,0.0,0
51133,2011,39148.0,439903.0,51256.0,,22.2,64.93689665259727,5.2,53.1,13.128489008163228,,,2528.0,79672301.0,31515.0,,379.0,9.0,6022.0,0,,0,0.0,0
51133,2012,41659.0,430773.0,51911.0,9.3,22.2,64.71749759705797,9.6,53.5,11.059851188451322,,,2516.0,79576920.0,31625.0,,373.0,8.0,5882.0,0,,0,0.0,0
51133,2013,41578.0,460445.0,51342.0,11.1,22.1,64.43018931004221,9.8,54.0,10.736616159097396,,,2433.0,80540824.0,33100.0,,361.0,7.2,5689.0,0,,0,0.0,0
51133,2014,43971.0,437483.0,50774.0,12.2,23.6,64.3570562915291,8.7,54.7,10.86213362594747,,,2411.0,84203108.0,34929.0,,341.0,6.9,5657.0,0,,0,0.0,0
51133,2015,45257.0,423203.0,51885.0,11.0,25.4,64.2734756989427,8.7,55.1,11.077773236839391,,,2424.0,89598191.0,36967.0,,349.0,6.0,5483.0,0,,0,0.0,0
51133,2016,47749.0,406961.0,54440.0,11.0,27.1,64.1063145137699,7.6,55.5,11.203980712340243,,,2491.0,94196223.0,37816.0,,363.0,5.4,5454.0,0,,0,0.0,0
51133,2017,49511.0,394932.0,56677.0,13.5,26.4,64.0122863471102,7.8,56.5,11.535030708700932,,,2453.0,98657733.0,40218.0,,366.0,5.2,5612.0,0,,0,0.0,0
51133,2018,51030.0,419773.0,58677.0,13.9,28.5,63.85034894897405,6.4,57.3,11.678494135710968,,,2517.0,108548443.0,43126.0,,382.0,4.5,5563.0,0,,0,0.0,0
51133,2019,53674.0,394879.0,62632.0,14.6,28.9,63.6779639767646,4.6,58.9,12.07314173691482,,,2585.0,126588117.0,48970.0,,372.0,4.3,5692.0,0,,0,0.0,0
51133,2020,57032.0,377383.0,59437.0,13.8,32.6,63.47423628233525,6.0,59.3,12.195475158886936,,,2505.0,127170204.0,50760.0,,370.0,6.6,5616.0,0,,0,0.0,0
51133,2021,60620.0,362733.0,61291.0,15.5,33.9,62.50261189351833,7.3,59.8,12.14148832398868,,,2433.0,128785969.0,52937.0,,375.0,4.8,5526.0,0,,0,0.0,0
51133,2022,61493.0,357410.0,64655.0,14.8,33.7,62.72201094905763,4.9,59.0,13.416328317713363,,,2379.0,129989560.0,54650.0,,414.0,3.9,5457.0,0,,0,0.0,0
51135,2010,28793.0,474886.0,37344.0,,11.6,50.31648589331722,8.8,41.9,10.280945834592726,,,5370.0,164797492.0,30688.0,,355.0,7.8,6869.0,0,,0,0.0,0
51135,2011,29217.0,482334.0,37507.0,,11.9,50.3991857247368,8.6,42.1,10.690770278257876,,,5317.0,166505393.0,31317.0,,359.0,7.1,6882.0,0,,0,0.0,0
51135,2012,28913.0,466841.0,38209.0,16.8,11.1,50.494608607143995,12.9,43.0,11.0931723907492,,,5190.0,164413409.0,31676.0,,365.0,6.2,6869.0,0,,0,0.0,0
51135,2013,28407.0,477678.0,36607.0,16.8,12.0,50.45325869143421,13.2,42.4,10.75946646071212,,,5613.0,178038399.0,31718.0,,372.0,5.9,7073.0,0,,0,0.0,0
51135,2014,29732.0,474167.0,35911.0,20.9,12.2,50.1160978402621,10.9,41.9,10.912454565193537,,,5632.0,182521845.0,32411.0,,373.0,5.2,7102.0,0,,0,0.0,0
51135,2015,30897.0,494359.0,36284.0,24.1,15.2,49.9729635166513,10.8,41.5,11.12969535789322,,,5838.0,194565332.0,33325.0,,401.0,4.5,7158.0,0,,0,0.0,0
51135,2016,31415.0,493592.0,36849.0,21.3,15.2,49.75031012436783,8.3,41.9,11.2417094507521,,,5717.0,194642698.0,34049.0,,423.0,3.9,7044.0,0,,0,0.0,0
51135,2017,32252.0,506789.0,38410.0,21.5,13.7,49.41951079868953,5.8,41.3,11.55578940355895,,,5636.0,196168243.0,34804.0,,436.0,3.8,7192.0,0,,0,0.0,0
51135,2018,32722.0,513849.0,42869.0,20.2,12.7,49.30182257705398,3.7,41.7,11.692904121985697,,,5792.0,202352111.0,34936.0,,445.0,3.1,7241.0,0,,0,0.0,0
51135,2019,34365.0,528420.0,45535.0,18.3,14.8,49.08871147301123,4.1,40.6,12.098560750527032,,,5781.0,214744551.0,37144.0,,446.0,2.7,7310.0,0,,0,0.0,0
51135,2020,37031.0,487517.0,49983.0,16.9,15.5,48.786539012055094,4.3,40.8,12.234671176288956,,,5473.0,215178859.0,39319.0,,433.0,5.2,7140.0,0,,0,0.0,0
51135,2021,42936.0,511281.0,54614.0,16.5,16.3,49.8330099557874,5.8,41.0,12.151613242956484,,,5487.0,243214784.0,44326.0,,444.0,3.7,7092.0,0,,0,0.0,0
51135,2022,45144.0,553000.0,62366.0,19.1,16.1,49.740767836127105,6.4,41.3,13.444412732541378,,,5471.0,269191886.0,49201.0,10.0,509.0,2.9,7226.0,0,,0,0.0,0
51137,2010,37717.0,944218.0,54916.0,,21.5,95.96045479333172,8.0,42.1,10.226649846585916,,,8797.0,296618244.0,33717.0,,842.0,8.4,15478.0,0,,0,0.0,0
51137,2011,39297.0,927729.0,56837.0,,21.9,97.4410545388445,9.2,42.5,10.682112596340708,,,8207.0,267064705.0,32541.0,,832.0,7.5,15762.0,0,,0,0.0,0
51137,2012,42304.0,1001924.0,59501.0,11.1,22.4,98.58448800567614,9.8,42.7,11.07906344846252,,,8508.0,287276621.0,33764.0,,856.0,6.5,15852.0,0,,0,0.0,0
51137,2013,42626.0,1040633.0,60287.0,12.6,22.2,99.49043913708888,9.6,42.7,10.769041736506626,,,9028.0,310695126.0,34415.0,,874.0,5.8,16118.0,0,,0,0.0,0
51137,2014,43686.0,1013714.0,63538.0,12.6,24.0,100.3846627457649,9.5,42.6,10.908745164531664,,,9065.0,315901834.0,34850.0,,858.0,5.2,16237.0,0,,0,0.0,0
51137,2015,45601.0,1019975.0,65166.0,12.1,25.1,101.43134415001848,7.9,42.6,11.165113774960924,,,9179.0,322865848.0,35174.0,,865.0,4.5,16118.0,0,,0,0.0,0
51137,2016,47219.0,1092545.0,66990.0,9.2,25.9,102.24347509953736,7.7,42.1,11.25166149811725,,,9735.0,347909489.0,35736.0,,899.0,4.0,16386.0,0,,0,0.0,0
51137,2017,48880.0,1140428.0,67196.0,8.9,25.6,103.39277232773736,6.5,41.9,11.50511905291033,,,9765.0,356128404.0,36470.0,,914.0,3.7,17015.0,0,,0,0.0,0
51137,2018,50107.0,1192570.0,68481.0,8.6,24.3,104.4101349251491,5.8,42.1,11.740616319700491,,,9813.0,364683675.0,37162.0,,944.0,3.0,17084.0,0,,0,0.0,0
51137,2019,52448.0,1171177.0,71548.0,8.2,25.1,105.5770234374542,5.7,42.0,12.164790668522816,,,9990.0,387933221.0,38834.0,,938.0,3.0,17447.0,0,,0,0.0,0
51137,2020,55626.0,1128721.0,74446.0,10.7,25.7,107.0165768533884,5.5,42.7,12.221246182290477,,,9403.0,393690900.0,41868.0,,930.0,5.8,17001.0,0,,0,0.0,0
51137,2021,59249.0,1131679.0,79211.0,11.3,26.1,105.55063651129656,5.0,42.5,12.125952876442982,,,9616.0,426734188.0,44380.0,,967.0,3.6,17115.0,0,,0,0.0,0
51137,2022,59889.0,1096041.0,87309.0,13.0,27.3,107.28630987633328,4.4,42.8,13.412822226284677,,,9546.0,438720619.0,45959.0,14.0,1056.0,2.9,17426.0,0,,0,0.0,0
51139,2010,30695.0,636824.0,41617.0,,11.1,77.78827885852894,9.0,42.4,10.233126341340558,,,5491.0,151322101.0,27561.0,,502.0,11.9,12360.0,0,,0,0.0,0
51139,2011,31817.0,601643.0,43435.0,,12.1,77.73989503936829,9.8,42.8,10.683238236038918,,,5574.0,151711692.0,27220.0,,509.0,11.0,12466.0,0,,0,0.0,0
51139,2012,31833.0,526830.0,43745.0,14.8,11.6,77.53668299889362,10.0,43.0,11.05503382190504,,,5360.0,147685504.0,27553.0,,513.0,10.0,12172.0,0,,0,0.0,0
51139,2013,31830.0,539086.0,42906.0,15.1,11.4,77.33347095841894,11.4,43.5,10.721999608858717,,,5272.0,145667401.0,27633.0,,519.0,9.0,11934.0,0,,0,0.0,0
51139,2014,33182.0,564676.0,43063.0,17.2,12.4,77.10767980233597,11.0,44.0,10.885241025991355,,,5328.0,151243805.0,28388.0,,527.0,7.9,11863.0,0,,0,0.0,0
51139,2015,35088.0,617831.0,43895.0,16.4,12.8,76.90769334980533,9.3,44.1,11.16096449506315,,,5412.0,159461594.0,29463.0,,554.0,6.8,11684.0,0,,0,0.0,0
51139,2016,35824.0,600100.0,45030.0,16.0,12.9,76.63674396250576,8.6,44.7,11.234314246709683,,,5531.0,168476046.0,30460.0,,584.0,5.5,11606.0,0,,0,0.0,0
51139,2017,36618.0,585930.0,46140.0,17.0,13.2,76.427080746143,7.8,45.0,11.476025250815438,,,5515.0,173663380.0,31490.0,,579.0,5.1,11981.0,0,,0,0.0,0
51139,2018,37664.0,600988.0,47951.0,18.3,13.9,76.60448808306533,6.5,45.1,11.695411790208752,,,5561.0,182491679.0,32814.0,,609.0,4.2,11940.0,0,,0,0.0,0
51139,2019,39321.0,602041.0,51792.0,15.1,13.7,76.730286012883,6.5,45.4,12.119730074089029,,,5498.0,185861911.0,33803.0,,589.0,3.8,12090.0,0,,0,0.0,0
51139,2020,41969.0,536929.0,51878.0,13.4,14.3,76.96897952074214,5.2,45.3,12.170930616552516,,,5187.0,188401515.0,36325.0,,580.0,7.6,11927.0,0,,0,0.0,0
51139,2021,46691.0,622707.0,53168.0,12.3,14.6,76.5561042639047,4.3,45.3,12.065474527342197,,,5373.0,205903642.0,38323.0,,593.0,4.6,11975.0,0,,0,0.0,0
51139,2022,49053.0,679862.0,56760.0,10.0,14.7,76.61739043484151,4.6,45.3,13.373867070205469,,,5422.0,215778788.0,39801.0,,638.0,3.3,12142.0,0,,0,0.0,0
51141,2010,26522.0,456564.0,35813.0,,9.5,38.60202006816384,11.7,45.4,10.40911922255686,,,5033.0,124065295.0,24650.0,,391.0,13.0,8346.0,0,,0,0.0,0
51141,2011,27425.0,459516.0,36057.0,,10.6,38.4570787279948,11.4,45.8,9.460983726301215,,,4949.0,124985171.0,25255.0,,393.0,10.8,8036.0,0,,0,0.0,0
51141,2012,27955.0,432105.0,35599.0,16.9,9.4,38.33284329356419,11.5,46.1,10.722441486785812,,,5020.0,129383034.0,25775.0,,410.0,8.9,7968.0,0,,0,0.0,0
51141,2013,27727.0,422622.0,34864.0,17.1,10.7,38.192043134542836,10.9,46.9,10.95825610334336,,,4849.0,128850921.0,26571.0,,410.0,8.1,7798.0,0,,0,0.0,0
51141,2014,28949.0,409718.0,34753.0,20.2,11.2,38.02639588863536,10.4,46.9,11.367048483791258,,,4896.0,133445567.0,27255.0,,412.0,6.6,7747.0,0,,0,0.0,0
51141,2015,30163.0,419958.0,33982.0,21.2,12.6,37.81726624067717,8.3,48.0,11.350030192008443,,,4991.0,135494354.0,27150.0,,456.0,5.3,7667.0,0,,0,0.0,0
51141,2016,30618.0,408578.0,35999.0,22.2,13.6,37.64333663247432,7.7,48.4,11.471419194172828,,,5432.0,144765251.0,26649.0,,496.0,4.8,7962.0,0,,0,0.0,0
51141,2017,31877.0,413502.0,37757.0,20.2,14.3,37.18366552508106,6.6,49.2,11.60959104267158,,,4832.0,138903203.0,28746.0,,518.0,4.2,7762.0,0,,0,0.0,0
51141,2018,32591.0,397257.0,40486.0,18.7,13.9,36.97867705827056,5.7,49.6,11.440707431056078,,,4583.0,134518578.0,29351.0,,554.0,3.9,7465.0,0,,0,0.0,0
51141,2019,33416.0,397362.0,43073.0,14.2,15.2,36.74884150457393,5.2,49.9,11.207155220189197,,,4427.0,132784019.0,29995.0,,551.0,3.4,7403.0,0,,0,0.0,0
51141,2020,36345.0,372169.0,46941.0,12.9,14.9,36.56662953407571,3.7,50.4,11.096400892141888,,,4093.0,129567120.0,31654.0,,530.0,7.1,7176.0,0,,0,0.0,0
51141,2021,39270.0,381322.0,47215.0,10.8,16.4,36.56870012464955,2.9,50.4,11.359213672640651,,,4150.0,141608743.0,34123.0,,530.0,4.4,7115.0,0,,0,0.0,0
51141,2022,40750.0,390484.0,49180.0,11.4,16.3,36.56662953407571,2.3,50.9,13.19992917562203,,,4141.0,153536270.0,37075.0,7.0,561.0,3.5,7163.0,0,,0,0.0,0
51143,2010,,,39224.0,,12.8,65.16698090717985,9.4,43.4,10.333355400155003,,,11193.0,327315874.0,29244.0,27.0,1054.0,11.1,30963.0,0,,0,0.0,0
51143,2011,,,40333.0,,12.7,65.21548436898544,10.0,43.9,10.493635701237922,,,11632.0,338937764.0,29137.0,26.0,1112.0,9.1,31113.0,0,,0,0.0,0
51143,2012,,,42229.0,15.2,13.9,65.34345094906827,8.8,44.3,11.048680962519818,,,11818.0,349906174.0,29608.0,26.0,1202.0,7.6,30684.0,0,,0,0.0,0
51143,2013,,,42143.0,14.5,13.7,65.094741708746,9.3,44.7,10.817898684525066,,,11875.0,356496276.0,30022.0,28.0,1229.0,6.9,30437.0,0,,0,0.0,0
51143,2014,,,42311.0,14.5,14.0,64.96883910576128,8.3,45.0,11.01666135246906,,,11908.0,368099451.0,30913.0,28.0,1248.0,6.2,30353.0,0,,0,0.0,0
51143,2015,,,41824.0,16.1,14.1,64.80268894936341,7.7,45.5,11.191598390663708,,,12422.0,394508528.0,31759.0,26.0,1290.0,5.2,30185.0,0,,0,0.0,0
51143,2016,,,43087.0,15.1,14.6,64.38782955264328,6.7,46.0,11.296948775802248,,,12136.0,397637769.0,32765.0,27.0,1322.0,4.7,29732.0,0,,0,0.0,0
51143,2017,,,44356.0,14.7,14.1,63.95233038494205,6.7,46.4,11.577846892822508,,,12100.0,418150632.0,34557.0,27.0,1348.0,4.2,30945.0,0,,0,0.0,0
51143,2018,,,45382.0,15.6,13.9,63.64892575151986,6.2,46.7,11.66860150375562,,,12419.0,446147153.0,35925.0,28.0,1423.0,3.6,30612.0,0,,0,0.0,0
51143,2019,,,47690.0,16.1,14.5,63.215490560916734,5.8,47.2,11.961877025517788,,,12089.0,449277660.0,37165.0,28.0,1403.0,3.3,30198.0,0,,0,0.0,0
51143,2020,,,49520.0,15.1,15.2,62.81404701533432,5.3,47.6,12.049473463235897,,,11669.0,453996719.0,38908.0,28.0,1377.0,6.7,29723.0,0,,0,0.0,0
51143,2021,,,49486.0,15.2,14.2,62.778959404666445,5.4,47.8,12.02121404193936,,,12159.0,502558213.0,41332.0,28.0,1410.0,4.0,29567.0,0,,0,0.0,0
51143,2022,,,52619.0,16.4,15.0,62.477618748342366,5.4,48.0,13.413273117397823,,,12456.0,543158066.0,43606.0,30.0,1535.0,3.0,30156.0,0,,0,0.0,0
51145,2010,39665.0,671746.0,73593.0,,21.9,106.67865735082744,3.2,40.3,10.282210032054651,,,6230.0,226761751.0,36401.0,,724.0,7.2,13529.0,0,,0,0.0,0
51145,2011,41206.0,680197.0,76235.0,,24.3,107.25128938286409,4.2,41.7,10.691799061995594,,,6562.0,246279576.0,37532.0,,715.0,6.2,13533.0,0,,0,0.0,0
51145,2012,43713.0,723325.0,76495.0,4.5,25.2,107.6202335108877,4.7,42.1,11.0931723907492,,,7124.0,287815431.0,40401.0,,735.0,5.5,13540.0,0,,0,0.0,0
51145,2013,44046.0,738883.0,76548.0,5.4,27.6,108.02376615091352,6.4,42.6,10.75946646071212,,,7537.0,308199769.0,40889.0,,736.0,5.0,13567.0,0,,0,0.0,0
51145,2014,46082.0,763548.0,75447.0,5.4,28.0,108.35043543093444,4.5,42.9,10.912454565193537,,,7954.0,347706239.0,43716.0,,739.0,4.4,13711.0,0,,0,0.0,0
51145,2015,49831.0,757630.0,77896.0,4.9,27.9,108.40423978293788,4.9,43.7,11.12969535789322,,,6805.0,259135647.0,38081.0,,763.0,3.9,13442.0,0,,0,0.0,0
51145,2016,52030.0,787794.0,77684.0,5.6,28.5,108.7078500549573,4.6,44.3,11.2417094507521,,,6987.0,273357757.0,39125.0,,800.0,3.5,13656.0,0,,0,0.0,0
51145,2017,54196.0,778179.0,80441.0,5.5,28.4,109.00761715897649,4.0,44.6,11.55578940355895,,,6905.0,270736057.0,39211.0,,814.0,3.3,13863.0,0,,0,0.0,0
51145,2018,56072.0,776904.0,83914.0,5.3,28.8,109.81468243902816,2.4,45.1,11.692904121985697,,,7029.0,276934504.0,39401.0,,814.0,2.7,14083.0,0,,0,0.0,0
51145,2019,60274.0,817467.0,89090.0,5.4,29.2,110.74088592708742,2.4,45.1,12.099282954018316,,,7389.0,304120091.0,41156.0,,817.0,2.5,14398.0,0,,0,0.0,0
51145,2020,62144.0,813456.0,93833.0,4.8,30.6,112.42419351119516,1.4,45.5,12.234671176288956,,,7311.0,322282855.0,44085.0,,820.0,5.0,14045.0,0,,0,0.0,0
51145,2021,65043.0,838488.0,101395.0,4.5,31.1,115.21433347937372,1.9,45.6,12.151613242956484,,,7498.0,344614635.0,45962.0,,856.0,2.9,14102.0,0,,0,0.0,0
51145,2022,68246.0,869048.0,108089.0,4.5,32.8,117.2281535115026,2.6,45.6,13.444412732541378,,,7652.0,374541249.0,48947.0,,918.0,2.5,14669.0,0,,0,0.0,0
51147,2010,24061.0,687956.0,36191.0,,18.5,64.93287535791237,6.6,31.4,9.065599645879564,,,8761.0,267253579.0,30506.0,,587.0,9.9,10298.0,0,,0,0.0,0
51147,2011,25832.0,666611.0,36789.0,,19.7,65.8673052413801,7.6,31.6,9.513105768057802,,,8832.0,265176290.0,30025.0,,585.0,9.0,10368.0,0,,0,0.0,0
51147,2012,26055.0,684405.0,36743.0,19.7,20.7,65.77300497791087,10.0,33.4,11.093479727250877,,,8815.0,274552843.0,31147.0,,605.0,8.3,10263.0,0,,0,0.0,0
51147,2013,26430.0,673021.0,37436.0,19.8,21.9,66.19878495539311,8.4,31.1,10.782527119012723,,,8538.0,276249213.0,32355.0,,593.0,8.2,9985.0,0,,0,0.0,0
51147,2014,27113.0,667584.0,37238.0,22.3,22.4,66.12448777811433,8.0,30.9,10.93844773757957,,,8426.0,278046302.0,32999.0,,601.0,7.5,10055.0,0,,0,0.0,0
51147,2015,28093.0,682226.0,41697.0,21.0,24.4,65.78729289661833,7.0,32.1,11.1599697998891,,,8744.0,294052242.0,33627.0,,624.0,6.2,10096.0,0,,0,0.0,0
51147,2016,29284.0,708097.0,42283.0,18.0,23.2,65.94446000240036,6.6,31.5,11.2647283355128,,,8971.0,307643414.0,34293.0,,659.0,5.3,10166.0,0,,0,0.0,0
51147,2017,31176.0,716091.0,44147.0,21.4,24.9,65.44724043138083,5.2,30.8,11.568969860838507,,,9162.0,322730469.0,35226.0,,693.0,4.8,10336.0,0,,0,0.0,0
51147,2018,31601.0,721188.0,46189.0,19.9,28.1,65.5986923696799,6.4,30.8,11.721345831222052,,,9419.0,334865098.0,35552.0,,707.0,3.9,10444.0,0,,0,0.0,0
51147,2019,33232.0,737827.0,47202.0,18.6,26.8,65.45295559886382,6.6,31.5,12.136392122918169,,,9371.0,346848768.0,37013.0,,726.0,3.7,10473.0,0,,0,0.0,0
51147,2020,35824.0,705552.0,44253.0,23.2,25.5,65.41580701022443,5.9,32.1,12.258476213990033,,,8633.0,344500596.0,39904.0,,727.0,6.7,10061.0,0,,0,0.0,0
51147,2021,39336.0,733642.0,49019.0,23.6,25.0,62.54393535002543,4.5,32.3,12.172039147890018,,,8756.0,369414755.0,42191.0,,734.0,4.8,9977.0,0,,0,0.0,0
51147,2022,40153.0,750540.0,57304.0,18.1,26.9,62.64395078097763,2.4,32.0,13.451746225661878,,,8625.0,381626798.0,44248.0,,780.0,3.8,9941.0,0,,0,0.0,0
51149,2010,,,64171.0,,17.2,132.39140430086456,7.4,36.6,12.144115710226092,,,13097.0,611569725.0,46695.0,4.0,551.0,8.2,13985.0,0,,0,0.0,0
51149,2011,,,62924.0,,16.8,133.86497425963475,8.0,37.1,11.959729965534098,,,13827.0,673633371.0,48720.0,4.0,564.0,7.8,14507.0,0,,0,0.0,0
51149,2012,,,63031.0,6.0,17.6,135.72295377286673,9.8,37.6,11.09803643928032,,,14022.0,689040195.0,49141.0,4.0,578.0,7.3,14638.0,0,,0,0.0,0
51149,2013,,,63074.0,8.1,17.9,137.41510955672302,10.9,37.3,10.761039876127304,,,14096.0,683106968.0,48460.0,6.0,558.0,6.8,14740.0,0,,0,0.0,0
51149,2014,,,61071.0,10.1,18.5,138.65878752704057,10.6,37.2,10.91691400617707,,,14839.0,726070781.0,48929.0,6.0,569.0,6.2,14812.0,0,,0,0.0,0
51149,2015,,,61857.0,10.0,21.3,140.87479554687914,10.6,37.1,11.136806704438172,,,15005.0,741691173.0,49430.0,6.0,587.0,5.3,14928.0,0,,0,0.0,0
51149,2016,,,64805.0,9.6,22.1,141.94511234557666,9.4,37.0,11.244772813898097,,,14930.0,753422427.0,50465.0,5.0,613.0,4.8,14949.0,0,,0,0.0,0
51149,2017,,,68461.0,12.3,23.0,142.09586119046364,8.5,37.1,11.554913013841963,,,14901.0,775812554.0,52063.0,3.0,616.0,4.4,15063.0,0,,0,0.0,0
51149,2018,,,67001.0,9.3,24.0,142.81191820367678,7.4,37.0,11.693882290788382,,,14970.0,781912376.0,52233.0,4.0,622.0,3.6,15047.0,0,,0,0.0,0
51149,2019,,,71912.0,8.1,23.6,143.64103685055514,5.2,37.0,12.10069370094888,,,15034.0,814445355.0,54172.0,4.0,644.0,3.3,15224.0,0,,0,0.0,0
51149,2020,,,75123.0,7.1,23.4,144.31186921030218,6.5,37.1,12.23286256391551,,,14434.0,824501369.0,57122.0,3.0,641.0,6.7,14858.0,0,,0,0.0,0
51149,2021,,,78895.0,9.2,24.4,158.92696972209453,7.2,37.1,12.148408845259036,,,14405.0,838008089.0,58175.0,2.0,666.0,4.5,14874.0,0,,0,0.0,0
51149,2022,,,80318.0,8.3,24.1,160.67565632278342,7.5,34.2,13.442232183470274,,,14554.0,873011688.0,59984.0,2.0,712.0,3.3,15388.0,0,,0,0.0,0
51153,2010,,,91098.0,,37.5,1131.7172548738874,4.9,33.3,13.096104482108831,,,103877.0,4376941243.0,42136.0,105.0,7421.0,6.2,218644.0,0,,0,0.0,1
51153,2011,,,95531.0,,37.7,1167.582384804448,5.4,33.4,12.995017804560048,,,108137.0,4608639181.0,42619.0,111.0,7687.0,5.6,224848.0,0,,0,0.0,1
51153,2012,,,96160.0,6.2,37.7,1205.0820865249243,5.7,33.5,11.081613158335443,,,112954.0,4895054696.0,43337.0,314.0,7958.0,5.2,228525.0,0,,0,0.0,1
51153,2013,,,98071.0,6.3,38.1,1242.8353258405518,6.4,33.5,10.761632737579983,,,116645.0,5076965371.0,43525.0,348.0,8037.0,5.1,231198.0,0,,0,0.0,1
51153,2014,,,98514.0,6.5,38.1,1278.9390793900782,5.8,33.7,10.911945152764591,,,119463.0,5258641094.0,44019.0,374.0,8254.0,4.8,232639.0,0,,0,0.0,1
51153,2015,,,98657.0,6.7,38.8,1304.2898561099578,5.4,34.0,11.158442734248766,,,122607.0,5513115781.0,44966.0,401.0,8870.0,4.1,232296.0,0,,0,0.0,1
51153,2016,,,98546.0,7.0,39.5,1323.2574510225022,5.4,34.4,11.20234212289527,,,126283.0,5817089922.0,46064.0,252.0,9212.0,3.6,235285.0,0,,0,0.0,1
51153,2017,,,101059.0,7.0,39.8,1344.533729448541,5.0,34.7,11.5494675330736,,,127892.0,6025108855.0,47111.0,354.0,9293.0,3.4,241599.0,0,,0,0.0,1
51153,2018,,,103445.0,6.8,40.1,1362.3887417376573,4.7,34.9,11.6829487955784,,,130335.0,6412562101.0,49200.0,355.0,9452.0,2.8,243484.0,0,,0,0.0,1
51153,2019,,,107132.0,6.6,41.1,1376.3303266757346,4.6,35.2,12.087904553223488,,,133237.0,6694356316.0,50244.0,224.0,9535.0,2.5,248487.0,0,,0,0.0,1
51153,2020,,,107707.0,6.1,41.9,1392.4702317035342,5.0,35.4,12.136061767285192,,,125254.0,6910642636.0,55173.0,365.0,9615.0,6.7,245636.0,0,,0,0.0,1
51153,2021,,,113831.0,5.8,42.7,1423.461474216718,4.9,35.7,12.125539148901693,,,130075.0,7357975758.0,56567.0,416.0,9968.0,3.9,244085.0,0,,0,0.0,1
51153,2022,,,123193.0,6.0,43.7,1435.0645476889304,4.7,35.8,13.401222941730316,,,133867.0,7877569847.0,58846.0,606.0,10862.0,2.6,250685.0,0,,0,0.0,1
51155,2010,30650.0,1067337.0,41163.0,,13.9,109.31437379431526,9.2,43.1,10.3673847600764,,,11250.0,365904422.0,32524.0,,748.0,11.3,17011.0,0,,0,0.0,0
51155,2011,32119.0,1170763.0,40987.0,,14.7,109.1173996917199,10.0,43.6,9.3892424444514,,,12255.0,424915804.0,34674.0,,738.0,8.7,16855.0,0,,0,0.0,0
51155,2012,33400.0,1119207.0,43072.0,14.7,15.4,109.02047592695077,9.6,44.2,10.73530504499394,,,12886.0,443152110.0,34392.0,,747.0,7.3,16857.0,0,,0,0.0,0
51155,2013,33426.0,1154172.0,44312.0,13.9,16.2,108.70469204818674,9.0,44.3,10.97446640561676,,,13122.0,470847220.0,35882.0,,749.0,7.4,16853.0,0,,0,0.0,0
51155,2014,34883.0,1170241.0,45635.0,13.6,16.4,108.27322496631118,7.7,44.8,11.308785874742307,,,13642.0,515547646.0,37792.0,,748.0,6.0,16511.0,0,,0,0.0,0
51155,2015,36199.0,1209080.0,47495.0,13.5,17.8,107.95431451449012,7.4,45.2,11.245453151974637,,,14342.0,535012020.0,37305.0,,749.0,5.0,16373.0,0,,0,0.0,0
51155,2016,36455.0,1151131.0,49469.0,13.5,18.2,107.6072649051554,6.7,45.6,11.365078231802787,,,13548.0,494881913.0,36529.0,,770.0,5.9,16285.0,0,,0,0.0,0
51155,2017,37492.0,1180601.0,49691.0,13.9,18.5,107.33525304919036,6.9,46.2,11.453078927296126,,,13350.0,511200289.0,38292.0,,801.0,5.3,16355.0,0,,0,0.0,0
51155,2018,39342.0,1323405.0,52638.0,13.4,19.4,107.03510203571172,6.1,46.3,11.195362478668407,,,14193.0,573287592.0,40391.0,,845.0,3.5,16037.0,0,,0,0.0,0
51155,2019,39473.0,1385423.0,53866.0,14.8,20.0,106.87252023674412,5.8,47.0,10.992166662689154,,,14671.0,607722166.0,41424.0,,849.0,3.4,16291.0,0,,0,0.0,0
51155,2020,43134.0,1277640.0,53689.0,13.5,19.7,106.65678669580632,4.9,47.1,10.814283664139614,,,13052.0,540574342.0,41417.0,,818.0,8.1,16082.0,0,,0,0.0,0
51155,2021,46585.0,1442934.0,55446.0,12.8,19.6,105.96894062325109,3.7,47.2,11.145614291553938,,,13772.0,621111408.0,45100.0,,836.0,3.9,16039.0,0,,0,0.0,0
51155,2022,48493.0,1560313.0,59740.0,13.1,21.1,105.80635882428346,3.3,47.2,13.02587405093559,,,14912.0,731820818.0,49077.0,12.0,904.0,3.0,16602.0,0,,0,0.0,0
51157,2010,48613.0,226488.0,62117.0,,37.4,27.690598110912557,3.6,46.8,10.478334572578994,,,1342.0,54744092.0,40798.0,,244.0,6.5,4030.0,0,,0,0.0,0
51157,2011,51717.0,237211.0,64113.0,,37.2,27.86328893427237,3.5,47.3,11.548880046330028,,,1350.0,57641144.0,42692.0,,253.0,5.6,3997.0,0,,0,0.0,0
51157,2012,54101.0,252669.0,57837.0,10.6,34.1,27.93086360428273,4.4,48.0,11.58975626789849,,,1420.0,63150863.0,44488.0,,266.0,5.3,3958.0,0,,0,0.0,0
51157,2013,53656.0,267616.0,56438.0,10.8,32.4,27.960896790954003,4.2,48.7,11.135356974653783,,,1395.0,62918155.0,45111.0,,262.0,5.0,3918.0,0,,0,0.0,0
51157,2014,54386.0,271136.0,59753.0,10.7,32.0,27.953388494286184,3.3,49.3,11.450547766257037,,,1397.0,66341545.0,47500.0,,260.0,4.7,3811.0,0,,0,0.0,0
51157,2015,55261.0,291872.0,57210.0,9.9,35.1,27.89707626927755,2.9,49.1,12.339707496344598,,,1440.0,77157076.0,53597.0,,272.0,4.1,3749.0,0,,0,0.0,0
51157,2016,57451.0,302683.0,58026.0,9.2,32.4,27.840764044268916,2.4,49.1,11.875500536167555,,,1524.0,78872265.0,51765.0,,284.0,3.5,3717.0,0,,0,0.0,0
51157,2017,59856.0,311103.0,62541.0,8.9,33.6,27.626777589236102,2.9,49.5,11.007156629772355,,,1535.0,83070647.0,54124.0,,279.0,3.5,3682.0,0,,0,0.0,0
51157,2018,64180.0,283595.0,68438.0,8.9,32.9,27.52541558422056,3.9,50.1,12.476205162689697,,,1399.0,53238838.0,38053.0,,279.0,2.8,3655.0,0,,0,0.0,0
51157,2019,67634.0,284968.0,74284.0,8.8,35.8,27.698106407580376,4.3,50.1,13.195396314013909,,,1421.0,55322188.0,38930.0,,275.0,2.5,3780.0,0,,0,0.0,0
51157,2020,69947.0,278421.0,82077.0,7.7,34.1,27.630531737570013,4.2,49.2,12.465724822411527,,,1369.0,55522031.0,40559.0,,270.0,4.7,3593.0,0,,0,0.0,0
51157,2021,77182.0,302965.0,90307.0,6.1,31.8,27.780697670926372,3.7,48.2,11.751243713734713,,,1493.0,63657904.0,42638.0,,276.0,2.9,3622.0,0,,0,0.0,0
51157,2022,83989.0,303242.0,98663.0,7.6,33.8,27.86328893427237,6.5,50.0,13.34150863668048,,,1596.0,70563377.0,44208.0,4.0,319.0,2.5,3710.0,0,,0,0.0,0
51159,2010,26674.0,268591.0,42182.0,,9.8,48.715779358464154,3.1,42.7,,,,3350.0,98163760.0,29306.0,,250.0,7.2,4371.0,0,,0,0.0,0
51159,2011,27963.0,270591.0,46456.0,,9.7,48.62177378079988,4.6,42.8,,,,3300.0,98099497.0,29725.0,,241.0,6.6,4259.0,0,,0,0.0,0
51159,2012,29684.0,265769.0,48958.0,14.1,10.3,48.22486134177294,6.4,43.2,,,,2617.0,91755242.0,35063.0,,225.0,6.3,3920.0,0,,0,0.0,0
51159,2013,30173.0,264180.0,47083.0,12.8,12.3,47.73394332508173,10.5,43.7,,,,2599.0,92240928.0,35494.0,,207.0,6.0,3940.0,0,,0,0.0,0
51159,2014,31592.0,262765.0,47199.0,12.9,12.9,47.37881114279447,10.8,44.0,,,,2751.0,96643150.0,35125.0,,204.0,5.3,3986.0,0,,0,0.0,0
51159,2015,33194.0,259308.0,47288.0,10.5,12.7,46.94534097912032,8.7,43.7,,,,2795.0,101258974.0,36225.0,,221.0,4.5,3915.0,0,,0,0.0,0
51159,2016,34811.0,265605.0,44919.0,16.7,13.4,46.31341459593269,6.3,43.5,,,,2861.0,105543212.0,36891.0,,225.0,3.6,3913.0,0,,0,0.0,0
51159,2017,35769.0,260340.0,47341.0,17.4,13.4,46.33952725639499,6.4,44.0,,,,2854.0,106319411.0,37250.0,,223.0,3.6,4083.0,0,,0,0.0,0
51159,2018,37297.0,276759.0,49831.0,14.2,15.7,46.36563991685729,1.9,45.8,,,,2896.0,110680518.0,38215.0,,222.0,3.1,4066.0,0,,0,0.0,0
51159,2019,37406.0,272078.0,49517.0,17.3,17.7,46.39697510941205,2.1,47.3,,,,2895.0,112922737.0,39002.0,,224.0,2.9,4084.0,0,,0,0.0,0
51159,2020,41542.0,286199.0,53298.0,16.7,18.1,46.74688475960684,2.5,44.4,,,,2841.0,116415793.0,40978.0,,233.0,5.0,4004.0,0,,0,0.0,0
51159,2021,43611.0,289680.0,57697.0,10.3,17.5,46.49098068707632,2.7,44.3,,,,2746.0,117870502.0,42924.0,,252.0,3.5,3958.0,0,,0,0.0,0
51159,2022,43096.0,283840.0,62708.0,7.5,17.8,46.83566780517866,4.0,46.1,,,,2753.0,125113417.0,45453.0,,280.0,2.8,3960.0,0,,0,0.0,0
51161,2010,,,59446.0,,32.6,365.5307565815732,4.0,42.5,,,,34284.0,1204381212.0,35130.0,,2224.0,6.5,49317.0,0,,0,0.0,0
51161,2011,,,62895.0,,32.8,367.2869070996376,4.6,42.6,,,,34328.0,1227908185.0,35770.0,,2254.0,5.7,49648.0,0,,0,0.0,0
51161,2012,,,61686.0,6.2,32.6,368.919328831202,4.7,42.9,,,,34584.0,1267131364.0,36640.0,,2274.0,5.1,49504.0,0,,0,0.0,0
51161,2013,,,60795.0,6.6,33.1,370.48389929275027,5.6,43.3,,,,34515.0,1288701273.0,37338.0,,2294.0,4.9,49848.0,0,,0,0.0,0
51161,2014,,,60950.0,7.9,34.0,371.96066222839534,5.6,43.4,,,,35269.0,1335263751.0,37859.0,,2308.0,4.5,50161.0,0,,0,0.0,0
51161,2015,,,60519.0,8.3,34.2,373.7128214952824,5.1,43.5,,,,37406.0,1470328757.0,39307.0,,2425.0,3.9,49273.0,0,,0,0.0,0
51161,2016,,,60380.0,8.0,34.1,373.8006290211856,4.8,43.7,,,,38238.0,1532346522.0,40074.0,,2482.0,3.5,49206.0,0,,0,0.0,0
51161,2017,,,62134.0,8.0,34.7,372.85869374331463,4.8,43.7,,,,38182.0,1564442910.0,40973.0,,2516.0,3.4,49368.0,0,,0,0.0,0
51161,2018,,,65467.0,7.4,34.8,373.5132589364114,3.7,43.6,,,,38460.0,1621701978.0,42166.0,,2551.0,2.7,49269.0,0,,0,0.0,0
51161,2019,,,68948.0,6.9,35.6,374.47115921899194,3.2,43.8,,,,39219.0,1709030363.0,43576.0,,2521.0,2.5,49909.0,0,,0,0.0,0
51161,2020,,,70076.0,6.6,36.0,375.5887095486693,3.3,43.5,,,,37230.0,1744742616.0,46865.0,,2496.0,5.3,48652.0,0,,0,0.0,0
51161,2021,,,74622.0,6.9,37.4,384.3694621389913,2.9,43.6,,,,37551.0,1860055805.0,49534.0,,2596.0,3.1,48447.0,0,,0,0.0,0
51161,2022,,,80872.0,7.1,37.5,385.766400051088,2.6,43.6,,,,38227.0,1964613739.0,51394.0,72.0,2776.0,2.5,49776.0,0,,0,0.0,0
51163,2010,,,44417.0,,21.8,37.24291459291283,4.4,45.3,10.223486002228393,,,6086.0,170160672.0,27961.0,,471.0,7.7,11158.0,0,,0,0.0,0
51163,2011,,,45489.0,,22.0,37.388754876010616,4.2,46.0,10.640311827932502,,,5987.0,171686148.0,28676.0,,464.0,6.8,10993.0,0,,0,0.0,0
51163,2012,,,45859.0,12.0,22.5,37.47760010594374,4.4,46.8,11.033958881290223,,,5890.0,167929381.0,28509.0,,463.0,6.0,10752.0,0,,0,0.0,0
51163,2013,,,48313.0,12.6,23.2,37.45748420482681,3.4,47.3,10.70471209208596,,,5559.0,158048177.0,28431.0,,449.0,5.7,10419.0,0,,0,0.0,0
51163,2014,,,48550.0,13.2,23.5,37.49436335687452,3.3,47.7,10.859054846435962,,,5387.0,163504688.0,30351.0,,447.0,5.2,10334.0,0,,0,0.0,0
51163,2015,,,48901.0,13.9,25.5,37.62344038904153,4.1,48.3,11.097465524362896,,,5613.0,174760300.0,31134.0,,452.0,4.6,10363.0,0,,0,0.0,0
51163,2016,,,52478.0,14.7,25.1,37.6334983396,4.8,48.5,11.202414616307903,,,5740.0,176660709.0,30778.0,,473.0,4.3,10475.0,0,,0,0.0,0
51163,2017,,,53918.0,15.6,25.8,37.616735088669216,5.0,48.6,11.513842038508487,,,6095.0,190259201.0,31214.0,,485.0,4.1,10672.0,0,,0,0.0,0
51163,2018,,,54805.0,13.8,26.5,37.73240152009159,5.9,48.7,11.652431755417958,,,6202.0,199659963.0,32192.0,,509.0,3.0,10611.0,0,,0,0.0,0
51163,2019,,,54600.0,14.2,26.7,37.83465735076935,4.9,49.0,12.06015296800128,,,6366.0,211772683.0,33269.0,,505.0,2.7,10851.0,0,,0,0.0,0
51163,2020,,,54133.0,12.5,27.6,38.099516715475666,4.8,49.0,12.151479631362577,,,5844.0,206582057.0,35347.0,,517.0,5.7,10348.0,0,,0,0.0,0
51163,2021,,,57828.0,10.3,28.2,37.9905555844256,5.3,49.2,12.086483097382,,,5937.0,221476587.0,37307.0,,533.0,3.7,10483.0,0,,0,0.0,0
51163,2022,,,61903.0,8.9,30.2,38.00731883535638,3.9,49.4,13.376046763268892,,,5980.0,240534377.0,40222.0,,610.0,2.8,10755.0,0,,0,0.0,0
51165,2010,,,49930.0,,21.9,88.1654151795328,4.1,39.8,10.21890826980172,,,27650.0,971612266.0,35140.0,,1553.0,6.9,40427.0,0,,0,0.0,0
51165,2011,,,51775.0,,22.6,89.00209346084735,4.7,40.2,10.675017046673602,,,27917.0,1008426938.0,36122.0,,1582.0,6.0,41252.0,0,,0,0.0,0
51165,2012,,,51721.0,10.7,23.3,89.84936260648232,5.5,40.3,11.0453722292801,,,28229.0,1057812583.0,37472.0,,1582.0,5.6,40816.0,0,,0,0.0,0
51165,2013,,,52195.0,10.4,23.4,90.47540036409038,5.9,40.6,10.714962841135897,,,30027.0,1177191048.0,39204.0,,1570.0,5.0,40640.0,0,,0,0.0,0
51165,2014,,,53728.0,10.9,23.7,91.01671120713496,6.0,40.8,10.879074119509417,,,30100.0,1215444912.0,40380.0,,1578.0,4.6,40524.0,0,,0,0.0,0
51165,2015,,,53744.0,11.1,23.8,91.5344867961341,5.4,41.5,11.151560178662638,,,30502.0,1266790998.0,41532.0,,1654.0,4.1,40273.0,0,,0,0.0,0
51165,2016,,,55029.0,11.6,24.6,92.28996845099196,5.2,41.6,11.221953295943567,,,31921.0,1337412362.0,41898.0,,1720.0,3.5,40616.0,0,,0,0.0,0
51165,2017,,,57651.0,10.2,24.8,92.55591682170515,4.6,41.8,11.464787897606346,,,32472.0,1358287929.0,41830.0,,1764.0,3.2,40983.0,0,,0,0.0,0
51165,2018,,,59817.0,9.5,25.9,93.48673611920135,3.7,41.6,11.684765159848048,,,33018.0,1424374335.0,43140.0,,1851.0,2.7,41252.0,0,,0,0.0,0
51165,2019,,,61864.0,8.8,26.3,94.47521678910884,3.1,41.5,12.105207093519192,,,33839.0,1511197010.0,44658.0,,1860.0,2.3,42722.0,0,,0,0.0,0
51165,2020,,,64496.0,7.9,27.0,95.48017213684808,3.1,40.9,12.152980139180755,,,32791.0,1565518296.0,47742.0,11.0,1852.0,4.9,41404.0,0,,0,0.0,0
51165,2021,,,67484.0,7.6,27.7,97.7772129316807,3.1,40.3,12.048054650116958,,,33793.0,1695383348.0,50170.0,11.0,1930.0,2.9,41832.0,0,,0,0.0,0
51165,2022,,,73232.0,8.8,28.8,98.7362745340314,2.8,40.5,13.35986746969054,,,33229.0,1760500641.0,52980.0,1.0,2098.0,2.5,42907.0,0,,0,0.0,0
51167,2010,28903.0,823645.0,32780.0,,10.7,60.909267534486105,5.8,42.4,10.266384888011958,,,7000.0,232170864.0,33166.0,,594.0,10.5,12109.0,0,,0,0.0,0
51167,2011,29899.0,798197.0,32555.0,,10.5,60.96839864505284,7.6,42.6,9.28741033295476,,,6798.0,227659114.0,33491.0,,593.0,9.5,11924.0,0,,0,0.0,0
51167,2012,29998.0,754716.0,32637.0,20.4,9.7,60.76355158344667,8.2,42.9,10.6353988365697,,,6760.0,231105776.0,34186.0,,612.0,8.5,11758.0,0,,0,0.0,0
51167,2013,28985.0,735267.0,33872.0,19.3,10.5,60.495349760519005,7.9,43.3,10.837837896410544,,,6702.0,235653313.0,35163.0,,609.0,8.3,11598.0,0,,0,0.0,0
51167,2014,29663.0,693510.0,34768.0,18.7,11.9,60.0687610342876,8.8,43.6,11.222272699028196,,,6494.0,232928107.0,35867.0,,603.0,7.7,11308.0,0,,0,0.0,0
51167,2015,30420.0,688339.0,35045.0,20.7,12.4,59.64850778418834,8.0,43.8,11.14877125342123,,,7023.0,264780000.0,37700.0,,631.0,6.5,11465.0,0,,0,0.0,0
51167,2016,30972.0,676722.0,38370.0,17.0,13.1,59.07409128154011,6.6,44.1,11.28832398041166,,,6992.0,267470970.0,38253.0,,639.0,6.4,11253.0,0,,0,0.0,0
51167,2017,31790.0,636569.0,40083.0,17.6,13.6,58.55035858794908,6.8,44.8,11.390671425267287,,,6876.0,271667494.0,39507.0,,623.0,5.2,11543.0,0,,0,0.0,0
51167,2018,33356.0,694704.0,39482.0,19.5,13.5,57.880909943318606,6.8,45.4,11.137369493793884,,,6748.0,269869327.0,39991.0,,632.0,4.3,11232.0,0,,0,0.0,0
51167,2019,34313.0,684676.0,39758.0,21.1,12.2,57.31705256755729,6.4,45.7,10.954613823220566,,,6743.0,276727215.0,41038.0,,618.0,4.1,11291.0,0,,0,0.0,0
51167,2020,37097.0,684037.0,38564.0,18.2,10.2,56.88624019057112,6.6,46.3,10.847042929900969,,,6458.0,271124847.0,41982.0,,578.0,6.9,11100.0,0,,0,0.0,0
51167,2021,39917.0,661361.0,41100.0,18.5,12.2,54.763855686301014,6.9,46.8,11.209216437955922,,,6309.0,270944426.0,42943.0,,580.0,4.3,10731.0,0,,0,0.0,0
51167,2022,41678.0,671468.0,44088.0,19.3,12.6,54.40695719752325,5.9,46.6,13.054523880922163,,,6430.0,289843358.0,45074.0,11.0,622.0,3.4,11006.0,0,,0,0.0,0
51169,2010,26786.0,482601.0,34250.0,,10.3,43.361010176792135,6.4,44.3,10.24035119470035,,,4848.0,142831303.0,29462.0,,422.0,8.6,10086.0,0,,0,0.0,0
51169,2011,28601.0,484843.0,35846.0,,11.6,43.31621960072934,6.9,44.6,9.335513072162186,,,4838.0,144950516.0,29962.0,,418.0,7.3,10135.0,0,,0,0.0,0
51169,2012,28496.0,430335.0,37544.0,19.3,11.1,43.03814477433948,8.5,44.7,10.630391698044308,,,4746.0,142195663.0,29960.0,,429.0,7.4,10069.0,0,,0,0.0,0
51169,2013,28325.0,450956.0,38355.0,18.3,10.9,42.81232562002288,9.5,44.9,10.817006510475547,,,4594.0,136939950.0,29807.0,,420.0,6.8,10003.0,0,,0,0.0,0
51169,2014,29237.0,444343.0,36579.0,19.1,11.6,42.515588053606855,8.5,45.2,11.19697877855194,,,4655.0,143583498.0,30847.0,,422.0,5.7,9817.0,0,,0,0.0,0
51169,2015,30044.0,441912.0,37240.0,20.2,11.7,42.12180423905477,9.4,45.4,11.12699539536128,,,4785.0,149014052.0,31142.0,,434.0,5.1,9537.0,0,,0,0.0,0
51169,2016,30617.0,423210.0,38017.0,20.1,12.6,41.7634796305524,7.8,45.7,11.27498712274944,,,4627.0,144688276.0,31273.0,,447.0,4.8,9436.0,0,,0,0.0,0
51169,2017,31060.0,393971.0,38725.0,17.7,13.3,41.599247518322144,6.2,46.3,11.37918689105978,,,4605.0,151333445.0,32865.0,,432.0,4.0,9392.0,0,,0,0.0,0
51169,2018,32671.0,423906.0,39144.0,18.6,14.4,41.074824523586905,5.6,46.9,11.121275862282602,,,4866.0,158910182.0,32654.0,,453.0,3.3,9137.0,0,,0,0.0,0
51169,2019,33547.0,424206.0,39820.0,15.5,13.3,40.87513320530694,5.0,47.3,10.93765851185507,,,5052.0,169421906.0,33536.0,,440.0,3.1,9146.0,0,,0,0.0,0
51169,2020,35975.0,409822.0,41540.0,14.8,15.0,40.61198857093801,3.7,47.6,10.81624630135602,,,4657.0,167954169.0,36067.0,,422.0,5.5,8925.0,0,,0,0.0,0
51169,2021,39461.0,413329.0,42561.0,15.4,14.0,40.26672788045395,4.0,47.2,11.167324813817066,,,4634.0,179212694.0,38674.0,,419.0,3.6,8875.0,0,,0,0.0,0
51169,2022,41603.0,428056.0,44535.0,17.0,13.9,40.192076920349294,3.4,47.7,12.977774666542572,,,4760.0,192345644.0,40409.0,8.0,436.0,3.1,9184.0,0,,0,0.0,0
51171,2010,33428.0,1650321.0,50171.0,,17.5,81.61722881677849,5.4,42.8,10.233126341340558,,,13191.0,396628947.0,30069.0,,1069.0,8.4,20865.0,0,,0,0.0,0
51171,2011,34988.0,1710109.0,50535.0,,18.0,82.28444789097759,5.7,42.6,10.683238236038918,,,13368.0,407589948.0,30490.0,,1042.0,7.0,21047.0,0,,0,0.0,0
51171,2012,35928.0,1746811.0,49953.0,12.2,18.4,82.81389311504707,5.0,42.7,11.05503382190504,,,13189.0,416637192.0,31591.0,,1062.0,6.2,20800.0,0,,0,0.0,0
51171,2013,36240.0,1733436.0,49625.0,11.7,19.8,83.19572349969198,5.7,43.3,10.721999608858717,,,13208.0,420464968.0,31834.0,,1063.0,5.5,20945.0,0,,0,0.0,0
51171,2014,38197.0,1688088.0,47936.0,12.8,19.8,83.73697791091543,5.7,43.4,10.885241025991355,,,13720.0,441351360.0,32169.0,,1060.0,4.9,21298.0,0,,0,0.0,0
51171,2015,40050.0,1652635.0,49406.0,12.2,19.0,84.08928532767541,6.0,43.8,11.16096449506315,,,13861.0,465053537.0,33550.0,,1112.0,4.2,21120.0,0,,0,0.0,0
51171,2016,40622.0,1551929.0,50450.0,10.6,19.4,84.35105564292166,5.5,44.8,11.234314246709683,,,13754.0,479307952.0,34848.0,,1187.0,3.7,20856.0,0,,0,0.0,0
51171,2017,41639.0,1563551.0,53934.0,10.3,19.2,84.3451510493447,5.2,44.2,11.476025250815438,,,13781.0,501294198.0,36375.0,,1207.0,3.3,21831.0,0,,0,0.0,0
51171,2018,43634.0,1679087.0,54921.0,10.8,20.1,84.72107684041261,4.9,44.4,11.695411790208752,,,14265.0,535940654.0,37569.0,,1226.0,2.9,22261.0,0,,0,0.0,0
51171,2019,46105.0,1771068.0,57252.0,11.5,20.5,85.0733842571726,4.2,44.5,12.119730074089029,,,14182.0,550064809.0,38787.0,,1191.0,2.5,22369.0,0,,0,0.0,0
51171,2020,49328.0,1685960.0,56114.0,12.2,19.7,85.50048319257438,4.0,44.5,12.170930616552516,,,13446.0,556510776.0,41388.0,,1147.0,5.5,21981.0,0,,0,0.0,0
51171,2021,54851.0,1760734.0,58609.0,11.4,20.4,86.67352911653502,3.9,44.2,12.065474527342197,,,13272.0,582325901.0,43877.0,,1172.0,3.6,21760.0,0,,0,0.0,0
51171,2022,55528.0,1770776.0,62149.0,12.6,20.7,87.26398847423333,4.2,43.6,13.373867070205469,,,13418.0,612542290.0,45649.0,,1259.0,2.7,22145.0,0,,0,0.0,0
51173,2010,28191.0,1013233.0,34864.0,,14.6,71.73267765373029,6.7,42.3,10.36436838569141,,,11513.0,361366869.0,31387.0,,791.0,12.4,13740.0,0,,0,0.0,0
51173,2011,29669.0,1117066.0,34533.0,,14.3,71.47793726741095,7.0,43.1,9.356993665749382,,,11627.0,369600455.0,31788.0,,809.0,10.9,13728.0,0,,0,0.0,0
51173,2012,30540.0,1102213.0,34394.0,20.2,14.3,71.11244019138756,7.5,43.3,10.714058865721642,,,11606.0,372619247.0,32106.0,,832.0,9.4,13486.0,0,,0,0.0,0
51173,2013,31069.0,1110882.0,37239.0,18.4,15.0,70.83776360092149,8.1,43.6,10.958068789328276,,,11631.0,386289129.0,33213.0,,821.0,8.9,13397.0,0,,0,0.0,0
51173,2014,32628.0,1112017.0,37880.0,19.3,14.9,70.60960482013114,7.6,43.9,11.297868876207362,,,11849.0,408080093.0,34441.0,,818.0,7.8,13485.0,0,,0,0.0,0
51173,2015,33570.0,1094977.0,37983.0,18.7,15.0,70.2950558213716,6.4,44.3,11.232867607133509,,,12351.0,422490205.0,34207.0,,845.0,6.4,13509.0,0,,0,0.0,0
51173,2016,34398.0,1059099.0,38906.0,17.7,14.8,69.80551125287967,7.3,44.3,11.353329131743251,,,12793.0,434271007.0,33946.0,,887.0,5.7,13691.0,0,,0,0.0,0
51173,2017,35011.0,1003317.0,40544.0,17.4,14.5,69.32925748715222,6.3,44.6,11.440578146643997,,,12197.0,417196217.0,34205.0,,895.0,4.9,14009.0,0,,0,0.0,0
51173,2018,35941.0,1028903.0,40425.0,19.2,14.3,68.79984051036682,5.8,44.9,11.18195564905387,,,12169.0,421782200.0,34661.0,,937.0,4.0,13716.0,0,,0,0.0,0
51173,2019,37224.0,1036343.0,40932.0,18.9,14.6,68.15302144249513,5.7,45.0,10.972725394088512,,,12137.0,437869295.0,36076.0,,911.0,3.7,13762.0,0,,0,0.0,0
51173,2020,40229.0,980070.0,41088.0,18.7,14.9,67.64797093744463,5.5,45.4,10.814283664139614,,,11359.0,433713967.0,38184.0,,879.0,6.7,13314.0,0,,0,0.0,0
51173,2021,44324.0,1038509.0,42588.0,18.9,16.0,66.36540847067162,3.8,45.2,11.145614291553938,,,11803.0,471941101.0,39986.0,,887.0,4.1,13517.0,0,,0,0.0,0
51173,2022,45285.0,1039319.0,45061.0,18.8,17.5,66.00877192982456,3.3,46.2,13.02587405093559,,,11690.0,506770941.0,43349.0,21.0,948.0,3.1,13571.0,0,,0,0.0,0
51175,2010,,,45426.0,,12.6,30.86302311764431,4.8,42.6,10.264166267390973,,,3762.0,115703112.0,30757.0,,295.0,8.8,9510.0,0,,0,0.0,0
51175,2011,,,46733.0,,12.7,30.996535357378885,6.4,43.4,10.6809270099172,,,3604.0,111875188.0,31044.0,,285.0,7.7,9426.0,0,,0,0.0,0
51175,2012,,,46703.0,17.3,12.2,31.001542066368938,7.6,43.9,11.079100795898832,,,3760.0,124657409.0,33154.0,,288.0,6.2,9479.0,0,,0,0.0,0
51175,2013,,,46150.0,16.0,13.6,30.78124687080688,6.9,44.8,10.751163422216292,,,3570.0,115396508.0,32325.0,,293.0,5.5,9244.0,0,,0,0.0,0
51175,2014,,,49690.0,14.5,14.8,30.647734631072304,6.6,45.3,10.879566923149156,,,3566.0,116277838.0,32604.0,,300.0,4.8,9156.0,0,,0,0.0,0
51175,2015,,,48962.0,15.7,15.0,30.724504168919683,7.2,45.4,11.094445324174156,,,3752.0,122593744.0,32673.0,,319.0,4.0,9234.0,0,,0,0.0,0
51175,2016,,,51032.0,14.7,16.1,30.5259047123145,5.8,45.6,11.21110100799146,,,3709.0,125658477.0,33883.0,,339.0,3.9,9049.0,0,,0,0.0,0
51175,2017,,,53681.0,11.7,19.0,30.188786306984692,4.3,45.8,11.538472724190523,,,3652.0,129626430.0,35494.0,,342.0,3.6,9120.0,0,,0,0.0,0
51175,2018,,,54611.0,10.2,17.8,29.93845085748236,4.3,46.1,11.687642907892505,,,3623.0,130816040.0,36110.0,,357.0,2.8,9066.0,0,,0,0.0,0
51175,2019,,,61348.0,9.0,18.4,29.839985580678107,4.2,46.9,12.082884872711528,,,3659.0,135196778.0,36948.0,,348.0,2.6,9171.0,0,,0,0.0,0
51175,2020,,,63034.0,7.8,19.3,29.75487152784731,4.7,46.7,12.19294565683604,,,3509.0,139575465.0,39775.0,,341.0,5.1,9015.0,0,,0,0.0,0
51175,2021,,,65079.0,6.8,19.3,30.086983224187076,6.3,47.2,12.134716471848831,,,3457.0,147341063.0,42626.0,,355.0,3.5,8817.0,0,,0,0.0,0
51175,2022,,,67813.0,8.4,19.0,30.04526064927002,5.5,47.0,13.421109357561866,,,3691.0,177648058.0,48134.0,49.0,373.0,2.7,9036.0,0,,0,0.0,0
51177,2010,,,76574.0,,29.9,299.47286080137116,6.4,35.7,10.2792757296186,,,30072.0,1017011116.0,33819.0,,2440.0,7.2,63445.0,0,,0,0.0,0
51177,2011,,,78299.0,,29.7,302.7014638326707,6.9,36.1,10.698735024291643,,,30093.0,1066424690.0,35438.0,44.0,2462.0,6.7,64187.0,0,,0,0.0,0
51177,2012,,,79402.0,7.9,29.0,306.05462716610367,7.1,36.4,11.078563954272488,,,31017.0,1125761087.0,36295.0,17.0,2579.0,6.0,64049.0,0,,0,0.0,0
51177,2013,,,78345.0,7.6,28.2,309.7042440186143,7.0,36.5,10.746684803862737,,,31940.0,1191020208.0,37289.0,43.0,2646.0,5.7,64172.0,0,,0,0.0,0
51177,2014,,,78505.0,8.1,28.3,314.3902025848754,6.5,36.6,10.883366139617726,,,32965.0,1233279517.0,37411.0,40.0,2683.0,5.3,64336.0,0,,0,0.0,0
51177,2015,,,78125.0,8.2,29.3,318.10459079449544,6.2,36.7,11.136121027576754,,,34341.0,1310511046.0,38162.0,,2863.0,4.6,64057.0,0,,0,0.0,0
51177,2016,,,79742.0,8.5,29.6,321.81648779807284,5.6,37.3,11.229389453977756,,,35000.0,1322795028.0,37794.0,24.0,2977.0,4.0,65027.0,0,,0,0.0,0
51177,2017,,,81434.0,8.0,30.4,324.25288730780346,5.5,37.7,11.491582934592548,,,35773.0,1387516660.0,38787.0,48.0,3018.0,3.7,66005.0,0,,0,0.0,0
51177,2018,,,85330.0,8.0,31.5,327.3743684792682,5.3,38.1,11.7136092600738,,,36447.0,1450945067.0,39810.0,36.0,3166.0,3.1,66424.0,0,,0,0.0,0
51177,2019,,,88628.0,7.0,31.7,330.91437226590136,5.2,38.2,12.129617939764282,,,35999.0,1485309291.0,41260.0,45.0,3164.0,2.9,68488.0,0,,0,0.0,0
51177,2020,,,90913.0,7.1,32.1,335.52310344483976,6.0,38.5,12.197910826297328,,,34385.0,1601957397.0,46589.0,163.0,3164.0,6.2,67452.0,0,,0,0.0,0
51177,2021,,,98973.0,7.1,33.5,345.01459846741005,6.0,38.2,12.105754590834383,,,35656.0,1720616132.0,48257.0,148.0,3279.0,3.8,67326.0,0,,0,0.0,0
51177,2022,,,105068.0,7.4,33.3,351.5016990025211,5.6,38.1,13.405271630284828,,,36509.0,1823219639.0,49939.0,101.0,3579.0,2.9,69356.0,0,,0,0.0,0
51179,2010,47300.0,4688511.0,93065.0,,35.4,462.7960104752884,5.6,34.2,10.46004398860227,,,35603.0,1556708362.0,43725.0,67.0,2299.0,6.7,63985.0,0,,0,0.0,0
51179,2011,48672.0,4874184.0,94658.0,,35.9,471.9117401236976,6.2,34.3,10.848058969480116,,,37297.0,1698107860.0,45529.0,66.0,2305.0,6.2,65045.0,0,,0,0.0,0
51179,2012,49483.0,5028606.0,96355.0,4.9,35.5,480.8454523504393,6.7,34.5,11.124312704948002,,,38080.0,1775827990.0,46634.0,62.0,2360.0,5.7,65422.0,0,,0,0.0,0
51179,2013,48749.0,5127749.0,97110.0,5.1,36.2,489.9054623799707,6.6,34.6,10.796980672863391,,,39452.0,1842396570.0,46699.0,37.0,2378.0,5.5,66106.0,0,,0,0.0,0
51179,2014,49148.0,5271881.0,98721.0,5.4,37.1,500.2581675674672,5.9,34.7,10.958121519285925,,,40375.0,1935792284.0,47945.0,31.0,2416.0,5.2,66910.0,0,,0,0.0,0
51179,2015,50597.0,5243220.0,97144.0,5.2,36.8,509.4444753997883,5.5,34.7,11.247355292366828,,,41423.0,2004707155.0,48396.0,35.0,2555.0,4.4,66918.0,0,,0,0.0,0
51179,2016,51519.0,5373544.0,97528.0,5.1,37.3,518.370758344013,4.9,35.0,11.258113858998671,,,42575.0,2082855678.0,48922.0,43.0,2667.0,3.9,68383.0,0,,0,0.0,0
51179,2017,52853.0,5427334.0,103005.0,4.7,38.7,524.3550454114894,4.3,35.2,11.526400056355506,,,43007.0,2180880515.0,50710.0,29.0,2712.0,3.6,70099.0,0,,0,0.0,0
51179,2018,54232.0,5651406.0,106773.0,4.5,39.8,534.9529169220483,4.0,35.3,11.744779975569314,,,44077.0,2288184809.0,51913.0,15.0,2794.0,3.0,71426.0,0,,0,0.0,0
51179,2019,55816.0,5758951.0,111108.0,4.4,39.9,545.2090414368233,3.7,35.5,12.16860841004564,,,45252.0,2431398731.0,53730.0,7.0,2841.0,2.7,73947.0,0,,0,0.0,0
51179,2020,58900.0,6031384.0,112247.0,5.5,41.3,557.8833974108951,3.8,35.7,12.169922376816777,,,44339.0,2593585945.0,58495.0,7.0,2879.0,5.8,73203.0,0,,0,0.0,0
51179,2021,62859.0,6436979.0,119818.0,5.1,42.3,572.8125406288888,4.1,35.9,12.112808673145285,,,45799.0,2786113676.0,60834.0,47.0,3056.0,3.6,73204.0,0,,0,0.0,0
51179,2022,63818.0,6498922.0,128036.0,5.4,43.1,585.4497501903754,3.9,36.4,13.403445852126548,,,46727.0,2950225200.0,63138.0,93.0,3371.0,2.8,75585.0,0,,0,0.0,0
51181,2010,33081.0,1380438.0,55030.0,,13.6,25.2340033482823,9.4,43.5,10.231987795505423,,,2255.0,163990824.0,72731.0,,106.0,9.2,3700.0,0,,0,0.0,0
51181,2011,34357.0,1458152.0,53505.0,,11.5,25.18739984728391,10.0,44.7,10.64980958458583,,,2343.0,168085637.0,71747.0,,102.0,8.4,3753.0,0,,0,0.0,0
51181,2012,34992.0,1433992.0,52955.0,9.0,15.7,25.051174228980923,9.5,45.3,11.050733778183218,,,2233.0,163693657.0,73309.0,,102.0,7.6,3682.0,0,,0,0.0,0
51181,2013,35190.0,1340124.0,47292.0,11.5,16.7,24.81457183929679,11.0,45.2,10.722701557148566,,,2117.0,146519016.0,69200.0,,99.0,7.1,3633.0,0,,0,0.0,0
51181,2014,36746.0,1261882.0,51527.0,11.4,18.8,24.681931105685983,10.1,46.2,10.850448967976575,,,2227.0,161724147.0,72620.0,,94.0,6.1,3676.0,0,,0,0.0,0
51181,2015,39902.0,1109899.0,53673.0,12.9,21.2,24.459668254770584,10.7,47.5,11.065731383768936,,,2498.0,197843137.0,79203.0,,95.0,5.0,3731.0,0,,0,0.0,0
51181,2016,39089.0,1222375.0,56632.0,11.9,22.8,24.129858863089662,8.2,48.2,11.192811902036883,,,2326.0,168493960.0,72437.0,,99.0,5.2,3660.0,0,,0,0.0,0
51181,2017,41572.0,1207768.0,54656.0,13.6,19.1,23.91118089686645,7.7,49.3,11.521166649889723,,,2385.0,177773368.0,74528.0,,107.0,4.3,3773.0,0,,0,0.0,0
51181,2018,42862.0,1090150.0,54844.0,12.7,17.6,23.66023896841358,7.2,49.6,11.66111915448586,,,2445.0,199360541.0,81552.0,,120.0,3.4,3766.0,0,,0,0.0,0
51181,2019,42683.0,1152764.0,57962.0,15.9,20.6,23.38420284711542,5.7,49.8,12.058930409406,,,2154.0,173787957.0,80675.0,,125.0,3.4,3685.0,0,,0,0.0,0
51181,2020,46348.0,1133713.0,56525.0,16.3,20.4,23.154770226815653,4.8,50.0,12.178014591487155,,,2060.0,168701750.0,81901.0,,129.0,5.9,3572.0,0,,0,0.0,0
51181,2021,52708.0,1096523.0,61105.0,14.8,22.6,23.527598234802777,6.4,50.4,12.12711757726064,,,2022.0,178584763.0,88314.0,,136.0,3.7,3552.0,0,,0,0.0,0
51181,2022,53368.0,1259572.0,68655.0,13.3,23.5,23.46665519503565,6.0,50.5,13.407648946923644,,,2099.0,183928747.0,87637.0,,150.0,2.8,3649.0,0,,0,0.0,0
51183,2010,26179.0,341651.0,37978.0,,10.0,24.81916503816607,10.9,41.0,10.32611923514598,,,3508.0,112244283.0,31996.0,,236.0,11.7,4291.0,0,,0,0.0,0
51183,2011,26545.0,366010.0,40088.0,,10.1,24.778367528446065,9.5,40.2,10.729971226131948,,,3512.0,112598117.0,32057.0,,238.0,10.5,4375.0,0,,0,0.0,0
51183,2012,27023.0,378216.0,39603.0,15.3,9.5,24.672294003174045,10.5,40.5,11.126671917919056,,,3479.0,117366534.0,33732.0,,244.0,9.6,4270.0,0,,0,0.0,0
51183,2013,27312.0,379920.0,39635.0,15.3,10.3,24.492784960406016,6.5,40.7,10.787985981165813,,,3609.0,128196828.0,35521.0,,234.0,9.1,4183.0,0,,0,0.0,0
51183,2014,27201.0,363257.0,36972.0,22.5,9.0,24.321435419581988,6.2,37.8,10.944041542524626,,,3692.0,132806279.0,35971.0,,231.0,7.7,4120.0,0,,0,0.0,0
51183,2015,27947.0,346827.0,39194.0,20.5,9.6,24.20108276590797,6.9,38.5,11.166597642592402,,,3814.0,137547864.0,36060.0,,251.0,6.8,4088.0,0,,0,0.0,0
51183,2016,28182.0,330574.0,37917.0,18.5,11.3,23.933859077241927,6.6,42.2,11.265557508264571,,,3762.0,135907269.0,36129.0,,267.0,6.2,3952.0,0,,0,0.0,0
51183,2017,29415.0,328656.0,44608.0,17.8,11.7,23.65235626017388,5.5,40.4,11.56743843913102,,,3618.0,136792429.0,37810.0,,275.0,5.9,3855.0,0,,0,0.0,0
51183,2018,30429.0,320844.0,45801.0,17.5,12.6,23.430009832199843,8.7,39.8,11.716030702457816,,,3581.0,137647990.0,38442.0,,281.0,5.0,3776.0,0,,0,0.0,0
51183,2019,31930.0,345458.0,49487.0,13.1,12.7,23.207663404225805,7.1,41.0,12.122154824137748,,,3632.0,145770727.0,40140.0,,282.0,4.5,3788.0,0,,0,0.0,0
51183,2020,34586.0,338627.0,51701.0,11.2,13.3,22.850685194175743,6.8,41.0,12.246762854397543,,,3509.0,155017483.0,44182.0,,271.0,8.9,3663.0,0,,0,0.0,0
51183,2021,37938.0,361324.0,56968.0,10.5,13.2,22.35703532656367,5.8,40.6,12.15556764932872,,,3139.0,149221896.0,47536.0,,262.0,6.3,3639.0,0,,0,0.0,0
51183,2022,38155.0,332177.0,59195.0,12.7,15.4,22.165287030879636,5.0,40.4,13.454958330555774,,,3188.0,159961797.0,50172.0,,339.0,4.1,3689.0,0,,0,0.0,0
51185,2010,31160.0,1500354.0,35215.0,,14.3,86.17343014817142,7.3,43.4,10.36070890389747,,,16699.0,519618207.0,31117.0,,1251.0,9.0,18427.0,0,,0,0.0,0
51185,2011,32821.0,1436805.0,36436.0,,13.9,86.36811355632614,8.1,43.6,9.357591316212783,,,16533.0,534870942.0,32352.0,,1235.0,8.0,18172.0,0,,0,0.0,0
51185,2012,33662.0,1419301.0,36080.0,18.1,13.3,86.44328833769282,7.5,43.4,10.714058865721642,,,16300.0,525806737.0,32257.0,,1223.0,8.1,17940.0,0,,0,0.0,0
51185,2013,32876.0,1400940.0,35693.0,18.3,12.9,86.092472691315,8.6,43.5,10.958068789328276,,,15886.0,514424801.0,32383.0,,1191.0,8.4,17665.0,0,,0,0.0,0
51185,2014,33412.0,1362207.0,36248.0,19.5,12.8,85.45059571195335,8.9,43.1,11.297868876207362,,,15565.0,505271628.0,32463.0,,1154.0,8.0,17273.0,0,,0,0.0,0
51185,2015,33547.0,1321878.0,37664.0,17.7,13.5,84.5619912450293,8.0,43.1,11.232867607133509,,,15355.0,497901702.0,32427.0,3.0,1156.0,7.3,16670.0,0,,0,0.0,0
51185,2016,32868.0,1217037.0,38238.0,17.8,14.6,83.59242932124882,8.3,43.7,11.353329131743251,,,14685.0,473212097.0,32223.0,3.0,1147.0,7.4,15965.0,0,,0,0.0,0
51185,2017,35647.0,1191744.0,40309.0,15.6,15.2,82.28554466056657,7.8,44.3,11.440578146643997,,,14819.0,513734466.0,34668.0,,1126.0,5.6,16303.0,0,,0,0.0,0
51185,2018,36674.0,1232645.0,40978.0,16.1,15.3,81.11166153614846,7.6,44.9,11.18195564905387,,,14745.0,538948457.0,36550.0,,1125.0,4.4,15974.0,0,,0,0.0,0
51185,2019,37621.0,1188220.0,42099.0,17.5,14.9,80.1922161332791,6.5,45.2,10.973987138779185,,,14445.0,518746427.0,35912.0,,1098.0,4.3,15738.0,0,,0,0.0,0
51185,2020,40320.0,1143240.0,42207.0,17.0,15.2,79.41733761765335,7.1,45.3,11.951627745559977,,,13671.0,494430925.0,36166.0,,1044.0,7.9,15388.0,0,,0,0.0,0
51185,2021,43257.0,1126991.0,42937.0,17.6,16.2,78.2877883386566,6.4,45.1,11.966648477436427,,,13576.0,518435173.0,38189.0,,1030.0,5.2,15067.0,0,,0,0.0,0
51185,2022,45644.0,1237788.0,46508.0,18.1,15.9,77.85794279391894,5.7,44.6,13.3464479880855,,,13861.0,574785798.0,41468.0,22.0,1081.0,4.1,15403.0,0,,0,0.0,0
51187,2010,38132.0,1399232.0,60522.0,,21.4,172.62123888031985,5.9,39.1,10.30395884529904,,,11494.0,380141056.0,33073.0,,955.0,8.3,20137.0,0,,0,0.0,0
51187,2011,40373.0,1393491.0,61379.0,,21.7,173.92135025186744,5.9,39.8,10.680736818059149,,,11582.0,383427658.0,33105.0,30.0,972.0,7.4,20087.0,0,,0,0.0,0
51187,2012,39779.0,1190150.0,61693.0,9.8,20.7,175.05836521479796,7.4,39.8,11.051821304226072,,,11750.0,408090323.0,34730.0,30.0,1011.0,6.6,20028.0,0,,0,0.0,0
51187,2013,39032.0,1279280.0,61610.0,9.3,20.5,176.31187761245496,8.2,40.1,10.71904870918607,,,12060.0,469112821.0,38899.0,34.0,1009.0,6.0,20091.0,0,,0,0.0,0
51187,2014,38414.0,1277625.0,60560.0,9.9,19.7,177.73780621350718,7.8,40.5,10.882051815236196,,,12362.0,474893540.0,38415.0,36.0,1011.0,5.5,19983.0,0,,0,0.0,0
51187,2015,41365.0,1650800.0,61454.0,9.8,20.7,179.31751142839835,7.2,40.4,11.155168886016424,,,12027.0,446621795.0,37136.0,40.0,1040.0,4.7,19697.0,0,,0,0.0,0
51187,2016,43101.0,1757918.0,63734.0,10.4,20.0,180.83663797723173,6.5,40.8,11.22868233947698,,,12076.0,450707081.0,37322.0,39.0,1080.0,4.0,19725.0,0,,0,0.0,0
51187,2017,43729.0,1758686.0,65353.0,9.8,20.9,181.69405909681868,6.0,40.6,11.474534240619656,,,12284.0,468950544.0,38175.0,39.0,1082.0,3.7,20052.0,0,,0,0.0,0
51187,2018,44997.0,1711286.0,68189.0,10.4,21.1,183.82829210100792,6.1,40.7,11.697226613972015,,,12704.0,502818312.0,39580.0,36.0,1106.0,3.1,20253.0,0,,0,0.0,0
51187,2019,47240.0,1807682.0,69116.0,9.9,21.7,184.0286676887375,5.3,41.3,12.119051068611126,,,12711.0,518689663.0,40806.0,36.0,1094.0,2.8,20646.0,0,,0,0.0,0
51187,2020,50408.0,1764273.0,70109.0,10.8,20.8,185.87398705480504,5.8,41.5,12.170930616552516,,,12394.0,537987490.0,43408.0,36.0,1077.0,6.0,20172.0,0,,0,0.0,0
51187,2021,55175.0,1736106.0,72840.0,10.9,22.5,188.455570208344,6.0,41.3,12.065474527342197,,,13156.0,601444658.0,45718.0,35.0,1113.0,3.5,20135.0,0,,0,0.0,0
51187,2022,55957.0,1838113.0,79313.0,12.0,22.4,190.1238134736273,5.6,40.9,13.373867070205469,,,13360.0,645395299.0,48307.0,,1222.0,2.8,20735.0,0,,0,0.0,0
51191,2010,,,40422.0,,20.5,96.79735848451423,6.5,43.0,10.34986553445845,,,19417.0,702602851.0,36184.0,,1509.0,8.1,27455.0,0,,0,0.0,0
51191,2011,,,41526.0,,21.0,97.34262544258392,6.1,43.1,9.394525690864649,,,19821.0,728780091.0,36768.0,,1483.0,7.1,27852.0,0,,0,0.0,0
51191,2012,,,42844.0,12.4,21.7,97.4548862868924,6.4,43.2,10.711642508407811,,,20063.0,751133701.0,37439.0,,1529.0,6.6,27726.0,0,,0,0.0,0
51191,2013,,,41897.0,12.1,22.3,97.65624303938218,7.1,43.5,10.943346184229316,,,20559.0,744448390.0,36211.0,,1545.0,6.2,27842.0,0,,0,0.0,0
51191,2014,,,42458.0,12.3,23.5,97.70791866612734,7.5,44.1,11.281164430473906,,,20390.0,740351534.0,36310.0,7.0,1518.0,5.7,27712.0,0,,0,0.0,0
51191,2015,,,43310.0,12.8,23.3,97.576056722019,6.9,44.7,11.219157801453488,,,20431.0,734836321.0,35966.0,8.0,1538.0,4.7,27083.0,0,,0,0.0,0
51191,2016,,,43835.0,14.3,24.8,97.22501884378458,6.4,45.3,11.349874834189244,,,20645.0,730955147.0,35405.0,7.0,1565.0,4.4,26881.0,0,,0,0.0,0
51191,2017,,,44844.0,14.6,23.4,97.0379174366038,6.4,45.5,11.437701877060864,,,20706.0,746353827.0,36045.0,6.0,1565.0,4.1,27081.0,0,,0,0.0,0
51191,2018,,,46262.0,15.0,22.5,96.94703961025886,5.9,45.9,11.17141970090394,,,20684.0,754774559.0,36491.0,7.0,1579.0,3.4,26772.0,0,,0,0.0,0
51191,2019,,,48495.0,14.6,22.8,96.350097025444,5.2,46.3,10.958778735306192,,,20106.0,748490412.0,37228.0,,1520.0,3.3,26441.0,0,,0,0.0,0
51191,2020,,,50928.0,13.5,24.2,96.23249042664467,4.2,46.4,10.791534194693613,,,18250.0,718774996.0,39386.0,,1485.0,6.0,25752.0,0,,0,0.0,0
51191,2021,,,54737.0,12.7,24.7,96.21823508133566,4.8,46.6,11.11487428375146,,,18722.0,771899748.0,41230.0,,1496.0,3.6,25483.0,0,,0,0.0,0
51191,2022,,,59116.0,12.0,24.6,96.19685206337212,4.2,46.8,12.968550553667075,,,19457.0,861816101.0,44293.0,28.0,1626.0,2.8,26319.0,0,,0,0.0,0
51193,2010,33677.0,392309.0,52990.0,,15.9,75.1637407010108,8.2,45.7,10.24109673359204,,,3507.0,95497832.0,27233.0,16.0,369.0,8.3,9193.0,0,,0,0.0,0
51193,2011,35023.0,416550.0,52258.0,,14.9,75.81347077958888,9.9,46.1,10.661661940071044,,,3574.0,97319414.0,27230.0,17.0,373.0,7.5,9388.0,0,,0,0.0,0
51193,2012,36116.0,407788.0,48672.0,13.3,14.4,76.17104035303454,11.5,46.5,11.059851188451322,,,3415.0,95295525.0,27909.0,16.0,378.0,7.1,9136.0,0,,0,0.0,0
51193,2013,35999.0,413348.0,49157.0,12.9,14.9,76.45011904450433,10.8,46.8,10.736616159097396,,,3342.0,96065349.0,28749.0,16.0,372.0,6.7,9099.0,0,,0,0.0,0
51193,2014,37333.0,403395.0,48750.0,12.7,16.5,76.38907058074531,10.5,46.8,10.86213362594747,,,3277.0,96071396.0,29317.0,17.0,363.0,6.3,9042.0,0,,0,0.0,0
51193,2015,38262.0,430710.0,47911.0,13.3,18.3,76.55913415835971,9.7,46.6,11.077773236839391,,,3377.0,98239614.0,29091.0,18.0,367.0,5.3,8954.0,0,,0,0.0,0
51193,2016,39778.0,468107.0,51566.0,11.1,21.2,76.43267662628747,6.6,46.5,11.203980712340243,,,3424.0,102924452.0,30060.0,17.0,389.0,4.5,8989.0,0,,0,0.0,0
51193,2017,41167.0,450849.0,55688.0,9.5,21.1,76.72919773597411,7.3,47.6,11.535030708700932,,,3477.0,104974436.0,30189.0,19.0,397.0,4.4,9444.0,0,,0,0.0,0
51193,2018,42248.0,470565.0,54268.0,12.0,20.3,76.91234312725116,7.7,47.9,11.678494135710968,,,3435.0,108622717.0,31624.0,17.0,403.0,3.7,9408.0,0,,0,0.0,0
51193,2019,44413.0,474471.0,53853.0,14.9,19.2,77.4050914418775,6.2,48.6,12.07314173691482,,,3424.0,109238217.0,31903.0,16.0,412.0,3.5,9555.0,0,,0,0.0,0
51193,2020,47635.0,483987.0,53790.0,15.7,18.3,77.93708519749178,12.7,48.1,12.195475158886936,,,3210.0,113815594.0,35454.0,14.0,420.0,6.0,9446.0,0,,0,0.0,0
51193,2021,50354.0,458726.0,53113.0,16.3,16.5,79.90371785144292,11.5,47.9,12.14148832398868,,,3280.0,122353981.0,37298.0,12.0,432.0,4.4,9572.0,0,,0,0.0,0
51193,2022,50727.0,446240.0,56647.0,16.0,17.6,80.58397216190053,9.1,47.9,13.416328317713363,,,3248.0,130558572.0,40199.0,13.0,481.0,3.0,9543.0,0,,0,0.0,0
51195,2010,,,33608.0,,11.3,102.85544318857822,8.3,39.4,10.250736135792156,,,15444.0,620386815.0,40170.0,38.0,1054.0,8.5,17005.0,0,,0,0.0,0
51195,2011,,,34717.0,,12.7,102.877751338489,8.5,39.4,9.298753447435503,,,15893.0,625978631.0,39387.0,39.0,1039.0,7.6,17229.0,0,,0,0.0,0
51195,2012,,,35120.0,24.1,12.7,102.52082093991672,10.4,39.5,10.630320587224332,,,14288.0,519248951.0,36341.0,38.0,1042.0,8.8,15979.0,0,,0,0.0,0
51195,2013,,,36218.0,21.9,13.1,102.00773349196906,10.7,39.6,10.82716780299685,,,13117.0,443883344.0,33840.0,37.0,1010.0,10.1,15086.0,0,,0,0.0,0
51195,2014,,,37357.0,22.7,12.8,101.30874479476502,11.1,39.7,11.210215954632544,,,12449.0,425650078.0,34193.0,34.0,976.0,9.3,14471.0,0,,0,0.0,0
51195,2015,,,37407.0,22.4,14.0,100.46103509815586,11.0,39.8,11.137216036977769,,,12246.0,415609450.0,33938.0,33.0,975.0,8.2,13831.0,0,,0,0.0,0
51195,2016,,,36352.0,21.2,14.4,99.33075550267698,10.4,40.0,11.276100044322227,,,11471.0,386077214.0,33658.0,,973.0,8.3,13211.0,0,,0,0.0,0
51195,2017,,,38255.0,19.9,13.9,98.00465992464802,9.6,40.3,11.380226411549875,,,11621.0,397414785.0,34198.0,,943.0,6.3,13666.0,0,,0,0.0,0
51195,2018,,,38345.0,22.0,14.5,96.73061669641086,9.2,40.7,11.129741608872155,,,11559.0,399400029.0,34554.0,,949.0,5.0,13262.0,0,,0,0.0,0
51195,2019,,,38888.0,22.1,15.0,95.39460638508824,9.4,41.4,10.95015245215217,,,11677.0,405428601.0,34719.0,,919.0,4.6,13403.0,0,,0,0.0,0
51195,2020,,,41285.0,21.1,14.8,94.2692841562562,9.2,41.6,10.83829642315479,,,11026.0,408400546.0,37040.0,32.0,872.0,7.8,13021.0,0,,0,0.0,0
51195,2021,,,44884.0,19.7,14.6,90.54878048780488,10.6,41.5,11.19765555056695,,,10993.0,444456119.0,40430.0,31.0,844.0,5.2,12695.0,0,,0,0.0,0
51195,2022,,,47541.0,19.9,16.3,89.49286139202856,9.1,42.0,13.0319086468693,,,11153.0,479985618.0,43037.0,29.0,885.0,4.0,12830.0,0,,0,0.0,0
51197,2010,28510.0,1046277.0,38948.0,,14.0,62.78790870047104,8.1,42.6,10.36436838569141,,,11334.0,327875398.0,28930.0,,874.0,11.3,14302.0,0,,0,0.0,0
51197,2011,29146.0,1192675.0,40920.0,,14.9,63.028193405375454,9.3,42.9,9.356993665749382,,,11556.0,338927137.0,29330.0,,889.0,9.2,14360.0,0,,0,0.0,0
51197,2012,29847.0,1246002.0,40564.0,14.0,14.5,63.2165246605708,9.3,42.9,10.714058865721642,,,11539.0,347960305.0,30156.0,,903.0,7.6,14096.0,0,,0,0.0,0
51197,2013,29061.0,1417598.0,41275.0,14.4,15.0,63.37022028262677,9.8,43.2,10.958068789328276,,,11402.0,347960839.0,30517.0,,874.0,7.6,13995.0,0,,0,0.0,0
51197,2014,30848.0,1447887.0,40185.0,15.1,15.2,63.337749376558605,10.1,43.5,11.297868876207362,,,11419.0,357653186.0,31321.0,,858.0,6.3,13834.0,0,,0,0.0,0
51197,2015,32034.0,1551522.0,41360.0,15.1,16.0,63.18838320864506,9.6,43.6,11.232867607133509,,,11588.0,373106490.0,32197.0,,863.0,5.4,13694.0,0,,0,0.0,0
51197,2016,32412.0,1594116.0,42888.0,16.2,16.6,63.14725339429205,7.5,43.9,11.353329131743251,,,11697.0,382172432.0,32673.0,,890.0,5.6,13673.0,0,,0,0.0,0
51197,2017,33629.0,1716648.0,46119.0,15.2,18.3,62.88099196453311,6.2,44.4,11.440578146643997,,,11608.0,391977612.0,33769.0,,896.0,5.0,14162.0,0,,0,0.0,0
51197,2018,34603.0,1606252.0,48043.0,15.6,18.5,62.64720144084234,6.6,44.9,11.18195564905387,,,11443.0,394817586.0,34504.0,,917.0,3.8,13783.0,0,,0,0.0,0
51197,2019,36142.0,1448093.0,49364.0,14.8,19.0,62.439387642006096,5.6,45.3,10.972725394088512,,,11275.0,402510129.0,35701.0,,905.0,3.5,13787.0,0,,0,0.0,0
51197,2020,39551.0,1419662.0,51639.0,13.4,19.0,62.181785120532005,4.2,45.9,10.814283664139614,,,10799.0,413649123.0,38303.0,,880.0,8.0,13750.0,0,,0,0.0,0
51197,2021,43481.0,1468448.0,52726.0,15.2,19.6,61.3635182876143,5.1,45.8,11.145614291553938,,,11076.0,446103759.0,40276.0,,904.0,4.0,13588.0,0,,0,0.0,0
51197,2022,44919.0,1518094.0,53921.0,17.2,20.1,61.20765793848712,5.2,45.6,13.02587405093559,,,11504.0,499091310.0,43384.0,1.0,966.0,2.9,14083.0,0,,0,0.0,0
51199,2010,,,81055.0,,41.5,619.3091197341153,3.8,39.3,10.220767619434053,,,20971.0,706279952.0,33680.0,,1526.0,6.3,31326.0,0,,0,0.0,0
51199,2011,,,83747.0,,41.6,623.5399734497216,4.5,39.7,10.642320779623974,,,21319.0,710564623.0,33330.0,,1532.0,6.1,31856.0,0,,0,0.0,0
51199,2012,,,82454.0,5.4,41.1,625.583771858615,4.6,39.6,11.044668644654392,,,20804.0,701345309.0,33712.0,,1534.0,5.7,31672.0,0,,0,0.0,0
51199,2013,,,82073.0,5.7,42.0,628.0573409609673,5.1,39.5,10.72088033141516,,,21106.0,720350574.0,34130.0,,1520.0,5.3,31847.0,0,,0,0.0,0
51199,2014,,,80900.0,6.2,42.0,628.4966621142809,5.6,39.7,10.845198937440564,,,20874.0,753348718.0,36091.0,,1494.0,4.9,31944.0,0,,0,0.0,0
51199,2015,,,81749.0,6.4,42.2,634.8286169979085,5.8,39.5,11.055026234667997,,,21759.0,839294731.0,38572.0,,1527.0,4.2,32121.0,0,,0,0.0,0
51199,2016,,,83410.0,6.2,43.2,639.1072230127882,6.1,39.5,11.185673295112666,,,21738.0,814811259.0,37483.0,32.0,1587.0,3.8,32155.0,0,,0,0.0,0
51199,2017,,,86781.0,5.2,43.6,641.7527003925239,6.4,39.6,11.524501496229677,,,21599.0,818980205.0,37917.0,33.0,1580.0,3.5,32817.0,0,,0,0.0,0
51199,2018,,,90367.0,4.7,45.4,645.486930195689,6.0,39.5,11.66164086138545,,,21700.0,845140049.0,38947.0,31.0,1598.0,2.8,32790.0,0,,0,0.0,0
51199,2019,,,92069.0,4.9,47.1,649.2593618382725,5.6,39.6,12.056458043354928,,,21481.0,873233785.0,40652.0,26.0,1604.0,2.6,33247.0,0,,0,0.0,0
51199,2020,,,93356.0,4.8,49.5,653.1463989991119,5.3,39.6,12.179610359243735,,,19458.0,823201119.0,42306.0,26.0,1615.0,5.7,32518.0,0,,0,0.0,0
51199,2021,,,96144.0,4.9,48.5,665.0462719779957,4.7,39.7,12.13029958147936,,,20083.0,883602991.0,43997.0,23.0,1656.0,3.3,32419.0,0,,0,0.0,0
51199,2022,,,105154.0,4.7,49.5,670.8051992703449,4.2,39.7,13.40972176536102,,,21386.0,1014214050.0,47425.0,81.0,1766.0,2.7,33232.0,0,,0,0.0,0
51510,2010,75738.0,15810312.0,80847.0,,60.4,8948.577167726817,3.9,35.7,,,,95948.0,6418516100.0,66896.0,664.0,6105.0,5.0,90436.0,0,,0,0.0,0
51510,2011,78165.0,15349549.0,82899.0,,60.1,9170.940743220624,4.5,35.6,,,,94568.0,6372960094.0,67390.0,652.0,6138.0,4.4,92366.0,0,,0,0.0,0
51510,2012,80505.0,15464481.0,83996.0,8.0,60.5,9396.518245731502,5.1,35.7,11.044668644654392,,,95584.0,6595349655.0,69001.0,603.0,6241.0,4.0,93156.0,0,,0,0.0,0
51510,2013,76051.0,14864400.0,85706.0,8.4,61.4,9620.622698359555,5.0,35.7,10.72088033141516,,,95203.0,6612940934.0,69462.0,554.0,6226.0,4.0,93742.0,0,,0,0.0,0
51510,2014,78690.0,14833106.0,87319.0,8.7,61.5,9803.950451958486,4.7,35.8,10.845198937440564,,,94946.0,6790914597.0,71524.0,754.0,6183.0,3.8,93893.0,0,,0,0.0,0
51510,2015,80148.0,14849118.0,89134.0,8.3,61.4,9997.65651155005,4.5,36.0,11.055026234667997,,,96328.0,6979141482.0,72452.0,816.0,6553.0,3.2,94551.0,0,,0,0.0,0
51510,2016,80787.0,14805375.0,89200.0,9.8,62.1,10142.149313692667,4.0,36.2,11.185673295112666,,,94885.0,7020455007.0,73989.0,817.0,6552.0,2.9,96536.0,0,,0,0.0,0
51510,2017,82214.0,15081071.0,93370.0,10.5,61.8,10358.888516906594,3.9,36.4,11.524501496229677,,,93774.0,7093303873.0,75642.0,819.0,6385.0,2.8,100279.0,0,,0,0.0,0
51510,2018,86394.0,15230199.0,96733.0,10.6,62.1,10479.07599598259,3.3,36.5,11.66164086138545,,,91915.0,7173714190.0,78047.0,761.0,6302.0,2.3,100401.0,0,,0,0.0,0
51510,2019,87786.0,14970109.0,100939.0,10.3,63.1,10553.264144626715,3.0,36.8,12.056458043354928,,,90924.0,7212908600.0,79329.0,754.0,6207.0,2.1,101332.0,0,,0,0.0,0
51510,2020,91521.0,14483075.0,102227.0,9.4,65.1,10599.866086374288,3.3,36.8,12.179610359243735,,,83919.0,7075437449.0,84313.0,777.0,6203.0,6.2,98544.0,0,,0,0.0,0
51510,2021,104279.0,14874002.0,105450.0,9.6,65.2,10591.56344158018,3.2,37.1,12.13029958147936,,,84081.0,7296189761.0,86776.0,784.0,6376.0,3.7,98279.0,0,,0,0.0,0
51510,2022,108556.0,14914516.0,113179.0,8.8,66.0,10551.991965182457,3.2,37.4,13.40972176536102,,,84602.0,7518219428.0,88866.0,381.0,6891.0,2.3,100719.0,0,,0,0.0,0
51515,2010,,,32262.0,,20.8,,3.4,43.1,10.2620719371269,,,3284.0,108804525.0,33131.0,,307.0,,,0,,0,0.0,0
51515,2011,,,34647.0,,20.8,,7.1,44.1,10.540745522471466,,,3245.0,108561627.0,33457.0,,300.0,,,0,,0,0.0,0
51515,2012,,,35863.0,21.2,21.3,,6.3,44.7,11.034567933204132,,,3125.0,104922439.0,33575.0,,295.0,,,0,,0,0.0,0
51515,2013,,,35593.0,18.7,25.0,,6.6,46.5,10.760828744028524,,,3047.0,104562248.0,34316.0,,287.0,,,0,,0,0.0,0
51515,2014,,,,,,,,,10.918328837661356,,,,,,,,,,0,,0,0.0,0
51515,2015,,,,,,,,,11.1061022650946,,,,,,,,,,0,,0,0.0,0
51515,2016,,,,,,,,,11.228763494303369,,,,,,,,,,0,,0,0.0,0
51515,2017,,,,,,,,,11.532974405429702,,,,,,,,,,0,,0,0.0,0
51515,2018,,,,,,,,,11.633577336220702,,,,,,,,,,0,,0,0.0,0
51515,2019,,,,,,,,,11.978577357622571,,,,,,,,,,0,,0,0.0,0
51515,2020,,,,,,,,,12.08256729881426,,,,,,,,,,0,,0,0.0,0
51515,2021,,,,,,,,,12.051539614819871,,,,,,,,,,0,,0,0.0,0
51515,2022,,,,,,,,,13.390947027966964,,,,,,,,,,0,,0,0.0,0
51520,2010,,,32079.0,,19.7,1375.4952995105275,10.5,41.0,,,,12083.0,368550806.0,30501.0,,676.0,9.0,7991.0,0,,0,0.0,0
51520,2011,,,32122.0,,20.5,1376.5830160826663,11.5,41.1,,,,11824.0,359450763.0,30400.0,,670.0,8.3,8084.0,0,,0,0.0,0
51520,2012,,,30636.0,22.4,19.2,1378.8361432678114,12.8,40.8,,,,11970.0,386414791.0,32281.0,,721.0,7.1,7988.0,0,,0,0.0,0
51520,2013,,,32221.0,21.0,19.6,1376.1945458783312,12.7,41.7,,,,10345.0,337142075.0,32591.0,,676.0,6.8,7822.0,0,,0,0.0,0
51520,2014,,,33616.0,19.6,20.4,1367.0266490560173,11.0,41.6,,,,10032.0,335201098.0,33412.0,,661.0,6.3,7746.0,0,,0,0.0,0
51520,2015,,,35368.0,20.4,23.3,1361.5103721544558,10.7,41.8,10.76763343226274,,,9776.0,359355086.0,36758.0,,654.0,5.3,7541.0,0,,0,0.0,0
51520,2016,,,35801.0,20.6,23.4,1347.2146686349156,8.7,42.0,11.235749278879172,,,9498.0,349650052.0,36812.0,,664.0,5.0,7455.0,0,,0,0.0,0
51520,2017,,,37844.0,21.3,23.0,1326.781135886877,7.7,42.3,11.34247705028321,,,9085.0,320744637.0,35307.0,,631.0,4.5,7415.0,0,,0,0.0,0
51520,2018,,,37904.0,22.7,24.1,1308.6007303239842,5.9,42.2,10.821760095572545,,,9082.0,323075127.0,35574.0,,626.0,3.8,7206.0,0,,0,0.0,0
51520,2019,,,37500.0,22.6,25.4,1313.9616191438115,6.1,42.2,10.49451722070346,,,9034.0,322657067.0,35717.0,,608.0,3.7,7326.0,0,,0,0.0,0
51520,2020,,,39679.0,22.1,21.8,1325.3826431512705,6.3,42.4,10.027303360776443,,,9018.0,343000864.0,38035.0,,604.0,7.8,7499.0,0,,0,0.0,0
51520,2021,,,43879.0,17.7,23.4,1320.4879185766451,3.7,43.4,10.074434555077604,,,9108.0,364613415.0,40033.0,,606.0,4.7,7377.0,0,,0,0.0,0
51520,2022,,,45250.0,17.0,22.8,1323.5956802113278,4.1,43.7,13.395921319934407,,,9602.0,401406440.0,41804.0,29.0,664.0,3.3,7555.0,0,,0,0.0,0
51530,2010,,,39955.0,,16.5,1033.3954644299472,8.1,38.5,10.220767619434053,,,2122.0,60815409.0,28656.0,,132.0,10.2,3255.0,0,,0,0.0,0
51530,2011,,,35426.0,,15.5,1032.4634979807397,7.7,38.3,10.642320779623974,,,2169.0,62080929.0,28620.0,,129.0,9.1,3235.0,0,,0,0.0,0
51530,2012,,,35921.0,19.9,15.3,1037.4339857098478,6.7,38.0,11.044668644654392,,,2217.0,66042644.0,29784.0,,127.0,7.7,3255.0,0,,0,0.0,0
51530,2013,,,36591.0,20.6,14.9,1040.5405405405406,7.9,37.6,10.72088033141516,,,2537.0,79536180.0,31353.0,,124.0,6.6,3314.0,0,,0,0.0,0
51530,2014,,,32789.0,22.9,14.0,1038.0552966759865,7.8,37.2,10.845198937440564,,,2582.0,87424381.0,33866.0,,117.0,5.7,3317.0,0,,0,0.0,0
51530,2015,,,29097.0,28.4,16.4,1035.4147250698977,7.3,33.8,11.055026234667997,,,2598.0,86489603.0,33288.0,,123.0,5.0,3307.0,0,,0,0.0,0
51530,2016,,,29109.0,27.6,16.2,1026.7163715439578,6.1,35.1,11.185673295112666,,,2475.0,84571539.0,34166.0,,134.0,5.0,3279.0,0,,0,0.0,0
51530,2017,,,33672.0,20.8,16.3,1008.8536812674744,4.7,36.4,11.524501496229677,,,2491.0,87399775.0,35089.0,,132.0,4.2,3387.0,0,,0,0.0,0
51530,2018,,,34273.0,20.1,15.9,993.9422180801492,2.4,37.5,11.66164086138545,,,2533.0,84564556.0,33382.0,,136.0,3.2,3364.0,0,,0,0.0,0
51530,2019,,,32455.0,25.5,15.9,1007.1450761105934,2.3,35.5,12.056458043354928,,,2672.0,92247932.0,34529.0,,141.0,2.7,3479.0,0,,0,0.0,0
51530,2020,,,36634.0,16.9,19.1,1006.057781919851,1.8,35.6,12.179610359243735,,,2284.0,79288759.0,34716.0,,136.0,5.8,3173.0,0,,0,0.0,0
51530,2021,,,42156.0,21.4,19.5,1032.7741534638087,1.3,35.9,12.13029958147936,,,1935.0,77032291.0,39813.0,,141.0,3.9,2981.0,0,,0,0.0,0
51530,2022,,,48783.0,21.9,21.5,1031.2208760484623,1.3,35.3,13.40972176536102,,,2200.0,92063979.0,41846.0,,149.0,2.8,3220.0,0,,0,0.0,0
51540,2010,,,42240.0,,46.7,4125.622254758419,4.5,27.7,,,,34673.0,1476716186.0,42590.0,36.0,2218.0,6.2,23229.0,0,,0,0.0,0
51540,2011,,,43980.0,,48.5,4173.548072230356,5.7,27.6,,,,34508.0,1533570614.0,44441.0,42.0,2275.0,5.6,23212.0,0,,0,0.0,0
51540,2012,,,44535.0,27.3,48.1,4218.936066373842,6.4,28.1,11.044668644654392,,,35477.0,1579143349.0,44512.0,39.0,2308.0,5.0,23400.0,0,,0,0.0,0
51540,2013,,,44601.0,27.5,49.9,4261.883845778429,5.7,28.5,10.72088033141516,,,35966.0,1676842949.0,46624.0,46.0,2308.0,4.6,23410.0,0,,0,0.0,0
51540,2014,,,47218.0,27.5,49.3,4344.07027818448,5.0,29.1,10.845198937440564,,,37352.0,1822641156.0,48797.0,40.0,2299.0,4.2,24308.0,0,,0,0.0,0
51540,2015,,,49775.0,25.8,49.8,4400.585651537335,4.3,29.8,11.055026234667997,,,39237.0,2014956463.0,51353.0,39.0,2453.0,3.6,24746.0,0,,0,0.0,0
51540,2016,,,50727.0,25.9,50.0,4444.899951195705,3.9,30.3,11.185673295112666,,,39564.0,2034241743.0,51416.0,56.0,2512.0,3.3,24916.0,0,,0,0.0,0
51540,2017,,,54739.0,24.5,51.4,4537.530502684236,3.6,30.9,11.524501496229677,,,39470.0,2147090115.0,54397.0,55.0,2483.0,3.1,26018.0,0,,0,0.0,0
51540,2018,,,58933.0,24.6,52.6,4591.70326988775,4.1,31.3,11.66164086138545,,,40556.0,2287819285.0,56411.0,93.0,2550.0,2.6,26070.0,0,,0,0.0,0
51540,2019,,,59471.0,24.1,54.9,4596.974133723768,4.2,31.6,12.056458043354928,,,41324.0,2271655413.0,54971.0,105.0,2507.0,2.3,26267.0,0,,0,0.0,0
51540,2020,,,59598.0,23.1,55.7,4608.78477306003,4.0,32.3,12.179610359243735,,,36537.0,2264933240.0,61990.0,175.0,2469.0,6.7,25071.0,0,,0,0.0,0
51540,2021,,,63470.0,23.1,58.0,4548.267447535383,4.3,32.5,12.13029958147936,,,37624.0,2523918173.0,67083.0,154.0,2511.0,3.6,24943.0,0,,0,0.0,0
51540,2022,,,67177.0,23.6,58.9,4518.204001952172,5.1,32.4,13.40972176536102,,,41653.0,2763642546.0,66350.0,122.0,2692.0,2.5,25706.0,0,,0,0.0,0
51550,2010,42228.0,9948801.0,67855.0,,27.9,647.8478738742997,4.9,36.5,,,,94844.0,3542660696.0,37352.0,628.0,5654.0,7.4,113482.0,0,,0,0.0,0
51550,2011,43468.0,9804748.0,70115.0,,28.1,652.4836315503344,6.0,36.7,,,,94677.0,3601722237.0,38042.0,39.0,5618.0,6.9,114467.0,0,,0,0.0,0
51550,2012,44030.0,9470879.0,70244.0,8.3,28.4,659.5628383009904,6.6,36.7,11.044668644654392,,,95303.0,3704290165.0,38869.0,,5704.0,6.3,115007.0,0,,0,0.0,0
51550,2013,43659.0,9645439.0,69743.0,8.5,29.3,666.5474980499681,7.5,36.6,10.72088033141516,,,95580.0,3736110745.0,39089.0,,5646.0,5.8,116363.0,0,,0,0.0,0
51550,2014,44773.0,9617838.0,70176.0,9.1,29.4,674.1437587160517,7.6,36.6,10.845198937440564,,,95718.0,3792520607.0,39622.0,,5643.0,5.2,117670.0,0,,0,0.0,0
51550,2015,46267.0,9830198.0,68620.0,9.7,29.6,681.332285437398,7.5,36.5,11.055026234667997,,,97422.0,3969968171.0,40750.0,61.0,5879.0,4.5,116777.0,0,,0,0.0,0
51550,2016,47357.0,9907092.0,69978.0,9.5,30.4,688.9935471671354,6.3,36.7,11.185673295112666,,,98448.0,4051187547.0,41151.0,61.0,6018.0,4.2,118086.0,0,,0,0.0,0
51550,2017,48149.0,10081767.0,72214.0,9.6,31.5,695.5409270333514,5.8,36.6,11.524501496229677,,,99486.0,4249431953.0,42714.0,69.0,6049.0,3.7,122020.0,0,,0,0.0,0
51550,2018,48247.0,10335901.0,75790.0,9.0,32.5,702.6614980972415,5.1,36.7,11.66164086138545,,,101245.0,4433253424.0,43787.0,61.0,6190.0,3.0,122800.0,0,,0,0.0,0
51550,2019,49447.0,10504093.0,78640.0,8.6,33.2,709.0493298981256,4.7,36.9,12.056458043354928,,,102535.0,4628247220.0,45138.0,266.0,6216.0,2.8,124798.0,0,,0,0.0,0
51550,2020,53239.0,10699899.0,81261.0,7.5,34.6,716.923322381639,5.2,37.0,12.179610359243735,,,99334.0,4823027682.0,48553.0,632.0,6276.0,6.3,121987.0,0,,0,0.0,0
51550,2021,57484.0,11101457.0,85563.0,8.0,35.5,730.2928593376982,5.1,37.1,12.13029958147936,,,100419.0,5145584049.0,51241.0,574.0,6469.0,3.8,121486.0,0,,0,0.0,0
51550,2022,58710.0,11185105.0,92703.0,7.6,35.8,736.8077386720873,5.0,37.4,13.40972176536102,,,103011.0,5533260797.0,53715.0,536.0,6950.0,2.8,124115.0,0,,0,0.0,0
51570,2010,,,50571.0,,20.0,2323.713259741987,6.4,42.1,,,,10021.0,267395003.0,26683.0,,719.0,8.5,8548.0,0,,0,0.0,0
51570,2011,,,51396.0,,21.2,2319.3243782417876,7.6,42.3,,,,10647.0,295887250.0,27790.0,,722.0,7.5,8547.0,0,,0,0.0,0
51570,2012,,,51612.0,7.3,19.2,2317.595424923527,7.5,41.6,11.044668644654392,,,11018.0,318246480.0,28885.0,,719.0,6.8,8602.0,0,,0,0.0,0
51570,2013,,,50835.0,9.3,20.5,2324.9102274238594,8.3,41.1,10.72088033141516,,,10402.0,296008760.0,28458.0,,711.0,6.3,8662.0,0,,0,0.0,0
51570,2014,,,52529.0,10.6,19.6,2333.0230083787737,7.2,40.3,10.845198937440564,,,10673.0,302589157.0,28351.0,,719.0,5.7,8732.0,0,,0,0.0,0
51570,2015,,,50304.0,11.4,21.7,2329.432105333156,8.3,40.0,11.055026234667997,,,10998.0,325736230.0,29618.0,,732.0,4.7,8700.0,0,,0,0.0,0
51570,2016,,,49639.0,12.9,21.9,2334.618965287937,8.4,40.6,11.185673295112666,,,10905.0,335575243.0,30773.0,,748.0,4.4,8723.0,0,,0,0.0,0
51570,2017,,,50952.0,13.2,23.6,2338.3428647426517,10.2,40.1,11.524501496229677,,,10689.0,340869497.0,31891.0,,747.0,4.0,8831.0,0,,0,0.0,0
51570,2018,,,53716.0,13.5,23.2,2339.8058252427186,9.1,40.3,11.66164086138545,,,10733.0,339190361.0,31603.0,,744.0,3.4,8773.0,0,,0,0.0,0
51570,2019,,,54550.0,12.1,25.5,2317.8614177417207,8.1,40.6,12.056458043354928,,,10558.0,344665337.0,32646.0,,745.0,3.2,8601.0,0,,0,0.0,0
51570,2020,,,60522.0,9.9,26.6,2298.5769384226624,6.1,40.3,12.179610359243735,,,9545.0,339086311.0,35524.0,,731.0,7.4,8316.0,0,,0,0.0,0
51570,2021,,,65570.0,9.0,25.9,2410.825907700492,6.5,39.0,12.13029958147936,,,9906.0,370484481.0,37400.0,,746.0,4.7,8285.0,0,,0,0.0,0
51570,2022,,,72216.0,10.2,28.1,2414.9487963824977,6.1,38.4,13.40972176536102,,,9615.0,377081552.0,39218.0,16.0,795.0,3.1,8532.0,0,,0,0.0,0
51580,2010,,,35277.0,,10.4,1095.0813677089047,4.5,43.5,,,,3716.0,161803151.0,43542.0,,267.0,10.8,2694.0,0,,0,0.0,0
51580,2011,,,36242.0,,10.7,1093.8014262205156,4.9,43.8,,,,3765.0,170149121.0,45197.0,,267.0,9.4,2658.0,0,,0,0.0,0
51580,2012,,,36067.0,21.3,8.5,1079.3563722801243,5.2,43.8,11.044668644654392,,,3819.0,173295146.0,45372.0,,268.0,8.8,2639.0,0,,0,0.0,0
51580,2013,,,34319.0,21.3,8.3,1075.1508502468455,5.8,44.3,10.72088033141516,,,3836.0,176124893.0,45917.0,,254.0,8.2,2560.0,0,,0,0.0,0
51580,2014,,,38176.0,21.9,9.0,1070.213933077345,5.1,44.1,10.845198937440564,,,3908.0,179911307.0,46041.0,,250.0,7.9,2495.0,0,,0,0.0,0
51580,2015,,,34746.0,25.5,9.3,1048.8206253428414,7.3,43.7,11.055026234667997,,,4056.0,197828742.0,48777.0,,257.0,5.9,2427.0,0,,0,0.0,0
51580,2016,,,34703.0,21.4,11.3,1033.095629914061,5.2,43.0,11.185673295112666,,,4063.0,199135628.0,49011.0,,263.0,5.8,2385.0,0,,0,0.0,0
51580,2017,,,35546.0,19.9,14.6,1037.6668495154506,5.6,44.2,11.524501496229677,,,4076.0,202370589.0,49645.0,,267.0,6.0,2469.0,0,,0,0.0,0
51580,2018,,,39432.0,15.2,15.3,1020.6619125982812,4.9,42.8,11.66164086138545,,,3992.0,213870294.0,53579.0,,277.0,4.7,2410.0,0,,0,0.0,0
51580,2019,,,40655.0,13.2,15.6,1023.5874931431704,3.1,42.4,12.056458043354928,,,3975.0,209719507.0,52755.0,,275.0,4.1,2418.0,0,,0,0.0,0
51580,2020,,,41024.0,11.6,15.1,1033.6441762662278,2.7,42.1,12.179610359243735,,,3712.0,198362831.0,53436.0,,269.0,9.9,2396.0,0,,0,0.0,0
51580,2021,,,41242.0,15.8,13.8,1045.1636496617298,3.4,42.2,12.13029958147936,,,3707.0,201131220.0,54262.0,,275.0,5.7,2287.0,0,,0,0.0,0
51580,2022,,,45737.0,16.9,11.4,1046.2607423660631,2.6,41.9,13.40972176536102,,,3673.0,214172146.0,58306.0,,286.0,4.0,2285.0,0,,0,0.0,0
51590,2010,,,29936.0,,16.2,1023.1324625557868,12.8,42.8,,,,25876.0,850048886.0,32851.0,,1443.0,13.8,20163.0,0,,0,0.0,0
51590,2011,,,31011.0,,16.9,1014.8608547328084,13.8,42.9,,,,26562.0,871348619.0,32804.0,,1444.0,11.6,20246.0,0,,0,0.0,0
51590,2012,,,30505.0,26.1,16.4,1009.0660560319648,15.5,42.7,,,,26418.0,878961602.0,33271.0,,1508.0,10.1,19924.0,0,,0,0.0,0
51590,2013,,,30786.0,27.4,17.2,1004.6498586349512,15.6,42.4,,,,26295.0,872010183.0,33163.0,,1542.0,9.6,19789.0,0,,0,0.0,0
51590,2014,,,32173.0,26.1,17.2,997.8269504871836,14.7,42.1,,,,26324.0,879816523.0,33422.0,,1555.0,8.5,19649.0,0,,0,0.0,0
51590,2015,,,32315.0,23.7,17.9,991.891955043578,12.7,41.8,12.768425326409812,,,26268.0,908131401.0,34571.0,,1642.0,7.1,19184.0,0,,0,0.0,0
51590,2016,,,33721.0,22.5,18.2,989.7890039021428,11.8,41.5,12.90564148335202,,,26956.0,948866563.0,35200.0,,1729.0,6.0,19125.0,0,,0,0.0,0
51590,2017,,,34951.0,21.5,18.9,979.2976143187608,10.1,40.6,13.66710940294393,,,26760.0,949858845.0,35496.0,,1765.0,5.6,20117.0,0,,0,0.0,0
51590,2018,,,36301.0,21.9,18.4,969.9745309250648,9.2,41.1,14.60242468390655,,,26267.0,981543096.0,37369.0,,1832.0,5.1,19654.0,0,,0,0.0,0
51590,2019,,,37203.0,22.4,17.6,959.6467042082388,8.5,40.9,14.09106195554302,,,25314.0,969666419.0,38306.0,,1830.0,4.9,19201.0,0,,0,0.0,0
51590,2020,,,37147.0,23.0,18.4,950.253522443162,7.1,40.9,14.57683530510941,,,23887.0,960142949.0,40196.0,,1815.0,10.0,19110.0,0,,0,0.0,0
51590,2021,,,38904.0,23.1,18.1,994.3687641657126,6.0,40.9,13.996739059544772,,,23784.0,1013743764.0,42623.0,,1868.0,6.3,18558.0,0,,0,0.0,0
51590,2022,,,41484.0,25.3,18.7,993.22382409982,5.8,41.0,15.355748158100502,,,23962.0,1090012185.0,45490.0,,2011.0,4.5,18699.0,0,,0,0.0,0
51595,2010,,,32788.0,,15.4,843.279258400927,11.9,39.5,10.220767619434053,,,3816.0,101727018.0,26662.0,,263.0,12.7,2576.0,0,,0,0.0,0
51595,2011,,,30481.0,,16.0,847.3348783314021,14.1,39.5,10.642320779623974,,,3821.0,102152260.0,26737.0,,254.0,10.8,2553.0,0,,0,0.0,0
51595,2012,,,29093.0,33.0,13.3,843.7137891077637,18.9,39.2,11.044668644654392,,,3706.0,98884987.0,26681.0,,250.0,10.3,2464.0,0,,0,0.0,0
51595,2013,,,32155.0,29.0,16.0,836.1819235225956,18.6,42.6,10.72088033141516,,,3425.0,93986556.0,27438.0,,244.0,9.6,2380.0,0,,0,0.0,0
51595,2014,,,30240.0,34.6,15.0,823.0011587485516,17.2,43.2,10.845198937440564,,,3432.0,95167658.0,27733.0,,244.0,8.0,2319.0,0,,0,0.0,0
51595,2015,,,28601.0,34.9,18.1,821.5527230590961,19.1,43.4,11.055026234667997,,,3282.0,95664612.0,29149.0,,255.0,6.8,2252.0,0,,0,0.0,0
51595,2016,,,27169.0,33.0,15.3,806.0544611819236,18.8,39.5,11.185673295112666,,,3274.0,99092521.0,30268.0,,266.0,6.3,2246.0,0,,0,0.0,0
51595,2017,,,27426.0,30.9,15.3,795.9154113557358,20.4,35.9,11.524501496229677,,,3422.0,110579979.0,32318.0,,260.0,5.2,2384.0,0,,0,0.0,0
51595,2018,,,30857.0,29.0,13.4,779.4032444959444,23.3,38.4,11.66164086138545,,,3417.0,103358834.0,30251.0,,270.0,4.8,2343.0,0,,0,0.0,0
51595,2019,,,27063.0,27.0,13.8,788.2387022016222,23.4,35.4,12.056458043354928,,,3305.0,103148963.0,31211.0,,279.0,4.9,2314.0,0,,0,0.0,0
51595,2020,,,30058.0,21.8,11.7,783.3140208574739,16.7,34.8,12.179610359243735,,,3037.0,103862853.0,34203.0,,287.0,11.4,2333.0,0,,0,0.0,0
51595,2021,,,36111.0,21.5,12.3,834.4438006952491,15.9,39.2,12.13029958147936,,,3299.0,113317919.0,34353.0,,287.0,7.6,2346.0,0,,0,0.0,0
51595,2022,,,41442.0,17.3,16.5,822.7114716106605,7.0,39.9,13.40972176536102,,,3382.0,125302885.0,37053.0,,299.0,4.6,2323.0,0,,0,0.0,0
51600,2010,,,97900.0,,53.2,3534.9358974358975,4.7,39.6,10.31155165421341,,,19877.0,1139225280.0,57313.0,85.0,1641.0,5.6,12674.0,0,,0,0.0,0
51600,2011,,,99300.0,,52.7,3570.0320512820513,4.4,38.5,10.717301788337512,,,19509.0,1108704547.0,56831.0,63.0,1656.0,4.9,12692.0,0,,0,0.0,0
51600,2012,,,98563.0,6.0,53.2,3639.74358974359,5.4,38.5,11.063735811514928,,,19731.0,1117849855.0,56656.0,63.0,1644.0,4.2,12918.0,0,,0,0.0,0
51600,2013,,,97242.0,7.2,51.9,3690.224358974359,5.7,39.4,10.741921506522106,,,19490.0,1033533805.0,53030.0,39.0,1619.0,4.1,13118.0,0,,0,0.0,0
51600,2014,,,100584.0,8.8,53.5,3767.147435897435,5.5,39.0,10.879677211181876,,,19664.0,1054128601.0,53606.0,23.0,1620.0,4.0,13292.0,0,,0,0.0,0
51600,2015,,,105297.0,7.0,54.9,3750.3205128205127,5.4,39.3,11.108462964152643,,,19567.0,1050249763.0,53675.0,45.0,1725.0,3.5,12853.0,0,,0,0.0,0
51600,2016,,,104065.0,6.2,54.7,3785.25641025641,5.5,39.6,11.194289212639829,,,19227.0,1045032006.0,54351.0,45.0,1756.0,3.0,12993.0,0,,0,0.0,0
51600,2017,,,106870.0,7.8,56.9,3778.846153846154,4.1,39.0,11.537408688932771,,,19200.0,1040390278.0,54188.0,38.0,1721.0,2.8,13082.0,0,,0,0.0,0
51600,2018,,,111574.0,8.7,58.7,3824.5192307692305,4.0,38.1,11.672658508245124,,,19714.0,1098251804.0,55708.0,37.0,1710.0,2.3,13327.0,0,,0,0.0,0
51600,2019,,,116979.0,9.3,60.8,3770.99358974359,4.1,38.2,12.07272225017353,,,19665.0,1130637590.0,57494.0,41.0,1690.0,2.1,13238.0,0,,0,0.0,0
51600,2020,,,109708.0,9.8,60.3,3735.897435897435,4.0,38.0,12.157088596472413,,,18024.0,1135225149.0,62983.0,,1685.0,6.0,12587.0,0,,0,0.0,0
51600,2021,,,118492.0,10.1,61.4,3842.948717948718,3.6,37.7,12.127838003928897,,,18862.0,1220483620.0,64707.0,,1740.0,3.4,12548.0,0,,0,0.0,0
51600,2022,,,128708.0,10.0,60.1,3884.9358974358975,3.7,37.5,13.405327511835988,,,21750.0,1470039084.0,67588.0,11.0,1897.0,2.4,12903.0,0,,0,0.0,0
51610,2010,,,114409.0,,71.0,5603.616813294233,6.1,40.4,10.220767619434053,,,12395.0,789394327.0,63687.0,24.0,973.0,5.0,7388.0,0,,0,0.0,0
51610,2011,,,120332.0,,72.0,5786.901270772239,6.3,38.8,10.642320779623974,,,11713.0,738358955.0,63040.0,56.0,992.0,4.2,7506.0,0,,0,0.0,0
51610,2012,,,122844.0,4.1,72.8,6011.730205278593,5.7,36.9,11.044668644654392,,,11200.0,686994144.0,61340.0,13.0,996.0,3.9,7719.0,0,,0,0.0,0
51610,2013,,,120000.0,4.0,74.4,6222.385141739981,4.9,37.0,10.72088033141516,,,10125.0,614615983.0,60706.0,13.0,973.0,3.8,7846.0,0,,0,0.0,0
51610,2014,,,120500.0,4.6,75.1,6390.029325513197,5.0,36.7,10.845198937440564,,,11032.0,695874350.0,63077.0,15.0,995.0,3.5,7818.0,0,,0,0.0,0
51610,2015,,,120522.0,2.7,78.8,6504.398826979473,4.2,37.7,11.055026234667997,,,11545.0,724965930.0,62796.0,16.0,1039.0,3.0,7878.0,0,,0,0.0,0
51610,2016,,,115244.0,2.7,80.2,6645.650048875856,5.3,38.9,11.185673295112666,,,11701.0,770641985.0,65860.0,16.0,1038.0,2.7,7993.0,0,,0,0.0,0
51610,2017,,,114795.0,2.9,78.1,6765.884652981428,4.2,39.7,11.524501496229677,,,12102.0,844218315.0,69758.0,8.0,1041.0,2.6,8408.0,0,,0,0.0,0
51610,2018,,,124796.0,2.7,78.5,6875.366568914957,3.9,38.8,11.66164086138545,,,12447.0,869627439.0,69868.0,15.0,1047.0,2.2,8516.0,0,,0,0.0,0
51610,2019,,,127610.0,3.2,77.6,6905.180840664712,3.9,38.7,12.056458043354928,,,12249.0,879900727.0,71835.0,17.0,1014.0,2.1,8570.0,0,,0,0.0,0
51610,2020,,,146922.0,2.0,79.1,6993.646138807429,4.4,39.2,12.179610359243735,,,10899.0,846908717.0,77705.0,22.0,999.0,3.9,8187.0,0,,0,0.0,0
51610,2021,,,155071.0,2.5,78.7,7084.066471163246,5.1,39.3,12.13029958147936,,,11443.0,904346586.0,79030.0,38.0,1036.0,2.6,8277.0,0,,0,0.0,0
51610,2022,,,164536.0,2.3,78.9,7124.14467253177,6.0,38.8,13.40972176536102,,,11553.0,885180116.0,76621.0,81.0,1099.0,2.1,8555.0,0,,0,0.0,0
51620,2010,,,33174.0,,19.0,1032.8621481213002,12.4,39.7,10.347546147246833,,,4033.0,115917542.0,28743.0,,311.0,12.9,3719.0,0,,0,0.0,0
51620,2011,,,33956.0,,20.1,1035.399299263018,13.8,40.1,10.41325722348236,,,4097.0,120975243.0,29525.0,,303.0,11.4,3668.0,0,,0,0.0,0
51620,2012,,,33447.0,23.2,20.8,1030.6874471426847,13.7,40.1,10.985701046275008,,,4353.0,133307483.0,30622.0,,314.0,9.8,3721.0,0,,0,0.0,0
51620,2013,,,31928.0,23.0,20.6,1031.653980910958,12.3,39.9,10.7625979346605,,,4385.0,135169183.0,30828.0,,327.0,9.1,3693.0,0,,0,0.0,0
51620,2014,,,33133.0,25.8,19.8,1031.0498973057872,14.0,37.4,10.92423404181092,,,4291.0,133916200.0,31207.0,,332.0,7.7,3625.0,0,,0,0.0,0
51620,2015,,,32399.0,21.2,26.2,1021.7470097861544,13.7,38.0,11.085702165238928,,,4519.0,140677021.0,31129.0,,348.0,6.6,3622.0,0,,0,0.0,0
51620,2016,,,38333.0,16.7,22.4,1016.43107406065,14.6,38.7,11.214224563448992,,,4412.0,132404561.0,30010.0,,354.0,6.0,3540.0,0,,0,0.0,0
51620,2017,,,38760.0,16.6,25.3,1006.886553098949,14.8,38.7,11.511402750529482,,,4245.0,128678816.0,30315.0,,344.0,5.2,3604.0,0,,0,0.0,0
51620,2018,,,40375.0,16.2,21.1,992.0260964117434,15.0,38.9,11.582044017525693,,,4356.0,132692819.0,30463.0,,353.0,4.4,3604.0,0,,0,0.0,0
51620,2019,,,40417.0,14.7,19.1,984.2938262655553,13.6,39.4,11.876182340567242,,,4277.0,131905435.0,30839.0,,341.0,3.9,3602.0,0,,0,0.0,0
51620,2020,,,49811.0,17.5,19.0,968.346019089042,9.9,40.3,11.951627745559977,,,4200.0,136778247.0,32570.0,,348.0,8.6,3620.0,0,,0,0.0,0
51620,2021,,,49424.0,19.8,21.0,996.6171318110428,8.5,39.0,11.966648477436427,,,3966.0,134837000.0,34000.0,,338.0,6.6,3508.0,0,,0,0.0,0
51620,2022,,,57537.0,18.7,23.2,989.9722121541622,5.3,38.8,13.3464479880855,,,3910.0,140715321.0,35989.0,,352.0,3.9,3476.0,0,,0,0.0,0
51630,2010,,,43558.0,,31.9,2236.842105263158,10.3,28.7,,,,25137.0,972090255.0,38671.0,69.0,1678.0,9.2,12446.0,0,,0,0.0,0
51630,2011,,,44498.0,,31.6,2298.086124401914,9.7,29.3,,,,25002.0,970516404.0,38818.0,70.0,1670.0,8.0,13052.0,0,,0,0.0,0
51630,2012,,,45951.0,17.2,33.3,2385.8373205741627,10.5,28.8,11.044668644654392,,,25024.0,997613209.0,39866.0,,1652.0,6.9,13577.0,0,,0,0.0,0
51630,2013,,,47040.0,18.6,35.1,2481.4354066985647,11.0,28.8,10.72088033141516,,,24398.0,970016568.0,39759.0,,1624.0,6.3,13763.0,0,,0,0.0,0
51630,2014,,,49454.0,19.2,37.7,2548.5167464114834,10.4,28.7,10.845198937440564,,,23701.0,964327151.0,40687.0,,1611.0,6.0,13716.0,0,,0,0.0,0
51630,2015,,,51762.0,16.5,37.3,2621.531100478469,8.9,29.4,11.055026234667997,,,23520.0,988679282.0,42035.0,,1664.0,5.3,13419.0,0,,0,0.0,0
51630,2016,,,53980.0,16.6,42.3,2665.3588516746413,7.4,29.5,11.185673295112666,,,23947.0,1011589839.0,42243.0,,1691.0,4.7,13575.0,0,,0,0.0,0
51630,2017,,,57258.0,16.3,42.9,2692.3444976076557,5.6,29.9,11.524501496229677,,,24901.0,1085467373.0,43592.0,,1687.0,4.3,13722.0,0,,0,0.0,0
51630,2018,,,63274.0,14.1,42.1,2724.306220095694,5.4,30.3,11.66164086138545,,,25008.0,1152320516.0,46077.0,,1681.0,3.5,14020.0,0,,0,0.0,0
51630,2019,,,65641.0,15.5,40.9,2738.947368421053,4.8,30.4,12.056458043354928,,,24717.0,1204898102.0,48747.0,,1680.0,3.3,14196.0,0,,0,0.0,0
51630,2020,,,69528.0,13.9,42.4,2780.7655502392345,5.8,30.7,12.179610359243735,,,22608.0,1180176164.0,52201.0,,1658.0,7.4,14065.0,0,,0,0.0,0
51630,2021,,,72293.0,14.3,42.7,2682.009569377991,5.0,30.7,12.13029958147936,,,22797.0,1242413443.0,54499.0,67.0,1689.0,4.6,13982.0,0,,0,0.0,0
51630,2022,,,83445.0,18.0,43.5,2704.1148325358854,5.2,30.9,13.40972176536102,,,23583.0,1321288315.0,56028.0,105.0,1824.0,3.2,14352.0,0,,0,0.0,0
51640,2010,,,22333.0,,12.7,842.1563865954346,8.5,45.9,,,,6254.0,176551681.0,28232.0,,388.0,11.2,3179.0,0,,0,0.0,0
51640,2011,,,24711.0,,13.0,844.9490043710539,3.8,45.0,,,,6225.0,177277390.0,28479.0,,375.0,10.3,3099.0,0,,0,0.0,0
51640,2012,,,24059.0,28.3,15.0,842.8848955803787,7.0,44.7,,,,6043.0,173132664.0,28651.0,,377.0,8.7,3051.0,0,,0,0.0,0
51640,2013,,,30325.0,25.3,14.5,847.1345313258863,7.4,43.1,,,,6073.0,170870677.0,28135.0,,360.0,8.4,3018.0,0,,0,0.0,0
51640,2014,,,30430.0,25.8,12.4,847.6202039825157,8.2,43.4,,,,6029.0,177301846.0,29409.0,,360.0,7.2,3003.0,0,,0,0.0,0
51640,2015,,,30604.0,26.8,11.6,834.8712967459932,6.4,45.6,11.232867607133509,,,6292.0,185738283.0,29521.0,,389.0,5.4,2957.0,0,,0,0.0,0
51640,2016,,,31110.0,25.0,9.6,832.6857697911607,6.6,45.1,11.353329131743251,,,6283.0,184613608.0,29383.0,,403.0,4.9,2905.0,0,,0,0.0,0
51640,2017,,,31311.0,21.2,10.3,824.1864983001457,5.5,46.6,11.440578146643997,,,6015.0,183764097.0,30551.0,,403.0,4.1,3034.0,0,,0,0.0,0
51640,2018,,,31938.0,25.5,12.4,805.9737736765419,6.4,45.1,11.18195564905387,,,5861.0,186220350.0,31773.0,,417.0,3.5,2942.0,0,,0,0.0,0
51640,2019,,,33575.0,23.8,14.8,791.2821758135017,7.3,45.0,10.972725394088512,,,5816.0,184954041.0,31800.0,,407.0,3.2,2929.0,0,,0,0.0,0
51640,2020,,,35184.0,24.1,17.1,777.3190869354055,8.3,42.3,10.814283664139614,,,5362.0,181173522.0,33786.0,,408.0,8.0,2862.0,0,,0,0.0,0
51640,2021,,,39808.0,21.9,17.9,811.1947547353084,5.1,42.1,11.145614291553938,,,5438.0,193143179.0,35516.0,,412.0,4.1,2812.0,0,,0,0.0,0
51640,2022,,,44612.0,22.4,17.5,811.9232637202525,4.4,42.6,13.02587405093559,,,5634.0,216735302.0,38467.0,11.0,429.0,3.0,2844.0,0,,0,0.0,0
51650,2010,35747.0,7069650.0,49815.0,,21.8,2701.9684809856008,7.9,35.4,10.220767619434053,,,56082.0,2403586191.0,42858.0,14.0,2654.0,9.2,66782.0,0,,0,0.0,0
51650,2011,36703.0,6896431.0,51083.0,,22.5,2684.518373136939,8.3,35.5,10.642320779623974,,,54534.0,2379303851.0,43629.0,12.0,2633.0,8.9,66340.0,0,,0,0.0,0
51650,2012,36893.0,6700282.0,51584.0,14.7,22.6,2671.3627795806533,9.7,35.5,11.044668644654392,,,54960.0,2369077363.0,43106.0,14.0,2674.0,8.1,65857.0,0,,0,0.0,0
51650,2013,36816.0,6672107.0,50705.0,14.9,22.5,2661.374633217388,10.7,35.5,10.72088033141516,,,54948.0,2370963234.0,43150.0,45.0,2659.0,7.3,65830.0,0,,0,0.0,0
51650,2014,37645.0,6631104.0,49879.0,15.5,23.3,2660.3447270748725,10.5,35.5,10.845198937440564,,,53954.0,2447771146.0,45368.0,40.0,2678.0,6.6,65793.0,0,,0,0.0,0
51650,2015,38942.0,6520689.0,49190.0,15.3,23.2,2663.7842249470473,9.8,35.4,11.055026234667997,,,53838.0,2419072772.0,44932.0,41.0,2767.0,5.9,64501.0,0,,0,0.0,0
51650,2016,39348.0,6582887.0,49890.0,15.6,24.0,2658.1100250675267,8.9,35.6,11.185673295112666,,,53937.0,2438781023.0,45215.0,46.0,2837.0,5.6,64029.0,0,,0,0.0,0
51650,2017,40234.0,6665700.0,52021.0,14.9,25.6,2647.7332348768973,7.8,35.8,11.524501496229677,,,54447.0,2590159350.0,47572.0,36.0,2822.0,5.0,65043.0,0,,0,0.0,0
51650,2018,40548.0,6580513.0,54550.0,15.8,26.8,2634.6748022774527,7.2,36.1,11.66164086138545,,,54195.0,2545404184.0,46967.0,83.0,2860.0,4.1,64521.0,0,,0,0.0,0
51650,2019,41586.0,6649572.0,56287.0,15.2,26.9,2624.1425545558773,6.1,36.2,12.056458043354928,,,53534.0,2642922208.0,49369.0,31.0,2862.0,3.7,64982.0,0,,0,0.0,0
51650,2020,45493.0,6627258.0,57041.0,15.3,26.7,2626.6298750510095,6.1,36.3,12.179610359243735,,,49695.0,2617333941.0,52668.0,27.0,2871.0,8.8,64507.0,0,,0,0.0,0
51650,2021,48796.0,6715254.0,59380.0,14.4,27.3,2657.31330522143,6.0,36.3,12.13029958147936,,,49882.0,2784628595.0,55825.0,24.0,3012.0,5.5,63680.0,0,,0,0.0,0
51650,2022,48962.0,6679422.0,64430.0,13.5,27.7,2666.4270029731256,6.5,36.5,13.40972176536102,,,49284.0,2788430969.0,56578.0,86.0,3229.0,3.7,64499.0,0,,0,0.0,0
51660,2010,,,37235.0,,33.3,2734.067708633716,6.7,22.5,,,,30363.0,1061652725.0,34965.0,,1568.0,8.5,23202.0,0,,0,0.0,0
51660,2011,,,37850.0,,35.1,2781.5906338312475,6.5,22.6,10.642320779623974,,,31365.0,1090673487.0,34773.0,,1565.0,7.8,23747.0,0,,0,0.0,0
51660,2012,,,36853.0,35.0,35.6,2828.4791510467735,6.8,22.7,11.044668644654392,,,31443.0,1123163823.0,35721.0,,1586.0,7.2,24084.0,0,,0,0.0,0
51660,2013,,,38048.0,33.5,35.1,2879.404809965973,7.6,22.9,10.72088033141516,,,29921.0,1036927316.0,34655.0,,1557.0,6.6,24033.0,0,,0,0.0,0
51660,2014,,,38807.0,32.5,35.6,2931.0225503200877,6.8,23.0,10.845198937440564,,,30204.0,1050620719.0,34785.0,,1531.0,6.0,24296.0,0,,0,0.0,0
51660,2015,,,38750.0,32.5,35.8,2963.7233981198456,6.5,23.5,11.055026234667997,,,30608.0,1105007220.0,36102.0,,1604.0,5.2,23977.0,0,,0,0.0,0
51660,2016,,,40494.0,33.1,36.2,2997.8084087894345,5.9,24.0,11.185673295112666,,,31363.0,1112149335.0,35460.0,,1650.0,4.7,24259.0,0,,0,0.0,0
51660,2017,,,43009.0,29.0,34.9,3060.384105196378,5.3,24.8,11.524501496229677,,,31560.0,1167934598.0,37007.0,,1673.0,4.4,25005.0,0,,0,0.0,0
51660,2018,,,43893.0,28.2,36.0,3079.243324297826,4.5,25.1,11.66164086138545,,,31373.0,1214888744.0,38724.0,,1695.0,3.5,24655.0,0,,0,0.0,0
51660,2019,,,46679.0,28.3,36.3,3072.4378568544903,4.9,25.4,12.056458043354928,,,31668.0,1266205402.0,39984.0,,1698.0,3.2,24813.0,0,,0,0.0,0
51660,2020,,,49117.0,25.5,35.2,3088.8747909337335,4.7,25.8,12.179610359243735,,,28864.0,1317741119.0,45653.0,66.0,1720.0,6.6,24173.0,0,,0,0.0,0
51660,2021,,,51055.0,25.8,34.5,3002.5953053809335,5.3,25.5,12.13029958147936,,,29632.0,1332512011.0,44968.0,,1749.0,4.1,24263.0,0,,0,0.0,0
51660,2022,,,56050.0,27.2,35.2,2986.5620854720573,6.7,25.4,13.40972176536102,,,31491.0,1470667097.0,46701.0,,1835.0,3.3,24906.0,0,,0,0.0,0
51670,2010,,,37789.0,,10.9,2173.652694610779,14.6,36.1,,,,7905.0,370642622.0,46889.0,,504.0,11.8,9884.0,0,,0,0.0,0
51670,2011,,,36477.0,,10.6,2179.061232373962,17.5,35.8,,,,7820.0,371468654.0,47503.0,,488.0,11.3,9895.0,0,,0,0.0,0
51670,2012,,,37029.0,19.8,10.1,2173.1697894533513,17.9,35.9,11.044668644654392,,,7865.0,387176081.0,49227.0,,496.0,9.9,9719.0,0,,0,0.0,0
51670,2013,,,37933.0,20.1,10.2,2166.2159551864015,16.5,36.2,10.72088033141516,,,7971.0,389922554.0,48921.0,,499.0,9.5,9650.0,0,,0,0.0,0
51670,2014,,,39156.0,17.7,10.9,2161.000579486189,13.7,36.6,10.845198937440564,,,8025.0,401020014.0,49970.0,,487.0,8.8,9682.0,0,,0,0.0,0
51670,2015,,,39064.0,19.0,12.3,2151.7288004635893,12.8,36.9,11.055026234667997,,,7870.0,408219058.0,51871.0,,496.0,7.5,9655.0,0,,0,0.0,0
51670,2016,,,40814.0,20.5,14.4,2156.847595132316,10.8,36.5,11.185673295112666,,,7650.0,413392450.0,54039.0,,510.0,6.4,9786.0,0,,0,0.0,0
51670,2017,,,40712.0,21.2,15.1,2158.87579679351,10.0,36.5,11.524501496229677,,,7766.0,413992266.0,53311.0,,511.0,6.1,9833.0,0,,0,0.0,0
51670,2018,,,40497.0,21.0,13.5,2164.187753525208,8.3,36.5,11.66164086138545,,,7940.0,436893838.0,55022.0,,521.0,4.8,9686.0,0,,0,0.0,0
51670,2019,,,39030.0,23.6,14.8,2168.8236430365077,6.9,36.2,12.056458043354928,,,7804.0,424281610.0,54370.0,,528.0,4.3,9675.0,0,,0,0.0,0
51670,2020,,,43262.0,24.7,12.8,2173.073208421866,8.4,36.1,12.179610359243735,,,7484.0,437789131.0,58497.0,,531.0,11.2,9662.0,0,,0,0.0,0
51670,2021,,,44209.0,24.0,11.4,2223.2953447942828,8.6,35.8,12.13029958147936,,,7380.0,443074423.0,60038.0,,537.0,7.2,9474.0,0,,0,0.0,0
51670,2022,,,50661.0,21.3,11.1,2225.8064516129034,8.8,35.7,13.40972176536102,,,7380.0,465053151.0,63019.0,41.0,588.0,4.3,9635.0,0,,0,0.0,0
51678,2010,,,31571.0,,44.4,2797.1188475390154,1.4,22.4,,,,4904.0,176443238.0,35979.0,,368.0,9.5,2304.0,0,,0,0.0,0
51678,2011,,,33670.0,,43.6,2800.3201280512203,1.7,21.6,,,,4896.0,178701965.0,36503.0,,365.0,9.1,2289.0,0,,0,0.0,0
51678,2012,,,36511.0,22.9,46.9,2797.1188475390154,2.9,21.7,11.044668644654392,,,4972.0,184890314.0,37186.0,,370.0,8.6,2279.0,0,,0,0.0,0
51678,2013,,,36505.0,25.2,41.7,2811.5246098439375,3.7,21.6,10.72088033141516,,,4813.0,181251223.0,37656.0,,363.0,8.3,2251.0,0,,0,0.0,0
51678,2014,,,36840.0,19.3,44.8,2846.738695478191,5.1,21.6,10.845198937440564,,,4775.0,184345136.0,38606.0,,350.0,7.6,2280.0,0,,0,0.0,0
51678,2015,,,34017.0,20.2,43.8,2829.53181272509,2.7,21.4,11.055026234667997,,,4791.0,190943790.0,39854.0,,356.0,6.7,2260.0,0,,0,0.0,0
51678,2016,,,34464.0,18.4,44.9,2815.5262104841936,3.9,21.5,11.185673295112666,,,4850.0,197187307.0,40656.0,,352.0,6.0,2267.0,0,,0,0.0,0
51678,2017,,,37309.0,21.4,38.5,2846.3385354141656,4.1,21.6,11.524501496229677,,,4599.0,193976248.0,42176.0,,324.0,6.0,2142.0,0,,0,0.0,0
51678,2018,,,36466.0,21.6,39.5,2845.1380552220885,4.2,21.7,11.66164086138545,,,4447.0,192220479.0,43227.0,,311.0,4.7,2086.0,0,,0,0.0,0
51678,2019,,,42632.0,27.4,46.7,2897.5590236094436,2.6,22.3,12.056458043354928,,,4396.0,198053797.0,45049.0,,296.0,4.7,2099.0,0,,0,0.0,0
51678,2020,,,50714.0,22.1,50.0,2883.1532613045215,3.4,22.2,12.179610359243735,,,4193.0,203458855.0,48522.0,,289.0,7.2,2027.0,0,,0,0.0,0
51678,2021,,,66114.0,22.8,60.5,2915.9663865546217,3.4,22.4,12.13029958147936,,,4484.0,219116891.0,48862.0,,294.0,4.9,2082.0,0,,0,0.0,0
51678,2022,,,93651.0,16.6,60.2,2939.5758303321327,2.5,22.7,13.40972176536102,,,4928.0,239682624.0,48640.0,39.0,316.0,4.0,2213.0,0,,0,0.0,0
51680,2010,,,37058.0,,28.3,1505.3495589676577,9.9,31.6,,,,50141.0,1950446916.0,38900.0,6.0,2448.0,8.7,35899.0,0,,0,0.0,0
51680,2011,,,37733.0,,30.1,1528.2791571381902,10.4,31.0,,,,50552.0,1986417207.0,39294.0,,2426.0,8.0,35703.0,0,,0,0.0,0
51680,2012,,,37774.0,24.3,30.7,1544.7770336491344,10.6,30.3,,,,50776.0,2024154191.0,39864.0,,2469.0,7.3,35536.0,0,,0,0.0,0
51680,2013,,,38138.0,24.7,31.2,1561.3157464880758,11.7,29.5,,,,50745.0,2063954355.0,40673.0,,2471.0,6.9,35740.0,0,,0,0.0,0
51680,2014,,,39391.0,24.6,32.3,1584.9803985625613,9.6,29.0,,,,51172.0,2140963233.0,41839.0,7.0,2476.0,6.3,36112.0,0,,0,0.0,0
51680,2015,,,39589.0,24.8,33.1,1595.842861809866,8.0,28.7,11.232867607133509,,,51380.0,2140945365.0,41669.0,,2573.0,5.5,35763.0,0,,0,0.0,0
51680,2016,,,40728.0,24.3,33.3,1608.032505717086,7.2,28.6,11.353329131743251,,,51272.0,2154482004.0,42021.0,7.0,2635.0,5.1,35557.0,0,,0,0.0,0
51680,2017,,,41971.0,22.3,33.6,1617.874060764456,7.4,28.3,11.440578146643997,,,51809.0,2227476154.0,42994.0,,2676.0,4.9,36372.0,0,,0,0.0,0
51680,2018,,,43374.0,21.8,34.8,1636.1278993792878,6.2,28.2,11.18195564905387,,,52395.0,2317628432.0,44234.0,5.0,2741.0,4.0,36391.0,0,,0,0.0,0
51680,2019,,,46409.0,19.5,35.6,1645.0710552107157,5.8,28.3,10.972725394088512,,,52414.0,2367379772.0,45167.0,3.0,2730.0,3.7,36674.0,0,,0,0.0,0
51680,2020,,,49201.0,17.1,36.0,1653.2587389741914,6.3,28.5,10.814283664139614,,,48666.0,2370564841.0,48711.0,11.0,2692.0,7.5,35578.0,0,,0,0.0,0
51680,2021,,,54015.0,17.6,38.3,1612.483665468801,6.1,28.6,11.145614291553938,,,48686.0,2462873381.0,50587.0,12.0,2731.0,5.0,35105.0,0,,0,0.0,0
51680,2022,,,56243.0,17.5,38.0,1616.4243711205488,5.4,28.4,13.02587405093559,,,49133.0,2660404624.0,54147.0,28.0,2873.0,3.8,35533.0,0,,0,0.0,0
51683,2010,,,75173.0,,28.3,3664.22838565478,6.5,32.1,,,,23743.0,1353973738.0,57027.0,,1521.0,7.2,21004.0,0,,0,0.0,0
51683,2011,,,73091.0,,27.6,3739.8150970232655,7.3,31.9,,,,24218.0,1385137933.0,57196.0,,1483.0,6.1,21377.0,0,,0,0.0,0
51683,2012,,,70634.0,12.7,27.9,3854.820684750584,7.5,32.3,9.24566343175232,,,24247.0,1405404391.0,57962.0,,1495.0,5.5,21898.0,0,,0,0.0,0
51683,2013,,,71036.0,11.7,28.7,3994.412272681094,7.2,32.4,10.711517403164214,,,22966.0,1355080512.0,59004.0,,1465.0,5.3,22246.0,0,,0,0.0,0
51683,2014,,,71215.0,12.3,29.1,4108.097124860306,8.0,32.6,10.83906294583038,,,22992.0,1374482134.0,59781.0,,1476.0,4.9,22193.0,0,,0,0.0,0
51683,2015,,,72890.0,9.7,28.8,4139.286802804023,7.5,33.3,11.048264693936993,,,22771.0,1363853753.0,59895.0,,1566.0,4.1,21681.0,0,,0,0.0,0
51683,2016,,,74371.0,8.7,30.1,4180.534389921771,6.0,33.4,11.176112372279704,,,22621.0,1358097018.0,60037.0,,1589.0,3.6,21626.0,0,,0,0.0,0
51683,2017,,,77551.0,8.8,29.7,4203.901249619019,7.4,33.5,11.515921919542606,,,22358.0,1399847682.0,62611.0,,1570.0,3.3,21844.0,0,,0,0.0,0
51683,2018,,,78462.0,8.6,29.7,4211.82566290765,5.7,33.7,11.654409915759183,,,22303.0,1396700306.0,62624.0,,1593.0,2.7,21861.0,0,,0,0.0,0
51683,2019,,,81493.0,8.0,29.6,4183.074265975821,5.0,34.2,12.046139921465976,,,23204.0,1532660086.0,66053.0,3.0,1562.0,2.5,21908.0,0,,0,0.0,0
51683,2020,,,86227.0,7.0,31.3,4169.257340241797,4.4,34.7,12.16576530079024,,,22409.0,1619555146.0,72274.0,,1537.0,6.8,21329.0,0,,0,0.0,0
51683,2021,,,101934.0,5.6,32.1,4327.542415930103,5.0,35.0,12.117265190765991,,,23194.0,1731647277.0,74661.0,14.0,1572.0,3.9,21183.0,0,,0,0.0,0
51683,2022,,,110559.0,4.7,34.5,4329.98069694199,3.3,35.1,13.399810931861843,,,23902.0,1843392473.0,77124.0,28.0,1668.0,2.5,21729.0,0,,0,0.0,0
51685,2010,,,70299.0,,21.9,4349.044166117337,4.0,30.6,,,,2824.0,121942182.0,43184.0,,249.0,6.4,8076.0,0,,0,0.0,0
51685,2011,,,70137.0,,22.5,4534.937376400791,4.9,30.6,,,,2902.0,126180544.0,43486.0,,261.0,5.6,8621.0,0,,0,0.0,0
51685,2012,,,71810.0,5.4,22.0,4749.176005273566,4.3,31.0,,,,2733.0,121154970.0,44329.0,,260.0,5.2,8743.0,0,,0,0.0,0
51685,2013,,,71227.0,7.0,26.0,4985.168094924193,4.5,32.3,,,,2743.0,123910676.0,45179.0,,266.0,5.0,8808.0,0,,0,0.0,0
51685,2014,,,73460.0,9.3,26.3,4941.331575477917,3.7,32.9,,,,2848.0,139167015.0,48871.0,,263.0,4.7,8190.0,0,,0,0.0,0
51685,2015,,,73528.0,7.9,28.3,5149.967040210943,4.4,32.7,12.65361010310532,,,2984.0,132543176.0,44422.0,,283.0,4.1,8367.0,0,,0,0.0,0
51685,2016,,,75027.0,8.7,30.4,5216.54581410679,4.6,33.1,11.44076279868406,,,3282.0,148661374.0,45298.0,,283.0,3.6,8493.0,0,,0,0.0,0
51685,2017,,,79131.0,10.3,31.4,5312.129202373105,6.0,34.1,11.904347072575352,,,3508.0,161407890.0,46017.0,,301.0,3.3,8926.0,0,,0,0.0,0
51685,2018,,,80667.0,9.7,29.2,5412.986156888596,6.3,35.3,11.984401869837964,,,3653.0,178918040.0,48975.0,,316.0,2.7,9300.0,0,,0,0.0,0
51685,2019,,,88046.0,6.4,27.9,5598.549769281477,4.5,34.7,12.529191899217553,,,3741.0,184096402.0,49208.0,,314.0,2.5,9534.0,0,,0,0.0,0
51685,2020,,,81639.0,5.0,25.6,5783.783783783784,3.1,35.3,11.523533682965668,,,3738.0,196327631.0,52526.0,,304.0,6.9,9637.0,0,,0,0.0,0
51685,2021,,,90544.0,4.4,25.6,5629.861568885959,3.0,35.5,12.125539148901693,,,3974.0,211374639.0,53184.0,9.0,319.0,3.8,9554.0,0,,0,0.0,0
51685,2022,,,91673.0,5.1,25.0,5643.704680290047,3.2,35.8,13.401222941730316,,,4411.0,233434764.0,52917.0,12.0,345.0,2.5,9791.0,0,,0,0.0,0
51690,2010,,,32408.0,,20.4,1280.4855786783498,11.8,43.4,,,,11197.0,319222595.0,28509.0,,740.0,17.8,6161.0,0,,0,0.0,0
51690,2011,,,32440.0,,18.7,1267.0682730923695,12.9,43.3,,,,11292.0,325109299.0,28790.0,,786.0,15.2,5892.0,0,,0,0.0,0
51690,2012,,,28840.0,28.0,17.9,1264.5125958378972,15.7,44.1,,,,11168.0,329993377.0,29547.0,,833.0,12.6,5729.0,0,,0,0.0,0
51690,2013,,,28116.0,27.2,16.7,1260.3139832055494,14.0,43.5,,,,10144.0,305071728.0,30073.0,40.0,880.0,11.0,5693.0,0,,0,0.0,0
51690,2014,,,27746.0,25.9,16.6,1254.5637093829866,14.2,43.4,,,,9825.0,307818150.0,31329.0,,919.0,9.7,5559.0,0,,0,0.0,0
51690,2015,,,29587.0,23.6,17.8,1243.519532676159,11.5,42.4,10.815897265581755,,,9626.0,314768807.0,32699.0,,994.0,8.7,5375.0,0,,0,0.0,0
51690,2016,,,31719.0,24.1,18.3,1236.856516976999,10.0,42.7,11.432272048425254,,,9060.0,308343772.0,34032.0,,1044.0,7.0,5167.0,0,,0,0.0,0
51690,2017,,,33545.0,24.0,20.9,1209.9306316173786,8.3,41.5,12.086343020325886,,,8970.0,299319054.0,33367.0,,1032.0,6.2,5560.0,0,,0,0.0,0
51690,2018,,,33224.0,25.5,21.3,1195.7831325301206,7.8,40.8,11.754396423248885,,,9254.0,307067218.0,33181.0,,1076.0,4.6,5492.0,0,,0,0.0,0
51690,2019,,,34371.0,23.9,21.0,1173.055859802848,6.0,40.9,12.14971014859631,,,9150.0,303902021.0,33212.0,,1024.0,4.1,5493.0,0,,0,0.0,0
51690,2020,,,36166.0,26.4,21.7,1154.2533771449434,3.9,41.7,,,,8861.0,317533099.0,35835.0,,967.0,11.3,5612.0,0,,0,0.0,0
51690,2021,,,36832.0,25.4,22.1,1230.0109529025192,5.5,40.6,,,,8951.0,338969523.0,37869.0,,972.0,7.3,5535.0,0,,0,0.0,0
51690,2022,,,39127.0,24.6,20.3,1235.7612267250822,4.3,39.9,,,,9423.0,383239945.0,40670.0,17.0,1057.0,4.5,5571.0,0,,0,0.0,0
51700,2010,34717.0,11333437.0,49562.0,,23.5,2635.5216048935335,7.9,32.0,10.220767619434053,,,95481.0,4090203089.0,42838.0,107.0,3902.0,8.5,90822.0,0,,0,0.0,0
51700,2011,36450.0,11696341.0,50942.0,,23.5,2623.737117511487,8.8,32.2,10.642320779623974,,,96309.0,4279972746.0,44440.0,115.0,3768.0,8.1,90550.0,0,,0,0.0,0
51700,2012,36981.0,11880417.0,50744.0,14.5,23.9,2621.1569960428474,9.2,32.3,11.044668644654392,,,96261.0,4467650003.0,46412.0,155.0,3743.0,7.3,89872.0,0,,0,0.0,0
51700,2013,36567.0,12460706.0,51027.0,15.2,23.9,2623.969038542376,9.8,32.5,10.72088033141516,,,97302.0,4628390786.0,47567.0,166.0,3674.0,6.6,90463.0,0,,0,0.0,0
51700,2014,36909.0,12045177.0,51000.0,15.2,24.1,2628.8538752554755,9.6,32.7,10.845198937440564,,,98179.0,4855826048.0,49459.0,150.0,3662.0,6.1,90995.0,0,,0,0.0,0
51700,2015,38025.0,12497154.0,50077.0,15.7,24.0,2628.2885677426834,9.1,32.8,11.055026234667997,,,97536.0,4979654359.0,51054.0,171.0,3792.0,5.4,89143.0,0,,0,0.0,0
51700,2016,38148.0,12384355.0,50089.0,16.1,24.7,2632.3906709765324,8.3,32.9,11.185673295112666,,,96225.0,4923559219.0,51167.0,167.0,3850.0,5.0,88936.0,0,,0,0.0,0
51700,2017,38755.0,12322800.0,51082.0,16.4,24.8,2620.345272434736,7.5,33.2,11.524501496229677,,,97754.0,5147323463.0,52656.0,145.0,3859.0,4.6,89790.0,0,,0,0.0,0
51700,2018,38802.0,13128148.0,51884.0,15.5,25.5,2611.2133818434822,6.7,33.3,11.66164086138545,,,101887.0,5396527829.0,52966.0,140.0,3921.0,3.7,88931.0,0,,0,0.0,0
51700,2019,39864.0,13817285.0,53215.0,15.3,26.3,2604.371711432257,6.2,33.5,12.056458043354928,,,103520.0,5685298168.0,54920.0,142.0,3941.0,3.4,89819.0,0,,0,0.0,0
51700,2020,43671.0,13610683.0,54511.0,14.8,28.0,2603.052660569076,5.7,33.8,12.179610359243735,,,99479.0,5752336297.0,57825.0,126.0,4019.0,9.0,88923.0,0,,0,0.0,0
51700,2021,47194.0,14478434.0,57463.0,15.8,28.1,2682.5870790995664,5.7,33.9,12.13029958147936,,,100381.0,6008068891.0,59852.0,135.0,4192.0,5.4,87501.0,0,,0,0.0,0
51700,2022,47815.0,15000181.0,63355.0,14.7,28.7,2683.297337256664,5.6,34.1,13.40972176536102,,,100346.0,6375732540.0,63538.0,14.0,4519.0,3.5,88557.0,0,,0,0.0,0
51710,2010,34346.0,22177484.0,42677.0,,23.7,4545.152510558423,9.6,29.5,10.220767619434053,,,136257.0,6232647104.0,45742.0,473.0,5681.0,9.0,112640.0,0,,0,0.0,0
51710,2011,35011.0,21710528.0,43914.0,,24.7,4541.398404504927,10.4,29.6,10.642320779623974,,,138035.0,6427916477.0,46567.0,518.0,5617.0,8.3,112742.0,0,,0,0.0,0
51710,2012,35796.0,21315458.0,44164.0,18.2,25.4,4562.2900046926325,11.6,29.6,11.044668644654392,,,137771.0,6597570846.0,47888.0,,5617.0,7.5,112642.0,0,,0,0.0,0
51710,2013,35100.0,21219723.0,44747.0,19.2,25.3,4581.698732989207,11.9,29.8,10.72088033141516,,,136462.0,6533113787.0,47875.0,,5590.0,6.8,112752.0,0,,0,0.0,0
51710,2014,36130.0,21305373.0,44150.0,20.5,25.6,4593.993430314406,11.6,29.9,10.845198937440564,,,134423.0,6647083312.0,49449.0,130.0,5515.0,6.2,112403.0,0,,0,0.0,0
51710,2015,37002.0,21701017.0,44480.0,21.0,26.1,4607.2641952135145,10.9,30.0,11.055026234667997,,,139830.0,7326505575.0,52396.0,512.0,5758.0,5.5,110946.0,0,,0,0.0,0
51710,2016,37921.0,22296556.0,45268.0,21.0,26.6,4612.36977944627,9.7,30.2,11.185673295112666,,,140246.0,7403619104.0,52790.0,214.0,5861.0,5.2,110464.0,0,,0,0.0,0
51710,2017,38910.0,21628031.0,47137.0,21.0,27.3,4612.895354293759,8.5,30.4,11.524501496229677,,,141959.0,7604987434.0,53572.0,217.0,5886.0,4.6,112669.0,0,,0,0.0,0
51710,2018,38323.0,19931986.0,49146.0,19.7,28.0,4609.8920694509625,8.2,30.5,11.66164086138545,,,142754.0,7932728607.0,55569.0,496.0,6069.0,3.7,111790.0,0,,0,0.0,0
51710,2019,39716.0,19212302.0,51590.0,18.7,28.8,4591.290473955889,7.6,30.7,12.056458043354928,,,141016.0,8101489345.0,57451.0,438.0,6101.0,3.4,111914.0,0,,0,0.0,0
51710,2020,42170.0,18951203.0,53026.0,17.8,30.0,4585.640544345378,8.0,30.8,12.179610359243735,,,132792.0,8182208658.0,61617.0,,6108.0,9.0,110941.0,0,,0,0.0,0
51710,2021,47212.0,19976469.0,56244.0,17.4,31.8,4477.822618488973,7.1,30.9,12.13029958147936,,,133874.0,8652380974.0,64631.0,403.0,6202.0,5.5,109285.0,0,,0,0.0,0
51710,2022,47988.0,20634709.0,60998.0,16.9,32.2,4448.108869075551,6.7,32.2,13.40972176536102,,,137491.0,9286666948.0,67544.0,234.0,6656.0,3.4,110326.0,0,,0,0.0,0
51720,2010,,,33944.0,,20.6,519.727163300789,2.4,40.4,,,,4155.0,154638194.0,37217.0,,271.0,7.4,2082.0,0,,0,0.0,0
51720,2011,,,36944.0,,23.0,526.1468503410458,5.5,39.9,,,,4179.0,158631109.0,37957.0,,261.0,6.9,2109.0,0,,0,0.0,0
51720,2012,,,38983.0,20.6,20.2,531.0953591012438,5.6,39.8,,,,4142.0,157773603.0,38093.0,,274.0,7.5,1990.0,0,,0,0.0,0
51720,2013,,,39416.0,18.1,20.5,534.7064330613882,8.0,40.1,,,,3805.0,140623244.0,36956.0,,257.0,8.1,1869.0,0,,0,0.0,0
51720,2014,,,36148.0,14.8,20.5,536.9800722214792,11.3,39.4,,,,3749.0,137959938.0,36804.0,,252.0,7.6,1811.0,0,,0,0.0,0
51720,2015,,,27731.0,24.0,19.6,535.9101243814364,11.1,39.3,9.558681723701971,,,3714.0,139205676.0,37479.0,,263.0,6.8,1739.0,0,,0,0.0,0
51720,2016,,,26000.0,26.5,17.3,532.0315634612813,13.6,39.6,10.05042121651017,,,3627.0,131895660.0,36365.0,,267.0,6.7,1662.0,0,,0,0.0,0
51720,2017,,,26971.0,25.7,17.0,540.7248896616289,13.5,37.2,10.432865296937448,,,3518.0,126446616.0,35941.0,,252.0,5.2,1717.0,0,,0,0.0,0
51720,2018,,,28071.0,29.4,16.9,533.6364852213454,13.8,37.3,10.272718806954996,,,3424.0,129002844.0,37671.0,,246.0,4.0,1672.0,0,,0,0.0,0
51720,2019,,,29000.0,28.2,22.8,530.9616156212385,10.6,37.5,10.599832239198944,,,3412.0,138012388.0,40454.0,,241.0,3.6,1685.0,0,,0,0.0,0
51720,2020,,,30518.0,31.6,20.2,530.8278721412331,8.6,43.7,,,,3178.0,132529192.0,41700.0,,236.0,7.6,1648.0,0,,0,0.0,0
51720,2021,,,35592.0,28.3,21.9,494.31590209977264,8.2,41.2,,,,3098.0,127898926.0,41284.0,,231.0,4.9,1603.0,0,,0,0.0,0
51720,2022,,,36974.0,29.1,19.4,490.5710846596229,7.3,43.6,13.6315001806203,,,3020.0,130491541.0,43206.0,,237.0,3.7,1601.0,0,,0,0.0,0
51730,2010,,,36449.0,,15.2,1421.786971830986,14.2,39.6,,,,14319.0,512976316.0,35824.0,,861.0,14.3,13922.0,0,,0,0.0,0
51730,2011,,,36289.0,,13.9,1423.2834507042255,14.0,39.4,,,,14247.0,522466030.0,36672.0,,852.0,12.8,13690.0,0,,0,0.0,0
51730,2012,,,35126.0,24.9,14.3,1418.3978873239437,16.6,39.8,11.044668644654392,,,13775.0,519510444.0,37713.0,,837.0,11.7,13585.0,0,,0,0.0,0
51730,2013,,,34424.0,26.7,14.9,1422.799295774648,16.6,39.5,10.72088033141516,,,13327.0,507190856.0,38058.0,,842.0,11.4,13760.0,0,,0,0.0,0
51730,2014,,,33927.0,27.5,14.9,1427.7728873239437,15.1,39.3,10.845198937440564,,,12907.0,510708380.0,39567.0,,818.0,10.5,13827.0,0,,0,0.0,0
51730,2015,,,31798.0,28.0,15.9,1413.8644366197184,13.0,39.5,11.055026234667997,,,13009.0,503858332.0,38731.0,,865.0,9.1,13547.0,0,,0,0.0,0
51730,2016,,,32169.0,29.4,16.6,1408.318661971831,13.7,38.8,11.185673295112666,,,13244.0,511857598.0,38649.0,,915.0,7.7,13214.0,0,,0,0.0,0
51730,2017,,,33939.0,27.6,17.5,1410.0792253521126,12.2,38.3,11.524501496229677,,,13016.0,511049963.0,39262.0,,931.0,7.2,13269.0,0,,0,0.0,0
51730,2018,,,36135.0,25.8,18.0,1400.8362676056338,11.3,38.7,11.66164086138545,,,13210.0,540936141.0,40948.0,,948.0,6.2,13039.0,0,,0,0.0,0
51730,2019,,,38679.0,24.1,19.8,1380.3697183098593,11.7,38.1,12.056458043354928,,,13180.0,548752685.0,41634.0,,945.0,5.6,12965.0,0,,0,0.0,0
51730,2020,,,43029.0,22.6,20.3,1355.2376760563382,12.6,37.2,12.179610359243735,,,12068.0,513490381.0,42550.0,,940.0,14.7,13008.0,0,,0,0.0,0
51730,2021,,,44890.0,21.3,22.0,1462.5440140845071,12.2,37.2,12.13029958147936,,,11934.0,530995206.0,44494.0,,977.0,10.1,12655.0,0,,0,0.0,0
51730,2022,,,46930.0,22.2,21.8,1463.9524647887324,11.3,36.6,13.40972176536102,,,12176.0,582897611.0,47874.0,17.0,1089.0,5.5,12608.0,0,,0,0.0,0
51735,2010,,,84315.0,,36.0,787.8491892947842,3.8,42.3,,,,1796.0,53828314.0,29967.0,,241.0,6.2,6402.0,0,,0,0.0,0
51735,2011,,,86611.0,,36.7,787.7189555251678,4.7,42.9,,,,1771.0,54274544.0,30642.0,,236.0,5.7,6360.0,0,,0,0.0,0
51735,2012,,,85033.0,4.1,35.1,788.5654750276747,4.5,43.3,11.044668644654392,,,1729.0,53912249.0,31178.0,,233.0,5.3,6353.0,0,,0,0.0,0
51735,2013,,,81892.0,5.6,37.2,789.0212932213324,4.4,43.6,10.72088033141516,,,1653.0,49103358.0,29704.0,,219.0,4.9,6349.0,0,,0,0.0,0
51735,2014,,,83460.0,6.2,35.8,788.1096568340171,4.7,43.7,10.845198937440564,,,1613.0,49688047.0,30797.0,,204.0,4.5,6321.0,0,,0,0.0,0
51735,2015,,,83735.0,4.2,37.1,786.4166178290031,4.5,43.8,11.055026234667997,,,1659.0,52186716.0,31457.0,,213.0,3.8,6226.0,0,,0,0.0,0
51735,2016,,,84643.0,4.7,39.8,785.830565865729,3.2,43.4,11.185673295112666,,,1740.0,54083309.0,31087.0,,223.0,3.4,6176.0,0,,0,0.0,0
51735,2017,,,88328.0,4.9,41.5,782.8351891645505,4.7,42.2,11.524501496229677,,,1814.0,57989160.0,31963.0,,223.0,3.4,6326.0,0,,0,0.0,0
51735,2018,,,96831.0,4.5,42.8,783.9421762062904,5.3,43.2,11.66164086138545,,,1841.0,61689075.0,33508.0,,235.0,2.7,6387.0,0,,0,0.0,0
51735,2019,,,97118.0,5.6,42.2,787.26313733151,2.0,42.4,12.056458043354928,,,1802.0,61601317.0,34190.0,,246.0,2.4,6479.0,0,,0,0.0,0
51735,2020,,,100696.0,5.0,42.9,789.2817607605652,1.7,43.2,12.179610359243735,,,1717.0,61940029.0,36069.0,,249.0,4.3,6185.0,0,,0,0.0,0
51735,2021,,,112026.0,4.4,40.9,806.2772676955135,1.6,43.0,12.13029958147936,,,1758.0,65720658.0,37382.0,,261.0,2.8,6223.0,0,,0,0.0,0
51735,2022,,,114503.0,4.5,38.4,812.5936055219119,1.4,42.4,13.40972176536102,,,1833.0,73681301.0,40203.0,,284.0,2.4,6378.0,0,,0,0.0,0
51740,2010,34542.0,5579778.0,45488.0,,18.7,2906.3691781027596,7.4,35.3,,,,42296.0,1933485064.0,45714.0,,1851.0,9.8,45555.0,0,,0,0.0,0
51740,2011,35706.0,5700653.0,46340.0,,19.1,2884.778234887841,8.2,35.3,,,,43282.0,2025931364.0,46808.0,,1835.0,9.3,45701.0,0,,0,0.0,0
51740,2012,35014.0,5646815.0,46269.0,17.5,19.0,2876.370078976607,9.8,35.3,11.044668644654392,,,43920.0,2077039818.0,47291.0,,1847.0,8.6,45630.0,0,,0,0.0,0
51740,2013,34771.0,5737927.0,46166.0,18.4,19.5,2879.823428725864,10.6,35.2,10.72088033141516,,,44647.0,2098696129.0,47006.0,,1832.0,7.9,45461.0,0,,0,0.0,0
51740,2014,35153.0,5701916.0,46239.0,18.2,19.5,2883.006516320831,10.5,35.1,10.845198937440564,,,44093.0,2178783252.0,49414.0,,1816.0,7.1,45226.0,0,,0,0.0,0
51740,2015,35918.0,5770776.0,45676.0,18.2,20.8,2886.8502447373953,11.6,34.9,11.055026234667997,,,44750.0,2260159526.0,50507.0,,1886.0,6.1,44417.0,0,,0,0.0,0
51740,2016,36054.0,5769612.0,47050.0,18.2,21.1,2884.928380529113,10.9,35.0,11.185673295112666,,,43715.0,2225177817.0,50902.0,,1882.0,6.0,44103.0,0,,0,0.0,0
51740,2017,37725.0,5886680.0,48727.0,17.7,21.9,2868.8627969130052,9.7,35.2,11.524501496229677,,,43638.0,2311153791.0,52961.0,,1831.0,5.3,44681.0,0,,0,0.0,0
51740,2018,38055.0,5807692.0,50224.0,17.2,21.3,2862.106243055764,9.2,35.2,11.66164086138545,,,44343.0,2423157291.0,54646.0,,1847.0,4.1,44342.0,0,,0,0.0,0
51740,2019,39814.0,6123562.0,52175.0,16.8,21.9,2855.6800096093207,7.8,35.3,12.056458043354928,,,44682.0,2536837229.0,56775.0,,1837.0,3.9,44522.0,0,,0,0.0,0
51740,2020,43444.0,6061997.0,53213.0,15.7,20.8,2851.5960481667216,6.3,35.5,12.179610359243735,,,43184.0,2515028778.0,58239.0,,1850.0,9.8,44643.0,0,,0,0.0,0
51740,2021,46020.0,6177693.0,54020.0,17.2,21.0,2926.4586649049575,6.3,35.5,12.13029958147936,,,43115.0,2639058389.0,61210.0,,1873.0,6.4,44017.0,0,,0,0.0,0
51740,2022,46238.0,6151033.0,57154.0,17.4,21.2,2924.3566259271493,6.6,35.6,13.40972176536102,,,42783.0,2797888472.0,65397.0,30.0,1986.0,3.7,44161.0,0,,0,0.0,0
51750,2010,,,29155.0,,35.1,1686.4406779661017,11.3,21.7,,,,5954.0,234245388.0,39346.0,,347.0,9.5,7802.0,0,,0,0.0,0
51750,2011,,,29101.0,,36.0,1692.2281934683754,9.8,21.9,,,,6072.0,243686430.0,40133.0,,349.0,8.4,8069.0,0,,0,0.0,0
51750,2012,,,29757.0,35.2,29.5,1706.3869367507234,10.3,21.9,,,,6132.0,255435456.0,41657.0,,349.0,7.8,8092.0,0,,0,0.0,0
51750,2013,,,30714.0,37.7,32.1,1726.436544026457,8.6,22.1,,,,5994.0,244654777.0,40817.0,,326.0,7.4,8336.0,0,,0,0.0,0
51750,2014,,,30284.0,39.6,34.9,1756.2009094667217,9.4,21.9,,,,5784.0,241799183.0,41806.0,,314.0,6.6,8495.0,0,,0,0.0,0
51750,2015,,,29912.0,39.0,35.5,1762.8152128978916,8.8,22.3,12.110206979411284,,,5816.0,246368457.0,42360.0,,319.0,5.6,8323.0,0,,0,0.0,0
51750,2016,,,31457.0,39.3,34.1,1776.1471682513436,9.2,22.7,12.173252065708535,,,5957.0,255143918.0,42833.0,,329.0,5.3,8267.0,0,,0,0.0,0
51750,2017,,,36082.0,37.5,34.4,1796.1967755270773,7.5,22.7,12.31693858681063,,,5895.0,255797049.0,43396.0,,337.0,4.9,8417.0,0,,0,0.0,0
51750,2018,,,36743.0,35.9,39.1,1822.033898305085,5.9,22.9,12.119471568064332,,,5900.0,261221226.0,44272.0,,343.0,3.8,8650.0,0,,0,0.0,0
51750,2019,,,36297.0,36.3,38.0,1828.3381562629183,4.5,23.4,12.3317525151457,,,5961.0,265497257.0,44537.0,,345.0,3.5,8737.0,0,,0,0.0,0
51750,2020,,,34576.0,39.3,40.7,1843.0136420008268,6.5,23.7,,,,5463.0,263925523.0,48311.0,,347.0,6.5,8476.0,0,,0,0.0,0
51750,2021,,,44360.0,35.4,40.4,1674.7622984704424,7.3,23.6,,,,5750.0,282548607.0,49139.0,,352.0,4.1,8607.0,0,,0,0.0,0
51750,2022,,,51039.0,33.8,44.8,1692.7449359239354,7.2,23.3,,,,5968.0,296632851.0,49704.0,18.0,369.0,3.4,8960.0,0,,0,0.0,0
51760,2010,42179.0,19506976.0,38266.0,,32.6,3368.0100125156446,10.5,32.6,10.24109673359204,,,148083.0,7714878459.0,52098.0,282.0,7147.0,9.7,106682.0,0,,0,0.0,0
51760,2011,45071.0,19559535.0,39201.0,,32.9,3390.32123487693,11.0,32.4,10.661661940071044,,,149540.0,7945656647.0,53134.0,154.0,7082.0,8.5,107496.0,0,,0,0.0,0
51760,2012,48177.0,19894324.0,39445.0,26.7,33.8,3426.750104297038,11.0,32.2,11.059851188451322,,,148410.0,7995919054.0,53877.0,216.0,7100.0,7.3,109135.0,0,,0,0.0,0
51760,2013,45344.0,20283189.0,40496.0,25.6,34.8,3468.969545264915,11.3,32.6,10.728778638680266,,,147607.0,8035286905.0,54437.0,140.0,7004.0,6.6,110460.0,0,,0,0.0,0
51760,2014,47137.0,20841278.0,41331.0,25.5,35.4,3522.119315811431,10.7,32.6,10.853698444022267,,,148477.0,8298845651.0,55893.0,191.0,7014.0,6.0,112740.0,0,,0,0.0,0
51760,2015,49422.0,21728309.0,40758.0,25.5,36.0,3566.7083854818525,10.0,32.9,11.066442654426922,,,149651.0,8723523606.0,58293.0,178.0,7393.0,5.1,113141.0,0,,0,0.0,0
51760,2016,49985.0,22135671.0,41187.0,25.4,36.7,3617.4050896954527,9.1,33.2,11.194861465164715,,,153128.0,8937242422.0,58365.0,205.0,7730.0,4.6,114798.0,0,,0,0.0,0
51760,2017,52392.0,22575624.0,42356.0,25.2,37.5,3686.141009595328,8.8,33.5,11.529785856034756,,,154502.0,9301956138.0,60206.0,335.0,7685.0,4.3,117943.0,0,,0,0.0,0
51760,2018,53096.0,23130169.0,45117.0,24.5,38.5,3734.451397580309,7.6,33.8,11.67009889756758,,,155753.0,9606645500.0,61679.0,172.0,7902.0,3.6,118035.0,0,,0,0.0,0
51760,2019,56689.0,23566334.0,47250.0,23.2,39.6,3781.7605340008345,6.5,34.0,12.064830891442936,,,158794.0,10161369809.0,63991.0,244.0,8017.0,3.3,119445.0,0,,0,0.0,0
51760,2020,62644.0,23788834.0,51421.0,20.9,41.2,3825.3316645807263,6.3,34.1,12.187572169414784,,,147619.0,10374591778.0,70280.0,241.0,8001.0,9.1,119637.0,0,,0,0.0,0
51760,2021,69384.0,24818600.0,54795.0,19.8,43.1,3765.974134334585,6.0,34.4,12.135914655461114,,,148861.0,10901060025.0,73230.0,267.0,8296.0,5.3,117789.0,0,,0,0.0,0
51760,2022,72510.0,26107823.0,59606.0,19.5,44.1,3790.921985815603,6.1,34.5,13.413037297790764,,,154383.0,11928781720.0,77267.0,388.0,9155.0,3.3,120698.0,0,,0,0.0,0
51770,2010,35342.0,6496328.0,36422.0,,21.9,2252.839773288493,6.7,38.7,10.378323964422655,,,65552.0,2547823328.0,38867.0,,3286.0,8.9,49374.0,0,,0,0.0,0
51770,2011,36593.0,6499197.0,37753.0,,22.4,2263.9166529479553,7.1,38.6,9.442270350607703,,,65620.0,2603111552.0,39670.0,,3251.0,8.0,49394.0,0,,0,0.0,0
51770,2012,38274.0,6542499.0,38265.0,21.1,22.9,2275.158157145881,7.7,38.4,10.77588789962009,,,66193.0,2686183201.0,40581.0,4.0,3247.0,7.1,49563.0,0,,0,0.0,0
51770,2013,37056.0,6696052.0,38145.0,22.4,23.6,2289.574563157028,8.5,38.2,11.008714642020417,,,66969.0,2792480827.0,41698.0,8.0,3170.0,6.5,49777.0,0,,0,0.0,0
51770,2014,37697.0,6778290.0,39530.0,21.9,24.1,2303.544131135204,8.0,38.3,11.338118274150728,,,66992.0,2846464687.0,42490.0,14.0,3148.0,5.8,50256.0,0,,0,0.0,0
51770,2015,39296.0,6968296.0,39930.0,21.2,23.6,2322.0526328167257,8.3,38.0,11.260046126838704,,,66795.0,2963347025.0,44365.0,4.0,3236.0,4.8,49096.0,0,,0,0.0,0
51770,2016,38905.0,7102390.0,39201.0,22.2,22.9,2335.9986830036923,7.4,38.1,11.375747632778316,,,67358.0,3054607410.0,45349.0,4.0,3285.0,4.2,48997.0,0,,0,0.0,0
51770,2017,39717.0,7098974.0,41483.0,21.6,23.2,2341.7135062674915,6.6,38.4,11.462621529420185,,,66383.0,3036768336.0,45746.0,4.0,3318.0,4.1,49421.0,0,,0,0.0,0
51770,2018,41224.0,7125071.0,43028.0,20.5,23.8,2342.8658780367346,6.8,38.7,11.207109711809006,,,66361.0,3101882760.0,46743.0,3.0,3395.0,3.3,49080.0,0,,0,0.0,0
51770,2019,41768.0,7085012.0,44230.0,20.8,23.4,2333.6469038827872,6.3,38.5,11.007281215218068,,,65803.0,3177781836.0,48292.0,,3431.0,3.0,49261.0,0,,0,0.0,0
51770,2020,45852.0,7039873.0,45664.0,20.1,24.8,2331.130500223419,6.7,38.2,10.824226751863051,,,61814.0,3208726197.0,51909.0,,3405.0,7.9,48949.0,0,,0,0.0,0
51770,2021,50265.0,7514489.0,48476.0,18.4,26.8,2341.8546130147456,6.4,38.0,11.154025222810333,,,62715.0,3416628867.0,54479.0,27.0,3441.0,4.8,48170.0,0,,0,0.0,0
51770,2022,52651.0,7560859.0,51523.0,19.1,28.4,2333.2706192234423,6.6,38.1,13.01794380555078,,,63889.0,3644199619.0,57039.0,61.0,3669.0,3.1,48968.0,0,,0,0.0,0
51775,2010,,,48828.0,,29.1,1697.623148467103,6.6,40.0,9.462551503447507,,,22558.0,966420754.0,42843.0,,1028.0,7.0,12806.0,0,,0,0.0,0
51775,2011,,,48050.0,,30.1,1703.961419221495,6.9,39.9,10.137915258489649,,,22347.0,995678660.0,44555.0,15.0,1007.0,6.3,12814.0,0,,0,0.0,0
51775,2012,,,47776.0,12.5,30.0,1708.0261798139854,7.8,39.8,10.935697134125425,,,22682.0,1031466151.0,45474.0,,1013.0,5.8,12896.0,0,,0,0.0,0
51775,2013,,,48733.0,11.7,30.8,1718.9114708921804,7.2,40.1,11.408700753365444,,,22132.0,1013602164.0,45799.0,,998.0,5.7,13052.0,0,,0,0.0,0
51775,2014,,,50590.0,11.6,30.7,1730.6234929383395,5.9,40.5,11.483779282101436,,,21900.0,1011548234.0,46190.0,,994.0,5.1,13166.0,0,,0,0.0,0
51775,2015,,,50068.0,11.2,28.4,1733.7237340682052,4.8,40.5,11.76980778246601,,,20525.0,968598221.0,47191.0,,1038.0,4.4,12816.0,0,,0,0.0,0
51775,2016,,,52351.0,9.4,26.9,1742.3355149844988,5.0,40.6,11.631971892841458,,,20321.0,955247947.0,47007.0,,1058.0,3.9,12909.0,0,,0,0.0,0
51775,2017,,,53990.0,8.9,27.7,1758.2500861178091,4.7,41.1,11.65170630138783,,,20159.0,957039989.0,47474.0,,1059.0,3.7,13160.0,0,,0,0.0,0
51775,2018,,,57185.0,9.1,29.1,1758.1122976231484,5.2,41.3,11.5751602143687,,,20008.0,979785415.0,48971.0,,1069.0,3.0,12957.0,0,,0,0.0,0
51775,2019,,,57165.0,9.1,27.9,1744.1956596624182,4.4,41.2,11.604977515893935,,,19418.0,964052908.0,49647.0,,1051.0,2.8,12930.0,0,,0,0.0,0
51775,2020,,,63411.0,8.7,30.3,1742.3355149844988,4.9,41.2,11.62787752129445,,,18674.0,973013678.0,52105.0,,1030.0,6.0,12636.0,0,,0,0.0,0
51775,2021,,,66472.0,10.0,32.2,1745.4357561143645,3.6,40.8,11.843453430755018,,,18612.0,1014772792.0,54522.0,,1048.0,3.6,12532.0,0,,0,0.0,0
51775,2022,,,68402.0,9.6,32.5,1747.9848432655872,3.5,40.8,12.368898468027044,,,18667.0,1077117889.0,57702.0,18.0,1119.0,2.8,12881.0,0,,0,0.0,0
51790,2010,,,42724.0,,28.5,1195.0803212851404,5.3,42.8,,,,11132.0,332167446.0,29838.0,,829.0,8.0,11864.0,0,,0,0.0,0
51790,2011,,,42757.0,,27.9,1196.536144578313,5.8,42.9,,,,11216.0,333208712.0,29708.0,,814.0,7.1,11985.0,0,,0,0.0,0
51790,2012,,,42918.0,15.3,29.8,1200.1004016064255,5.8,42.6,11.044668644654392,,,11403.0,352680495.0,30930.0,,846.0,6.3,11807.0,0,,0,0.0,0
51790,2013,,,38501.0,18.0,28.0,1204.2670682730925,7.2,42.3,10.72088033141516,,,11186.0,351100240.0,31386.0,,829.0,5.7,11957.0,0,,0,0.0,0
51790,2014,,,39982.0,18.2,31.5,1211.44578313253,6.4,41.9,10.845198937440564,,,10980.0,353442455.0,32191.0,,820.0,5.1,12083.0,0,,0,0.0,0
51790,2015,,,40842.0,17.7,31.3,1214.508032128514,5.6,42.3,11.055026234667997,,,11180.0,368667598.0,32974.0,,852.0,4.3,11857.0,0,,0,0.0,0
51790,2016,,,42948.0,15.8,33.7,1216.5662650602408,5.0,42.6,11.185673295112666,,,11099.0,378195772.0,34076.0,,858.0,3.8,11808.0,0,,0,0.0,0
51790,2017,,,46435.0,13.3,33.8,1218.524096385542,3.9,42.0,11.524501496229677,,,11244.0,396454067.0,35258.0,,876.0,3.5,11975.0,0,,0,0.0,0
51790,2018,,,48049.0,13.7,34.0,1227.5100401606426,3.2,42.5,11.66164086138545,,,11274.0,424461850.0,37649.0,,903.0,2.9,12064.0,0,,0,0.0,0
51790,2019,,,52611.0,11.1,33.4,1226.5060240963855,3.7,42.8,12.056458043354928,,,11264.0,425120151.0,37743.0,,883.0,2.7,12295.0,0,,0,0.0,0
51790,2020,,,52292.0,12.2,31.1,1237.9518072289156,3.7,41.5,12.179610359243735,,,10572.0,419472341.0,39676.0,,873.0,6.5,12150.0,0,,0,0.0,0
51790,2021,,,53041.0,12.3,30.3,1272.991967871486,5.2,40.9,12.13029958147936,,,10876.0,450958288.0,41464.0,,898.0,3.8,12003.0,0,,0,0.0,0
51790,2022,,,59731.0,11.4,33.6,1284.1867469879517,5.1,41.0,13.40972176536102,,,11176.0,494667877.0,44264.0,32.0,962.0,2.6,12456.0,0,,0,0.0,0
51800,2010,42363.0,3944997.0,65104.0,,25.1,206.7942679627217,6.6,37.5,10.217420712778155,,,25095.0,989385814.0,39426.0,4.0,1593.0,7.8,41816.0,0,,0,0.0,0
51800,2011,43782.0,4021501.0,65351.0,,25.3,209.10161338811503,7.3,37.8,10.640301543347846,,,24775.0,994808988.0,40153.0,,1598.0,7.4,41842.0,0,,0,0.0,0
51800,2012,45638.0,4188011.0,66479.0,11.6,25.7,210.98306443531413,7.3,38.2,11.044610049466666,,,26673.0,1163424711.0,43618.0,,1617.0,6.9,41732.0,0,,0,0.0,0
51800,2013,44616.0,4107784.0,66085.0,11.4,26.2,212.55135785148812,8.6,38.1,10.72118320571634,,,26888.0,1205079251.0,44819.0,,1630.0,6.2,41988.0,0,,0,0.0,0
51800,2014,45533.0,3821246.0,66822.0,11.1,26.1,214.1421986170959,8.9,38.3,10.846179690547729,,,27125.0,1261750462.0,46517.0,,1636.0,5.7,42508.0,0,,0,0.0,0
51800,2015,47313.0,3772747.0,65499.0,11.5,26.4,215.91341817817417,8.0,38.3,11.058194680051589,,,28482.0,1338428623.0,46992.0,,1740.0,4.9,42458.0,0,,0,0.0,0
51800,2016,48639.0,3750407.0,65435.0,11.5,26.6,218.11053211744664,7.3,38.4,11.1892661237993,,,29850.0,1379743527.0,46222.0,,1791.0,4.6,43013.0,0,,0,0.0,0
51800,2017,49457.0,3671560.0,68089.0,11.2,27.2,220.60577212145503,6.7,38.1,11.52332175571696,,,30826.0,1431550866.0,46440.0,,1827.0,4.0,44405.0,0,,0,0.0,0
51800,2018,49883.0,3734372.0,70664.0,10.8,28.1,223.369075057621,6.2,38.2,11.661698564872385,,,31737.0,1487863552.0,46881.0,,1890.0,3.2,44684.0,0,,0,0.0,0
51800,2019,51562.0,3877721.0,74884.0,10.4,29.5,225.70648361559273,6.2,38.0,12.059052983869233,,,32603.0,1625834701.0,49868.0,,1897.0,3.0,45444.0,0,,0,0.0,0
51800,2020,54799.0,4084569.0,79899.0,9.2,29.6,228.9382703677723,6.2,38.1,12.179610359243735,,,32063.0,1761267664.0,54931.0,,1885.0,6.6,44972.0,0,,0,0.0,0
51800,2021,59750.0,4268593.0,81883.0,9.6,31.0,233.6606874436316,6.5,38.2,12.13029958147936,,,33419.0,1922886493.0,57538.0,,1980.0,4.3,44866.0,0,,0,0.0,0
51800,2022,61380.0,4295576.0,87758.0,9.4,32.1,237.63904198817517,6.3,38.5,13.40972176536102,,,34816.0,2019215609.0,57996.0,41.0,2257.0,3.0,45674.0,0,,0,0.0,0
51810,2010,44787.0,20351411.0,64618.0,,31.9,1781.5897974444574,5.3,34.6,,,,164022.0,6035004733.0,36794.0,311.0,11257.0,6.7,227179.0,0,,0,0.0,0
51810,2011,46423.0,20464090.0,65910.0,,32.3,1785.6065837702215,5.8,34.7,,,,162574.0,6183056429.0,38032.0,377.0,11202.0,6.1,228853.0,0,,0,0.0,0
51810,2012,48175.0,20543089.0,65980.0,7.4,32.3,1796.0224416993906,6.3,34.8,11.044668644654392,,,164585.0,6493533783.0,39454.0,377.0,11356.0,5.6,228708.0,0,,0,0.0,0
51810,2013,47293.0,20745298.0,65219.0,7.9,32.9,1806.7406823224624,6.5,34.9,10.72088033141516,,,169419.0,6597142323.0,38940.0,429.0,11184.0,5.3,231089.0,0,,0,0.0,0
51810,2014,49258.0,20882389.0,67001.0,8.3,33.5,1820.928151420177,6.2,34.9,10.845198937440564,,,171026.0,6802728320.0,39776.0,447.0,11169.0,4.8,232581.0,0,,0,0.0,0
51810,2015,51283.0,21234532.0,66634.0,8.3,33.8,1831.8261871585423,6.1,35.0,11.055026234667997,,,173655.0,7073934964.0,40735.0,519.0,11744.0,4.2,229696.0,0,,0,0.0,0
51810,2016,52698.0,21679488.0,67719.0,8.2,34.2,1837.722649689649,5.8,35.4,11.185673295112666,,,176470.0,7235788286.0,41003.0,614.0,12115.0,3.9,229517.0,0,,0,0.0,0
51810,2017,54531.0,22325354.0,70500.0,8.0,34.8,1839.0465955386296,5.3,35.6,11.524501496229677,,,178341.0,7462041082.0,41841.0,609.0,12178.0,3.5,233787.0,0,,0,0.0,0
51810,2018,54559.0,21818147.0,74186.0,7.6,35.2,1839.365323243013,4.9,35.9,11.66164086138545,,,178196.0,7623953602.0,42784.0,530.0,12322.0,2.9,233270.0,0,,0,0.0,0
51810,2019,56316.0,22297716.0,76610.0,7.3,36.0,1839.6350159159535,4.6,36.2,12.056458043354928,,,179379.0,7965969282.0,44409.0,519.0,12310.0,2.7,234807.0,0,,0,0.0,0
51810,2020,59477.0,22056288.0,78136.0,7.2,37.3,1842.4177539503848,4.4,36.4,12.179610359243735,,,167802.0,8121956151.0,48402.0,572.0,12432.0,6.4,228946.0,0,,0,0.0,0
51810,2021,64853.0,23140950.0,81810.0,7.8,38.6,1870.1062017056015,4.3,36.7,12.13029958147936,,,171513.0,8650103264.0,50434.0,566.0,12920.0,3.7,227474.0,0,,0,0.0,0
51810,2022,67721.0,23422354.0,87544.0,8.0,39.8,1871.0950748397167,4.3,37.1,13.40972176536102,,,174794.0,9267327421.0,53019.0,799.0,13978.0,2.7,232244.0,0,,0,0.0,0
51820,2010,,,40977.0,,21.8,1395.123580494322,10.8,38.6,,,,9139.0,286533190.0,31352.0,,608.0,9.2,10189.0,0,,0,0.0,0
51820,2011,,,43605.0,,21.1,1403.2064128256511,9.9,38.7,,,,9229.0,300207867.0,32528.0,,599.0,8.1,10161.0,0,,0,0.0,0
51820,2012,,,43884.0,18.3,22.3,1404.809619238477,7.9,38.2,11.044668644654392,,,9535.0,324138654.0,33995.0,,623.0,6.9,10024.0,0,,0,0.0,0
51820,2013,,,44847.0,19.9,19.1,1409.4188376753507,8.6,38.7,10.72088033141516,,,9666.0,331806216.0,34328.0,,621.0,5.9,10030.0,0,,0,0.0,0
51820,2014,,,45499.0,20.7,19.0,1414.629258517034,7.8,38.2,10.845198937440564,,,9688.0,340555597.0,35152.0,,634.0,5.2,10104.0,0,,0,0.0,0
51820,2015,,,45643.0,18.3,18.4,1412.8256513026051,4.9,38.5,11.055026234667997,,,9769.0,346349813.0,35455.0,,687.0,4.7,10050.0,0,,0,0.0,0
51820,2016,,,45097.0,16.0,22.6,1427.254509018036,5.1,39.5,11.185673295112666,,,9716.0,355781483.0,36620.0,,727.0,4.1,10205.0,0,,0,0.0,0
51820,2017,,,42112.0,17.4,22.3,1444.2217768871076,4.4,40.0,11.524501496229677,,,9655.0,373210403.0,38654.0,,746.0,4.0,10520.0,0,,0,0.0,0
51820,2018,,,45738.0,17.4,25.0,1464.6626586506345,4.5,39.4,11.66164086138545,,,9492.0,356731750.0,37583.0,,765.0,3.2,10563.0,0,,0,0.0,0
51820,2019,,,45011.0,16.8,27.1,1478.9579158316633,4.7,39.2,12.056458043354928,,,9348.0,355901667.0,38071.0,,763.0,2.9,10738.0,0,,0,0.0,0
51820,2020,,,43480.0,14.9,28.9,1489.6459585838345,4.6,40.8,12.179610359243735,,,8913.0,370781779.0,41601.0,,747.0,6.8,10563.0,0,,0,0.0,0
51820,2021,,,47238.0,16.6,27.9,1479.5591182364728,4.6,39.1,12.13029958147936,,,9002.0,392122767.0,43558.0,,756.0,4.1,10432.0,0,,0,0.0,0
51820,2022,,,52519.0,16.1,27.2,1492.384769539078,4.7,38.7,13.40972176536102,,,9269.0,417878667.0,45081.0,16.0,806.0,2.9,10829.0,0,,0,0.0,0
51830,2010,,,50794.0,,43.3,1501.5663459386888,6.1,23.1,,,,14197.0,455342094.0,32074.0,,604.0,10.4,6530.0,0,,0,0.0,0
51830,2011,,,50742.0,,47.3,1537.3685388230028,6.5,23.3,10.642320779623974,,,13388.0,442433354.0,33048.0,,584.0,9.0,6733.0,0,,0,0.0,0
51830,2012,,,50865.0,18.4,49.5,1589.5054822107852,8.0,24.1,11.044668644654392,,,13709.0,470900738.0,34349.0,,572.0,8.2,6832.0,0,,0,0.0,0
51830,2013,,,48616.0,19.5,49.8,1631.1255314388004,8.4,24.0,10.72088033141516,,,13599.0,476565030.0,35043.0,,549.0,7.5,6876.0,0,,0,0.0,0
51830,2014,,,48057.0,20.5,48.6,1611.2105616469007,6.2,24.8,10.845198937440564,,,12880.0,477661964.0,37087.0,,535.0,7.2,6658.0,0,,0,0.0,0
51830,2015,,,48639.0,22.4,52.4,1650.7048556724098,8.5,24.6,11.055026234667997,,,13110.0,495663268.0,37808.0,,520.0,6.3,6682.0,0,,0,0.0,0
51830,2016,,,50091.0,22.8,56.7,1676.8852092190646,9.1,24.4,11.185673295112666,,,13064.0,517341531.0,39602.0,,520.0,5.4,6720.0,0,,0,0.0,0
51830,2017,,,54606.0,21.5,55.2,1657.7534123965092,7.3,24.5,11.524501496229677,,,13016.0,550724496.0,42312.0,,524.0,5.1,6804.0,0,,0,0.0,0
51830,2018,,,56163.0,22.4,56.7,1654.508838666368,7.5,24.6,11.66164086138545,,,13008.0,556892849.0,42812.0,,534.0,4.1,6700.0,0,,0,0.0,0
51830,2019,,,57463.0,20.7,56.8,1670.0604162004922,5.8,24.9,12.056458043354928,,,12780.0,554019541.0,43352.0,,528.0,3.8,6772.0,0,,0,0.0,0
51830,2020,,,59288.0,15.2,50.6,1682.0317744461847,5.2,25.7,12.179610359243735,,,10838.0,512607677.0,47297.0,,529.0,8.4,6780.0,0,,0,0.0,0
51830,2021,,,65297.0,15.5,50.4,1711.6804654285074,6.2,26.1,12.13029958147936,,,11208.0,565395380.0,50448.0,,542.0,4.8,6673.0,0,,0,0.0,0
51830,2022,,,66815.0,13.7,50.6,1732.6023718952786,6.0,24.6,13.40972176536102,,,10931.0,564524701.0,51645.0,,578.0,3.9,6817.0,0,,0,0.0,0
51840,2010,,,44873.0,,29.7,2823.126291743718,6.8,37.0,9.939341126411357,,,25494.0,1062785732.0,41688.0,,1476.0,8.5,13705.0,0,,0,0.0,0
51840,2011,,,46065.0,,29.2,2840.9659523550527,8.8,36.0,10.223582268442264,,,25324.0,1078969294.0,42606.0,17.0,1459.0,7.4,14053.0,0,,0,0.0,0
51840,2012,,,45959.0,20.4,29.5,2864.135755466116,8.2,35.6,10.340518759491466,,,25374.0,1096880967.0,43229.0,4.0,1430.0,6.5,14223.0,0,,0,0.0,0
51840,2013,,,44200.0,20.1,28.6,2892.0918089850975,7.2,35.6,9.966803573391676,,,24752.0,1095039909.0,44240.0,,1405.0,5.7,14363.0,0,,0,0.0,0
51840,2014,,,44731.0,15.6,28.1,2940.389426737735,7.2,35.9,10.943687343564966,,,24603.0,1112254559.0,45207.0,,1428.0,5.0,14481.0,0,,0,0.0,0
51840,2015,,,45363.0,16.0,28.3,2955.292070053302,6.7,37.0,11.94709844171896,,,24682.0,1131023777.0,45824.0,,1463.0,4.3,14256.0,0,,0,0.0,0
51840,2016,,,46466.0,14.6,31.3,2974.9809637767867,5.1,37.0,11.390722485198536,,,24890.0,1164651249.0,46793.0,,1511.0,3.9,14345.0,0,,0,0.0,0
51840,2017,,,49330.0,12.5,32.5,2993.146959643207,4.3,37.6,11.008973377562302,,,25214.0,1203088644.0,47715.0,,1491.0,3.6,14611.0,0,,0,0.0,0
51840,2018,,,53797.0,15.0,33.9,3022.8434678559775,3.8,37.3,11.152964234687593,,,25617.0,1229460981.0,47995.0,,1512.0,3.0,14604.0,0,,0,0.0,0
51840,2019,,,58818.0,16.3,35.1,3034.5915370390517,3.2,38.1,11.824649513632563,,,25510.0,1280761221.0,50206.0,,1505.0,2.8,14830.0,0,,0,0.0,0
51840,2020,,,61102.0,15.3,34.3,3036.2232133144785,5.3,37.3,11.362041646315852,,,24146.0,1315258522.0,54472.0,,1489.0,6.1,14563.0,0,,0,0.0,0
51840,2021,,,61321.0,13.3,33.7,3066.898727292505,4.0,36.6,10.855150298709148,,,24725.0,1388353091.0,56151.0,,1509.0,3.5,14615.0,0,,0,0.0,0
51840,2022,,,62495.0,16.8,32.3,3056.999891221582,5.2,36.6,12.44291093132305,,,24650.0,1424031443.0,57769.0,62.0,1578.0,2.6,15080.0,0,,0,0.0,0
51901,2010,50558.0,10076344.0,,,,,,,,,,,,,,,,,0,,0,0.0,0
51901,2011,52715.0,10027057.0,,,,,,,,,,,,,,,,,0,,0,0.0,0
51901,2012,56783.0,10105155.0,,,,,,,,,,,,,,,,,0,,0,0.0,0
51901,2013,55241.0,10197168.0,,,,,,,,,,,,,,,,,0,,0,0.0,0
51901,2014,57753.0,10422769.0,,,,,,,,,,,,,,,,,0,,0,0.0,0
51901,2015,60637.0,10734159.0,,,,,,,,,,,,,,,,,0,,0,0.0,0
51901,2016,63647.0,10929531.0,,,,,,,,,,,,,,,,,0,,0,0.0,0
51901,2017,68773.0,11560398.0,,,,,,,,,,,,,,,,,0,,0,0.0,0
51901,2018,72446.0,11844942.0,,,,,,,,,,,,,,,,,0,,0,0.0,0
51901,2019,75651.0,11860917.0,,,,,,,,,,,,,,,,,0,,0,0.0,0
51901,2020,75950.0,11480554.0,,,,,,,,,,,,,,,,,0,,0,0.0,0
51901,2021,88988.0,12541972.0,,,,,,,,,,,,,,,,,0,,0,0.0,0
51901,2022,95588.0,13044583.0,,,,,,,,,,,,,,,,,0,,0,0.0,0
51903,2010,31690.0,888751.0,,,,,,,,,,,,,,,,,0,,0,0.0,0
51903,2011,32470.0,899886.0,,,,,,,,,,,,,,,,,0,,0,0.0,0
51903,2012,34430.0,1024958.0,,,,,,,,,,,,,,,,,0,,0,0.0,0
51903,2013,32371.0,951882.0,,,,,,,,,,,,,,,,,0,,0,0.0,0
51903,2014,33613.0,903827.0,,,,,,,,,,,,,,,,,0,,0,0.0,0
51903,2015,35152.0,954052.0,,,,,,,,,,,,,,,,,0,,0,0.0,0
51903,2016,35630.0,974692.0,,,,,,,,,,,,,,,,,0,,0,0.0,0
51903,2017,36536.0,856831.0,,,,,,,,,,,,,,,,,0,,0,0.0,0
51903,2018,37843.0,881760.0,,,,,,,,,,,,,,,,,0,,0,0.0,0
51903,2019,38886.0,893883.0,,,,,,,,,,,,,,,,,0,,0,0.0,0
51903,2020,41881.0,825838.0,,,,,,,,,,,,,,,,,0,,0,0.0,0
51903,2021,45177.0,872084.0,,,,,,,,,,,,,,,,,0,,0,0.0,0
51903,2022,46336.0,863365.0,,,,,,,,,,,,,,,,,0,,0,0.0,0
51907,2010,35775.0,5291699.0,,,,,,,,,,,,,,,,,0,,0,0.0,0
51907,2011,36321.0,5129236.0,,,,,,,,,,,,,,,,,0,,0,0.0,0
51907,2012,36805.0,4924360.0,,,,,,,,,,,,,,,,,0,,0,0.0,0
51907,2013,37102.0,5111112.0,,,,,,,,,,,,,,,,,0,,0,0.0,0
51907,2014,38417.0,5083461.0,,,,,,,,,,,,,,,,,0,,0,0.0,0
51907,2015,39481.0,5090373.0,,,,,,,,,,,,,,,,,0,,0,0.0,0
51907,2016,40156.0,5069347.0,,,,,,,,,,,,,,,,,0,,0,0.0,0
51907,2017,41414.0,5064115.0,,,,,,,,,,,,,,,,,0,,0,0.0,0
51907,2018,42577.0,5135189.0,,,,,,,,,,,,,,,,,0,,0,0.0,0
51907,2019,44722.0,5142428.0,,,,,,,,,,,,,,,,,0,,0,0.0,0
51907,2020,48112.0,4943911.0,,,,,,,,,,,,,,,,,0,,0,0.0,0
51907,2021,51726.0,5183588.0,,,,,,,,,,,,,,,,,0,,0,0.0,0
51907,2022,53712.0,5371275.0,,,,,,,,,,,,,,,,,0,,0,0.0,0
51911,2010,31798.0,7346365.0,,,,,,,,,,,,,,,,,0,,0,0.0,0
51911,2011,32913.0,7195247.0,,,,,,,,,,,,,,,,,0,,0,0.0,0
51911,2012,33761.0,6935759.0,,,,,,,,,,,,,,,,,0,,0,0.0,0
51911,2013,33260.0,6879981.0,,,,,,,,,,,,,,,,,0,,0,0.0,0
51911,2014,34520.0,6873973.0,,,,,,,,,,,,,,,,,0,,0,0.0,0
51911,2015,34840.0,6852521.0,,,,,,,,,,,,,,,,,0,,0,0.0,0
51911,2016,34840.0,6837016.0,,,,,,,,,,,,,,,,,0,,0,0.0,0
51911,2017,35674.0,6946511.0,,,,,,,,,,,,,,,,,0,,0,0.0,0
51911,2018,36987.0,7365271.0,,,,,,,,,,,,,,,,,0,,0,0.0,0
51911,2019,38047.0,7392878.0,,,,,,,,,,,,,,,,,0,,0,0.0,0
51911,2020,41622.0,7119154.0,,,,,,,,,,,,,,,,,0,,0,0.0,0
51911,2021,45118.0,7344084.0,,,,,,,,,,,,,,,,,0,,0,0.0,0
51911,2022,46141.0,7314801.0,,,,,,,,,,,,,,,,,0,,0,0.0,0
51913,2010,28109.0,967786.0,,,,,,,,,,,,,,,,,0,,0,0.0,0
51913,2011,28925.0,962694.0,,,,,,,,,,,,,,,,,0,,0,0.0,0
51913,2012,29448.0,965925.0,,,,,,,,,,,,,,,,,0,,0,0.0,0
51913,2013,29153.0,948751.0,,,,,,,,,,,,,,,,,0,,0,0.0,0
51913,2014,30969.0,972753.0,,,,,,,,,,,,,,,,,0,,0,0.0,0
51913,2015,32220.0,1010992.0,,,,,,,,,,,,,,,,,0,,0,0.0,0
51913,2016,32805.0,1012051.0,,,,,,,,,,,,,,,,,0,,0,0.0,0
51913,2017,34010.0,969032.0,,,,,,,,,,,,,,,,,0,,0,0.0,0
51913,2018,35190.0,961547.0,,,,,,,,,,,,,,,,,0,,0,0.0,0
51913,2019,36426.0,938498.0,,,,,,,,,,,,,,,,,0,,0,0.0,0
51913,2020,40347.0,910381.0,,,,,,,,,,,,,,,,,0,,0,0.0,0
51913,2021,43526.0,923134.0,,,,,,,,,,,,,,,,,0,,0,0.0,0
51913,2022,45391.0,937381.0,,,,,,,,,,,,,,,,,0,,0,0.0,0
51918,2010,33964.0,2962340.0,,,,,,,,,,,,,,,,,0,,0,0.0,0
51918,2011,35541.0,2863791.0,,,,,,,,,,,,,,,,,0,,0,0.0,0
51918,2012,35530.0,2711948.0,,,,,,,,,,,,,,,,,0,,0,0.0,0
51918,2013,35283.0,2776717.0,,,,,,,,,,,,,,,,,0,,0,0.0,0
51918,2014,35042.0,2727760.0,,,,,,,,,,,,,,,,,0,,0,0.0,0
51918,2015,36110.0,2812160.0,,,,,,,,,,,,,,,,,0,,0,0.0,0
51918,2016,35969.0,2763369.0,,,,,,,,,,,,,,,,,0,,0,0.0,0
51918,2017,36904.0,2791652.0,,,,,,,,,,,,,,,,,0,,0,0.0,0
51918,2018,37486.0,2833995.0,,,,,,,,,,,,,,,,,0,,0,0.0,0
51918,2019,39026.0,2831657.0,,,,,,,,,,,,,,,,,0,,0,0.0,0
51918,2020,43341.0,2784897.0,,,,,,,,,,,,,,,,,0,,0,0.0,0
51918,2021,46245.0,2834511.0,,,,,,,,,,,,,,,,,0,,0,0.0,0
51918,2022,47068.0,2967819.0,,,,,,,,,,,,,,,,,0,,0,0.0,0
51919,2010,66243.0,102358252.0,,,,,,,,,,,,,,,,,0,,0,0.0,0
51919,2011,70219.0,104106773.0,,,,,,,,,,,,,,,,,0,,0,0.0,0
51919,2012,72152.0,107372818.0,,,,,,,,,,,,,,,,,0,,0,0.0,0
51919,2013,69759.0,108458197.0,,,,,,,,,,,,,,,,,0,,0,0.0,0
51919,2014,72445.0,108533102.0,,,,,,,,,,,,,,,,,0,,0,0.0,0
51919,2015,75018.0,109923813.0,,,,,,,,,,,,,,,,,0,,0,0.0,0
51919,2016,75908.0,111444480.0,,,,,,,,,,,,,,,,,0,,0,0.0,0
51919,2017,77859.0,114188029.0,,,,,,,,,,,,,,,,,0,,0,0.0,0
51919,2018,81954.0,119273660.0,,,,,,,,,,,,,,,,,0,,0,0.0,0
51919,2019,85521.0,125628136.0,,,,,,,,,,,,,,,,,0,,0,0.0,0
51919,2020,87943.0,125622450.0,,,,,,,,,,,,,,,,,0,,0,0.0,0
51919,2021,97698.0,134207151.0,,,,,,,,,,,,,,,,,0,,0,0.0,0
51919,2022,102447.0,139244840.0,,,,,,,,,,,,,,,,,0,,0,0.0,0
51921,2010,38717.0,5751260.0,,,,,,,,,,,,,,,,,0,,0,0.0,0
51921,2011,40540.0,5781898.0,,,,,,,,,,,,,,,,,0,,0,0.0,0
51921,2012,42020.0,5769582.0,,,,,,,,,,,,,,,,,0,,0,0.0,0
51921,2013,41636.0,6002079.0,,,,,,,,,,,,,,,,,0,,0,0.0,0
51921,2014,42617.0,6013625.0,,,,,,,,,,,,,,,,,0,,0,0.0,0
51921,2015,44764.0,6277453.0,,,,,,,,,,,,,,,,,0,,0,0.0,0
51921,2016,46460.0,6385914.0,,,,,,,,,,,,,,,,,0,,0,0.0,0
51921,2017,48078.0,6434285.0,,,,,,,,,,,,,,,,,0,,0,0.0,0
51921,2018,49306.0,6566665.0,,,,,,,,,,,,,,,,,0,,0,0.0,0
51921,2019,51937.0,6741034.0,,,,,,,,,,,,,,,,,0,,0,0.0,0
51921,2020,54933.0,6853606.0,,,,,,,,,,,,,,,,,0,,0,0.0,0
51921,2021,60442.0,7283872.0,,,,,,,,,,,,,,,,,0,,0,0.0,0
51921,2022,61221.0,7259919.0,,,,,,,,,,,,,,,,,0,,0,0.0,0
51923,2010,25086.0,804522.0,,,,,,,,,,,,,,,,,0,,0,0.0,0
51923,2011,26349.0,783898.0,,,,,,,,,,,,,,,,,0,,0,0.0,0
51923,2012,26352.0,802135.0,,,,,,,,,,,,,,,,,0,,0,0.0,0
51923,2013,26561.0,892217.0,,,,,,,,,,,,,,,,,0,,0,0.0,0
51923,2014,27320.0,875033.0,,,,,,,,,,,,,,,,,0,,0,0.0,0
51923,2015,27738.0,840716.0,,,,,,,,,,,,,,,,,0,,0,0.0,0
51923,2016,28613.0,781247.0,,,,,,,,,,,,,,,,,0,,0,0.0,0
51923,2017,29723.0,798404.0,,,,,,,,,,,,,,,,,0,,0,0.0,0
51923,2018,30155.0,849400.0,,,,,,,,,,,,,,,,,0,,0,0.0,0
51923,2019,31397.0,1385434.0,,,,,,,,,,,,,,,,,0,,0,0.0,0
51923,2020,35072.0,1397490.0,,,,,,,,,,,,,,,,,0,,0,0.0,0
51923,2021,39144.0,1516639.0,,,,,,,,,,,,,,,,,0,,0,0.0,0
51923,2022,40032.0,1602384.0,,,,,,,,,,,,,,,,,0,,0,0.0,0
51929,2010,30328.0,2309707.0,,,,,,,,,,,,,,,,,0,,0,0.0,0
51929,2011,31093.0,2184818.0,,,,,,,,,,,,,,,,,0,,0,0.0,0
51929,2012,31915.0,2079948.0,,,,,,,,,,,,,,,,,0,,0,0.0,0
51929,2013,31694.0,2042754.0,,,,,,,,,,,,,,,,,0,,0,0.0,0
51929,2014,32983.0,2014307.0,,,,,,,,,,,,,,,,,0,,0,0.0,0
51929,2015,34183.0,2068107.0,,,,,,,,,,,,,,,,,0,,0,0.0,0
51929,2016,34969.0,2086797.0,,,,,,,,,,,,,,,,,0,,0,0.0,0
51929,2017,35759.0,2088402.0,,,,,,,,,,,,,,,,,0,,0,0.0,0
51929,2018,36906.0,2137635.0,,,,,,,,,,,,,,,,,0,,0,0.0,0
51929,2019,38370.0,2199480.0,,,,,,,,,,,,,,,,,0,,0,0.0,0
51929,2020,41885.0,2153625.0,,,,,,,,,,,,,,,,,0,,0,0.0,0
51929,2021,45810.0,2236487.0,,,,,,,,,,,,,,,,,0,,0,0.0,0
51929,2022,47021.0,2243859.0,,,,,,,,,,,,,,,,,0,,0,0.0,0
51931,2010,51432.0,4642174.0,,,,,,,,,,,,,,,,,0,,0,0.0,0
51931,2011,54111.0,4468355.0,,,,,,,,,,,,,,,,,0,,0,0.0,0
51931,2012,55493.0,4416413.0,,,,,,,,,,,,,,,,,0,,0,0.0,0
51931,2013,55401.0,4496602.0,,,,,,,,,,,,,,,,,0,,0,0.0,0
51931,2014,56359.0,4374047.0,,,,,,,,,,,,,,,,,0,,0,0.0,0
51931,2015,59107.0,4617822.0,,,,,,,,,,,,,,,,,0,,0,0.0,0
51931,2016,60937.0,4792761.0,,,,,,,,,,,,,,,,,0,,0,0.0,0
51931,2017,62182.0,5178966.0,,,,,,,,,,,,,,,,,0,,0,0.0,0
51931,2018,61906.0,5245569.0,,,,,,,,,,,,,,,,,0,,0,0.0,0
51931,2019,63896.0,5204171.0,,,,,,,,,,,,,,,,,0,,0,0.0,0
51931,2020,67529.0,5244402.0,,,,,,,,,,,,,,,,,0,,0,0.0,0
51931,2021,73815.0,5558140.0,,,,,,,,,,,,,,,,,0,,0,0.0,0
51931,2022,75579.0,5886776.0,,,,,,,,,,,,,,,,,0,,0,0.0,0
51933,2010,27647.0,4629377.0,,,,,,,,,,,,,,,,,0,,0,0.0,0
51933,2011,28648.0,4740879.0,,,,,,,,,,,,,,,,,0,,0,0.0,0
51933,2012,29641.0,4773365.0,,,,,,,,,,,,,,,,,0,,0,0.0,0
51933,2013,29892.0,4869034.0,,,,,,,,,,,,,,,,,0,,0,0.0,0
51933,2014,31444.0,4902704.0,,,,,,,,,,,,,,,,,0,,0,0.0,0
51933,2015,32912.0,5095847.0,,,,,,,,,,,,,,,,,0,,0,0.0,0
51933,2016,33607.0,5171323.0,,,,,,,,,,,,,,,,,0,,0,0.0,0
51933,2017,35084.0,5332180.0,,,,,,,,,,,,,,,,,0,,0,0.0,0
51933,2018,36658.0,5516035.0,,,,,,,,,,,,,,,,,0,,0,0.0,0
51933,2019,37862.0,5403645.0,,,,,,,,,,,,,,,,,0,,0,0.0,0
51933,2020,40016.0,5265600.0,,,,,,,,,,,,,,,,,0,,0,0.0,0
51933,2021,43862.0,5497935.0,,,,,,,,,,,,,,,,,0,,0,0.0,0
51933,2022,45983.0,5698033.0,,,,,,,,,,,,,,,,,0,,0,0.0,0
51939,2010,28514.0,3716677.0,,,,,,,,,,,,,,,,,0,,0,0.0,0
51939,2011,29525.0,3579128.0,,,,,,,,,,,,,,,,,0,,0,0.0,0
51939,2012,30178.0,3488726.0,,,,,,,,,,,,,,,,,0,,0,0.0,0
51939,2013,30531.0,3551461.0,,,,,,,,,,,,,,,,,0,,0,0.0,0
51939,2014,31762.0,3488815.0,,,,,,,,,,,,,,,,,0,,0,0.0,0
51939,2015,32874.0,3413393.0,,,,,,,,,,,,,,,,,0,,0,0.0,0
51939,2016,33433.0,3364238.0,,,,,,,,,,,,,,,,,0,,0,0.0,0
51939,2017,34574.0,3375083.0,,,,,,,,,,,,,,,,,0,,0,0.0,0
51939,2018,35820.0,3455715.0,,,,,,,,,,,,,,,,,0,,0,0.0,0
51939,2019,37218.0,3458755.0,,,,,,,,,,,,,,,,,0,,0,0.0,0
51939,2020,40631.0,3324565.0,,,,,,,,,,,,,,,,,0,,0,0.0,0
51939,2021,44227.0,3415756.0,,,,,,,,,,,,,,,,,0,,0,0.0,0
51939,2022,45618.0,3537843.0,,,,,,,,,,,,,,,,,0,,0,0.0,0
51941,2010,32291.0,3782631.0,,,,,,,,,,,,,,,,,0,,0,0.0,0
51941,2011,32713.0,3920737.0,,,,,,,,,,,,,,,,,0,,0,0.0,0
51941,2012,33165.0,4030709.0,,,,,,,,,,,,,,,,,0,,0,0.0,0
51941,2013,32633.0,3959473.0,,,,,,,,,,,,,,,,,0,,0,0.0,0
51941,2014,33087.0,3848993.0,,,,,,,,,,,,,,,,,0,,0,0.0,0
51941,2015,33545.0,3939406.0,,,,,,,,,,,,,,,,,0,,0,0.0,0
51941,2016,33061.0,3787339.0,,,,,,,,,,,,,,,,,0,,0,0.0,0
51941,2017,34049.0,3828943.0,,,,,,,,,,,,,,,,,0,,0,0.0,0
51941,2018,34374.0,3884305.0,,,,,,,,,,,,,,,,,0,,0,0.0,0
51941,2019,35179.0,3874706.0,,,,,,,,,,,,,,,,,0,,0,0.0,0
51941,2020,38005.0,3899514.0,,,,,,,,,,,,,,,,,0,,0,0.0,0
51941,2021,39746.0,3870549.0,,,,,,,,,,,,,,,,,0,,0,0.0,0
51941,2022,40458.0,3858712.0,,,,,,,,,,,,,,,,,0,,0,0.0,0
51942,2010,47113.0,17339302.0,,,,,,,,,,,,,,,,,0,,0,0.0,0
51942,2011,48587.0,17878524.0,,,,,,,,,,,,,,,,,0,,0,0.0,0
51942,2012,48575.0,18429035.0,,,,,,,,,,,,,,,,,0,,0,0.0,0
51942,2013,47769.0,19109381.0,,,,,,,,,,,,,,,,,0,,0,0.0,0
51942,2014,48818.0,19429887.0,,,,,,,,,,,,,,,,,0,,0,0.0,0
51942,2015,49739.0,19484210.0,,,,,,,,,,,,,,,,,0,,0,0.0,0
51942,2016,50747.0,19747736.0,,,,,,,,,,,,,,,,,0,,0,0.0,0
51942,2017,52135.0,20424444.0,,,,,,,,,,,,,,,,,0,,0,0.0,0
51942,2018,53631.0,20981879.0,,,,,,,,,,,,,,,,,0,,0,0.0,0
51942,2019,55284.0,21720470.0,,,,,,,,,,,,,,,,,0,,0,0.0,0
51942,2020,58465.0,21595028.0,,,,,,,,,,,,,,,,,0,,0,0.0,0
51942,2021,62231.0,22412693.0,,,,,,,,,,,,,,,,,0,,0,0.0,0
51942,2022,64363.0,22847210.0,,,,,,,,,,,,,,,,,0,,0,0.0,0
51944,2010,41646.0,6456744.0,,,,,,,,,,,,,,,,,0,,0,0.0,0
51944,2011,42568.0,6360198.0,,,,,,,,,,,,,,,,,0,,0,0.0,0
51944,2012,44987.0,6158507.0,,,,,,,,,,,,,,,,,0,,0,0.0,0
51944,2013,43583.0,6155375.0,,,,,,,,,,,,,,,,,0,,0,0.0,0
51944,2014,44817.0,6259977.0,,,,,,,,,,,,,,,,,0,,0,0.0,0
51944,2015,47069.0,6481092.0,,,,,,,,,,,,,,,,,0,,0,0.0,0
51944,2016,47625.0,6132203.0,,,,,,,,,,,,,,,,,0,,0,0.0,0
51944,2017,48260.0,6008440.0,,,,,,,,,,,,,,,,,0,,0,0.0,0
51944,2018,49584.0,6161165.0,,,,,,,,,,,,,,,,,0,,0,0.0,0
51944,2019,50540.0,6072957.0,,,,,,,,,,,,,,,,,0,,0,0.0,0
51944,2020,53398.0,5875774.0,,,,,,,,,,,,,,,,,0,,0,0.0,0
51944,2021,57372.0,6175531.0,,,,,,,,,,,,,,,,,0,,0,0.0,0
51944,2022,59516.0,6234527.0,,,,,,,,,,,,,,,,,0,,0,0.0,0
51945,2010,31442.0,1248192.0,,,,,,,,,,,,,,,,,0,,0,0.0,0
51945,2011,32567.0,1235154.0,,,,,,,,,,,,,,,,,0,,0,0.0,0
51945,2012,33606.0,1206069.0,,,,,,,,,,,,,,,,,0,,0,0.0,0
51945,2013,33500.0,1231433.0,,,,,,,,,,,,,,,,,0,,0,0.0,0
51945,2014,35285.0,1219025.0,,,,,,,,,,,,,,,,,0,,0,0.0,0
51945,2015,36225.0,1243523.0,,,,,,,,,,,,,,,,,0,,0,0.0,0
51945,2016,36715.0,1231814.0,,,,,,,,,,,,,,,,,0,,0,0.0,0
51945,2017,37763.0,1233479.0,,,,,,,,,,,,,,,,,0,,0,0.0,0
51945,2018,38407.0,1230010.0,,,,,,,,,,,,,,,,,0,,0,0.0,0
51945,2019,40738.0,1283764.0,,,,,,,,,,,,,,,,,0,,0,0.0,0
51945,2020,43662.0,1211098.0,,,,,,,,,,,,,,,,,0,,0,0.0,0
51945,2021,48075.0,1241631.0,,,,,,,,,,,,,,,,,0,,0,0.0,0
51945,2022,47878.0,1277550.0,,,,,,,,,,,,,,,,,0,,0,0.0,0
51947,2010,30568.0,7859631.0,,,,,,,,,,,,,,,,,0,,0,0.0,0
51947,2011,31739.0,7906064.0,,,,,,,,,,,,,,,,,0,,0,0.0,0
51947,2012,32609.0,8050976.0,,,,,,,,,,,,,,,,,0,,0,0.0,0
51947,2013,33041.0,8320446.0,,,,,,,,,,,,,,,,,0,,0,0.0,0
51947,2014,34639.0,7961219.0,,,,,,,,,,,,,,,,,0,,0,0.0,0
51947,2015,36627.0,7751051.0,,,,,,,,,,,,,,,,,0,,0,0.0,0
51947,2016,35715.0,7467012.0,,,,,,,,,,,,,,,,,0,,0,0.0,0
51947,2017,37621.0,7664982.0,,,,,,,,,,,,,,,,,0,,0,0.0,0
51947,2018,39153.0,7859692.0,,,,,,,,,,,,,,,,,0,,0,0.0,0
51947,2019,40517.0,7986941.0,,,,,,,,,,,,,,,,,0,,0,0.0,0
51947,2020,42832.0,7649535.0,,,,,,,,,,,,,,,,,0,,0,0.0,0
51947,2021,48447.0,8324834.0,,,,,,,,,,,,,,,,,0,,0,0.0,0
51947,2022,51008.0,8571712.0,,,,,,,,,,,,,,,,,0,,0,0.0,0
51949,2010,29652.0,741231.0,,,,,,,,,,,,,,,,,0,,0,0.0,0
51949,2011,31821.0,761789.0,,,,,,,,,,,,,,,,,0,,0,0.0,0
51949,2012,34503.0,828974.0,,,,,,,,,,,,,,,,,0,,0,0.0,0
51949,2013,34616.0,789233.0,,,,,,,,,,,,,,,,,0,,0,0.0,0
51949,2014,35165.0,738510.0,,,,,,,,,,,,,,,,,0,,0,0.0,0
51949,2015,36257.0,747670.0,,,,,,,,,,,,,,,,,0,,0,0.0,0
51949,2016,37632.0,772603.0,,,,,,,,,,,,,,,,,0,,0,0.0,0
51949,2017,38877.0,738051.0,,,,,,,,,,,,,,,,,0,,0,0.0,0
51949,2018,39757.0,740048.0,,,,,,,,,,,,,,,,,0,,0,0.0,0
51949,2019,41977.0,809562.0,,,,,,,,,,,,,,,,,0,,0,0.0,0
51949,2020,45585.0,748385.0,,,,,,,,,,,,,,,,,0,,0,0.0,0
51949,2021,49660.0,800733.0,,,,,,,,,,,,,,,,,0,,0,0.0,0
51949,2022,50536.0,819503.0,,,,,,,,,,,,,,,,,0,,0,0.0,0
51951,2010,41760.0,5421242.0,,,,,,,,,,,,,,,,,0,,0,0.0,0
51951,2011,43300.0,5358426.0,,,,,,,,,,,,,,,,,0,,0,0.0,0
51951,2012,44226.0,5503914.0,,,,,,,,,,,,,,,,,0,,0,0.0,0
51951,2013,43781.0,5687501.0,,,,,,,,,,,,,,,,,0,,0,0.0,0
51951,2014,44734.0,5705919.0,,,,,,,,,,,,,,,,,0,,0,0.0,0
51951,2015,46218.0,5853641.0,,,,,,,,,,,,,,,,,0,,0,0.0,0
51951,2016,47280.0,5948856.0,,,,,,,,,,,,,,,,,0,,0,0.0,0
51951,2017,48657.0,6117824.0,,,,,,,,,,,,,,,,,0,,0,0.0,0
51951,2018,50012.0,6301247.0,,,,,,,,,,,,,,,,,0,,0,0.0,0
51951,2019,52042.0,6346919.0,,,,,,,,,,,,,,,,,0,,0,0.0,0
51951,2020,55712.0,6358427.0,,,,,,,,,,,,,,,,,0,,0,0.0,0
51951,2021,60838.0,6800407.0,,,,,,,,,,,,,,,,,0,,0,0.0,0
51951,2022,61378.0,6978317.0,,,,,,,,,,,,,,,,,0,,0,0.0,0
51953,2010,32954.0,2998519.0,,,,,,,,,,,,,,,,,0,,0,0.0,0
51953,2011,35637.0,2979373.0,,,,,,,,,,,,,,,,,0,,0,0.0,0
51953,2012,37809.0,2937019.0,,,,,,,,,,,,,,,,,0,,0,0.0,0
51953,2013,36334.0,2873135.0,,,,,,,,,,,,,,,,,0,,0,0.0,0
51953,2014,36306.0,2885484.0,,,,,,,,,,,,,,,,,0,,0,0.0,0
51953,2015,36592.0,3011788.0,,,,,,,,,,,,,,,,,0,,0,0.0,0
51953,2016,35963.0,3146068.0,,,,,,,,,,,,,,,,,0,,0,0.0,0
51953,2017,37794.0,3422510.0,,,,,,,,,,,,,,,,,0,,0,0.0,0
51953,2018,38925.0,3558468.0,,,,,,,,,,,,,,,,,0,,0,0.0,0
51953,2019,40169.0,3413687.0,,,,,,,,,,,,,,,,,0,,0,0.0,0
51953,2020,43076.0,3347563.0,,,,,,,,,,,,,,,,,0,,0,0.0,0
51953,2021,47104.0,3326975.0,,,,,,,,,,,,,,,,,0,,0,0.0,0
51953,2022,48525.0,3364821.0,,,,,,,,,,,,,,,,,0,,0,0.0,0
51955,2010,30432.0,2450617.0,,,,,,,,,,,,,,,,,0,,0,0.0,0
51955,2011,31339.0,2259730.0,,,,,,,,,,,,,,,,,0,,0,0.0,0
51955,2012,30586.0,1960753.0,,,,,,,,,,,,,,,,,0,,0,0.0,0
51955,2013,29361.0,1879307.0,,,,,,,,,,,,,,,,,0,,0,0.0,0
51955,2014,30067.0,1745924.0,,,,,,,,,,,,,,,,,0,,0,0.0,0
51955,2015,30409.0,1638489.0,,,,,,,,,,,,,,,,,0,,0,0.0,0
51955,2016,30217.0,1574682.0,,,,,,,,,,,,,,,,,0,,0,0.0,0
51955,2017,30882.0,1538821.0,,,,,,,,,,,,,,,,,0,,0,0.0,0
51955,2018,32413.0,1554668.0,,,,,,,,,,,,,,,,,0,,0,0.0,0
51955,2019,33755.0,1452455.0,,,,,,,,,,,,,,,,,0,,0,0.0,0
51955,2020,37142.0,1430818.0,,,,,,,,,,,,,,,,,0,,0,0.0,0
51955,2021,40882.0,1505299.0,,,,,,,,,,,,,,,,,0,,0,0.0,0
51955,2022,42244.0,1654302.0,,,,,,,,,,,,,,,,,0,,0,0.0,0
51958,2010,49017.0,2784178.0,,,,,,,,,,,,,,,,,0,,0,0.0,0
51958,2011,50419.0,2716881.0,,,,,,,,,,,,,,,,,0,,0,0.0,0
51958,2012,51301.0,2628953.0,,,,,,,,,,,,,,,,,0,,0,0.0,0
51958,2013,51436.0,2731260.0,,,,,,,,,,,,,,,,,0,,0,0.0,0
51958,2014,52965.0,2728543.0,,,,,,,,,,,,,,,,,0,,0,0.0,0
51958,2015,53553.0,2752254.0,,,,,,,,,,,,,,,,,0,,0,0.0,0
51958,2016,54873.0,2641357.0,,,,,,,,,,,,,,,,,0,,0,0.0,0
51958,2017,55988.0,2724319.0,,,,,,,,,,,,,,,,,0,,0,0.0,0
51958,2018,57059.0,2825378.0,,,,,,,,,,,,,,,,,0,,0,0.0,0
51958,2019,59052.0,2866973.0,,,,,,,,,,,,,,,,,0,,0,0.0,0
51958,2020,61227.0,2643306.0,,,,,,,,,,,,,,,,,0,,0,0.0,0
51958,2021,66356.0,2826255.0,,,,,,,,,,,,,,,,,0,,0,0.0,0
51958,2022,68183.0,2932989.0,,,,,,,,,,,,,,,,,0,,0,0.0,0
51999,2010,,,,,,,,,,,,66469.0,5012996788.0,75419.0,272.0,11817.0,,,0,,0,0.0,0
51999,2011,,,,,,,,,,,,72568.0,5500247962.0,75794.0,360.0,12928.0,,,0,,0,0.0,0
51999,2012,,,,,,,,,,,,73846.0,5832915504.0,78988.0,447.0,14261.0,,,0,,0,0.0,0
51999,2013,,,,,,,,,,,,77132.0,6039395314.0,78299.0,349.0,14180.0,,,0,,0,0.0,0
51999,2014,,,,,,,,,,,,81804.0,6570763871.0,80323.0,383.0,15650.0,,,0,,0,0.0,0
51999,2015,,,,,,,,,,,,90369.0,7289877513.0,80668.0,447.0,17581.0,,,0,,0,0.0,0
51999,2016,,,,,,,,,,,,100712.0,8149046933.0,80914.0,630.0,20279.0,,,0,,0,0.0,0
51999,2017,,,,,,,,,,,,110952.0,9069849095.0,81746.0,725.0,24875.0,,,0,,0,0.0,0
51999,2018,,,,,,,,,,,,124929.0,10664429786.0,85364.0,813.0,28352.0,,,0,,0,0.0,0
51999,2019,,,,,,,,,,,,135751.0,12007724067.0,88454.0,1396.0,31171.0,,,0,,0,0.0,0
51999,2020,,,,,,,,,,,,145230.0,13608326393.0,93702.0,1853.0,34837.0,,,0,,0,0.0,0
51999,2021,,,,,,,,,,,,170474.0,16755437497.0,98287.0,2480.0,41744.0,,,0,,0,0.0,0
51999,2022,,,,,,,,,,,,199536.0,20461798366.0,102547.0,2616.0,47290.0,,,0,,0,0.0,0
