fips,year,per_capita_income,gdp_thousands,median_income,poverty_rate,pct_bachelors,pop_density,unemployment_acs,median_age,elec_rate_cents_kwh,total_employment,total_wages,avg_annual_wage,data_processing_employment,total_establishments,unemployment_rate,labor_force,is_treated,dc_opening_year,dc_active,years_since_dc,contaminated_control,state,log_pop_density,log_labor_force,log_total_employment,log_total_wages,log_gdp_thousands
31001,2012,43050.0,1735273.0,49017.0,12.4,21.2,55.56620756505715,5.4,37.8,9.2562863801014,15226.0,512728128.0,33675.0,,1171.0,3.7,16851.0,0,,0,0.0,0,31,4.017575238877971,9.732165281200542,9.630759771866158,20.055256297741725,14.366675307688258
31001,2013,44098.0,1867247.0,49440.0,12.8,20.4,55.686930339408526,6.2,38.0,9.277477772259733,15285.0,517178037.0,33836.0,,1199.0,3.6,16906.0,0,,0,0.0,0,31,4.019745475583348,9.735423867488873,9.634627234324935,20.06389773876309,14.43997571157724
31001,2014,45637.0,1845389.0,51342.0,11.8,22.3,55.73841505199956,6.7,38.1,9.42388317219358,15309.0,535510238.0,34981.0,,1197.0,3.4,16728.0,0,,0,0.0,0,31,4.020669586988596,9.72483924110847,9.63619616973208,20.098730566250087,14.428200653341515
31001,2015,46254.0,1842223.0,50635.0,11.8,23.0,55.82008045817844,5.5,37.8,9.6690548315745,15370.0,551190872.0,35862.0,,1192.0,3.1,16677.0,0,,0,0.0,0,31,4.022133669493351,9.721785803621579,9.640172836532642,20.12759171729438,14.42648355253053
31001,2016,45417.0,1895118.0,51201.0,11.2,22.6,55.98696194037005,5.4,37.7,10.022750753514542,15513.0,568609053.0,36653.0,,1203.0,3.1,16749.0,0,,0,0.0,0,31,4.025118841134393,9.72609383397847,9.64943366106433,20.158703678616156,14.45479166368931
31001,2017,45333.0,1836139.0,51721.0,12.4,23.5,56.03667131804415,4.2,37.9,10.324227881486156,15449.0,587312019.0,38016.0,,1179.0,3.1,16775.0,0,,0,0.0,0,31,4.026006321382817,9.727644961839882,9.64529955531205,20.19106678512244,14.423175555357865
31001,2018,47570.0,1841535.0,51536.0,13.0,24.9,56.07040268146586,3.3,37.4,9.789652693019251,15339.0,604772747.0,39427.0,,1146.0,3.0,16774.0,0,,0,0.0,0,31,4.02660809187305,9.727585347544357,9.638153883748108,20.220363320637063,14.42611002093155
31001,2019,50114.0,1859228.0,53023.0,12.5,24.3,56.077504021133585,2.5,37.7,9.727979484494057,15394.0,625822700.0,40653.0,,1115.0,3.2,16999.0,0,,0,0.0,0,31,4.0267347342667605,9.74090979777877,9.641733102094262,20.254577662111018,14.435671905767288
31001,2020,53085.0,1798401.0,56007.0,12.2,25.6,55.995838614954714,2.4,38.0,9.819777707336035,14968.0,639368818.0,42715.0,,1089.0,4.0,17038.0,0,,0,0.0,0,31,4.025277377526754,9.743201422602786,9.613669867953925,20.275992025806218,14.402408494731176
31001,2021,59441.0,1992589.0,57783.0,13.1,25.8,55.53957754130317,2.4,37.5,9.699863765795728,15028.0,672349118.0,44740.0,,1111.0,2.5,16879.0,0,,0,0.0,0,31,4.017095875463394,9.733825524688928,9.61767040669386,20.32628828441653,14.504945356152081
31001,2022,63095.0,2018543.0,61502.0,12.0,27.1,55.28925531801574,2.7,38.0,9.633308435389765,15440.0,733279474.0,47491.0,2.0,1126.0,2.1,17196.0,0,,0,0.0,0,31,4.012578591603247,9.752432077616172,9.644716823578767,20.413037461399934,14.517886521995962
31003,2012,51419.0,335342.0,40397.0,12.7,15.8,7.764038560030426,2.8,46.5,10.520130069049424,2031.0,59373958.0,29233.0,,281.0,3.2,3573.0,0,,0,0.0,0,31,2.0495026318104568,8.181160858023409,7.616283561580385,17.899366270691402,12.722906185570155
31003,2013,57050.0,344476.0,43518.0,11.0,16.7,7.69987295209629,2.1,46.5,10.32914341416354,2079.0,62153196.0,29899.0,,293.0,3.1,3607.0,0,,0,0.0,0,31,2.0412038289957617,8.19063168090354,7.639642287858013,17.94511279857308,12.749779700826176
31003,2014,55302.0,361275.0,45417.0,12.6,18.3,7.619374280324374,1.9,46.7,11.996752221795562,2105.0,66089318.0,31400.0,,303.0,2.7,3594.0,0,,0,0.0,0,31,2.0306942508839017,8.187021067343505,7.652070746116482,18.00651768813178,12.797394720166531
31003,2015,54635.0,369432.0,45609.0,12.7,17.7,7.566875146560081,1.6,46.5,10.671884295573877,2130.0,69188054.0,32490.0,,304.0,2.6,3610.0,0,,0,0.0,0,31,2.0237801878485078,8.191463051326927,7.6638772587034705,18.05233877562781,12.819721969958021
31003,2016,54469.0,474055.0,46381.0,11.8,18.6,7.491043064456103,1.8,46.1,10.756218052435116,2140.0,70828150.0,33099.0,,302.0,2.6,3613.0,0,,0,0.0,0,31,2.013708048775293,8.19229373114764,7.668561108015897,18.07576707851252,13.069078627701092
31003,2017,48018.0,419674.0,46949.0,11.5,18.6,7.473543353201339,1.9,45.9,10.713547183272476,2164.0,76025718.0,35131.0,,293.0,2.5,3595.0,0,,0,0.0,0,31,2.0113692311503484,8.187299270155147,7.679713639966372,18.146582235744862,12.947233498391565
31003,2018,50582.0,426705.0,48716.0,12.6,19.1,7.433877341023873,2.0,45.3,10.394280160746307,2201.0,80813445.0,36721.0,,287.0,2.5,3612.0,0,,0,0.0,0,31,2.006047572011184,8.192016914536875,7.696667081526462,18.20765390816348,12.963848186941982
31003,2019,58218.0,509507.0,49912.0,11.1,18.4,7.39771127109736,2.2,44.9,10.440357315085484,2193.0,82209028.0,37486.0,,287.0,2.6,3635.0,0,,0,0.0,0,31,2.0011706646812764,8.19836438996762,7.693025748417888,18.22477568367927,13.141198870510303
31003,2020,70681.0,584451.0,52569.0,10.8,18.0,7.367378438255768,1.9,44.8,10.311236748721646,2454.0,106268965.0,43307.0,,277.0,2.2,3932.0,0,,0,0.0,0,31,1.9970619357658361,8.276903481267057,7.805474625270857,18.48148384395827,13.278428224044804
31003,2021,77729.0,578943.0,55802.0,10.8,18.4,7.361545201170847,2.8,43.4,10.357006360071416,2226.0,91073987.0,40908.0,,291.0,1.7,3668.0,0,,0,0.0,0,31,1.9962698565165036,8.207401833376355,7.70796153183549,18.327182778095974,13.268959306113192
31003,2022,70558.0,557707.0,61924.0,11.1,20.5,7.352212021834973,2.1,42.5,10.20759821548813,2202.0,97080181.0,44097.0,,293.0,1.8,3662.0,0,,0,0.0,0,31,1.9950012232984646,8.205764725234456,7.697121317282625,18.391047803262634,13.231589013849888
31005,2012,25811.0,5420.0,45769.0,5.1,27.3,0.6851690270040495,2.4,37.4,12.783054627649832,87.0,1753448.0,20155.0,,21.0,6.5,230.0,0,,0,0.0,0,31,-0.3780897164084208,5.438079308923196,4.465908118654584,14.377094693146889,8.597851094433691
31005,2013,32441.0,8076.0,40568.0,6.9,31.7,0.7089401973286797,4.0,37.5,12.563963640784811,81.0,1773311.0,21938.0,,21.0,7.3,219.0,0,,0,0.0,0,31,-0.34398410392191,5.389071729816501,4.394449154672439,14.38835897858545,8.996651979432729
31005,2014,56234.0,18600.0,41103.0,7.1,31.6,0.665592769089648,2.4,38.4,12.542744908092384,84.0,1929976.0,22930.0,,20.0,5.4,224.0,0,,0,0.0,0,31,-0.4070772532816731,5.4116460518550396,4.430816798843313,14.47301812557059,9.830916859701293
31005,2015,54529.0,25555.0,39375.0,8.0,32.7,0.6264402532608452,4.0,39.9,12.714797721285354,88.0,2266014.0,25653.0,,18.0,4.4,225.0,0,,0,0.0,0,31,-0.467701875098108,5.41610040220442,4.477336814478207,14.633532898838736,10.14858827120238
31005,2016,45709.0,21633.0,40375.0,8.0,26.8,0.6110589077566727,3.7,41.0,13.10246789820022,84.0,2391184.0,28438.0,,17.0,5.7,228.0,0,,0,0.0,0,31,-0.4925619124175029,5.429345628954441,4.430816798843313,14.68729919872841,9.981975205584869
31005,2017,47220.0,19993.0,41250.0,10.9,29.9,0.5886860415687853,0.6,43.3,13.834098005748574,84.0,2410065.0,28691.0,,17.0,5.8,223.0,0,,0,0.0,0,31,-0.5298622738307117,5.407171771460119,4.430816798843313,14.695164276057485,9.903137491271833
31005,2018,44185.0,16485.0,43854.0,10.3,27.9,0.5844911291585565,1.0,47.1,13.86257165319045,84.0,2397462.0,28598.0,,16.0,4.9,223.0,0,,0,0.0,0,31,-0.5370136749883367,5.407171771460119,4.430816798843313,14.689921235770534,9.710206155505832
31005,2019,49704.0,18711.0,42813.0,13.3,26.2,0.597075866389243,0.5,45.5,14.066007602929568,89.0,2396557.0,26953.0,,19.0,5.6,231.0,0,,0,0.0,0,31,-0.5157110942844687,5.442417710521793,4.48863636973214,14.689543681984972,9.836866865194231
31007,2012,57795.0,30762.0,32292.0,18.0,20.8,1.0428409238659104,3.6,45.2,12.340827022235857,163.0,5319133.0,32583.0,,19.0,4.4,436.0,0,,0,0.0,0,31,0.04194864652074526,6.077642243349034,5.093750200806762,15.486820878111974,10.334035441011755
31007,2013,73161.0,44028.0,36875.0,15.4,15.8,1.093776598810518,6.3,49.2,12.277713805368162,168.0,5882322.0,35031.0,,19.0,4.4,435.0,0,,0,0.0,0,31,0.0896364773064607,6.075346031088684,5.123963979403259,15.587462139882316,10.692581074143282
31007,2014,84989.0,54229.0,46875.0,15.0,13.6,1.0562450488513335,6.7,49.3,12.671167603293377,154.0,5535043.0,36020.0,,17.0,3.7,437.0,0,,0,0.0,0,31,0.054720212200232855,6.07993319509559,5.0369526024136295,15.526609892839051,10.900971099687215
31007,2015,80948.0,66635.0,48897.0,11.7,17.4,1.0991382488046872,5.4,50.4,13.228778492051983,154.0,5714203.0,37065.0,,19.0,3.4,442.0,0,,0,0.0,0,31,0.0945264626006526,6.091309882077698,5.0369526024136295,15.558465387918133,11.106985244013828
31007,2016,81602.0,80680.0,50833.0,12.0,17.0,1.062947111344045,7.3,47.9,13.22516489959226,129.0,4459413.0,34636.0,,16.0,3.6,420.0,0,,0,0.0,0,31,0.06104534397720165,6.040254711277414,4.859812404361672,15.310527700984542,11.298245992068148
31007,2017,54647.0,37411.0,55000.0,8.9,17.4,0.9758202989387954,3.2,48.1,13.756259488040511,112.0,4050461.0,36219.0,,12.0,3.6,393.0,0,,0,0.0,0,31,-0.02447682946096033,5.973809611869261,4.718498871295094,15.214341259765396,10.529720057805566
31007,2018,55035.0,36901.0,59625.0,9.7,20.7,0.9329270989854418,1.2,48.5,13.771124726256566,110.0,4059703.0,36767.0,,10.0,3.6,384.0,0,,0,0.0,0,31,-0.06942821732322663,5.950642552587727,4.700480365792417,15.216620376192767,10.515993929932415
31007,2019,60666.0,39404.0,51750.0,5.8,23.3,0.9677778239475416,0.5,48.9,13.809992370793289,107.0,4017989.0,37669.0,,11.0,3.9,385.0,0,,0,0.0,0,31,-0.03275273876482003,5.953243334287785,4.672828834461906,15.206292086672832,10.58162261297557
31007,2020,65341.0,39319.0,53864.0,3.4,26.7,0.8645660615597844,1.5,50.4,14.696327294752493,116.0,4487962.0,38857.0,,13.0,3.1,393.0,0,,0,0.0,0,31,-0.14552756086187377,5.973809611869261,4.7535901911063645,15.316909259125651,10.579463141587746
31007,2021,74295.0,37366.0,57917.0,3.0,27.3,0.8109495616180924,1.6,54.5,14.661879114302812,117.0,4460318.0,37987.0,,13.0,2.1,386.0,0,,0,0.0,0,31,-0.20954941962680476,5.955837369464831,4.762173934797756,15.310730621902922,10.528516479019784
31007,2022,72247.0,34918.0,62375.0,7.4,30.4,0.898076374023342,3.3,54.1,14.25413254283274,112.0,4782876.0,42832.0,,12.0,2.8,387.0,0,,0,0.0,0,31,-0.10750016527263453,5.958424693029782,4.718498871295094,15.380552597174793,10.46075773454472
31009,2012,37210.0,14040.0,41364.0,19.3,18.9,0.8217354659057171,1.0,41.3,10.765194455356642,153.0,3920211.0,25664.0,,27.0,5.3,283.0,0,,0,0.0,0,31,-0.19633675335331166,5.645446897643238,5.030437921392435,15.181656036848661,9.549665677579801
31009,2013,46098.0,24123.0,42917.0,17.7,16.0,0.8245496284601888,2.7,41.0,10.845941870742994,145.0,3896133.0,26901.0,,26.0,5.1,272.0,0,,0,0.0,0,31,-0.1929179466045261,5.605802066295998,4.976733742420574,15.17549508073889,10.090921021216259
31009,2014,70091.0,37159.0,48214.0,16.3,15.7,0.8358062786780752,0.3,39.4,10.932505251621151,144.0,5017185.0,34821.0,,26.0,4.4,275.0,0,,0,0.0,0,31,-0.17935841681889386,5.616771097666572,4.969813299576001,15.428379577412809,10.522961281909057
31009,2015,68098.0,48046.0,48875.0,19.2,18.3,0.7753017837569351,0.7,40.4,11.4856843093404,129.0,4089289.0,31618.0,,23.0,4.5,269.0,0,,0,0.0,0,31,-0.25450292702862426,5.594711379601839,4.859812404361672,15.223881674276491,10.77991416431514
31009,2016,59127.0,48684.0,50350.0,16.2,25.1,0.8161071407967738,1.0,43.6,11.819199977877023,125.0,4084794.0,32788.0,,23.0,4.5,267.0,0,,0,0.0,0,31,-0.20320963264107372,5.58724865840025,4.8283137373023015,15.222781856608114,10.793105712994448
31009,2017,55882.0,31517.0,52000.0,9.8,24.2,0.7063548011723801,1.1,46.8,12.06880231504645,127.0,4479418.0,35179.0,,24.0,4.5,264.0,0,,0,0.0,0,31,-0.3476376164898095,5.575949103146316,4.844187086458591,15.315003685237754,10.35828236177716
31009,2018,58675.0,31017.0,50870.0,12.5,22.7,0.6753990130731922,0.0,46.6,12.289905000521976,129.0,4544363.0,35137.0,,25.0,4.5,264.0,0,,0,0.0,0,31,-0.39245163227960206,5.575949103146316,4.859812404361672,15.329398121755823,10.342290720254804
31009,2019,60089.0,28951.0,51094.0,13.0,23.0,0.6711777692414846,0.0,53.2,12.329886742517612,125.0,4565792.0,36453.0,,25.0,5.0,259.0,0,,0,0.0,0,31,-0.3987212452931976,5.556828061699537,4.8283137373023015,15.33410255093877,10.273360024718905
31011,2012,50204.0,378824.0,44491.0,8.8,14.2,7.971824051807388,3.6,45.7,9.429545115085809,2317.0,70827355.0,30566.0,,264.0,3.0,3036.0,0,,0,0.0,0,31,2.0759133313352076,8.01829613851552,7.748028524432376,18.075755854098755,12.844826996259574
31011,2013,57929.0,422393.0,45246.0,9.7,13.8,7.925213715674037,1.9,45.9,9.677990998274748,2343.0,74394361.0,31749.0,,261.0,3.2,3049.0,0,,0,0.0,0,31,2.070049286677215,8.022568946988255,7.759187438507795,18.124890703920133,12.953691439267175
31011,2014,57908.0,407018.0,47450.0,10.7,15.4,7.871320514519848,2.8,46.1,9.799052959344126,2354.0,76893710.0,32665.0,,267.0,2.6,3025.0,0,,0,0.0,0,31,2.0632258392713787,8.014666370464942,7.763871287820222,18.157934636592156,12.916612689491016
31011,2015,55270.0,401753.0,50306.0,10.1,16.6,7.826166751390663,1.2,45.6,10.183673301978905,2373.0,79148687.0,33350.0,,265.0,2.4,3024.0,0,,0,0.0,0,31,2.0574728309201107,8.014335737299424,7.771910256435763,18.186838755398174,12.903592750902307
31011,2016,52679.0,409162.0,51890.0,7.5,17.7,7.797035291307318,1.5,45.4,10.233845234082343,2371.0,81792494.0,34495.0,,267.0,2.6,3021.0,0,,0,0.0,0,31,2.0537435705846705,8.013343181386672,7.771067086065406,18.219696036971534,12.921866444622346
31011,2017,44723.0,343972.0,53854.0,7.3,19.8,7.802861583323987,1.7,45.0,10.21184716691793,2314.0,83078406.0,35908.0,,271.0,2.5,2956.0,0,,0,0.0,0,31,2.0544905360722496,7.991592282068092,7.746732907753622,18.235295370461692,12.748315537693918
31011,2018,49472.0,378714.0,54063.0,6.1,20.6,7.7387723711406275,1.7,44.6,9.997058598559793,2373.0,88940380.0,37488.0,,271.0,2.3,2949.0,0,,0,0.0,0,31,2.0462430666422327,7.989221408815276,7.771910256435763,18.303476815580986,12.844536581783276
31011,2019,58125.0,421227.0,54979.0,5.8,21.1,7.689248888998941,1.7,44.8,9.995155042138544,2382.0,93782207.0,39366.0,,267.0,2.8,2998.0,0,,0,0.0,0,31,2.039823105014906,8.005700678662542,7.775695749915245,18.356485705151314,12.95092715975158
31011,2020,63833.0,435161.0,60094.0,6.2,19.0,7.614963665786411,1.4,44.6,9.98938284305846,2329.0,96370641.0,41382.0,,262.0,2.5,2953.0,0,,0,0.0,0,31,2.030115214935402,7.990576881743923,7.753194269884341,18.383712159252894,12.98347135653771
31011,2021,77197.0,467216.0,63668.0,6.3,19.5,7.884429671557354,0.9,42.9,10.03897367513435,2337.0,100602177.0,43054.0,,274.0,1.7,2938.0,0,,0,0.0,0,31,2.0648898869882673,7.9854843567338225,7.756623334538858,18.426684455554813,13.054546956485096
31011,2022,66367.0,403346.0,66800.0,7.3,18.0,7.861124503490677,1.0,43.6,9.900904878223916,2382.0,109107689.0,45807.0,,273.0,1.7,3006.0,0,,0,0.0,0,31,2.0619296628099324,8.00836557031292,7.775695749915245,18.507845924946885,12.907550033370367
31013,2012,41997.0,641684.0,44025.0,19.9,17.5,10.549916121424932,4.5,40.5,11.567963721819115,3997.0,127744934.0,31961.0,,441.0,3.9,5964.0,0,,0,0.0,0,31,2.3561179093146336,8.69349667588463,8.293299358711323,18.665546130684486,13.37185124965808
31013,2013,42668.0,604135.0,46373.0,23.9,17.6,10.519228837863272,4.0,40.6,12.03140119853776,4020.0,132668531.0,32999.0,,457.0,3.8,5967.0,0,,0,0.0,0,31,2.3532049002370456,8.693999567522082,8.299037181613066,18.703364327245684,13.311552961876103
31013,2014,44644.0,622775.0,49367.0,20.3,15.5,10.515509167128526,4.6,40.8,12.33075148295594,4009.0,135560658.0,33818.0,,447.0,3.1,5747.0,0,,0,0.0,0,31,2.3528512309141725,8.656433258507741,8.296297112642508,18.72492975863056,13.34194057683893
31013,2015,44075.0,615949.0,51691.0,17.0,15.9,10.5173690024959,3.9,40.8,11.02430790452413,3912.0,134987965.0,34506.0,,435.0,3.0,5683.0,0,,0,0.0,0,31,2.3530280812108577,8.645234541297121,8.271804031154709,18.720696184280623,13.3309194468804
31013,2016,42884.0,606271.0,54444.0,14.0,15.7,10.488541554301612,4.2,40.5,11.129554212992954,3860.0,132919795.0,34432.0,,431.0,3.6,5675.0,0,,0,0.0,0,31,2.350283380740608,8.643825842349603,8.258422462458876,18.705256459168407,13.315082359809166
31013,2017,45335.0,624123.0,56328.0,10.9,17.4,10.41507805729037,5.1,40.5,11.098025873264064,3816.0,137959900.0,36155.0,,435.0,3.3,5478.0,0,,0,0.0,0,31,2.3432545693838773,8.608495349823023,8.246958032568177,18.74247362118487,13.344102743311495
31013,2018,47463.0,619757.0,56412.0,11.9,18.2,10.311857194401153,5.2,40.7,10.802680381952882,3806.0,139693162.0,36707.0,,431.0,2.9,5470.0,0,,0,0.0,0,31,2.3332944170539074,8.607033895416027,8.244334047856094,18.754958875284043,13.337082744710617
31013,2019,49035.0,603352.0,54004.0,14.1,17.1,10.20119699004244,5.0,39.4,10.858753854445128,3754.0,141402416.0,37665.0,,414.0,3.2,5482.0,0,,0,0.0,0,31,2.3225050653699673,8.60922527686273,8.230577217146454,18.767120397560834,13.31025605332181
31013,2020,52654.0,562097.0,61904.0,12.8,17.7,10.08495727958161,4.8,39.6,10.362184555282871,3563.0,140474699.0,39423.0,,394.0,4.8,5409.0,0,,0,0.0,0,31,2.311044935361666,8.595819511871428,8.178358165605836,18.760537952230216,13.239429711847299
31013,2021,57044.0,566065.0,63366.0,12.4,18.7,10.062639255173131,3.7,40.1,10.39616467361228,3631.0,147311261.0,40569.0,,407.0,2.6,5451.0,0,,0,0.0,0,31,2.30882948167234,8.603554357064281,8.197263371414335,18.808058327933697,13.246464191580998
31013,2022,57033.0,529808.0,67893.0,12.0,18.1,10.022652794774606,4.0,40.9,10.272466555458914,3569.0,155191368.0,43488.0,,403.0,2.2,5319.0,0,,0,0.0,0,31,2.3048478105941337,8.579040594742317,8.18004072349016,18.86016954560992,13.180269955743851
31015,2012,41446.0,78200.0,38281.0,9.9,15.4,3.750451443229278,1.4,50.8,12.176294723962872,589.0,13536831.0,22986.0,,101.0,3.8,1145.0,0,,0,0.0,0,31,1.3218762175977845,7.0431599159883405,6.3784261836515865,16.420924750787712,11.267024926533402
31015,2013,40392.0,69819.0,41279.0,10.5,16.1,3.8763925287303103,1.9,51.9,12.371465791117483,580.0,13823292.0,23833.0,,104.0,3.4,1125.0,0,,0,0.0,0,31,1.3549049605031445,7.025538314638521,6.363028103540465,16.44186555343665,11.153661458012774
31015,2014,46639.0,84222.0,40083.0,12.1,18.6,3.8282385842740334,1.2,51.2,12.19362231848187,580.0,14677813.0,25314.0,,107.0,3.3,1100.0,0,,0,0.0,0,31,1.342404797738913,7.003065458786462,6.363028103540465,16.501847591850655,11.341211448762381
31015,2015,48797.0,99364.0,40224.0,11.0,18.1,3.776380490244197,1.1,50.8,10.75253103251266,585.0,15959758.0,27289.0,,112.0,2.7,1093.0,0,,0,0.0,0,31,1.3287660086316002,6.996681488176539,6.371611847231857,16.58558098696371,11.506545154005941
31015,2016,47650.0,106807.0,42463.0,12.5,19.6,3.71526202228046,1.0,51.4,10.838353773965393,600.0,16897193.0,28170.0,,110.0,3.0,1105.0,0,,0,0.0,0,31,1.3124492065790256,7.007600613951853,6.396929655216146,16.642658071423497,11.578778746431539
31015,2017,49531.0,116093.0,48750.0,9.8,20.2,3.7949012381119953,1.6,52.1,10.775363140248633,587.0,16982480.0,28947.0,,108.0,3.4,1089.0,0,,0,0.0,0,31,1.3336583862960445,6.9930151229329605,6.375024819828097,16.647692782363993,11.662146873017305
31015,2018,52300.0,122605.0,50729.0,10.6,18.2,3.781936714604536,1.5,52.3,10.394900061185965,600.0,17670411.0,29475.0,,105.0,3.0,1090.0,0,,0,0.0,0,31,1.3302362367817557,6.993932975223189,6.396929655216146,16.687402103787683,11.716723084686901
31015,2019,58322.0,119106.0,47778.0,9.1,16.7,3.587468861992648,1.4,54.3,10.505653309800786,596.0,21367527.0,35847.0,,105.0,3.4,1092.0,0,,0,0.0,0,31,1.2774469014641407,6.9957661563048505,6.39024066706535,16.877382897622777,11.687769131908224
31015,2020,61428.0,103933.0,53846.0,10.0,18.3,3.4856047487197537,1.7,56.2,10.362184555282871,561.0,18039130.0,32146.0,,104.0,2.8,1057.0,0,,0,0.0,0,31,1.2486415582024697,6.963189985870238,6.329720905522696,16.708053845271753,11.551501739748469
31015,2021,77933.0,117832.0,54464.0,10.6,16.8,3.3559595136451614,1.5,55.5,10.39616467361228,539.0,17994231.0,33379.0,,104.0,2.0,1028.0,0,,0,0.0,0,31,1.2107377246600695,6.93537044601511,6.289715570908998,16.70556176448934,11.677015160169379
31015,2022,78522.0,115767.0,57120.0,11.6,16.9,3.272616148240066,1.8,55.6,10.272466555458914,540.0,18273838.0,33851.0,,100.0,2.1,1030.0,0,,0,0.0,0,31,1.1855897103768411,6.937314081223682,6.29156913955832,16.720980977447233,11.659334829414934
31017,2012,44187.0,137370.0,33333.0,12.8,19.6,2.6061197554193862,1.9,46.7,11.529793380845492,1229.0,34181315.0,27812.0,,169.0,3.9,1449.0,0,,0,0.0,0,31,0.9578624313764318,7.278628942320682,7.113956109566034,17.347189707702768,11.830433294319251
31017,2013,51059.0,162219.0,33647.0,15.6,21.8,2.5930195618640264,0.9,46.7,11.653305528436036,1235.0,35804230.0,28993.0,,169.0,3.8,1432.0,0,,0,0.0,0,31,0.9528230506329787,7.266827347520591,7.118826249062078,17.39357660081559,11.996702553137329
31017,2014,62433.0,204962.0,34645.0,15.7,19.6,2.5299748803788575,0.8,47.1,12.194239309009925,1238.0,37495925.0,30285.0,,169.0,3.4,1421.0,0,,0,0.0,0,31,0.9282093739861301,7.259116128097101,7.121252453244542,17.43974281836932,12.230579875084514
31017,2015,64281.0,247123.0,36078.0,16.5,16.3,2.5201497352123376,0.7,47.6,10.848271963198483,1211.0,38939243.0,32168.0,,167.0,3.7,1400.0,0,,0,0.0,0,31,0.9243183184931635,7.24422751560335,7.099201743553092,17.47751311755501,12.41764146736986
31017,2016,62900.0,297786.0,37328.0,17.3,18.7,2.4742990577685786,0.4,47.7,10.957441323504904,1200.0,39706257.0,33084.0,,166.0,3.7,1388.0,0,,0,0.0,0,31,0.9059571469270239,7.23561914106675,7.090076835776092,17.49701934029163,12.604130386709915
31017,2017,50627.0,206874.0,42773.0,16.0,18.2,2.503774493268138,0.6,48.9,10.930360704543176,1231.0,40999289.0,33301.0,,171.0,3.3,1415.0,0,,0,0.0,0,31,0.9177993905833465,7.254884810077338,7.115582126184454,17.529065283054802,12.239865191264924
31017,2018,51049.0,204595.0,41550.0,15.2,19.8,2.446461146463439,0.6,51.1,10.628768663954236,1238.0,42894510.0,34639.0,,175.0,3.4,1406.0,0,,0,0.0,0,31,0.8946425503470469,7.2485040723706105,7.121252453244542,17.574254403681156,12.228787694273388
31017,2019,58115.0,218083.0,43098.0,13.0,20.7,2.4685677230881087,0.5,49.4,10.663729611259964,1238.0,44827263.0,36219.0,,174.0,3.7,1416.0,0,,0,0.0,0,31,0.9036381132556248,7.255591274253665,7.121252453244542,17.618327061401438,12.292631003255403
31017,2020,65790.0,214923.0,41979.0,9.7,24.2,2.3637661746452303,0.8,48.6,10.362184555282871,1225.0,46230684.0,37742.0,,173.0,2.7,1421.0,0,,0,0.0,0,31,0.860256183757274,7.259116128097101,7.110696122978827,17.649154291442237,12.278035103427637
31017,2021,68310.0,193860.0,43942.0,7.2,22.5,2.2532332915218825,0.6,48.4,10.39616467361228,1373.0,53475219.0,38952.0,,180.0,2.4,1426.0,0,,0,0.0,0,31,0.8123662031475734,7.262628600974241,7.224753405767971,17.794728908296026,12.174891528046599
31017,2022,61177.0,163788.0,44267.0,8.9,21.3,2.203288803592073,0.5,46.9,10.272466555458914,1379.0,56771027.0,41176.0,,179.0,2.4,1424.0,0,,0,0.0,0,31,0.7899511548212448,7.261225091971921,7.229113877793302,17.854536665524055,12.006328187644195
31019,2012,48088.0,2657933.0,50307.0,13.5,31.6,47.85069508995889,3.9,32.3,11.771164992229329,26043.0,907467971.0,34845.0,,1771.0,3.2,27253.0,0,,0,0.0,0,31,3.868085644229378,10.212918885774858,10.167504297059917,20.62616882981653,14.79305931101513
31019,2013,43958.0,2683738.0,50963.0,13.6,31.6,48.42391192084443,4.0,32.3,11.930862240806285,26369.0,917263557.0,34786.0,,1824.0,3.2,27351.0,0,,0,0.0,0,31,3.8799937396724093,10.216508370253013,10.179944356747354,20.6369054011395,14.802721156809751
31019,2014,46650.0,2667626.0,52562.0,12.3,32.8,48.94342194955692,4.1,32.5,11.79673236774142,26816.0,955324113.0,35625.0,,1891.0,2.7,27498.0,0,,0,0.0,0,31,3.890664976893334,10.22186855373718,10.196754003281809,20.677561226207143,14.796699496281484
31019,2015,49594.0,2674439.0,53624.0,13.1,32.7,49.53213112722315,3.5,32.5,10.658475160249989,26839.0,1006946671.0,37517.0,,1898.0,2.4,27245.0,0,,0,0.0,0,31,3.902621572672758,10.2126252970172,10.197611332567385,20.73018849098854,14.79925019669184
31019,2016,49204.0,2728893.0,54098.0,13.6,33.5,49.99070459193158,3.3,32.6,10.696161918810876,27079.0,1021700164.0,37731.0,,1916.0,2.5,27371.0,0,,0,0.0,0,31,3.911837079983713,10.21723933772096,10.206513798722508,20.744733904078426,14.81940659042052
31019,2017,50512.0,2763470.0,55053.0,14.4,33.6,50.43688417921547,3.1,32.9,10.791443883472486,27014.0,1055236717.0,39063.0,,1933.0,2.5,27526.0,0,,0,0.0,0,31,3.9207227363737807,10.222886291539478,10.20411052912071,20.77703095500916,14.831997694397725
31019,2018,54680.0,2991320.0,56952.0,14.1,34.7,50.63931751048315,3.0,33.3,10.427644349821442,27375.0,1091589154.0,39875.0,,1938.0,2.4,28068.0,0,,0,0.0,0,31,3.924728300463963,10.24238541637218,10.217385467118802,20.81090041087515,14.911225319518872
31019,2019,55453.0,3134582.0,59431.0,13.5,34.6,50.82419284873272,2.7,33.5,10.428601700459348,27159.0,1119127269.0,41207.0,,1910.0,2.7,28203.0,0,,0,0.0,0,31,3.9283724783992793,10.24718363424666,10.20946376214355,20.835814994393363,14.958006389826146
31019,2020,61416.0,3072260.0,63513.0,11.9,33.8,51.22182974943711,2.8,33.8,10.347394132643473,26088.0,1150807780.0,44112.0,,1877.0,4.0,27871.0,0,,0,0.0,0,31,3.93616580347258,10.235342000707783,10.169230717469155,20.86372995013324,14.93792400508499
31019,2021,77875.0,3541303.0,65810.0,12.1,34.5,51.47590423664043,2.7,34.0,10.37853930750931,26659.0,1223247870.0,45886.0,,1935.0,2.1,27972.0,0,,0,0.0,0,31,3.941113819280019,10.238959288823757,10.19088208365186,20.924775346868962,15.08000529648151
31019,2022,68468.0,3588963.0,70093.0,11.8,35.2,51.747536716861866,2.9,34.2,10.25949558469734,27017.0,1310063594.0,48490.0,,1953.0,1.8,28257.0,0,,0,0.0,0,31,3.9463768313384113,10.249096493490926,10.204221576482523,20.993341518019367,15.093373860798252
31021,2012,41563.0,255230.0,47786.0,8.3,17.3,13.891770717636383,3.9,47.2,10.134730148375828,1890.0,55820752.0,29528.0,,272.0,4.6,3670.0,0,,0,0.0,0,31,2.631296630112482,8.207946941048617,7.5443321080536885,17.837656257855585,12.449920378402675
31021,2013,44832.0,260130.0,46817.0,9.7,18.3,13.726997921014837,3.2,47.3,10.690554580180098,1925.0,58194470.0,30232.0,,269.0,4.4,3645.0,0,,0,0.0,0,31,2.619364544817252,8.201111644442758,7.562681246721884,17.879300891005116,12.468936785039316
31021,2014,43281.0,249011.0,46988.0,9.3,16.5,13.60901246170558,2.4,47.9,10.964270995135244,1878.0,60688666.0,32316.0,,271.0,3.9,3584.0,0,,0,0.0,0,31,2.610732254273667,8.18423477409482,7.537962659768208,17.921267517013533,12.42525235117791
31021,2015,45812.0,278069.0,47429.0,9.5,17.0,13.521540483252169,3.3,47.4,11.012830318971906,1906.0,63742752.0,33451.0,,283.0,3.6,3624.0,0,,0,0.0,0,31,2.6042840051929748,8.19533366716287,7.552762084214147,17.970366041421496,12.535624563314741
31021,2016,42762.0,277242.0,47137.0,10.0,17.8,13.413726184228192,2.8,47.4,11.355333339989528,1881.0,63446475.0,33729.0,,282.0,3.7,3566.0,0,,0,0.0,0,31,2.5962785247830693,8.179199798423086,7.53955882930103,17.96570719502585,12.53264604997214
31021,2017,42657.0,279952.0,50174.0,12.3,19.1,13.316083045489496,3.5,46.6,11.362828543379916,1827.0,63741263.0,34893.0,,274.0,3.7,3537.0,0,,0,0.0,0,31,2.5889725562125188,8.17103418920548,7.510430556378006,17.970342681630072,12.5423734388844
31021,2018,43462.0,304454.0,51482.0,11.7,18.1,13.279466868462489,2.9,46.2,11.0776805276493,1800.0,65333199.0,36306.0,,266.0,3.5,3507.0,0,,0,0.0,0,31,2.586218997795336,8.162516250140179,7.495541943884256,17.99501087240212,12.62627528739679
31021,2019,47300.0,313059.0,54203.0,12.3,21.3,13.242850691435477,3.9,45.7,11.161737932411745,1786.0,65329569.0,36582.0,,260.0,3.4,3543.0,0,,0,0.0,0,31,2.583457836354008,8.172729104865471,7.487733761436444,17.9949553095198,12.654146950161255
31021,2020,50952.0,287585.0,51961.0,12.7,22.3,13.228611067036082,4.4,45.6,11.217283958041511,1799.0,68742817.0,38219.0,,248.0,3.9,3596.0,0,,0,0.0,0,31,2.582381989020545,8.18757739559151,7.4949862339505335,18.04588280905254,12.569273747696963
31021,2021,58780.0,340764.0,55769.0,13.5,23.1,13.639525942561423,4.2,45.3,11.21386564809458,1830.0,72526859.0,39641.0,,259.0,2.6,3590.0,0,,0,0.0,0,31,2.612971896867172,8.185907481482324,7.512071245835466,18.099467520183737,12.738945434554838
31021,2022,55047.0,290143.0,54950.0,14.2,23.4,13.663936727246098,2.7,44.9,11.438606038863313,1780.0,75108039.0,42194.0,,260.0,2.2,3569.0,0,,0,0.0,0,31,2.6147600064182575,8.18004072349016,7.484368643286131,18.13443815494698,12.57812918387538
31023,2012,41593.0,307240.0,50569.0,9.3,14.1,14.267566888302646,3.1,44.4,10.95174595470734,2581.0,86458840.0,33496.0,,277.0,3.2,4734.0,0,,0,0.0,0,31,2.657988911576324,8.46252579007393,7.855932199718614,18.27517902050492,12.635384480112618
31023,2013,44737.0,324505.0,50247.0,9.4,14.1,14.248760029612251,3.9,44.4,10.856764662726295,2592.0,85798077.0,33103.0,,289.0,3.3,4775.0,0,,0,0.0,0,31,2.656669887462787,8.471149252914831,7.860185057472165,18.26750715161961,12.690056223328067
31023,2014,43535.0,316758.0,49241.0,8.9,14.0,14.211146312231469,4.1,44.5,10.935442674802053,2696.0,99426608.0,36874.0,,286.0,2.9,4830.0,0,,0,0.0,0,31,2.654026608259452,8.482601746646619,7.899524472032198,18.414930321921968,12.66589335437589
31023,2015,46039.0,316458.0,51027.0,8.5,15.2,14.115402304353104,4.2,44.7,11.299597679154886,2659.0,101484151.0,38165.0,,281.0,2.8,4757.0,0,,0,0.0,0,31,2.647266563201733,8.467372496432281,7.88570539124302,18.43541319647053,12.664945810338955
31023,2016,41666.0,250109.0,51166.0,8.7,17.4,14.028206868606736,4.5,44.1,11.486444241424394,2556.0,97326468.0,38073.0,,281.0,3.2,4652.0,0,,0,0.0,0,31,2.64107007900458,8.445052513638554,7.846198815497425,18.393581534830215,12.429652101824002
31023,2017,42796.0,260396.0,52448.0,7.8,18.7,13.8572354259668,4.4,43.5,11.489205219178912,2563.0,97401178.0,38008.0,,284.0,2.8,4606.0,0,,0,0.0,0,31,2.6288075096501653,8.43511508038063,7.848933726364071,18.39434886299548,12.469958828215468
31023,2018,45146.0,287101.0,55562.0,7.5,19.9,13.792266277763623,3.1,43.9,11.22418330012852,2538.0,101230666.0,39890.0,,279.0,2.4,4602.0,0,,0,0.0,0,31,2.624108020417363,8.434246270595311,7.839131648274333,18.43291229263064,12.56758934921002
31023,2019,49070.0,307148.0,58979.0,7.2,21.4,13.72729712956045,1.8,43.3,10.865776965551245,2571.0,105383332.0,40989.0,,272.0,2.6,4679.0,0,,0,0.0,0,31,2.6193863416650727,8.450839690866216,7.852050207265889,18.473115041148564,12.635084995094397
31025,2012,42245.0,665269.0,64979.0,5.6,24.3,45.23932128458573,5.6,40.9,10.505376250219213,5010.0,163890658.0,32713.0,,650.0,4.5,13282.0,0,,0,0.0,0,31,3.811966648584225,9.494165014100659,8.51919119407891,18.914710043919985,13.407946749123557
31025,2013,43933.0,683136.0,64697.0,6.4,23.6,45.253674999596306,5.7,41.5,11.003404082541005,5163.0,172573099.0,33424.0,,662.0,4.2,13274.0,0,,0,0.0,0,31,3.81228388230883,9.49356251370587,8.54927308487965,18.966331466992635,13.434449240253562
31025,2014,43253.0,663656.0,65560.0,5.8,24.5,45.42053693659426,4.4,41.5,10.961375754525468,5500.0,182244090.0,33137.0,,673.0,3.7,13244.0,0,,0,0.0,0,31,3.8159643581970197,9.491299898667137,8.612503371220562,19.020857500343705,13.405519221923598
31025,2015,45643.0,684047.0,65619.0,6.2,25.1,45.50127658352876,3.8,41.5,11.00305792494729,5471.0,191412714.0,34987.0,,676.0,3.3,13123.0,0,,0,0.0,0,31,3.8177403823441725,9.482121694896287,8.607216694063826,19.069942461109285,13.435781907694318
31025,2016,46555.0,686310.0,65385.0,7.0,24.9,45.68608066428993,3.5,42.0,11.347781186907536,5647.0,203244151.0,35990.0,,687.0,3.4,13217.0,0,,0,0.0,0,31,3.821793670855941,9.489259158757807,8.638879709672837,19.129918528610343,13.439084699677938
31025,2017,48298.0,715242.0,68284.0,6.3,26.8,45.77579138310604,2.8,41.9,11.356095527089092,5764.0,214174450.0,37155.0,,700.0,3.2,13289.0,0,,0,0.0,0,31,3.823755378955226,9.494691904331507,8.659386957119413,19.18230142781762,13.48037622594942
31025,2018,50352.0,741101.0,71139.0,6.4,27.4,46.114897900230915,3.0,41.6,11.068580386264546,5814.0,219484175.0,37749.0,,697.0,3.1,13494.0,0,,0,0.0,0,31,3.8311360626600965,9.510000421187371,8.668024081118821,19.2067906922085,13.515892197284106
31025,2019,52919.0,756621.0,71846.0,6.8,27.7,46.44862177422683,3.2,41.7,11.151508121114606,5811.0,229645030.0,39518.0,,703.0,3.4,13712.0,0,,0,0.0,0,31,3.8383467936512283,9.52602664083756,8.667507952075105,19.25204532687333,13.536617746545287
31025,2020,56807.0,770089.0,73683.0,6.4,29.4,46.689046500653994,2.7,41.3,11.217283958041511,5595.0,241763632.0,43215.0,,673.0,4.4,13481.0,0,,0,0.0,0,31,3.8435095868564315,9.509036565691064,8.629628620746026,19.303471079539325,13.554261371566087
31025,2021,63252.0,852434.0,78251.0,5.8,29.8,47.62921483384678,2.8,40.8,11.21386564809458,5795.0,251406476.0,43383.0,,710.0,2.8,13487.0,0,,0,0.0,0,31,3.863446329979158,9.509481537516857,8.664750755773852,19.34258161353407,13.655851065787937
31025,2022,63577.0,810789.0,87673.0,5.6,31.3,47.99344035224017,2.2,40.8,11.438606038863313,5728.0,269768888.0,47101.0,3.0,725.0,2.3,13583.0,0,,0,0.0,0,31,3.871064342240824,9.51657428982249,8.653121708640482,19.413076180040456,13.605763126620394
31027,2012,45594.0,385590.0,43718.0,10.6,16.2,11.897428415495432,2.6,44.5,8.70555161878652,2672.0,83417603.0,31219.0,,371.0,2.8,4732.0,0,,0,0.0,0,31,2.476322277226415,8.462103225098277,7.890582534656536,18.23936991220372,12.862529907772288
31027,2013,45570.0,383296.0,48038.0,10.1,16.6,11.87446301489779,2.9,44.6,8.35227050111664,2691.0,83878509.0,31165.0,,369.0,2.9,4718.0,0,,0,0.0,0,31,2.474390129100178,8.45914025996762,7.897668150726906,18.24487998844659,12.856562815624134
31027,2014,44678.0,356924.0,49507.0,10.8,16.5,11.801514095352342,2.5,44.8,11.96477874864665,2734.0,87741479.0,32091.0,,370.0,2.3,4670.0,0,,0,0.0,0,31,2.468227836405642,8.448914350662942,7.913521017283895,18.289905310182107,12.785278152944453
31027,2015,46484.0,381619.0,52250.0,10.2,17.7,11.719108834384338,2.2,44.8,10.536414796472078,2736.0,90423483.0,33050.0,,369.0,2.4,4660.0,0,,0,0.0,0,31,2.4612207432360154,8.446770727119691,7.914252278742441,18.320014559327735,12.852178007673164
31027,2016,44897.0,394606.0,54391.0,10.4,17.6,11.694792527869188,1.8,44.5,10.636271369422149,2658.0,89602919.0,33713.0,,361.0,2.5,4595.0,0,,0,0.0,0,31,2.4591436596367293,8.432724034789787,7.885329239273191,18.310898455539505,12.885643077726213
31027,2017,44657.0,360357.0,57208.0,9.7,18.4,11.565105559788394,1.6,44.1,10.589260506904168,2617.0,91155782.0,34829.0,,349.0,2.3,4511.0,0,,0,0.0,0,31,2.4479924231634413,8.414274137408396,7.869783902530146,18.328080490977268,12.794850485722398
31027,2018,48213.0,393571.0,58978.0,9.1,19.4,11.51377113492308,1.2,43.6,10.275951695353283,2614.0,93262166.0,35678.0,,346.0,2.4,4526.0,0,,0,0.0,0,31,2.4435438089432533,8.417593826193484,7.868636894184167,18.350925074466122,12.883016762584026
31027,2019,51074.0,387279.0,61869.0,7.2,21.0,11.479998486985371,1.1,42.7,10.30538624556274,2645.0,97536066.0,36870.0,,352.0,2.6,4582.0,0,,0,0.0,0,31,2.4406062590957123,8.42989086301344,7.8804263442924,18.3957327752614,12.866900642499107
31027,2020,56831.0,428316.0,64703.0,6.8,21.0,11.459734898222749,1.7,42.2,10.210829164096626,2574.0,99353032.0,38597.0,,342.0,2.7,4564.0,0,,0,0.0,0,31,2.4388395782286905,8.425954710981966,7.853216388156072,18.414190044865826,12.967616519898469
31027,2021,69144.0,489003.0,69490.0,5.8,21.7,11.348960612987067,2.2,41.9,10.23297173733796,2665.0,107027782.0,40163.0,,358.0,1.9,4633.0,0,,0,0.0,0,31,2.4291261637858024,8.440959885416648,7.887959336599945,18.4885990035841,13.100123903407516
31027,2022,65141.0,432130.0,72035.0,5.4,23.3,11.313837059131853,2.0,41.7,10.111491432005996,2671.0,110152352.0,41241.0,,353.0,1.8,4628.0,0,,0,0.0,0,31,2.4260264951142227,8.439880088313567,7.890208213109961,18.517374983685524,12.976481747883048
31029,2012,60628.0,280504.0,43125.0,12.4,14.1,4.431927318180852,4.1,43.7,10.653898172925595,1798.0,57435239.0,31951.0,,221.0,2.3,2369.0,0,,0,0.0,0,31,1.4888345499830873,7.7702232041587855,7.494430215031565,17.866168592778717,12.544343264092767
31029,2013,65812.0,280728.0,45610.0,12.8,18.2,4.454288202732724,2.0,43.3,10.574659154862976,1843.0,60360531.0,32748.0,,226.0,2.3,2399.0,0,,0,0.0,0,31,1.4938672732376976,7.782807262839695,7.519149957669823,17.915845989041927,12.545141507998652
31029,2014,61421.0,254081.0,48450.0,12.1,19.0,4.460996468098285,1.0,43.3,10.640608884425,1820.0,61585649.0,33843.0,,221.0,2.0,2349.0,0,,0,0.0,0,31,1.4953721644171178,7.761744984658913,7.506591780070841,17.93593943058262,12.445408392801426
31029,2015,61348.0,279539.0,52422.0,8.9,18.2,4.357018354932085,0.7,44.9,10.955801660902774,1859.0,63225521.0,34014.0,,229.0,1.9,2348.0,0,,0,0.0,0,31,1.471787959871918,7.761319180947987,7.527793987721444,17.96221859089758,12.540897096726926
31029,2016,66169.0,358664.0,53496.0,9.8,18.5,4.540377608257428,1.5,43.3,11.37223819447985,1824.0,63208132.0,34661.0,,232.0,2.0,2304.0,0,,0,0.0,0,31,1.5130101822195066,7.742402021815782,7.508787170634276,17.96194352172577,12.79014129606388
31029,2017,54407.0,326509.0,54568.0,8.0,19.4,4.25192219753829,2.3,44.4,11.625948097645608,1853.0,65919246.0,35574.0,,232.0,1.9,2325.0,0,,0,0.0,0,31,1.4473711624614682,7.751475318021456,7.52456122628536,18.00394100539328,12.696212792402939
31029,2018,52428.0,312228.0,55833.0,8.4,20.8,4.174777145834335,2.5,45.6,11.446707547088248,1846.0,67837091.0,36755.0,,234.0,2.3,2304.0,0,,0,0.0,0,31,1.4290609786348765,7.742402021815782,7.520776415062797,18.03261966822193,12.651488969140566
31029,2019,59803.0,332087.0,57009.0,9.7,21.0,4.229561312986419,2.5,43.5,11.335769599530613,1831.0,71909944.0,39270.0,,233.0,2.3,2303.0,0,,0,0.0,0,31,1.442098279166238,7.741967899820685,7.5126175446745105,18.090925116327156,12.713152261762765
31029,2020,70943.0,343707.0,56135.0,8.9,22.2,4.144589951689309,3.5,44.2,11.35921631885436,1813.0,76454018.0,42174.0,,238.0,1.8,2289.0,0,,0,0.0,0,31,1.4218038576839411,7.735870319952567,7.502738210754851,18.152200046185207,12.747544829229307
31029,2021,74955.0,346072.0,55690.0,8.1,22.4,4.130055376730593,3.1,43.0,10.864276654381838,1763.0,74588866.0,42316.0,,240.0,1.7,2239.0,0,,0,0.0,0,31,1.418290815292394,7.713784616598755,7.47477218239787,18.127501804705442,12.754402124877172
31029,2022,73936.0,323192.0,57313.0,8.2,24.4,4.141235819006528,2.6,43.2,10.796457297501329,1796.0,83592131.0,46554.0,,234.0,1.7,2280.0,0,,0,0.0,0,31,1.4209942502992787,7.731930721948486,7.493317248862145,18.241459946830467,12.686001852847482
31031,2012,40565.0,214576.0,45172.0,11.1,21.0,0.960031354536794,1.1,47.1,11.610783563041991,2284.0,57500705.0,25177.0,,315.0,2.8,3476.0,0,,0,0.0,0,31,-0.0407893340777861,8.153637486385282,7.7336835707759,17.86730776656198,12.276419266950722
31031,2013,42128.0,255165.0,45464.0,13.0,21.3,0.9622124813471712,1.8,45.1,12.338214574373302,2272.0,58120473.0,25584.0,,324.0,2.7,3480.0,0,,0,0.0,0,31,-0.038519978124370614,8.15478757276852,7.7284157798410416,17.878028534967722,12.449665673711793
31031,2014,57005.0,331334.0,46817.0,11.4,20.4,0.964561387142962,4.0,44.4,12.21187383681294,2270.0,62922266.0,27721.0,,335.0,2.4,3417.0,0,,0,0.0,0,31,-0.036081802064550764,8.136518252115291,7.727535110475448,17.957410649491877,12.710882209041012
31031,2015,51610.0,382907.0,48750.0,11.4,19.7,0.9680847458366484,2.6,43.9,10.931841169042032,2342.0,67202057.0,28695.0,,336.0,2.3,3463.0,0,,0,0.0,0,31,-0.0324356481856963,8.149890544402423,7.758760544157663,18.023214415143947,12.855547418833929
31031,2016,44958.0,386494.0,53059.0,8.0,19.1,0.9699303146761984,2.3,43.7,11.074848161785944,2389.0,69391939.0,29045.0,,341.0,2.3,3491.0,0,,0,0.0,0,31,-0.030531050605365397,8.157943507105037,7.77863014732581,18.055281265993028,12.864871622956386
31031,2017,44213.0,300532.0,53226.0,9.0,20.1,0.9717758835157484,2.6,43.8,11.064566652908358,2317.0,68956511.0,29768.0,,338.0,2.3,3423.0,0,,0,0.0,0,31,-0.028630073622289115,8.138272638530186,7.748028524432376,18.048986588492202,12.61330951647252
31031,2018,44328.0,282198.0,53684.0,10.5,21.2,0.971440325544921,1.6,43.6,10.7721822087067,2293.0,72164845.0,31466.0,,332.0,2.2,3376.0,0,,0,0.0,0,31,-0.02897543712080063,8.124446855715847,7.737616282857904,18.094463573925886,12.550364231203519
31031,2019,47161.0,272850.0,56651.0,7.8,22.9,0.9695947567053712,0.3,43.1,10.812405616522629,2289.0,72772350.0,31792.0,,326.0,2.4,3411.0,0,,0,0.0,0,31,-0.030877071370063423,8.134760782418645,7.735870319952567,18.102846633329396,12.516677472614377
31031,2020,54389.0,300217.0,55431.0,9.8,23.9,0.973285894384471,0.1,42.1,10.362184555282871,2183.0,73143337.0,33505.0,,311.0,2.5,3399.0,0,,0,0.0,0,31,-0.02707741222177716,8.131236549696116,7.688455356549944,18.107931594473822,12.6122608254922
31031,2021,57997.0,281116.0,57719.0,7.8,25.8,0.9236233147020364,0.2,41.8,10.39616467361228,2278.0,80071892.0,35146.0,,319.0,1.6,3447.0,0,,0,0.0,0,31,-0.07945095853106109,8.145259566516865,7.731053144007127,18.19843543909399,12.546522674520604
31031,2022,56904.0,257638.0,62373.0,9.8,25.9,0.9182543871688,0.4,41.5,10.272466555458914,2215.0,82301027.0,37165.0,,320.0,1.6,3395.0,0,,0,0.0,0,31,-0.08528081654392347,8.130059039992796,7.703007682479236,18.22589414430577,12.45931077786094
31033,2012,46142.0,745941.0,50694.0,12.3,25.3,8.392920448692651,3.8,40.3,11.649117313136925,5685.0,282478039.0,49685.0,,390.0,2.7,5778.0,0,,0,0.0,0,31,2.1273885467634623,8.661812881026181,8.645586406184636,19.459111367475913,13.52240178758639
31033,2013,48568.0,775656.0,51529.0,14.0,25.3,8.379542611755104,2.4,39.9,11.708640224495888,5751.0,298353522.0,51877.0,,399.0,2.8,5801.0,0,,0,0.0,0,31,2.125793332068253,8.665785595466064,8.657129031713755,19.513789656789786,13.561464401910248
31033,2014,48835.0,771409.0,54094.0,13.5,23.8,8.39793713754423,2.6,39.8,11.920822250876215,5779.0,303941845.0,52591.0,,410.0,2.2,5751.0,0,,0,0.0,0,31,2.127986096826059,8.657129031713755,8.661985936317778,19.53234694172834,13.555973991786987
31033,2015,48069.0,733462.0,53814.0,11.6,23.4,8.425528926227917,1.6,39.9,12.540406812709143,5849.0,293857185.0,50242.0,,424.0,2.2,5770.0,0,,0,0.0,0,31,2.1312662548289856,8.660427359502146,8.674025985443025,19.498604441974646,13.505531068815541
31033,2016,46132.0,764191.0,54215.0,10.0,24.4,8.436398418739675,2.4,40.5,12.864257469504972,5485.0,277776073.0,50643.0,,419.0,2.8,5483.0,0,,0,0.0,0,31,2.1325554898962378,8.609407675404048,8.609772372709331,19.442325854265516,13.546573036903865
31033,2017,46894.0,743319.0,58770.0,10.9,26.3,8.371181463669139,2.5,40.7,13.352024084968368,5068.0,316473868.0,62442.0,,408.0,2.9,5147.0,0,,0,0.0,0,31,2.124795029100248,8.546169299652755,8.53070154144103,19.57275123057896,13.51888057207107
31033,2018,46593.0,610001.0,56538.0,10.0,26.2,8.237403094293683,2.8,41.0,13.645251396724571,4582.0,221339358.0,48310.0,,386.0,2.9,4756.0,0,,0,0.0,0,31,2.1086851357890115,8.467162257810672,8.42989086301344,19.21520763828166,13.321215875492413
31033,2019,48167.0,547744.0,53871.0,9.6,25.4,8.030046621761727,2.4,40.4,13.573904675715298,4166.0,168897088.0,40543.0,,380.0,3.7,4443.0,0,,0,0.0,0,31,2.083190333889727,8.399085102935908,8.334711621820917,18.944800140658412,13.213563303495391
31033,2020,49614.0,519988.0,52270.0,11.0,25.5,7.882890415448726,2.7,41.0,14.696327294752493,3855.0,162993564.0,42280.0,,370.0,4.5,4290.0,0,,0,0.0,0,31,2.064694640604605,8.364042011922063,8.25712628599743,18.90922127332892,13.161561013368257
31033,2021,54364.0,527727.0,53674.0,11.6,22.6,8.005799292312426,2.8,41.4,14.661879114302812,3854.0,163568420.0,42440.0,,386.0,2.9,4239.0,0,,0,0.0,0,31,2.08016619059743,8.352082671352637,8.256866848974312,18.912741931715047,13.176334383519759
31033,2022,51118.0,536663.0,54038.0,11.7,23.8,7.933893418773119,2.6,41.4,14.25413254283274,3871.0,172106844.0,44461.0,,389.0,2.3,4228.0,0,,0,0.0,0,31,2.0711438885223417,8.349484346990128,8.261268150577648,18.963626027968047,13.19312561597106
31035,2012,46870.0,341608.0,45711.0,8.7,17.9,11.352655738621571,4.2,43.8,9.2562863801014,2468.0,87570710.0,35478.0,,275.0,3.6,3479.0,0,,0,0.0,0,31,2.4294517023386444,8.154500175151941,7.811163385025279,18.287957139265014,12.741419159826073
31035,2013,54822.0,396489.0,46784.0,9.0,17.6,11.303729409441733,4.2,43.7,9.313718936403228,2529.0,91789294.0,36289.0,,279.0,3.4,3492.0,0,,0,0.0,0,31,2.4251327075020988,8.158229916959494,7.835579246669965,18.335006225696034,12.890403576923148
31035,2014,51319.0,344888.0,50682.0,10.1,17.5,11.226845177873418,3.7,43.8,9.444691060111154,2586.0,94409860.0,36503.0,,294.0,3.2,3463.0,0,,0,0.0,0,31,2.418307801221534,8.149890544402423,7.857867559331803,18.363156074813837,12.750975005626119
31035,2015,51160.0,320311.0,51470.0,9.3,19.0,11.15170831520438,2.8,43.2,9.681749545657755,2514.0,94127254.0,37445.0,,295.0,2.9,3387.0,0,,0,0.0,0,31,2.411592698296302,8.127699852817772,7.829630389150193,18.36015819067676,12.67704767781117
31035,2016,50422.0,334053.0,51613.0,9.9,18.6,11.031139861154069,2.8,43.6,9.992336734944816,2420.0,97519731.0,40296.0,,291.0,3.1,3340.0,0,,0,0.0,0,31,2.4007221698257393,8.113726085970747,7.791522819150732,18.395565284724952,12.71905494200481
31035,2017,47359.0,279918.0,54167.0,11.1,17.8,10.945518785089352,3.0,43.5,10.26721575872255,2369.0,96788554.0,40852.0,,293.0,3.1,3308.0,0,,0,0.0,0,31,2.3929301291287524,8.104099056143582,7.7702232041587855,18.3880393014538,12.542251982117502
31035,2018,48508.0,287227.0,56316.0,11.4,18.4,10.889602980312397,3.6,42.5,9.769144969071174,2341.0,98573181.0,42104.0,,291.0,3.2,3290.0,0,,0,0.0,0,31,2.3878084790086977,8.098642843759418,7.75833346749091,18.406309784603103,12.568028122879497
31035,2019,53417.0,324249.0,57173.0,10.5,19.9,10.838929282233275,3.5,42.5,9.676323148583633,2359.0,101884757.0,43194.0,,290.0,3.3,3339.0,0,,0,0.0,0,31,2.383144216431231,8.113426639943654,7.765993079407675,18.43935289917237,12.689267018133842
31035,2020,58850.0,338816.0,63686.0,9.3,19.9,10.82145559324048,3.3,41.9,9.914724958494538,2253.0,106081093.0,47091.0,,284.0,3.3,3303.0,0,,0,0.0,0,31,2.381530792396174,8.10258642539079,7.720017940432244,18.47971438789324,12.733212466146718
31035,2021,68768.0,383578.0,70690.0,8.9,20.0,10.665939761204566,3.0,40.5,9.792850506808264,2248.0,107448281.0,47803.0,,289.0,2.4,3246.0,0,,0,0.0,0,31,2.3670554644224064,8.085178748074537,7.717796211013582,18.49252018278615,12.857298268939049
31035,2022,63435.0,320102.0,73933.0,8.7,21.6,10.637981858816088,2.2,39.5,9.751611249244691,2054.0,100247670.0,48816.0,,285.0,2.2,3103.0,0,,0,0.0,0,31,2.364430790999635,8.04012466444838,7.627544390488503,18.423154381985594,12.676394973985921
31037,2012,36347.0,497377.0,48561.0,17.1,12.4,25.39311594642983,7.9,34.4,10.085153065482396,4772.0,159236515.0,33372.0,,318.0,3.4,5653.0,0,,0,0.0,0,31,3.234478111559271,8.63994165667529,8.470520783217808,18.885901170652183,13.117103568831977
31037,2013,39094.0,521135.0,51765.0,15.5,14.4,25.495145112195644,7.7,34.8,10.921643096639473,4803.0,168492183.0,35078.0,,320.0,3.4,5607.0,0,,0,0.0,0,31,3.2384880462812973,8.631771096123673,8.476996001664824,18.942399914989167,13.163764404253005
31037,2014,38556.0,547715.0,52086.0,13.6,14.1,25.536442631672283,7.6,34.9,10.619287955095654,4970.0,173259951.0,34863.0,,327.0,3.0,5625.0,0,,0,0.0,0,31,3.2401065547509558,8.63497622707262,8.511175119090675,18.970303631614268,13.213510357652586
31037,2015,39983.0,611718.0,51367.0,13.3,13.4,25.560735290187953,6.4,34.2,11.023123277038176,5077.0,185708955.0,36577.0,,336.0,2.6,5572.0,0,,0,0.0,0,31,3.2410573963173164,8.625509334899697,8.532475814947395,19.03969124810047,13.324026670987022
31037,2016,40811.0,661140.0,52712.0,12.0,13.9,25.50486217560191,5.4,33.9,11.394078181236752,5153.0,214105473.0,41553.0,,338.0,2.8,5582.0,0,,0,0.0,0,31,3.2388691075415053,8.627302414096267,8.547334348328224,19.1819793160543,13.401720896709877
31037,2017,40071.0,640467.0,54876.0,8.2,14.4,25.78908628023525,3.5,33.7,11.40986355358602,5187.0,213104213.0,41081.0,,329.0,2.4,5651.0,0,,0,0.0,0,31,3.249951390038607,8.639587799629844,8.553910774351401,19.177291866934425,13.369952876743366
31037,2018,41408.0,680228.0,56528.0,12.4,14.5,26.138900562860897,3.2,34.3,11.136680734607834,5110.0,221725597.0,43393.0,,320.0,2.5,5659.0,0,,0,0.0,0,31,3.263424647742339,8.641002477142523,8.53895468319775,19.216951125747688,13.430183315071426
31037,2019,44108.0,681061.0,58872.0,12.7,15.4,26.027154333688816,2.1,33.7,11.222936276560327,5053.0,230096852.0,45537.0,,311.0,2.7,5658.0,0,,0,0.0,0,31,3.2591403904674694,8.640825751861513,8.527737405291909,19.254010873903752,13.431407155275778
31037,2020,50180.0,716312.0,64269.0,11.8,14.9,25.946988560587105,1.7,36.0,11.313083104946122,4999.0,256231236.0,51259.0,,318.0,2.9,5676.0,0,,0,0.0,0,31,3.256055555116259,8.644002038279933,8.51699317141357,19.36159086036993,13.481871105219442
31037,2021,58522.0,846133.0,70381.0,9.6,15.1,25.769652153422715,1.0,36.0,11.302841044021203,4851.0,259798232.0,53554.0,,324.0,2.0,5688.0,0,,0,0.0,0,31,3.2491975264522077,8.646113971483077,8.486940148245216,19.375415856942823,13.648431836633991
31037,2022,56331.0,760084.0,71205.0,10.2,12.8,25.6603351901022,1.7,36.4,11.576680382066334,4921.0,269388978.0,54746.0,,329.0,1.8,5755.0,0,,0,0.0,0,31,3.244946421849726,8.657824321155983,8.501267040865978,19.411666907963262,13.54118423247072
31039,2012,53103.0,531734.0,47325.0,11.7,18.1,16.020416390603692,2.5,43.4,10.830286127240337,3792.0,124373338.0,32801.0,,458.0,3.0,4905.0,0,,0,0.0,0,31,2.773863933225256,8.498010371999463,8.240648863374913,18.638798390539677,13.183898643282099
31039,2013,64411.0,605618.0,47500.0,11.6,17.5,15.941541255201376,2.5,43.5,10.625593398238788,3825.0,129437962.0,33844.0,,462.0,3.0,4945.0,0,,0,0.0,0,31,2.768928359729283,8.506132244056813,8.249313746260636,18.678712266403906,13.314004703252836
31039,2014,70437.0,721385.0,49872.0,11.8,18.1,15.917002324187322,2.7,43.8,10.7325841952798,3878.0,134376129.0,34652.0,,460.0,2.6,4952.0,0,,0,0.0,0,31,2.7673878664668887,8.507546814364431,8.263074835802596,18.71615335867137,13.488928254332711
31039,2015,75922.0,876904.0,50013.0,12.0,18.8,15.911743981827168,3.3,43.6,11.56188036584602,3813.0,138862289.0,36415.0,,460.0,2.6,4858.0,0,,0,0.0,0,31,2.7670574517934714,8.488382109562117,8.246171559857563,18.748993273382258,13.684152801280591
31039,2016,72656.0,1031819.0,49181.0,12.4,20.0,15.87143002373265,2.5,44.0,12.005446124149383,3723.0,138980904.0,37327.0,,458.0,2.9,4742.0,0,,0,0.0,0,31,2.7645206390945742,8.464214266625351,8.222285073872717,18.749847100362327,13.846833822044543
31039,2017,59030.0,830936.0,50734.0,8.0,21.2,15.84338553114516,2.6,44.0,12.236927772925222,3709.0,140986336.0,38008.0,,451.0,2.7,4774.0,0,,0,0.0,0,31,2.7627520965754715,8.470939806898775,8.21851757748959,18.76417353584516,13.630308055227925
31039,2018,56541.0,855544.0,55190.0,7.0,23.2,15.75925205338269,3.5,43.6,12.051894693833848,3698.0,147699987.0,39940.0,,437.0,2.5,4747.0,0,,0,0.0,0,31,2.7574276247618332,8.465268118551318,8.21554741194707,18.810693659485356,13.659492802902973
31039,2019,65568.0,824965.0,56768.0,6.9,23.8,15.690893602700683,2.9,42.6,12.100534843102905,3721.0,153509916.0,41251.0,,432.0,2.6,4807.0,0,,0,0.0,0,31,2.7530805187688214,8.47782846789396,8.221747728346623,18.849275722253612,13.62309624017446
31041,2012,42895.0,563225.0,44306.0,8.4,19.6,4.233586504705322,3.2,44.7,10.117619658111016,4085.0,129156598.0,31618.0,,489.0,2.8,6098.0,0,,0,0.0,0,31,1.4430495072693321,8.7157161275482,8.315077007294104,18.67653616408349,13.241434472045343
31041,2013,50051.0,662626.0,44873.0,9.6,21.0,4.221162186276253,2.6,44.8,10.353234284684204,4161.0,138655524.0,33323.0,,503.0,2.7,6143.0,0,,0,0.0,0,31,1.4401104897239432,8.723068501163928,8.333510708982942,18.7475031705595,13.403966007438186
31041,2014,53523.0,685341.0,44336.0,11.5,20.3,4.200972668829015,2.1,44.2,10.621956321337391,4233.0,147108502.0,34757.0,,510.0,2.4,6138.0,0,,0,0.0,0,31,1.435316086293436,8.722254235179681,8.350666240520924,18.806680981318184,13.43767180359694
31041,2015,55088.0,769924.0,46468.0,11.3,21.0,4.193983989712664,2.3,43.8,11.101111687213532,4440.0,159407353.0,35899.0,,513.0,2.2,6309.0,0,,0,0.0,0,31,1.4336511150458,8.74973246437081,8.39840965542627,18.886973452491098,13.554047087659871
31041,2016,51165.0,873063.0,47083.0,10.9,21.4,4.186995310596313,2.3,43.7,11.443048944533183,4501.0,160510729.0,35660.0,,526.0,2.3,6387.0,0,,0,0.0,0,31,1.431983367045052,8.76201995356159,8.412054873292933,18.893871345652183,13.679762997166428
31041,2017,44389.0,662673.0,48836.0,11.9,21.7,4.20718482804355,2.5,43.5,12.138537558829494,4569.0,167665354.0,36693.0,,523.0,2.2,6444.0,0,,0,0.0,0,31,1.4367937370979493,8.770904744296866,8.427049641563272,18.93748061033941,13.40403693482894
31041,2018,45667.0,651421.0,49891.0,11.2,20.9,4.2048552683380995,2.9,43.2,11.175408459222956,4579.0,171639978.0,37481.0,,507.0,2.2,6500.0,0,,0,0.0,0,31,1.4362398738879998,8.779557455883728,8.429235912657095,18.960909689912338,13.386911409560692
31041,2019,49462.0,650276.0,52184.0,11.5,24.0,4.203302228534466,2.6,43.1,11.425066605755587,4508.0,176097031.0,39064.0,,505.0,2.4,6494.0,0,,0,0.0,0,31,1.4358704612498867,8.77863395266279,8.413608875159667,18.986545713585524,13.385152167132834
31041,2020,57341.0,698288.0,53891.0,12.2,24.7,4.188548350399946,1.9,43.6,11.10517643276264,4387.0,180640498.0,41180.0,,492.0,2.7,6428.0,0,,0,0.0,0,31,1.4323542181525841,8.768418726857403,8.386400901166214,19.01201941522631,13.45638690409532
31041,2021,62109.0,710761.0,57715.0,12.0,23.5,4.125261978401875,1.9,42.7,11.290099126214772,4467.0,192546109.0,43103.0,,506.0,1.7,6377.0,0,,0,0.0,0,31,1.417129527685581,8.760453046315272,8.404472321352118,19.075846210282762,13.4740915060027
31041,2022,58600.0,648978.0,62288.0,11.3,25.8,4.102354641298279,1.6,42.1,11.243245130480997,4457.0,203290230.0,45611.0,,500.0,1.6,6362.0,0,,0,0.0,0,31,1.4115611116172249,8.758098072309089,8.402231172946555,19.130145220385263,13.383154096806582
31043,2012,31007.0,1202886.0,44928.0,16.0,10.4,78.96668634306558,5.2,32.8,11.97985371311186,11771.0,414004126.0,35171.0,,548.0,5.6,11167.0,0,,0,0.0,0,31,4.369026071670076,9.320718279445792,9.37339415841248,19.8413864979235,14.000234227374241
31043,2013,32078.0,1204455.0,47069.0,16.9,11.1,79.15966640935991,6.9,32.6,12.20654968994958,11857.0,431909671.0,36425.0,,563.0,4.6,11174.0,0,,0,0.0,0,31,4.3714669065941045,9.321344930019094,9.380673689458071,19.88372702943759,14.00153774043879
31043,2014,34573.0,1247561.0,48508.0,16.7,11.9,79.09155579772661,7.2,32.6,11.969501378074389,12102.0,468728743.0,38732.0,,569.0,3.7,11054.0,0,,0,0.0,0,31,4.370606115569695,9.310547632393208,9.401126007182267,19.965534785953963,14.036701003207943
31043,2015,37208.0,1304373.0,49786.0,17.2,11.2,78.69802781940092,7.4,33.7,10.609126638692976,12494.0,485381036.0,38851.0,,566.0,3.5,11038.0,0,,0,0.0,0,31,4.365618095635424,9.309099143999447,9.433003808053515,20.00044478168434,14.081233023511038
31043,2016,36730.0,1330602.0,52336.0,16.0,13.0,78.31585160968079,6.8,34.1,10.7434155663239,12469.0,515750270.0,41363.0,,571.0,4.1,10969.0,0,,0,0.0,0,31,4.360750029629465,9.302828391411333,9.431000842996585,20.06113323342495,14.101142029370111
31043,2017,37224.0,1463664.0,52401.0,16.8,12.6,77.68015256777005,7.3,33.8,10.871379702331872,12703.0,555358736.0,43718.0,,559.0,4.1,10733.0,0,,0,0.0,0,31,4.352599788035853,9.281078386481525,9.44959346502346,20.13512483407401,14.196453438965635
31043,2018,38861.0,1520634.0,55017.0,16.6,12.5,76.87796091964461,5.4,33.8,10.542182384301684,12761.0,590795668.0,46297.0,,525.0,3.6,10810.0,0,,0,0.0,0,31,4.342219241412856,9.288226910633254,9.454148923733976,20.196980776164015,14.234637911121398
31043,2019,40759.0,1549109.0,59231.0,16.2,13.0,76.33307602657827,3.8,33.4,10.531897794154093,12479.0,622285750.0,49866.0,,511.0,4.0,10880.0,0,,0,0.0,0,31,4.3351063440495965,9.294681520409934,9.431802510507854,20.248909950353912,14.253190484902637
31043,2020,42760.0,1489350.0,61227.0,14.1,14.7,76.14766380602097,4.1,33.0,10.447878122852169,12018.0,635682466.0,52895.0,,502.0,4.8,10723.0,0,,0,0.0,0,31,4.3326744000264545,9.280146246220145,9.394160804893874,20.270209729333384,14.21385034112985
31043,2021,50131.0,1731595.0,63053.0,11.8,13.8,80.53701433349983,2.1,32.2,10.406981213549711,12291.0,716218360.0,58271.0,,526.0,3.2,10775.0,0,,0,0.0,0,31,4.388716884131505,9.28498391497195,9.416622566214981,20.38949565049743,14.364553507042906
31043,2022,58561.0,1826213.0,66112.0,11.2,14.3,80.62782848234421,3.0,31.7,10.316162116844083,13183.0,780918286.0,59235.0,,530.0,2.6,10971.0,0,,0,0.0,0,31,4.389843856452136,9.30301070681749,9.48668339975797,20.475981074929365,14.417754981745983
31045,2012,32453.0,287137.0,36974.0,24.0,36.1,6.571225394606524,5.6,34.9,12.31319353570717,3367.0,94762183.0,28147.0,,385.0,3.6,5405.0,0,,0,0.0,0,31,1.8827003287437534,8.595079730073309,8.121777419161074,18.366880974135984,12.567714732761953
31045,2013,33035.0,278379.0,40359.0,19.3,40.6,6.568360867407481,4.3,34.7,12.509635695912962,3353.0,95804482.0,28571.0,,387.0,3.5,5411.0,0,,0,0.0,0,31,1.8822643139123418,8.596189197642735,8.117610746466228,18.377820026815392,12.536738773562856
31045,2014,37157.0,311484.0,41267.0,16.9,39.1,6.5461607816148915,3.1,34.7,12.356305584962314,3334.0,98514852.0,29551.0,,378.0,2.9,5288.0,0,,0,0.0,0,31,1.8788787375883655,8.573195381531523,8.111928063310739,18.405717876501782,12.64910325152448
31045,2015,36042.0,316714.0,41038.0,17.8,33.2,6.542580122616086,2.6,33.7,10.77213837710297,3350.0,101239985.0,30224.0,,379.0,2.6,5271.0,0,,0,0.0,0,31,1.8783316018303382,8.569975376855206,8.116715624819111,18.433004345478405,12.665754437422747
31045,2016,35586.0,316092.0,42685.0,16.0,34.7,6.503909005428995,1.9,34.1,10.88073081798829,3309.0,104217005.0,31496.0,,374.0,2.9,5243.0,0,,0,0.0,0,31,1.8724033815924432,8.564649132572534,8.104401307921613,18.46198586974591,12.66378858943675
31045,2017,36032.0,284043.0,46146.0,14.3,37.0,6.42513450745529,1.0,34.0,10.84358953370989,3331.0,105378833.0,31641.0,,364.0,2.8,5210.0,0,,0,0.0,0,31,1.8602175655746458,8.558335134747413,8.11102783819368,18.473072348476464,12.556880914132945
31045,2018,37567.0,272722.0,51748.0,14.4,37.0,6.370708490673457,1.2,34.9,10.51894395051241,3161.0,106531622.0,33705.0,,347.0,2.7,5082.0,0,,0,0.0,0,31,1.8517106864249102,8.53346016388011,8.058643712215618,18.48395241922947,12.516208240313789
31045,2019,38974.0,276073.0,50750.0,14.7,36.9,6.309121155894015,2.2,34.9,10.59977073087334,3043.0,105061093.0,34527.0,,328.0,2.9,5052.0,0,,0,0.0,0,31,1.841996388864772,8.527539483470381,8.02059914989697,18.47005257701488,12.528420602480868
31045,2020,44392.0,293403.0,49379.0,13.1,38.2,6.219604680923895,1.8,34.3,10.362184555282871,2936.0,108713749.0,37025.0,,328.0,2.8,4986.0,0,,0,0.0,0,31,1.827706348609752,8.514389264083503,7.984803389734406,18.504228829833362,12.58930236958762
31045,2021,48376.0,288859.0,51925.0,13.9,36.4,6.003332877396087,2.3,34.3,10.39616467361228,3094.0,113050328.0,36541.0,,339.0,2.0,4995.0,0,,0,0.0,0,31,1.792314794572404,8.516192691082654,8.037220031133012,18.543343658055118,12.573693958764515
31045,2022,46199.0,267592.0,53760.0,13.0,36.0,5.928855170220948,1.5,35.3,10.272466555458914,3075.0,117403510.0,38175.0,,329.0,2.0,5024.0,0,,0,0.0,0,31,1.7798311370733526,8.521981708148035,8.031060180240619,18.58112736269669,12.497218711423116
31047,2012,36612.0,1220127.0,45208.0,13.0,15.3,23.95418233291447,5.8,36.5,9.926006448859464,11235.0,360764325.0,32111.0,,859.0,4.2,13248.0,0,,0,0.0,0,31,3.176142936290387,9.49160187662504,9.326789184619429,19.703735463769583,14.014465509652236
31047,2013,39357.0,1318633.0,46078.0,14.8,16.0,23.943324130183928,6.4,36.7,9.924350286674091,11357.0,369154957.0,32504.0,,889.0,3.7,13230.0,0,,0,0.0,0,31,3.1756895430464227,9.490242257109001,9.337589572891646,19.72672705152503,14.092106151891482
31047,2014,41158.0,1402701.0,48104.0,13.9,15.1,23.89298155388778,5.8,36.3,10.037973552628484,11557.0,385433044.0,33352.0,,894.0,3.4,13340.0,0,,0,0.0,0,31,3.1735847569781193,9.498522319469615,9.355046592975441,19.769878049760557,14.153910221618323
31047,2015,42856.0,1478606.0,48329.0,15.3,14.9,23.75873468376472,4.8,36.2,10.36698514472628,11453.0,395452235.0,34528.0,,904.0,3.2,13115.0,0,,0,0.0,0,31,3.1679502390260907,9.481511892300974,9.346006983397716,19.79554056670283,14.206610309989504
31047,2016,42230.0,1523193.0,49943.0,15.2,15.2,23.615603829589393,4.7,36.3,10.429777449692551,11436.0,409213761.0,35783.0,,906.0,2.9,13037.0,0,,0,0.0,0,31,3.1619076727687725,9.47554674766278,9.344521553442203,19.82974822050856,14.236319347420443
31047,2017,40358.0,1447853.0,51238.0,13.7,15.8,23.616590938928532,4.2,35.8,10.737251343562445,11419.0,429431454.0,37608.0,,877.0,2.9,13060.0,0,,0,0.0,0,31,3.16194947092548,9.477309402830421,9.343033913701648,19.8779726917742,14.185592327437346
31047,2018,41064.0,1484826.0,53769.0,13.1,15.6,23.497150708892573,3.7,35.9,10.333446727526296,11418.0,450670718.0,39472.0,,847.0,2.9,13097.0,0,,0,0.0,0,31,3.1568791673690675,9.480138475329403,9.342946336524205,19.926247515503636,14.210808151636623
31047,2019,44297.0,1508393.0,53721.0,12.7,15.8,23.42706594581362,3.5,35.7,10.274842809938004,11435.0,466506302.0,40796.0,,835.0,3.0,13249.0,0,,0,0.0,0,31,3.153892018293831,9.491677356868124,9.344434106456882,19.96078208727082,14.226555403676706
31047,2020,48871.0,1550094.0,56731.0,11.8,16.7,23.333290558595305,3.7,35.9,10.273654294770411,11354.0,495718231.0,43659.0,,813.0,3.4,13453.0,0,,0,0.0,0,31,3.1498811201765107,9.506957408485542,9.337325383730672,20.02151824060782,14.253826132217876
31047,2021,53289.0,1686220.0,58402.0,12.2,16.1,23.72122452887739,3.4,36.0,10.292648867299416,11558.0,510138609.0,44136.0,,827.0,2.2,13489.0,0,,0,0.0,0,31,3.16637019711733,9.50962981746968,9.355133116877724,20.050193029109455,14.337999895389578
31047,2022,51698.0,1586075.0,67462.0,14.2,16.0,23.727147184912234,2.1,35.9,10.187012244654568,11717.0,574635368.0,49043.0,,819.0,2.3,13640.0,0,,0,0.0,0,31,3.1666198434529864,9.520761931397454,9.368796057668156,20.16924625499946,14.276772968835648
31049,2012,35359.0,72922.0,40093.0,12.7,17.3,4.460601430939113,4.3,49.1,12.569231736062765,663.0,17026572.0,25694.0,,87.0,3.2,1190.0,0,,0,0.0,0,31,1.495283606926879,7.081708586105575,6.4967749901858625,16.650285740539015,11.197145655734086
31049,2013,41023.0,77924.0,44922.0,13.5,21.8,4.437866459323725,3.3,49.0,12.439704863345542,618.0,17232269.0,27888.0,,86.0,3.3,1130.0,0,,0,0.0,0,31,1.4901737337746084,7.029972911706386,6.42648845745769,16.662294288748573,11.263489271701095
31049,2014,43110.0,74820.0,50764.0,14.3,18.5,4.435592962162187,3.0,47.3,12.26268736414204,587.0,16820791.0,28672.0,,88.0,2.7,1092.0,0,,0,0.0,0,31,1.4896613074246818,6.9957661563048505,6.375024819828097,16.63812623875172,11.222840507902138
31049,2015,47542.0,80023.0,50962.0,12.9,17.3,4.424225476354493,4.3,47.1,10.794352819824544,582.0,16925643.0,29103.0,,86.0,2.5,1079.0,0,,0,0.0,0,31,1.4870952295475208,6.983789965258135,6.366470447731438,16.644340367178337,11.290069372335813
31049,2016,45625.0,85884.0,51786.0,10.5,17.8,4.3923965160929495,4.7,47.4,10.89818746749887,592.0,17873139.0,30217.0,,85.0,2.6,1067.0,0,,0,0.0,0,31,1.4798749815740337,6.9726062513017535,6.3835066348840055,16.698809529236215,11.360752827526598
31049,2017,41676.0,66730.0,53438.0,11.1,18.1,4.321918104085247,4.1,46.1,10.89755493740522,580.0,17221391.0,29709.0,,86.0,2.6,1045.0,0,,0,0.0,0,31,1.4636993092899997,6.951772164398911,6.363028103540465,16.661662831866405,11.108409905897652
31049,2018,39767.0,91251.0,48500.0,10.2,15.8,4.306003623954475,4.8,47.0,10.582489071594535,525.0,16599567.0,31598.0,,82.0,3.0,972.0,0,,0,0.0,0,31,1.460010240547594,6.879355804460439,6.263398262591624,16.62488716864922,11.4213692302888
31049,2019,39959.0,81873.0,47287.0,8.8,15.9,4.1627733027775315,4.9,48.7,10.621288184778546,525.0,17381845.0,33140.0,,82.0,3.1,968.0,0,,0,0.0,0,31,1.4261815114760812,6.875232087276577,6.263398262591624,16.670936828669042,11.312924545158282
31049,2020,44119.0,74534.0,48958.0,8.2,20.7,4.0240899759236655,4.1,50.1,10.39054031875743,512.0,17520611.0,34192.0,,79.0,3.1,966.0,0,,0,0.0,0,31,1.3922987923694454,6.873163834212518,6.238324625039508,16.678888517293643,11.219010676098797
31049,2021,48500.0,81023.0,50924.0,8.1,19.5,4.2696276693698545,4.4,47.8,10.423787464567535,529.0,18046225.0,34135.0,,85.0,2.2,972.0,0,,0,0.0,0,31,1.4515266265697786,6.879355804460439,6.270988431858299,16.70844707959584,11.302488343965512
31049,2022,47152.0,100107.0,58875.0,7.1,20.8,4.224157726139079,3.8,51.0,10.299611230589734,574.0,19988178.0,34823.0,,85.0,2.3,1022.0,0,,0,0.0,0,31,1.4408198861753543,6.92951677076365,6.352629396319567,16.810651556749786,11.513994892928249
31051,2012,35852.0,207933.0,45814.0,10.9,16.3,12.56432337064964,5.1,41.0,9.251740162161532,1791.0,52236933.0,29165.0,,143.0,4.0,3134.0,0,,0,0.0,0,31,2.530861319219243,8.050065422915965,7.490529402060711,17.771300331408042,12.244971191408535
31051,2013,40186.0,208284.0,47325.0,11.2,16.5,12.50341307680998,5.8,41.0,9.085814400695906,1766.0,53919408.0,30529.0,,149.0,3.7,3112.0,0,,0,0.0,0,31,2.5260016531827394,8.043020885298283,7.476472381163905,17.80300104527957,12.246657812008882
31051,2014,39832.0,196732.0,49634.0,11.0,16.6,12.392094263930604,5.2,41.8,9.1707093805136,1742.0,60102645.0,34509.0,,148.0,3.0,3059.0,0,,0,0.0,0,31,2.5170587099231603,8.025843344150903,7.462789157412448,17.911564408520388,12.189597675436294
31051,2015,40387.0,195673.0,51223.0,11.9,18.3,12.320682195291004,4.5,41.9,9.476326589076386,1687.0,54725781.0,32446.0,,148.0,3.3,3094.0,0,,0,0.0,0,31,2.511279329566746,8.037220031133012,7.430707082545968,17.81784547262815,12.184200177591036
31051,2016,40387.0,184793.0,52813.0,11.9,19.0,12.200961962571672,3.4,42.4,9.619791078560212,1714.0,58300993.0,34013.0,,154.0,3.3,3086.0,0,,0,0.0,0,31,2.5015147980218817,8.034631032923107,7.446585099157725,17.88112968376572,12.126991558684423
31051,2017,38094.0,175300.0,57036.0,10.3,18.8,12.108546344332192,3.3,42.2,9.583747506242045,1729.0,59776918.0,34573.0,,150.0,3.2,3043.0,0,,0,0.0,0,31,2.4939115127325087,8.02059914989697,7.455298485683291,17.906130157786777,12.074254070909326
31051,2018,40327.0,196917.0,56775.0,12.5,20.5,12.068639600092416,3.3,42.0,9.48353885147419,1702.0,61969887.0,36406.0,,146.0,3.1,3048.0,0,,0,0.0,0,31,2.4906103195685843,8.022240916806537,7.43955930913332,17.942159131473662,12.190537599143049
31051,2019,45330.0,263283.0,56905.0,9.5,21.2,12.011930016172732,2.5,40.8,9.227636969279748,1746.0,66957052.0,38343.0,,149.0,3.1,3032.0,0,,0,0.0,0,31,2.4859003239446653,8.016977746762262,7.465082736399547,18.01956195689196,12.480984778265155
31051,2020,50722.0,287899.0,57243.0,10.1,22.5,11.934216882653168,1.9,41.4,9.125281486065091,1723.0,72538539.0,42102.0,,150.0,3.3,2958.0,0,,0,0.0,0,31,2.4794096424434824,7.992268643270745,7.45182223652793,18.09962855100413,12.57036500316596
31051,2021,58745.0,361273.0,58849.0,10.8,21.2,11.829199134653756,2.5,42.0,8.545884875600532,1775.0,77826604.0,43840.0,,159.0,2.3,2972.0,0,,0,0.0,0,31,2.4705709778672276,7.99699040583765,7.4815557019095165,18.169993884423274,12.797389184202139
31051,2022,57884.0,339610.0,60568.0,9.4,22.2,11.71788032177438,2.9,41.4,8.576892128515416,1837.0,88061596.0,47949.0,,157.0,2.0,3029.0,0,,0,0.0,0,31,2.461115907874878,8.015987811027237,7.515889085215125,18.293547082134005,12.73555317939333
31053,2012,39400.0,1769864.0,46475.0,11.7,17.5,69.15948263641467,6.4,40.2,10.0453140029358,16474.0,530825006.0,32223.0,,1187.0,4.4,19229.0,0,,0,0.0,0,31,4.23641518011063,9.864174835150587,9.709538659501193,20.08994296933529,14.38641326543977
31053,2013,40618.0,1829057.0,48626.0,10.7,18.7,69.32014281745035,6.7,40.1,10.593398249091132,16613.0,552566420.0,33260.0,,1206.0,4.1,19192.0,0,,0,0.0,0,31,4.238735525108559,9.862248804519531,9.71794080038648,20.130084201325243,14.419311091458201
31053,2014,40922.0,1831738.0,47991.0,12.0,18.6,69.446780842502,6.8,39.8,10.611548971953637,16832.0,578929308.0,34394.0,,1200.0,3.6,19232.0,0,,0,0.0,0,31,4.24056071596626,9.864330837334935,9.731037115537436,20.17669093481903,14.420775800888427
31053,2015,44473.0,1874541.0,49068.0,11.4,18.9,69.41464880629485,5.1,39.4,11.016088449385904,16964.0,603358919.0,35568.0,,1188.0,3.2,19171.0,0,,0,0.0,0,31,4.240097923139455,9.861153999520049,9.738848730594482,20.218022799839197,14.443874387418237
31053,2016,42602.0,1875750.0,49830.0,11.8,18.9,69.3277032965579,4.3,39.1,11.410062542367632,17096.0,623803644.0,36489.0,,1214.0,3.1,19237.0,0,,0,0.0,0,31,4.238844585282619,9.86459078690618,9.746599796998984,20.251346203736816,14.444519137407974
31053,2017,43853.0,1962272.0,51748.0,13.2,19.0,69.1330209595382,4.4,39.1,11.434596331560988,17387.0,652866921.0,37550.0,,1207.0,2.8,19536.0,0,,0,0.0,0,31,4.236032488691914,9.880014196350485,9.76347807952779,20.296883870146758,14.489613543545525
31053,2018,45123.0,2050265.0,53101.0,13.7,18.6,69.33526377566547,4.6,39.0,11.1786994168681,17314.0,689408539.0,39819.0,,1179.0,2.9,19647.0,0,,0,0.0,0,31,4.238953633563853,9.885679933886163,9.75927070177572,20.3513445981032,14.533479611052847
31053,2019,47397.0,2015181.0,54085.0,12.5,19.0,69.30124161968143,4.5,38.9,11.277874921334304,17378.0,719550361.0,41406.0,,1176.0,3.0,19900.0,0,,0,0.0,0,31,4.238462822625277,9.898475010712584,9.762960317399152,20.394137076282785,14.51621957563151
31053,2020,50513.0,2109527.0,58439.0,11.2,19.7,69.11222964199241,4.5,39.2,11.373511207717296,17535.0,792605421.0,45202.0,,1145.0,3.5,20310.0,0,,0,0.0,0,31,4.235731699802429,9.91886865457443,9.771954162574279,20.490836078212737,14.561974309706148
31053,2021,57160.0,2320087.0,60962.0,11.0,19.7,70.40507156938536,4.8,39.2,11.362080861457423,17799.0,827509938.0,46493.0,,1167.0,2.4,20380.0,0,,0,0.0,0,31,4.254265299907148,9.922309306776716,9.786897554926753,20.53393167481105,14.657115242939385
31053,2022,61682.0,2321044.0,66793.0,9.1,21.7,70.26520270589548,4.1,39.4,11.668070148225832,18357.0,913512097.0,49765.0,14.0,1154.0,2.0,20685.0,0,,0,0.0,0,31,4.252276693425733,9.937164078895512,9.81776625213065,20.632807176168654,14.657527642422858
31057,2012,62378.0,122075.0,39596.0,8.6,21.6,2.170324831082183,3.0,47.4,10.149458104145774,665.0,21155298.0,31820.0,,100.0,2.8,1279.0,0,,0,0.0,0,31,0.7748768480926187,7.153833801578843,6.499787040655854,16.867400928541464,11.71239088892986
31057,2013,72685.0,128822.0,47431.0,8.1,22.2,2.168150156902742,4.1,47.8,10.492407507541351,684.0,24477656.0,35786.0,,107.0,2.7,1300.0,0,,0,0.0,0,31,0.7738743417429931,7.170119543449628,6.52795791762255,17.01327125938993,11.766186885519874
31057,2014,77747.0,129386.0,47636.0,9.3,21.8,2.1377047183905673,4.2,47.5,10.4841158218244,669.0,22061124.0,32972.0,,107.0,2.3,1278.0,0,,0,0.0,0,31,0.7597326919283214,7.15305163493748,6.505784060128229,16.909327522440854,11.770555463542012
31057,2015,77891.0,162460.0,42500.0,7.6,19.6,2.1909842357868734,4.0,46.2,10.652354882213398,577.0,20919966.0,36256.0,,100.0,2.1,1201.0,0,,0,0.0,0,31,0.7843508656019929,7.0909098220799835,6.3578422665081,16.85621457192067,11.998187096604944
31057,2016,73332.0,173827.0,44583.0,8.5,19.5,1.982215514560531,3.7,48.3,10.811467170909609,565.0,20135909.0,35655.0,,99.0,2.2,1202.0,0,,0,0.0,0,31,0.6842151658998724,7.091742115095153,6.336825731146441,16.818015296518105,12.065815830725851
31057,2017,59910.0,168020.0,44653.0,10.5,21.1,2.1931589099663142,3.6,43.6,11.009378984092542,578.0,21198927.0,36671.0,,97.0,2.4,1192.0,0,,0,0.0,0,31,0.7853429291754211,7.083387847625295,6.359573868672378,16.8694611251538,12.031838298918839
31057,2018,63645.0,165437.0,44350.0,10.3,19.4,2.1996829325046376,1.6,42.3,10.650195548195496,560.0,21588830.0,38534.0,,92.0,2.2,1164.0,0,,0,0.0,0,31,0.788313228388955,7.059617628291383,6.327936783729195,16.88768660926712,12.016345736675506
31057,2019,70963.0,176128.0,41716.0,10.6,23.3,2.080075852635379,1.7,43.3,10.603471719752374,565.0,23421851.0,41491.0,,90.0,2.6,1168.0,0,,0,0.0,0,31,0.7324043606614624,7.0630481633881725,6.336825731146441,16.96917994802355,12.078966282412907
31057,2020,86686.0,189283.0,49211.0,11.1,28.1,2.096385908981187,1.1,42.9,10.60807177153666,549.0,23104891.0,42117.0,,84.0,2.2,1168.0,0,,0,0.0,0,31,0.7402148663917004,7.0630481633881725,6.3080984415095305,16.95555488468178,12.150998528621692
31057,2021,93363.0,169884.0,53696.0,13.7,30.4,2.065940470469012,1.0,43.2,10.61092877662996,553.0,24011571.0,43427.0,,84.0,1.6,1160.0,0,,0,0.0,0,31,0.7255855563757413,7.05617528410041,6.315358001522335,16.994046397127303,12.042871130182498
31057,2022,98270.0,164962.0,58977.0,12.5,26.3,1.984390188739972,0.2,42.4,10.670737901566124,565.0,26695942.0,47256.0,,89.0,1.4,1178.0,0,,0,0.0,0,31,0.6853116572378013,7.071573364211532,6.336825731146441,17.10002212680086,12.013470423328599
31059,2012,58290.0,384601.0,45970.0,8.8,18.5,10.196899044268829,1.8,45.9,9.417585697170392,2228.0,71959737.0,32304.0,,285.0,3.2,3314.0,0,,0,0.0,0,31,2.3220836588004534,8.105911197986508,7.708859601047175,18.0916173122317,12.85996171223744
31059,2013,63773.0,422315.0,48464.0,8.8,18.2,10.1117366012538,2.6,46.4,9.480286506646516,2237.0,74978845.0,33525.0,,295.0,2.9,3296.0,0,,0,0.0,0,31,2.3136967889297404,8.100464891029363,7.71289096149013,18.132716565045634,12.953506760063895
31059,2014,55293.0,361717.0,52063.0,8.4,19.7,10.023098140156526,2.3,47.0,11.973981177074222,2250.0,78608755.0,34940.0,,305.0,2.4,3248.0,0,,0,0.0,0,31,2.3048922434900065,8.085794701281568,7.718685495198466,18.179993637964838,12.798617417112183
31059,2015,57879.0,366568.0,52316.0,9.4,18.5,9.901437507277912,3.4,47.5,10.58073213058624,2215.0,80704761.0,36437.0,,308.0,2.9,3221.0,0,,0,0.0,0,31,2.292679949354989,8.0774471493312,7.703007682479236,18.206308127782492,12.811939321979944
31059,2016,51843.0,324714.0,52070.0,10.1,19.5,9.86493931741433,2.7,47.5,10.675716965768656,2176.0,81887758.0,37634.0,,300.0,2.7,3201.0,0,,0,0.0,0,31,2.288986988154527,8.071218539969863,7.685243607975833,18.220860062681325,12.690700073884567
31059,2017,52592.0,354000.0,56750.0,9.9,19.2,9.738064657412348,2.5,47.5,10.642237789058145,2141.0,83408044.0,38967.0,,300.0,2.5,3134.0,0,,0,0.0,0,31,2.2760423974398782,8.050065422915965,7.669028288589683,18.23925531351722,12.777052192115912
31059,2018,53768.0,354178.0,55625.0,10.0,19.9,9.68766239521978,2.1,47.7,10.320163482046793,2187.0,86974616.0,39772.0,,297.0,2.6,3184.0,0,,0,0.0,0,31,2.2708531579164872,8.065893546964274,7.690286020676768,18.281126863930734,12.77755489060061
31059,2019,56805.0,360775.0,60313.0,8.8,21.4,9.640736151109458,1.9,47.0,10.346358208818732,2186.0,91641825.0,41927.0,,288.0,2.6,3208.0,0,,0,0.0,0,31,2.2659974699298284,8.073402968986406,7.689828668736484,18.3333983302356,12.796009774304279
31059,2020,61796.0,358720.0,62151.0,7.0,22.4,9.632046105903845,0.8,46.6,10.374639562427117,2122.0,93191636.0,43908.0,,279.0,2.8,3204.0,0,,0,0.0,0,31,2.2650956752975175,8.07215530818825,7.660114319173928,18.350168533139453,12.790297418865933
31059,2021,70823.0,437478.0,66410.0,7.1,22.2,9.66506827768518,1.1,45.9,10.401371761348846,2230.0,99906530.0,44801.0,,289.0,2.0,3284.0,0,,0,0.0,0,31,2.2685181770621576,8.096817470572319,7.709756864454165,18.419745606847926,12.988781697801151
31059,2022,74906.0,379384.0,72335.0,7.0,22.8,9.65811624152069,1.0,46.4,10.289684912043736,2273.0,112701940.0,49585.0,,291.0,1.7,3331.0,0,,0,0.0,0,31,2.267798623154515,8.11102783819368,7.728855823852543,18.54025719270391,12.846304163743504
31061,2012,46391.0,116451.0,42054.0,12.5,16.7,5.550384150492518,3.9,48.8,9.85294511558139,824.0,22280890.0,27032.0,,128.0,3.5,1641.0,0,,0,0.0,0,31,1.7138671416679634,7.403061091090091,6.714170529909472,16.919239918365566,11.665225862652171
31061,2013,52205.0,122264.0,43011.0,12.9,17.5,5.524334162301846,5.0,49.2,9.752408523941686,793.0,22104856.0,27893.0,,130.0,3.4,1595.0,0,,0,0.0,0,31,1.7091627265309424,7.374629015218945,6.675823221634848,16.911307870857996,11.713937920207671
31061,2014,48421.0,99803.0,45707.0,14.5,17.8,5.489600844714284,3.9,49.6,9.718657741093551,790.0,22419519.0,28397.0,,131.0,3.2,1577.0,0,,0,0.0,0,31,1.702855546997416,7.3632795869630385,6.672032945461067,16.92544252131927,11.510953521968
31061,2015,49006.0,90567.0,45905.0,13.1,18.7,5.392347555469108,3.5,49.9,10.061037334431404,764.0,23751114.0,31081.0,,131.0,2.4,1517.0,0,,0,0.0,0,31,1.6849808291493773,7.324489979348532,6.638567789166521,16.983139992608066,11.413845187269553
31061,2016,45636.0,79183.0,46531.0,13.1,18.8,5.341984244967142,3.4,50.2,10.065684082388296,753.0,23866832.0,31706.0,,130.0,3.0,1509.0,0,,0,0.0,0,31,1.6755971654073327,7.319202458767849,6.6240652277998935,16.98800027061307,11.279516908298021
31061,2017,45104.0,75881.0,49453.0,13.3,20.0,5.2429942898425885,2.6,50.7,10.608693310835674,739.0,23076158.0,31223.0,,121.0,3.0,1490.0,0,,0,0.0,0,31,1.656892764488637,7.306531398939505,6.6052979209482015,16.95431052127602,11.236921602665328
31061,2018,47006.0,73161.0,49235.0,13.8,16.6,5.220417633410673,1.6,50.7,9.623368556974851,737.0,22957667.0,31140.0,,122.0,3.2,1492.0,0,,0,0.0,0,31,1.652577405094718,7.307872780763706,6.602587892189336,16.949162512754583,11.200417771082792
31061,2019,53009.0,79175.0,49282.0,14.6,17.3,5.187420981702488,0.7,50.8,9.484709517145394,735.0,23718379.0,32252.0,,120.0,3.3,1501.0,0,,0,0.0,0,31,1.646236652997908,7.313886831633462,6.5998704992128365,16.981760790804117,11.27941587140684
31061,2020,60791.0,94896.0,50231.0,16.1,18.3,5.15789766175306,0.3,50.6,9.48428326661199,709.0,24743949.0,34912.0,,119.0,3.4,1482.0,0,,0,0.0,0,31,1.6405290665785435,7.301147805856032,6.5638555265321274,17.024091532239197,11.460536834078507
31061,2021,75736.0,112019.0,52400.0,18.1,16.5,5.060644372507884,1.0,49.5,9.342180347466064,740.0,26192977.0,35380.0,,128.0,2.2,1494.0,0,,0,0.0,0,31,1.6214938215369483,7.309212365692763,6.606650186198215,17.081001879363466,11.626423778746652
31061,2022,61519.0,92071.0,55625.0,14.9,19.2,5.038067716075968,2.5,49.8,9.166992210856964,791.0,29994238.0,37931.0,,132.0,2.1,1548.0,0,,0,0.0,0,31,1.6170226189032022,7.344719054149673,6.673297967767654,17.216515854512597,11.430315297524093
31063,2012,45414.0,122867.0,51328.0,11.2,19.2,2.763097007995847,3.8,44.8,10.56793828296004,780.0,21529133.0,27587.0,,93.0,3.1,1609.0,0,,0,0.0,0,31,1.016352154986856,7.3833681469923835,6.659293919683638,16.884917599138166,11.718857748514058
31063,2013,49906.0,129212.0,50227.0,12.0,16.5,2.6348433407104843,3.3,45.0,10.622163907635848,777.0,22554441.0,29015.0,,95.0,3.3,1593.0,0,,0,0.0,0,31,0.9688237269851088,7.373374309910049,6.655440350367647,16.931442544655837,11.769209745274594
31063,2014,45714.0,114474.0,48713.0,13.1,16.9,2.606114519238563,3.0,44.5,10.635714465338296,760.0,23871348.0,31410.0,,89.0,2.8,1552.0,0,,0,0.0,0,31,0.9578604221878392,7.347299700743164,6.633318433280377,16.988189469280197,11.648103001955366
31063,2015,44051.0,122350.0,49634.0,12.6,18.3,2.6399734874018987,2.4,44.4,10.889432066937296,769.0,25306207.0,32904.0,,87.0,2.4,1538.0,0,,0,0.0,0,31,0.9707688744570011,7.338238150065589,6.645090969505644,17.046560259576182,11.714641068870817
31063,2016,37305.0,114382.0,51192.0,11.0,18.7,2.666650250197254,2.6,44.9,11.072943117817845,807.0,26508918.0,32866.0,,91.0,2.8,1578.0,0,,0,0.0,0,31,0.9808230968167473,7.363913501405819,6.693323668269949,17.09299176264539,11.647299002890838
31063,2017,38639.0,88718.0,52090.0,10.9,19.5,2.692300983654327,3.2,45.5,11.420897435491671,816.0,27816305.0,34089.0,,93.0,2.5,1575.0,0,,0,0.0,0,31,0.9903962122392367,7.362010551259734,6.704414354964107,17.141132917522,11.393218078938776
31063,2018,38846.0,78466.0,51855.0,10.3,20.0,2.676910543580083,3.8,45.5,11.28634880341296,798.0,27833606.0,34865.0,,92.0,2.6,1532.0,0,,0,0.0,0,31,0.9846633473119853,7.3343293503005365,6.682108597449809,17.141754697512177,11.270420688927391
31063,2019,40013.0,82569.0,54659.0,9.0,21.5,2.708717453066853,5.5,45.2,11.289337435873982,872.0,29904230.0,34287.0,,92.0,3.2,1633.0,0,,0,0.0,0,31,0.9964752583156188,7.398174092970465,6.77078942390898,17.213510499926663,11.321389586401962
31063,2020,46941.0,94580.0,59250.0,9.4,23.0,2.7046133357137214,4.9,44.5,10.941135835264884,797.0,29129285.0,36552.0,,92.0,2.9,1556.0,0,,0,0.0,0,31,0.9949589577976548,7.349873704738337,6.680854678790215,17.187254583491917,11.457201316197867
31063,2021,58941.0,115100.0,59573.0,8.9,24.5,2.577385697766642,5.1,43.7,11.10515034317566,813.0,29990232.0,36900.0,,92.0,1.8,1566.0,0,,0,0.0,0,31,0.9467755897633462,7.356279876550748,6.70073110954781,17.216382286607242,11.653556594709974
31063,2022,55913.0,104105.0,62928.0,12.4,23.4,2.5558390816627012,4.4,43.3,11.080958176933864,783.0,29969726.0,38276.0,,96.0,2.0,1531.0,0,,0,0.0,0,31,0.9383805774374374,7.333676395657684,6.663132695990803,17.215698296775244,11.553155284189295
31065,2012,44411.0,248700.0,40759.0,16.1,16.9,6.844362370190731,4.7,47.1,11.514250712401914,1920.0,59242793.0,30852.0,,278.0,3.4,2683.0,0,,0,0.0,0,31,1.9234253017631202,7.894690850425624,7.560080465021827,17.897154693450318,12.424002629791495
31065,2013,52011.0,294862.0,39603.0,16.2,16.8,6.841581239605525,4.5,47.0,11.591173802710978,1966.0,61345500.0,31199.0,,278.0,3.4,2722.0,0,,0,0.0,0,31,1.923018880298473,7.909122183211411,7.583756300707112,17.93203237679773,12.594262729260818
31065,2014,49043.0,269306.0,40765.0,16.9,18.1,6.824894456094292,4.3,46.8,11.467910250431414,2010.0,65714667.0,32701.0,,267.0,2.8,2711.0,0,,0,0.0,0,31,1.920576876642921,7.905072849498666,7.605890001053122,18.000832700549182,12.503603558536641
31065,2015,44910.0,260582.0,39934.0,17.2,17.3,6.795692584949634,3.4,46.8,11.71694472243035,2060.0,68299047.0,33150.0,,251.0,2.6,2739.0,0,,0,0.0,0,31,1.916288968082274,7.915348169263078,7.630461261783627,18.039406371295794,12.470672869913592
31065,2016,41133.0,237105.0,40445.0,15.6,16.8,6.7442416691233324,3.7,46.2,11.805173986049784,2060.0,70542218.0,34247.0,,247.0,2.8,2731.0,0,,0,0.0,0,31,1.908689054743648,7.912423121473705,7.630461261783627,18.071721925430676,12.376258359979605
31065,2017,41497.0,249851.0,43400.0,13.5,18.2,6.694181318589633,2.5,46.1,12.109221820806312,2049.0,70956362.0,34638.0,,247.0,2.4,2702.0,0,,0,0.0,0,31,1.9012386891551363,7.9017475185201445,7.6251071482389,18.077575626331154,12.428620019165782
31065,2018,42096.0,240255.0,47989.0,10.9,18.9,6.655245490396757,2.1,46.5,11.858756238627556,1984.0,70410974.0,35485.0,,240.0,2.6,2657.0,0,,0,0.0,0,31,1.8954053392804378,7.884952945759814,7.592870287844818,18.069859689661957,12.389456138270505
31065,2019,46260.0,225691.0,48838.0,11.0,17.4,6.6010134439852495,1.8,46.9,12.500622517304292,1917.0,73078051.0,38119.0,,235.0,2.8,2616.0,0,,0,0.0,0,31,1.887223189363437,7.86940171257709,7.558516743045645,18.107038619715052,12.326922086069045
31067,2012,41691.0,966727.0,46164.0,12.0,19.3,26.083402528125188,6.2,43.6,9.304760510398353,8958.0,276211124.0,30836.0,,827.0,4.8,11152.0,0,,0,0.0,0,31,3.2612991935841045,9.319374133000306,9.100302266767246,19.43667607329137,13.781671418134037
31067,2013,43109.0,1011596.0,47654.0,11.7,20.0,25.902536933576524,5.3,43.9,9.176885634854813,8943.0,283163907.0,31662.0,,841.0,4.5,11088.0,0,,0,0.0,0,31,3.254340915011937,9.313618721429684,9.09862638234618,19.461536464627876,13.827039839638061
31067,2014,44238.0,947823.0,49021.0,11.4,20.5,25.707577916076016,4.3,44.4,11.5452648891924,8984.0,296492318.0,33003.0,,840.0,4.1,11094.0,0,,0,0.0,0,31,3.246785808986051,9.31415970061518,9.10320049641828,19.507531867128808,13.76192305494413
31067,2015,46119.0,909046.0,50010.0,9.7,19.7,25.624191830277606,4.3,44.6,10.44349557042754,9112.0,309723332.0,33990.0,,846.0,3.6,11090.0,0,,0,0.0,0,31,3.2435368986305986,9.313799080344413,9.117347505127018,19.551189979529024,13.72015097693973
31067,2016,42864.0,879499.0,48731.0,10.4,20.1,25.57721375377146,3.6,44.8,10.575574146310244,9226.0,320258573.0,34711.0,,842.0,3.3,11112.0,0,,0,0.0,0,31,3.241701867378903,9.31578088443418,9.129780864117766,19.58463926809398,13.687107706149439
31067,2017,43870.0,862227.0,52223.0,9.1,20.3,25.405743774524023,3.2,44.2,10.586521691331932,9094.0,324180420.0,35649.0,,831.0,3.5,11062.0,0,,0,0.0,0,31,3.234975281315587,9.311271090554623,9.115370134384955,19.596810770623996,13.667273856044943
31067,2018,46298.0,923783.0,51662.0,9.8,20.2,25.36228905375584,3.4,44.0,10.228069806627785,9031.0,332334578.0,36799.0,,789.0,3.3,11072.0,0,,0,0.0,0,31,3.233263387867698,9.31217467785745,9.108418382250798,19.621652784486695,13.736232474557749
31067,2019,48612.0,932707.0,53110.0,10.7,20.8,25.361114601843184,3.4,43.8,10.261149632717476,8976.0,343449823.0,38262.0,,788.0,3.6,11162.0,0,,0,0.0,0,31,3.2332170797799824,9.320270431348378,9.102309627762478,19.654551583265174,13.745846389779533
31067,2020,51274.0,955571.0,51812.0,13.2,20.7,25.307089813861115,2.1,43.4,10.115654882111969,8546.0,347104448.0,40618.0,,778.0,4.0,10977.0,0,,0,0.0,0,31,3.231084586273321,9.303557453687317,9.05321861620397,19.665136295500698,13.770064346547597
31067,2021,61495.0,1095844.0,55000.0,13.8,20.2,25.492653216060393,2.1,42.9,10.090939094885476,8553.0,359710007.0,42055.0,,792.0,2.5,10887.0,0,,0,0.0,0,31,3.238390301478857,9.29532469588118,9.054037377580782,19.700808728684766,13.907035400592978
31067,2022,75117.0,1090494.0,60035.0,13.4,20.0,25.431581716602405,2.0,42.9,9.940294881328638,8474.0,384658208.0,45393.0,,787.0,2.4,10849.0,0,,0,0.0,0,31,3.2359917763437402,9.29182818882245,9.044757931186505,19.76786572652105,13.90214136254541
31069,2012,42111.0,61286.0,40125.0,7.3,19.5,1.179219697835947,6.0,51.4,12.277148022515222,586.0,15549585.0,26531.0,,80.0,3.1,1258.0,0,,0,0.0,0,31,0.16485294671975037,7.1372784372603855,6.373319789577012,16.55954450813049,11.023306710848635
31069,2013,46407.0,71110.0,39400.0,9.4,20.8,1.1528323848560278,4.7,53.1,12.446385327312978,573.0,15522693.0,27082.0,,83.0,2.8,1233.0,0,,0,0.0,0,31,0.14222185765421017,7.117205503164344,6.35088571671474,16.55781357570807,11.171983252877563
31069,2014,51770.0,80020.0,41410.0,11.7,22.0,1.1369999970680764,3.7,51.3,12.271893283897397,538.0,15291359.0,28414.0,,80.0,2.8,1194.0,0,,0,0.0,0,31,0.12839321218975028,7.085064293952548,6.2878585601617845,16.542798455577483,11.290031882411226
31069,2015,47563.0,80257.0,45845.0,10.2,23.5,1.0689793680531734,3.1,52.3,10.824143681863834,558.0,16562090.0,29703.0,,82.0,2.4,1201.0,0,,0,0.0,0,31,0.06670433162576146,7.0909098220799835,6.324358962381311,16.62262690668733,11.292989264602502
31069,2016,45678.0,78207.0,49805.0,11.6,21.9,1.1317225344720925,2.3,50.2,10.93892481566713,559.0,17441040.0,31228.0,,89.0,3.3,1194.0,0,,0,0.0,0,31,0.12374083884602963,7.085064293952548,6.326149473155099,16.674336607694652,11.267114436593754
31069,2017,44673.0,78048.0,48125.0,11.7,24.2,1.121753994013012,1.4,51.7,10.9460333792254,568.0,19158517.0,33740.0,,88.0,2.8,1201.0,0,,0,0.0,0,31,0.1148935263873513,7.0909098220799835,6.342121418721152,16.768257926676316,11.265079301015646
31069,2018,42272.0,75499.0,44471.0,9.1,24.9,1.0906756031699958,1.4,50.3,10.633731023611,562.0,18139118.0,32262.0,,89.0,2.5,1198.0,0,,0,0.0,0,31,0.08679732365434525,7.088408778675395,6.331501849893691,16.713581379638974,11.231874690116287
31069,2019,47673.0,75628.0,43750.0,7.7,22.5,1.0930211421015443,1.0,50.4,10.682021823873184,500.0,16896638.0,33816.0,,79.0,3.0,1109.0,0,,0,0.0,0,31,0.08894555219263497,7.011213987350367,6.214608098422191,16.642625225191885,11.233581863967819
31069,2020,51059.0,76490.0,42076.0,8.6,23.1,1.1235131482116731,2.0,49.6,10.362184555282871,479.0,16816912.0,35133.0,,78.0,3.6,1082.0,0,,0,0.0,0,31,0.11646051547790423,6.9865664594064265,6.171700597410915,16.637895604691053,11.244915292315913
31069,2021,56351.0,74720.0,43478.0,6.9,26.5,1.012100048963125,3.0,53.8,10.39616467361228,506.0,17861077.0,35275.0,,84.0,2.1,1113.0,0,,0,0.0,0,31,0.012027428590471567,7.014814351275545,6.226536669287466,16.698134433946137,11.221503072902724
31069,2022,58047.0,73995.0,47139.0,9.6,23.1,1.042592055073254,3.5,47.3,10.272466555458914,508.0,18793632.0,37014.0,,82.0,1.9,1119.0,0,,0,0.0,0,31,0.0417099730209481,7.020190708311925,6.230481447578482,16.749028647016193,11.211752802335948
31071,2012,38841.0,76696.0,39241.0,13.8,13.3,3.699084889255792,3.2,49.1,10.815760131194034,839.0,20894254.0,24906.0,,109.0,3.0,1218.0,0,,0,0.0,0,31,1.3080854618315916,7.1049654482698426,6.732210706467206,16.85498475090568,11.247604834756833
31071,2013,40434.0,91168.0,41892.0,13.0,13.8,3.4198092494686736,4.4,50.5,11.017090854419775,843.0,22025609.0,26115.0,,112.0,3.0,1228.0,0,,0,0.0,0,31,1.2295847745098702,7.113142108707088,6.736966958001855,16.907716379801528,11.420459237297635
31071,2014,47179.0,99349.0,41776.0,12.0,12.8,3.4321044034215653,4.9,50.5,11.076874001006171,843.0,22803864.0,27064.0,,118.0,2.6,1203.0,0,,0,0.0,0,31,1.2331736017403987,7.0925737159746784,6.736966958001855,16.94244055324984,11.506394182504042
31071,2015,48105.0,118473.0,43179.0,10.2,16.2,3.3952189415628893,3.5,51.4,11.51516564153726,848.0,24016061.0,28324.0,,119.0,2.4,1198.0,0,,0,0.0,0,31,1.2223682483460014,7.088408778675395,6.742880635791903,16.994233372825505,11.682440365494735
31071,2016,44973.0,116487.0,45227.0,7.3,18.5,3.4566947113273496,3.0,51.0,11.729106262827615,811.0,22545665.0,27786.0,,122.0,2.5,1162.0,0,,0,0.0,0,31,1.2403128467498694,7.057897937411856,6.698268054115413,16.931053365964736,11.665534957778657
31071,2017,42173.0,73287.0,46509.0,7.2,19.5,3.4391302056803608,1.9,51.4,11.909651545538823,819.0,23815332.0,29073.0,,123.0,2.7,1168.0,0,,0,0.0,0,31,1.2352185922281262,7.0630481633881725,6.70808408385307,16.985840132913545,11.20213851880335
31071,2018,41666.0,72760.0,48545.0,7.5,22.2,3.4689898652802413,0.2,51.4,11.368307606248395,834.0,24908455.0,29860.0,,125.0,2.5,1178.0,0,,0,0.0,0,31,1.2438634464728928,7.071573364211532,6.726233402358747,17.03071786203102,11.194921632632058
31071,2019,46432.0,78899.0,53000.0,9.2,25.5,3.5146575799624116,0.2,50.9,11.996678251648802,808.0,25570792.0,31660.0,,122.0,2.7,1165.0,0,,0,0.0,0,31,1.256942103721404,7.060476365999801,6.694562058521095,17.05696132058511,11.275923832482418
31073,2012,50218.0,93519.0,44241.0,10.8,16.6,4.408988224509173,3.0,45.4,10.652720394069547,438.0,13368748.0,30499.0,,75.0,2.9,1143.0,0,,0,0.0,0,31,1.483645235587288,7.04141166379481,6.082218910376446,16.408430302210224,11.445919903188866
31073,2013,61129.0,119096.0,45893.0,8.0,18.0,4.376248212941036,4.5,45.3,10.69132673614755,461.0,14033398.0,30419.0,,76.0,3.4,1162.0,0,,0,0.0,0,31,1.476191784932707,7.057897937411856,6.133398042996649,16.45695061804989,11.687685169556893
31073,2014,53998.0,102668.0,50063.0,7.6,18.0,4.358786873438029,6.8,45.1,10.70682173364666,440.0,14132520.0,32113.0,,77.0,3.0,1137.0,0,,0,0.0,0,31,1.4721937786078527,7.036148493750536,6.0867747269123065,16.463989082708363,11.539255760216259
31073,2015,51926.0,98955.0,54375.0,5.7,19.4,4.312950857242637,5.1,46.7,10.9669186966254,408.0,13467267.0,33001.0,,73.0,2.4,1078.0,0,,0,0.0,0,31,1.4616223234998507,6.982862751468942,6.0112671744041615,16.415772632477566,11.502420480325082
31073,2016,44778.0,85060.0,60711.0,5.8,20.9,4.315133524680513,4.6,46.9,10.737569537651645,395.0,13307254.0,33682.0,,67.0,2.5,1062.0,0,,0,0.0,0,31,1.4621282683626546,6.967909201801884,5.978885764901122,16.403819858041917,11.351112168807624
31073,2017,43570.0,80378.0,61769.0,5.7,24.1,4.406805557071297,4.6,49.5,11.175047397091078,373.0,12990941.0,34852.0,,66.0,2.7,1055.0,0,,0,0.0,0,31,1.483150063504875,6.961296045910167,5.921578419643816,16.37976282636183,11.294495785882239
31073,2018,47772.0,78306.0,62545.0,5.1,26.4,4.398074887319794,2.9,50.4,10.719429466838728,386.0,13823689.0,35789.0,,70.0,2.6,1071.0,0,,0,0.0,0,31,1.481166919572821,6.976348070447749,5.955837369464831,16.441894272666428,11.268379507395583
31073,2019,51491.0,77377.0,64053.0,5.4,29.5,4.393709552444042,1.9,53.4,10.658468755088474,417.0,15917780.0,38134.0,,76.0,2.7,1114.0,0,,0,0.0,0,31,1.480173870831829,7.01571242048723,6.0330862217988015,16.58294728142066,11.256444857795005
31073,2020,60277.0,82067.0,65086.0,5.1,29.1,4.367517543189532,1.4,54.0,10.313092532861813,412.0,16791244.0,40747.0,,78.0,2.5,1112.0,0,,0,0.0,0,31,1.4741947797757708,7.013915474810528,6.021023349349527,16.63636811803033,11.315291265794556
31073,2021,70105.0,103013.0,69886.0,5.0,31.0,3.952810729993125,1.8,51.0,10.337470978297986,488.0,19593889.0,40186.0,,82.0,1.7,1200.0,0,,0,0.0,0,31,1.374426903075451,7.090076835776092,6.1903154058531475,16.79072828987119,11.54261047283974
31073,2022,68478.0,97929.0,76583.0,6.5,28.1,4.088136111141426,1.5,48.9,10.229210002090712,498.0,21690082.0,43518.0,,81.0,1.8,1205.0,0,,0,0.0,0,31,1.4080891476361261,7.094234845924755,6.210600077024653,16.89236566333994,11.49199800528723
31075,2012,36241.0,13949.0,40982.0,17.7,18.3,0.7825118889039042,2.7,47.3,11.320027332526678,257.0,6525562.0,25375.0,,56.0,3.4,439.0,0,,0,0.0,0,31,-0.2452461631958311,6.0844994130751715,5.54907608489522,15.691237637732232,9.543163100092235
31075,2013,40657.0,20560.0,44167.0,18.8,17.7,0.7902340457022979,3.0,47.1,11.352143770294298,268.0,6590612.0,24599.0,,54.0,3.3,419.0,0,,0,0.0,0,31,-0.23542611701485575,6.037870919922137,5.5909869805108565,15.701156770148517,9.931102719569102
31075,2014,60374.0,31403.0,45268.0,13.4,18.6,0.8352799603595951,3.6,48.0,11.41125290560352,265.0,6995288.0,26356.0,,50.0,2.3,429.0,0,,0,0.0,0,31,-0.1799883284579082,6.061456918928017,5.579729825986222,15.760747337500069,10.35465870873383
31075,2015,59150.0,45424.0,44750.0,13.3,20.4,0.9897230963274708,3.5,48.5,11.831868262917984,264.0,7328403.0,27794.0,,50.0,2.3,437.0,0,,0,0.0,0,31,-0.010330075656354297,6.07993319509559,5.575949103146316,15.807268178365444,10.723795878712753
31075,2016,52327.0,41513.0,45625.0,16.6,22.0,0.8327059080934638,4.9,50.9,12.308330703060928,281.0,7820436.0,27864.0,,49.0,2.2,455.0,0,,0,0.0,0,31,-0.18307475066109763,6.12029741895095,5.638354669333745,15.872250865442973,10.633761910177357
31075,2017,46083.0,33540.0,45833.0,21.1,23.0,0.8777518227507609,4.5,48.6,12.638666479356951,298.0,8445504.0,28341.0,,54.0,2.3,443.0,0,,0,0.0,0,31,-0.13039138731853608,6.093569770045136,5.697093486505405,15.949144786727432,10.4204940353772
31075,2018,42476.0,31735.0,39479.0,19.9,25.2,0.9240847635411236,4.3,45.3,12.739436946343895,294.0,8692753.0,29550.0,,58.0,2.6,424.0,0,,0,0.0,0,31,-0.07895147611377411,6.049733455231958,5.683579767338681,15.978000247991357,10.365175451740571
31075,2019,49388.0,27272.0,46500.0,15.9,26.8,0.9292328680733862,2.5,38.8,12.839109829388018,287.0,8747162.0,30460.0,,56.0,2.7,415.0,0,,0,0.0,0,31,-0.0733959062691719,6.028278520230698,5.659482215759621,15.984239862866133,10.21361581381774
31077,2012,41042.0,91148.0,44219.0,12.1,15.2,4.413744206412301,1.6,46.1,10.291027551478166,641.0,17180212.0,26813.0,,116.0,3.5,1296.0,0,,0,0.0,0,31,1.484723355637066,7.16703787691222,6.46302945692067,16.6592688143744,11.420239838011996
31077,2013,49443.0,106660.0,44950.0,12.1,15.0,4.399704463409797,1.8,46.3,10.37243586022271,637.0,17549531.0,27572.0,,115.0,3.4,1296.0,0,,0,0.0,0,31,1.4815373712615199,7.16703787691222,6.456769655572163,16.680537783872342,11.577401484154594
31077,2014,47614.0,95346.0,43226.0,11.7,15.1,4.3874196882826055,2.8,46.2,10.475156351775784,624.0,17408262.0,27890.0,,116.0,3.2,1272.0,0,,0,0.0,0,31,1.4787412839595186,7.148345743900068,6.436150368369428,16.672455479076017,11.465267659440691
31077,2015,54760.0,109587.0,42904.0,10.0,14.4,4.345300459275093,1.9,46.0,11.029757115266571,621.0,18241964.0,29379.0,,116.0,3.1,1253.0,0,,0,0.0,0,31,1.4690949069077133,7.133295954896068,6.431331081933479,16.71923521225247,11.604474033322271
31077,2016,49874.0,92295.0,48220.0,8.7,16.6,4.294406390891014,1.6,45.8,11.192276721097722,616.0,18814893.0,30552.0,,118.0,3.1,1241.0,0,,0,0.0,0,31,1.4573133365458981,7.123672785204607,6.423246963533519,16.750159295041605,11.4327452478427
31077,2017,46205.0,92186.0,47218.0,9.8,17.3,4.275101744262571,1.7,45.9,11.391960399853128,615.0,19010209.0,30894.0,,121.0,3.1,1232.0,0,,0,0.0,0,31,1.452807901933014,7.116394144093465,6.421622267806518,16.760486708617748,11.431563554197458
31077,2018,48732.0,97541.0,47128.0,9.5,17.4,4.229472579504432,1.4,45.7,10.926746097909191,617.0,19730301.0,31973.0,,121.0,2.7,1227.0,0,,0,0.0,0,31,1.4420772995879272,7.112327444710911,6.424869023905388,16.797666133837826,11.488028081415713
31077,2019,52865.0,107966.0,47869.0,10.2,16.3,4.180333478995666,1.5,45.5,11.04862405653098,615.0,20421097.0,33196.0,,123.0,3.1,1241.0,0,,0,0.0,0,31,1.4303910230184718,7.123672785204607,6.421622267806518,16.83207909109916,11.589571641726955
31077,2020,60231.0,105593.0,46830.0,13.7,17.0,4.143479153614093,1.3,45.4,10.478889615580265,618.0,22006370.0,35628.0,,121.0,3.0,1240.0,0,,0,0.0,0,31,1.4215358101887394,7.122866658599083,6.42648845745769,16.90684251486694,11.567347360178372
31077,2021,72099.0,122233.0,48472.0,13.5,16.5,3.894273715319641,1.9,43.7,10.270102800319524,621.0,23233154.0,37402.0,,125.0,2.0,1224.0,0,,0,0.0,0,31,1.3595071960358205,7.1098794630722715,6.431331081933479,16.961090868238017,11.713684338362773
31077,2022,65708.0,107742.0,52813.0,12.5,17.1,3.8819889401924494,1.8,43.6,10.227118520410023,627.0,23779154.0,37951.0,,124.0,1.8,1245.0,0,,0,0.0,0,31,1.3563476357454518,7.126890808898808,6.440946540632921,16.984319872479684,11.587494759269953
31079,2012,37044.0,3424578.0,48044.0,13.7,16.8,107.39764636980912,5.2,35.6,9.525203308237536,34955.0,1194845107.0,34182.0,,2102.0,3.9,32587.0,0,,0,0.0,0,31,4.6765382672146085,10.391668714817564,10.461816798946085,20.90128239635558,15.046488810408448
31079,2013,36927.0,3553137.0,48712.0,13.7,17.1,108.7702922820696,6.5,35.7,9.47122375510643,35298.0,1227863662.0,34786.0,,2145.0,3.6,32476.0,0,,0,0.0,0,31,4.689238248259174,10.388256633982337,10.471581584092512,20.928541636077725,15.083341433224042
31079,2014,37539.0,3399158.0,49178.0,15.7,17.7,110.21980636541664,6.4,35.9,11.22023911070172,35227.0,1275642854.0,36212.0,,2164.0,3.9,32417.0,0,,0,0.0,0,31,4.702476611652753,10.386438255536065,10.469568113011716,20.96671608770677,15.03903831185797
31079,2015,39175.0,3409423.0,49252.0,15.3,18.3,111.26118706418492,6.0,35.8,10.428249384024127,34560.0,1290158626.0,37331.0,,2165.0,3.9,31717.0,0,,0,0.0,0,31,4.711880473871059,10.36460809372245,10.450452222917992,20.97803101365178,15.042053626731231
31079,2016,39281.0,3479144.0,51355.0,14.8,19.0,111.83403795823496,5.3,35.7,10.505006638336225,34742.0,1315336331.0,37860.0,,2186.0,3.6,31581.0,0,,0,0.0,0,31,4.717015968393539,10.360310952919434,10.455704608661868,20.997358234892854,15.062296844481855
31079,2017,40494.0,3450115.0,53807.0,13.5,19.8,112.06830286059407,5.4,35.8,10.557266858236767,34927.0,1363864990.0,39049.0,,2172.0,3.5,31887.0,0,,0,0.0,0,31,4.71910853238359,10.369953682201691,10.46101544805463,21.033588410530328,15.053918121785333
31079,2018,41684.0,3513092.0,54742.0,13.0,20.9,112.26962426105896,4.5,36.0,10.056508527974968,34880.0,1396787818.0,40046.0,,2129.0,3.3,32272.0,0,,0,0.0,0,31,4.7209033377211576,10.381955260193992,10.459668878022915,21.057441021648465,15.07200711934798
31079,2019,43087.0,3488845.0,57104.0,11.8,21.5,112.12686908618386,4.0,35.9,10.041585456718783,34721.0,1440938680.0,41501.0,,2105.0,3.6,32346.0,0,,0,0.0,0,31,4.719630989904985,10.384245644679723,10.45509997020284,21.088560599276263,15.065081293845305
31079,2020,46741.0,3479000.0,58595.0,11.2,21.2,112.26047328831056,4.0,36.1,10.10142500462657,33035.0,1493050805.0,45196.0,,2056.0,5.8,32250.0,0,,0,0.0,0,31,4.7208218255065075,10.381273322223919,10.405322884463986,21.12408738372557,15.062255454134078
31079,2021,53297.0,3859830.0,60720.0,11.9,21.7,114.5994619228024,3.2,35.9,10.102383600125282,34129.0,1640570954.0,48069.0,,2063.0,3.0,32416.0,0,,0,0.0,0,31,4.741443109006112,10.38640740704841,10.437902741735204,21.21831016087784,15.166133699020383
31079,2022,55627.0,3853911.0,63553.0,12.8,21.3,114.52442394626549,2.9,36.0,10.01073983907567,34776.0,1762985483.0,50696.0,,2068.0,2.2,32852.0,0,,0,0.0,0,31,4.740788109821413,10.399767904860083,10.456682772668628,21.290274506068457,15.1645990347993
31081,2012,53245.0,527452.0,56809.0,8.5,22.7,16.778882514618804,3.3,42.9,9.988257010033111,3231.0,112426461.0,34793.0,,348.0,3.2,4834.0,0,,0,0.0,0,31,2.8201211025531827,8.483429561263428,8.080546965824498,18.537809885866828,13.175813144931375
31081,2013,54807.0,551165.0,56065.0,10.1,24.1,16.76781465016325,3.0,42.9,9.852021052648778,3236.0,117041658.0,36167.0,,363.0,3.1,4838.0,0,,0,0.0,0,31,2.819461254294335,8.484256691169973,8.082093278178382,18.578040480672865,13.219789498842582
31081,2014,51608.0,495701.0,58382.0,9.1,24.8,16.782571802770654,2.8,42.8,11.597912889490171,3333.0,123248177.0,36974.0,,376.0,3.0,4766.0,0,,0,0.0,0,31,2.82034095525276,8.469262657658687,8.11162807830774,18.629710579702635,13.113728201355833
31081,2015,53603.0,552034.0,59311.0,8.7,25.2,16.786261090922505,2.5,42.9,10.52456434759848,3491.0,136632467.0,39137.0,,382.0,2.9,4690.0,0,,0,0.0,0,31,2.8205607596277518,8.453187861440325,8.157943507105037,18.732805156215484,13.221364917565285
31081,2016,51699.0,568968.0,59760.0,9.0,25.3,16.819464684289166,2.1,42.5,10.61353942455962,3537.0,150128700.0,42450.0,,385.0,2.8,4679.0,0,,0,0.0,0,31,2.8225368278961973,8.450839690866216,8.17103418920548,18.82700348418894,13.251579472511178
31081,2017,52642.0,588816.0,61944.0,7.2,25.7,16.876648650642856,2.0,42.3,10.668858660841968,3642.0,156821821.0,43060.0,,385.0,2.5,4725.0,0,,0,0.0,0,31,2.825930929802346,8.460622839927844,8.200288260287554,18.87062082073891,13.285869019940643
31081,2018,51774.0,620580.0,64042.0,4.9,26.0,16.9301433288447,2.5,41.5,10.240373725371509,3637.0,157458893.0,43295.0,,378.0,2.5,4803.0,0,,0,0.0,0,31,2.8290956620775893,8.476996001664824,8.19891444498699,18.874674985338967,13.338409803599903
31081,2019,53152.0,628201.0,64210.0,5.2,25.0,16.998395159653946,3.0,41.9,10.206261635879809,3559.0,158105128.0,44426.0,,363.0,3.1,4873.0,0,,0,0.0,0,31,2.8331189372267342,8.491465042843506,8.177234885510194,18.878770736821306,13.350615457935145
31081,2020,60755.0,651707.0,68649.0,3.5,24.6,17.005773735957646,3.2,41.7,10.225675385231837,3498.0,167819787.0,47974.0,,362.0,3.7,4780.0,0,,0,0.0,0,31,2.8335529179214047,8.472195825485501,8.159946655578548,18.938401265188375,13.387350353401347
31081,2021,68123.0,733889.0,71211.0,2.6,26.3,17.295382855877957,4.5,42.0,10.224704115981224,3606.0,179408368.0,49755.0,,376.0,2.2,4842.0,0,,0,0.0,0,31,2.8504395789396044,8.485083137498004,8.190354403763262,19.005175150871278,13.506113070002787
31081,2022,68050.0,665055.0,73254.0,5.5,24.9,17.339654313700173,3.6,41.3,10.10293152972045,3666.0,191006634.0,52096.0,,377.0,1.9,4925.0,0,,0,0.0,0,31,2.852996035380906,8.502079553606189,8.20685642839965,19.067818718392022,13.407625022984892
31083,2012,46433.0,147847.0,44801.0,11.2,16.6,6.177434566892998,2.2,49.9,11.542213070337054,889.0,23577660.0,26532.0,,137.0,3.1,1874.0,0,,0,0.0,0,31,1.820903066658282,7.535830462798367,6.790097235513905,16.975810211507998,11.903933234239455
31083,2013,56320.0,186383.0,45920.0,12.1,15.3,6.224411255614617,2.2,50.0,10.149341006616371,865.0,23274801.0,26900.0,,138.0,3.0,1857.0,0,,0,0.0,0,31,1.8284788604667395,7.526717561352706,6.762729506931879,16.96288183114456,12.13555897535776
31083,2014,53761.0,178712.0,46859.0,11.8,14.5,6.255126782855677,2.9,49.7,10.11526999181494,844.0,23561160.0,27919.0,,144.0,2.6,1803.0,0,,0,0.0,0,31,1.8334014127551352,7.497207223203318,6.738152494595957,16.975110151528817,12.09353085054376
31083,2015,56032.0,197358.0,46766.0,13.2,16.1,6.247899599975428,1.7,49.5,10.438679799040443,860.0,25123031.0,29213.0,,148.0,2.1,1793.0,0,,0,0.0,0,31,1.8322453432622166,7.491645473605133,6.756932389247553,17.039295553113366,12.192774617386185
31083,2016,50481.0,192293.0,44630.0,15.9,16.5,6.2605471700158635,1.9,49.8,10.467974096437256,840.0,25896874.0,30833.0,,150.0,2.5,1767.0,0,,0,0.0,0,31,1.8342675886429842,7.4770384723196965,6.733401891837359,17.069632824404845,12.166775529458263
31083,2017,46498.0,165329.0,46750.0,12.9,18.7,6.2677743528961125,2.0,49.5,10.94851553109281,852.0,26084809.0,30613.0,,151.0,2.6,1789.0,0,,0,0.0,0,31,1.8354213239887303,7.489412083508719,6.747586526829315,17.07686367219599,12.015692707018056
31083,2018,50924.0,190653.0,50344.0,11.2,21.4,6.211763685574182,1.4,47.9,10.122814000846674,859.0,27526339.0,32048.0,,149.0,2.4,1792.0,0,,0,0.0,0,31,1.826444862961775,7.491087593534876,6.755768921984255,17.130653886074636,12.158210300803134
31083,2019,57401.0,185843.0,49835.0,10.5,22.4,6.170207384012748,1.1,45.3,10.047002232457858,854.0,27907454.0,32694.0,,144.0,2.8,1802.0,0,,0,0.0,0,31,1.8197324490238709,7.496652438168283,6.74993119378857,17.144404379567238,12.132657510232635
31083,2020,62841.0,173758.0,51534.0,10.2,23.8,6.1069695338105685,1.2,46.3,9.48428326661199,807.0,28837604.0,35738.0,,131.0,2.9,1753.0,0,,0,0.0,0,31,1.809430665496045,7.469083884921234,6.693323668269949,17.177190787872902,12.065418805532552
31083,2021,68474.0,183458.0,59432.0,7.3,25.3,5.810655035720352,2.2,46.0,9.342180347466064,843.0,30546379.0,36239.0,,133.0,2.0,1784.0,0,,0,0.0,0,31,1.7596933073178376,7.486613313139955,6.736966958001855,17.234756709552087,12.119741037445301
31083,2022,65239.0,160242.0,64583.0,7.3,24.5,5.590225957872751,2.0,47.5,9.166992210856964,860.0,32640820.0,37965.0,4.0,132.0,1.8,1810.0,0,,0,0.0,0,31,1.721019708151992,7.501082124259871,6.756932389247553,17.301074210293635,11.984440451539893
31085,2012,63982.0,58999.0,47150.0,6.3,17.6,1.4542914921844103,2.6,45.5,11.591305701157983,202.0,5770022.0,28541.0,,40.0,2.9,663.0,0,,0,0.0,0,31,0.3745188350739914,6.4967749901858625,5.308267697401205,15.56818645130197,10.985275773591676
31085,2013,80271.0,71971.0,49125.0,5.9,19.8,1.6015437647778172,1.9,45.8,11.482653475070292,203.0,6121201.0,30117.0,,42.0,3.3,645.0,0,,0,0.0,0,31,0.4709680170604196,6.4692503167957724,5.313205979041787,15.627268877065665,11.184018539083658
31085,2014,85296.0,74602.0,48750.0,7.0,19.0,1.6057509725662005,2.0,47.4,11.506463735843695,202.0,5813599.0,28745.0,,41.0,2.9,629.0,0,,0,0.0,0,31,0.4735915428328042,6.444131256700441,5.308267697401205,15.57571038627409,11.219922595483954
31085,2015,83137.0,91728.0,44500.0,6.3,19.7,1.5202044142024116,1.8,48.0,11.708944862556082,204.0,6311634.0,30965.0,,41.0,2.3,618.0,0,,0,0.0,0,31,0.4188448088440556,6.42648845745769,5.318119993844216,15.65790515503579,11.426582955148165
31085,2016,80532.0,98295.0,44602.0,7.9,20.6,1.4206338298773458,1.7,47.7,11.954728346369974,201.0,6335037.0,31583.0,,40.0,2.4,593.0,0,,0,0.0,0,31,0.35110313109314745,6.385194398997726,5.303304908059076,15.661606212288591,11.495728440141708
31085,2017,55828.0,60757.0,44946.0,9.0,17.2,1.3420992844941957,1.6,42.7,12.424751707304283,196.0,6210470.0,31686.0,,37.0,2.4,577.0,0,,0,0.0,0,31,0.29423501829741855,6.3578422665081,5.278114659230517,15.641747135425776,11.0146375809022
31085,2018,58111.0,74213.0,45515.0,12.4,18.1,1.3224656481484078,1.0,44.4,12.173499765037,201.0,6387894.0,31860.0,,37.0,2.1,606.0,0,,0,0.0,0,31,0.2794979094779216,6.406879986069314,5.303304908059076,15.66991519456634,11.214694615965701
31085,2019,71084.0,82358.0,51726.0,11.1,18.3,1.2523455183420236,1.5,45.7,12.160577725678673,209.0,6710615.0,32159.0,,38.0,2.7,626.0,0,,0,0.0,0,31,0.22501820772096318,6.439350371100098,5.342334251964811,15.719201158995263,11.318830877214042
31085,2020,92410.0,95107.0,52396.0,13.9,18.7,1.2467359079575129,0.4,48.3,11.117289324884243,206.0,6904812.0,33546.0,,39.0,2.2,633.0,0,,0,0.0,0,31,0.22052886235836874,6.450470422144176,5.327876168789581,15.74772911780752,11.462757852554397
31085,2021,91745.0,90080.0,51389.0,13.0,18.8,1.2495407131497682,0.5,45.5,10.493646303531117,196.0,6785658.0,34577.0,,39.0,1.5,611.0,0,,0,0.0,0,31,0.22277605431527345,6.415096959171596,5.278114659230517,15.730321825178313,11.408453443373517
31085,2022,82479.0,80926.0,59405.0,14.7,18.1,1.2888079858413433,0.2,48.9,10.442107346184724,179.0,6507614.0,36338.0,,37.0,1.5,597.0,0,,0,0.0,0,31,0.25371774920015105,6.391917113392602,5.187385805840755,15.68848343394559,11.301290435838887
31087,2012,41253.0,124685.0,40000.0,12.8,13.7,4.082017852137425,3.5,49.1,11.480759954675156,710.0,23538878.0,33134.0,,97.0,4.0,1356.0,0,,0,0.0,0,31,1.4065914377581548,7.212294468500341,6.565264970035361,16.97416399510906,11.73354583574
31087,2013,45305.0,132731.0,39702.0,15.5,13.8,4.06229795913193,3.8,49.1,11.618724435966117,701.0,23979323.0,34232.0,,103.0,4.0,1359.0,0,,0,0.0,0,31,1.4017488132823668,7.214504414151143,6.55250788703459,16.992702475305233,11.796079802683632
31087,2014,42866.0,124153.0,35938.0,14.6,15.3,4.06229795913193,4.1,48.9,11.63438320631126,697.0,25341817.0,36341.0,,101.0,3.4,1342.0,0,,0,0.0,0,31,1.4017488132823668,7.201916317531627,6.546785410760524,17.047966435101124,11.729269954961719
31087,2015,41212.0,121890.0,39231.0,17.4,15.1,4.055255140201396,3.0,48.2,11.855760738657317,692.0,26456642.0,38218.0,,98.0,3.2,1326.0,0,,0,0.0,0,31,1.400013605489703,7.189922170745808,6.539585955617669,17.09101780005632,11.710874277649882
31087,2016,38230.0,114866.0,41131.0,16.2,14.7,4.036943810982009,2.8,48.0,11.82808634817881,688.0,26273251.0,38192.0,,98.0,3.6,1313.0,0,,0,0.0,0,31,1.3954879232656443,7.180069874302796,6.5337888379333435,17.084061907335705,11.651521510560487
31087,2017,38529.0,137212.0,41582.0,14.2,17.4,4.028492428265368,3.1,47.1,12.525981058267668,651.0,22542073.0,34618.0,,94.0,3.5,1274.0,0,,0,0.0,0,31,1.3933922186914254,7.149916836132109,6.478509642208569,16.93089403217835,11.829282454006059
31087,2018,39020.0,123087.0,42902.0,12.7,18.6,4.004546843901553,4.1,46.8,12.311351998377198,650.0,23585678.0,36267.0,,100.0,3.5,1271.0,0,,0,0.0,0,31,1.3874304265285269,7.147559271189454,6.476972362889683,16.976150221372322,11.720646701396898
31087,2019,42114.0,137455.0,49962.0,11.3,17.6,3.965107057890563,2.7,46.2,12.2515600941059,659.0,24248166.0,36809.0,,102.0,3.4,1275.0,0,,0,0.0,0,31,1.377532855451318,7.150701457592526,6.490723534502507,17.00385154362178,11.831051869796084
31087,2020,48592.0,135844.0,46000.0,12.3,15.8,3.92707583566568,1.8,45.4,9.74852450603028,700.0,27912814.0,39894.0,,100.0,3.5,1322.0,0,,0,0.0,0,31,1.3678950867579416,7.186901020411631,6.551080335043404,17.14459642450749,11.819262447519176
31087,2021,62542.0,166771.0,47025.0,10.5,18.3,3.7045227574608104,1.9,44.8,9.758030281590491,715.0,28640913.0,40053.0,,101.0,2.3,1317.0,0,,0,0.0,0,31,1.3095544400493373,7.183111701743281,6.5722825426940075,17.17034677804023,12.024376892879951
31087,2022,64427.0,176936.0,49456.0,12.4,18.8,3.6904371195997423,1.9,43.3,9.892767201928024,684.0,29497238.0,43146.0,,101.0,2.2,1299.0,0,,0,0.0,0,31,1.3057449116326696,7.1693500166706,6.52795791762255,17.199807189808112,12.083543364248557
31089,2012,50056.0,569052.0,47768.0,8.7,16.5,4.318526345373502,1.2,45.9,11.108601065883253,4516.0,136066468.0,30128.0,,538.0,3.1,5960.0,0,,0,0.0,0,31,1.4629142203039416,8.692825760059396,8.415381925269553,18.72865405960225,13.251727097333506
31089,2013,55392.0,616901.0,44427.0,10.2,19.0,4.32557327836173,1.2,45.8,12.170612106065446,4548.0,141597087.0,31133.0,,551.0,3.1,5995.0,0,,0,0.0,0,31,1.464544681510106,8.698681067461614,8.422442854870427,18.768496166978387,13.332463836204683
31089,2014,56818.0,647185.0,45782.0,11.6,20.1,4.324329701952042,1.4,45.5,12.009175613916495,4548.0,150755165.0,33145.0,,562.0,2.6,5925.0,0,,0,0.0,0,31,1.464257146165239,8.686935966003333,8.422442854870427,18.831167655007857,13.3803874676964
31089,2015,57797.0,671689.0,46728.0,11.8,20.9,4.310235835975588,0.9,45.5,10.829161899514064,4581.0,152216476.0,33230.0,,573.0,2.4,5890.0,0,,0,0.0,0,31,1.4609926209424657,8.681011276645632,8.429672593886743,18.840814249832608,13.417550714762369
31089,2016,51841.0,630271.0,49607.0,9.7,21.2,4.294483868119551,1.3,45.3,10.902481152067969,4594.0,156509751.0,34068.0,,574.0,2.5,5892.0,0,,0,0.0,0,31,1.4573313778122787,8.681350777582521,8.432506383249043,18.868628872712765,13.35390516460613
31089,2017,50772.0,642379.0,52050.0,8.9,21.0,4.266710661636538,1.1,44.1,10.84008144568248,4518.0,160141372.0,35443.0,,568.0,2.5,5805.0,0,,0,0.0,0,31,1.450843193525364,8.666474894131992,8.415824697027949,18.891567558075497,13.372933751167535
31089,2018,49971.0,608421.0,57468.0,8.4,21.2,4.246813439081544,1.1,43.2,10.48203602893246,4487.0,163138375.0,36361.0,,561.0,2.6,5814.0,0,,0,0.0,0,31,1.4461689226718049,8.668024081118821,8.408939605975984,18.91010932501721,13.31862235553687
31089,2019,52500.0,631276.0,60387.0,7.8,22.4,4.218625707128636,1.1,42.8,10.601124198614771,4434.0,166058666.0,37451.0,,544.0,2.6,5809.0,0,,0,0.0,0,31,1.4395094131907362,8.667163717992533,8.397057390176256,18.927851693524893,13.355498446842311
31089,2020,59234.0,665161.0,60214.0,6.5,24.2,4.196241331754268,1.1,43.1,10.311236748721646,4279.0,172442098.0,40302.0,,525.0,2.5,5770.0,0,,0,0.0,0,31,1.4341892035975565,8.660427359502146,8.361474616416817,18.96557207431988,13.4077843955984
31089,2021,69434.0,694193.0,60592.0,8.6,26.3,4.2177966561888445,1.2,42.4,10.357006360071416,4180.0,174883119.0,41841.0,,530.0,1.8,5688.0,0,,0,0.0,0,31,1.4393128723096005,8.646113971483077,8.338066525518801,18.979628417320377,13.450505298809574
31089,2022,64258.0,636333.0,66325.0,9.9,27.5,4.207018993971556,1.3,42.3,10.20759821548813,4163.0,182846406.0,43925.0,1.0,536.0,1.7,5676.0,0,,0,0.0,0,31,1.4367543194476229,8.644002038279933,8.333991247194975,19.024157046911203,13.36347729020517
31091,2012,34698.0,24705.0,38750.0,12.2,24.8,0.9554051805424594,2.9,47.8,11.320027332526678,338.0,7409982.0,21907.0,,41.0,4.6,438.0,0,,0,0.0,0,31,-0.045619755660340905,6.082218910376446,5.823045895483019,15.818338568119522,10.11476093127985
31091,2013,34449.0,35950.0,39327.0,12.8,24.7,0.974818348216762,3.4,51.1,11.352143770294298,327.0,7275845.0,22267.0,,39.0,4.6,433.0,0,,0,0.0,0,31,-0.0255041348633344,6.07073772800249,5.7899601708972535,15.80007051547955,10.489884363149192
31091,2014,44095.0,48770.0,38011.0,16.4,23.6,0.9540185257085808,2.8,57.2,11.41125290560352,323.0,7605569.0,23583.0,,37.0,4.2,424.0,0,,0,0.0,0,31,-0.04707218874065562,6.049733455231958,5.777652323222656,15.84439130007461,10.794870648704098
31091,2015,44363.0,53244.0,37317.0,18.9,23.1,0.9443119418714294,2.9,57.9,11.831868262917984,306.0,7606721.0,24886.0,,35.0,4.2,406.0,0,,0,0.0,0,31,-0.057298720524487055,6.0063531596017325,5.723585101952381,15.844542756561728,10.88264040116691
31091,2016,44149.0,49965.0,38616.0,16.2,23.7,0.9276720838648844,1.9,59.5,12.308330703060928,302.0,7528887.0,24965.0,,37.0,3.6,394.0,0,,0,0.0,0,31,-0.07507696654577095,5.976350909297934,5.71042701737487,15.834257780086345,10.81907803929589
31091,2017,39709.0,28318.0,41607.0,17.4,25.6,0.9484719063730656,1.0,58.0,12.638666479356951,320.0,8059334.0,25185.0,,39.0,3.8,399.0,0,,0,0.0,0,31,-0.052903109051449085,5.988961416889864,5.768320995793772,15.902341480795789,10.251252923844916
31091,2018,44833.0,33528.0,39115.0,17.0,23.9,0.958178490210217,0.4,55.9,12.739436946343895,322.0,8728339.0,27072.0,,38.0,3.7,406.0,0,,0,0.0,0,31,-0.042721202906329504,6.0063531596017325,5.7745515455444085,15.982085646254061,10.420136189604907
31091,2019,45319.0,29144.0,41125.0,15.3,26.4,0.9609517998779744,3.4,53.3,12.776493621419064,346.0,9063251.0,26232.0,,38.0,3.1,424.0,0,,0,0.0,0,31,-0.03983102748409621,6.049733455231958,5.846438775057725,16.01973844367714,10.2800043386884
31093,2012,39696.0,170415.0,48293.0,9.5,15.4,11.054944514506325,4.9,43.2,9.817777037066255,1456.0,41339485.0,28402.0,,184.0,3.5,3416.0,0,,0,0.0,0,31,2.4028777952562286,8.13622555490846,7.283448228756631,17.53732865447218,12.045991917672115
31093,2013,42759.0,193607.0,49088.0,10.3,17.8,11.07953447688368,5.2,43.2,10.109213292265116,1500.0,44259869.0,29513.0,,197.0,3.6,3413.0,0,,0,0.0,0,31,2.405099665714805,8.135346948906706,7.313220387090301,17.605588932799698,12.173585610195758
31093,2014,43114.0,193846.0,48750.0,10.0,18.7,11.091829458072358,5.1,43.6,12.139149943335756,1555.0,46408612.0,29843.0,,200.0,3.7,3369.0,0,,0,0.0,0,31,2.4062087524164673,8.122371243406553,7.349230824613334,17.65299560342257,12.17481930837496
31093,2015,45373.0,224967.0,50030.0,10.4,19.2,11.14803508636346,4.0,43.3,10.688452513388874,1622.0,50820968.0,31340.0,,208.0,3.6,3322.0,0,,0,0.0,0,31,2.411263256938346,8.10832229017324,7.3914152346753585,17.743819583293938,12.323709003763284
31093,2016,44934.0,241640.0,52247.0,9.5,20.3,11.179650752277206,3.3,43.3,10.66451427751226,1608.0,52125416.0,32420.0,,210.0,3.3,3318.0,0,,0,0.0,0,31,2.414095228623383,8.10711747075039,7.382746449738912,17.76916321886674,12.395204294252677
31093,2017,42039.0,203962.0,53648.0,10.2,20.1,11.214779269959148,4.0,43.3,10.720703734087634,1603.0,53504631.0,33369.0,,217.0,3.1,3349.0,0,,0,0.0,0,31,2.417232486098516,8.116417072794205,7.3796321526095525,17.795278768867732,12.225688980965298
31093,2018,42698.0,203852.0,54399.0,10.5,20.5,11.249907787641083,3.3,43.1,10.27850007085453,1610.0,54543494.0,33878.0,,224.0,3.1,3394.0,0,,0,0.0,0,31,2.4203599319627105,8.129764445794171,7.383989457978509,17.81450899640274,12.22514951933491
31093,2019,47405.0,225380.0,59348.0,7.9,21.1,11.27098489825025,3.5,43.1,10.310638928810688,1561.0,55622567.0,35635.0,,225.0,3.6,3413.0,0,,0,0.0,0,31,2.4222317153823916,8.135346948906706,7.353081920515432,17.834099558168244,12.325543145506341
31093,2020,52556.0,224627.0,59432.0,6.1,21.7,11.290305582975316,3.4,42.6,10.209396665244482,1528.0,57098834.0,37377.0,,219.0,4.4,3405.0,0,,0,0.0,0,31,2.4239444444892793,8.133000218583613,7.331714969726466,17.860294254102506,12.322196527774658
31093,2021,58035.0,233603.0,64167.0,6.4,20.2,11.348267637150515,5.5,42.4,10.213323776891183,1561.0,59948096.0,38400.0,,213.0,2.3,3430.0,0,,0,0.0,0,31,2.4290651011900413,8.140315540159985,7.353081920515432,17.90898967913361,12.361378372319498
31093,2022,56871.0,214986.0,70766.0,4.9,22.3,11.37461402541197,4.0,42.6,10.081230893076858,1646.0,65798879.0,39979.0,,214.0,1.9,3491.0,0,,0,0.0,0,31,2.431384032429402,8.157943507105037,7.406103381237015,18.002113359676258,12.278328188710573
31095,2012,40747.0,406826.0,43407.0,13.7,12.9,13.280063418792029,7.0,47.0,9.341770354558165,3244.0,96051264.0,29609.0,,309.0,3.7,4313.0,0,,0,0.0,0,31,2.5862639195483332,8.369388996647842,8.084562415235304,18.38039260690485,12.916140854585157
31095,2013,44111.0,446788.0,44843.0,13.6,13.5,13.264278874316442,7.0,46.6,9.153711224712096,3270.0,97746112.0,29893.0,,318.0,3.6,4332.0,0,,0,0.0,0,31,2.585074623075149,8.37378460812088,8.0925452638913,18.397883981102645,13.009839488162077
31095,2014,44003.0,506815.0,44449.0,14.0,13.2,13.162556254362674,6.2,46.0,9.234068560124058,3304.0,103862128.0,31440.0,,317.0,3.0,4302.0,0,,0,0.0,0,31,2.577376151286682,8.366835309827675,8.102889134640868,18.458574885290517,13.135901324465474
31095,2015,44293.0,451023.0,43008.0,12.5,13.7,13.036279898557996,4.0,45.5,9.678804224256254,3343.0,111271183.0,33284.0,,319.0,2.7,4291.0,0,,0,0.0,0,31,2.567736231944413,8.364275084991524,8.114623886420098,18.527480869873898,13.019273614967178
31095,2016,43802.0,443388.0,44616.0,11.7,14.9,12.897726674827862,3.2,45.7,9.843312153968489,3343.0,112654420.0,33696.0,,315.0,2.4,4245.0,0,,0,0.0,0,31,2.557051069080337,8.353497098745448,8.114623886420098,18.539835460646252,13.002200512198664
31095,2017,43908.0,442522.0,46576.0,10.6,14.7,12.760927289372791,2.1,45.7,10.131819758039104,3323.0,115825808.0,34852.0,,304.0,2.5,4235.0,0,,0,0.0,0,31,2.546387946857132,8.351138607086154,8.108623268354595,18.567597965284097,13.00024545970837
31095,2018,45347.0,421005.0,43295.0,12.0,15.3,12.606589521167074,1.7,45.7,9.748936812947138,3312.0,116742708.0,35244.0,,289.0,2.5,4205.0,0,,0,0.0,0,31,2.534219655122569,8.344029572407049,8.10530751550515,18.575482994318573,12.950399989078553
31095,2019,47798.0,430431.0,44510.0,11.2,17.8,12.529420637064216,1.7,46.5,9.748470969030029,3286.0,124032119.0,37750.0,,276.0,2.8,4199.0,0,,0,0.0,0,31,2.5280795297754546,8.342601680684194,8.097426298597213,18.636051114221885,12.972542311258268
31095,2020,49412.0,419971.0,48981.0,10.7,18.3,12.455759429511486,1.7,47.1,9.034933740919906,3291.0,130588805.0,39686.0,,270.0,2.8,4237.0,0,,0,0.0,0,31,2.522183120722153,8.351610750626559,8.098946748943339,18.68756405137748,12.947940940256608
31095,2021,58048.0,469446.0,51587.0,10.7,16.9,12.6504354780437,1.7,45.5,8.747062321261716,3294.0,138031532.0,41909.0,,281.0,1.9,4188.0,0,,0,0.0,0,31,2.537691639722792,8.339978571990427,8.099857910737585,18.742992709774608,13.05930855504117
31095,2022,55716.0,425621.0,54494.0,11.1,19.3,12.60132800634188,1.1,45.8,8.508573361434184,3310.0,160332282.0,48441.0,,279.0,1.8,4186.0,0,,0,0.0,0,31,2.5338022057322447,8.339500903005945,8.104703468371108,18.89275898220787,12.961304557897554
31097,2012,32117.0,191521.0,42689.0,14.3,12.3,13.795120654124842,8.2,43.7,10.498763497757292,1641.0,52472030.0,31969.0,,167.0,4.2,2188.0,0,,0,0.0,0,31,2.624314953852447,7.690743163541872,7.403061091090091,17.77579082368904,12.162752742164969
31097,2013,32501.0,179951.0,42364.0,13.7,12.8,13.77916638968291,8.1,44.2,10.993077563515252,1640.0,52357714.0,31921.0,,168.0,4.2,2178.0,0,,0,0.0,0,31,2.623157769538168,7.686162303492906,7.402451520818244,17.773609838770984,12.10043987059093
31097,2014,31906.0,175917.0,44057.0,11.7,13.2,13.768530213388289,3.9,43.6,10.953142465472665,1661.0,54889243.0,33056.0,,163.0,3.8,2169.0,0,,0,0.0,0,31,2.6223855687275957,7.682021510826875,7.415175109613295,17.82082794921217,12.077767571877233
31097,2015,31813.0,179464.0,45429.0,11.8,14.7,13.739280728578075,3.6,42.3,10.995895975712228,1637.0,57940830.0,35398.0,,155.0,3.3,2132.0,0,,0,0.0,0,31,2.620258936703297,7.664815785285735,7.400620577371135,17.874932875366838,12.097729909693141
31097,2016,30896.0,162705.0,47938.0,12.5,16.0,13.739280728578075,3.3,42.1,11.33929437678423,1597.0,58391342.0,36563.0,,153.0,3.1,2103.0,0,,0,0.0,0,31,2.620258936703297,7.6511201757027,7.3758821482150125,17.882678183383174,11.999694024142428
31097,2017,30667.0,167851.0,49564.0,10.1,17.3,13.827029183008708,2.2,41.1,11.349113458908787,1563.0,59448778.0,38033.0,,154.0,3.4,2095.0,0,,0,0.0,0,31,2.6266253129856314,7.647308832356238,7.354362330421477,17.900625625801496,12.030831960090762
31097,2018,31958.0,172912.0,52794.0,9.4,16.0,13.819052050787745,2.0,40.6,11.062422896923472,1552.0,61452991.0,39609.0,,152.0,3.6,2099.0,0,,0,0.0,0,31,2.626048223424555,7.649216319820633,7.347299700743164,17.933783066510262,12.060538073542947
31097,2019,35188.0,179121.0,54712.0,8.5,17.5,13.723326464136145,1.6,40.9,11.146970300339463,1508.0,61508945.0,40800.0,,153.0,3.5,2088.0,0,,0,0.0,0,31,2.61909704656484,7.643961949002529,7.318539548567902,17.934693169354805,12.09581683410654
31097,2020,37696.0,171615.0,49382.0,7.2,18.7,13.608987568968956,2.5,39.8,11.217283958041511,1464.0,61687317.0,42143.0,,146.0,3.9,2078.0,0,,0,0.0,0,31,2.6107304251358467,7.639161171659173,7.288927694521257,17.937588908588225,12.053008874803155
31097,2021,43938.0,191670.0,53696.0,6.7,18.7,14.08761550222695,2.0,38.6,11.21386564809458,1355.0,60972012.0,45001.0,,143.0,3.0,2001.0,0,,0,0.0,0,31,2.6452960782481276,7.601402334583733,7.2115567333138015,17.925925497175502,12.163530422264499
31097,2022,44202.0,195149.0,64352.0,6.1,19.0,14.076979325932328,1.4,40.3,11.438606038863313,1387.0,71576226.0,51617.0,,140.0,2.6,2013.0,0,,0,0.0,0,31,2.644540791203159,7.607381425639791,7.234898420314831,18.08627353768754,12.181518648332245
31099,2012,56251.0,411685.0,54485.0,4.9,27.1,12.618088768273854,2.9,41.9,10.08658048636244,2318.0,71696304.0,30931.0,,236.0,2.8,3927.0,0,,0,0.0,0,31,2.5351314009748984,8.27563105457801,7.748460023899697,18.087949756124043,12.928013772797433
31099,2013,71885.0,465083.0,56466.0,4.9,26.4,12.625837057354772,4.0,41.0,9.999092994564572,2285.0,73686500.0,32244.0,,239.0,2.7,3893.0,0,,0,0.0,0,31,2.5357452745362266,8.266935347610456,7.734121303328305,18.11533016534705,13.04997116326488
31099,2014,83608.0,445276.0,55670.0,5.9,24.9,12.707194092704404,4.8,41.0,10.07580144272734,2253.0,76150844.0,33801.0,,235.0,2.4,3851.0,0,,0,0.0,0,31,2.5421682970768544,8.25608813381491,7.720017940432244,18.148226720632074,13.00644959360762
31099,2015,94420.0,458602.0,51934.0,6.3,24.1,12.68588629773188,3.8,40.8,10.311712623827582,2249.0,77854625.0,34621.0,,236.0,2.2,3807.0,0,,0,0.0,0,31,2.540490060356773,8.244596756382498,7.718240951959316,18.170353863599733,13.035938010495428
31099,2016,63653.0,427115.0,55068.0,6.9,23.9,12.683949225461651,3.6,40.1,10.32505617780864,2185.0,76999726.0,35239.0,,236.0,2.3,3761.0,0,,0,0.0,0,31,2.540337353629745,8.232440158470336,7.68937110752969,18.159312421370068,12.964808576793505
31099,2017,51652.0,338602.0,53207.0,9.4,22.3,12.682012153191422,3.4,40.6,10.928949231139608,2217.0,80944601.0,36511.0,,234.0,2.2,3791.0,0,,0,0.0,0,31,2.5401846235798113,8.240385115516334,7.7039102096163115,18.20927554037263,12.73258065533827
31099,2018,51400.0,331044.0,56952.0,10.6,22.7,12.691697514542568,2.8,40.1,9.899631906593154,2209.0,84309102.0,38171.0,,221.0,2.1,3803.0,0,,0,0.0,0,31,2.540948040671625,8.24354550792826,7.700295203420117,18.250000388673826,12.710006576038317
31099,2019,57604.0,343968.0,60266.0,9.9,26.7,12.647144852327294,2.8,39.6,9.903305352496726,2219.0,86307886.0,38898.0,,209.0,2.3,3836.0,0,,0,0.0,0,31,2.537431486325353,8.252185436003328,7.704811922932594,18.273431530789633,12.74830390877279
31099,2020,61143.0,338827.0,62899.0,10.0,26.4,12.761432116270823,2.2,39.1,9.48428326661199,2157.0,89017007.0,41269.0,,210.0,3.3,3843.0,0,,0,0.0,0,31,2.5464275064362507,8.254008590564844,7.676473646389156,18.30433799932871,12.733244931618954
31099,2021,73180.0,367292.0,68606.0,9.2,26.9,12.86022280205252,1.7,38.6,9.342180347466064,2152.0,89739788.0,41699.0,,216.0,1.9,3819.0,0,,0,0.0,0,31,2.5541390438578793,8.247743887225516,7.674152921281675,18.31242479612911,12.81391245100971
31099,2022,77335.0,348508.0,74276.0,9.5,30.9,12.89121595837619,1.6,38.3,9.166992210856964,2024.0,94971553.0,46921.0,,215.0,1.7,3731.0,0,,0,0.0,0,31,2.556546145967932,8.224431573221159,7.6128310304073565,18.36908796261781,12.761416464442915
31101,2012,40991.0,364041.0,43662.0,11.3,20.3,7.802257417983997,3.5,48.2,12.31170612766553,3243.0,92305626.0,28467.0,,440.0,3.6,4655.0,0,,0,0.0,0,31,2.05441310438586,8.445697189711167,8.084254106307318,18.34061565102828,12.805021777638403
31101,2013,42472.0,378575.0,41970.0,11.2,20.4,7.76740909296403,3.9,48.5,12.390960778207852,3323.0,97157352.0,29241.0,,452.0,3.5,4697.0,0,,0,0.0,0,31,2.0499366587037406,8.454679286026995,8.108623268354595,18.39184240771285,12.844169482824856
31101,2014,42396.0,371457.0,42326.0,11.9,22.0,7.728793381455417,3.5,48.5,12.22142692710388,3349.0,99444355.0,29695.0,,459.0,2.8,4668.0,0,,0,0.0,0,31,2.0449527548725164,8.448485993406447,8.116417072794205,18.415108799461166,12.825188389469018
31101,2015,43165.0,401502.0,41781.0,11.6,20.7,7.672282584125741,2.8,49.1,10.805608196752283,3430.0,109870978.0,32034.0,,448.0,2.7,4702.0,0,,0,0.0,0,31,2.037614170078743,8.455743229100015,8.140315540159985,18.51481730806641,12.902967793676597
31101,2016,42870.0,411668.0,43100.0,12.8,21.6,7.631783179372806,4.0,48.7,10.931478529988942,3380.0,111390346.0,32953.0,,444.0,2.9,4643.0,0,,0,0.0,0,31,2.0323215243311106,8.443115988019922,8.125630988477065,18.528551221019978,12.927972478237256
31101,2017,41436.0,366504.0,45078.0,13.1,22.0,7.656271191548999,2.8,49.7,10.928513103904294,3341.0,111003381.0,33225.0,,436.0,3.1,4633.0,0,,0,0.0,0,31,2.0355250756169574,8.440959885416648,8.114025442356757,18.52507121827219,12.811764714301127
31101,2018,44154.0,375396.0,48901.0,11.7,20.7,7.628015792884161,3.7,49.5,10.614641293797892,3279.0,113373643.0,34581.0,,415.0,3.1,4604.0,0,,0,0.0,0,31,2.031827758119375,8.434680769841773,8.095293776844649,18.54619949719895,12.835736747776766
31101,2019,45056.0,383702.0,50735.0,12.4,20.5,7.598818547597162,3.4,49.3,10.654642810071367,3284.0,118557626.0,36099.0,,408.0,3.3,4670.0,0,,0,0.0,0,31,2.0279927809444875,8.448914350662942,8.096817470572319,18.59090969569484,12.857621488626984
31101,2020,50177.0,393275.0,52169.0,15.3,19.3,7.579981615153936,3.7,49.3,10.4342601337074,3199.0,120681557.0,37723.0,,401.0,3.2,4668.0,0,,0,0.0,0,31,2.0255107742099057,8.448485993406447,8.070593539949519,18.6086658740612,12.882264391690706
31101,2021,55770.0,412026.0,54303.0,13.0,20.2,7.828629123404513,2.7,49.6,10.420652098304211,3245.0,129988768.0,40057.0,,415.0,2.1,4657.0,0,,0,0.0,0,31,2.0577874146494484,8.446126742982377,8.08487062913819,18.682958604687162,12.928841733136629
31101,2022,55396.0,393765.0,59511.0,11.9,19.9,7.820152503805061,2.6,49.1,10.293669521741544,3283.0,137567527.0,41907.0,,415.0,1.7,4674.0,0,,0,0.0,0,31,2.056704056132416,8.449770515098804,8.096512917501594,18.73962545997263,12.88350956363447
31103,2012,55527.0,37020.0,33472.0,18.6,14.9,0.9598021410572828,0.0,53.7,11.898225340473894,132.0,3541400.0,26914.0,,31.0,3.0,605.0,0,,0,0.0,0,31,-0.04102811882774109,6.405228458030842,4.882801922586371,15.080032687154253,10.519213586127488
31103,2013,65197.0,40966.0,36923.0,15.5,17.2,0.9028866502129156,0.2,53.3,12.43418202801374,150.0,3628988.0,24220.0,,33.0,3.3,609.0,0,,0,0.0,0,31,-0.1021582592327491,6.411818267709897,5.0106352940962555,15.104464379493681,10.620497733360601
31103,2014,80448.0,53857.0,39028.0,15.3,15.8,0.9585086071744564,0.2,52.5,12.420132576630088,155.0,4013520.0,25894.0,,33.0,2.7,620.0,0,,0,0.0,0,31,-0.0423767366990345,6.429719478039138,5.043425116919247,15.205179219723114,10.894087664851423
31103,2015,70975.0,55671.0,38625.0,14.9,15.5,0.9197025906896604,1.1,52.8,13.038567001193458,162.0,4717444.0,29060.0,,35.0,2.1,663.0,0,,0,0.0,0,31,-0.0837049321918807,6.4967749901858625,5.087596335232384,15.366777685460162,10.927214644012448
31103,2016,56660.0,45401.0,43333.0,10.5,18.8,0.9520409377603236,0.7,52.5,13.158418286423936,151.0,3939101.0,26159.0,,34.0,2.1,623.0,0,,0,0.0,0,31,-0.04914724326624532,6.434546518787453,5.017279836814924,15.186463082649958,10.723289410218579
31103,2017,47545.0,30586.0,48864.0,7.7,20.6,0.9313443956350992,1.2,50.2,13.24506628678494,146.0,3827417.0,26275.0,,34.0,2.5,612.0,0,,0,0.0,0,31,-0.07112614998502056,6.416732282512326,4.983606621708336,15.15770072110576,10.32829766690807
31103,2018,46060.0,28022.0,49688.0,6.1,22.9,1.0244788351986092,0.0,45.4,12.879170001303969,143.0,4134736.0,28999.0,,32.0,2.3,602.0,0,,0,0.0,0,31,0.024184029819304353,6.400257445308821,4.962844630259907,15.234934039178036,10.240745194931177
31103,2019,53331.0,30241.0,56500.0,7.5,25.0,0.9830857509481604,0.0,45.3,12.87139763290632,136.0,4489872.0,32953.0,,31.0,2.7,595.0,0,,0,0.0,0,31,-0.017058928714744626,6.38856140554563,4.912654885736052,15.317334751516983,10.316953898529778
31105,2012,53964.0,175175.0,43542.0,10.8,17.3,3.9802845131321023,5.3,46.8,10.94851000806305,1526.0,56053097.0,36738.0,,177.0,3.2,2218.0,0,,0,0.0,0,31,1.381353302452948,7.704361167910313,7.330405211844402,17.84180996019327,12.073540753238735
31105,2013,47195.0,170489.0,42180.0,13.0,16.4,3.969779671450571,5.5,45.8,11.432836683089752,1514.0,58006630.0,38322.0,,177.0,3.2,2192.0,0,,0,0.0,0,31,1.3787105947838363,7.692569648067906,7.322510433997394,17.87606787232259,12.046426057495422
31105,2014,46936.0,176317.0,42219.0,12.6,15.9,3.9498204722556625,6.1,46.1,12.23787752048838,1586.0,64341619.0,40560.0,,177.0,2.5,2229.0,0,,0,0.0,0,31,1.3736701278182875,7.709308333385869,7.368970402194793,17.97971724265409,12.080038790282883
31105,2015,43088.0,158357.0,40242.0,13.6,17.4,3.9078011055295385,5.1,45.7,14.025279149344078,1432.0,57898862.0,40435.0,,167.0,3.5,2059.0,0,,0,0.0,0,31,1.3629748387015397,7.629975707027789,7.266827347520591,17.874208287773214,11.972607256862801
31105,2016,41862.0,156032.0,40344.0,10.3,15.6,3.900447716352467,5.4,46.6,12.252397072287636,1352.0,48216847.0,35666.0,,159.0,4.0,1982.0,0,,0,0.0,0,31,1.3610913456114275,7.591861714889934,7.20934025660291,17.691219040773532,11.957816393400888
31105,2017,45139.0,149210.0,43017.0,11.4,17.5,3.874185612148639,6.0,46.0,12.893168790701662,1392.0,50571268.0,36341.0,,160.0,2.9,1991.0,0,,0,0.0,0,31,1.3543354761108317,7.596392304064196,7.238496840894365,17.738894146896452,11.913109988634467
31105,2018,45143.0,161437.0,43856.0,9.5,18.2,3.852125444617424,7.3,45.6,15.137886391209484,1441.0,53737642.0,37296.0,,157.0,2.7,2044.0,0,,0,0.0,0,31,1.3486250595056732,7.622663951323595,7.273092595999522,17.799624282258176,11.991870252659572
31105,2019,45272.0,156590.0,53403.0,10.8,16.1,3.8164089829002186,5.9,46.3,15.232346669408749,1441.0,55003056.0,38172.0,,159.0,3.1,2054.0,0,,0,0.0,0,31,1.3393099236555492,7.627544390488503,7.273092595999522,17.822899305289507,11.961386203539488
31105,2020,51302.0,169876.0,48056.0,12.0,13.2,3.756531385315492,6.5,47.6,14.696327294752493,1368.0,55339204.0,40462.0,,164.0,3.6,1987.0,0,,0,0.0,0,31,1.323496027727752,7.594381242551817,7.221105098182496,17.828992148410425,12.042824038117502
31105,2021,56558.0,183703.0,55428.0,11.9,12.7,3.763884774492563,4.4,46.2,14.661879114302812,1356.0,55625863.0,41030.0,,164.0,2.3,1950.0,0,,0,0.0,0,31,1.3254516087393011,7.575584651557793,7.212294468500341,17.83415881293707,12.121075602044282
31105,2022,61386.0,219740.0,53151.0,10.0,11.5,3.5663937508797803,2.2,47.8,14.25413254283274,1372.0,60220181.0,43903.0,,163.0,1.7,1950.0,0,,0,0.0,0,31,1.271554931427144,7.575584651557793,7.22402480828583,17.91351808665931,12.300200308254873
31107,2012,40312.0,341583.0,41372.0,13.6,17.8,7.801934786001626,3.5,46.6,10.3014817501375,2905.0,75290325.0,25915.0,,369.0,3.3,4781.0,0,,0,0.0,0,31,2.054371752423746,8.472405008626103,7.974188669286011,18.136862198459305,12.74134597385023
31107,2013,40276.0,324789.0,42230.0,14.0,17.0,7.773967628466236,4.0,47.0,10.177526946210966,2911.0,79352367.0,27259.0,,369.0,3.4,4792.0,0,,0,0.0,0,31,2.050780668344469,8.474703139795285,7.976251943745623,18.189408834359465,12.690931019701086
31107,2014,43077.0,340535.0,43709.0,13.8,18.9,7.734272308093425,4.3,47.4,11.900056869714572,2921.0,82908980.0,28380.0,,368.0,3.1,4735.0,0,,0,0.0,0,31,2.045661401783458,8.462737005620179,7.979681302387741,18.233253937520043,12.738273189303857
31107,2015,43354.0,368836.0,45411.0,13.5,19.1,7.718935479767566,3.3,47.6,10.653473941248306,2950.0,87310690.0,29602.0,,367.0,3.2,4736.0,0,,0,0.0,0,31,2.0436764633069986,8.462948176563842,7.989560449333865,18.284983464630578,12.818107379783514
31107,2016,41925.0,380258.0,47692.0,12.5,20.2,7.714424647907019,3.0,47.3,10.738284927866856,2966.0,91797123.0,30947.0,,362.0,3.0,4745.0,0,,0,0.0,0,31,2.0430919072606573,8.464846711044029,7.994969522697877,18.335091515230335,12.848605248690497
31107,2017,44016.0,399795.0,48072.0,12.3,20.8,7.664805497441005,3.1,47.2,10.671031782124308,2949.0,93845273.0,31823.0,,349.0,3.5,4734.0,0,,0,0.0,0,31,2.0366391365864223,8.46252579007393,7.989221408815276,18.357157952120417,12.898707194717106
31107,2018,44262.0,385733.0,49752.0,10.9,21.7,7.632327508045068,3.2,46.9,10.317319291064956,2923.0,97780740.0,33456.0,,344.0,3.2,4690.0,0,,0,0.0,0,31,2.032392845704971,8.453187861440325,7.980365765111246,18.398238183095955,12.862900699260777
31107,2019,47536.0,436738.0,52332.0,9.3,21.6,7.601653851393351,2.9,45.6,10.424805931252278,2892.0,101740757.0,35179.0,,335.0,3.0,4667.0,0,,0,0.0,0,31,2.028365835643664,8.448271745949816,7.969703583278656,18.437938537865907,12.987088751946258
31107,2020,53400.0,495276.0,53653.0,9.5,19.7,7.578197525718508,3.5,45.5,10.210829164096626,2866.0,107031833.0,37351.0,,329.0,3.0,4690.0,0,,0,0.0,0,31,2.025275377936107,8.453187861440325,7.960672608388117,18.488636852853336,13.112870461920798
31107,2021,60272.0,665927.0,58043.0,10.2,18.8,7.608871182370225,4.1,44.2,10.23297173733796,2863.0,107164193.0,37433.0,,340.0,2.1,4670.0,0,,0,0.0,0,31,2.0293148274112074,8.448914350662942,7.959625305098115,18.48987273028131,13.408935333905344
31107,2022,62275.0,623917.0,61250.0,12.0,18.9,7.591730021300148,4.1,43.9,10.111491432005996,2852.0,112789370.0,39543.0,1.0,337.0,2.1,4668.0,0,,0,0.0,0,31,2.0270594997296083,8.448485993406447,7.955775781534187,18.54103265499894,13.343772625684062
31109,2012,41953.0,15762713.0,51810.0,14.3,35.9,341.975091963451,6.1,32.6,9.789759368159748,157559.0,6169324374.0,39156.0,194.0,9261.0,3.5,167268.0,0,,0,0.0,0,31,5.834737903894109,12.027352595517886,11.967555270276176,22.54285516708513,16.573157772248866
31109,2013,41506.0,16067331.0,51574.0,15.2,36.1,346.0918070445018,6.4,32.7,10.217063237242934,160370.0,6342698377.0,39550.0,274.0,9684.0,3.4,168376.0,0,,0,0.0,0,31,5.846704078140656,12.033954852819008,11.985238924502854,22.570570126362853,16.59229863804561
31109,2014,42675.0,16905272.0,51916.0,14.9,36.2,350.6920689955717,6.0,32.8,10.539530404840407,162804.0,6611459567.0,40610.0,251.0,9907.0,3.0,168083.0,0,,0,0.0,0,31,5.859908542107328,12.0322131840031,12.000302302273308,22.612070278386224,16.64313608390891
31109,2015,44475.0,17507054.0,51830.0,14.7,36.7,355.8904963339983,5.1,32.9,10.616592450553188,166057.0,6959994796.0,41913.0,306.0,9929.0,2.6,168174.0,0,,0,0.0,0,31,5.874623088967698,12.032754436689121,12.020086381893469,22.66344456359131,16.678114443390808
31109,2016,44771.0,17865702.0,53730.0,14.3,37.3,360.2209271921687,4.4,33.0,10.887425775489858,168495.0,7197226692.0,42715.0,266.0,10147.0,2.8,169981.0,0,,0,0.0,0,31,5.8867175298664245,12.043441945080376,12.034661354743779,22.696961607100242,16.69839334337796
31109,2017,46507.0,18813151.0,55747.0,14.0,37.9,365.7727616257203,3.9,33.2,10.96288043410519,168467.0,7420540377.0,44048.0,277.0,10263.0,2.7,172124.0,0,,0,0.0,0,31,5.90201227070677,12.05597042628278,12.03449516389695,22.727517718562886,16.750066704525803
31109,2018,48483.0,19150143.0,58009.0,13.1,38.8,370.2345262016737,3.4,33.3,10.68422675245858,171353.0,7766328973.0,45324.0,283.0,10200.0,2.6,176934.0,0,,0,0.0,0,31,5.9141366594364095,12.083532060662494,12.051481035174003,22.773063428033435,16.767820740925973
31109,2019,50392.0,19582554.0,60527.0,12.5,39.5,373.8927672133731,3.2,33.5,10.776736931940237,172990.0,8057207087.0,46576.0,287.0,10071.0,2.8,179733.0,0,,0,0.0,0,31,5.923969037622052,12.099227695310999,12.060989068341023,22.809832818154117,16.79014962578388
31109,2020,53475.0,19435359.0,62464.0,11.9,39.8,377.2572982743943,3.4,33.8,10.827684788099852,165194.0,8286060425.0,50160.0,312.0,9819.0,4.3,178492.0,0,,0,0.0,0,31,5.932927443449944,12.092299061270307,12.01487581979685,22.837840472995982,16.782604593927033
31109,2021,59552.0,20350152.0,65086.0,12.0,40.1,382.42110126904186,3.2,34.0,10.808137870221824,167099.0,8791905345.0,52615.0,335.0,10370.0,2.5,177655.0,0,,0,0.0,0,31,5.946522360797715,12.087598746282488,12.026341730125123,22.89709728795247,16.828598939112453
31109,2022,61748.0,21608253.0,70387.0,11.8,40.9,384.5248286393468,3.2,34.1,10.960016212835054,169665.0,9332857889.0,55007.0,297.0,10521.0,2.0,179486.0,0,,0,0.0,0,31,5.95200836069535,12.097852489439777,12.04158118363359,22.95680711669171,16.888585883012478
31111,2012,44251.0,2246216.0,49382.0,9.6,18.4,14.122473811882347,5.8,38.7,10.15640061196326,14624.0,493507771.0,33746.0,,1314.0,3.8,19236.0,0,,0,0.0,0,31,2.647767415861328,9.864538802397552,9.590419293693932,20.017049163421024,14.624757580627008
31111,2013,44793.0,2405127.0,48158.0,11.4,19.4,14.089714290171363,5.6,39.1,10.219126222998163,14670.0,497102272.0,33885.0,,1370.0,3.7,19181.0,0,,0,0.0,0,31,2.6454450482153855,9.861675484721689,9.593559871137028,20.02430634156341,14.693113266780584
31111,2014,48755.0,2334925.0,49250.0,12.6,19.9,14.060854711521213,4.7,39.1,11.592968264525448,14673.0,517178581.0,35248.0,,1374.0,3.2,18742.0,0,,0,0.0,0,31,2.64339467482798,9.838522273683768,9.593764349207467,20.06389879062468,14.663490328654932
31111,2015,50137.0,2462485.0,50194.0,12.8,20.0,13.999235611160078,4.2,40.1,10.68941940073902,14675.0,539205448.0,36744.0,,1352.0,2.9,18611.0,0,,0,0.0,0,31,2.6390027289218163,9.831508082743964,9.593900644696298,20.105607221368896,14.71668156063927
31111,2016,47299.0,2575508.0,52179.0,12.0,21.7,13.952826288736183,3.1,40.2,10.839752500843352,14926.0,560333846.0,37541.0,,1334.0,3.1,18815.0,0,,0,0.0,0,31,2.6356820890895896,9.842409703027538,9.610859937691332,20.14404331763595,14.761557354175926
31111,2017,46055.0,2378036.0,55875.0,12.6,22.2,13.871707473070892,2.7,40.4,10.906807428252316,14779.0,568206498.0,38446.0,,1321.0,3.1,18625.0,0,,0,0.0,0,31,2.6298513322344452,9.83226004324776,9.600962533214572,20.157995463433014,14.681785494890352
31111,2018,47272.0,2297209.0,56794.0,12.2,22.1,13.818668247443588,2.7,40.3,10.692990162498845,14529.0,576949779.0,39710.0,,1287.0,3.1,18526.0,0,,0,0.0,0,31,2.626020449545954,9.826930429813974,9.583901931071338,20.173265782556086,14.647205465777594
31111,2019,49355.0,2226066.0,59795.0,9.9,23.2,13.752369215409455,3.2,41.1,10.725227233172756,14340.0,582227992.0,40602.0,,1255.0,3.5,18566.0,0,,0,0.0,0,31,2.6212111158447406,9.829087229959878,9.57080811415361,20.182372667817702,14.615746459973774
31111,2020,53041.0,2132042.0,59995.0,9.5,21.6,13.666180473765085,3.4,41.5,10.553475419855689,13978.0,606384107.0,43382.0,,1202.0,4.0,18542.0,0,,0,0.0,0,31,2.61492420231303,9.827793708166928,9.545239944037075,20.223024183175895,14.572590763886216
31111,2021,62213.0,2261999.0,61309.0,11.0,21.3,13.613141248137778,3.5,41.6,10.572586370539398,14229.0,649182580.0,45623.0,,1237.0,2.3,18501.0,0,,0,0.0,0,31,2.611035594450779,9.825580063659602,9.563037414545692,20.291224560219437,14.631759493571456
31111,2022,66615.0,2235337.0,63019.0,11.0,20.2,13.467283377662689,3.4,42.2,10.474180022408802,14373.0,687201231.0,47811.0,15.0,1213.0,2.0,18408.0,0,,0,0.0,0,31,2.6002632906214105,9.820540631715202,9.573106725551233,20.34813771995984,14.619902557660955
31113,2012,43944.0,28229.0,44444.0,7.8,14.8,1.2686219331415214,0.0,50.5,10.765194455356642,199.0,5129376.0,25776.0,,39.0,3.0,504.0,0,,0,0.0,0,31,0.23793121931739153,6.222576268071369,5.293304824724492,15.45049457232162,10.248105097311578
31113,2013,46713.0,33845.0,44417.0,12.1,19.9,1.3790130682077035,1.0,47.4,10.845941870742994,195.0,5198733.0,26672.0,,42.0,3.2,502.0,0,,0,0.0,0,31,0.3213680753490784,6.218600119691729,5.272999558563747,15.463925500017082,10.429546556942707
31113,2014,58385.0,37862.0,45179.0,12.0,20.4,1.2896488160112705,1.4,45.0,10.932505251621151,196.0,5266315.0,26869.0,,41.0,3.0,495.0,0,,0,0.0,0,31,0.2543699456605515,6.20455776256869,5.278114659230517,15.476841434947827,10.541703249569855
31113,2015,54028.0,44103.0,48281.0,11.0,22.0,1.4911564435130316,0.9,44.8,11.4856843093404,191.0,5455163.0,28536.0,,42.0,3.0,495.0,0,,0,0.0,0,31,0.39955195550504946,6.20455776256869,5.25227342804663,15.512073057646148,10.694283086332076
31113,2016,47771.0,41591.0,51346.0,11.8,20.8,1.4543593984909708,0.9,43.3,11.819199977877023,187.0,5619606.0,30051.0,,40.0,2.9,486.0,0,,0,0.0,0,31,0.37456552772231894,6.186208623900494,5.231108616854587,15.541772112650714,10.635639076689303
31113,2017,44720.0,29927.0,50278.0,9.7,22.7,1.6103087797749422,1.1,38.9,12.06880231504645,184.0,5661153.0,30851.0,,39.0,2.7,475.0,0,,0,0.0,0,31,0.47642594928736226,6.163314804034641,5.214935757608986,15.5491381396806,10.306516361943942
31113,2018,50823.0,33578.0,51607.0,7.9,19.7,1.552484851883133,0.0,38.9,12.289905000521976,193.0,5879920.0,30453.0,,40.0,3.0,471.0,0,,0,0.0,0,31,0.43985677753675634,6.154858094016418,5.262690188904886,15.587053714340078,10.421626369596343
31113,2019,50180.0,28369.0,52708.0,11.3,19.6,1.6243267016881082,0.4,38.6,12.329886742517612,191.0,6010942.0,31402.0,,41.0,2.9,478.0,0,,0,0.0,0,31,0.48509339249753036,6.169610732491456,5.25227342804663,15.609092032997872,10.253052278679716
31115,2012,40799.0,16182.0,37708.0,23.4,13.5,0.9476133098855234,0.0,47.5,11.210646926255892,112.0,2254313.0,20083.0,,23.0,3.6,391.0,0,,0,0.0,0,31,-0.053808760905981044,5.968707559985366,4.718498871295094,14.62835582818246,9.691654792367785
31115,2013,46416.0,23208.0,38125.0,25.8,12.6,1.0310174776095302,0.0,45.7,11.414626366564066,108.0,2221185.0,20630.0,,22.0,4.5,377.0,0,,0,0.0,0,31,0.030546156985735432,5.932245187448011,4.68213122712422,14.613551395220357,10.05225232580124
31115,2014,66750.0,33362.0,55125.0,20.2,14.4,0.9919772288876546,0.0,48.3,11.489032884974678,112.0,2369395.0,21203.0,,21.0,3.9,382.0,0,,0,0.0,0,31,-0.008055126711076752,5.945420608606575,4.718498871295094,14.678145206261691,10.415172806714
31115,2015,60629.0,45431.0,55417.0,12.4,18.6,0.972457104526717,0.7,51.8,11.99869798210906,107.0,2428001.0,22692.0,,20.0,3.4,379.0,0,,0,0.0,0,31,-0.027929312918160268,5.937536205082426,4.672828834461906,14.702578843023055,10.72394997039761
31115,2016,54285.0,52314.0,56750.0,10.0,21.9,0.9618097639662054,0.3,51.0,12.30130311604081,120.0,2702819.0,22492.0,,20.0,3.5,398.0,0,,0,0.0,0,31,-0.03893859842652963,5.986452005284438,4.787491742782046,14.809805860382378,10.86501930065587
31115,2017,53829.0,38412.0,58625.0,8.9,22.9,0.9529369801657792,0.7,52.8,12.665075555328947,122.0,2874668.0,23611.0,,21.0,3.0,402.0,0,,0,0.0,0,31,-0.048206505357311115,5.996452088619021,4.804021044733257,14.871447747284591,10.556125189757863
31115,2018,56088.0,40304.0,53125.0,8.2,23.2,1.0381157046498712,0.7,56.9,12.398027547489598,121.0,3001255.0,24736.0,,21.0,3.2,403.0,0,,0,0.0,0,31,0.03740724736568072,5.998936561946683,4.795790545596741,14.914541092488724,10.604205998592391
31115,2019,57559.0,35778.0,51000.0,8.6,25.3,1.073606839851576,0.6,53.2,12.41502306704413,122.0,2999497.0,24637.0,,21.0,4.0,421.0,0,,0,0.0,0,31,0.07102385816466537,6.042632833682381,4.804021044733257,14.91395516590809,10.48508845835116
31117,2012,40463.0,12036.0,51563.0,12.9,24.9,0.4050020075530547,2.9,49.0,11.320027332526678,56.0,1423610.0,25309.0,,12.0,3.3,359.0,0,,0,0.0,0,31,-0.9038632549667607,5.883322388488279,4.02535169073515,14.168706457038573,9.395657437749936
31117,2013,40447.0,17131.0,54926.0,13.6,26.3,0.444571169210537,2.2,43.7,11.352143770294298,59.0,1575460.0,26703.0,,11.0,3.8,371.0,0,,0,0.0,0,31,-0.8106451261346599,5.916202062607435,4.07753744390572,14.270057851091694,9.748644966730458
31117,2014,68866.0,27445.0,57763.0,11.5,25.6,0.4957783195908083,1.5,46.0,11.41125290560352,65.0,1821210.0,27911.0,,12.0,2.3,439.0,0,,0,0.0,0,31,-0.7016263884718646,6.0844994130751715,4.174387269895637,14.41501167331282,10.21993928098399
31117,2015,61323.0,34181.0,54306.0,14.8,24.5,0.5039249116967606,0.9,46.9,11.831868262917984,81.0,2384914.0,29504.0,,14.0,1.9,462.0,0,,0,0.0,0,31,-0.6853280067387452,6.135564891081739,4.394449154672439,14.684673622954238,10.439425213116973
31117,2016,50380.0,32735.0,53750.0,18.4,24.5,0.4946145207185294,0.0,48.0,12.308330703060928,78.0,2370739.0,30329.0,,13.0,2.4,466.0,0,,0,0.0,0,31,-0.7039765658168183,6.144185634125646,4.356708826689592,14.678712278853316,10.396200120875191
31117,2017,49210.0,25676.0,60714.0,16.0,25.2,0.5027611128244817,0.0,48.5,12.638666479356951,74.0,2270170.0,30887.0,,13.0,2.2,456.0,0,,0,0.0,0,31,-0.6876401464971248,6.1224928095143865,4.30406509320417,14.63536527652132,10.153311982431669
31117,2018,44821.0,20251.0,48882.0,17.0,24.9,0.5283646880146173,0.0,50.9,12.739436946343895,69.0,2224564.0,32318.0,,12.0,2.7,447.0,0,,0,0.0,0,31,-0.6379685366998871,6.102558594613569,4.23410650459726,14.615071499324598,9.915959454031448
31117,2019,52125.0,21695.0,48125.0,17.2,22.0,0.4597005545501626,0.0,54.8,12.839109829388018,70.0,2376786.0,34198.0,,11.0,2.7,452.0,0,,0,0.0,0,31,-0.7771799698401133,6.113682179832232,4.248495242049359,14.681259712840552,9.98483709823245
31119,2012,41297.0,2124506.0,45717.0,14.0,21.0,60.71369943872223,4.2,37.2,11.4772393771981,21062.0,708892395.0,33657.0,,1485.0,3.6,19170.0,0,,0,0.0,0,31,4.106169363519083,9.86110183603969,9.955225747940542,20.379214302879426,14.569049862726944
31119,2013,41206.0,2126300.0,46566.0,14.2,20.8,61.113614216708406,4.6,37.0,11.70429865073804,21342.0,736462361.0,34508.0,,1505.0,3.4,19293.0,0,,0,0.0,0,31,4.112734659961237,9.867497614802973,9.96843224117651,20.417368687333614,14.569893937994793
31119,2014,42457.0,2244168.0,47622.0,15.0,21.3,61.30222031287656,3.7,37.1,11.59532487720946,21642.0,776241042.0,35868.0,,1518.0,2.9,19497.0,0,,0,0.0,0,31,4.115816062724664,9.878015886562459,9.982391150131594,20.469973651048758,14.623845409132542
31119,2015,43772.0,2275640.0,50218.0,15.0,20.2,61.31619113481494,3.1,37.5,10.513006383455576,21636.0,806644211.0,37282.0,,1522.0,2.7,19284.0,0,,0,0.0,0,31,4.116043937508458,9.867031015525512,9.982113872991318,20.508393250456116,14.637771889485826
31119,2016,43878.0,2265328.0,48673.0,14.9,19.7,61.34064007320711,3.1,36.8,10.599115796689356,21672.0,823164913.0,37983.0,,1532.0,2.7,19266.0,0,,0,0.0,0,31,4.116442593473644,9.86609716331757,9.983776383764932,20.528667118883806,14.633230118777004
31119,2017,45625.0,2321106.0,49865.0,16.0,20.4,61.23061985044236,3.2,36.9,10.5694829123106,21668.0,853495277.0,39390.0,,1522.0,2.7,19434.0,0,,0,0.0,0,31,4.114647388751417,9.874779388399384,9.98359179677779,20.56485056649863,14.657554354183574
31119,2018,47866.0,2413047.0,52857.0,15.8,22.4,61.40874783015672,3.0,36.8,10.261851808197951,21733.0,891364020.0,41015.0,,1487.0,2.6,19709.0,0,,0,0.0,0,31,4.1175522978086665,9.888830663192495,9.986587121705702,20.608263454188915,14.696400822245907
31119,2019,50688.0,2442685.0,53188.0,14.9,23.0,61.262054199803714,3.1,36.6,10.301183736938128,22082.0,927875101.0,42019.0,,1458.0,2.8,20090.0,0,,0,0.0,0,31,4.1151606333237165,9.90797745780898,10.002518075999083,20.64840769225285,14.708608402098344
31119,2020,53284.0,2363837.0,52334.0,14.3,23.7,61.162512093492744,3.2,36.6,10.237853726521983,21278.0,955663366.0,44914.0,,1409.0,3.9,19825.0,0,,0,0.0,0,31,4.113534454342469,9.89469904650305,9.96542895407631,20.677916281389127,14.675796704200275
31119,2021,61186.0,2469414.0,55375.0,12.0,24.3,62.08807904691053,3.1,36.7,10.295210639901493,21577.0,1023938419.0,47455.0,,1447.0,2.5,19916.0,0,,0,0.0,0,31,4.128554006694155,9.899278707762074,9.979383211539385,20.74692222406007,14.719491433493085
31119,2022,63613.0,2410783.0,61139.0,12.2,24.5,62.061883755776066,2.6,36.8,10.16067269937284,21692.0,1098454197.0,50639.0,,1419.0,2.0,19881.0,0,,0,0.0,0,31,4.1281320123426175,9.897519780756337,9.984698807960951,20.817169752970617,14.695462148965035
31121,2012,43910.0,386302.0,49609.0,12.2,15.1,15.964815426703252,6.4,43.3,9.710102848742538,2271.0,70684960.0,31123.0,,289.0,3.6,4224.0,0,,0,0.0,0,31,2.770387264978916,8.348537825386098,7.7279755421055585,18.073743378392184,12.864374725964295
31121,2013,46726.0,443214.0,50859.0,12.6,17.0,16.012018249021565,6.1,42.9,9.620443318062806,2315.0,76004692.0,32828.0,,308.0,3.6,4195.0,0,,0,0.0,0,31,2.7733395808387438,8.341648618901306,7.747164966520335,18.14630563318707,13.00180800236396
31121,2014,48001.0,565335.0,49637.0,11.1,16.0,15.98739068955114,5.1,43.1,9.383770818405868,2381.0,80718759.0,33899.0,,307.0,3.8,4116.0,0,,0,0.0,0,31,2.771800329636936,8.32263709695394,7.7752758464868625,18.20648155975864,13.245173754774738
31121,2015,52035.0,532901.0,51012.0,8.9,16.8,15.958658536835646,5.2,43.8,10.040368467829886,2297.0,82184134.0,35774.0,,297.0,3.7,4043.0,0,,0,0.0,0,31,2.770001536912417,8.304742269640771,7.739359202689098,18.224472824364593,13.18609094480779
31121,2016,47732.0,513100.0,50464.0,10.0,16.0,15.993547579418747,5.3,43.8,10.10874135678094,2263.0,82328017.0,36383.0,,292.0,3.6,4056.0,0,,0,0.0,0,31,2.772185364615703,8.30795254527102,7.724446645633537,18.226222032989153,13.148226036930057
31121,2017,45305.0,396060.0,53536.0,10.0,17.6,16.067430257830026,3.3,43.5,10.322234862427914,2311.0,86531883.0,37437.0,,297.0,2.8,4092.0,0,,0,0.0,0,31,2.776794257680056,8.316789127071518,7.745435610274381,18.276023493585026,12.889320993910871
31121,2018,43179.0,389463.0,54197.0,10.6,17.4,16.014070545644103,2.7,43.6,9.544193517734602,2322.0,91629918.0,39464.0,,286.0,2.9,4050.0,0,,0,0.0,0,31,2.773467744888903,8.306472160100585,7.7501841622578365,18.33326839203758,12.872524146199249
31121,2019,48288.0,402348.0,55649.0,12.0,17.8,16.003809062531424,2.1,43.6,9.423790785484668,2271.0,92532331.0,40744.0,,283.0,3.3,4095.0,0,,0,0.0,0,31,2.772826760314685,8.31752199628717,7.7279755421055585,18.34306866573758,12.905072664765354
31121,2020,52448.0,364792.0,52254.0,12.2,17.0,16.061273367962418,1.8,43.1,9.593766006410767,2126.0,84502181.0,39741.0,,277.0,4.0,4084.0,0,,0,0.0,0,31,2.7764109935424997,8.314832179284556,7.661997558901893,18.2522879026452,12.80708260711729
31121,2021,58360.0,395247.0,57778.0,11.1,16.3,15.776004137429991,1.2,43.3,9.52745736915324,2160.0,88282841.0,40881.0,,286.0,2.4,4135.0,0,,0,0.0,0,31,2.7584900601212743,8.327242607457793,7.67786350067821,18.296056320529598,12.887266164910086
31121,2022,59465.0,365141.0,57873.0,10.2,17.4,15.751376577959563,0.5,43.0,9.499082044669157,2240.0,102787605.0,45882.0,2.0,287.0,1.8,4195.0,0,,0,0.0,0,31,2.75692776322754,8.341648618901306,7.7142311448490855,18.44817532978576,12.808038859339328
31123,2012,46723.0,247416.0,42025.0,14.7,20.7,3.506278366058832,6.6,43.1,12.27449283157148,1554.0,49333324.0,31751.0,,197.0,3.1,2698.0,0,,0,0.0,0,31,1.2545551803977009,7.900266036767701,7.348587530927593,17.71411035387107,12.41882640944433
31123,2013,51844.0,296129.0,43886.0,13.8,18.3,3.4817000077948506,6.4,43.6,12.443286161761822,1576.0,53599584.0,34021.0,,207.0,3.1,2746.0,0,,0,0.0,0,31,1.2475206824922274,7.917900586327916,7.362645270417825,17.797051864816883,12.59855044917906
31123,2014,57454.0,626015.0,45000.0,14.0,17.0,3.4536104554931577,5.1,41.9,12.254043789834784,1536.0,51606585.0,33591.0,,204.0,3.0,2683.0,0,,0,0.0,0,31,1.2394201926732293,7.894690850425624,7.336936913707618,17.759159838588598,13.347129611456502
31123,2015,58778.0,700477.0,45910.0,11.7,17.8,3.4227119479612953,4.0,41.3,11.061478784650015,1525.0,54689203.0,35870.0,,203.0,2.9,2661.0,0,,0,0.0,0,31,1.230433204082243,7.886457270977689,7.329749689041512,17.81717686216868,13.45951681052994
31123,2016,56808.0,629630.0,43942.0,12.3,19.0,3.4009425449274833,3.5,41.6,11.170105961822614,1527.0,54881874.0,35931.0,,200.0,3.2,2663.0,0,,0,0.0,0,31,1.2240526123003206,7.887208585813932,7.3310603052186325,17.82069368802922,13.352887624251283
31123,2017,52980.0,645184.0,44201.0,9.4,18.9,3.4430768733800226,3.7,42.9,11.19217643980904,1528.0,54478384.0,35661.0,,199.0,3.0,2631.0,0,,0,0.0,0,31,1.2363655115483247,7.875119281040293,7.331714969726466,17.813314557104217,13.377290826413613
31123,2018,53118.0,623413.0,45121.0,8.7,18.1,3.3995380673123985,5.6,42.5,10.912108216937163,1535.0,56712583.0,36954.0,,197.0,2.8,2615.0,0,,0,0.0,0,31,1.2236395598367857,7.869019376499023,7.336285660021297,17.853506666475436,13.34296449948261
31123,2019,57995.0,505299.0,46194.0,8.7,19.5,3.357403738859859,6.9,42.3,10.984269195155631,1522.0,59113184.0,38829.0,,197.0,2.9,2639.0,0,,0,0.0,0,31,1.2111679785231948,7.878155336503324,7.3277805384216315,17.894964537024016,13.132905612255678
31123,2020,66021.0,520151.0,46903.0,9.7,22.1,3.308247022331896,5.3,41.9,10.46514395912665,1471.0,61071095.0,41512.0,,188.0,3.6,2640.0,0,,0,0.0,0,31,1.1964184485971325,7.878534196140362,7.293697720601438,17.927549235282555,13.161874433019543
31123,2021,70937.0,311542.0,50859.0,7.5,19.6,3.2267873206569866,5.7,41.5,10.497252319467242,1479.0,64123852.0,43349.0,,193.0,2.5,2635.0,0,,0,0.0,0,31,1.171487004686879,7.876638460975463,7.2991214627108,17.976326958760843,12.649289439581375
31123,2022,69938.0,279914.0,57325.0,9.5,19.4,3.20361344000809,5.5,40.3,10.366526286446632,1504.0,67723686.0,45017.0,,192.0,2.0,2660.0,0,,0,0.0,0,31,1.164279372741425,7.886081401775745,7.315883504509785,18.030946543753856,12.542237692116215
31125,2012,37404.0,153279.0,40714.0,14.1,12.1,8.446596225526383,5.8,44.9,9.582469250998344,1070.0,32614367.0,30495.0,,151.0,3.2,2094.0,0,,0,0.0,0,31,2.1337635466707385,7.646831391430482,6.975413927455952,17.300263454776253,11.940015069175056
31125,2013,40549.0,148260.0,44286.0,12.6,13.2,8.39451265630732,5.1,45.4,9.844851261698077,1066.0,33169147.0,31103.0,,154.0,3.1,2072.0,0,,0,0.0,0,31,2.12757823718361,7.6362696033793735,6.97166860472579,17.317130694584133,11.906722768210711
31125,2014,38453.0,139154.0,46220.0,11.4,14.4,8.30393253592634,3.5,46.0,9.987954690949872,1105.0,35430077.0,32059.0,,154.0,2.7,2072.0,0,,0,0.0,0,31,2.1167292021042035,7.6362696033793735,7.007600613951853,17.383071650138756,11.84333651249848
31125,2015,36192.0,127476.0,42500.0,13.8,16.5,8.240526451659655,3.2,45.9,10.410561384096985,1115.0,35930184.0,32212.0,,165.0,2.5,2073.0,0,,0,0.0,0,31,2.1090642316450374,7.636752112435779,7.016609683894219,17.397088280145333,11.755683390568013
31125,2016,35012.0,107101.0,42429.0,12.4,17.3,8.16806235535487,3.2,45.8,10.345490216836144,1053.0,34732632.0,32977.0,,158.0,2.7,2011.0,0,,0,0.0,0,31,2.1002317149364167,7.606387389772652,6.959398512133975,17.363190206472993,11.581527593460411
31125,2017,35811.0,142550.0,45428.0,11.7,18.3,8.082011240992939,2.0,45.4,10.53025317504797,1079.0,37119613.0,34407.0,,148.0,2.5,2037.0,0,,0,0.0,0,31,2.089640757523038,7.619233416226805,6.983789965258135,17.429656040181374,11.867448094340817
31125,2018,36741.0,130462.0,45833.0,11.3,19.8,8.04804369585007,3.3,44.3,10.002807904508328,1063.0,35589139.0,33483.0,,139.0,2.5,2036.0,0,,0,0.0,0,31,2.085429042747474,7.618742377670413,6.968850378341948,17.387551065004924,11.77883727560204
31125,2019,40287.0,112900.0,49032.0,11.4,18.3,8.025398665754826,3.2,44.8,9.88373306070158,1002.0,37118085.0,37044.0,,134.0,3.1,2010.0,0,,0,0.0,0,31,2.082611345757849,7.605890001053122,6.90975328164481,17.429614875111838,11.634257750137753
31125,2020,44752.0,116248.0,53147.0,11.9,18.4,7.982373108573861,4.2,45.1,9.83303694982795,941.0,34839354.0,37030.0,,124.0,3.2,1976.0,0,,0,0.0,0,31,2.0772357492792466,7.588829878307813,6.846943139585379,17.366258167870818,11.663481119000531
31125,2021,56064.0,161290.0,55473.0,12.9,18.0,7.674400699278529,4.2,44.2,9.786127653783144,931.0,35062765.0,37661.0,,127.0,2.0,1954.0,0,,0,0.0,0,31,2.0378902056399286,7.577633832602728,6.836259277277067,17.37265029915089,11.990959265911227
31125,2022,51536.0,146864.0,60054.0,13.6,19.0,7.622317130059465,4.4,44.0,9.685145868027709,915.0,37168332.0,40632.0,3.0,123.0,1.9,1960.0,0,,0,0.0,0,31,2.031080408783629,7.580699752224563,6.818924065275521,17.430967666367415,11.897262267458872
31127,2012,43785.0,629609.0,41929.0,9.5,24.6,17.73295988727886,7.6,41.5,10.11475901666098,3168.0,148465622.0,46860.0,,252.0,4.7,3877.0,0,,0,0.0,0,31,2.8754250484697113,8.262816937670928,8.060855752934316,18.815863987722874,13.352854270773504
31127,2013,43749.0,764512.0,42672.0,10.4,24.9,17.691229499947223,7.9,40.9,10.670243937076943,3110.0,146531773.0,47110.0,,250.0,4.9,3810.0,0,,0,0.0,0,31,2.873069008297331,8.245384468120747,8.04237800517328,18.802752843452286,13.546993000761747
31127,2014,40759.0,616292.0,47875.0,9.3,27.1,17.70841260061319,8.8,39.8,10.94283036226684,3118.0,147300016.0,47237.0,,246.0,3.8,3728.0,0,,0,0.0,0,31,2.874039814836374,8.223627175805483,8.044947049617722,18.807981990054714,13.331476156174864
31127,2015,42292.0,644507.0,49656.0,8.6,27.8,17.595495081951118,8.0,39.1,10.99204623212901,3147.0,148436083.0,47161.0,,241.0,3.6,3704.0,0,,0,0.0,0,31,2.867642908027656,8.21716859576607,8.054204897064407,18.81566500604241,13.376240962435059
31127,2016,42785.0,746873.0,52736.0,10.8,28.8,17.43102826129114,6.5,37.8,11.337100925120938,3095.0,155170068.0,50132.0,,236.0,3.6,3637.0,0,,0,0.0,0,31,2.8582518515549835,8.19891444498699,8.037543185118697,18.86003228628861,13.52365043627416
31127,2017,44481.0,688783.0,55536.0,11.5,28.0,17.28374454129713,5.7,38.0,11.348829502633976,3076.0,155408500.0,50517.0,,238.0,3.9,3637.0,0,,0,0.0,0,31,2.849766437892023,8.19891444498699,8.031385330625534,18.86156769195666,13.442681551187139
31127,2018,45694.0,558841.0,51922.0,12.4,28.1,17.192919580634154,4.5,39.3,11.05810849088867,3063.0,158762819.0,51827.0,,236.0,3.5,3656.0,0,,0,0.0,0,31,2.844497646778632,8.204124932574041,8.027150106832774,18.8829219420833,13.233620275183766
31127,2019,48079.0,606295.0,51828.0,11.6,27.8,17.116822991970583,4.1,39.3,11.133941760990416,3016.0,156287556.0,51819.0,,235.0,3.7,3673.0,0,,0,0.0,0,31,2.8400617805939006,8.208764045819667,8.011686729127847,18.867208176099332,13.31512194528328
31127,2020,49829.0,589967.0,50236.0,14.8,28.0,17.129096635303416,5.5,38.4,11.217283958041511,2932.0,163784536.0,55853.0,,228.0,3.6,3626.0,0,,0,0.0,0,31,2.840778575119609,8.195885391314796,7.983440063006542,18.914062317112137,13.287821882114248
31127,2021,58964.0,696903.0,53081.0,13.7,29.4,17.24446888263206,5.6,38.6,11.21386564809458,2964.0,162706022.0,54897.0,,236.0,2.3,3636.0,0,,0,0.0,0,31,2.8474914475748365,8.19863945529737,7.994294986415977,18.907455584411498,13.454401512195648
31127,2022,57582.0,674405.0,57196.0,15.3,30.5,17.229740510632656,6.4,38.6,11.438606038863313,2936.0,178321384.0,60745.0,,227.0,2.2,3611.0,0,,0,0.0,0,31,2.846636990103311,8.191740021277457,7.984803389734406,18.99909800833972,13.421586099639926
31129,2012,44653.0,217568.0,33875.0,16.7,12.6,7.80659126670202,3.3,49.3,9.583052067033716,1452.0,39528681.0,27217.0,,203.0,3.4,2471.0,0,,0,0.0,0,31,2.0549684110477333,7.81237820598861,7.280697195384741,17.492537067653185,12.290266724326186
31129,2013,50769.0,250218.0,37594.0,11.1,13.7,7.757908737644636,3.5,49.7,9.502990125557968,1433.0,39675705.0,27692.0,,210.0,3.1,2450.0,0,,0,0.0,0,31,2.048712805303911,7.803843303538772,7.267525427828172,17.496249593595056,12.430087816873257
31129,2014,46711.0,259906.0,42404.0,10.8,16.1,7.704010223331102,3.2,49.6,9.38557967566758,1427.0,43998201.0,30825.0,,212.0,2.8,2405.0,0,,0,0.0,0,31,2.041741001510923,7.785305182539862,7.2633296174768365,17.59965930468303,12.46807530616534
31129,2015,46585.0,298327.0,40488.0,11.8,17.3,7.634463753249125,2.9,49.2,9.650143883826113,1440.0,42033928.0,29183.0,,210.0,2.6,2391.0,0,,0,0.0,0,31,2.032672700873151,7.779466967458324,7.272398392570047,17.553987659668945,12.605945479313265
31129,2016,44712.0,265195.0,41576.0,12.8,16.6,7.566655944919196,2.9,49.0,9.92809434450924,1438.0,43268330.0,30081.0,,204.0,2.9,2380.0,0,,0,0.0,0,31,2.023751218847212,7.77485576666552,7.271008538280992,17.582931516586843,12.488220683420787
31129,2017,46282.0,251094.0,42055.0,10.8,19.1,7.507541445349514,1.7,49.4,10.136234118171934,1444.0,46239751.0,32018.0,,199.0,2.7,2383.0,0,,0,0.0,0,31,2.015908041386186,7.776115477098742,7.275172319452771,17.6493503973658,12.433582649997586
31129,2018,49699.0,244529.0,42049.0,12.2,19.1,7.432778990011388,1.4,49.3,9.77066184775133,1474.0,48687199.0,33029.0,,194.0,2.8,2408.0,0,,0,0.0,0,31,2.005899811682294,7.786551806428712,7.295735072749282,17.70092669929115,12.407089190270478
31129,2019,52855.0,249047.0,43388.0,11.2,20.9,7.378880475697856,1.9,49.2,9.850690011720156,1487.0,50336204.0,33853.0,,191.0,2.8,2427.0,0,,0,0.0,0,31,1.9986219300453072,7.794411205726601,7.304515946460155,17.734235137597345,12.425396912654938
31131,2012,45249.0,1313167.0,50917.0,12.2,21.2,25.548026196106967,5.1,42.7,10.124618342708594,6363.0,204502035.0,32140.0,,586.0,4.4,8493.0,0,,0,0.0,0,31,3.2405600610670247,9.04699757378001,8.758255243232792,19.136088484497865,14.087952334839057
31131,2013,43452.0,1407701.0,50881.0,10.5,23.2,25.544777670937396,5.2,42.1,10.997719393110389,6307.0,207073177.0,32834.0,,588.0,4.2,8409.0,0,,0,0.0,0,31,3.2404328993171077,9.037057839832897,8.749415406663651,19.148582800836266,14.157468435194437
31131,2014,42421.0,1153465.0,51316.0,10.4,22.0,25.582135710387483,5.2,42.0,10.953295001651876,6186.0,211298437.0,34158.0,,591.0,3.7,8248.0,0,,0,0.0,0,31,3.2418942840801614,9.017726025696795,8.730043953245016,19.168782085493145,13.95828101369954
31131,2015,44893.0,1146831.0,50275.0,10.9,21.5,25.73156786818784,4.6,41.8,11.001714013887938,6221.0,221699916.0,35637.0,,583.0,3.3,8232.0,0,,0,0.0,0,31,3.247718559850607,9.015784277513886,8.73568594451502,19.216835295696075,13.952513044366496
31131,2016,45565.0,1328334.0,52108.0,10.8,20.7,25.80953247225759,3.8,41.8,11.345708899539217,6283.0,226841370.0,36104.0,,582.0,3.4,8307.0,0,,0,0.0,0,31,3.250743899357144,9.02485381183907,8.745602852402946,19.23976152059107,14.099436083420274
31131,2017,48593.0,1252638.0,54605.0,10.0,21.4,25.7851685334858,3.0,41.7,11.357015972482868,6119.0,228840535.0,37396.0,,566.0,3.4,8232.0,0,,0,0.0,0,31,3.2497994635872747,9.015784277513886,8.71915396346254,19.248535965239864,14.040762285512544
31131,2018,52242.0,1194903.0,54828.0,11.2,21.8,25.81927804776631,2.8,41.5,11.066473268172356,6076.0,235212790.0,38712.0,,551.0,2.9,8262.0,0,,0,0.0,0,31,3.251121424058035,9.01942196795671,8.712101863715663,19.27600115176195,13.993575568505042
31131,2019,54776.0,1156644.0,59167.0,11.0,23.4,25.90536396476,2.3,41.4,11.142759127551871,6268.0,252933895.0,40352.0,,540.0,3.2,8525.0,0,,0,0.0,0,31,3.2544500501491362,9.050758302151717,8.74321260347591,19.34863872796605,13.961033266521131
31131,2020,55354.0,1212624.0,64755.0,11.8,25.4,25.931352166116582,2.7,42.0,11.217283958041511,6062.0,263302650.0,43436.0,,514.0,3.6,8453.0,0,,0,0.0,0,31,3.2554527449752646,9.042276686928927,8.709795057617749,19.388814688981025,14.008297164605994
31131,2021,61008.0,1305534.0,70072.0,12.2,26.4,25.851763299462046,3.3,42.3,11.21386564809458,6253.0,279940493.0,44771.0,,534.0,2.4,8537.0,0,,0,0.0,0,31,3.2523788113732013,9.052164937010307,8.740816627567298,19.450087613546884,14.082122710443622
31131,2022,58605.0,1299540.0,73031.0,11.4,25.6,25.98008004366018,3.2,42.0,11.438606038863313,6237.0,296578268.0,47552.0,,527.0,2.1,8549.0,0,,0,0.0,0,31,3.2573300922100006,9.053569596026234,8.738254576526122,19.507821714585855,14.077520913659598
31133,2012,37927.0,105107.0,43634.0,14.3,14.2,6.386359682189874,4.9,49.3,10.115205338113888,825.0,22957285.0,27844.0,,108.0,3.2,1638.0,0,,0,0.0,0,31,1.854164416256412,7.401231264413015,6.715383386334681,16.94914587329474,11.56273415788216
31133,2013,40458.0,102614.0,37321.0,21.5,11.6,6.40027837383286,5.6,49.4,11.003404082541005,861.0,24581692.0,28567.0,,109.0,3.0,1679.0,0,,0,0.0,0,31,1.856341485331091,7.425953657077541,6.7580945044277305,17.017512496185443,11.538729654651762
31133,2014,38454.0,97095.0,38462.0,18.1,14.5,6.388679464130372,6.3,48.3,10.961375754525468,858.0,26214148.0,30570.0,,109.0,2.8,1654.0,0,,0,0.0,0,31,1.854527590402405,7.4109518755836366,6.754604099487962,17.081809822983793,11.48344515964772
31133,2015,39015.0,102091.0,41161.0,16.6,16.3,6.323725569796439,4.6,49.1,11.00305792494729,894.0,25331588.0,28338.0,,107.0,2.6,1678.0,0,,0,0.0,0,31,1.8443085233702825,7.425357887027151,6.795705775173514,17.047562712472303,11.533619851393764
31133,2016,36628.0,85627.0,40139.0,20.2,16.2,6.251812329641014,3.0,49.5,11.347781186907536,895.0,27213386.0,30415.0,,106.0,2.2,1663.0,0,,0,0.0,0,31,1.8328713944569024,7.416378479192928,6.796823718274855,17.119219542561755,11.357755932955975
31133,2017,39491.0,102239.0,42176.0,20.5,15.9,6.2726903671054925,2.7,50.1,11.356095527089092,762.0,26143768.0,34291.0,,111.0,3.0,1517.0,0,,0,0.0,0,31,1.8362053482766594,7.324489979348532,6.635946555686647,17.079121402673483,11.53506848865586
31133,2018,43040.0,113283.0,46314.0,15.6,17.5,6.207736472771559,3.3,50.0,11.068580386264546,741.0,26089090.0,35208.0,,105.0,2.6,1491.0,0,,0,0.0,0,31,1.8257963323619237,7.307202314764738,6.608000625296087,17.07702777724053,11.637644391627724
31133,2019,45316.0,107089.0,46452.0,18.9,17.1,6.145102360378124,2.9,50.0,11.151781868767635,733.0,25978808.0,35434.0,,100.0,2.9,1495.0,0,,0,0.0,0,31,1.8156554003858745,7.3098814858247865,6.597145701886651,17.072791686706875,11.581415543411271
31133,2020,51928.0,111101.0,46063.0,20.2,15.6,6.124224322913646,4.4,49.7,11.217283958041511,726.0,28264865.0,38941.0,,97.0,2.7,1503.0,0,,0,0.0,0,31,1.8122521072541664,7.315218389752975,6.587550014824796,17.157130071855107,11.618194976487304
31133,2021,61529.0,132347.0,51354.0,16.8,16.0,5.947920895435829,3.1,47.2,11.21386564809458,750.0,30736700.0,40978.0,,96.0,1.9,1520.0,0,,0,0.0,0,31,1.7830417291543654,7.326465613840322,6.620073206530356,17.240967938327703,11.793182540227962
31133,2022,57953.0,120478.0,55833.0,13.3,20.4,5.922403294090356,2.4,47.3,11.438606038863313,730.0,32274715.0,44227.0,,96.0,2.0,1492.0,0,,0,0.0,0,31,1.7787423283552886,7.307872780763706,6.593044534142437,17.289794664293932,11.69922244263033
31135,2012,63993.0,280774.0,53299.0,5.6,20.5,3.336303213017356,2.8,45.1,12.214117436321162,1120.0,39420517.0,35192.0,,165.0,2.6,1826.0,0,,0,0.0,0,31,1.2048633715583992,7.509883061154913,7.02108396428914,17.48979697477281,12.545305354254241
31135,2013,73241.0,286463.0,58625.0,5.8,22.3,3.338567416080144,1.7,45.1,12.383769363032089,1118.0,41163937.0,36830.0,,172.0,2.5,1817.0,0,,0,0.0,0,31,1.2055417976359808,7.504942068396171,7.0192966537150445,17.533073115473435,12.56536466194536
31135,2014,57805.0,240673.0,56333.0,8.1,20.7,3.3261142992348125,1.6,44.3,12.209678668405294,1169.0,43563044.0,37273.0,,175.0,2.1,1853.0,0,,0,0.0,0,31,1.201804745554527,7.52456122628536,7.063903961472068,17.589719734211922,12.391194444650074
31135,2015,53701.0,229678.0,55893.0,6.9,22.0,3.3102648777953,1.7,44.1,10.73865796040966,1149.0,45078989.0,39236.0,,172.0,1.8,1842.0,0,,0,0.0,0,31,1.1970282096903737,7.518607216815252,7.046647277848756,17.623926820087558,12.344433606989705
31135,2016,54080.0,228807.0,56797.0,6.8,23.1,3.295547557887182,1.9,43.9,10.870187193308292,1136.0,45194725.0,39775.0,,172.0,2.2,1830.0,0,,0,0.0,0,31,1.1925723325663278,7.512071245835466,7.035268599281097,17.62649093445225,12.340634132425375
31135,2017,53600.0,249841.0,58125.0,4.8,22.9,3.287622847167426,1.1,43.3,10.836108323673272,1139.0,46067648.0,40431.0,,163.0,1.9,1823.0,0,,0,0.0,0,31,1.1901647647653915,7.508238774678663,7.037905963447182,17.645621482863042,12.428579994510589
31135,2018,53550.0,251620.0,62469.0,5.5,25.8,3.2910191517616068,1.1,42.7,10.50107108034682,1145.0,47707417.0,41675.0,,160.0,2.0,1841.0,0,,0,0.0,0,31,1.1911972893795806,7.518064181233078,7.0431599159883405,17.680597436433313,12.435675291905122
31135,2019,64614.0,299045.0,65543.0,5.0,28.1,3.284226542573244,1.4,42.9,10.551801752800635,1146.0,49023990.0,42775.0,,162.0,2.3,1842.0,0,,0,0.0,0,31,1.1891311729421086,7.518607216815252,7.044032897274685,17.707820328100656,12.608349342720825
31135,2020,74066.0,305230.0,61389.0,6.7,26.5,3.2706413241965193,0.7,42.7,10.46069474901271,1142.0,51243078.0,44881.0,,163.0,1.8,1860.0,0,,0,0.0,0,31,1.1849860892869397,7.528331766707247,7.040536390215956,17.752091103446272,12.628820869760897
31135,2021,92415.0,331291.0,57250.0,7.9,24.2,3.2434708874430696,1.0,42.1,10.44718096464951,1149.0,52395459.0,45617.0,,167.0,1.4,1858.0,0,,0,0.0,0,31,1.1766440179695445,7.527255919373784,7.046647277848756,17.774330485230706,12.710752422208156
31135,2022,100398.0,353551.0,61786.0,8.7,25.9,3.237810379786101,1.2,41.5,10.319767089806518,1142.0,56074540.0,49109.0,,163.0,1.6,1858.0,0,,0,0.0,0,31,1.1748972926346029,7.527255919373784,7.040536390215956,17.842192435037745,12.775783025482637
31137,2012,51092.0,740906.0,47871.0,10.6,21.1,17.01402397228552,2.4,43.9,10.092477404626496,4599.0,162219376.0,35272.0,,420.0,2.9,5040.0,0,,0,0.0,0,31,2.834037943526811,8.525161361065415,8.433594167539924,18.904460149971037,13.515629040630833
31137,2013,59009.0,814040.0,50000.0,9.1,21.7,17.017729116878787,2.1,43.3,10.044961283164591,4691.0,169296281.0,36092.0,,442.0,2.9,5077.0,0,,0,0.0,0,31,2.834255689853202,8.532475814947395,8.453401058328458,18.947160879939464,13.609764783826485
31137,2014,59634.0,775642.0,51396.0,6.3,23.8,17.02328683376869,1.4,41.8,10.029071414809142,4769.0,180419691.0,37832.0,,451.0,2.6,5056.0,0,,0,0.0,0,31,2.834582220468348,8.528330935826693,8.469891918298224,19.010796311520863,13.561446352509035
31137,2015,60450.0,897454.0,50404.0,7.9,22.7,17.073306285777804,1.7,42.0,10.312953871484371,4755.0,185704683.0,39052.0,,456.0,2.4,5013.0,0,,0,0.0,0,31,2.8375162079031355,8.519789817263504,8.46695197497949,19.039668244098664,13.707317144549172
31137,2016,56213.0,952169.0,51264.0,8.3,23.3,17.110357731710483,1.2,41.7,10.344979448173216,4734.0,188134709.0,39739.0,,463.0,2.5,4957.0,0,,0,0.0,0,31,2.839683995441849,8.508555998020574,8.46252579007393,19.052668801438024,13.766497819026917
31137,2017,48871.0,789547.0,56408.0,7.1,26.0,16.975119954056208,0.7,42.1,10.772320169973108,4750.0,194511044.0,40947.0,,459.0,2.3,4950.0,0,,0,0.0,0,31,2.831748739932676,8.507142855562735,8.465899897028686,19.08599950090177,13.579214642254868
31137,2018,50042.0,791853.0,57241.0,8.8,25.9,16.895459345300953,0.7,42.6,10.053760055024384,4719.0,199187667.0,42210.0,,434.0,2.3,4948.0,0,,0,0.0,0,31,2.82704490803584,8.506738733512378,8.459352191726387,19.109757988547504,13.582131047509021
31137,2019,54621.0,782261.0,59040.0,9.6,23.5,16.858407899368274,0.7,42.4,9.93815468841177,4739.0,207112240.0,43701.0,,429.0,2.7,5040.0,0,,0,0.0,0,31,2.8248495174724044,8.525161361065415,8.463581421967588,19.148771426502513,13.569943723432898
31137,2020,60858.0,791728.0,58105.0,11.5,25.6,16.76577928453658,0.6,41.6,9.48428326661199,4601.0,210986558.0,45858.0,,427.0,3.0,5012.0,0,,0,0.0,0,31,2.819339861661435,8.51959031601596,8.434028950155469,19.16730498324988,13.581973177466049
31137,2021,67078.0,829241.0,61606.0,12.2,25.8,16.621278645399137,0.7,40.6,9.342180347466064,4583.0,224129294.0,48905.0,,436.0,1.8,4948.0,0,,0,0.0,0,31,2.810683720607562,8.506738733512378,8.430109084509125,19.22773364865752,13.628266103569818
31137,2022,62739.0,753752.0,65114.0,14.5,26.7,16.610163211619334,0.8,40.4,9.166992210856964,4674.0,248368225.0,53136.0,11.0,434.0,1.8,5006.0,0,,0,0.0,0,31,2.8100147496828476,8.518392471991719,8.449770515098804,19.330422981161757,13.53281868041968
31139,2012,45305.0,286280.0,52096.0,6.0,16.9,12.61406474324421,3.9,41.9,9.70670339095398,1989.0,60170702.0,30256.0,,253.0,3.2,4188.0,0,,0,0.0,0,31,2.5348124408780586,8.339978571990427,7.5953872788539725,17.912696114072137,12.564725631852534
31139,2013,48983.0,302925.0,51924.0,5.6,18.8,12.579175890407136,4.8,41.9,9.540384728765831,1999.0,61599355.0,30820.0,,259.0,3.3,4210.0,0,,0,0.0,0,31,2.532042739619866,8.345217926676428,7.6004023345004,17.936161957669707,12.621240529099722
31139,2014,53714.0,299419.0,52178.0,5.3,20.4,12.5617314639886,4.7,41.8,11.601837958417546,2042.0,66662678.0,32643.0,,259.0,2.9,4242.0,0,,0,0.0,0,31,2.5306550069519735,8.352790135124629,7.621684998724611,18.015155804054316,12.609599209207989
31139,2015,61285.0,326632.0,54482.0,6.0,20.5,12.532075939077084,4.7,41.3,10.488364483263034,2019.0,68508090.0,33930.0,,252.0,2.5,4183.0,0,,0,0.0,0,31,2.528291432685142,8.338783971442199,7.610357618312838,18.04246239844872,12.69658943389828
31139,2016,51177.0,325141.0,53125.0,6.6,21.4,12.523353725867816,4.0,41.7,10.59112854362319,2012.0,68580996.0,34087.0,,252.0,2.6,4168.0,0,,0,0.0,0,31,2.5275951992795895,8.335191583433202,7.60688453121963,18.04352602807819,12.69201421338169
31139,2017,50629.0,318789.0,55417.0,6.8,22.5,12.5163759553004,3.8,41.7,10.548306303214437,1987.0,68104773.0,34274.0,,264.0,2.7,4155.0,0,,0,0.0,0,31,2.527037863330928,8.332067707289548,7.594381242551817,18.03655785676941,12.672284720911438
31139,2018,50581.0,333969.0,56620.0,7.3,22.3,12.484975987747037,2.3,41.5,10.252836572810418,1963.0,70470804.0,35909.0,,255.0,2.7,4149.0,0,,0,0.0,0,31,2.5245260004417043,8.330622620332868,7.5822291942764615,18.07070905434838,12.71880345328006
31139,2019,55379.0,338997.0,64511.0,8.0,23.2,12.462298233402937,2.2,41.6,10.272505248128894,1917.0,70639993.0,36854.0,,245.0,2.7,4154.0,0,,0,0.0,0,31,2.5227079452594414,8.331827004436057,7.558516743045645,18.073107015165977,12.733746536765908
31139,2020,60067.0,322675.0,57629.0,8.6,24.5,12.441364921700693,3.3,41.6,10.149942303589,1901.0,74504825.0,39194.0,,240.0,3.3,4178.0,0,,0,0.0,0,31,2.5210268016861375,8.33758794211651,7.550135342488429,18.12637444635329,12.684400903703388
31139,2021,76058.0,402457.0,62299.0,9.4,22.7,12.67512023570909,2.9,40.4,10.111997411181108,1897.0,78062782.0,41143.0,,247.0,2.3,4162.0,0,,0,0.0,0,31,2.539641035484254,8.33375100695358,7.5480289699350145,18.173023958333538,12.905343537835643
31139,2022,97775.0,426186.0,65603.0,7.9,22.1,12.736175728173968,2.4,40.2,9.987759701343476,1953.0,86834128.0,44456.0,,249.0,1.8,4213.0,0,,0,0.0,0,31,2.544446426759192,8.345930261979017,7.577121930876679,18.279510282079187,12.962631149679165
31141,2012,41145.0,2507719.0,51395.0,9.9,17.3,47.76351902677843,5.3,38.7,9.429545115085809,19196.0,677821716.0,35310.0,,1185.0,3.6,18009.0,0,,0,0.0,0,31,3.866262147835211,9.798626911919953,9.862457202978137,20.33439485557353,14.73488413299053
31141,2013,42433.0,2602303.0,51213.0,10.7,18.5,47.99347229434019,5.3,38.7,9.677990998274748,18964.0,687384943.0,36247.0,,1199.0,3.4,17693.0,0,,0,0.0,0,31,3.8710650077919735,9.780924360113003,9.85029772402201,20.34840501786312,14.771907380160416
31141,2014,43632.0,2474694.0,55391.0,9.3,20.6,48.19375417253913,5.0,38.1,9.799052959344126,18687.0,707580177.0,37866.0,,1198.0,3.0,17325.0,0,,0,0.0,0,31,3.875229431177558,9.759905824058103,9.835583373922255,20.37736150544257,14.721627309977686
31141,2015,44250.0,2389952.0,56318.0,8.5,20.1,48.42667457903717,4.5,38.0,10.183673301978905,18614.0,737274087.0,39608.0,,1210.0,3.0,17209.0,0,,0,0.0,0,31,3.880050789573568,9.753187781764911,9.831669264745656,20.41847027654,14.686783840024006
31141,2016,43940.0,2403736.0,58473.0,8.7,21.4,48.51717231659373,4.6,38.4,10.233845234082343,18430.0,745910163.0,40473.0,,1209.0,3.5,17068.0,0,,0,0.0,0,31,3.881917803659395,9.744960644307891,9.821735050663868,20.430115725983395,14.692534751635197
31141,2017,43111.0,2374316.0,58679.0,8.6,21.5,48.77234626511387,3.9,38.3,10.21184716691793,18839.0,785302593.0,41684.0,,1197.0,2.9,17406.0,0,,0,0.0,0,31,3.887163477342993,9.76457025334946,9.843684468165375,20.481579670262484,14.680219953970914
31141,2018,44715.0,2479755.0,62617.0,8.3,22.2,49.051257325124254,3.8,38.5,9.997058598559793,19019.0,819268622.0,43075.0,,1175.0,2.7,17629.0,0,,0,0.0,0,31,3.8928658192225787,9.777300552285743,9.85319375848166,20.523922575831094,14.7236703229385
31141,2019,48246.0,2631968.0,62305.0,8.7,21.8,49.21593353608783,3.0,38.4,9.995155042138544,19211.0,844239023.0,43946.0,,1156.0,3.0,17924.0,0,,0,0.0,0,31,3.896217423428915,9.793895875906033,9.863238310628443,20.55394621507258,14.783242413298725
31141,2020,51189.0,2616216.0,60878.0,7.7,23.4,49.3286848156665,2.3,38.3,9.98938284305846,18729.0,868249716.0,46359.0,,1148.0,3.7,17949.0,0,,0,0.0,0,31,3.898505753946927,9.795289682058142,9.837828403729853,20.581989922493673,14.77723955695795
31141,2021,57853.0,2924736.0,64105.0,7.2,23.5,50.62384096135302,2.0,37.8,10.03897367513435,19297.0,924654439.0,47918.0,,1193.0,2.3,18201.0,0,,0,0.0,0,31,3.9244226305740604,9.809231816610408,9.867704922396356,20.64493064621905,14.888714778164482
31141,2022,57632.0,2820513.0,69943.0,8.2,24.6,50.76626363029449,1.9,38.3,9.900904878223916,19621.0,998870998.0,50908.0,,1190.0,1.9,18436.0,0,,0,0.0,0,31,3.9272320322053234,9.8220605538404,9.884355700220102,20.722136197143556,14.852429341263406
31143,2012,48678.0,241586.0,52012.0,7.6,18.7,12.24380002325205,3.5,45.1,11.807320793085918,1443.0,43774976.0,30333.0,,179.0,3.0,2987.0,0,,0,0.0,0,31,2.505019688317645,8.00202481821611,7.274479558773871,17.594572887877902,12.394980796343935
31143,2013,55265.0,245904.0,52848.0,8.3,20.3,12.177691253809805,3.2,45.7,11.383067517877688,1470.0,45223636.0,30763.0,,189.0,3.3,2991.0,0,,0,0.0,0,31,2.499605692082092,8.003363058629947,7.293017679772782,17.627130428481237,12.412696494847093
31143,2014,53682.0,256494.0,54375.0,8.4,19.5,12.09790480793123,2.9,45.8,11.273339728288754,1473.0,46603408.0,31635.0,,184.0,3.2,2964.0,0,,0,0.0,0,31,2.4930322812400805,7.994294986415977,7.29505641646263,17.657184229468992,12.454860551506503
31143,2015,56771.0,247342.0,57312.0,7.6,19.6,12.015838749313266,1.9,45.4,11.437168055352531,1479.0,49063556.0,33181.0,,187.0,2.5,2921.0,0,,0,0.0,0,31,2.4862256752673924,7.979681302387741,7.2991214627108,17.708627076842152,12.418527273298773
31143,2016,51082.0,266151.0,57991.0,8.1,21.5,11.94972997987102,3.9,45.6,10.342644579778105,1460.0,49360101.0,33814.0,,188.0,2.7,2898.0,0,,0,0.0,0,31,2.4807086822955373,7.971776122880628,7.286191714702382,17.71465298375056,12.491819095873574
31143,2017,49148.0,289145.0,63667.0,7.6,20.9,11.954289205349797,4.6,45.5,10.785131375312176,1453.0,50813800.0,34972.0,,189.0,2.4,2919.0,0,,0,0.0,0,31,2.481090143295776,7.978996370854115,7.2813856635702825,17.743678529200874,12.574683571373912
31143,2018,49967.0,284525.0,61962.0,7.8,21.1,11.97936494548306,5.3,45.2,9.893285624766357,1473.0,52818043.0,35862.0,,186.0,2.4,2930.0,0,,0,0.0,0,31,2.483185581723237,7.982757702011113,7.29505641646263,17.782363413787166,12.558576402150091
31143,2019,54115.0,272931.0,67719.0,7.7,21.8,11.910976563301428,5.0,45.1,9.716244073839093,1473.0,54095521.0,36714.0,,181.0,2.8,2960.0,0,,0,0.0,0,31,2.4774603752451974,7.992944547318106,7.29505641646263,17.806261949261796,12.51697429496838
31145,2012,43061.0,591891.0,45206.0,9.6,22.3,15.359704102894536,4.3,42.4,11.505819224373692,5303.0,167189994.0,31525.0,,527.0,3.2,6345.0,0,,0,0.0,0,31,2.7317474633995,8.755422380148488,8.57602797713713,18.934641412326513,13.291077775292054
31145,2013,43183.0,575643.0,42345.0,12.7,19.5,15.36249347983141,5.2,42.4,11.611354168871456,5402.0,171688100.0,31783.0,,532.0,2.9,6418.0,0,,0,0.0,0,31,2.7319290504709994,8.766861821669803,8.59452453435256,18.961190016535173,13.263242955861108
31145,2014,45455.0,565961.0,43627.0,11.3,19.6,15.331810333525802,5.7,42.1,12.171200027382092,5375.0,176214023.0,32783.0,,531.0,2.6,6292.0,0,,0,0.0,0,31,2.72992977681342,8.747034264178168,8.589513852995864,18.98720985399765,13.24628045021765
31145,2015,44951.0,558214.0,42931.0,10.6,17.7,15.266259975509271,4.1,41.8,10.834265651177994,5242.0,176851017.0,33738.0,,520.0,2.6,6126.0,0,,0,0.0,0,31,2.7256451629384197,8.72029728739272,8.564458383883352,18.990818224235362,13.232497680386112
31145,2016,43306.0,549300.0,42457.0,11.8,18.2,15.17978929046619,5.0,41.5,10.923441779355947,5179.0,177332022.0,34243.0,,523.0,2.8,6009.0,0,,0,0.0,0,31,2.719964891137693,8.701013624333928,8.552367266423891,18.993534363873625,13.216400019330711
31145,2017,42192.0,482725.0,42882.0,11.7,18.7,15.160263651908076,4.9,40.8,10.95012764161702,5058.0,181165804.0,35821.0,,502.0,2.6,5894.0,0,,0,0.0,0,31,2.718677771349811,8.68169016329764,8.52872642722991,19.01492321411656,13.08720241231074
31145,2018,43768.0,490990.0,46859.0,9.7,18.8,15.071003589928118,3.2,41.1,10.627705756607403,5026.0,185645272.0,36935.0,,479.0,2.4,5904.0,0,,0,0.0,0,31,2.712772605638567,8.683385366280309,8.522379718103538,19.039348270985933,13.104179039970477
31145,2019,46314.0,515826.0,48808.0,11.7,19.1,15.01800542812752,3.3,40.7,10.674077261063877,4999.0,188977697.0,37804.0,,475.0,2.7,5929.0,0,,0,0.0,0,31,2.709249843119065,8.687610843707368,8.51699317141357,19.057139560769738,13.153524778293534
31145,2020,50616.0,535252.0,48140.0,10.0,23.2,14.958033823984737,4.8,40.2,10.34412230275445,4831.0,192919131.0,39938.0,,455.0,3.3,5887.0,0,,0,0.0,0,31,2.7052485350307736,8.68050180902826,8.482808764554406,19.077781648697094,13.190492943016643
31145,2021,55494.0,555437.0,53387.0,11.4,23.6,14.9566391355163,4.7,40.1,10.377514386370612,4841.0,203538083.0,42048.0,,460.0,2.1,5849.0,0,,0,0.0,0,31,2.705155290590406,8.674025985443025,8.484876589939695,19.131363685387548,13.227510470289134
31145,2022,55669.0,557349.0,58344.0,12.2,24.4,14.909219727589448,2.3,41.5,10.261433380170118,4970.0,217455129.0,43756.0,,456.0,1.8,5925.0,0,,0,0.0,0,31,2.701979795253647,8.686935966003333,8.511175119090675,19.197503083761255,13.230946893611442
31147,2012,39811.0,293557.0,38977.0,15.9,15.6,15.14023060990394,7.0,47.7,10.087542478794356,2459.0,67686891.0,27526.0,,325.0,5.0,4396.0,0,,0,0.0,0,31,2.71735547972315,8.388450315523512,7.807510042216193,18.03040308545509,12.589827107230844
31147,2013,42903.0,332225.0,38582.0,17.2,18.8,15.020630942608468,7.4,46.7,10.974330022242787,2435.0,69378197.0,28488.0,,325.0,4.4,4351.0,0,,0,0.0,0,31,2.7094246522851826,8.37816098272068,7.79770203551669,18.055083211851972,12.713567729199708
31147,2014,42663.0,309473.0,40765.0,18.1,21.7,14.926400901709007,5.7,47.3,10.933380245341526,2440.0,72874068.0,29865.0,,327.0,3.6,4279.0,0,,0,0.0,0,31,2.703131517634905,8.361474616416817,7.799753318287247,18.104243413530853,12.642626129821572
31147,2015,43855.0,298825.0,42750.0,19.4,20.7,14.86116471954784,3.4,47.0,10.97831251461329,2529.0,77346070.0,30582.0,,333.0,3.2,4317.0,0,,0,0.0,0,31,2.6987514157300674,8.370315995555478,7.835579246669965,18.163800325677066,12.607613396746181
31147,2016,43149.0,296974.0,45929.0,18.0,19.1,14.76693467864838,4.6,47.4,11.323709547225684,2504.0,77218587.0,30844.0,,330.0,3.2,4261.0,0,,0,0.0,0,31,2.692390538013876,8.357259153499912,7.825644732219989,18.162150750264647,12.601399871865262
31147,2017,44970.0,335475.0,46839.0,16.3,19.4,14.578474596849455,4.0,47.6,11.336158460871896,2469.0,79365747.0,32145.0,,334.0,3.3,4251.0,0,,0,0.0,0,31,2.6795460981201398,8.35490952835879,7.81156848934518,18.189577435153595,12.723302716969158
31147,2018,46755.0,365188.0,48096.0,13.2,18.2,14.513238414688288,3.4,48.0,11.052608830105743,2482.0,82119192.0,33089.0,,329.0,3.1,4291.0,0,,0,0.0,0,31,2.6750612270173386,8.364275084991524,7.8168199657645525,18.223682310806982,12.808167568455534
31147,2019,48997.0,357754.0,47917.0,12.2,19.0,14.4262568384734,3.4,47.7,11.140233605515125,2463.0,83591989.0,33946.0,,324.0,3.2,4298.0,0,,0,0.0,0,31,2.6690499377822343,8.365905077202456,7.809135398120538,18.241458248104536,12.787600878348504
31147,2020,53144.0,353832.0,44524.0,12.2,18.8,14.339275262258512,3.6,47.3,11.217283958041511,2399.0,87817618.0,36611.0,,317.0,3.3,4240.0,0,,0,0.0,0,31,2.6630022943028497,8.352318548226004,7.782807262839695,18.290772699067958,12.776577503197766
31147,2021,60883.0,420009.0,46085.0,11.1,19.4,14.303032938835642,3.9,47.3,11.21386564809458,2428.0,91353917.0,37625.0,,325.0,2.5,4252.0,0,,0,0.0,0,31,2.6604716084020588,8.355144739461839,7.794823152179389,18.330251718905682,12.94803141860139
31147,2022,58060.0,366402.0,50321.0,10.9,20.4,14.225111943476472,4.7,47.1,11.438606038863313,2358.0,94021902.0,39879.0,,320.0,1.9,4158.0,0,,0,0.0,0,31,2.6550088494701103,8.332789468417959,7.765569081097317,18.359038313093993,12.811486370282498
31149,2012,52445.0,67181.0,41619.0,7.4,19.2,1.5273338206255522,1.2,49.4,12.57125371568456,460.0,13009682.0,28297.0,,71.0,2.5,879.0,0,,0,0.0,0,31,0.423523614410864,6.778784897685177,6.131226489483141,16.381204407453602,11.115145748438051
31149,2013,54781.0,75052.0,43500.0,10.0,19.1,1.4241891989729176,2.0,49.7,12.752844071570143,449.0,13088395.0,29156.0,,70.0,3.1,884.0,0,,0,0.0,0,31,0.3536026686113587,6.784457062637643,6.1070228877422545,16.387236517687096,11.225936485607265
31149,2014,70690.0,94207.0,48854.0,8.0,20.1,1.4241891989729176,2.2,50.6,12.272915407209087,449.0,13775729.0,30670.0,,67.0,2.6,884.0,0,,0,0.0,0,31,0.3536026686113587,6.784457062637643,6.1070228877422545,16.438418833563006,11.453249767782374
31149,2015,66630.0,108019.0,48456.0,12.1,18.0,1.3894770666859733,1.7,52.0,10.808485069268556,443.0,14660769.0,33107.0,,66.0,2.7,862.0,0,,0,0.0,0,31,0.32892746534019623,6.759255270663693,6.093569770045136,16.500685708708694,11.590062416559132
31149,2016,62115.0,111978.0,48750.0,10.4,17.5,1.3954277179351635,1.6,52.4,10.903752239154825,471.0,15654599.0,33255.0,,65.0,2.6,896.0,0,,0,0.0,0,31,0.3332009761175781,6.79794041297493,6.154858094016418,16.56627529759503,11.626057702411185
31149,2017,51030.0,82470.0,52361.0,9.7,18.9,1.369641562522005,1.4,51.9,10.859445764765974,478.0,16600546.0,34747.0,,61.0,2.6,913.0,0,,0,0.0,0,31,0.31454907241248137,6.816735880594968,6.169610732491456,16.624946144352123,11.3201898698274
31149,2018,60825.0,83645.0,52604.0,7.4,20.9,1.3388965310678542,0.4,50.9,10.525226401969968,486.0,16894959.0,34734.0,,61.0,2.4,898.0,0,,0,0.0,0,31,0.2918457904356643,6.8001700683022,6.186208623900494,16.642525851374106,11.334336931765382
31149,2019,64785.0,86113.0,56250.0,5.3,23.2,1.4023701443925525,0.3,46.2,10.559956277717266,459.0,16504090.0,35924.0,,61.0,3.1,882.0,0,,0,0.0,0,31,0.33816376545970717,6.782192056006791,6.129050210060545,16.61911878694182,11.363415666242556
31149,2020,75596.0,94377.0,51458.0,6.3,29.7,1.4182385477237271,1.2,41.0,10.362184555282871,458.0,17873786.0,39040.0,,58.0,2.1,889.0,0,,0,0.0,0,31,0.34941564225714217,6.790097235513905,6.126869184114185,16.698845728154026,11.455052678379758
31149,2021,80414.0,83878.0,55129.0,9.9,29.6,1.3101350500301003,1.3,41.5,10.39616467361228,462.0,18786319.0,40700.0,,59.0,1.5,880.0,0,,0,0.0,0,31,0.27013022352551447,6.779921907472252,6.135564891081739,16.74863945012276,11.337118641145517
31149,2022,79266.0,74750.0,57566.0,9.1,28.6,1.3012090731563146,1.2,43.5,10.272466555458914,471.0,19476523.0,41322.0,,60.0,1.6,898.0,0,,0,0.0,0,31,0.2632938885072235,6.8001700683022,6.154858094016418,16.78472034948754,11.221904491252932
31151,2012,37262.0,804007.0,46434.0,15.6,14.9,24.87192127665875,7.0,36.0,9.249646691206705,6793.0,245102999.0,36080.0,,384.0,4.2,7348.0,0,,0,0.0,0,31,3.213739507612281,8.902183446335016,8.823647949191303,19.317189084245598,13.597363254590864
31151,2013,38937.0,797254.0,44109.0,16.8,15.1,24.993859537575272,6.3,35.6,9.144093788720552,6877.0,251272030.0,36539.0,,388.0,4.2,7374.0,0,,0,0.0,0,31,3.2186301762020486,8.90571557879409,8.835937789319836,19.342046695085795,13.588928602106504
31151,2014,36789.0,765184.0,46814.0,13.0,14.3,24.939858307740813,5.3,36.0,9.169143436368742,6836.0,254499918.0,37228.0,,384.0,3.4,7237.0,0,,0,0.0,0,31,3.216467258910203,8.886962034866128,8.829958044235482,19.35481107175441,13.5478716067635
31151,2015,38872.0,795901.0,51738.0,11.2,14.2,25.014763239446676,3.4,36.6,9.459357489341162,7033.0,275187867.0,39128.0,,389.0,2.9,7308.0,0,,0,0.0,0,31,3.2194661801520903,8.896724917497897,8.858368636308018,19.432964575115516,13.587230085232402
31151,2016,38591.0,793066.0,49332.0,11.9,14.6,25.007795338822877,3.4,36.6,9.588194745003053,7135.0,285486457.0,40015.0,,401.0,3.1,7391.0,0,,0,0.0,0,31,3.2191875898173734,8.908018322784887,8.872767529910936,19.469705149858154,13.58366172540087
31151,2017,39192.0,822520.0,50932.0,11.6,13.4,24.953794108988415,2.8,36.0,10.023609046286962,7167.0,293828755.0,40998.0,,404.0,3.1,7463.0,0,,0,0.0,0,31,3.2170258791328155,8.917712757131387,8.877242435993919,19.498507689617348,13.620128077435455
31151,2018,40786.0,987867.0,51143.0,13.5,14.3,24.889341028218254,3.1,35.8,9.644623263245572,7163.0,304197977.0,42467.0,,396.0,3.1,7521.0,0,,0,0.0,0,31,3.2144396406661557,8.925454386826402,8.876684166614451,19.53318928753724,13.803303352283926
31151,2019,42500.0,1017431.0,51502.0,15.3,17.8,24.857985475411148,3.9,35.5,9.69748447808056,7009.0,304405735.0,43433.0,,392.0,3.3,7486.0,0,,0,0.0,0,31,3.2131790480207574,8.920789888464375,8.854950316500325,19.533872024115983,13.832791380731651
31151,2020,43993.0,999704.0,52956.0,12.4,19.2,24.772628692769583,2.4,37.5,9.034933740919906,6744.0,329472466.0,48856.0,,384.0,3.6,7379.0,0,,0,0.0,0,31,3.209739361922572,8.906393407058367,8.81640849968169,19.613003345441054,13.815214514147627
31151,2021,52452.0,1048326.0,58011.0,12.8,18.2,25.075732369904937,2.7,36.7,8.747062321261716,6674.0,322132020.0,48267.0,,405.0,2.4,7259.0,0,,0,0.0,0,31,3.2219005405961516,8.889997357284841,8.80597465931132,19.59047201948165,13.862705164193576
31151,2022,51818.0,973452.0,71104.0,11.3,21.9,24.8666953511909,2.1,38.6,8.508573361434184,6576.0,339420580.0,51617.0,1.0,406.0,2.4,7211.0,0,,0,0.0,0,31,3.213529372074086,8.88336291691676,8.791181936736017,19.642750545343294,13.788603795953202
31153,2012,42831.0,6977303.0,69269.0,6.6,35.8,669.5183976547768,5.2,33.0,10.115205338113888,61731.0,2412433133.0,39080.0,121.0,3352.0,3.8,87890.0,1,2019.0,0,0.0,0,31,6.506558644447135,11.38384131155869,11.03054151483554,21.603901673902104,15.758173010386013
31153,2013,43239.0,7023250.0,69965.0,6.6,36.2,683.4410607263304,5.5,33.2,10.683968495675966,63564.0,2526286601.0,39744.0,133.0,3512.0,3.5,88979.0,1,2019.0,0,0.0,0,31,6.527140420882324,11.396155665816323,11.059802551332528,21.650016314850284,15.764736631830669
31153,2014,44207.0,7292050.0,70121.0,6.8,36.6,696.9941327419876,5.1,33.5,10.67598623852567,65154.0,2659295865.0,40816.0,153.0,3690.0,3.1,89873.0,1,2019.0,0,0.0,0,31,6.546776992851331,11.406152841646398,11.084508977444955,21.701327212291492,15.802295271586585
31153,2015,46291.0,7662136.0,70543.0,6.4,36.7,710.5892037412694,4.4,33.7,11.072028139739388,67853.0,2878684793.0,42426.0,120.0,3791.0,2.8,91004.0,1,2019.0,0,0.0,0,31,6.566094490312587,11.418658740576905,11.125098879466098,21.780599357691955,15.851801354019946
31153,2016,46947.0,8003086.0,72269.0,6.2,38.4,724.3144715897876,3.7,33.9,11.470143958923083,69149.0,3013110550.0,43574.0,134.0,3881.0,2.9,92568.0,1,2019.0,0,0.0,0,31,6.585225651106317,11.435698788556174,11.144018875672359,21.82623878742712,15.895337775261707
31153,2017,48042.0,8360537.0,75752.0,5.3,39.5,735.7717943225774,3.3,34.2,11.487896362383657,70382.0,3162039793.0,44927.0,210.0,3958.0,2.8,94047.0,1,2019.0,0,0.0,0,31,6.600920008587981,11.451549936293793,11.161692827635783,21.87448316041099,15.939033217447701
31153,2018,50199.0,8825941.0,79549.0,5.4,40.1,749.0560728430372,3.0,34.4,11.208931638540664,71440.0,3354432284.0,46955.0,180.0,4030.0,2.8,96163.0,1,2019.0,0,0.0,0,31,6.618813844323941,11.473799947285714,11.17661321555038,21.93354837814847,15.993205783994362
31153,2019,51758.0,8995632.0,82032.0,5.9,39.8,761.1559800252834,2.9,34.6,11.30044625701496,73183.0,3567056624.0,48742.0,13.0,4122.0,2.9,98632.0,1,2019.0,1,0.0,0,31,6.634838304040495,11.499151031548388,11.200718432540258,21.99500661760143,16.012249684154817
31153,2020,54590.0,9233990.0,83051.0,5.6,40.5,772.5965031646234,3.2,34.8,11.396312504844524,71092.0,3731260785.0,52485.0,142.0,4166.0,4.1,97950.0,1,2019.0,1,1.0,0,31,6.6497569241601,11.492212423372687,11.171730091879882,22.04001202555327,16.038401799094185
31153,2021,60133.0,9936450.0,88408.0,5.6,41.1,791.5296449825914,2.8,35.1,11.384587862037744,72081.0,3988871373.0,55339.0,172.0,4424.0,2.5,98031.0,1,2019.0,1,2.0,0,31,6.673967332798567,11.493039034162633,11.185545765659901,22.106774163924868,16.111720371984916
31153,2022,62831.0,9704285.0,95911.0,5.5,41.2,803.322959584378,2.6,35.3,11.679793386583285,73628.0,4138512058.0,56209.0,112.0,4559.0,2.1,98999.0,1,2019.0,1,3.0,0,31,6.688756824352771,11.502865028055611,11.206780667152612,22.143602153901526,16.088078098506987
31155,2012,41897.0,604231.0,58785.0,8.3,23.9,27.63416509998291,3.2,41.9,10.114464875948862,4846.0,146759079.0,30287.0,,584.0,4.1,11167.0,0,,0,0.0,0,31,3.3190528731401487,9.320718279445792,8.48590890137647,18.804302881879742,13.311711854132591
31155,2013,44171.0,626337.0,59870.0,8.0,24.4,27.773030251239103,3.5,41.8,10.670012960454027,4924.0,152914392.0,31056.0,,595.0,3.9,11139.0,0,,0,0.0,0,31,3.3240654149636932,9.318207742845189,8.501876487304344,18.845388793349947,13.347643843888111
31155,2014,43767.0,607279.0,60487.0,8.5,24.5,27.86249145445223,3.6,41.3,10.662879316785304,5119.0,165169112.0,32269.0,,602.0,3.5,11025.0,0,,0,0.0,0,31,3.3272813920076687,9.307920700315046,8.540714386457584,18.922480428203837,13.316743602002427
31155,2015,46324.0,658659.0,60854.0,9.7,24.6,27.923912579046316,3.5,41.4,11.05888759784437,5313.0,178966905.0,33685.0,,595.0,3.1,10970.0,0,,0,0.0,0,31,3.3294834034287923,9.302919553269277,8.577911926450943,19.00271145844293,13.397961228877985
31155,2016,46832.0,669772.0,64475.0,9.2,26.1,27.96797555973338,2.9,41.1,11.451516000170926,5336.0,184246096.0,34527.0,,605.0,3.1,10935.0,0,,0,0.0,0,31,3.3310601256073746,9.299723933110869,8.58223158759546,19.031782900206796,13.414692634945009
31155,2017,48350.0,668279.0,65015.0,9.0,26.5,27.977322252606392,2.2,41.0,11.470060147004894,5339.0,190793550.0,35736.0,,608.0,2.8,10937.0,0,,0,0.0,0,31,3.331394262463392,9.299906815335225,8.582793648500186,19.06670251137561,13.412461029991832
31155,2018,50100.0,720924.0,66718.0,8.4,25.4,28.072124423175527,2.4,40.8,11.192531555676624,5412.0,198207076.0,36623.0,,614.0,2.8,11144.0,0,,0,0.0,0,31,3.334777070558621,9.318656515459642,8.59637398929068,19.10482288053469,13.488289001557199
31155,2019,53272.0,716242.0,68682.0,8.1,25.4,28.26039352247479,2.3,41.2,11.279182393289096,5502.0,212010563.0,38531.0,,620.0,2.8,11393.0,0,,0,0.0,0,31,3.3414613022293076,9.340754410698116,8.61286694148452,19.172146656866737,13.481773377664242
31155,2020,56872.0,740758.0,70414.0,6.2,27.7,28.51542471372415,2.0,41.1,11.396312504844524,5376.0,220863142.0,41081.0,,623.0,3.7,11388.0,0,,0,0.0,0,31,3.350445158894361,9.340315448397929,8.589699882202986,19.213053800688716,13.515429265242496
31155,2021,64849.0,818415.0,76485.0,6.6,29.1,29.386002392753376,2.4,40.6,11.384587862037744,5504.0,233117187.0,42354.0,,648.0,2.3,11425.0,0,,0,0.0,0,31,3.3805184518786944,9.343559215762406,8.61323037961318,19.267051833591626,13.615124821897338
31155,2022,66647.0,768257.0,84474.0,6.7,29.1,29.874700905828064,2.4,40.4,11.679793386583285,5624.0,258761106.0,46010.0,,657.0,1.9,11493.0,0,,0,0.0,0,31,3.3970119986811596,9.349493433368758,8.6347984334905,19.371415823361872,13.551879591568532
31157,2012,38255.0,1619764.0,43113.0,15.1,20.4,49.80340937361414,6.5,38.7,12.279908424855495,17013.0,591142350.0,34748.0,,1490.0,4.6,19192.0,0,,0,0.0,0,31,3.908083443004791,9.862248804519531,9.741733036682138,20.197567409311713,14.297791017584004
31157,2013,38835.0,1578708.0,43444.0,13.7,20.0,49.86830861753794,6.3,38.9,12.473289915812448,16946.0,586390991.0,34604.0,,1529.0,4.1,19093.0,0,,0,0.0,0,31,3.909385703152476,9.857077054713464,9.73778709675841,20.189497345185412,14.272117348967548
31157,2014,40869.0,1682966.0,46443.0,13.8,21.2,49.81557798184985,5.9,38.6,12.443983494014784,16761.0,602428016.0,35942.0,,1543.0,3.6,18764.0,0,,0,0.0,0,31,3.9083277459960035,9.839695419448349,9.726810038127258,20.216478740672645,14.336068270948678
31157,2015,42416.0,1724260.0,45992.0,13.7,21.5,49.59924716877049,5.5,38.8,11.063108264565573,16903.0,618529283.0,36592.0,,1528.0,3.4,18734.0,0,,0,0.0,0,31,3.903975655566712,9.838095333769076,9.735246399950178,20.242855093866044,14.360308530899744
31157,2016,42025.0,1829668.0,46632.0,13.5,21.4,49.48432142432208,5.3,39.6,11.068424301276888,17199.0,647874367.0,37669.0,,1544.0,3.5,18951.0,0,,0,0.0,0,31,3.9016558804996997,9.84961197956681,9.752606521576492,20.289207357433344,14.419645087593839
31157,2017,41924.0,1736915.0,47975.0,13.2,22.1,49.36263534196494,5.2,39.5,11.122015683375496,16726.0,635539943.0,37998.0,,1519.0,3.5,18557.0,0,,0,0.0,0,31,3.899193768406222,9.828602355344339,9.724719673941472,20.269985499490378,14.36762110908058
31157,2018,43396.0,1740591.0,50157.0,13.4,22.4,49.01921017620145,5.1,39.5,10.814866955052413,16623.0,649429459.0,39068.0,,1456.0,3.3,18626.0,0,,0,0.0,0,31,3.89221226569357,9.832313733081604,9.718542557535459,20.291604780016513,14.369735268693365
31157,2019,45638.0,1725304.0,49745.0,13.6,22.9,48.774485943905425,5.1,39.5,10.94989185529182,16287.0,646152363.0,39674.0,,1416.0,3.8,18505.0,0,,0,0.0,0,31,3.8872073471180215,9.825796244820257,9.698122522573561,20.286545889974366,14.36091382480464
31157,2020,49526.0,1719882.0,53433.0,13.0,23.1,48.51759310337368,4.5,39.1,10.362184555282871,15771.0,656731942.0,41641.0,,1342.0,4.2,18289.0,0,,0,0.0,0,31,3.881926476567051,9.814055065204576,9.665928089487558,20.302786490148858,14.357766241785066
31157,2021,52422.0,1721643.0,56588.0,12.0,25.0,48.984056419076055,3.5,38.8,10.39616467361228,15759.0,679690930.0,43131.0,,1388.0,2.9,18092.0,0,,0,0.0,0,31,3.891494865960799,9.803225130597733,9.665166909622071,20.337148738105427,14.358789625403487
31157,2022,53047.0,1694937.0,60137.0,12.5,25.2,48.739332186780025,3.5,39.2,10.272466555458914,15779.0,719296103.0,45587.0,,1364.0,2.4,17973.0,0,,0,0.0,0,31,3.8864863465599027,9.796625910752034,9.66643522103567,20.393783657055636,14.343156129964342
31159,2012,43599.0,710175.0,60676.0,6.8,26.8,29.275676810807976,3.8,38.3,10.277413861702891,6179.0,218571661.0,35374.0,,500.0,3.4,8939.0,0,,0,0.0,0,31,3.3767570282876913,9.098179005087852,8.72891172506098,19.20262448669357,13.473266697519811
31159,2013,44326.0,739883.0,59435.0,8.8,26.1,29.441926395184016,4.5,38.7,10.066372334116028,6355.0,225958917.0,35554.0,,514.0,3.6,8992.0,0,,0,0.0,0,31,3.3824197263389464,9.104090572133472,8.756997183623554,19.235863757526154,13.51424734457184
31159,2014,44614.0,724079.0,59503.0,9.0,26.8,29.64317589206027,4.3,38.5,12.013331474527847,6285.0,232555318.0,37000.0,,524.0,3.1,8851.0,0,,0,0.0,0,31,3.3892319435427924,9.088285725968877,8.745921121024347,19.264638681573295,13.492655781437232
31159,2015,45619.0,745648.0,59662.0,9.4,26.1,29.746425633935917,3.5,38.2,10.676801931279517,6226.0,233354999.0,37481.0,,535.0,2.9,8731.0,0,,0,0.0,0,31,3.392708978014982,9.074635189810808,8.736489351001554,19.26807145288615,13.522008917963769
31159,2016,45377.0,698870.0,61563.0,9.0,27.2,29.947675130812176,3.5,38.1,10.767337971783569,6243.0,239636423.0,38388.0,,546.0,2.9,8802.0,0,,0,0.0,0,31,3.3994516965338626,9.082734247371036,8.739216115061744,19.294633428512096,13.45722002394814
31159,2017,46703.0,739019.0,63095.0,9.2,28.1,29.82867542831143,2.5,38.3,10.589238298217996,6253.0,248462699.0,39735.0,,542.0,2.7,8695.0,0,,0,0.0,0,31,3.395470193528414,9.070503426788383,8.740816627567298,19.330803287606365,13.513078910019317
31159,2018,48461.0,790108.0,67591.0,7.5,29.2,29.97217506956233,2.1,37.9,10.230875447868382,6164.0,257141384.0,41715.0,,523.0,2.7,8909.0,0,,0,0.0,0,31,3.4002694535887796,9.094817280720644,8.726481196440007,19.365136623887917,13.579924923960158
31159,2019,50772.0,741619.0,70389.0,6.5,28.9,30.04917487706281,1.9,38.0,10.23341285830382,6083.0,257369496.0,42308.0,,519.0,3.0,8999.0,0,,0,0.0,0,31,3.4028352022702135,9.104868739033948,8.713253274320705,19.366023337945144,13.516590913186063
31159,2020,54758.0,724114.0,71111.0,7.2,30.7,30.129674675813312,2.4,37.8,10.13528678300857,5678.0,254780192.0,44869.0,,518.0,4.1,8852.0,0,,0,0.0,0,31,3.405510555732883,9.08839870117094,8.644354337032917,19.355911739236966,13.492704117536091
31159,2021,61192.0,781359.0,73892.0,7.1,30.5,30.808672978317556,2.6,37.5,10.106815369349718,5705.0,262823623.0,46066.0,,539.0,2.6,8809.0,0,,0,0.0,0,31,3.4277962405455638,9.083529205109796,8.649098262296176,19.38699373018482,13.568789990300738
31159,2022,63143.0,777312.0,79677.0,6.8,31.0,30.876922807692985,2.2,37.5,9.96692609528898,5833.0,289440273.0,49618.0,,537.0,2.0,8874.0,0,,0,0.0,0,31,3.430009070181241,9.090880931938855,8.671286726753637,19.48345952281148,13.56359709315395
31161,2012,42279.0,191519.0,37813.0,17.3,20.3,2.225422336570547,4.3,46.6,12.3231949818265,1707.0,43197505.0,25310.0,,256.0,3.5,2801.0,0,,0,0.0,0,31,0.7999467117947796,7.937731775260109,7.442492722794441,17.581293296916847,12.162742299391368
31161,2013,43743.0,193073.0,38548.0,16.0,22.6,2.208215462834177,3.3,46.5,12.512798532143435,1711.0,44707644.0,26127.0,,266.0,3.2,2792.0,0,,0,0.0,0,31,0.7921847064592903,7.934513463882263,7.444833273892193,17.615655051675226,12.170823634714901
31161,2014,48907.0,227798.0,40489.0,17.2,24.1,2.188550464278325,2.2,46.0,12.36308339808884,1758.0,48266127.0,27449.0,,268.0,2.6,2782.0,0,,0,0.0,0,31,0.7832394362261536,7.930925372483388,7.471932078245122,17.692240568246046,12.336214550325423
31161,2015,47717.0,230805.0,41985.0,16.5,24.5,2.1688854657224734,1.4,46.1,10.819242505020751,1737.0,48814273.0,28104.0,,271.0,2.7,2741.0,0,,0,0.0,0,31,0.7742134253432941,7.916078096302786,7.459914766241105,17.703533307567778,12.349328477159588
31161,2016,43901.0,243622.0,42802.0,16.8,25.1,2.1545464042754983,2.1,45.9,10.943629116495185,1757.0,50251018.0,28609.0,,279.0,2.8,2753.0,0,,0,0.0,0,31,0.7675802161455917,7.920446505142607,7.471363088187097,17.73254136340472,12.40337312272686
31161,2017,44445.0,224071.0,41209.0,15.8,25.8,2.147172029817054,1.5,46.1,10.919451989445903,1754.0,51251030.0,29217.0,,271.0,2.7,2739.0,0,,0,0.0,0,31,0.7641516413584138,7.915348169263078,7.469654172932128,17.752246273341814,12.319718244900324
31161,2018,45670.0,223767.0,41719.0,18.0,23.6,2.144304217527659,2.4,45.9,10.59659588203109,1744.0,54207422.0,31087.0,,261.0,2.6,2710.0,0,,0,0.0,0,31,0.7628151256463387,7.904703913873747,7.463936604468925,17.808328394304194,12.318360610904577
31161,2019,49538.0,274428.0,45371.0,17.1,22.8,2.143075155117918,1.7,46.7,10.641019157933728,1696.0,56338299.0,33210.0,,255.0,2.8,2712.0,0,,0,0.0,0,31,0.7622417859268585,7.905441649060286,7.4360278163518485,17.84688512826343,12.522444210444384
31161,2020,56819.0,312168.0,45543.0,19.0,20.4,2.136520155599301,1.6,46.3,10.362184555282871,1683.0,59803892.0,35538.0,,249.0,2.4,2735.0,0,,0,0.0,0,31,0.7591784099911203,7.913886714856082,7.428333194190806,17.906581300415056,12.651296783411686
31161,2021,65184.0,340909.0,47901.0,12.9,20.1,2.1098904700549186,1.6,45.9,10.39616467361228,1694.0,62641763.0,36979.0,,255.0,1.9,2746.0,0,,0,0.0,0,31,0.7466360362140294,7.917900586327916,7.434847875211999,17.95294275420606,12.739370858481522
31161,2022,63884.0,282479.0,53609.0,10.8,21.7,2.0902254714990667,2.2,45.8,10.272466555458914,1709.0,64593985.0,37800.0,,246.0,1.9,2781.0,0,,0,0.0,0,31,0.7372719412580041,7.930565854233965,7.443663683115591,17.98363185296258,12.551359490522369
31163,2012,41930.0,112108.0,43000.0,10.3,14.1,5.536773685038341,3.5,48.6,10.552391320392154,809.0,20191074.0,24953.0,,116.0,3.7,1747.0,0,,0,0.0,0,31,1.711411963795879,7.465655310134056,6.695798917058491,16.82075118352505,11.627217971366711
31163,2013,47152.0,120916.0,41835.0,13.5,17.7,5.5297047112942765,3.0,48.6,10.7674969618322,790.0,19897728.0,25187.0,,116.0,3.3,1735.0,0,,0,0.0,0,31,1.7101344165125694,7.45876269238096,6.672032945461067,16.80611611232246,11.702851368624119
31163,2014,47284.0,118276.0,46301.0,11.9,14.5,5.5137995203701315,3.5,49.2,12.131079186125625,807.0,21130101.0,26192.0,,117.0,3.3,1728.0,0,,0,0.0,0,31,1.707253953647215,7.454719949364001,6.693323668269949,16.86620916951456,11.680776155335726
31163,2015,46917.0,122594.0,46366.0,13.5,14.7,5.490825355701923,3.1,49.5,10.758884603261029,805.0,22321657.0,27735.0,,114.0,2.9,1715.0,0,,0,0.0,0,31,1.7030785822367347,7.44716835960004,6.690842277418564,16.921067931073107,11.716633361645556
31163,2016,42780.0,113203.0,46299.0,13.3,15.9,5.46078221728965,2.2,49.7,10.887213373164329,817.0,23743949.0,29071.0,,117.0,3.2,1726.0,0,,0,0.0,0,31,1.6975920427354785,7.453561871643373,6.705639094860003,16.982838277035885,11.636937946166839
31163,2017,39567.0,96506.0,48704.0,10.7,18.3,5.386557992976975,1.7,49.3,10.895936128749524,791.0,23552194.0,29763.0,,115.0,2.9,1709.0,0,,0,0.0,0,31,1.683906589650224,7.443663683115591,6.673297967767654,16.974729537569207,11.477360461560023
31163,2018,40872.0,93619.0,51172.0,11.4,18.2,5.375954532360879,1.8,49.9,10.601968493350189,812.0,24357474.0,30006.0,,114.0,2.7,1714.0,0,,0,0.0,0,31,1.6819361456629254,7.446585099157725,6.699500340161678,17.008349300848035,11.446988633318698
31163,2019,45128.0,103825.0,50781.0,12.4,20.2,5.360049341436734,3.1,49.7,10.634858051374238,777.0,23731901.0,30536.0,,116.0,3.3,1698.0,0,,0,0.0,0,31,1.6789731805322683,7.437206366871292,6.655440350367647,16.982330734769295,11.550462068498954
31163,2020,49598.0,106340.0,53158.0,10.1,21.6,5.328238959588445,3.3,51.1,10.496405508107712,737.0,24137842.0,32763.0,,111.0,3.2,1679.0,0,,0,0.0,0,31,1.6730207820049732,7.425953657077541,6.602587892189336,16.999291374442972,11.57439678705833
31163,2021,60941.0,127652.0,57579.0,9.2,20.5,5.276988899943979,3.4,49.6,10.55693666885178,753.0,24969322.0,33178.0,,115.0,2.2,1687.0,0,,0,0.0,0,31,1.663355650942823,7.430707082545968,6.6240652277998935,17.03315850930422,11.757063090388645
31163,2022,56897.0,106675.0,60194.0,10.9,18.9,5.248713004967722,4.2,49.1,10.446946604479876,705.0,25392583.0,36031.0,,110.0,2.1,1654.0,0,,0,0.0,0,31,1.6579829046404326,7.4109518755836366,6.558197802812269,17.049967681472147,11.577542108056202
31165,2012,48824.0,49933.0,43558.0,9.2,26.1,0.6106288121963186,3.7,47.5,13.172132465650154,160.0,4111563.0,25671.0,,30.0,3.5,840.0,0,,0,0.0,0,31,-0.4932660130990409,6.733401891837359,5.075173815233827,15.229313806150556,10.818437385807442
31165,2013,54861.0,54127.0,42014.0,9.3,27.0,0.5946614977728015,1.4,49.9,12.50605666243867,157.0,4309229.0,27447.0,,29.0,3.2,803.0,0,,0,0.0,0,31,-0.5197629466341646,6.688354713946762,5.056245805348308,15.27626955976696,10.899088416123256
31165,2014,71363.0,79850.0,40625.0,10.9,25.1,0.618854398414494,1.6,49.5,12.390195226595626,159.0,4554608.0,28675.0,,32.0,2.5,807.0,0,,0,0.0,0,31,-0.4798852546213568,6.693323668269949,5.0689042022202315,15.331650025697362,11.287905153643159
31165,2015,70217.0,99747.0,41215.0,12.5,26.6,0.6043386580294785,1.3,48.1,10.985661347240471,153.0,4667813.0,30559.0,,29.0,2.5,791.0,0,,0,0.0,0,31,-0.5036205460746217,6.673297967767654,5.030437921392435,15.356201211603299,11.510392259111873
31165,2016,62359.0,109682.0,46667.0,11.0,29.1,0.6164351083503248,0.0,47.4,11.08208934406623,157.0,4994827.0,31814.0,,30.0,2.7,788.0,0,,0,0.0,0,31,-0.4838022200680907,6.669498089857879,5.056245805348308,15.423913334830363,11.605340548935004
31165,2017,52241.0,86185.0,45375.0,12.4,26.6,0.6077256641193155,0.0,51.6,11.060879383109324,154.0,5108751.0,33120.0,,30.0,3.0,762.0,0,,0,0.0,0,31,-0.49803170917205536,6.635946555686647,5.0369526024136295,15.446465509603204,11.364251427588492
31165,2018,54399.0,84533.0,46875.0,10.7,26.6,0.612564244247654,1.1,47.0,10.74965846540787,153.0,5043477.0,33036.0,,26.0,2.7,750.0,0,,0,0.0,0,31,-0.49010145349607787,6.620073206530356,5.030437921392435,15.433606283141458,11.344897269651659
31165,2019,60092.0,73309.0,48269.0,8.5,30.6,0.589822917644463,1.7,44.1,10.856010012819258,151.0,5176805.0,34246.0,,25.0,2.8,752.0,0,,0,0.0,0,31,-0.5279329267189278,6.62273632394984,5.017279836814924,15.459698628572355,11.202438663420736
31165,2020,67544.0,67758.0,47422.0,8.1,26.7,0.6280477006583371,2.6,35.4,10.362184555282871,158.0,5562066.0,35129.0,,26.0,2.2,767.0,0,,0,0.0,0,31,-0.4651391589361641,6.642486801367256,5.062595033026967,15.53148017994081,11.123697812951725
31165,2021,76131.0,67293.0,46769.0,10.2,25.5,0.5230505118733917,3.1,44.1,10.39616467361228,171.0,6175666.0,36115.0,,27.0,1.8,766.0,0,,0,0.0,0,31,-0.6480772385609912,6.641182169740591,5.14166355650266,15.636127288913476,11.116811498336135
31165,2022,72670.0,58379.0,50833.0,17.4,24.9,0.5622430109129336,3.9,41.3,10.272466555458914,182.0,6618947.0,36468.0,,28.0,1.8,768.0,0,,0,0.0,0,31,-0.5758211187883427,6.643789733147672,5.204006687076795,15.70544685181715,10.97471151510758
31167,2012,37113.0,236337.0,50962.0,9.3,15.6,14.356606985837496,3.6,39.0,9.94702352871795,1449.0,70550169.0,48678.0,,120.0,3.4,3667.0,0,,0,0.0,0,31,2.664210253377718,8.207129168071326,7.278628942320682,18.07183463172444,12.373014031535392
31167,2013,37665.0,230159.0,51493.0,8.5,17.7,14.377654300200184,3.7,39.5,9.725908155238224,1467.0,71438250.0,48697.0,,119.0,3.3,3681.0,0,,0,0.0,0,31,2.665675216608708,8.210939733379021,7.2909747781429814,18.084343998151855,12.346525653412376
31167,2014,36085.0,227925.0,53532.0,10.3,19.4,14.293465042749434,2.6,39.3,9.763823374481037,1359.0,75479737.0,55524.0,,118.0,2.8,3578.0,0,,0,0.0,0,31,2.659802442796578,8.182559264068665,7.214504414151143,18.139374794091832,12.336771906453103
31167,2015,41620.0,246845.0,53416.0,11.6,18.3,14.2209687377224,2.6,38.8,10.108310208778748,1339.0,70697526.0,52818.0,,116.0,2.5,3518.0,0,,0,0.0,0,31,2.654717547070331,8.165647925297504,7.199678345691172,18.07392113732667,12.41651588826615
31167,2016,40734.0,257298.0,58553.0,9.5,19.2,14.08299189912256,3.3,41.1,10.204971502919491,1285.0,71552862.0,55698.0,,114.0,2.6,3460.0,0,,0,0.0,0,31,2.6449678209919005,8.14902386805177,7.158513997329321,18.085947063166756,12.457990225212031
31167,2017,40544.0,229663.0,57534.0,9.5,17.6,14.078314718153075,3.1,41.0,10.198254078857362,1334.0,79968997.0,59958.0,,110.0,2.8,3509.0,0,,0,0.0,0,31,2.6446356502530883,8.163086375583216,7.195937226475569,18.197149580026093,12.344368296033332
31167,2018,43218.0,216429.0,62687.0,8.8,16.6,14.012834184580267,2.9,41.2,9.990465747579972,1332.0,88455489.0,66396.0,,107.0,2.6,3524.0,0,,0,0.0,0,31,2.6399736371472766,8.16735198705607,7.194436851100335,18.298010034304266,12.285017828066353
31167,2019,47058.0,288070.0,63986.0,6.2,17.8,13.930983517614264,1.7,42.1,9.900931516057156,1305.0,84389110.0,64654.0,,107.0,2.6,3556.0,0,,0,0.0,0,31,2.634115389578909,8.176391596633795,7.173958319756794,18.250948922805282,12.570958785140423
31167,2020,52920.0,304335.0,64808.0,6.2,19.8,13.90525902228209,2.3,41.3,9.782781988575035,1321.0,85704936.0,64871.0,,102.0,3.4,3559.0,0,,0,0.0,0,31,2.6322671155082644,8.177234885510194,7.186144304522325,18.26642097817545,12.62588434734526
31167,2021,62004.0,315849.0,70583.0,6.5,20.5,13.74389627883482,1.0,40.2,9.378948920228792,1359.0,95753963.0,70463.0,,107.0,2.2,3593.0,0,,0,0.0,0,31,2.620594818562872,8.186742787113518,7.214504414151143,18.37729257420247,12.663019530261996
31167,2022,60802.0,342515.0,76035.0,7.0,20.1,13.629305345082413,0.7,41.4,9.234240874153093,1336.0,103572299.0,77548.0,,106.0,1.9,3567.0,0,,0,0.0,0,31,2.612222279265317,8.17948018535889,7.197435354096591,18.45578046786625,12.744070731345856
31169,2012,54287.0,414293.0,43077.0,11.0,16.6,9.053566791621574,1.9,48.8,9.29244254922511,2413.0,84157407.0,34878.0,,252.0,3.0,3003.0,0,,0,0.0,0,31,2.2031588006878713,8.00736706798333,7.7886260656250315,18.24819949611781,12.93432873195365
31169,2013,58618.0,469855.0,44422.0,13.4,16.3,9.039624821586353,1.6,49.5,9.190759648360496,2480.0,89652683.0,36145.0,,254.0,2.7,3048.0,0,,0,0.0,0,31,2.201617671505944,8.022240916806537,7.8160138391590275,18.311453685063416,13.060179415448747
31169,2014,51118.0,378378.0,45213.0,13.7,17.8,9.05182404536717,1.4,48.9,9.200884890065806,2492.0,88942532.0,35688.0,,257.0,2.5,3034.0,0,,0,0.0,0,31,2.2029662893772373,8.017637159908478,7.820840879907344,18.30350101127214,12.843648974934808
31169,2015,53085.0,372277.0,45741.0,12.0,19.3,9.03091109031434,1.7,48.9,9.592142411183996,2459.0,86818604.0,35302.0,,257.0,2.4,2978.0,0,,0,0.0,0,31,2.200653258276599,7.999007213243955,7.807510042216193,18.279331488462034,12.827393479816548
31169,2016,50967.0,358415.0,45590.0,12.0,19.6,8.99779891148069,1.4,48.3,9.7494831358607,2411.0,85077830.0,35291.0,,256.0,2.4,2919.0,0,,0,0.0,0,31,2.196979982034193,7.978996370854115,7.787796878181171,18.259077042564368,12.789446811885686
31169,2017,49165.0,363027.0,48151.0,10.9,20.7,8.94551652384861,1.2,48.2,9.997349475804365,2388.0,86592207.0,36255.0,,258.0,2.3,2889.0,0,,0,0.0,0,31,2.191152459714847,7.968665700466235,7.778211474512493,18.276720381030803,12.80223249064621
31169,2018,49898.0,367286.0,50734.0,8.4,19.8,8.884520404944519,1.1,47.0,9.673465758823491,2399.0,89668936.0,37380.0,,258.0,2.3,2888.0,0,,0,0.0,0,31,2.1843104820906043,7.968319500012717,7.782807262839695,18.311634957127932,12.81389611509984
31169,2019,52719.0,372304.0,51821.0,9.7,18.8,8.813067808514012,1.6,46.5,9.721721405027248,2287.0,89192219.0,38997.0,,254.0,2.7,2819.0,0,,0,0.0,0,31,2.1762355982345265,7.9441374911141125,7.734996194022781,18.306304362803694,12.827466003826729
31169,2020,59832.0,356044.0,53234.0,10.5,20.9,8.713731272013064,1.7,46.8,9.034933740919906,2236.0,95794417.0,42842.0,,254.0,2.8,2790.0,0,,0,0.0,0,31,2.164900088570781,7.933796874815411,7.71244383427499,18.377714963581084,12.78280959770249
31169,2021,69471.0,404553.0,56111.0,9.2,22.7,8.806096823496402,2.7,46.2,8.747062321261716,2177.0,99392231.0,45647.0,,268.0,1.7,2696.0,0,,0,0.0,0,31,2.175444302446452,7.899524472032198,7.685703061234547,18.41458450961851,12.910538032855506
31169,2022,63642.0,384321.0,60305.0,9.7,22.5,8.724187749539478,3.2,45.9,8.508573361434184,2177.0,106989133.0,49155.0,,266.0,1.8,2706.0,0,,0,0.0,0,31,2.166099369146263,7.903226808730733,7.685703061234547,18.488237826520876,12.859233419868705
31171,2012,44263.0,23180.0,56429.0,7.3,20.0,1.166189759141819,1.7,38.9,10.765194455356642,250.0,6671707.0,26696.0,,36.0,3.8,426.0,0,,0,0.0,0,31,0.15374181837636477,6.054439346269371,5.521460917862246,15.713386307188328,10.051045116893743
31171,2013,44881.0,32856.0,55089.0,7.7,22.7,1.0300641193863962,1.8,48.4,10.845941870742994,266.0,7618020.0,28639.0,,37.0,3.8,453.0,0,,0,0.0,0,31,0.029621052135432167,6.115892125483034,5.583496308781699,15.846027051378227,10.399889655636395
31171,2014,62810.0,45429.0,52105.0,7.9,24.2,1.0483077618278445,0.5,44.5,10.932505251621151,250.0,7833543.0,31397.0,,38.0,3.5,428.0,0,,0,0.0,0,31,0.04717720865373374,6.059123195581797,5.521460917862246,15.873925456045523,10.723905946624765
31171,2015,62387.0,55341.0,51000.0,8.2,27.5,0.947266049844438,0.0,44.0,11.4856843093404,263.0,8110077.0,30827.0,,38.0,3.0,437.0,0,,0,0.0,0,31,-0.05417528560655354,6.07993319509559,5.572154032177765,15.908617920497818,10.921269323289689
31171,2016,55406.0,48011.0,54286.0,9.6,23.8,0.947266049844438,1.8,41.9,11.819199977877023,274.0,7779390.0,28383.0,,37.0,3.3,451.0,0,,0,0.0,0,31,-0.05417528560655354,6.111467339502679,5.6131281063880705,15.866988486910984,10.779185430302025
31171,2017,50159.0,33179.0,53173.0,12.4,29.0,0.9023586222962572,1.9,42.1,12.06880231504645,259.0,8277396.0,31949.0,,35.0,3.2,440.0,0,,0,0.0,0,31,-0.102743252241464,6.0867747269123065,5.556828061699537,15.929038984144603,10.409672424652523
31171,2018,56634.0,35155.0,50682.0,10.7,24.0,0.9051653365180184,1.7,41.1,12.289905000521976,264.0,8861342.0,33619.0,,36.0,2.9,442.0,0,,0,0.0,0,31,-0.09963765968331093,6.091309882077698,5.575949103146316,15.997208778379878,10.467522134633262
31171,2019,55876.0,32931.0,59432.0,8.4,24.7,0.9051653365180184,1.1,41.8,12.329886742517612,247.0,8788799.0,35630.0,,37.0,3.7,432.0,0,,0,0.0,0,31,-0.09963765968331093,6.068425588244111,5.5093883366279774,15.988988627789311,10.402169742355426
31173,2012,38863.0,352363.0,41961.0,25.8,14.8,17.597260051221593,14.9,28.6,10.317733213138707,2923.0,112002337.0,38320.0,,185.0,8.5,3135.0,0,,0,0.0,0,31,2.867743211017023,8.050384453067021,7.980365765111246,18.534030295113105,12.77241717320724
31173,2013,40535.0,352442.0,41400.0,26.9,15.8,17.569311760640677,14.2,28.6,10.247752267017,2922.0,112098325.0,38365.0,,194.0,7.5,3091.0,0,,0,0.0,0,31,2.8661537301535143,8.036249942132116,7.980023592310645,18.5348869459147,12.77264134868934
31173,2014,38190.0,347574.0,40494.0,30.6,15.6,17.617586080734988,15.3,28.6,11.974559890852024,2909.0,116046921.0,39892.0,,199.0,6.0,3021.0,0,,0,0.0,0,31,2.8688976122996244,8.013343181386672,7.975564658495202,18.569505158665365,12.758732870956715
31173,2015,39832.0,371406.0,41266.0,30.6,13.9,17.648075125005082,14.4,28.6,10.71249357538813,2893.0,125472779.0,43369.0,,198.0,5.3,2982.0,0,,0,0.0,0,31,2.8706267193586754,8.000349495324684,7.970049304976135,18.64759939261141,12.825051082859103
31173,2016,37050.0,368671.0,42979.0,31.5,15.9,17.75732753363958,15.3,28.4,10.83134705662546,2933.0,120381166.0,41050.0,,196.0,4.8,2995.0,0,,0,0.0,0,31,2.876798249531785,8.00469951054955,7.983781068977451,18.60617365003134,12.817659926395946
31173,2017,36070.0,372102.0,44701.0,30.5,16.0,17.925017277125086,15.4,28.1,10.791089522794897,2990.0,122789309.0,41061.0,,189.0,5.0,3042.0,0,,0,0.0,0,31,2.88619735034157,8.020270472819238,8.003028666384733,18.625980509626764,12.82692328921949
31173,2018,36971.0,378462.0,48149.0,28.3,16.7,18.140981340704908,15.0,27.8,10.471154862435544,2932.0,123359064.0,42077.0,,182.0,4.2,3013.0,0,,0,0.0,0,31,2.898173541388286,8.0106915391303,7.983440063006542,18.63060988020187,12.843870950518406
31173,2019,41662.0,392559.0,51034.0,25.5,16.4,18.245152241961055,13.3,27.5,10.511769453816347,3036.0,133964568.0,44127.0,,172.0,4.6,3089.0,0,,0,0.0,0,31,2.9038994141649734,8.035602692918582,8.01829613851552,18.71308590504016,12.880442123379249
31173,2020,48803.0,407252.0,55574.0,21.2,18.9,18.339160128460502,11.8,28.0,10.318125592134471,2955.0,147678041.0,49974.0,,173.0,5.2,3128.0,0,,0,0.0,0,31,2.9090386712573895,8.048149101665201,7.991253929840199,18.810545063462904,12.91718743744057
31173,2021,57635.0,433728.0,56223.0,20.5,18.9,17.292369608520673,11.3,27.5,10.269758294648694,3108.0,153167725.0,49287.0,,177.0,3.5,3197.0,0,,0,0.0,0,31,2.850265341115507,8.069968149059841,8.041734711487537,18.847044120752475,12.980172888495785
31173,2022,57161.0,430406.0,63459.0,19.0,19.8,17.06370177649498,10.0,28.1,10.168941076235209,3158.0,167450239.0,53031.0,,169.0,3.1,3237.0,0,,0,0.0,0,31,2.8369535042520875,8.082402253926244,8.057694194815587,18.9361967844952,12.97248422825299
31175,2012,41033.0,246337.0,44762.0,14.0,19.2,7.607654828625342,1.1,47.3,10.208572324916998,1757.0,50956454.0,29005.0,,228.0,3.4,2148.0,0,,0,0.0,0,31,2.0291549546851204,7.672292455628756,7.471363088187097,17.746481982819663,12.41445579613115
31175,2013,45856.0,281206.0,40445.0,15.2,17.8,7.491480553130369,0.9,47.3,10.447876496815937,1749.0,52228107.0,29863.0,,239.0,3.2,2136.0,0,,0,0.0,0,31,2.0137664486397693,7.666690200080086,7.466799475018602,17.771131356217474,12.546842775817614
31175,2014,49078.0,256224.0,42708.0,13.3,17.4,7.514363364970288,1.2,46.5,10.56827697616369,1762.0,54516704.0,30943.0,,243.0,3.0,2119.0,0,,0,0.0,0,31,2.0168163043762513,7.6586995582682995,7.474204806496124,17.814017708086194,12.45380734087236
31175,2015,51292.0,254423.0,44612.0,12.9,19.2,7.487960120539612,1.4,46.0,11.040592532449882,1747.0,56284084.0,32221.0,,243.0,2.8,2071.0,0,,0,0.0,0,31,2.0132964133784714,7.635786861395585,7.465655310134056,17.84592235332041,12.446753515166506
31175,2016,49477.0,292343.0,44657.0,12.8,20.6,7.463317092404315,1.8,46.1,11.426389349434068,1800.0,59402333.0,32995.0,,250.0,2.8,2104.0,0,,0,0.0,0,31,2.0099999658442926,7.651595573857601,7.495541943884256,17.899844059655862,12.5856830494143
31175,2017,45608.0,268988.0,50270.0,11.5,20.3,7.484439687948855,1.5,46.0,11.944763737938016,1825.0,61626692.0,33773.0,,251.0,2.7,2130.0,0,,0,0.0,0,31,2.0128261570801276,7.6638772587034705,7.509335266016592,17.93660564633966,12.502422047923508
31175,2018,47708.0,285552.0,55170.0,10.6,22.8,7.435153631678261,1.7,45.5,11.714865948273944,1786.0,63716935.0,35676.0,,244.0,3.0,2107.0,0,,0,0.0,0,31,2.0062192430043866,7.653020413804189,7.487733761436444,17.96996094078206,12.562179428095797
31175,2019,52095.0,299076.0,55324.0,9.4,24.2,7.403469738361451,1.1,46.2,11.747232425040709,1825.0,64967004.0,35590.0,,244.0,3.3,2158.0,0,,0,0.0,0,31,2.0019487738809345,7.67693714581808,7.509335266016592,17.98939006820256,12.608453000676414
31177,2012,48990.0,1449856.0,65803.0,6.3,29.0,51.80314752652215,2.6,41.0,10.14015223318013,8295.0,398566772.0,48047.0,,630.0,3.7,11206.0,0,,0,0.0,0,31,3.9474509104797106,9.32420462812523,9.023408202624545,19.803385600502,14.18697479912033
31177,2013,48705.0,1382659.0,65409.0,7.7,28.9,51.88777224155484,2.4,40.8,10.703052393322563,8341.0,422209127.0,50620.0,,649.0,3.6,11103.0,0,,0,0.0,0,31,3.9490831601310847,9.314970621054266,9.028938392241612,19.861011310861556,14.139519014807185
31177,2014,49102.0,1390527.0,68207.0,9.0,29.8,51.96470380067546,1.8,41.0,10.697182622433193,8105.0,395811558.0,48837.0,,642.0,3.2,11050.0,0,,0,0.0,0,31,3.9505647150467604,9.3101857069459,9.000236434169777,19.79644879232336,14.145193369943367
31177,2015,52121.0,1356837.0,65370.0,9.5,29.6,51.94675310354731,1.4,41.2,11.092444231018575,8171.0,428386729.0,52426.0,,633.0,3.0,10980.0,0,,0,0.0,0,31,3.950219215179055,9.30383071506352,9.008346579384707,19.875536918000147,14.120666813695124
31177,2016,51264.0,1378664.0,65565.0,9.2,30.6,52.15446831317299,1.5,41.2,11.490370606806875,8070.0,410587337.0,50880.0,,656.0,3.2,11169.0,0,,0,0.0,0,31,3.954209859716332,9.320897362540826,8.995908761263994,19.833099221839735,14.136625472264445
31177,2017,53145.0,1150646.0,66485.0,9.8,30.8,52.34936159627856,1.7,41.2,11.506515345107006,7867.0,399502418.0,50784.0,,665.0,3.1,11248.0,0,,0,0.0,0,31,3.957939742328693,9.327945614050446,8.970432074329242,19.805730375717992,13.955834081753503
31177,2018,54098.0,1275452.0,70753.0,8.1,30.3,51.84930646199453,2.4,41.4,11.22769845863559,7838.0,419938117.0,53576.0,,668.0,2.9,11243.0,0,,0,0.0,0,31,3.94834155873255,9.32750099174976,8.966738978759576,19.85561791790982,14.058811183554832
31177,2019,56645.0,1263847.0,71430.0,7.9,29.9,52.213449175165465,2.6,41.2,11.320203986066929,7721.0,395725028.0,51255.0,,663.0,3.0,11386.0,0,,0,0.0,0,31,3.955340108737117,9.340139809511028,8.951699168308815,19.79623015429228,14.049670802058689
31177,2020,60923.0,1274101.0,71505.0,7.4,32.1,52.6878604564093,2.5,40.9,11.396312504844524,7511.0,407564676.0,54264.0,,651.0,3.7,11271.0,0,,0,0.0,0,31,3.964385077141458,9.329988334242078,8.924123891686012,19.825710192161868,14.057751389836914
31177,2021,69139.0,1437017.0,83491.0,7.4,33.7,53.080211407924466,2.3,41.5,11.384587862037744,7700.0,437903194.0,56868.0,,689.0,2.4,11304.0,0,,0,0.0,0,31,3.97180419227304,9.332911924364364,8.948975607841776,19.897508425647743,14.178079995192995
31177,2022,69410.0,1381125.0,89671.0,8.0,34.3,53.55462268916829,2.0,41.6,11.679793386583285,7726.0,460241989.0,59569.0,,696.0,2.0,11412.0,0,,0,0.0,0,31,3.980702117895692,9.342420712333391,8.952346543226227,19.94726297216824,14.138408942415476
31179,2012,37092.0,381999.0,46612.0,15.9,33.8,21.543588400509353,6.6,29.4,9.590808646242104,4222.0,122670767.0,29058.0,,285.0,3.1,5717.0,0,,0,0.0,0,31,3.070078250263173,8.651199471263972,8.348064228408266,18.62501463353687,12.85317326978424
31179,2013,36751.0,372389.0,52147.0,15.0,33.1,21.44650452907549,6.5,29.9,9.34563860631454,4194.0,126391323.0,30136.0,,289.0,3.1,5671.0,0,,0,0.0,0,31,3.065561673077303,8.643120748014027,8.341410211461865,18.65489339016881,12.827694285817747
31179,2014,35574.0,341011.0,53808.0,14.9,36.4,21.42166912010404,4.5,29.6,9.4066188824896,4082.0,129879787.0,31817.0,,286.0,2.8,5571.0,0,,0,0.0,0,31,3.064402985424627,8.625329850020815,8.31434234336979,18.682119865222212,12.73967001380989
31179,2015,37531.0,352979.0,54159.0,13.6,37.8,21.279429959631173,3.0,30.1,9.877606751610442,4080.0,138476541.0,33939.0,,286.0,2.6,5563.0,0,,0,0.0,0,31,3.057740876503332,8.623892810075294,8.313852267398207,18.74621149018404,12.774163844060842
31179,2016,37393.0,356922.0,55141.0,12.1,36.3,21.25459455065972,2.3,30.7,10.043098836644358,4122.0,143422625.0,34792.0,,285.0,2.7,5656.0,0,,0,0.0,0,31,3.0565730861482083,8.640472207576408,8.324093761450404,18.781306249137835,12.78527254949497
31179,2017,40072.0,407665.0,58093.0,13.5,32.4,21.243305728399967,2.0,31.7,10.044718202243589,4170.0,148774548.0,35682.0,,286.0,2.4,5706.0,0,,0,0.0,0,31,3.0560418211938862,8.649273531773446,8.335671314792847,18.817942617345725,12.918201037685401
31179,2018,40945.0,407008.0,62623.0,14.2,34.5,21.14847962141806,1.9,31.8,10.02273257674372,4185.0,151899328.0,36298.0,,280.0,2.5,5759.0,0,,0,0.0,0,31,3.051568017396251,8.658519127506672,8.339261982923576,18.83872854359308,12.91658812025121
31179,2019,43124.0,428452.0,56456.0,12.2,32.4,21.0694578655998,2.5,32.0,9.94565087957128,4295.0,154497160.0,35973.0,,275.0,2.7,5841.0,0,,0,0.0,0,31,3.0478244973284414,8.67265729404031,8.365206834418355,18.855686272256104,12.967933992075633
31179,2020,46460.0,462199.0,58894.0,11.8,31.9,21.19589267490901,3.1,32.2,9.125281486065091,4216.0,156896259.0,37217.0,,281.0,2.8,5714.0,0,,0,0.0,0,31,3.0538074211580346,8.65067458279072,8.346642090221199,18.87109537420677,13.04375081325452
31179,2021,52500.0,518920.0,60971.0,12.8,33.4,21.651961094202964,2.6,32.2,8.545884875600532,4278.0,163386883.0,38191.0,,290.0,2.0,5718.0,0,,0,0.0,0,31,3.0750960320646046,8.651374372882257,8.361240889642351,18.91163146177014,13.159505007684949
31179,2022,53942.0,584462.0,64951.0,16.6,32.7,21.902572948369443,3.4,31.8,8.576892128515416,4137.0,171672947.0,41499.0,,288.0,2.0,5725.0,0,,0,0.0,0,31,3.086604116148404,8.65259782842244,8.327726166461412,18.961101753756726,13.278447044949354
31181,2012,41713.0,156760.0,39722.0,15.3,16.7,6.562732100335181,4.6,47.5,9.111915320182815,1027.0,27783477.0,27055.0,,135.0,3.6,1743.0,0,,0,0.0,0,31,1.8814069949624437,7.463363045520021,6.934397209928558,17.139952049445405,11.962471252313568
31181,2013,49159.0,182544.0,41045.0,15.5,17.2,6.543598770596595,5.1,47.6,9.376879015158709,1032.0,28433693.0,27545.0,,142.0,3.8,1741.0,0,,0,0.0,0,31,1.878487284859109,7.462214939768189,6.939253946041508,17.163085373186245,12.114746518836151
31181,2014,51324.0,195032.0,41107.0,12.6,18.5,6.49315635583123,4.7,47.6,9.105724783690883,1054.0,29690791.0,28170.0,,145.0,3.4,1730.0,0,,0,0.0,0,31,1.870748753912717,7.455876687491824,6.960347729101308,17.206347488352044,12.180918926646633
31181,2015,56993.0,250702.0,40256.0,12.8,19.8,6.430538185777674,4.7,47.5,9.314608186758417,1065.0,30326693.0,28478.0,,147.0,3.5,1732.0,0,,0,0.0,0,31,1.8610582339347652,7.4570320891223805,6.970730078143525,17.227538839760353,12.432020261777108
31181,2016,54608.0,268784.0,40313.0,10.4,20.8,6.374877590174513,3.0,47.6,9.940271599283257,1070.0,31390319.0,29339.0,,146.0,3.1,1722.0,0,,0,0.0,0,31,1.852364889318885,7.451241684987676,6.975413927455952,17.262010091238622,12.501663362049996
31181,2017,43408.0,174877.0,43831.0,11.3,22.8,6.256598824517797,2.1,46.1,10.387796498788164,1045.0,31616445.0,30253.0,,139.0,3.0,1678.0,0,,0,0.0,0,31,1.8336367186937572,7.425357887027151,6.951772164398911,17.2691879545825,12.071838148642913
31181,2018,44524.0,191149.0,42298.0,11.0,22.6,6.2113745905902285,2.4,45.2,9.554268653595717,1043.0,33067827.0,31712.0,,134.0,2.9,1667.0,0,,0,0.0,0,31,1.8263822225925817,7.418780882750794,6.949856455000773,17.314071373697132,12.160808507617283
31181,2019,52139.0,214976.0,46188.0,10.8,23.0,6.15223520776187,2.1,45.1,9.59942657291167,1048.0,34908719.0,33323.0,,130.0,3.5,1693.0,0,,0,0.0,0,31,1.8168154642036138,7.4342573821331355,6.954638864880987,17.368247184051047,12.278281672971964
31181,2020,57155.0,212112.0,51684.0,7.9,22.4,6.082659463257919,1.9,45.7,9.48428326661199,1006.0,36804571.0,36603.0,,128.0,3.7,1663.0,0,,0,0.0,0,31,1.8054420120615091,7.416378479192928,6.913737350659685,17.421132607382013,12.26486971603863
31181,2021,58756.0,244352.0,56786.0,8.6,19.6,5.986992814564986,2.6,45.1,9.342180347466064,1016.0,37987481.0,37386.0,,134.0,2.1,1652.0,0,,0,0.0,0,31,1.789589251769618,7.409741954080923,6.923628628138427,17.45276721604253,12.406365087645364
31181,2022,57695.0,258688.0,62571.0,7.9,21.5,5.931332218961826,1.8,44.6,9.166992210856964,1024.0,40437057.0,39493.0,,136.0,2.3,1673.0,0,,0,0.0,0,31,1.7802488452756957,7.422373700986824,6.931471805599453,17.515257174987642,12.463377981323239
31183,2012,64787.0,67627.0,39602.0,15.3,22.2,1.260468407445978,2.4,47.3,10.5054029415134,304.0,10748486.0,35376.0,,37.0,3.3,521.0,0,,0,0.0,0,31,0.23148340382200663,6.255750041753367,5.717027701406222,16.190275465410153,11.121762590572823
31183,2013,81736.0,77394.0,38807.0,16.0,17.5,1.510823511821455,2.3,44.2,10.487247787113905,310.0,10055717.0,32455.0,,39.0,3.2,524.0,0,,0,0.0,0,31,0.4126548742327239,6.261491684321042,5.736572297479192,16.12365188645367,11.256664537193192
31183,2014,106072.0,109558.0,44107.0,13.1,18.6,1.474313392433365,3.1,48.3,10.487579663459778,317.0,10850925.0,34203.0,,41.0,2.9,559.0,0,,0,0.0,0,31,0.3881923847592351,6.326149473155099,5.75890177387728,16.199760887773095,11.60420936837286
31183,2015,114595.0,141443.0,46394.0,7.2,18.4,1.472574815319646,2.9,47.8,10.879229414899427,322.0,10748669.0,33381.0,,41.0,2.3,564.0,0,,0,0.0,0,31,0.3870124436193863,6.335054251498059,5.7745515455444085,16.19029249091888,11.859652088053773
31183,2016,95435.0,164926.0,47452.0,5.1,16.6,1.3995545765434654,0.6,50.0,10.941802755965828,317.0,10669943.0,33712.0,,41.0,2.1,569.0,0,,0,0.0,0,31,0.3361540263858953,6.343880434126331,5.75890177387728,16.182941281183066,12.013252167434823
31183,2017,59480.0,95268.0,49706.0,2.6,19.1,1.4708362382059277,0.4,50.2,10.975319246461012,317.0,10650885.0,33608.0,,41.0,2.2,589.0,0,,0,0.0,0,31,0.3858311085735553,6.3784261836515865,5.75890177387728,16.18115354525876,11.464449251513114
31183,2018,55330.0,97542.0,52083.0,9.2,17.3,1.4291103874766813,0.4,49.8,10.471995589282272,306.0,10610979.0,34686.0,,41.0,2.4,580.0,0,,0,0.0,0,31,0.3570521440235118,6.363028103540465,5.723585101952381,16.177399777775452,11.48803833346228
31183,2019,76462.0,107420.0,51591.0,13.2,19.4,1.3613058800416564,0.0,49.4,10.678237044450462,302.0,10861925.0,35937.0,,40.0,2.8,575.0,0,,0,0.0,0,31,0.3084444449581351,6.354370040797351,5.71042701737487,16.200774112747343,11.58450166345945
31183,2020,73818.0,78484.0,48438.0,12.6,25.1,1.1978796313521087,0.0,58.9,10.12714136113648,294.0,11390922.0,38745.0,,39.0,1.9,569.0,0,,0,0.0,0,31,0.1805530199809904,6.343880434126331,5.683579767338681,16.24832728034741,11.270650061339992
31183,2021,66531.0,75536.0,51875.0,12.5,25.8,1.277854178583164,0.0,57.8,10.097475531696878,293.0,11148931.0,38019.0,,41.0,1.3,554.0,0,,0,0.0,0,31,0.24518224818016868,6.317164686747284,5.680172609017068,16.226854176834692,11.232364642786068
31183,2022,58235.0,55342.0,59167.0,10.2,24.7,1.3404429546770331,1.4,57.8,9.865902064484285,286.0,11805586.0,41218.0,,39.0,1.4,560.0,0,,0,0.0,0,31,0.2930001225306613,6.327936783729195,5.655991810819852,16.284083367252784,10.921287392911944
31185,2012,48375.0,862479.0,47220.0,10.0,23.9,23.976873766397095,1.9,42.2,10.548772234813924,7785.0,258754516.0,33236.0,,634.0,3.6,7585.0,0,,0,0.0,0,31,3.1770897727269074,8.933927891782632,8.959954084268098,19.371390355531645,13.667566079765152
31185,2013,49365.0,875155.0,49633.0,8.9,24.9,24.03800806972804,2.4,40.7,10.31043382356154,7754.0,266825033.0,34413.0,,651.0,3.5,7481.0,0,,0,0.0,0,31,3.179636247237673,8.920121751872404,8.955964118230874,19.40210369444086,13.682156292508951
31185,2014,45814.0,798834.0,50922.0,9.6,24.1,24.099142373058985,2.4,41.2,12.091358617932473,7737.0,273653461.0,35368.0,,665.0,3.1,7400.0,0,,0,0.0,0,31,3.182176253683281,8.909235279192261,8.953769294549454,19.427373123016704,13.590908443463752
31185,2015,46538.0,788074.0,51802.0,10.8,26.1,24.148049815723745,2.0,41.3,10.675338372357643,7641.0,277152011.0,36272.0,4.0,660.0,2.9,7368.0,0,,0,0.0,0,31,3.184203623865783,8.904901577935142,8.941283763647567,19.44007668980232,13.577347273060319
31185,2016,44497.0,746620.0,55156.0,9.4,28.3,24.177743620198775,1.4,40.1,10.661662625879543,7762.0,283596900.0,36535.0,,648.0,2.7,7365.0,0,,0,0.0,0,31,3.1854325248770565,8.90449432889673,8.956995311928852,19.463064421673927,13.523311633209907
31185,2017,43834.0,722981.0,59966.0,9.7,28.1,24.160276676389937,2.4,40.9,10.716294535506224,7809.0,290702382.0,37226.0,,634.0,2.6,7395.0,0,,0,0.0,0,31,3.1847098248383743,8.9085593751449,8.963032193662675,19.48781055950998,13.491138221404167
31185,2018,46071.0,755234.0,59779.0,10.1,28.1,24.102635761820753,2.9,40.2,10.279482514035829,7759.0,303096696.0,39063.0,,617.0,2.6,7393.0,0,,0,0.0,0,31,3.182321202226802,8.9082888855571,8.95660873889395,19.52956244127578,13.534782913986446
31185,2019,48619.0,829244.0,60298.0,9.8,28.4,24.00831426525301,2.7,39.9,10.223322469885195,7650.0,308420562.0,40314.0,,614.0,2.7,7394.0,0,,0,0.0,0,31,3.1784001980745935,8.908424139496578,8.942460926820582,19.546974870582645,13.6282697213294
31185,2020,53941.0,843819.0,63105.0,8.6,27.4,23.87905888106758,3.0,39.8,10.225675385231837,7274.0,317624431.0,43666.0,,623.0,3.4,7329.0,0,,0,0.0,0,31,3.17300187740724,8.89959435992585,8.892061625546935,19.576380208182297,13.645693295603035
31185,2021,61303.0,929777.0,66337.0,8.2,25.2,24.74017921084348,3.8,39.5,10.224704115981224,7328.0,339799721.0,46371.0,,637.0,2.0,7301.0,0,,0,0.0,0,31,3.208428610707042,8.895766604056085,8.899457906353966,19.64386694613055,13.742700051430196
31185,2022,63649.0,928894.0,72914.0,9.3,25.3,24.82402054112592,2.8,39.5,10.10293152972045,7461.0,376697315.0,50488.0,,645.0,2.0,7418.0,0,,0,0.0,0,31,3.211811754616165,8.911664758049536,8.917444732471514,19.746952544949053,13.741749910101872
39001,2012,28128.0,1600724.0,34282.0,23.1,10.7,48.853173298257154,16.1,39.8,12.279356167470777,5509.0,178682283.0,32433.0,,488.0,12.5,10773.0,0,,0,0.0,0,39,3.8888193364251853,9.284798282894192,8.614138397472717,19.00111983139813,14.285966584862758
39001,2013,28887.0,1646873.0,35678.0,22.7,10.6,48.6510742080456,15.4,40.4,13.207652136771928,5492.0,187327891.0,34108.0,,499.0,12.7,10684.0,0,,0,0.0,0,39,3.8846738887180643,9.276502574229852,8.61104776688786,19.048371067166425,14.314388896289874
39001,2014,30221.0,1494911.0,34733.0,25.3,9.8,48.54146114216815,15.3,40.7,14.009564419390175,5570.0,192885763.0,34629.0,,515.0,9.2,10542.0,0,,0,0.0,0,39,3.8824183016618066,9.263122557415151,8.62515033292133,19.077608670071875,14.217577231262263
39001,2015,31677.0,1563750.0,35560.0,24.6,10.5,48.34792557272827,13.4,41.0,13.481711811918412,5803.0,207429262.0,35745.0,,542.0,7.9,10722.0,0,,0,0.0,0,39,3.878423316588569,9.280052984387483,8.666130304190608,19.150300933489262,14.262597340763257
39001,2016,32081.0,1738551.0,34709.0,24.5,10.9,48.14582648251672,9.9,42.1,13.122428622356804,6042.0,219277227.0,36291.0,,572.0,7.6,10987.0,0,,0,0.0,0,39,3.8742344570734475,9.30446803470088,8.706490361946617,19.205847363946702,14.368562565633939
39001,2017,33374.0,1500921.0,36320.0,23.8,12.1,47.82897621396471,7.5,42.2,12.495513328243192,6032.0,226314023.0,37517.0,,586.0,7.2,10960.0,0,,0,0.0,0,39,3.867631652779131,9.302007560502007,8.704833909687792,19.23743407510019,14.22158947765156
39001,2018,34646.0,941103.0,36894.0,22.6,12.9,47.74676641455662,7.1,42.0,12.15898486848644,6070.0,231611066.0,38159.0,,603.0,7.0,10957.0,0,,0,0.0,0,39,3.865911345566823,9.301733800405394,8.711113884053544,19.26057008317796,13.754807870600803
39001,2019,35642.0,728513.0,39079.0,20.7,13.2,47.57207059081443,5.4,42.0,11.930168993604203,5898.0,235359041.0,39902.0,,622.0,6.9,10894.0,0,,0,0.0,0,39,3.862245836737068,9.29596745794362,8.682368589375221,19.27662274019999,13.498760749344932
39001,2020,40001.0,716769.0,40067.0,20.2,15.5,47.416214512769926,6.6,42.3,12.288453425442336,5806.0,246550404.0,42466.0,,641.0,9.3,10861.0,0,,0,0.0,0,39,3.8589642485340585,9.292933670280036,8.666647144584575,19.323077009245925,13.482508891939789
39001,2021,44470.0,766337.0,44467.0,19.2,16.0,47.20897731009536,6.5,42.1,12.58930042163956,6057.0,268987500.0,44412.0,,674.0,6.4,10897.0,0,,0,0.0,0,39,3.8545840717540893,9.296242800976886,8.708969906980947,19.410175468084937,13.549377299754758
39001,2022,43159.0,707893.0,46234.0,19.6,15.2,47.114778581606934,5.8,42.2,14.317629578716414,6249.0,284919832.0,45591.0,30.0,674.0,5.4,10964.0,0,,0,0.0,0,39,3.852586722116889,9.302372457422676,8.740176729929082,19.467718407435058,13.470048231311074
39003,2012,35348.0,7506054.0,43194.0,18.8,16.5,263.5208486007775,11.1,38.1,12.338788284514203,49889.0,1945773371.0,39002.0,,2571.0,7.7,49967.0,0,,0,0.0,0,39,5.574132486676033,10.819118066514404,10.817555816557183,21.38892535503833,15.83122045289583
39003,2013,35293.0,7164958.0,42823.0,18.6,17.2,263.0637568470606,11.4,38.1,13.319503608808416,50178.0,1972473731.0,39309.0,,2528.0,7.8,49437.0,0,,0,0.0,0,39,5.572396424270141,10.80845441067884,10.823331962609581,21.402554292978387,15.784712757398896
39003,2014,36648.0,7822246.0,43648.0,18.4,17.2,262.23652014060536,11.1,38.2,14.187559994327769,49814.0,2018900991.0,40528.0,5.0,2487.0,5.8,48478.0,0,,0,0.0,0,39,5.569246845156886,10.788865365766808,10.816051348002649,21.425819136441692,15.872482283560158
39003,2015,37908.0,7615897.0,44103.0,17.5,17.4,261.3273050217988,9.2,38.1,13.640285088745705,50014.0,2059014414.0,41169.0,,2463.0,4.9,47999.0,0,,0,0.0,0,39,5.565773663897612,10.778935456339678,10.820058245217599,21.445493265453234,15.845748331202222
39003,2016,38813.0,7886346.0,45575.0,16.1,17.4,260.00571364692144,7.6,38.2,13.23972250589867,50406.0,2129979362.0,42257.0,,2465.0,5.0,48450.0,0,,0,0.0,0,39,5.560703606339151,10.788287617318913,10.827865494592903,21.479378127418926,15.880643467679132
39003,2017,40175.0,7711921.0,47905.0,15.0,17.7,258.7462271298861,7.2,38.6,12.812425528933629,50931.0,2222882416.0,43645.0,,2487.0,5.0,48876.0,0,,0,0.0,0,39,5.5558477633327366,10.797041757436412,10.838227054478743,21.52207057624252,15.858277871444118
39003,2018,41906.0,8163264.0,50552.0,14.8,17.8,257.4668670583413,6.0,39.0,12.494347224222793,50828.0,2299995153.0,45251.0,16.0,2489.0,4.5,48155.0,0,,0,0.0,0,39,5.550891040206796,10.782180253994964,10.836202662824425,21.55617285248799,15.915154646961616
39003,2019,43117.0,7820932.0,53131.0,13.9,18.9,256.3067483138531,5.4,39.2,12.237242406890273,50165.0,2317122537.0,46190.0,,2510.0,4.1,48290.0,0,,0,0.0,0,39,5.546374962769222,10.784979778867587,10.823072851359713,21.563591967057793,15.87231428700561
39003,2020,46916.0,7725452.0,51892.0,12.9,18.7,255.39504900073285,5.6,39.4,12.653095198242395,47761.0,2337103659.0,48933.0,,2525.0,8.6,47796.0,0,,0,0.0,0,39,5.5428115581354165,10.774697232969645,10.773964685870737,21.572178247103533,15.860030890363223
39003,2021,50303.0,8552838.0,55114.0,13.0,19.1,254.5355177681998,6.1,39.5,13.046059413628631,48379.0,2458966589.0,50828.0,19.0,2529.0,5.8,47201.0,0,,0,0.0,0,39,5.539440385263733,10.762170357789895,10.786821114252175,21.623007012857578,15.961773715660987
39003,2022,50807.0,8448293.0,58976.0,12.3,19.1,253.6039449005701,6.1,39.8,15.431168671459435,49136.0,2617096566.0,53262.0,49.0,2562.0,4.2,46717.0,0,,0,0.0,0,39,5.5357737780437,10.751863403111642,10.802347242680604,21.685331359316898,15.949474967091898
39005,2012,31775.0,1653655.0,44996.0,16.3,19.2,125.77927926863,10.8,39.5,12.153220951758035,17495.0,598933849.0,34234.0,,1075.0,8.0,25832.0,0,,0,0.0,0,39,4.834528619003774,10.15936931243811,9.769670404801788,20.21066171425504,14.318498547560962
39005,2013,33313.0,1715028.0,46548.0,16.3,19.3,125.8525675729987,10.9,39.9,12.91538672977772,17520.0,604196174.0,34486.0,,1090.0,8.1,25506.0,0,,0,0.0,0,39,4.83511112322461,10.146668997586845,9.771098364490383,20.219409494556512,14.354939964979513
39005,2014,34552.0,1734695.0,47034.0,15.4,19.7,125.7769151297794,10.6,40.0,13.633845372752846,17958.0,635602235.0,35394.0,,1091.0,6.0,25616.0,0,,0,0.0,0,39,4.834509822894568,10.150972435236495,9.795790977080754,20.270083508983145,14.366342163402578
39005,2015,35551.0,1717708.0,48003.0,14.9,20.4,125.74618132472156,7.8,39.9,13.372783928512913,18349.0,677678583.0,36933.0,,1119.0,5.1,26064.0,0,,0,0.0,0,39,4.834265441319722,10.168310330841827,9.817330356084954,20.334183667128,14.356501402004968
39005,2016,35891.0,1698030.0,48509.0,15.4,19.6,126.1102587077144,5.7,40.0,12.866321531309485,18358.0,688126902.0,37484.0,,1128.0,5.1,26365.0,0,,0,0.0,0,39,4.837156593410564,10.17979265196457,9.817820725779036,20.349483829470095,14.344979313541877
39005,2017,37291.0,1729937.0,50893.0,14.2,20.2,126.00623659828788,4.2,40.4,12.712141625685586,18481.0,708897266.0,38359.0,,1140.0,4.9,26390.0,0,,0,0.0,0,39,4.8363314025383595,10.18074042949737,9.824498456285756,20.379221174138447,14.363595549625906
39005,2018,38819.0,1745462.0,52730.0,13.3,21.1,126.4270533136952,4.1,40.3,12.493608257168972,18731.0,726583682.0,38791.0,,1141.0,4.6,26315.0,0,,0,0.0,0,39,4.839665488192237,10.17789439778788,9.837935184295892,20.40386421947552,14.372529835023853
39005,2019,39165.0,1761577.0,52823.0,13.8,20.9,126.5665375058808,3.5,40.4,12.23055312152069,19295.0,754844403.0,39122.0,,1171.0,4.2,27041.0,0,,0,0.0,0,39,4.840768158073057,10.205109511721595,9.867601273971719,20.442022197232372,14.381719988552875
39005,2020,42765.0,1791602.0,55422.0,12.5,22.0,126.55944508932896,3.8,40.7,12.416538650090413,18455.0,777612753.0,42135.0,,1169.0,6.5,26273.0,0,,0,0.0,0,39,4.840712119443746,10.176297074865158,9.8230906154641,20.47173921143898,14.398620749635267
39005,2021,47791.0,1852584.0,58168.0,12.4,22.2,124.49082359505138,3.6,40.8,12.92020363328463,18772.0,828692410.0,44145.0,,1181.0,4.4,26114.0,0,,0,0.0,0,39,4.824232007124492,10.170226847967983,9.840121676914308,20.535359606853714,14.43209197925392
39005,2022,48042.0,1823248.0,62254.0,11.7,21.9,124.16930071136936,3.7,41.5,14.61143157395662,18952.0,871556354.0,45987.0,72.0,1203.0,3.9,25920.0,0,,0,0.0,0,39,4.8216459627093355,10.16277015046621,9.849664745838622,20.585791084058098,14.416130083903605
39007,2012,31906.0,3091244.0,41075.0,18.0,13.0,144.2340973154984,11.1,41.1,11.438146853773857,30109.0,997497357.0,33129.0,91.0,2105.0,9.4,46455.0,0,,0,0.0,0,39,4.971437655397546,10.746239381075412,10.312579409366641,20.720760057100723,14.944084156853485
39007,2013,32427.0,3009167.0,40516.0,18.7,12.6,143.62589325520213,11.1,41.4,11.434819540546282,30177.0,1007665326.0,33392.0,91.0,2086.0,9.5,45988.0,0,,0,0.0,0,39,4.967211955506949,10.73613577187363,10.314835323802448,20.730901933608312,14.917173854238273
39007,2014,34076.0,3075186.0,40304.0,19.0,13.4,142.92937853509707,9.6,41.6,11.66909799539401,30015.0,1044895106.0,34813.0,84.0,2053.0,7.2,45049.0,0,,0,0.0,0,39,4.9623506518747496,10.715506065231846,10.309452535685944,20.76718234029158,14.938875945198319
39007,2015,34929.0,3016423.0,40544.0,20.1,13.3,142.11891457652902,8.9,41.8,12.636042145532862,30161.0,1069530648.0,35461.0,90.0,2047.0,6.0,44504.0,0,,0,0.0,0,39,4.956664133750519,10.70333435175513,10.314304978070902,20.790485742457633,14.919582250264982
39007,2016,35329.0,3049083.0,41158.0,19.6,13.1,141.26144655709498,8.1,42.2,11.842341127527884,30112.0,1066452697.0,35416.0,109.0,2052.0,6.1,44399.0,0,,0,0.0,0,39,4.950612404315538,10.700972225644158,10.312679042385106,20.787603741399302,14.930351447639891
39007,2017,36443.0,2965739.0,43017.0,19.8,13.4,140.47377244621953,7.4,42.5,12.433508494831251,30092.0,1107573920.0,36807.0,98.0,2081.0,5.9,44402.0,0,,0,0.0,0,39,4.945020798367587,10.701039792450864,10.312014634680112,20.825437802577216,14.90263680050526
39007,2018,38232.0,3119280.0,44823.0,20.3,14.1,139.78153082255682,7.3,42.4,12.586887992125291,30787.0,1148290192.0,37298.0,96.0,2095.0,5.2,44654.0,0,,0,0.0,0,39,4.940080709645595,10.706699167958382,10.33484780193963,20.861539883387987,14.95311276392358
39007,2019,39356.0,3131919.0,46700.0,19.9,14.3,139.34567498543586,6.9,42.5,12.209513895971924,30716.0,1172043160.0,38158.0,98.0,2124.0,4.8,44906.0,0,,0,0.0,0,39,4.936957716384481,10.712326695092147,10.332538970450434,20.88201435336174,14.957156473689436
39007,2020,43188.0,3065966.0,47925.0,19.2,14.9,138.75598767638985,7.2,42.7,11.681403869548811,28573.0,1160163107.0,40603.0,92.0,2127.0,8.3,43672.0,0,,0,0.0,0,39,4.9327169061198495,10.684462443461593,10.260217494962417,20.871826441662858,14.935873248985155
39007,2021,46537.0,3178764.0,49680.0,18.9,15.1,139.40122523918657,7.6,42.6,12.541881803103635,28948.0,1227164341.0,42392.0,91.0,2156.0,5.6,42982.0,0,,0,0.0,0,39,4.9373562876650325,10.66853670238515,10.273256395986019,20.927971930951706,14.97200299995572
39007,2022,47541.0,3246280.0,53663.0,18.0,15.7,139.11207904658673,7.6,42.6,12.877178045625264,29619.0,1337868006.0,45169.0,90.0,2199.0,4.4,42858.0,0,,0,0.0,0,39,4.935279932302238,10.665647604383027,10.296171326279559,21.01434314356198,14.993020283348816
39009,2012,29563.0,1986616.0,33836.0,32.2,28.3,128.24931896339478,11.7,26.4,12.398661561029147,19884.0,735823596.0,37007.0,,1194.0,8.5,27602.0,0,,0,0.0,0,39,4.853976173809838,10.225643512847986,9.897670667214562,20.41650096861764,14.501943246692502
39009,2013,29711.0,2016446.0,33823.0,31.7,28.2,128.68414991541644,12.4,26.8,13.398215796834169,19791.0,747340865.0,37762.0,,1185.0,9.0,27486.0,0,,0,0.0,0,39,4.857360951737477,10.221432063114797,9.89298256789098,20.432031950932796,14.516847113864344
39009,2014,30668.0,2014070.0,33773.0,31.6,28.8,128.74173026979375,11.5,27.0,14.276497244218389,20174.0,783240299.0,38824.0,,1177.0,6.9,27676.0,0,,0,0.0,0,39,4.857808306566729,10.228320890618702,9.91214992561478,20.47895010214694,14.515668108359723
39009,2015,31631.0,2103735.0,33872.0,33.0,29.1,129.0077912176061,10.9,28.0,13.719834197053794,20634.0,817828056.0,39635.0,,1176.0,6.3,28006.0,0,,0,0.0,0,39,4.859872799573551,10.240174051915723,9.934695479660322,20.522162671982805,14.559224894336957
39009,2016,32135.0,2089286.0,34221.0,31.2,29.1,129.263924518112,9.4,28.2,13.323793108546298,21089.0,838637072.0,39767.0,,1196.0,6.4,28129.0,0,,0,0.0,0,39,4.861856240801299,10.244556351616321,9.956506856511764,20.54728859873552,14.552332938779008
39009,2017,33411.0,2154845.0,37191.0,30.2,29.6,130.17726807030363,8.7,28.6,12.88746939017801,21514.0,884400878.0,41108.0,12.0,1206.0,6.0,28497.0,0,,0,0.0,0,39,4.8688971221374615,10.257554097558293,9.976459164991951,20.60042099971053,14.583229353179144
39009,2018,34392.0,2071018.0,37778.0,30.6,29.7,130.91787055936337,7.7,28.9,12.555216584247988,20775.0,862575078.0,41520.0,9.0,1230.0,5.6,28009.0,0,,0,0.0,0,39,4.874570184295715,10.240281166081672,9.94150561972365,20.575432750037944,14.543550831793356
39009,2019,35685.0,2126740.0,40905.0,30.2,30.2,130.8801454995989,7.2,29.6,12.299909311974622,20952.0,895214891.0,42727.0,,1252.0,5.3,28124.0,0,,0,0.0,0,39,4.874281984556133,10.244378583319053,9.949989386187548,20.61257434909531,14.570100848816967
39009,2020,38168.0,2035440.0,42414.0,27.9,31.8,130.93574032451494,5.8,30.0,12.704891948350218,19737.0,888499741.0,45017.0,6.0,1259.0,7.6,26347.0,0,,0,0.0,0,39,4.874706670977101,10.179109695495468,9.890250325754108,20.605044914056407,14.526222569703691
39009,2021,42637.0,2032549.0,47061.0,25.5,34.1,124.95532558712108,5.8,30.5,13.095571304365638,20156.0,924735800.0,45878.0,9.0,1304.0,5.6,25686.0,0,,0,0.0,0,39,4.827956278118347,10.153701375373002,9.911257289800488,20.645018633057454,14.524801228354587
39009,2022,40836.0,2064655.0,48750.0,24.4,34.3,121.66530326976992,5.7,32.2,15.518434180775465,20889.0,956407066.0,45785.0,50.0,1346.0,4.8,26044.0,0,,0,0.0,0,39,4.8012738588497035,10.167542694356753,9.946977983610656,20.678694181643277,14.540473700201568
39011,2012,40000.0,2109050.0,52267.0,7.9,16.4,114.43790048531596,7.4,40.2,12.63559863536512,19190.0,711783279.0,37091.0,,1039.0,6.2,23958.0,0,,0,0.0,0,39,4.740032322027216,10.084057576291276,9.862144589001746,20.383284039615244,14.561748167098328
39011,2013,40134.0,2224887.0,52239.0,8.8,17.1,114.36814254536758,7.2,40.2,13.307410325658058,19523.0,742928531.0,38054.0,,1033.0,5.9,23948.0,0,,0,0.0,0,39,4.739422565910763,10.083640092045243,9.879348536682802,20.426110408284302,14.615216685775945
39011,2014,42155.0,2227377.0,52773.0,9.2,18.2,114.27097970043948,6.5,40.5,14.025541553429392,20316.0,793479803.0,39058.0,,1036.0,4.3,24202.0,0,,0,0.0,0,39,4.738572642679579,10.094190553357997,9.919164031921136,20.49193864455072,14.616335217947265
39011,2015,42628.0,2192154.0,54274.0,8.9,17.5,114.28592783042842,5.0,41.0,13.450270873124746,20942.0,858641523.0,41002.0,,1056.0,3.7,24530.0,0,,0,0.0,0,39,4.738703447127117,10.107652137252535,9.949511990847407,20.57086207387118,14.600395180056696
39011,2016,44011.0,2253990.0,55914.0,8.8,17.8,114.28094512043212,4.0,41.2,12.999489572341396,21127.0,877518025.0,41536.0,,1061.0,3.8,24716.0,0,,0,0.0,0,39,4.738659847545666,10.115206086180871,9.958307122300235,20.592608054403865,14.628212537014786
39011,2017,46358.0,2361817.0,59516.0,9.0,18.5,114.04924910560356,3.4,41.1,12.480324817442355,21339.0,911643428.0,42721.0,,1067.0,3.7,24833.0,0,,0,0.0,0,39,4.73663036480345,10.119928692790662,9.968291663401624,20.630759493516578,14.67494179602332
39011,2018,47611.0,2349769.0,61758.0,8.7,18.9,114.0641972355925,3.5,41.3,12.112048008504813,21681.0,974882026.0,44965.0,,1062.0,3.3,24771.0,0,,0,0.0,0,39,4.736761423539794,10.117428893085538,9.98419157995109,20.697827022666797,14.669827583416449
39011,2019,47044.0,2290619.0,64074.0,8.4,18.9,113.9271727106939,3.0,41.1,11.908108812340402,22071.0,1013332218.0,45913.0,,1073.0,3.0,25172.0,0,,0,0.0,0,39,4.735559408380807,10.133487544646824,10.002019808600375,20.736509963037932,14.644332644681281
39011,2020,51091.0,2189445.0,66193.0,7.9,19.2,113.87734561073076,3.3,40.4,11.980300648457856,20373.0,963669222.0,47302.0,,1066.0,6.9,24505.0,0,,0,0.0,0,39,4.735121953486366,10.106632457343649,9.921965773781901,20.686258662986614,14.599158645017694
39011,2021,55791.0,2566627.0,69315.0,7.3,20.1,115.3048920246744,3.3,40.3,12.088866144762203,20771.0,1021278217.0,49169.0,,1081.0,3.8,24168.0,0,,0,0.0,0,39,4.747579855036473,10.092784723066508,9.941313062076109,20.74432083362215,14.758103143490926
39011,2022,56750.0,2522815.0,75231.0,6.6,20.7,115.25755627970942,2.9,40.7,14.67134597365009,20940.0,1068657759.0,51034.0,44.0,1092.0,3.1,23978.0,0,,0,0.0,0,39,4.747169243976622,10.0848920222676,9.949416484424528,20.78966926712213,14.740885899528493
39013,2012,33198.0,2038781.0,41676.0,14.6,13.9,131.8895677159776,8.2,43.5,12.269565840747177,22577.0,767970778.0,34015.0,66.0,1590.0,8.2,31743.0,0,,0,0.0,0,39,4.881964964222123,10.36542750757227,10.024686967937972,20.45926224090888,14.527862638197222
39013,2013,33954.0,2225656.0,41534.0,14.6,14.4,131.52875159501397,9.0,43.5,13.202190110344896,22833.0,821404903.0,35975.0,65.0,1588.0,8.2,31938.0,0,,0,0.0,0,39,4.879225471026945,10.371551802400813,10.0359621369355,20.526526728546102,14.615562261588897
39013,2014,35810.0,2664553.0,43045.0,14.5,14.9,131.15853922090028,9.0,43.7,14.011914861286908,23682.0,912476264.0,38531.0,76.0,1568.0,6.7,31908.0,0,,0,0.0,0,39,4.876406814531842,10.37061204103102,10.072470544890901,20.631672631027808,14.795546871682717
39013,2015,36876.0,3192477.0,43833.0,14.6,15.1,130.72067382410592,8.5,43.9,13.47843516542269,23615.0,930238773.0,39391.0,75.0,1596.0,6.4,31259.0,0,,0,0.0,0,39,4.87306278581158,10.350062613700509,10.069637382330217,20.650951856319466,14.976307662477602
39013,2016,36290.0,3257542.0,44719.0,15.1,16.4,130.09676261493968,7.8,44.1,13.112699422702912,23084.0,863906481.0,37425.0,69.0,1624.0,7.5,31137.0,0,,0,0.0,0,39,4.86827850138825,10.346152101633399,10.046895015830858,20.57697508132667,14.99648348122112
39013,2017,39188.0,3371365.0,46484.0,14.1,16.1,129.45969665136332,6.8,44.2,12.753270659522451,23210.0,934910701.0,40281.0,67.0,1643.0,6.3,30531.0,0,,0,0.0,0,39,4.8633696099303405,10.32649783986004,10.052338499268483,20.65596157574001,15.030828264830546
39013,2018,42241.0,3143229.0,49361.0,13.6,16.2,128.67604913864548,6.1,44.5,12.436073728392277,22615.0,938450400.0,41497.0,72.0,1649.0,5.5,30706.0,0,,0,0.0,0,39,4.857297998904806,10.332213354218844,10.026368681911944,20.65974056230119,14.96076117345005
39013,2019,42378.0,3309338.0,50904.0,12.3,16.7,127.83414485639707,5.3,44.6,12.16911923756662,22126.0,927673759.0,41926.0,72.0,1649.0,5.7,30243.0,0,,0,0.0,0,39,4.850733680408989,10.317020031722052,10.004508666594857,20.648190676139578,15.012258727350579
39013,2020,43721.0,3242815.0,51574.0,11.7,16.2,126.7065944783858,5.6,44.5,12.62827295862516,19742.0,817059535.0,41387.0,67.0,1637.0,10.1,28506.0,0,,0,0.0,0,39,4.841874133947276,10.257869870414977,9.890503624977834,20.521222520426406,14.99195233771716
39013,2021,46553.0,2933117.0,54191.0,11.3,16.0,126.0544945097693,5.4,44.2,12.994426393011262,20375.0,865468342.0,42478.0,66.0,1645.0,6.2,27667.0,0,,0,0.0,0,39,4.836714309561273,10.227995646230818,9.922063938109064,20.578781354210808,14.89157623806066
39013,2022,48382.0,2416142.0,56943.0,14.0,17.4,125.07164643026948,6.0,44.1,15.225394877137628,20806.0,957068108.0,45999.0,67.0,1657.0,5.1,27464.0,0,,0,0.0,0,39,4.828886744544446,10.220631335137528,9.94299668563084,20.679385115118954,14.697682611144106
39015,2012,30878.0,903308.0,45807.0,12.8,10.4,91.2401974903124,12.0,39.9,12.211245866485331,8099.0,264920620.0,32709.0,50.0,630.0,10.0,20153.0,0,,0,0.0,0,39,4.513495561928448,9.911108439667489,8.99949587624899,19.39494079190747,13.713818859514083
39015,2013,31563.0,915005.0,44341.0,14.1,11.0,91.1135487587403,12.3,40.3,12.846055523515936,8194.0,274080167.0,33450.0,54.0,638.0,10.1,20069.0,0,,0,0.0,0,39,4.51210651723328,9.906931614938683,9.011157458106817,19.42893120185105,13.726684808723602
39015,2014,32313.0,904412.0,44899.0,14.6,11.4,90.82756775196458,11.0,40.4,13.423421941556697,8146.0,279113592.0,34265.0,56.0,643.0,7.4,19736.0,0,,0,0.0,0,39,4.508962849130313,9.890199658209193,9.005282288208358,19.447129396711674,13.715040287763207
39015,2015,32901.0,892541.0,45568.0,14.9,12.1,90.38429719146224,9.9,40.8,12.948909405764466,7921.0,271750332.0,34308.0,56.0,639.0,6.3,19554.0,0,,0,0.0,0,39,4.50407054867564,9.880935148065616,8.97727273946428,19.420394305675977,13.701827729956147
39015,2016,34451.0,926217.0,47999.0,16.7,12.4,90.000265553792,8.0,41.1,12.676327046129094,8081.0,279637658.0,34605.0,56.0,659.0,5.8,19569.0,0,,0,0.0,0,39,4.499812620923601,9.881701960464206,8.997270906233448,19.44900524451935,13.738863827427394
39015,2017,35849.0,888889.0,49188.0,17.8,12.8,89.46915796977997,6.5,41.6,12.300311104143558,8125.0,288214796.0,35473.0,56.0,665.0,5.7,19608.0,0,,0,0.0,0,39,4.493893962201705,9.88369292520795,9.002701007197938,19.47921657955955,13.697727647307882
39015,2018,37030.0,883914.0,52356.0,15.9,14.2,89.22403139254365,5.6,41.8,11.926690318554895,8127.0,291511409.0,35872.0,55.0,670.0,5.4,19554.0,0,,0,0.0,0,39,4.491150413531854,9.880935148065616,9.002947130753205,19.490589701925447,13.692115051819409
39015,2019,38776.0,842583.0,54575.0,15.3,14.9,89.00546019450793,4.9,42.1,11.728081982613638,7848.0,270349739.0,34448.0,55.0,677.0,5.0,19696.0,0,,0,0.0,0,39,4.488697718350364,9.888170848424235,8.9680140012452,19.41522700837662,13.644227452676715
39015,2020,42692.0,834462.0,57200.0,16.8,14.3,88.8747260199819,4.4,42.3,11.83115777868088,7512.0,276377130.0,36792.0,50.0,679.0,8.3,19248.0,0,,0,0.0,0,39,4.487227805361769,9.86516243821446,8.9242570208881,19.43727690403213,13.634542484797969
39015,2021,46447.0,900843.0,59766.0,16.0,14.6,89.2546722146982,4.5,42.0,11.961117069751722,7686.0,297479376.0,38703.0,53.0,691.0,5.4,19296.0,0,,0,0.0,0,39,4.491493769034066,9.867653099526912,8.94715577112479,19.510855456177165,13.711086270574626
39015,2022,46834.0,906528.0,66677.0,15.9,14.5,89.29756936571455,4.4,41.9,14.002547280211708,7841.0,315970712.0,40299.0,51.0,712.0,4.5,19466.0,0,,0,0.0,0,39,4.491974268763019,9.876424632986438,8.967121656230923,19.571160083711497,13.717377196730906
39017,2012,38276.0,16307760.0,56253.0,13.6,26.8,788.8747417067503,9.0,36.1,12.097825403316772,138754.0,5888890648.0,42441.0,53.0,7421.0,7.7,186571.0,0,,0,0.0,0,39,6.670607552484607,12.13656714267021,11.840457860021967,22.49633347187925,16.60715162610953
39017,2013,38733.0,16865495.0,56610.0,13.6,27.4,792.3493753804735,9.1,36.2,12.192404273615912,138994.0,5952433957.0,42825.0,72.0,7460.0,7.5,186175.0,0,,0,0.0,0,39,6.675002425075859,12.134442370578846,11.842186045713547,22.50706604126164,16.64078037677352
39017,2014,40528.0,18402150.0,56998.0,13.8,28.1,795.5732180981042,8.2,36.2,12.351365069554422,142924.0,6302539194.0,44097.0,75.0,7498.0,5.5,187055.0,0,,0,0.0,0,39,6.679062883891985,12.139157970239667,11.870068299431116,22.564218435809074,16.727978063579126
39017,2015,42054.0,19592740.0,57540.0,13.9,28.4,798.5398393223071,7.2,36.4,12.146834645718496,145219.0,6711922427.0,46219.0,53.0,7568.0,4.6,188071.0,0,,0,0.0,0,39,6.682784859112167,12.144574830091127,11.885998226806686,22.627151248684577,16.79066964741943
39017,2016,42979.0,20693653.0,59652.0,13.6,29.1,800.8977030120636,6.1,36.5,12.015962745834118,150345.0,7039725732.0,46824.0,66.0,7618.0,4.5,190182.0,0,,0,0.0,0,39,6.685733227317113,12.155736787391067,11.920687932127077,22.674835047834733,16.84533759286109
39017,2017,44847.0,21682551.0,62188.0,12.9,29.6,805.3219126990251,5.4,36.4,11.64938659551134,153926.0,7448744129.0,48392.0,52.0,7827.0,4.4,193539.0,0,,0,0.0,0,39,6.69124208903483,12.17323432153102,11.944227246428763,22.731311281839215,16.892018393665275
39017,2018,46472.0,21478634.0,63358.0,13.0,29.8,810.8778969570698,5.1,36.5,11.255467230291645,155213.0,7635717281.0,49195.0,45.0,7883.0,4.1,194634.0,0,,0,0.0,0,39,6.698117484157724,12.178876150841702,11.952553646109939,22.756102717635226,16.882569231541783
39017,2019,48957.0,22097204.0,66117.0,12.5,30.2,814.5754559250971,4.6,36.7,11.19831414239351,157990.0,7970024849.0,50446.0,45.0,8059.0,3.8,197261.0,0,,0,0.0,0,39,6.702667064543223,12.19228300394662,11.970287018866895,22.79895344756049,16.910961642647074
39017,2020,51967.0,21172323.0,69023.0,11.5,31.3,819.0982671845393,4.9,36.9,10.719811459050614,148967.0,8130258352.0,54577.0,67.0,8098.0,7.3,193650.0,0,,0,0.0,0,39,6.708204061007829,12.173807684942899,11.911480083887986,22.818858537615007,16.868205367842133
39017,2021,55459.0,21911906.0,72281.0,11.4,31.8,831.318431634814,5.2,37.0,10.634513788406764,150387.0,8458000889.0,56242.0,59.0,8319.0,4.5,194483.0,0,,0,0.0,0,39,6.7230129123528535,12.17810003462175,11.920967250591843,22.85837868110429,16.90254070002903
39017,2022,55505.0,21853699.0,77062.0,11.8,31.9,832.383757320095,5.1,37.2,12.423102772378114,153980.0,9064584357.0,58869.0,213.0,8702.0,3.6,196838.0,0,,0,0.0,0,39,6.724293581258572,12.19013633439182,11.94457800283204,22.92764082869551,16.89988075579568
39019,2012,32517.0,491198.0,43127.0,15.0,11.4,73.05403789038346,7.8,43.2,12.093911496917858,5950.0,190188538.0,31967.0,,530.0,7.9,13798.0,0,,0,0.0,0,39,4.291199412375886,9.532278933106054,8.691146498539675,19.063526443378507,13.104602584145542
39019,2013,33743.0,869095.0,43779.0,15.5,11.0,72.70179315378144,8.9,43.7,12.829201454015736,6674.0,248129428.0,37180.0,,548.0,7.9,13691.0,0,,0,0.0,0,39,4.2863660493492075,9.524493961633755,8.80597465931132,19.329461055090324,13.675207719331105
39019,2014,34877.0,1127160.0,45660.0,15.9,10.6,72.32167293442673,7.8,43.9,13.517737814839792,6766.0,247000175.0,36509.0,,548.0,6.1,13608.0,0,,0,0.0,0,39,4.281123848206121,9.518413134075697,8.819665349340653,19.324899603094025,13.935211752776562
39019,2015,35358.0,1308893.0,47075.0,15.4,11.4,71.87059694079247,7.1,44.5,13.263639563362757,6823.0,242976470.0,35612.0,,557.0,6.0,13394.0,0,,0,0.0,0,39,4.2748672372868555,9.502562124469996,8.828054536815424,19.308475165340653,14.08469229976337
39019,2016,35401.0,1226074.0,48545.0,14.0,11.4,71.22946083748086,6.7,44.7,12.786969227314238,6650.0,245285058.0,36885.0,,557.0,6.9,13491.0,0,,0,0.0,0,39,4.265906508643643,9.509778075438817,8.8023721336499,19.317931594205884,14.01932775254747
39019,2017,37805.0,1054129.0,51748.0,14.8,12.3,70.51230069029832,4.7,45.0,12.64789783591512,6685.0,267033644.0,39948.0,,563.0,5.8,13323.0,0,,0,0.0,0,39,4.2557871724753005,9.497247143960212,8.807621489536043,19.402885215916882,13.868225391486131
39019,2018,39268.0,1095050.0,52394.0,13.1,13.6,69.8863693957609,4.6,45.3,12.43933471288425,6113.0,225092313.0,36822.0,,554.0,5.3,13045.0,0,,0,0.0,0,39,4.246870628733241,9.47616019757083,8.718172930028725,19.232021156026867,13.906310582290713
39019,2019,40772.0,1186072.0,55267.0,12.3,13.3,69.26297223601918,5.2,45.5,12.157623150641715,6271.0,246099296.0,39247.0,,539.0,5.0,13031.0,0,,0,0.0,0,39,4.2379104522322235,9.475086413144906,8.74369111054302,19.32124565473143,13.986157564960205
39019,2020,44548.0,1147345.0,52574.0,13.0,13.2,68.91579576900854,3.7,46.1,12.370731920287868,5792.0,234146188.0,40425.0,,539.0,8.8,12837.0,0,,0,0.0,0,39,4.232885408188616,9.460086905084927,8.664232934065552,19.27145621329901,13.952961135540495
39019,2021,47850.0,1081434.0,55954.0,13.2,14.1,68.08206542122389,3.6,46.1,12.836151253434751,5764.0,239528867.0,41557.0,,541.0,5.7,12664.0,0,,0,0.0,0,39,4.220713821954513,9.446518601560848,8.659386957119413,19.294184497823455,13.893798496160779
39019,2022,48295.0,1094169.0,59872.0,12.2,13.5,67.81598126767558,3.9,45.9,14.468490707258365,5778.0,255138532.0,44158.0,21.0,550.0,4.3,12509.0,0,,0,0.0,0,39,4.2167978790832805,9.434203664214742,8.661812881026181,19.357317218354016,13.905505729009649
39021,2012,34027.0,1118912.0,50214.0,14.8,15.2,93.20052495518532,10.3,39.7,12.632311288381274,9636.0,356556405.0,37002.0,,682.0,7.4,19382.0,0,,0,0.0,0,39,4.534753354242048,9.872100079294496,9.173261363734762,19.69200300409718,13.92786734255732
39021,2013,35676.0,1190445.0,49157.0,13.4,17.0,92.9044800682535,11.5,40.3,12.449332881054724,10357.0,397678967.0,38398.0,,670.0,6.9,20001.0,0,,0,0.0,0,39,4.531571869288385,9.90353755128617,9.24541789858888,19.801155622181437,13.989837744765826
39021,2014,36345.0,1166709.0,49840.0,12.6,16.0,92.37532897113913,10.2,40.6,12.63450075146556,10533.0,410540418.0,38978.0,,664.0,5.1,19984.0,0,,0,0.0,0,39,4.525859940519282,9.90268723236536,9.262268464836541,19.832984942423977,13.969697522847508
39021,2015,36852.0,1117750.0,50974.0,12.4,15.5,91.82752937721014,9.1,41.2,12.768485774406848,10640.0,416089829.0,39105.0,,686.0,4.4,19939.0,0,,0,0.0,0,39,4.519912136953476,9.900432891806899,9.272375762895635,19.846411730011063,13.926828294096227
39021,2016,38006.0,1079718.0,53673.0,11.2,16.5,91.3193578390122,7.2,41.6,12.04225299248987,10699.0,418554801.0,39122.0,,693.0,4.5,19958.0,0,,0,0.0,0,39,4.5143627896505825,9.901385344444257,9.277905558138606,19.852318385557652,13.89221045389385
39021,2017,39435.0,1189117.0,54495.0,11.1,16.1,90.92307728170186,7.3,42.1,11.944055736983415,10733.0,439542470.0,40954.0,,693.0,4.1,20023.0,0,,0,0.0,0,39,4.510013844448775,9.90463689179265,9.281078386481525,19.901244902957856,13.988721572850261
39021,2018,41274.0,1195649.0,57103.0,11.0,14.9,90.59439752534448,6.0,42.4,11.767829448208197,10858.0,454543012.0,41864.0,,688.0,3.8,20010.0,0,,0,0.0,0,39,4.506392373668315,9.903987427577778,9.292657414465397,19.934803102967702,13.994199692158672
39021,2019,42101.0,1184915.0,60112.0,10.1,16.1,90.5501073454098,5.0,41.9,11.571056987383832,10874.0,469890564.0,43213.0,44.0,695.0,3.7,20241.0,0,,0,0.0,0,39,4.505903369810882,9.915465529295535,9.294129897705867,19.96801038300315,13.985181600020846
39021,2020,46379.0,1209568.0,59909.0,10.6,15.9,90.587404339039,5.8,41.6,10.853008469088444,10153.0,456269993.0,44938.0,37.0,695.0,7.2,19786.0,0,,0,0.0,0,39,4.5063151784286495,9.892729895883168,9.225524507301223,19.93859528217487,14.00577382903101
39021,2021,49541.0,1256497.0,62865.0,10.2,16.7,90.16081997440494,5.8,41.7,11.070881950877135,9986.0,464224991.0,46486.0,34.0,701.0,4.5,19244.0,0,,0,0.0,0,39,4.501594964348604,9.864954602819344,9.208939391060555,19.955879887063784,14.043838248378373
39021,2022,49261.0,1239798.0,70486.0,9.2,18.1,90.24706927217248,4.5,41.7,12.729612019869842,10167.0,503183086.0,49491.0,33.0,721.0,3.7,19193.0,0,,0,0.0,0,39,4.502551123247184,9.862300908205878,9.226902460275161,20.036464649907995,14.03045902108524
39023,2012,34189.0,4467843.0,43684.0,17.7,17.0,348.41525208061944,10.9,40.6,12.633755722972769,48227.0,1703989586.0,35333.0,12.0,2568.0,7.8,65897.0,0,,0,0.0,0,39,5.853395021519049,11.095848195933886,10.783674309179402,21.256238153832513,15.3124162997893
39023,2013,34709.0,4550621.0,43136.0,18.6,17.6,347.11762082458796,11.5,41.0,12.442455273613763,48531.0,1719370732.0,35428.0,11.0,2556.0,7.5,65907.0,0,,0,0.0,0,39,5.84966368742359,11.09599993639729,10.789958047997803,21.265224207342687,15.33077426513059
39023,2014,35569.0,4613988.0,43011.0,19.0,18.2,345.958571547356,10.8,41.1,12.624463924540446,48930.0,1755025393.0,35868.0,14.0,2528.0,5.8,65151.0,0,,0,0.0,0,39,5.846319032476601,11.08446293162936,10.798145984283169,21.285749162705436,15.34460311693222
39023,2015,36442.0,4658874.0,43625.0,18.3,18.1,344.75920751265505,10.0,41.0,12.755988435035214,48609.0,1798001495.0,36989.0,,2520.0,5.1,64293.0,0,,0,0.0,0,39,5.842846224112718,11.071206039602785,10.79156397792911,21.309941604474915,15.354284346003091
39023,2016,37206.0,4611527.0,44154.0,17.9,18.0,343.1163811457958,8.9,41.2,12.017315859269642,47917.0,1826404798.0,38116.0,,2530.0,5.3,63827.0,0,,0,0.0,0,39,5.8380696932475376,11.063931577302242,10.77722562648903,21.325615280202253,15.344069596568668
39023,2017,38447.0,4661428.0,46275.0,16.6,18.6,341.46599576191113,7.7,41.2,11.80599670154433,48153.0,1918601133.0,39844.0,,2540.0,4.8,64040.0,0,,0,0.0,0,39,5.833248100881544,11.067263167110651,10.782138720581328,21.37486218088271,15.354832396927605
39023,2018,39342.0,4620583.0,48502.0,15.8,18.6,340.6546612678487,7.3,41.1,11.526902760014432,47964.0,1961728435.0,40900.0,25.0,2502.0,4.6,63429.0,0,,0,0.0,0,39,5.830869240577839,11.057676449092979,10.778206008499323,21.39709177617536,15.346031445572764
39023,2019,40890.0,4696288.0,50873.0,14.9,18.7,339.465375922515,6.7,41.1,11.380480542256883,47819.0,2009210047.0,42017.0,4.0,2511.0,4.3,63886.0,0,,0,0.0,0,39,5.827371956297184,11.064855524029626,10.775178329041257,21.42100747032537,15.362282967399995
39023,2020,44477.0,4470700.0,51504.0,15.3,18.9,338.6666397901617,6.8,41.5,10.878092430312314,44466.0,1993427338.0,44831.0,5.0,2511.0,8.1,62619.0,0,,0,0.0,0,39,5.825016260110556,11.044824025414016,10.702480131179414,21.41312127466064,15.313055553881894
39023,2021,47715.0,4689134.0,54869.0,15.2,18.9,342.75606800091714,7.1,41.2,11.067250557658456,45456.0,2158992273.0,47497.0,8.0,2550.0,5.4,62371.0,0,,0,0.0,0,39,5.83701902215418,11.040855702741002,10.72450010409397,21.49290740950093,15.360758475185254
39023,2022,48030.0,4765738.0,58954.0,15.6,18.6,342.3655187879368,6.8,41.4,12.400730228137837,46481.0,2292920537.0,49330.0,118.0,2593.0,4.1,62666.0,0,,0,0.0,0,39,5.835878934722067,11.045574314789517,10.746798905924305,21.553092185620734,15.376962962406312
39025,2012,41250.0,7103059.0,60590.0,10.3,25.4,436.501237404985,7.8,38.6,10.824158597213202,53331.0,2100770724.0,39392.0,28.0,3828.0,7.4,102152.0,0,,0,0.0,0,39,6.07879121010951,11.534217179104518,10.884273054590794,21.46557012577214,15.776036094294879
39025,2013,41864.0,7460723.0,60365.0,10.2,25.6,438.43247304224855,7.5,39.0,11.266409332596082,53598.0,2109557379.0,39359.0,20.0,3810.0,7.3,102435.0,0,,0,0.0,0,39,6.083205804611088,11.5369837300633,10.889267032929894,21.469743989443174,15.825162884373885
39025,2014,44033.0,7757171.0,60552.0,10.5,26.2,440.71504330917446,6.5,39.2,11.47201901023868,55227.0,2272977963.0,41157.0,,3778.0,5.5,102852.0,0,,0,0.0,0,39,6.0883985062986525,11.541046340686883,10.919207243114672,21.544356686653234,15.864128263834903
39025,2015,48215.0,8515598.0,60805.0,10.7,27.1,442.5601025278416,5.5,39.5,11.438239099715652,57556.0,2439302742.0,42381.0,,3878.0,4.6,103007.0,0,,0,0.0,0,39,6.09257628014629,11.542552226067565,10.960513665883308,21.61497807393852,15.957410098620619
39025,2016,48659.0,8350607.0,61265.0,10.5,27.6,444.34329149726005,5.0,39.7,11.742984296076107,58254.0,2462063778.0,42264.0,16.0,3918.0,4.5,104313.0,0,,0,0.0,0,39,6.096597442731169,11.555151273682098,10.9725680385982,21.624265769328467,15.937844788795692
39025,2017,50615.0,8471481.0,64183.0,9.8,28.3,446.71645748630016,4.4,39.9,11.817016648746906,58642.0,2507395805.0,42757.0,17.0,4024.0,4.4,105868.0,0,,0,0.0,0,39,6.101924070048561,11.569948314066137,10.979206442390929,21.64251052359702,15.95221590376364
39025,2018,52412.0,8525675.0,64822.0,9.5,28.0,449.0365918331271,4.2,39.8,11.454487848481634,59393.0,2626013141.0,44214.0,27.0,4073.0,4.1,106580.0,0,,0,0.0,0,39,6.107104380709201,11.576651155850774,10.99193165328861,21.688732617003375,15.958592756885002
39025,2019,56978.0,8846026.0,66968.0,9.0,28.6,451.376613045784,3.7,40.0,11.304698749612497,59695.0,2727578267.0,45692.0,42.0,4153.0,3.8,108307.0,0,,0,0.0,0,39,6.112302053218008,11.592725066172704,10.997003543779488,21.7266799707685,15.99547887658764
39025,2020,60919.0,8738981.0,69720.0,9.2,28.9,454.33975605444584,4.2,40.2,11.521124915563066,56611.0,2771547388.0,48958.0,12.0,4196.0,6.9,105837.0,0,,0,0.0,0,39,6.118845279512022,11.569655453715917,10.943958591598234,21.742671625000167,15.983304150445514
39025,2021,62288.0,8553645.0,73013.0,8.9,29.5,458.83418773201345,4.2,40.1,11.72598984790036,58425.0,3032417800.0,51903.0,19.0,4343.0,4.4,106598.0,0,,0,0.0,0,39,6.1286888980239995,11.576820028811799,10.97549915940706,21.832626092067198,15.96186806585566
39025,2022,60323.0,7888072.0,79573.0,8.4,30.2,461.48797949443167,4.1,40.5,12.287135502127564,60411.0,3322580908.0,55000.0,144.0,4649.0,3.6,107937.0,0,,0,0.0,0,39,6.134456007004407,11.58930300256794,11.008926486546516,21.924007699797695,15.880862303011996
39027,2012,38291.0,1918091.0,46443.0,15.4,13.9,103.1509721552806,12.1,38.4,12.0318753691995,15509.0,607325532.0,39159.0,36.0,847.0,10.7,17289.0,0,,0,0.0,0,39,4.636193664148376,9.757825740104776,9.649175779559453,20.22457550180854,14.466840978555505
39027,2013,38110.0,1913871.0,46048.0,16.5,14.5,102.78887581318764,11.9,39.0,12.144604166818032,15432.0,599204211.0,38828.0,38.0,833.0,10.4,17078.0,0,,0,0.0,0,39,4.632677135231758,9.745546364467552,9.644198554585564,20.211113017846195,14.464638450604559
39027,2014,38025.0,1902151.0,45909.0,16.9,15.2,102.44145905253087,10.6,39.4,12.299398502963909,15732.0,623487391.0,39631.0,36.0,815.0,7.7,16989.0,0,,0,0.0,0,39,4.629291504226096,9.740321354781914,9.6634521335517,20.250839099944834,14.458495909051912
39027,2015,40447.0,2044104.0,46787.0,15.9,15.8,102.4928375875576,9.2,39.3,12.00942615823927,16000.0,668749633.0,41797.0,36.0,825.0,6.3,16744.0,0,,0,0.0,0,39,4.629792918942378,9.725795264125836,9.680344001221918,20.320920307389294,14.53047010963758
39027,2016,41444.0,2065973.0,48675.0,15.2,16.5,102.39986690512832,6.6,39.4,11.9229364535067,16945.0,720207834.0,42503.0,37.0,820.0,5.9,17238.0,0,,0,0.0,0,39,4.628885412849956,9.754871528207344,9.737728084041152,20.395050386653907,14.541111859844476
39027,2017,42805.0,2187611.0,49997.0,14.7,17.5,102.43656585871882,6.6,39.8,11.615774582448347,17425.0,777585080.0,44625.0,32.0,827.0,5.5,17524.0,0,,0,0.0,0,39,4.629243737328546,9.771326648933789,9.765661235628725,20.471703623683627,14.598320638783674
39027,2018,44286.0,2231416.0,51354.0,13.0,18.7,102.50262397518172,6.1,39.9,11.176653012895056,17848.0,845917719.0,47395.0,42.0,843.0,5.2,17647.0,0,,0,0.0,0,39,4.629888398008665,9.778321076243234,9.789646736112369,20.555932653975297,14.618146919501815
39027,2019,45284.0,2218418.0,52815.0,14.8,18.9,102.65186638644975,5.6,39.4,11.085057981389465,18038.0,887869937.0,49222.0,45.0,867.0,4.7,17855.0,0,,0,0.0,0,39,4.631343325340078,9.790038860028549,9.800235922725653,20.604335822886714,14.612304887206792
39027,2020,47498.0,2250141.0,54683.0,14.4,20.0,102.7570700534092,5.6,39.8,10.762395463727614,17158.0,915875793.0,53380.0,44.0,877.0,8.4,17678.0,0,,0,0.0,0,39,4.632367659314847,9.780076207620894,9.75021981613291,20.635391316282707,14.626503438883796
39027,2021,50690.0,2404882.0,57409.0,14.0,20.1,102.86961351108675,6.0,40.4,10.699849512434122,18000.0,1019293558.0,56627.0,42.0,898.0,5.5,17804.0,0,,0,0.0,0,39,4.633462298074413,9.787178430135745,9.798127036878302,20.742375634095126,14.693011395869235
39027,2022,51543.0,2381428.0,64210.0,14.5,20.6,102.9454580151738,4.7,40.5,12.402978802403656,18505.0,1091292882.0,58973.0,45.0,930.0,4.4,17867.0,0,,0,0.0,0,39,4.6341993141438165,9.790710714933168,9.825796244820257,20.810628960565943,14.683210865719625
39029,2012,32797.0,2809112.0,41870.0,16.1,13.0,202.28343895758172,11.0,42.3,12.13713346345694,30247.0,981937627.0,32464.0,64.0,2245.0,8.2,50915.0,0,,0,0.0,0,39,5.3096698770440405,10.837912854605765,10.317152284987246,20.705038348008216,14.848378977132032
39029,2013,32931.0,2938908.0,42300.0,16.9,12.6,201.3058428288624,10.8,42.6,12.920827636615282,30494.0,1010151765.0,33127.0,65.0,2205.0,8.2,50530.0,0,,0,0.0,0,39,5.304825357703216,10.830322498285954,10.325285221931852,20.733366418887556,14.893548641746758
39029,2014,34103.0,3090603.0,43707.0,16.2,13.6,200.44856622367777,9.8,42.8,13.666649524105498,30840.0,1061555103.0,34422.0,65.0,2182.0,6.5,50234.0,0,,0,0.0,0,39,5.300557686275096,10.824447367258546,10.336567827677266,20.783000748264286,14.943876775466565
39029,2015,35069.0,3117683.0,44497.0,15.4,13.9,199.25477095110705,9.0,43.2,13.39709633569409,30659.0,1080667700.0,35248.0,69.0,2176.0,5.9,49555.0,0,,0,0.0,0,39,5.294584261931247,10.810838442840808,10.330681536107859,20.800844927791204,14.952600655695615
39029,2016,34866.0,3054115.0,45389.0,15.8,13.9,197.8316165867983,8.4,43.4,12.866346674074393,29637.0,1048850522.0,35390.0,67.0,2145.0,6.7,48577.0,0,,0,0.0,0,39,5.28741624760242,10.790905446841167,10.296778859712584,20.770960660496893,14.932000419585489
39029,2017,36176.0,3001732.0,45498.0,15.4,13.9,196.61714139612005,7.5,43.8,12.672171114171086,29458.0,1074503449.0,36476.0,68.0,2131.0,5.9,47950.0,0,,0,0.0,0,39,5.281258393109257,10.777914080311584,10.290720799049488,20.79512448390674,14.914700013372945
39029,2018,37665.0,2939145.0,46306.0,14.6,14.8,195.52486572153177,6.7,44.0,12.455746875742433,29596.0,1123237454.0,37952.0,67.0,2119.0,5.1,47496.0,0,,0,0.0,0,39,5.275687561728875,10.76840077595051,10.295394496045441,20.83948093647758,14.893629280693066
39029,2019,39162.0,3007499.0,48345.0,14.3,14.9,193.99643177413017,6.6,44.1,12.183103083309373,29755.0,1160080542.0,38987.0,84.0,2158.0,4.9,47842.0,0,,0,0.0,0,39,5.267839765977322,10.775659193770734,10.300752464078952,20.871755272412962,14.916619394328837
39029,2020,42670.0,2997826.0,49407.0,13.8,14.5,192.72555680679503,6.0,44.3,12.34549726615638,28063.0,1196523552.0,42637.0,71.0,2150.0,9.4,47039.0,0,,0,0.0,0,39,5.261267191467083,10.758732323843143,10.24220726169782,20.902686149197535,14.913397917267908
39029,2021,45591.0,3198269.0,51664.0,12.9,15.7,192.38151816918804,4.9,44.2,12.829048101350043,27971.0,1271164668.0,45445.0,68.0,2198.0,5.8,45490.0,0,,0,0.0,0,39,5.259480474205901,10.72524780056405,10.23892353814896,20.963199378590318,14.978120283910481
39029,2022,45377.0,3456732.0,55473.0,13.2,16.5,191.23848269560852,4.9,44.5,14.55911983758276,27969.0,1275357737.0,45599.0,69.0,2228.0,4.6,44774.0,0,,0,0.0,0,39,5.2535212496938435,10.709382892787827,10.238852032964804,20.96649255424136,15.055834192034009
39031,2012,29635.0,1448140.0,41885.0,17.0,11.8,65.39146222969282,10.1,41.3,12.38344907265179,10331.0,358728845.0,34722.0,,739.0,10.0,16212.0,0,,0,0.0,0,39,4.180391702994566,9.693506987748199,9.242904362849446,19.69807735465827,14.18579053233697
39031,2013,31346.0,1584630.0,41274.0,16.9,12.3,65.35954665702107,10.4,41.3,13.363443774991085,10762.0,397370154.0,36923.0,,720.0,9.7,16342.0,0,,0,0.0,0,39,4.179903514435604,9.701493759944652,9.283776690049365,19.800378782091,14.27586149955671
39031,2014,32405.0,1719692.0,41569.0,18.1,12.1,65.19287644417966,9.0,41.3,14.210735645070722,10595.0,402958969.0,38033.0,,716.0,7.5,15813.0,0,,0,0.0,0,39,4.177350205972518,9.668587665523317,9.2681374707024,19.81434530083179,14.357655762987289
39031,2015,34531.0,1635401.0,41701.0,16.1,12.1,65.11486059987091,7.8,41.5,13.658635089651712,10998.0,490532379.0,44603.0,,717.0,6.4,15907.0,0,,0,0.0,0,39,4.176152796587626,9.674514542898361,9.30546871706776,20.011001847023397,14.307398592181027
39031,2016,32210.0,1501944.0,43380.0,14.0,12.1,65.01024844500238,6.4,41.2,13.27179068388046,10288.0,377940053.0,36737.0,,723.0,7.1,15054.0,0,,0,0.0,0,39,4.174544925851936,9.619399015594476,9.2387334464774,19.750246151060058,14.222270826989329
39031,2017,33269.0,1403328.0,43251.0,15.0,12.6,64.89854394065121,6.7,41.4,12.57389550278452,10140.0,379297400.0,37407.0,,722.0,6.8,14761.0,0,,0,0.0,0,39,4.172825188029263,9.599743846536997,9.224243277145174,19.75383115190323,14.154357116508173
39031,2018,34868.0,1408729.0,44491.0,16.4,12.5,64.84889749427292,6.2,41.4,12.220961710557884,10155.0,395229793.0,38919.0,,719.0,6.2,14486.0,0,,0,0.0,0,39,4.172059909758614,9.580937944755272,9.225721474014485,19.79497790814227,14.158198437392716
39031,2019,35676.0,1274432.0,46606.0,14.4,13.2,64.86840145535011,5.5,41.3,12.014609533460265,10093.0,399589477.0,39591.0,,714.0,5.9,14508.0,0,,0,0.0,0,39,4.172360624642166,9.582455500402792,9.219597393238859,19.805948270558098,14.058011147118346
39031,2020,39353.0,1217986.0,48552.0,17.4,14.9,64.82052809634247,6.1,41.1,12.342061421881706,9337.0,403215165.0,43184.0,,703.0,8.9,14092.0,0,,0,0.0,0,39,4.171622344800585,9.553362539461128,9.141740280483926,19.814980885621278,14.012709232933046
39031,2021,43090.0,1195528.0,49297.0,19.1,17.1,64.93223260069362,6.9,40.8,12.671737924071934,9329.0,404986684.0,43410.0,,708.0,5.9,13703.0,0,,0,0.0,0,39,4.173344150661945,9.5253700659462,9.140883106960962,19.81936474551794,13.994098486768939
39031,2022,42488.0,1192963.0,52048.0,18.9,16.5,64.94641729965885,6.1,40.6,14.452076045615994,9539.0,437154963.0,45830.0,37.0,719.0,4.9,13663.0,0,,0,0.0,0,39,4.173562580696943,9.522446728338489,9.163143937145207,19.895798296609193,13.99195068634931
39033,2012,32393.0,1344906.0,41877.0,14.7,11.2,108.57272279273046,10.1,42.2,12.118927149110435,13596.0,474482714.0,34898.0,,949.0,9.0,20314.0,0,,0,0.0,0,39,4.687420204613375,9.919065582499446,9.517530910816006,19.977735745424432,14.111834680099927
39033,2013,33800.0,1349197.0,40783.0,16.6,11.8,107.88827883500171,11.5,42.4,12.898767974966496,13186.0,443993509.0,33671.0,,942.0,9.1,19702.0,0,,0,0.0,0,39,4.681096236474665,9.888475432415625,9.486910939673246,19.911320500920265,14.115020158627285
39033,2014,34288.0,1333891.0,41377.0,16.3,12.6,107.11174605386948,9.3,42.5,13.636180835918864,13240.0,460646946.0,34792.0,,928.0,6.7,19635.0,0,,0,0.0,0,39,4.673872645145579,9.88506896701211,9.490997829490999,19.948142463734946,14.103610792973905
39033,2015,34392.0,1349287.0,40795.0,16.4,12.6,106.33770215985624,8.1,42.6,13.380412560013731,13271.0,479132375.0,36103.0,,921.0,5.9,19142.0,0,,0,0.0,0,39,4.666619899415571,9.859640152755851,9.493336482437249,19.987487474189365,14.115086862747104
39033,2016,34808.0,1350201.0,40563.0,15.7,12.7,105.74036925129298,7.7,42.9,12.858892762880632,13424.0,480261915.0,35777.0,,919.0,6.1,19246.0,0,,0,0.0,0,39,4.660986742869421,9.865058525916346,9.504799428706987,19.989842169299973,14.115764028220651
39033,2017,36169.0,1303717.0,41726.0,16.2,14.7,105.10819192306352,6.4,43.0,12.664783513866883,13358.0,501832526.0,37569.0,,934.0,5.7,18925.0,0,,0,0.0,0,39,4.654990218927854,9.84823907830565,9.499870735285581,20.03377700844881,14.080729973375625
39033,2018,37945.0,1278675.0,42892.0,15.0,14.8,104.58552562807068,5.3,43.0,12.458658432204327,12488.0,486831282.0,38985.0,,925.0,5.2,18122.0,0,,0,0.0,0,39,4.650005163738936,9.804881948782006,9.432523462195268,20.003428177489614,14.061334943501542
39033,2019,38007.0,1344710.0,44971.0,14.9,14.4,104.08774820426794,5.3,43.0,12.184723507552947,12777.0,519457260.0,40654.0,,926.0,4.7,18422.0,0,,0,0.0,0,39,4.645234276132342,9.821300881548181,9.455401958591324,20.068295093704254,14.111688934387269
39033,2020,42000.0,1290242.0,46391.0,13.6,15.3,103.54517081232298,5.5,43.1,12.35377009068162,12328.0,532031310.0,43155.0,,917.0,9.3,18530.0,0,,0,0.0,0,39,4.64000795046556,9.827146319279406,9.419628376999952,20.092212898957584,14.070340355642982
39033,2021,47657.0,1398655.0,48449.0,14.1,15.7,104.38143688431155,5.7,43.1,12.839892253320716,12350.0,553138011.0,44787.0,,923.0,5.9,17928.0,0,,0,0.0,0,39,4.648051852017352,9.794119015480764,9.421411342056123,20.13111809616168,14.151021618518019
39033,2022,45973.0,1326821.0,52486.0,14.1,14.8,104.18730368902848,5.5,42.9,14.565453916155205,12454.0,585067145.0,46978.0,36.0,936.0,4.8,17652.0,0,,0,0.0,0,39,4.646190276300753,9.778604370389438,9.429797135432397,20.187237176387445,14.0982964134848
39035,2012,44644.0,87397183.0,43861.0,17.7,29.1,2795.2608314323147,11.7,40.2,11.431474452887503,700914.0,35340930930.0,50421.0,3824.0,35741.0,6.8,621812.0,0,,0,0.0,0,39,7.935680701962217,13.340393075230478,13.460140476607664,24.288307645596277,18.28597360898505
39035,2013,44586.0,88963806.0,43804.0,18.3,29.7,2783.251059138997,12.1,40.4,11.499691427882924,707731.0,35988871664.0,50851.0,3782.0,35733.0,7.0,617919.0,0,,0,0.0,0,39,7.931374969149118,13.334112659888508,13.469819356976211,24.306475607170505,18.30374017082475
39035,2014,46565.0,91169042.0,44203.0,18.5,30.3,2772.2714457876123,11.4,40.4,11.807511170113951,708513.0,37091060068.0,52351.0,4042.0,35397.0,6.3,615565.0,0,,0,0.0,0,39,7.927422279681341,13.330295824229834,13.47092368656839,24.336641809004703,18.328225945663387
39035,2015,48019.0,92147950.0,44190.0,18.7,30.5,2762.8141055223955,10.6,40.4,12.707465563350503,714116.0,38238900436.0,53547.0,4151.0,35504.0,5.2,609062.0,0,,0,0.0,0,39,7.924005042718795,13.319675347749868,13.47880069311171,24.367119170427497,18.33890599549516
39035,2016,49016.0,92278462.0,45289.0,18.5,30.9,2753.01775329115,9.7,40.4,12.007811089202798,719480.0,38841905492.0,53986.0,4300.0,35607.0,5.6,612160.0,0,,0,0.0,0,39,7.9204529538290975,13.324748965234026,13.486284007841908,24.382765539207327,18.34032132446427
39035,2017,50761.0,95024060.0,46720.0,18.3,31.5,2750.1547425586873,8.9,40.4,12.591331536405583,720084.0,40232187524.0,55871.0,4450.0,35921.0,5.8,623383.0,0,,0,0.0,0,39,7.91941245909886,13.34291637613283,13.48712315085388,24.41793319687103,18.36964068065701
39035,2018,52556.0,96602222.0,48435.0,18.1,31.9,2742.241547119382,8.3,40.3,12.834043440863468,726917.0,41631033295.0,57271.0,4384.0,35951.0,4.8,623754.0,0,,0,0.0,0,39,7.9165309478249855,13.343511338852954,13.496567582185087,24.45211171876767,18.386112300988597
39035,2019,54290.0,99597368.0,50366.0,17.5,32.5,2728.392361513612,7.6,40.4,12.502093028480044,732550.0,43168961959.0,58930.0,4306.0,36324.0,4.2,627887.0,0,,0,0.0,0,39,7.91146783615548,13.350115492954124,13.50428687692946,24.488387600799637,18.41664629650285
39035,2020,57225.0,96237185.0,51741.0,17.1,33.5,2715.32180984272,7.4,40.4,12.037662532518109,681602.0,43228822285.0,63422.0,4023.0,36608.0,10.5,599293.0,0,,0,0.0,0,39,7.906665755672682,13.303505906084386,13.432201188765239,24.48977329225231,18.382326379410728
39035,2021,62899.0,101629662.0,55109.0,16.7,34.4,2763.859574682149,7.5,40.3,12.795815193643753,690959.0,46008018267.0,66586.0,4103.0,37749.0,6.2,595435.0,0,,0,0.0,0,39,7.924383378489177,13.29704750984685,13.445835766691339,24.55208152839743,18.43684599931879
39035,2022,64523.0,104904656.0,60074.0,16.5,35.2,2748.446559684697,7.2,40.4,13.00836233655153,704809.0,48843147393.0,69300.0,5325.0,38864.0,4.8,600431.0,0,,0,0.0,0,39,7.918791143664244,13.305403009653716,13.4656821231026,24.611879927048676,18.468562457510227
39037,2012,35227.0,1718942.0,44311.0,12.0,11.5,88.2391297805391,9.7,40.8,12.673221880710193,17728.0,616027901.0,34749.0,44.0,1222.0,7.2,26574.0,0,,0,0.0,0,39,4.480050512935366,10.187688573151252,9.78290058954701,20.238802814303227,14.357219543248931
39037,2013,36726.0,1825739.0,43425.0,13.7,11.9,88.055214662382,10.0,40.7,13.356145809813524,17878.0,619580672.0,34657.0,46.0,1231.0,7.0,26381.0,0,,0,0.0,0,39,4.477964057065688,10.18039933305852,9.791326185647797,20.24455347170152,14.417495394542941
39037,2014,38225.0,2049480.0,43323.0,13.9,11.6,87.83953238745231,8.7,41.2,14.085901301882013,17948.0,637959821.0,35544.0,53.0,1223.0,5.3,26207.0,0,,0,0.0,0,39,4.475511654289085,10.17378182963667,9.795233967095873,20.273785862836935,14.533096660401238
39037,2015,38290.0,2048035.0,44632.0,13.3,12.3,87.5369084203029,7.6,41.8,13.50189476926221,18328.0,675366540.0,36850.0,53.0,1212.0,4.3,26302.0,0,,0,0.0,0,39,4.4720605149442685,10.17740026090191,9.816185224133331,20.33076612367581,14.532391354839255
39037,2016,38775.0,1953087.0,47043.0,12.4,13.1,87.25100400934959,6.1,42.0,13.03424650829527,18529.0,695034184.0,37512.0,57.0,1210.0,4.1,26477.0,0,,0,0.0,0,39,4.468789068286811,10.184031710581442,9.827092351282415,20.359471587931004,14.484921755717632
39037,2017,40710.0,2159449.0,50064.0,11.6,14.2,86.80626381453331,5.1,41.8,12.495035083639152,18520.0,730551614.0,39446.0,57.0,1218.0,4.2,26440.0,0,,0,0.0,0,39,4.46367878282453,10.182633293965623,9.82660650820017,20.409310442374295,14.585363654526105
39037,2018,43059.0,2263736.0,52691.0,10.1,14.7,86.49695202490545,4.7,41.8,12.119134071374614,18475.0,735740455.0,39824.0,58.0,1218.0,3.9,25998.0,0,,0,0.0,0,39,4.460109176610711,10.165774890967965,9.824173745816402,20.41638797183706,14.632527103732144
39037,2019,43238.0,2020430.0,55620.0,10.5,15.8,86.12744983297164,3.3,41.9,11.899525353011926,18271.0,737343584.0,40357.0,61.0,1234.0,3.7,26024.0,0,,0,0.0,0,39,4.455828174014571,10.166774468153188,9.813070382411665,20.418564534192566,14.518820918010638
39037,2020,47822.0,2003064.0,54799.0,11.0,15.4,85.91678342490077,2.7,41.8,11.977289422372714,17443.0,761512250.0,43656.0,60.0,1237.0,6.7,25638.0,0,,0,0.0,0,39,4.453379193198753,10.15183090487208,9.766693701018134,20.450816816841144,14.510188566209392
39037,2021,52595.0,2146470.0,57440.0,10.4,16.7,86.6725073649645,2.4,41.6,12.09588213549548,17960.0,806513540.0,44907.0,49.0,1241.0,4.0,25489.0,0,,0,0.0,0,39,4.462136732749301,10.146002265529594,9.795902341856191,20.508231243981296,14.579335190308692
39037,2022,52633.0,2131127.0,60237.0,11.0,16.3,86.52537527043883,2.6,41.7,14.718144075392768,18311.0,852255974.0,46543.0,47.0,1292.0,3.5,25537.0,0,,0,0.0,0,39,4.460437726645072,10.147883659883789,9.815257251141714,20.563397478637977,14.572161505738556
39039,2012,34084.0,1620449.0,46377.0,14.6,16.4,94.72596913355208,11.0,39.1,12.27513609399669,15308.0,598857655.0,39121.0,,859.0,7.7,18996.0,0,,0,0.0,0,39,4.550988187874255,9.851983709669012,9.636130846545592,20.210534490109854,14.29821382930052
39039,2013,35535.0,1724408.0,47593.0,13.9,16.5,94.57042167942642,11.1,39.2,13.210368728919184,15559.0,623385947.0,40065.0,,861.0,7.5,18926.0,0,,0,0.0,0,39,4.549344759930734,9.848291917068178,9.652394528314963,20.250676382534603,14.360394361139182
39039,2014,36694.0,1736111.0,48853.0,13.5,16.3,94.28849191882368,8.6,39.3,14.057337063214248,16025.0,671437786.0,41899.0,,857.0,5.5,19004.0,0,,0,0.0,0,39,4.546359145276328,9.852404762306811,9.68190528178887,20.324931920342728,14.367158112250518
39039,2015,37031.0,1722904.0,50663.0,13.4,16.7,93.9822578685138,8.4,39.7,13.580765418049298,15734.0,657831443.0,41810.0,,871.0,5.0,18736.0,0,,0,0.0,0,39,4.543106018375581,9.838202085837498,9.663579254889187,20.30445929082007,14.35952179718476
39039,2016,38006.0,1839751.0,50822.0,13.6,15.8,93.54235022481468,6.8,39.9,13.13905726018602,15625.0,669707477.0,42860.0,,859.0,5.0,18453.0,0,,0,0.0,0,39,4.5384142773275675,9.822982237876477,9.656627474604603,20.322351573518567,14.42514079434081
39039,2017,38931.0,1723710.0,55295.0,11.0,16.2,93.11216429699844,5.0,40.0,12.798223553931424,15715.0,670276117.0,42651.0,,873.0,4.8,18505.0,0,,0,0.0,0,39,4.53380483414751,9.825796244820257,9.662370949231669,20.323200300378627,14.359989502599229
39039,2018,40180.0,1630403.0,57665.0,10.8,16.7,93.0343905699356,4.6,40.6,12.51122503159435,15706.0,671454425.0,42753.0,,866.0,4.4,18299.0,0,,0,0.0,0,39,4.532969215871964,9.814601692527686,9.66179808393482,20.32495670118495,14.304337781488158
39039,2019,41239.0,1667729.0,59931.0,10.2,18.0,92.74516952242072,4.3,40.4,12.24617192377394,15385.0,668314751.0,43440.0,,860.0,4.3,18212.0,0,,0,0.0,0,39,4.529855619510501,9.809835996454673,9.641148287756142,20.32026980466027,14.326973378677165
39039,2020,44275.0,1583913.0,62110.0,10.0,18.4,92.4146311824037,4.4,40.7,12.600014471988684,14361.0,653366358.0,45496.0,,861.0,8.2,17731.0,0,,0,0.0,0,39,4.526285312242123,9.783069799056989,9.57227147806062,20.297648568202405,14.275408925605692
39039,2021,48246.0,1680466.0,65779.0,9.5,19.2,93.15591201847128,5.1,40.6,13.013066930011735,14686.0,694427827.0,47284.0,,886.0,4.8,17463.0,0,,0,0.0,0,39,4.5342745627574,9.767839635939845,9.594649938011555,20.358598793952197,14.334581693868838
39039,2022,48038.0,1690775.0,69302.0,10.5,18.9,93.08542957832056,4.9,40.8,15.21335923170939,14850.0,735764219.0,49546.0,34.0,903.0,4.0,17324.0,0,,0,0.0,0,39,4.533517669117015,9.759848102334518,9.605755144230846,20.416420270749082,14.340697561665294
39041,2012,60982.0,9684633.0,90499.0,4.7,49.8,393.67072325887347,4.4,37.2,12.438348303596308,79668.0,3901372879.0,48971.0,118.0,4396.0,5.2,95998.0,0,,0,0.0,0,39,5.975514832113434,11.472082636899623,11.28562327850716,22.08459434839383,16.086050960455278
39041,2013,61759.0,10191943.0,89757.0,4.9,50.5,401.98624835551186,4.4,37.5,12.98673280505192,81466.0,4057314242.0,49804.0,124.0,4509.0,5.3,98027.0,0,,0,0.0,0,39,5.996417879963046,11.492998229910825,11.307941034271929,22.12378707491254,16.137108064156777
39041,2014,63187.0,10445455.0,91936.0,4.9,51.1,410.2950036895206,4.1,37.7,13.62082085726872,82151.0,4181344187.0,50898.0,195.0,4664.0,4.1,100665.0,0,,0,0.0,0,39,6.016876422161033,11.51955345126045,11.31631429624586,22.15389860762597,16.161677513536713
39041,2015,66194.0,10624776.0,91955.0,4.5,51.8,418.4457978955065,3.2,37.8,13.297237747133767,84274.0,4363221009.0,51774.0,191.0,4854.0,3.6,102670.0,0,,0,0.0,0,39,6.036547366357739,11.53927524029301,11.341828674116702,22.196476385088012,16.178699190199577
39041,2016,68464.0,10823334.0,94234.0,4.9,52.5,426.4860193118762,2.7,38.0,12.753338654512378,85181.0,4457210145.0,52327.0,196.0,5058.0,3.6,105264.0,0,,0,0.0,0,39,6.055579586351962,11.564226759325779,11.352533683253327,22.217788879227196,16.197214917006235
39041,2017,71289.0,11628551.0,100229.0,5.1,53.8,435.57555393582714,2.6,38.4,12.316344292274833,88120.0,4735700683.0,53741.0,244.0,5320.0,3.5,107744.0,0,,0,0.0,0,39,6.076668269042826,11.5875133219608,11.38645480091628,22.27839553215082,16.268973925159155
39041,2018,73453.0,12037854.0,104322.0,4.6,54.4,444.565798707878,2.7,38.6,12.011883320116832,88543.0,4899065110.0,55330.0,281.0,5456.0,3.4,109612.0,0,,0,0.0,0,39,6.09709807258796,11.604702136553659,11.391243588702855,22.312310229981975,16.303566742755798
39041,2019,75933.0,13030264.0,106908.0,4.8,54.3,453.8787354986043,2.8,38.8,11.827745882382692,90527.0,5204264141.0,57489.0,266.0,5629.0,3.2,113152.0,0,,0,0.0,0,39,6.11783005993716,11.63648732655726,11.413403427734167,22.372744153610636,16.38278520983208
39041,2020,79078.0,12779173.0,111411.0,4.8,55.5,463.62493709762225,2.5,39.2,11.79999647103648,84743.0,5279365599.0,62299.0,239.0,5891.0,5.4,112054.0,0,,0,0.0,0,39,6.139075900134626,11.626736176940854,11.347378425961264,22.38707177574124,16.363327294334717
39041,2021,85682.0,13818691.0,116284.0,4.6,57.1,476.41301870485415,2.8,39.4,12.07142067195574,88890.0,5717166197.0,64317.0,238.0,6240.0,3.7,113880.0,0,,0,0.0,0,39,6.166285164363964,11.642900541391974,11.395154929235721,22.466739099472136,16.441532654017493
39041,2022,88010.0,14399713.0,123995.0,4.5,57.4,487.58989680625166,3.0,39.8,13.7909748523243,92493.0,6173572241.0,66747.0,271.0,6639.0,3.0,115171.0,0,,0,0.0,0,39,6.18947467714276,11.654173259441963,11.434888244961293,22.543543476693515,16.482718833792056
39043,2012,56743.0,5383437.0,46906.0,12.9,20.3,306.2303014867403,8.7,43.3,11.450068466664126,36312.0,1272398205.0,35041.0,,2013.0,8.0,38645.0,0,,0,0.0,0,39,5.724337438114259,10.562172679540971,10.499903544136302,20.964169307118368,15.49883757574536
39043,2013,56989.0,5633043.0,46498.0,13.3,21.0,304.9648212409665,8.8,43.6,11.464642194471082,36597.0,1258637744.0,34392.0,,2001.0,8.1,38526.0,0,,0,0.0,0,39,5.720196429761668,10.559088617022104,10.507721548816848,20.95329581748398,15.544160351435501
39043,2014,55095.0,5628433.0,48204.0,12.7,21.1,304.0972907580147,8.6,43.8,11.643140308113653,36471.0,1279561474.0,35084.0,,1988.0,6.4,37512.0,0,,0,0.0,0,39,5.717347685594027,10.532416160769422,10.504272703223904,20.969783257740186,15.543341631001784
39043,2015,55141.0,4964225.0,48011.0,12.4,21.2,303.00292891025435,7.7,44.0,12.57009831433048,36848.0,1325681896.0,35977.0,,1966.0,5.6,37487.0,0,,0,0.0,0,39,5.713742471833126,10.531749485189057,10.514556622060466,21.005192802494193,15.417767750629144
39043,2016,58362.0,5040940.0,48276.0,12.8,21.6,301.6777562000573,7.7,44.5,11.845835501345626,36970.0,1368246920.0,37010.0,,1981.0,5.5,37574.0,0,,0,0.0,0,39,5.7093594152403195,10.534067600827244,10.517862051930678,21.036796136935155,15.433103130593617
39043,2017,56616.0,4845101.0,51033.0,13.0,22.4,299.93075674126897,6.5,44.6,12.371674585518086,37403.0,1444636637.0,38623.0,,1981.0,6.1,38352.0,0,,0,0.0,0,39,5.703551637152838,10.554561956674165,10.529506194089404,21.091123664605128,15.393478649322955
39043,2018,57316.0,4716415.0,52270.0,12.0,22.7,299.00353379389384,5.4,44.8,12.50633322746232,37417.0,1443221944.0,38571.0,,1978.0,5.6,38110.0,0,,0,0.0,0,39,5.700455392029521,10.548231993867907,10.529880425582677,21.090143912256814,15.366559535071422
39043,2019,53930.0,4319248.0,54226.0,11.7,23.2,297.58683263824776,5.0,44.8,12.219253547096766,36615.0,1462725830.0,39949.0,,1985.0,5.0,37689.0,0,,0,0.0,0,39,5.695706056812912,10.537123553672528,10.50821327149517,21.103567538824937,15.27859187099357
39043,2020,53787.0,3660771.0,58408.0,11.9,24.9,296.1502339944605,5.7,44.9,11.762641295153276,32928.0,1430286010.0,43437.0,,1982.0,10.4,36471.0,0,,0,0.0,0,39,5.690866872844088,10.504272703223904,10.402078638633776,21.0811402682125,15.11318433893045
39043,2021,57506.0,4110837.0,60149.0,12.1,25.2,300.69084078825887,5.6,44.8,12.565369366611254,35451.0,1598955067.0,45103.0,,2004.0,6.4,36896.0,0,,0,0.0,0,39,5.706082629897253,10.515858423068785,10.475906740307126,21.192616169715468,15.229137215373681
39043,2022,58003.0,4055497.0,65171.0,11.5,26.5,299.6521919072936,6.1,44.8,12.883498929348944,36052.0,1684272502.0,46717.0,83.0,2054.0,4.9,36512.0,0,,0,0.0,0,39,5.702622441769126,10.505396252661802,10.4927176196763,21.244599557965167,15.215583802756102
39045,2012,38904.0,4028930.0,58971.0,11.4,25.8,289.7465129420162,8.0,38.2,12.269565840747177,40082.0,1349347990.0,33665.0,,2796.0,6.6,73353.0,0,,0,0.0,0,39,5.669006447434816,11.203038682530256,10.598682634713374,21.022887342358622,15.209011389984331
39045,2013,39141.0,4098432.0,58786.0,11.9,26.0,291.6736886976693,8.2,38.7,13.202190110344896,41003.0,1386723896.0,33820.0,,2761.0,6.6,73998.0,0,,0,0.0,0,39,5.67563567293456,11.211793344794042,10.621400513741305,21.05020989285369,15.226115019501691
39045,2014,40295.0,4224245.0,60704.0,10.9,26.2,293.5711240867229,7.3,39.1,14.011914861286908,41230.0,1427272938.0,34617.0,,2784.0,5.2,74858.0,0,,0,0.0,0,39,5.682119940700304,11.22334826456399,10.626921425700946,21.079031424145604,15.25635110458013
39045,2015,41756.0,4201466.0,60567.0,10.3,26.0,295.6430362931607,6.9,39.0,13.47843516542269,42154.0,1490361439.0,35355.0,,2844.0,4.4,75125.0,0,,0,0.0,0,39,5.689152768101942,11.226908671837508,10.649084858096993,21.122284503996923,15.250944069969696
39045,2016,43046.0,4389904.0,61473.0,10.2,26.4,297.72684464623836,6.0,39.3,13.112699422702912,42562.0,1542064074.0,36231.0,,2875.0,4.3,76253.0,0,,0,0.0,0,39,5.69617643744052,11.241812037957988,10.658717115392617,21.15638766375345,15.2948179169307
39045,2017,44620.0,4536406.0,63424.0,9.9,26.6,300.4292526245873,5.1,39.2,12.483543174875637,43697.0,1685394892.0,38570.0,,2950.0,4.3,77538.0,0,,0,0.0,0,39,5.705212294059039,11.258523417753246,10.685034728841586,21.24526573056339,15.327645626557127
39045,2018,46053.0,4428793.0,66175.0,9.4,27.2,303.1732971161758,4.4,39.3,12.148952835908291,43855.0,1686545089.0,38458.0,,2994.0,4.1,77580.0,0,,0,0.0,0,39,5.7143045796925,11.259064940993959,10.688644016385481,21.245947947359117,15.3036376444006
39045,2019,47864.0,4618252.0,67609.0,9.2,27.6,306.2405202581464,4.0,39.2,11.91763143311946,44048.0,1755657931.0,39858.0,4.0,3051.0,3.8,79238.0,0,,0,0.0,0,39,5.72437080712073,11.280211260716069,10.693035227382389,21.286109513069434,15.345526836485263
39045,2020,51556.0,4583868.0,70906.0,9.0,29.0,309.7042816214448,3.9,39.6,12.288453425442336,42120.0,1824734799.0,43322.0,7.0,3122.0,6.6,78532.0,0,,0,0.0,0,39,5.735617911944764,11.27126146401864,10.648277966247912,21.32470049780509,15.338053741150587
39045,2021,54943.0,4913703.0,77241.0,8.6,30.2,312.51573761065896,4.1,39.5,12.58930042163956,42924.0,1962976753.0,45732.0,7.0,3221.0,4.4,79302.0,0,,0,0.0,0,39,5.744654828262525,11.281018627985862,10.667186389047018,21.397727909582734,15.407538390676278
39045,2022,55648.0,4940142.0,82969.0,8.7,31.1,315.9834643561706,3.7,39.5,14.317629578716414,43983.0,2121111571.0,48225.0,120.0,3340.0,3.5,80029.0,0,,0,0.0,0,39,5.755689884230954,11.290144347968768,10.691558474606374,21.475206114162912,15.412904633690248
39047,2012,32183.0,1051082.0,38864.0,19.3,13.4,71.19531647968186,12.1,39.4,12.395194862865772,10914.0,339434647.0,31101.0,,666.0,8.3,14118.0,0,,0,0.0,0,39,4.2654270364745965,9.555205857955418,9.297801647746176,19.642791988642077,13.86533066774806
39047,2013,33795.0,1506055.0,37619.0,20.1,13.7,71.12395136344286,11.8,40.4,12.928750236343646,11395.0,353261127.0,31003.0,,660.0,7.6,14369.0,0,,0,0.0,0,39,4.264424148765826,9.572828387229206,9.340929941679784,19.68271807797126,14.225004207259445
39047,2014,33723.0,1869930.0,40576.0,18.2,13.8,71.05750797935826,10.0,40.6,13.541160719828888,11251.0,361255453.0,32110.0,,668.0,6.0,14173.0,0,,0,0.0,0,39,4.263489520731645,9.559094025166905,9.328212292571072,19.70509589208668,14.441411554975051
39047,2015,34673.0,2230590.0,40503.0,18.4,14.1,70.79665617517429,8.6,41.1,13.216214010756058,11332.0,366915200.0,32377.0,,653.0,5.0,14069.0,0,,0,0.0,0,39,4.2598117704201375,9.551729074377214,9.335385860950407,19.720641316649452,14.617776682433806
39047,2016,35879.0,2548291.0,41954.0,18.6,14.5,70.67361287131394,6.9,41.3,12.692188079246336,11842.0,389978369.0,32933.0,,664.0,4.5,14545.0,0,,0,0.0,0,39,4.258072276522014,9.585002570929301,9.37940781309172,19.78160183144721,14.750933496374392
39047,2017,36828.0,2151145.0,44289.0,17.7,15.8,70.5259609066815,6.3,41.1,12.41853777623924,11733.0,398997284.0,34006.0,,666.0,4.2,14465.0,0,,0,0.0,0,39,4.255980881845669,9.579487217410236,9.370160663423624,19.804465167813426,14.581510816484622
39047,2018,37864.0,2067589.0,46478.0,17.0,16.1,70.4915087816006,6.0,40.7,12.153274385203042,11541.0,413496061.0,35828.0,,653.0,4.1,14171.0,0,,0,0.0,0,39,4.255492259750229,9.55895290182487,9.353661191420406,19.840158546385066,14.541893752111886
39047,2019,39175.0,1614942.0,47308.0,16.2,16.3,70.42998712967042,5.8,41.4,11.909647146659152,11134.0,415187923.0,37290.0,,641.0,3.9,14003.0,0,,0,0.0,0,39,4.254619126017992,9.547026871355778,9.317758768743452,19.844241802206014,14.294809600681303
39047,2020,44623.0,1666466.0,48637.0,15.7,15.2,70.40291760282113,4.9,40.6,11.913338360440225,10609.0,432240793.0,40744.0,,633.0,7.4,13939.0,0,,0,0.0,0,39,4.254234705527141,9.542445945729886,9.269457976459272,19.88449338212731,14.326215774481604
39047,2021,48001.0,1691731.0,52964.0,16.1,14.7,71.11164703305681,5.3,41.0,12.17954041814863,10516.0,453785365.0,43152.0,,631.0,4.9,13639.0,0,,0,0.0,0,39,4.264251135391461,9.520688614926875,9.260653185849772,19.93313487990016,14.34126282305756
39047,2022,47620.0,1638269.0,56773.0,15.8,13.7,71.12149049736564,4.3,41.2,14.137419668655424,10764.0,490692599.0,45585.0,16.0,656.0,3.9,13670.0,0,,0,0.0,0,39,4.2643895484855605,9.522958929717996,9.283962511846797,20.011328418411235,14.309150754575983
39051,2012,36852.0,1786264.0,53039.0,10.3,16.7,105.15554437448051,10.4,39.6,11.636318365520802,17488.0,614746304.0,35152.0,43.0,1033.0,7.7,22431.0,0,,0,0.0,0,39,4.655440628999047,10.018199209668024,9.76927021041632,20.236720226842422,14.395636845844205
39051,2013,37864.0,1861837.0,52856.0,11.4,16.3,105.07168631165108,9.9,39.6,11.808333874200835,17599.0,629700159.0,35780.0,41.0,1038.0,7.9,22435.0,0,,0,0.0,0,39,4.654642843983249,10.018377518410084,9.775597361230211,20.26075432596013,14.437074192708005
39051,2014,39152.0,1914061.0,52872.0,12.0,16.7,104.9237014948933,8.6,39.7,12.1421508617295,17783.0,655026754.0,36835.0,43.0,1053.0,5.9,22423.0,0,,0,0.0,0,39,4.653233433588093,10.01784249677353,9.785998223743661,20.300186638566885,14.464737720915608
39051,2015,40541.0,2039210.0,55120.0,10.8,17.2,104.785582332586,6.7,39.8,12.886545884037654,18367.0,701244253.0,38180.0,30.0,1075.0,4.9,22512.0,0,,0,0.0,0,39,4.651916189260539,10.02180377935417,9.818310855128535,20.36836681940218,14.528073035915895
39051,2016,41759.0,2126866.0,55860.0,11.2,17.0,104.73872047394605,6.2,40.0,12.205513328909529,18727.0,731023795.0,39035.0,30.0,1076.0,4.7,22766.0,0,,0,0.0,0,39,4.651468872564636,10.033023473885162,9.837721611760509,20.40995656848386,14.570160092667967
39051,2017,43113.0,2081452.0,57774.0,10.6,17.3,104.31943015979894,5.9,40.2,12.781346122114051,18633.0,755547235.0,40549.0,31.0,1076.0,4.9,22592.0,0,,0,0.0,0,39,4.647457635738183,10.025351140292969,9.832689481227412,20.442952859231614,14.548576285058216
39051,2018,44416.0,2001262.0,60231.0,9.4,17.2,104.3416278823126,4.8,40.8,13.006432732555655,18563.0,778252569.0,41925.0,42.0,1080.0,4.4,22444.0,0,,0,0.0,0,39,4.647670399181498,10.018778596870863,9.828925631209223,20.472561668276366,14.509288539527427
39051,2019,45648.0,1996488.0,63092.0,7.8,17.6,104.21337437445584,4.0,41.1,12.701298001605917,18264.0,791589565.0,43341.0,50.0,1074.0,4.2,22652.0,0,,0,0.0,0,39,4.646440474004576,10.028003427233696,9.812687188209631,20.48955358944309,14.506900194948942
39051,2020,49524.0,2039652.0,61290.0,8.8,17.0,104.04812466240963,4.4,41.3,12.3171079890586,17183.0,786928570.0,45797.0,51.0,1089.0,7.9,21752.0,0,,0,0.0,0,39,4.644853529250113,9.987460986312307,9.751675801946746,20.483648039873703,14.528289763033277
39051,2021,53343.0,2067255.0,65418.0,8.8,17.6,105.33805898181514,3.8,41.1,13.033141982495152,17729.0,857474332.0,48366.0,48.0,1101.0,4.8,21508.0,0,,0,0.0,0,39,4.657174787663864,9.976180237929569,9.782956995898381,20.569501803028654,14.541732198253637
39051,2022,54023.0,2080597.0,71453.0,8.5,18.3,105.07415272526372,3.5,41.4,13.177302683176269,17825.0,966372630.0,54216.0,47.0,1113.0,4.0,21626.0,0,,0,0.0,0,39,4.654666317335127,9.981651573505482,9.788357245282496,20.6890600631378,14.548165429726131
39053,2012,34743.0,2501936.0,39399.0,19.0,15.3,66.18438256918098,10.1,39.8,12.37856781743794,10913.0,422089724.0,38678.0,,715.0,9.7,12652.0,0,,0,0.0,0,39,4.1924445222588975,9.445570584425539,9.29771001811309,19.860728465514427,14.732575390145461
39053,2013,34678.0,2287645.0,39226.0,17.7,15.2,66.14579984138213,9.1,40.1,13.383737499299784,10879.0,406731128.0,37388.0,,706.0,9.7,12504.0,0,,0,0.0,0,39,4.191861394083762,9.433803872101313,9.294589604421082,19.82366290593726,14.643033462101023
39053,2014,35024.0,2266118.0,37494.0,19.9,14.7,65.94002529312156,9.0,40.3,14.269763134294427,10914.0,392671666.0,35979.0,,692.0,7.7,12439.0,0,,0,0.0,0,39,4.188745621221333,9.428591977209965,9.297801647746176,19.788484365175375,14.633578793353731
39053,2015,35913.0,2201836.0,37319.0,20.9,15.1,65.51561528733416,7.5,41.0,13.713453706678717,10904.0,387764200.0,35561.0,,686.0,6.6,12247.0,0,,0,0.0,0,39,4.18228851556147,9.413036288021287,9.296884973376368,19.775907980884863,14.604802115743654
39053,2016,36181.0,2320509.0,39423.0,21.4,15.4,65.11049664544618,7.2,40.5,13.310086797122374,10965.0,385276193.0,35138.0,,694.0,6.9,12176.0,0,,0,0.0,0,39,4.176085775010282,9.407222080101468,9.302463660851988,19.76947101947044,14.657297116130312
39053,2017,37855.0,2410456.0,42002.0,20.9,16.2,64.73967376160162,5.8,40.6,12.861424010288516,11093.0,396618280.0,35755.0,,707.0,6.6,12350.0,0,,0,0.0,0,39,4.170374209276282,9.421411342056123,9.314069557738659,19.798484864767907,14.695326499186834
39053,2018,39787.0,2256042.0,42113.0,22.5,15.3,64.7225258825799,5.2,40.6,12.521249420598748,11140.0,433981322.0,38958.0,,708.0,6.0,12359.0,0,,0,0.0,0,39,4.170109299840646,9.422139821589736,9.318297513481275,19.88851205427221,14.629122508448068
39053,2019,41218.0,2153747.0,44858.0,20.7,15.9,64.49317300066448,4.2,40.7,12.266925624587316,11054.0,432749766.0,39148.0,,715.0,5.4,12336.0,0,,0,0.0,0,39,4.166559373248816,9.42027709580311,9.310547632393208,19.885670211292542,14.582719673903979
39053,2020,44491.0,2017303.0,48975.0,17.5,17.4,64.29382890703707,4.5,40.7,12.704891948350218,10552.0,429184801.0,40674.0,,706.0,8.0,12200.0,0,,0,0.0,0,39,4.163463653185838,9.409191230721348,9.26407069439715,19.87739815569863,14.517272028757608
39053,2021,46419.0,2026614.0,50773.0,16.4,17.2,62.95200737358798,4.6,40.7,13.095571304365638,10630.0,454162857.0,42726.0,,730.0,5.7,12011.0,0,,0,0.0,0,39,4.142372648362997,9.39357817555449,9.271435471335993,19.9339664075415,14.52187697809447
39053,2022,47299.0,1865130.0,55533.0,17.2,18.2,62.752663279960565,4.1,40.2,15.518434180775465,10926.0,488918163.0,44746.0,21.0,742.0,4.7,12041.0,0,,0,0.0,0,39,4.139201019819762,9.39607277189222,9.298900548955663,20.007705677605376,14.4388413137246
39055,2012,56820.0,4035923.0,66127.0,8.3,34.8,233.536763585402,6.2,43.3,11.438146853773857,32463.0,1237121159.0,38109.0,,2924.0,5.4,49043.0,0,,0,0.0,0,39,5.453339510477562,10.800452743290393,10.387856258239758,20.936052871397084,15.210745581978301
39055,2013,57797.0,4224572.0,67663.0,8.1,35.9,233.849028605974,6.0,43.5,11.434819540546282,33069.0,1259021083.0,38073.0,10.0,2917.0,5.8,48934.0,0,,0,0.0,0,39,5.454675730243977,10.798227730379839,10.406351566631425,20.953600337698436,15.256428511866892
39055,2014,60046.0,4243150.0,70487.0,7.9,36.0,234.37113572037043,5.0,43.8,11.66909799539401,33463.0,1321122982.0,39480.0,9.0,2908.0,5.0,49017.0,0,,0,0.0,0,39,5.456905908995667,10.799922455698933,10.41819562981634,21.001747955806575,15.26081647590462
39055,2015,61903.0,4413500.0,72430.0,7.5,37.0,234.5085323294221,4.1,44.2,12.636042145532862,34038.0,1369315339.0,40229.0,8.0,2894.0,4.2,48701.0,0,,0,0.0,0,39,5.457491972424503,10.793454842740767,10.435232826554623,21.03757669931377,15.300178583442424
39055,2016,62884.0,4308699.0,74165.0,6.9,37.3,234.87325787345023,4.0,44.2,11.842341127527884,34310.0,1384231250.0,40345.0,8.0,2906.0,4.5,49049.0,0,,0,0.0,0,39,5.459046040456308,10.800575077425847,10.443192135852495,21.04841076833451,15.276146560363701
39055,2017,64644.0,4235503.0,77104.0,6.5,38.0,234.56099285287823,3.5,44.4,12.433508494831251,34753.0,1442920181.0,41519.0,9.0,2920.0,4.7,49774.0,0,,0,0.0,0,39,5.457715651520494,10.815248038323752,10.456021178201889,21.08993480058592,15.259012651152394
39055,2018,67339.0,4389850.0,79956.0,6.1,38.1,234.72586878374025,2.9,44.6,12.586887992125291,35288.0,1531167474.0,43391.0,4.0,2929.0,4.0,49970.0,0,,0,0.0,0,39,5.4584183174211365,10.819178104338251,10.471298241784776,21.149296336274336,15.294805615902675
39055,2019,70096.0,4408974.0,82303.0,5.8,38.0,234.43109060432025,2.5,44.8,12.209513895971924,35803.0,1564438088.0,43696.0,8.0,2951.0,3.5,50501.0,0,,0,0.0,0,39,5.457161688004,10.829748417047593,10.485786967760543,21.170792547263652,15.299152567293882
39055,2020,71548.0,4088353.0,83730.0,5.9,37.8,233.9664402537091,2.8,44.8,11.681403869548811,33767.0,1572973292.0,46583.0,9.0,2977.0,6.7,46860.0,0,,0,0.0,0,39,5.455177687353205,10.754919712061787,10.427239273188253,21.176233481857427,15.223652757431248
39055,2021,80520.0,4477013.0,90285.0,5.8,38.4,238.34064866188191,3.1,44.6,12.541881803103635,34593.0,1692123531.0,48915.0,9.0,3030.0,4.0,47503.0,0,,0,0.0,0,39,5.473700947241074,10.768548145923093,10.451406628439226,21.249250104330674,15.314466640949064
39055,2022,81234.0,4196229.0,97162.0,5.8,39.4,238.45806030961705,3.1,44.6,12.877178045625264,34941.0,1793628320.0,51334.0,194.0,3091.0,3.9,48394.0,0,,0,0.0,0,39,5.474193447106947,10.787131118078038,10.461416203770762,21.3075063996312,15.249696822795585
39057,2012,41412.0,8499216.0,57992.0,13.4,35.4,391.56686228567145,8.0,37.0,12.61359178925384,67809.0,3352251888.0,49437.0,382.0,3265.0,6.9,80663.0,0,,0,0.0,0,39,5.970156285741936,11.29803526089217,11.124450208481699,21.932898162327685,15.95548448191249
39057,2013,42193.0,8547607.0,58080.0,13.9,36.0,393.1434208903687,8.5,37.5,12.406527059112218,67936.0,3320345770.0,48874.0,332.0,3264.0,7.0,79358.0,0,,0,0.0,0,39,5.974174483947685,11.281724540028286,11.126321364502983,21.923334762042185,15.961161918697439
39057,2014,43790.0,8710717.0,58775.0,14.3,36.9,394.89649602596,8.1,37.6,12.598841495264482,68622.0,3465492305.0,50501.0,305.0,3308.0,5.2,79935.0,0,,0,0.0,0,39,5.9786236951865375,11.288969083398992,11.13636846200927,21.96612053886104,15.980064664614012
39057,2015,45850.0,9037446.0,60113.0,13.6,37.1,397.0219485006976,7.6,37.7,12.736821592191772,70937.0,3646978165.0,51411.0,265.0,3479.0,4.4,80645.0,0,,0,0.0,0,39,5.983991565054946,11.297812085351284,11.169547438174869,22.017164761642338,16.01688717032757
39057,2016,46936.0,9313783.0,61116.0,12.8,37.6,397.3435471117785,6.5,38.0,11.9671078579634,71731.0,3762013898.0,52446.0,230.0,3477.0,4.4,81414.0,0,,0,0.0,0,39,5.984801264445031,11.307302527374008,11.180678290191572,22.048220262129963,16.047005903992368
39057,2017,49049.0,9741194.0,65032.0,12.3,38.8,398.552564446669,5.7,38.1,11.753568264355213,74204.0,3981624986.0,53658.0,313.0,3546.0,4.3,82947.0,0,,0,0.0,0,39,5.987839395294754,11.325957128599292,11.214573336058264,22.104955860855615,16.091874255374506
39057,2018,50378.0,9743023.0,67109.0,12.2,39.0,400.9367466310731,5.5,38.1,11.463368332617868,75963.0,4187519914.0,55126.0,382.0,3587.0,4.0,83164.0,0,,0,0.0,0,39,5.993803675789822,11.32856984086328,11.23800165861711,22.15537448966838,16.09206199707389
39057,2019,51598.0,10094509.0,68720.0,11.6,39.2,402.6076085878919,5.4,38.3,11.333803643486016,76486.0,4390725264.0,57406.0,352.0,3701.0,3.8,84343.0,0,,0,0.0,0,39,5.997962411655758,11.34264709697859,11.24486299653094,22.202760258588576,16.12750217060664
39057,2020,54924.0,10212491.0,70055.0,10.9,39.7,405.9082259121431,5.1,38.3,10.80806957799814,73770.0,4552362304.0,61711.0,212.0,3770.0,6.5,82185.0,0,,0,0.0,0,39,6.006127089498441,11.316728082640626,11.208707423878348,22.23891212287028,16.139122136877056
39057,2021,60000.0,10775987.0,75901.0,10.9,41.1,403.9157653442435,4.7,38.3,10.994049612890455,75021.0,4826246286.0,64332.0,144.0,3854.0,4.4,81639.0,0,,0,0.0,0,39,6.001206354598505,11.310062367951163,11.225523353325764,22.297334836000854,16.19283079068705
39057,2022,60576.0,10783097.0,81243.0,10.6,41.2,405.1828155112088,4.6,38.6,12.352606913762678,76173.0,5046971533.0,66257.0,334.0,4002.0,3.6,81766.0,0,,0,0.0,0,39,6.004338361581839,11.311616788263537,11.240762348176117,22.342054203908205,16.193490373465036
39059,2012,32827.0,1225795.0,39293.0,18.5,12.7,76.69831154955251,11.4,40.8,12.384028414111524,13948.0,489869791.0,35122.0,,941.0,9.0,18235.0,0,,0,0.0,0,39,4.339879694435371,9.81109810324278,9.543091407795542,20.009650181102707,14.019100171056612
39059,2013,33624.0,1360652.0,38841.0,20.3,12.9,76.466623520356,11.4,41.3,13.38663663088381,14517.0,523525542.0,36063.0,,933.0,8.6,18533.0,0,,0,0.0,0,39,4.33685435177708,9.82730820579731,9.583075655461428,20.076096377915576,14.123474554595836
39059,2014,35828.0,1544381.0,40420.0,18.7,13.2,76.19663994914352,11.6,41.9,14.256797603872611,15340.0,580839197.0,37865.0,,952.0,6.7,19140.0,0,,0,0.0,0,39,4.333317366564784,9.859535665006945,9.638219074921247,20.17998450714531,14.25013374078424
39059,2015,36594.0,1912263.0,40930.0,19.9,13.5,75.87495739620951,11.7,42.2,13.69164624292741,15610.0,611342214.0,39164.0,,957.0,6.3,19270.0,0,,0,0.0,0,39,4.329086687879795,9.866304761408411,9.655667013509477,20.23116744872462,14.463797915435288
39059,2016,36415.0,1873930.0,41566.0,19.8,13.6,75.59157038529145,9.3,42.3,13.290406186504535,15099.0,577063888.0,38219.0,,951.0,7.1,18968.0,0,,0,0.0,0,39,4.325344774128523,9.850508627745242,9.62238379544447,20.17346354277962,14.443548387827786
39059,2017,38561.0,1949553.0,42744.0,20.2,13.9,75.4690246508404,8.5,42.4,12.862921152014238,15309.0,615301040.0,40191.0,,951.0,6.0,19052.0,0,,0,0.0,0,39,4.323722302546119,9.854927361920751,9.63619616973208,20.237622201941697,14.48311067349331
39059,2018,40546.0,2058811.0,43975.0,20.2,14.2,75.20095585672871,7.0,42.5,12.53035310583591,15334.0,638663593.0,41649.0,,951.0,5.5,18857.0,0,,0,0.0,0,39,4.320163941735766,9.844639476726922,9.63782786411884,20.274888415184908,14.537639189664668
39059,2019,41708.0,2173962.0,45917.0,19.9,14.6,74.88884718929869,5.9,42.2,12.27776649348991,15145.0,639011236.0,42194.0,,963.0,5.5,18781.0,0,,0,0.0,0,39,4.316004976756479,9.840600999480937,9.625425723461337,20.275432595911788,14.592061867209699
39059,2020,46179.0,2150372.0,46352.0,19.0,15.1,74.66864782270696,5.0,42.6,12.66023762179271,13982.0,623195833.0,44570.0,,964.0,8.7,18254.0,0,,0,0.0,0,39,4.313060296174752,9.812139513076822,9.54552606707193,20.250371366041463,14.581151408392863
39059,2021,49185.0,2060216.0,48434.0,18.4,14.8,73.7993390189448,4.9,42.4,13.04664558582196,14002.0,651047530.0,46498.0,,957.0,5.6,17741.0,0,,0,0.0,0,39,4.301349775183456,9.783633624060649,9.546955455537143,20.294093208260378,14.538321389637861
39059,2022,48967.0,1888989.0,53901.0,17.0,14.9,73.5446736645387,4.6,42.6,15.481308692320148,14281.0,678693823.0,47524.0,20.0,966.0,4.9,17729.0,0,,0,0.0,0,39,4.297893026539879,9.782956995898381,9.566685261452934,20.335680660409643,14.45155232327982
39061,2012,49235.0,69980785.0,49104.0,17.1,33.2,1976.6555584881369,9.2,37.1,10.740702731610694,490070.0,26611014254.0,54300.0,610.0,23248.0,7.4,402186.0,0,,0,0.0,0,39,7.589161583656001,12.904669947161898,13.102303517026556,24.004591036730112,18.06373126233161
39061,2013,49286.0,71074657.0,48593.0,18.0,33.7,1979.4453475149664,9.8,37.2,11.22713103778966,493751.0,26931659372.0,54545.0,740.0,23228.0,7.3,402152.0,0,,0,0.0,0,39,7.590571956927845,12.904585405588529,13.109786620511873,24.01656835984413,18.079241389601545
39061,2014,50676.0,72548910.0,48927.0,18.4,34.3,1981.396473173872,9.6,37.1,11.448350463296627,499116.0,28128454048.0,56357.0,728.0,23189.0,5.5,402530.0,0,,0,0.0,0,39,7.591557164570591,12.905524907224713,13.12059381264773,24.060047500525947,18.09977151306031
39061,2015,52382.0,73047760.0,49013.0,18.3,35.0,1983.6707308951252,8.8,37.0,11.443164491816978,505396.0,28552668031.0,56496.0,798.0,23359.0,4.5,402777.0,0,,0,0.0,0,39,7.592704311821119,12.906138337898346,13.133097559381762,24.07501621985552,18.106624031762017
39061,2016,53614.0,74823723.0,50399.0,17.8,35.6,1988.039180379224,7.9,37.0,11.813670598568663,509034.0,29261092587.0,57484.0,752.0,23658.0,4.5,406542.0,0,,0,0.0,0,39,7.594904095462564,12.915442523665963,13.140270090944233,24.099524572476927,18.13064554506893
39061,2017,55603.0,76667322.0,52389.0,17.0,36.3,1994.7928871479776,7.0,36.9,11.760680880745989,515161.0,30321396405.0,58858.0,755.0,23877.0,4.4,412841.0,0,,0,0.0,0,39,7.598295507968787,12.930817809922843,13.152234752149221,24.135119452233937,18.154986126008914
39061,2018,57836.0,75747380.0,54976.0,16.2,37.1,2003.0167214675623,6.1,36.8,11.317928346746193,518172.0,31302968719.0,60410.0,871.0,23900.0,4.1,414927.0,0,,0,0.0,0,39,7.602409683842436,12.935857880125523,13.158062512458484,24.1669787772472,18.142914414296847
39061,2019,59517.0,80119378.0,57212.0,15.8,37.9,2006.8449730764391,5.4,36.8,11.240821703535598,520766.0,32949630309.0,63271.0,1000.0,24391.0,3.8,420336.0,0,,0,0.0,0,39,7.604319102702043,12.948809670430116,13.163056083567204,24.21824587807478,18.19902830537679
39061,2020,63014.0,78470657.0,59190.0,14.8,38.9,2012.2740850552657,5.4,36.8,11.25661560478815,487691.0,33186051924.0,68047.0,1481.0,24816.0,7.9,412765.0,0,,0,0.0,0,39,7.607020747118397,12.930633702733179,13.097437287560265,24.225395501821474,18.178235316695087
39061,2021,70497.0,81514133.0,63080.0,14.9,39.6,2039.4073116645743,5.1,36.7,11.43892021209147,497285.0,34948226133.0,70278.0,1522.0,25599.0,4.9,413635.0,0,,0,0.0,0,39,7.620414511127471,12.932739221420032,13.116918581368372,24.27713354991758,18.21628697422008
39061,2022,71953.0,83363276.0,68249.0,14.9,40.3,2041.5804364502833,5.0,36.8,11.991457833532545,510941.0,36856837732.0,72135.0,2046.0,26606.0,3.6,416987.0,0,,0,0.0,0,39,7.621479510644862,12.940810325235034,13.144009402637254,24.3303069941893,18.238718434621312
39063,2012,41083.0,4559313.0,49350.0,13.6,24.6,141.23747235684374,8.5,38.4,12.3489275213329,41562.0,1743051158.0,41938.0,12.0,1810.0,6.4,39807.0,0,,0,0.0,0,39,4.950442674814264,10.591798055204546,10.63494156725066,21.278902953598614,15.33268251224579
39063,2013,41424.0,4889172.0,49589.0,14.0,25.7,141.6063614548534,8.6,38.4,13.34582429901319,42568.0,1888391612.0,44362.0,11.0,1824.0,6.2,40172.0,0,,0,0.0,0,39,4.9530511057791236,10.60092551451323,10.658858076276205,21.358991304771003,15.402533521960558
39063,2014,47424.0,5459366.0,50166.0,14.8,24.9,141.70234790382534,8.0,38.9,14.21703858918074,43597.0,1976245051.0,45330.0,8.0,1811.0,4.4,40551.0,0,,0,0.0,0,39,4.9537287160994135,10.610315720151938,10.682743619630342,21.404464442246997,15.512843223762845
39063,2015,56724.0,6171179.0,50895.0,13.9,25.8,141.9620759422199,6.9,39.2,13.663907352828131,44559.0,2063916401.0,46319.0,5.0,1809.0,3.7,40887.0,0,,0,0.0,0,39,4.9555599511020585,10.618567443095623,10.704569432697642,21.44787118035397,15.6354004635265
39063,2016,50676.0,5859040.0,51604.0,13.5,25.8,142.42130522749727,5.5,38.9,13.25903316166065,45397.0,2136147320.0,47055.0,7.0,1810.0,3.7,41625.0,0,,0,0.0,0,39,4.958789603148252,10.636456227282745,10.723201302550953,21.48226972570349,15.583496325607223
39063,2017,48358.0,5364502.0,52831.0,12.1,27.1,142.11264292099938,4.5,38.9,12.823131261923946,45734.0,2254004462.0,49285.0,4.0,1812.0,3.6,41831.0,0,,0,0.0,0,39,4.956620003143869,10.641392970437847,10.73059728275904,21.535974232153873,15.495314105880194
39063,2018,50358.0,5420344.0,55644.0,11.6,26.7,142.45518279772267,4.3,39.2,12.49622069696244,45606.0,2318174041.0,50831.0,5.0,1820.0,3.4,41580.0,0,,0,0.0,0,39,4.959027443558458,10.635374561412004,10.727794565794095,21.564045661444048,15.505669840036466
39063,2019,50945.0,5347892.0,58450.0,10.8,27.1,142.73184962122994,3.6,39.3,12.241421656623166,46090.0,2387067676.0,51792.0,5.0,1810.0,3.2,42288.0,0,,0,0.0,0,39,4.960967692439726,10.65225863684407,10.738351285714554,21.593331535807355,15.49221302253484
39063,2020,55623.0,5189309.0,57384.0,10.4,27.6,142.5963393403284,3.7,39.3,12.660803548290115,43561.0,2496034168.0,57300.0,5.0,1821.0,6.8,41435.0,0,,0,0.0,0,39,4.960017836825508,10.631881213283142,10.681917533624532,21.63796897646246,15.462111105622961
39063,2021,57128.0,5415542.0,60828.0,11.1,28.0,141.41815273137908,3.7,39.3,13.055745520438114,44140.0,2614345774.0,59229.0,,1863.0,4.2,40717.0,0,,0,0.0,0,39,4.9517211238038294,10.614400974640018,10.695121679810727,21.684279721135784,15.504783525744427
39063,2022,59487.0,5530360.0,67006.0,10.5,28.5,141.29205288665128,3.7,39.4,15.478443166117245,44327.0,2772222244.0,62541.0,80.0,1908.0,3.3,40188.0,0,,0,0.0,0,39,4.950829045268392,10.601323722582205,10.69934925118787,21.74291508966343,15.525763470837145
39065,2012,29271.0,936899.0,40732.0,18.0,14.0,68.01407657059018,10.6,34.8,12.67673718292233,8037.0,271917763.0,33833.0,,545.0,7.5,14895.0,0,,0,0.0,0,39,4.219714692143858,9.608780865147382,8.991811158212718,19.421010236633975,13.75033076458894
39065,2013,30533.0,940577.0,40415.0,18.1,13.4,67.80143955261171,11.7,35.1,13.363755026352836,8129.0,278580567.0,34271.0,,539.0,7.7,14924.0,0,,0,0.0,0,39,4.216583427060352,9.610725934341048,9.003193193746572,19.445217864544077,13.754248795716975
39065,2014,30805.0,979381.0,42670.0,18.9,14.5,67.67385734182463,10.5,35.2,14.09712302627683,8338.0,287567080.0,34491.0,,541.0,5.7,15147.0,0,,0,0.0,0,39,4.214699950863171,9.625557771527026,9.028578658440741,19.476966712725527,13.794676018429751
39065,2015,29900.0,862490.0,42703.0,18.7,13.5,67.48248402564403,9.6,35.4,13.521952059266336,8351.0,288321313.0,34527.0,,542.0,4.9,14544.0,0,,0,0.0,0,39,4.211868068287208,9.58493381641726,9.03013657115323,19.47958608634169,13.66757883361754
39065,2016,30609.0,885839.0,44842.0,15.6,14.4,67.30386893054211,8.2,35.8,13.048042573173367,8374.0,294955224.0,35222.0,,529.0,5.0,14434.0,0,,0,0.0,0,39,4.209217722822126,9.577341813632218,9.032886946579088,19.50233411973303,13.694290497499322
39065,2017,31791.0,877953.0,46404.0,16.6,15.5,67.14226479687848,6.8,35.6,12.509686559550222,8369.0,299842826.0,35827.0,,516.0,4.9,14429.0,0,,0,0.0,0,39,4.206813723435725,9.576995349297256,9.032289682032873,19.518768981996597,13.685348340432723
39065,2018,33388.0,933704.0,48773.0,16.7,16.6,67.06996821076581,5.9,35.5,12.139559438200116,8273.0,299886123.0,36251.0,,525.0,4.4,14094.0,0,,0,0.0,0,39,4.205736376140545,9.553504453886967,9.020752479190183,19.518913370557954,13.746914750494113
39065,2019,33783.0,883214.0,50506.0,13.9,16.2,66.82118289973101,5.1,35.9,11.927108592042076,8204.0,306001198.0,37300.0,29.0,526.0,4.2,14033.0,0,,0,0.0,0,39,4.2020201395514905,9.549166977751137,9.012377119192271,19.53909957494167,13.69132280582861
39065,2020,37157.0,860683.0,50214.0,14.3,16.0,66.7531390539779,5.1,36.6,11.97798736311115,7828.0,305981199.0,39090.0,28.0,523.0,8.1,13920.0,0,,0,0.0,0,39,4.201001323200509,9.54108193388841,8.965462328515967,19.5390342168526,13.665481539077337
39065,2021,40647.0,924906.0,52112.0,17.8,16.4,65.36036658621899,4.7,36.1,12.10703071815856,7806.0,314600141.0,40303.0,30.0,527.0,5.2,13506.0,0,,0,0.0,0,39,4.179916059260299,9.510889310134788,8.96264794774056,19.566812996776527,13.737447389709114
39065,2022,40502.0,945323.0,55876.0,18.2,18.5,65.11370764536397,4.7,35.6,14.737752154289558,7623.0,340797307.0,44708.0,32.0,535.0,4.2,13131.0,0,,0,0.0,0,39,4.176135089958082,9.482731125859004,8.938925271988273,19.64679845089291,13.759281947017728
39067,2012,30703.0,312539.0,37088.0,19.4,7.8,39.31588667042808,7.1,44.2,12.296124920224203,3428.0,116625120.0,34020.0,,325.0,8.5,6977.0,0,,0,0.0,0,39,3.6716286781696574,8.850374303939237,8.13973227971767,18.574475246070158,12.652484540371722
39067,2013,32647.0,508687.0,39002.0,18.4,9.2,39.186639856237775,7.6,44.9,13.21633228133141,3911.0,152910915.0,39101.0,,337.0,7.9,7285.0,0,,0,0.0,0,39,3.6683358687101486,8.893572718629306,8.271548374755515,18.845366054878536,13.13958817514718
39067,2014,34561.0,641425.0,41819.0,17.9,9.5,39.017624791527375,6.7,45.4,14.000585083626952,4068.0,164580406.0,40461.0,,348.0,6.0,7374.0,0,,0,0.0,0,39,3.664013461777054,8.90571557879409,8.31090675716845,18.918909799024203,13.371447542718892
39067,2015,35393.0,999559.0,43173.0,17.3,8.6,38.85606627378949,5.6,45.9,13.480562985084024,3875.0,155808503.0,40212.0,,359.0,6.4,7208.0,0,,0,0.0,0,39,3.659864210667619,8.882946799288174,8.262300941787448,18.86413826629166,13.815069460695176
39067,2016,35250.0,1033012.0,44000.0,18.1,9.7,38.57768852014883,4.6,46.2,13.131336282952647,3634.0,138961467.0,38236.0,,355.0,7.7,6998.0,0,,0,0.0,0,39,3.6526740917414795,8.853379672927634,8.198089248956116,18.74970723683622,13.847989364684835
39067,2017,38487.0,860120.0,46223.0,15.7,10.9,38.269484578618105,4.9,46.0,12.794087745264344,3997.0,183131749.0,45813.0,,350.0,6.0,7173.0,0,,0,0.0,0,39,3.644652831320214,8.878079256126435,8.293299358711323,19.025716391664,13.664827193379326
39067,2018,39534.0,767491.0,48462.0,17.0,10.1,38.045788169442574,5.6,46.0,12.47742124314752,3858.0,185770733.0,48156.0,,343.0,5.2,6965.0,0,,0,0.0,0,39,3.638790386182002,8.848652886213905,8.257904193465674,19.040023853099157,13.55088203199037
39067,2019,40902.0,901819.0,49689.0,16.0,11.6,37.80717866632201,5.3,46.3,12.216851934209611,3696.0,180508762.0,48842.0,,352.0,5.3,6886.0,0,,0,0.0,0,39,3.632498996402038,8.83724564389847,8.215006432761575,19.011289877495326,13.712169113720337
39067,2020,42996.0,1035568.0,49454.0,16.3,12.4,37.61082292937904,5.9,46.1,12.656649349861937,3409.0,165970041.0,48693.0,,342.0,9.3,6682.0,0,,0,0.0,0,39,3.6272918528432148,8.807172622916703,8.134174272137903,18.927317854129466,13.85046062642073
39067,2021,46196.0,918367.0,51993.0,14.8,12.2,36.345695459708544,5.5,46.2,13.028153284988711,3332.0,160501663.0,48166.0,,342.0,6.3,6464.0,0,,0,0.0,0,39,3.593075777702174,8.774003600200931,8.111328003286733,18.893814861851382,13.730352371846118
39067,2022,47045.0,801238.0,54056.0,15.4,11.7,36.10957147224549,4.5,46.1,15.233305750552228,3433.0,181094821.0,52754.0,24.0,338.0,4.9,6463.0,0,,0,0.0,0,39,3.5865579679313697,8.773848885262895,8.141189793457691,19.01453132498476,13.593913310505803
39069,2012,37243.0,1265431.0,49423.0,12.5,13.3,67.89740631234827,10.1,39.6,12.298626151466236,11232.0,403278543.0,35906.0,,670.0,8.7,14125.0,0,,0,0.0,0,39,4.217997835195127,9.555701556014641,9.326522126265592,19.815138054857695,14.050923333577238
39069,2013,38516.0,1386743.0,49439.0,13.5,13.8,67.70029566596956,9.4,39.8,13.238188200116062,11157.0,407071930.0,36487.0,,659.0,8.8,14016.0,0,,0,0.0,0,39,4.215090547205141,9.547954813176172,9.31982238259318,19.824500459978307,14.14246839013117
39069,2014,39010.0,1465365.0,52526.0,12.7,14.8,67.4839547126271,7.7,40.8,14.071094159222971,11065.0,413841946.0,37400.0,,653.0,6.5,13786.0,0,,0,0.0,0,39,4.211889861660389,9.531408863445597,9.31154225248515,19.840994685948885,14.197614916159084
39069,2015,39942.0,1440293.0,53835.0,11.4,16.1,67.34213119876927,6.7,41.2,13.597490108357553,11023.0,425906451.0,38637.0,,651.0,5.7,13595.0,0,,0,0.0,0,39,4.209786061565502,9.51745735706657,9.307739277963316,19.869730281526795,14.18035712307674
39069,2016,41106.0,1390405.0,54941.0,10.2,16.0,67.04165765246027,5.3,41.4,13.154568724253242,11094.0,442664728.0,39903.0,,657.0,5.4,13660.0,0,,0,0.0,0,39,4.205314182187652,9.522227133124781,9.31415970061518,19.90832321980488,14.145105629574255
39069,2017,42253.0,1307777.0,58070.0,9.0,17.4,66.0152400182688,4.5,41.2,12.813484940155956,11140.0,455120566.0,40855.0,,663.0,5.2,13597.0,0,,0,0.0,0,39,4.18988562473867,9.517604459155686,9.318297513481275,19.936072922033947,14.083839307167693
39069,2018,43222.0,1263706.0,59083.0,9.7,18.0,65.66188312780943,4.2,41.3,12.534676771184673,11023.0,461762465.0,41890.0,,667.0,4.9,13372.0,0,,0,0.0,0,39,4.184518591647097,9.500918247539989,9.307739277963316,19.950561171806495,14.049559231697833
39069,2019,44476.0,1448603.0,59695.0,8.4,17.2,65.40227398379847,3.1,41.1,12.275533144848918,10812.0,472522265.0,43705.0,,669.0,4.7,13295.0,0,,0,0.0,0,39,4.180557028253149,9.49514330367712,9.288411907396338,19.973595425481,14.186110201706288
39069,2020,48976.0,1413325.0,60425.0,8.2,17.6,65.0657436119324,4.5,41.6,12.619044688232922,10271.0,488291687.0,47543.0,,664.0,8.1,13001.0,0,,0,0.0,0,39,4.175398198918233,9.472781556562168,9.237079669165805,20.006423504516707,14.161455642296232
39069,2021,52926.0,1414263.0,64513.0,9.7,17.7,66.38782721569193,4.8,41.4,13.03926691136762,10223.0,499719881.0,48883.0,,673.0,5.2,12695.0,0,,0,0.0,0,39,4.195513714611414,9.448963494138779,9.232395362757014,20.02955826139452,14.162119105314472
39069,2022,53207.0,1256296.0,71616.0,9.5,18.1,66.34696281339392,4.5,41.8,15.230314812665284,10443.0,523904587.0,50170.0,30.0,676.0,4.5,12694.0,0,,0,0.0,0,39,4.194897984499058,9.448884719866415,9.253687176479549,20.076820139827806,14.043678267034563
39071,2012,29919.0,1163626.0,39641.0,17.6,11.1,78.56672765800494,14.1,39.0,12.211245866485331,10319.0,321119200.0,31118.0,34.0,742.0,10.4,17613.0,0,,0,0.0,0,39,4.363948297574119,9.776392544732296,9.241742135115715,19.58732295172868,13.967051549801814
39071,2013,30418.0,1160915.0,39091.0,19.5,11.4,78.46005308416082,15.5,39.6,12.846055523515936,10284.0,327139606.0,31812.0,35.0,752.0,10.5,17496.0,0,,0,0.0,0,39,4.362589617357278,9.769727562356604,9.23834456838578,19.605897567416598,13.964719045252213
39071,2014,31152.0,1138353.0,39855.0,20.3,11.2,78.22681545660335,14.2,39.7,13.423421941556697,10444.0,333799701.0,31960.0,34.0,760.0,7.8,17370.0,0,,0,0.0,0,39,4.359612497423747,9.76249985923515,9.25378292981902,19.62605167344565,13.945093038890029
39071,2015,32219.0,1149548.0,39858.0,20.2,12.1,78.05324326865359,11.5,40.1,12.948909405764464,10240.0,324021909.0,31643.0,34.0,757.0,6.4,16995.0,0,,0,0.0,0,39,4.357391199828456,9.740674462130217,9.234056898593499,19.59632169184082,13.954879379599339
39071,2016,32923.0,1115390.0,40593.0,20.7,12.0,77.94295260756053,9.6,40.2,12.676327046129096,10266.0,331911916.0,32333.0,33.0,768.0,6.4,16998.0,0,,0,0.0,0,39,4.355977182276935,9.740850969058572,9.236592743120248,19.620380178425965,13.92471467750382
39071,2017,34757.0,1218401.0,42333.0,21.6,12.3,77.80192520485134,7.3,40.3,12.300311104143558,10461.0,357736651.0,34197.0,33.0,768.0,5.9,17233.0,0,,0,0.0,0,39,4.354166176441821,9.754581429281577,9.25540933534376,19.695307661938063,14.013049901311275
39071,2018,35974.0,1244850.0,43297.0,20.9,12.6,77.75853215786391,6.5,40.4,11.926690318554895,10570.0,372084851.0,35203.0,34.0,769.0,5.5,17235.0,0,,0,0.0,0,39,4.3536082834033385,9.754697478950966,9.265775078864284,19.73463248031394,14.034525598694703
39071,2019,37184.0,1298230.0,44169.0,19.4,13.4,77.7748045504842,6.7,40.8,11.731019744114157,10387.0,380398754.0,36623.0,36.0,770.0,5.2,17234.0,0,,0,0.0,0,39,4.353817529768447,9.754639455799712,9.248310303227811,19.75673061313067,14.076512356234542
39071,2020,40912.0,1339839.0,47973.0,19.0,13.8,77.8905193424507,4.8,40.9,11.83115777868088,10225.0,409159559.0,40017.0,39.0,773.0,8.7,17399.0,0,,0,0.0,0,39,4.355304242549257,9.764168012286715,9.232590980911002,19.82961575773453,14.108060015454862
39071,2021,44754.0,1373798.0,52376.0,16.7,14.1,78.03877891965779,5.2,40.6,11.961117069751722,10367.0,403305745.0,38903.0,36.0,794.0,5.8,17209.0,0,,0,0.0,0,39,4.357205868780341,9.753187781764911,9.246382963323112,19.81520550472106,14.133089724944874
39071,2022,44602.0,1323964.0,60522.0,14.8,15.2,78.2611682854684,4.4,40.8,14.002547280211708,10706.0,430843545.0,40242.0,35.0,823.0,4.9,17317.0,0,,0,0.0,0,39,4.360051544928806,9.75944395695215,9.278559610953327,19.88125557752552,14.0961408247771
39073,2012,31049.0,649433.0,40556.0,16.7,12.8,69.70943327265522,10.3,41.9,12.269565840747177,6570.0,203595158.0,30989.0,,532.0,8.3,13555.0,0,,0,0.0,0,39,4.244335649679795,9.514510761932765,8.790269111478656,19.131644060432503,13.38385495349776
39073,2013,31877.0,649101.0,42089.0,15.9,12.7,69.46260700749261,10.5,41.9,13.202190110344896,6440.0,199185867.0,30928.0,,529.0,8.1,13191.0,0,,0,0.0,0,39,4.240788579112214,9.48729005784892,8.770283819098399,19.109748951802608,13.383343607615043
39073,2014,32495.0,636919.0,42792.0,16.8,13.7,69.08999428027597,9.7,42.2,14.011914861286908,6467.0,201889827.0,31220.0,,525.0,6.5,13213.0,0,,0,0.0,0,39,4.235409919714131,9.488956472414216,8.774467601446593,19.123232695683765,13.364397767913236
39073,2015,34075.0,631282.0,42170.0,17.4,15.1,68.62244837415065,9.5,42.6,13.47843516542269,6555.0,209003349.0,31883.0,,533.0,5.7,13057.0,0,,0,0.0,0,39,4.228619716976682,9.477079667408038,8.7879833961978,19.157860833724147,13.355507951356163
39073,2016,35201.0,641244.0,43382.0,16.6,14.1,68.09082257226196,9.1,42.7,13.112699422702912,6824.0,217700080.0,31901.0,,538.0,5.6,13063.0,0,,0,0.0,0,39,4.220842440083705,9.477539085486564,8.828201089171515,19.19862889368289,13.371165318698196
39073,2017,36848.0,632148.0,48073.0,14.2,14.1,67.75143645766336,7.4,42.7,12.753270659522451,6766.0,219187157.0,32395.0,,540.0,5.4,13148.0,0,,0,0.0,0,39,4.215845661862178,9.48402493478411,8.819665349340653,19.20543652099319,13.35687882292898
39073,2018,37874.0,614970.0,50000.0,13.6,14.8,67.62802332508205,5.9,42.9,12.436073728392277,6569.0,215642834.0,32829.0,,532.0,5.1,13032.0,0,,0,0.0,0,39,4.214022443377394,9.475163150281881,8.790116892892472,19.189134050735543,13.329328765111043
39073,2019,39788.0,629074.0,52363.0,13.3,14.4,67.37882373044674,4.9,43.1,12.162733213098624,6579.0,220669893.0,33541.0,,552.0,4.7,13086.0,0,,0,0.0,0,39,4.210330780575311,9.479298235429685,8.791638037085997,19.21217844597221,13.352004175821529
39073,2020,43321.0,611595.0,54774.0,14.5,13.9,67.17946405473847,3.8,42.9,12.62827295862516,6473.0,227492343.0,35144.0,,564.0,7.5,12708.0,0,,0,0.0,0,39,4.207367606402078,9.449986995389407,8.77539495854551,19.242627138646007,13.323825577725668
39073,2021,45892.0,631679.0,56755.0,16.3,14.8,66.88042454117608,4.0,42.5,12.994426393011262,6834.0,245378299.0,35905.0,4.0,577.0,4.9,12792.0,0,,0,0.0,0,39,4.2029063165609655,9.45657525451379,8.829665432675236,19.318311655197977,13.356136632705905
39073,2022,46040.0,625899.0,59007.0,16.6,14.7,66.70005150124956,4.7,42.6,15.225394877137628,6804.0,257384211.0,37828.0,20.0,581.0,4.1,12915.0,0,,0,0.0,0,39,4.200205725053957,9.46614470552994,8.825265953515752,19.366080510918565,13.346944295212204
39075,2012,30796.0,1754713.0,44091.0,15.6,8.3,100.56742354689408,6.1,29.7,12.132629795607745,17801.0,552154503.0,31017.0,,1141.0,5.1,19755.0,0,,0,0.0,0,39,4.6108283836226525,9.891161902845491,9.787009914477434,20.129338461816715,14.37781586874563
39075,2013,32974.0,1876752.0,45477.0,15.8,8.5,101.37194400537608,6.2,29.9,12.91256886730861,18122.0,577029104.0,31841.0,,1157.0,5.2,20034.0,0,,0,0.0,0,39,4.618796366534842,9.90518610917171,9.804881948782006,20.173403263408282,14.44505318110672
39075,2014,35672.0,2066219.0,47625.0,14.4,7.8,102.16463328064512,5.5,30.1,13.655578681147484,18063.0,610083098.0,33776.0,,1256.0,4.0,19953.0,0,,0,0.0,0,39,4.62658556387367,9.90113478695253,9.801620926132557,20.229105732083188,14.54123092498002
39075,2015,38622.0,2226835.0,51996.0,12.7,7.8,102.7798548077196,4.2,30.4,13.386060135579925,19152.0,678410052.0,35423.0,,1319.0,3.5,20691.0,0,,0,0.0,0,39,4.632589368911982,9.937454102099402,9.860162427797754,20.335262459549174,14.616091852789669
39075,2016,38354.0,2158682.0,53619.0,12.9,7.7,103.40927375464965,3.4,30.6,12.85708279299677,19519.0,703794721.0,36056.0,,1335.0,3.6,21073.0,0,,0,0.0,0,39,4.638694646202003,9.955747879197213,9.879143629146611,20.3719972821132,14.585008408236419
39075,2017,41708.0,2279584.0,58728.0,12.0,8.5,103.66009483876464,2.8,30.8,12.673108077673538,19438.0,735231908.0,37825.0,,1387.0,3.5,20914.0,0,,0,0.0,0,39,4.641117227663367,9.948174070158535,9.874985192063416,20.415696528499236,14.639503528143127
39075,2018,44075.0,2392957.0,62111.0,11.1,8.9,103.78077290753691,2.2,31.3,12.459370570286366,19836.0,793017267.0,39979.0,,1406.0,3.3,20767.0,0,,0,0.0,0,39,4.642280721469549,9.941120467342978,9.895253747609024,20.49135555363697,14.68804039765259
39075,2019,46345.0,2454547.0,63753.0,10.0,9.7,103.88015484652588,2.1,31.5,12.183284000979413,19906.0,824742037.0,41433.0,,1447.0,3.0,21028.0,0,,0,0.0,0,39,4.643237877422296,9.953610161939338,9.89877647280601,20.53058121297937,14.713452780799663
39075,2020,49554.0,2472848.0,64453.0,9.7,10.4,104.00556538858338,2.3,32.1,12.36152680018354,19605.0,864870742.0,44115.0,,1466.0,3.9,20884.0,0,,0,0.0,0,39,4.644444411061348,9.946738594530443,9.883539914726432,20.578090622516324,14.720881080805437
39075,2021,54796.0,2567922.0,69454.0,9.0,10.5,104.50720755681334,2.2,32.1,12.847930325424391,20319.0,967074866.0,47594.0,,1483.0,2.8,21303.0,0,,0,0.0,0,39,4.649256040861952,9.966603186850204,9.919311687883013,20.689786471310075,14.758607569498919
39075,2022,57026.0,2574433.0,72987.0,8.9,11.1,104.76039487757092,2.0,32.2,14.562912663936917,21066.0,1054749114.0,50070.0,22.0,1525.0,2.8,21626.0,0,,0,0.0,0,39,4.651675788986845,9.981651573505482,9.955415645396487,20.77656876895889,14.76113987365892
39077,2012,33473.0,2216302.0,48335.0,14.7,12.4,121.13529293458718,9.8,37.6,12.130560066716836,20379.0,744033598.0,36509.0,78.0,1308.0,9.9,28959.0,0,,0,0.0,0,39,4.796908044388652,10.273636315516725,9.922260237859412,20.427596750379898,14.611350599152267
39077,2013,34671.0,2299158.0,49404.0,13.5,13.1,120.6517918995293,9.7,38.0,12.903308739883762,20136.0,747849313.0,37140.0,84.0,1299.0,10.2,28640.0,0,,0,0.0,0,39,4.792908644008237,10.262559621074582,9.910264536815152,20.432712062435773,14.648053526916668
39077,2014,35626.0,2269916.0,49315.0,13.9,13.1,120.23736244090826,8.1,38.3,13.635646331450925,20125.0,763886486.0,37957.0,80.0,1276.0,8.0,27957.0,0,,0,0.0,0,39,4.789467809416603,10.238422894453764,9.909718102286764,20.45392975755788,14.63525338436762
39077,2015,36713.0,2210022.0,48745.0,13.5,13.1,119.73151471935608,7.2,38.8,13.37665478498757,20300.0,795533876.0,39188.0,79.0,1266.0,6.7,27713.0,0,,0,0.0,0,39,4.785251858775062,10.229656896161444,9.918376165029878,20.494523989373448,14.60851302819552
39077,2016,37021.0,2221943.0,48838.0,12.9,13.5,119.25817126906831,6.7,39.4,12.855260332747507,21036.0,820142069.0,38988.0,79.0,1287.0,6.6,28231.0,0,,0,0.0,0,39,4.7812906495933944,10.24817594392868,9.953990534709234,20.52498813809373,14.613892596287423
39077,2017,38461.0,2240461.0,49710.0,14.2,13.7,118.8376472595852,5.8,39.2,12.672377318043042,21032.0,846253455.0,40236.0,79.0,1291.0,6.4,28310.0,0,,0,0.0,0,39,4.777758252852028,10.250970378105945,9.953800366409718,20.556329464900298,14.622192206228002
39077,2018,39921.0,2294018.0,51559.0,13.6,13.6,118.75638658142422,4.9,39.6,12.458901106987224,21199.0,891370725.0,42049.0,81.0,1293.0,5.9,28112.0,0,,0,0.0,0,39,4.777074223206874,10.243951810426879,9.961709289736252,20.608270976339945,14.645815423196902
39077,2019,40611.0,2251954.0,52560.0,13.2,14.4,118.5166675808493,4.3,39.8,12.193856426342505,21292.0,912552837.0,42859.0,84.0,1324.0,5.8,28245.0,0,,0,0.0,0,39,4.7750536053749535,10.248671729759362,9.966086694292647,20.631756545306217,14.627308841745354
39077,2020,44994.0,2250882.0,55041.0,12.0,14.7,118.37852442797562,4.7,40.1,12.370758796853222,19807.0,909167128.0,45902.0,67.0,1323.0,9.5,27503.0,0,,0,0.0,0,39,4.773887324477812,10.222050368613774,9.893790689557264,20.628039494427643,14.626832697368675
39077,2021,48375.0,2335669.0,59049.0,12.3,15.0,119.01235771763132,4.3,39.9,12.860968585533598,20660.0,977646899.0,47322.0,75.0,1344.0,5.9,27522.0,0,,0,0.0,0,39,4.779227334086518,10.222740963825228,9.93595474267363,20.700659118839745,14.663808917685062
39077,2022,48279.0,2260395.0,64144.0,11.0,15.5,118.88030911561972,4.4,40.1,14.587189227735925,21241.0,1052921315.0,49571.0,77.0,1382.0,5.1,27659.0,0,,0,0.0,0,39,4.778117181198401,10.227706451275253,9.963688555226884,20.774834342709838,14.631050134737503
39079,2012,30499.0,989543.0,36903.0,24.8,14.0,78.83229045228522,11.7,39.1,12.37767647711089,10542.0,337377800.0,32002.0,22.0,712.0,10.3,13724.0,0,,0,0.0,0,39,4.367322690241304,9.526901403978341,9.263122557415151,19.63671392863814,13.804998499371615
39079,2013,31282.0,1038820.0,36356.0,24.6,15.2,78.59437082153649,11.5,39.4,13.381682121266593,10562.0,341557145.0,32338.0,23.0,722.0,10.5,13594.0,0,,0,0.0,0,39,4.364300078823857,9.517383797906584,9.26501793326688,19.649025558261638,13.853596011569607
39079,2014,32354.0,1049853.0,37393.0,23.6,17.3,78.39927672432252,11.8,39.6,14.265083518260065,10342.0,357438626.0,34563.0,24.0,726.0,8.8,13257.0,0,,0,0.0,0,39,4.361814701858737,9.49228099379885,9.243968552956167,19.694474229835933,13.864160712332792
39079,2015,33388.0,1052143.0,39460.0,23.5,17.2,78.16611548618876,11.5,39.5,13.709437604129022,10323.0,354850506.0,34374.0,19.0,718.0,7.6,13095.0,0,,0,0.0,0,39,4.358836247843966,9.479985756941812,9.24212969446559,19.687207148888877,13.86633959460087
39079,2016,33678.0,1043108.0,40330.0,23.0,16.9,77.840165592063,11.2,40.3,13.310021806375916,10094.0,349347693.0,34609.0,19.0,712.0,7.9,12853.0,0,,0,0.0,0,39,4.354657565214426,9.461332526110132,9.219696466900208,19.67157823924836,13.857715276081494
39079,2017,34393.0,1075317.0,43397.0,20.6,15.8,77.61890033546668,10.8,40.2,12.868742834554842,10232.0,358364737.0,35022.0,24.0,719.0,7.1,12963.0,0,,0,0.0,0,39,4.351810958557057,9.469854424600042,9.23327534325868,19.697061844157464,13.888126059795171
39079,2018,35085.0,1024042.0,45340.0,19.6,15.3,77.38098070471794,10.5,40.1,12.531544301301992,10245.0,359341481.0,35075.0,32.0,717.0,6.5,12860.0,0,,0,0.0,0,39,4.3487410230705486,9.46187699779161,9.234545060673,19.69978369490508,13.839268099365473
39079,2019,36251.0,1014365.0,47550.0,18.8,14.5,77.20492017796388,7.9,40.1,12.274702690151768,10142.0,370972768.0,36579.0,32.0,727.0,6.2,12871.0,0,,0,0.0,0,39,4.346463187875057,9.462731997649378,9.224440496354964,19.73163921626043,13.829773358915277
39079,2020,40235.0,1038915.0,48915.0,17.0,14.8,77.18112821488901,6.9,40.1,12.704891948350218,10096.0,404099817.0,40025.0,26.0,736.0,8.7,13124.0,0,,0,0.0,0,39,4.34615497397217,9.482197894080992,9.219894584780995,19.817172477190397,13.853687457302645
39079,2021,42236.0,1019667.0,50983.0,17.1,15.1,77.39763507887035,7.3,39.7,13.095571304365638,9852.0,404133062.0,41020.0,26.0,720.0,6.2,12559.0,0,,0,0.0,0,39,4.348956225592323,9.438192819018127,9.195429759240428,19.817254743084007,13.834986661369095
39079,2022,41294.0,982107.0,56549.0,17.4,15.9,77.47376936070995,5.9,40.1,15.518434180775465,9884.0,413195373.0,41807.0,26.0,736.0,5.0,12324.0,0,,0,0.0,0,39,4.349939419207028,9.419303859716559,9.1986725671085,19.839431097179975,13.797455542704213
39081,2012,32596.0,2966975.0,40115.0,16.8,14.8,169.9066950240613,9.1,43.9,12.093911496917858,21731.0,775965317.0,35707.0,,1451.0,10.8,31271.0,0,,0,0.0,0,39,5.1352494335757894,10.350446429473651,9.986495091519735,20.46961838256103,14.903053473217911
39081,2013,32993.0,3594894.0,40577.0,16.6,14.7,168.88984720330097,8.8,44.1,13.202823476963284,21234.0,761971696.0,35885.0,,1443.0,10.9,30577.0,0,,0,0.0,0,39,5.129246710718076,10.328003371335093,9.963358949573518,20.451419968604096,15.095025063306197
39081,2014,34157.0,4191065.0,40816.0,17.5,15.2,167.86564867540255,9.2,44.3,14.002325676800988,21032.0,783615575.0,37258.0,,1414.0,8.1,29866.0,0,,0,0.0,0,39,5.12316394919896,10.304475988617215,9.953800366409718,20.479429120049485,15.248465436211896
39081,2015,35124.0,4459287.0,41942.0,17.6,15.1,166.74589095470984,8.8,44.3,13.475598298198666,20824.0,784652521.0,37680.0,,1424.0,7.5,29492.0,0,,0,0.0,0,39,5.11647104254135,10.29187431910954,9.9438614466744,20.480751529341312,15.310499445745549
39081,2016,34961.0,3320314.0,42327.0,17.2,15.4,165.65308582685654,8.3,44.5,13.119093058339695,20549.0,794853953.0,38681.0,,1415.0,8.4,29024.0,0,,0,0.0,0,39,5.109895757167967,10.275878352914862,9.93056755693987,20.493668948824183,15.015569914733678
39081,2017,36881.0,3325216.0,43161.0,17.6,14.9,165.02092501298625,7.9,44.7,12.769450801554733,20308.0,817301960.0,40245.0,,1417.0,7.3,27974.0,0,,0,0.0,0,39,5.106072284120348,10.23903078633925,9.918770176067286,20.5215191806237,15.01704519236814
39081,2018,38481.0,3366006.0,44819.0,18.1,15.3,163.88646587801745,8.0,44.8,12.452587710853953,20382.0,843714293.0,41396.0,,1394.0,6.3,27829.0,0,,0,0.0,0,39,5.099173906855295,10.233833921427351,9.922407437388639,20.553324479848115,15.029237436262495
39081,2019,40348.0,3877911.0,46581.0,17.5,15.8,162.62459448598955,6.0,44.8,12.185653154581724,20682.0,877773033.0,42441.0,,1387.0,5.9,28077.0,0,,0,0.0,0,39,5.091444443276845,10.242706014825366,9.937019035744921,20.592898613625522,15.170807164547165
39081,2020,43448.0,3991881.0,46849.0,16.8,17.5,161.5758936009644,5.6,44.9,12.62827295862516,19755.0,857269801.0,43396.0,,1388.0,10.1,27444.0,0,,0,0.0,0,39,5.084974961698198,10.21990284381078,9.891161902845491,20.569263247319924,15.199773106349937
39081,2021,46382.0,3991719.0,49211.0,17.3,18.3,160.7844674657702,6.0,44.6,12.994426393011262,20441.0,902328439.0,44144.0,,1387.0,6.6,27012.0,0,,0,0.0,0,39,5.080064756717108,10.204036490694733,9.925297966799977,20.62048913481005,15.199732523154381
39081,2022,46385.0,3640598.0,53124.0,18.2,19.5,159.9513873234605,5.5,44.3,15.225394877137628,20808.0,972325710.0,46729.0,70.0,1406.0,5.5,26933.0,0,,0,0.0,0,39,5.074869939840004,10.201107579526868,9.943092807128487,20.695201398886322,15.107658511833788
39083,2012,35946.0,2087787.0,49323.0,14.6,20.4,115.68242755932933,7.9,39.0,12.15001140579322,18985.0,745707073.0,39280.0,,1163.0,6.9,30156.0,0,,0,0.0,0,39,4.750848743315869,10.314139187331593,9.851404472665903,20.429843417516647,14.551615211286887
39083,2013,36817.0,2150172.0,49750.0,14.2,21.2,115.9374232871994,7.6,39.3,12.912944517444371,19422.0,776717958.0,39991.0,,1154.0,6.9,30368.0,0,,0,0.0,0,39,4.753050591127783,10.321144701409654,9.8741617231543,20.470587854018692,14.581058396904016
39083,2014,38163.0,2193035.0,48953.0,15.5,21.4,116.20003082784172,7.7,38.5,13.63657754160601,20127.0,813119339.0,40399.0,,1152.0,5.3,31205.0,0,,0,0.0,0,39,4.755313109717618,10.348333617368143,9.909817476230998,20.5163884451776,14.600796987144989
39083,2015,38863.0,2152482.0,48533.0,15.3,21.8,116.08775658945116,6.6,38.7,13.375035716195486,20424.0,827707590.0,40527.0,,1144.0,4.7,31331.0,0,,0,0.0,0,39,4.754346427410451,10.35236330172604,9.924465958921319,20.534170497802705,14.582132152879721
39083,2016,39121.0,2123186.0,48619.0,15.6,21.9,115.84798448712556,6.1,39.0,12.866212492911696,20300.0,790113789.0,38921.0,,1159.0,4.7,31354.0,0,,0,0.0,0,39,4.752278853119152,10.353097129628477,9.918376165029878,20.48768752976191,14.568428348717692
39083,2017,40225.0,2151905.0,51211.0,13.8,22.7,115.9754823510606,5.8,38.9,12.709519344718286,20161.0,832822754.0,41308.0,,1184.0,4.5,31492.0,0,,0,0.0,0,39,4.753378809724313,10.357488824304358,9.911505324129712,20.54033139717805,14.581864054307982
39083,2018,42508.0,2152887.0,55131.0,14.2,22.8,116.48927971318687,5.3,38.9,12.48827947833683,20273.0,873053799.0,43064.0,,1211.0,4.3,31555.0,0,,0,0.0,0,39,4.757799249142392,10.35948733401834,9.917045230468194,20.58750773733466,14.582320290064335
39083,2019,44463.0,2142188.0,57749.0,13.1,23.0,116.99546526254092,4.4,39.4,12.239182976045758,20361.0,911906956.0,44787.0,,1221.0,4.0,31869.0,0,,0,0.0,0,39,4.762135175606807,10.369389029448124,9.921376585371869,20.63104852090419,14.577338294579116
39083,2020,48966.0,2013534.0,61590.0,12.1,22.6,117.55683645449372,4.2,39.4,12.423119333475949,19182.0,877574608.0,45749.0,,1214.0,6.2,30907.0,0,,0,0.0,0,39,4.766921931138394,10.338737974446985,9.861727618287896,20.592672533051836,14.515401945150447
39083,2021,51964.0,2114650.0,64439.0,12.7,22.7,118.74237629377028,3.0,39.2,12.93687793056943,19529.0,907114710.0,46450.0,,1230.0,4.1,30873.0,0,,0,0.0,0,39,4.776956241222458,10.337637294504201,9.879655819282782,20.625779471967853,14.564399872134853
39083,2022,52476.0,2143860.0,71246.0,12.9,23.7,119.23333821757986,3.3,39.4,14.604183767896949,19804.0,997547460.0,50371.0,60.0,1276.0,3.5,30837.0,0,,0,0.0,0,39,4.7810823985606286,10.336470546681031,9.893639216481313,20.72081028454382,14.578118500533327
39085,2012,41961.0,11754726.0,56231.0,9.3,24.8,1002.630086797226,7.6,42.5,11.444684261058292,93872.0,3850198538.0,41015.0,372.0,6405.0,6.0,125033.0,0,,0,0.0,0,39,6.910381913153561,11.73633298144257,11.449687431165641,22.07139055222819,16.279765930454527
39085,2013,42898.0,11084141.0,56018.0,9.2,24.9,1002.5297683953416,7.8,42.7,11.570521635650096,93518.0,3833823440.0,40996.0,303.0,6343.0,6.3,124869.0,0,,0,0.0,0,39,6.910281852899804,11.735020466748463,11.445909210117442,22.067128429387935,16.22102590592343
39085,2014,44680.0,11318302.0,56809.0,9.2,26.0,1001.4480743228507,7.2,42.9,11.904662797165924,94313.0,3984212477.0,42245.0,324.0,6279.0,5.5,124386.0,0,,0,0.0,0,39,6.909202305856432,11.731144912761167,11.45437431702034,22.105605507826954,16.241931619488184
39085,2015,45750.0,11308019.0,58029.0,8.9,26.3,1000.7283988310724,6.0,43.2,12.739936338647448,94774.0,4085587947.0,43109.0,303.0,6243.0,4.5,123551.0,0,,0,0.0,0,39,6.908483412659532,11.724409305273115,11.459250389023147,22.13073148317587,16.241022678020595
39085,2016,46669.0,11337654.0,59958.0,8.5,27.0,999.9825533214114,5.3,43.3,12.022554225402809,94659.0,4092118538.0,43230.0,304.0,6262.0,4.9,124566.0,0,,0,0.0,0,39,6.907737832151353,11.732590974904603,11.458036239280204,22.132328652846915,16.243639956554734
39085,2017,48207.0,11269841.0,61137.0,8.3,27.2,1001.8798796179176,4.8,43.5,12.715744073198726,95143.0,4236012128.0,44523.0,308.0,6291.0,5.1,127665.0,0,,0,0.0,0,39,6.909633393837713,11.757164924579172,11.463136301967587,22.166888127759847,16.237640777664442
39085,2018,50355.0,11458575.0,63475.0,8.3,27.9,1003.4108256640642,4.4,43.7,12.946270379002756,95898.0,4361938757.0,45485.0,323.0,6244.0,4.3,128596.0,0,,0,0.0,0,39,6.911160300973479,11.764430986102843,11.471040405596709,22.196182464508073,16.25424891596958
39085,2019,51861.0,11566135.0,64466.0,8.1,27.4,1002.9833820386444,4.2,43.8,12.568595824054826,97465.0,4651471435.0,47724.0,328.0,6322.0,3.7,130172.0,0,,0,0.0,0,39,6.910734219568095,11.776611931865789,11.487248618180246,22.260449444124255,16.263591989774667
39085,2020,55090.0,11320955.0,65814.0,8.2,28.3,1002.1154097788632,4.8,43.9,12.045947403539826,90303.0,4516358326.0,50013.0,289.0,6356.0,8.4,122456.0,0,,0,0.0,0,39,6.9098684544321936,11.715507060771543,11.410925961444581,22.23097182596742,16.24216599113847
39085,2021,59215.0,11727598.0,70168.0,7.5,28.9,1012.7884154054173,4.8,43.9,12.961278049483113,91949.0,4812832793.0,52342.0,543.0,6496.0,4.9,122827.0,0,,0,0.0,0,39,6.920462613138691,11.718532140234219,11.428989354497526,22.294551685961647,16.277455425577035
39085,2022,59810.0,11578407.0,76835.0,7.6,29.9,1012.93671217342,4.4,43.9,13.228424019831063,93507.0,5051104653.0,54019.0,320.0,6605.0,4.2,124804.0,0,,0,0.0,0,39,6.920609026653781,11.734499785685884,11.445791578784597,22.3428727994812,16.264652455879382
39087,2012,32473.0,1680360.0,40244.0,16.0,14.9,137.7193737000792,8.1,40.0,12.37856781743794,12322.0,370854665.0,30097.0,,996.0,8.5,26514.0,0,,0,0.0,0,39,4.925218090827679,10.185428174358796,9.419141561574516,19.731320805277647,14.334518614137822
39087,2013,32361.0,1569371.0,41552.0,18.3,14.9,137.42823554840945,9.1,40.6,13.383737499299784,12279.0,375687358.0,30595.0,,966.0,8.8,26106.0,0,,0,0.0,0,39,4.923101857572964,10.169920451948736,9.415645765160512,19.74426786078987,14.266185460105394
39087,2014,33664.0,1656310.0,42981.0,17.4,14.8,136.9672668082657,8.5,40.9,14.269763134294427,12517.0,406909835.0,32508.0,,965.0,6.7,25909.0,0,,0,0.0,0,39,4.919741968873366,10.162345677674331,9.434842999328023,19.82410218323769,14.320102794475604
39087,2015,35067.0,1836112.0,42874.0,18.3,14.7,136.36514017640326,8.0,41.2,13.713453706678717,12518.0,422638200.0,33762.0,,963.0,5.9,24984.0,0,,0,0.0,0,39,4.915336142191414,10.125990898962915,9.434922887484646,19.862027051867482,14.423160850480665
39087,2016,35357.0,1881687.0,44256.0,18.4,14.1,135.6505283495775,7.6,41.4,13.310086797122374,12553.0,423757195.0,33759.0,,951.0,6.6,24851.0,0,,0,0.0,0,39,4.910081934044481,10.120653272163802,9.437714959818209,19.864671195865817,14.447679272862434
39087,2017,36877.0,1709582.0,45466.0,18.6,14.5,134.6668342916631,6.5,41.5,12.861424010288516,12616.0,430232350.0,34101.0,,947.0,5.9,24167.0,0,,0,0.0,0,39,4.902803834032338,10.092743345182981,9.442721128642875,19.879835969553227,14.351759454152985
39087,2018,38708.0,1689513.0,44372.0,18.6,14.3,133.7074017463878,6.2,41.6,12.521249420598748,12489.0,438364316.0,35099.0,,959.0,5.6,23929.0,0,,0,0.0,0,39,4.895653843431098,10.082846391479316,9.432603535863086,19.898560894299845,14.339950879691076
39087,2019,40326.0,1810240.0,45118.0,18.1,14.9,132.7413524249382,5.6,41.8,12.266925624587316,13175.0,480063322.0,36439.0,,967.0,5.2,24070.0,0,,0,0.0,0,39,4.888402516191854,10.088721530777118,9.486076373409563,19.989428573998755,14.408969991136928
39087,2020,43428.0,1768909.0,46584.0,19.4,15.8,132.11716987249474,5.0,41.6,12.704891948350218,13250.0,516872341.0,39008.0,,966.0,8.5,23640.0,0,,0,0.0,0,39,4.883689179406804,10.070695471520034,9.491752831414368,20.06330647935173,14.385873530326394
39087,2021,47285.0,1813669.0,48947.0,18.8,16.9,129.18152684315814,4.6,41.8,13.095571304365638,13574.0,556100502.0,40967.0,,986.0,5.2,23040.0,0,,0,0.0,0,39,4.861218600035624,10.044987114809828,9.515911477263703,20.136459594872726,14.410862423327337
39087,2022,48425.0,1755156.0,51846.0,17.9,18.2,127.91110581769018,3.8,41.9,15.518434180775465,13467.0,586808234.0,43574.0,39.0,988.0,4.6,23346.0,0,,0,0.0,0,39,4.851335536853348,10.058180942212608,9.507997527450042,20.190208636172827,14.378068299820608
39089,2012,38190.0,5470544.0,54247.0,12.4,22.0,243.4472844714526,7.9,39.1,12.306301170642252,52566.0,1929252263.0,36702.0,84.0,3197.0,6.8,86045.0,1,2020.0,0,0.0,0,39,5.494900428208121,11.36262569419901,10.869824801894419,21.380398336295986,15.514888621007117
39089,2013,39120.0,5545222.0,55114.0,12.0,21.9,244.81006759697377,8.2,39.4,13.20487504896711,51088.0,1910971371.0,37406.0,89.0,3149.0,6.9,86432.0,1,2020.0,0,0.0,0,39,5.500482675597159,11.367113256592342,10.841304914954563,21.370877520930634,15.528447214033713
39089,2014,40349.0,5740077.0,55777.0,12.4,22.6,246.04976063373812,7.3,39.7,13.97139073967937,51992.0,2004331711.0,38551.0,119.0,3179.0,5.2,86874.0,1,2020.0,0,0.0,0,39,5.50553379447566,11.372214072009477,10.858845139574186,21.41857653092247,15.56298318283992
39089,2015,41907.0,5965402.0,56549.0,12.7,22.8,247.19567074573544,7.2,39.7,13.466621447924854,53101.0,2117930451.0,39885.0,110.0,3282.0,4.5,87222.0,1,2020.0,0,0.0,0,39,5.510180212265678,11.37621187165438,10.879951039444416,21.473705246475994,15.601487004369911
39089,2016,42717.0,6060317.0,57571.0,12.6,23.3,248.762138660985,6.6,39.8,13.128885127763382,53504.0,2176098646.0,40671.0,93.0,3336.0,4.4,88594.0,1,2020.0,0,0.0,0,39,5.516497173485213,11.39181941420977,10.887511696444374,21.500799498552276,15.617272666908388
39089,2017,44441.0,6191705.0,59747.0,11.8,24.6,250.10440677171331,5.9,39.9,12.552699307346478,56229.0,2292177739.0,40765.0,81.0,3367.0,4.2,89346.0,1,2020.0,0,0.0,0,39,5.52187845776718,11.40027175181826,10.937187917027094,21.552768180348966,15.638721050997916
39089,2018,45570.0,6457822.0,62715.0,11.4,26.2,252.4709602638817,4.9,39.7,12.216966193879031,59960.0,2537000066.0,42312.0,83.0,3454.0,4.0,89924.0,1,2020.0,0,0.0,0,39,5.531296233245475,11.4067201481239,11.001432952216534,21.654248143578535,15.680802667207585
39089,2019,47117.0,6881663.0,64589.0,10.5,26.1,254.60598716053144,4.4,39.7,12.016720721880302,63633.0,2764192538.0,43440.0,98.0,3514.0,3.8,91464.0,1,2020.0,0,0.0,0,39,5.539717201795481,11.423700731221805,11.060887482687326,21.740014399615326,15.744370895817413
39089,2020,51326.0,7200631.0,67736.0,9.8,27.6,257.0370164134772,3.7,40.0,12.374779230764275,68244.0,3107654357.0,45538.0,128.0,3548.0,6.6,90051.0,1,2020.0,1,0.0,0,39,5.5492201072607665,11.408131455484142,11.1308447970948,21.857134052520976,15.78967921903511
39089,2021,55588.0,7788445.0,72771.0,9.5,28.6,260.0336739314242,3.6,40.1,12.711995009979868,74622.0,3530054572.0,47306.0,190.0,3653.0,4.1,90782.0,1,2020.0,1,1.0,0,39,5.560811137750031,11.416216307052196,11.220190648881797,21.984579167262204,15.868151783030342
39089,2022,55825.0,7806805.0,78505.0,9.8,29.5,262.0705218287084,3.3,40.2,14.38205014404956,71363.0,3652712512.0,51185.0,148.0,3779.0,3.4,91692.0,1,2020.0,1,2.0,0,39,5.568613634827229,11.426190413435567,11.175534806728963,22.018735882511233,15.870506347206264
39091,2012,35963.0,2002953.0,47345.0,15.6,15.3,99.9245375196835,10.8,39.6,12.67752971439341,18232.0,755803482.0,41455.0,,926.0,7.1,22606.0,0,,0,0.0,0,39,4.604415276312306,10.025970636750676,9.81093357092552,20.44329195590795,14.510133149569857
39091,2013,37449.0,2081741.0,47542.0,15.9,14.8,99.62355999703384,10.9,40.0,13.36500830749507,18884.0,780676769.0,41340.0,,899.0,6.8,23031.0,0,,0,0.0,0,39,4.6013986827728806,10.044596413496008,9.846070281666178,20.475671754019114,14.548715120803022
39091,2014,37657.0,2126052.0,48416.0,16.9,14.8,99.37492639136676,8.7,40.1,14.0968802636013,19317.0,807728478.0,41814.0,,897.0,5.0,23146.0,0,,0,0.0,0,39,4.598899832258415,10.049577258408023,9.868740816206293,20.50973651793137,14.569777296662993
39091,2015,38064.0,1936971.0,49783.0,14.5,15.7,99.2004466680916,7.6,40.7,13.517393949189769,19292.0,833145790.0,43186.0,,899.0,4.3,23172.0,0,,0,0.0,0,39,4.597142516983226,10.050699932216515,9.867445781188863,20.540719202824455,14.476635970671481
39091,2016,38886.0,1963242.0,51136.0,14.0,15.6,98.9910710001614,5.9,41.2,13.054122755539035,19751.0,868811057.0,43988.0,,916.0,4.2,23413.0,0,,0,0.0,0,39,4.595029654149493,10.061046702637492,9.890959401958858,20.5826362338125,14.490107746352976
39091,2017,40457.0,2041373.0,53051.0,13.7,15.1,98.84930622500032,5.8,41.0,12.520665245371095,19976.0,878467380.0,43975.0,,937.0,4.1,23653.0,0,,0,0.0,0,39,4.593596531129683,10.071245235769604,9.902286831959609,20.593689333427932,14.529133178646767
39091,2018,42152.0,2063280.0,55150.0,13.4,16.0,98.8144102803453,4.9,40.8,12.14940718559665,19818.0,912407633.0,46041.0,,923.0,3.7,23256.0,0,,0,0.0,0,39,4.593243447158234,10.054318442238712,9.894345894618844,20.631597414187826,14.539807507516436
39091,2019,42592.0,2036559.0,56754.0,11.4,16.5,98.83403924921376,4.5,41.4,11.92973681889044,19255.0,907782578.0,47146.0,,929.0,3.7,23056.0,0,,0,0.0,0,39,4.5934420722319915,10.045681318239303,9.865526046249009,20.62651545635062,14.52677217692519
39091,2020,46803.0,1882998.0,60417.0,10.7,17.1,98.83185825267282,4.5,41.2,11.988471058512314,17824.0,862532133.0,48393.0,,944.0,8.2,22703.0,0,,0,0.0,0,39,4.593420004727495,10.030252353327626,9.788301142727011,20.575382961827987,14.448375745503835
39091,2021,49142.0,2053336.0,64196.0,9.5,17.9,100.31929789359354,4.4,41.5,12.112473225492334,18308.0,902447244.0,49293.0,,970.0,4.2,22315.0,0,,0,0.0,0,39,4.608358078191793,10.01301437706337,9.815093401773533,20.620620791061064,14.534976345542049
39091,2022,49408.0,2135698.0,69125.0,10.9,18.9,100.53957854422843,3.5,41.8,14.73490516108767,18907.0,994276233.0,52587.0,32.0,996.0,3.5,22525.0,0,,0,0.0,0,39,4.610551466334303,10.022381082476539,9.847287502847928,20.717525626416098,14.574304083298522
39093,2012,38449.0,10804343.0,51756.0,14.2,21.2,613.8346624916418,10.2,40.1,11.456930730822744,94371.0,3821432146.0,40494.0,30.0,6047.0,7.1,149803.0,0,,0,0.0,0,39,6.41972561255538,11.917076376566994,11.454989101547135,22.063891096634546,16.195458740891628
39093,2013,39278.0,10703217.0,51816.0,14.6,22.2,615.0822773455975,10.3,40.4,11.456221321997209,94718.0,3833110046.0,40469.0,38.0,6045.0,7.4,150065.0,0,,0,0.0,0,39,6.421756043159981,11.918823812549952,11.458659335030045,22.06694233308141,16.186054908450323
39093,2014,40338.0,10568608.0,52610.0,14.6,22.3,616.6010241857886,9.6,40.7,11.684380024432915,95795.0,3943319998.0,41164.0,26.0,6041.0,6.5,150215.0,0,,0,0.0,0,39,6.4242221764720595,11.919822880170019,11.469965770530093,22.095288844521544,16.173398655701984
39093,2015,41525.0,10634741.0,52457.0,14.4,22.8,618.0015330169447,8.8,41.0,12.600976159106231,96774.0,4006228393.0,41398.0,,6088.0,5.6,149895.0,0,,0,0.0,0,39,6.426490938064557,11.917690327964,11.480133642145237,22.111116085295777,16.179636652770323
39093,2016,42749.0,10549910.0,53459.0,14.0,23.5,619.9157656114944,8.2,41.2,11.867203873276752,97156.0,4027823704.0,41457.0,6.0,6181.0,6.0,152264.0,0,,0,0.0,0,39,6.429583606892127,11.93337113536762,11.4840732130632,22.116492043218283,16.171627887044274
39093,2017,44315.0,10715473.0,54987.0,13.7,23.7,622.5944680920462,7.0,41.5,12.448930188250475,98049.0,4121883910.0,42039.0,11.0,6209.0,6.1,155628.0,0,,0,0.0,0,39,6.433895372796249,11.955223823123742,11.49322263269436,22.13957615550522,16.18719932963926
39093,2018,45948.0,10732204.0,56965.0,13.7,24.0,625.2609390544221,6.3,41.8,12.610062702695044,98188.0,4259718787.0,43383.0,20.0,6183.0,5.0,156576.0,0,,0,0.0,0,39,6.438169065093564,11.96129679408885,11.494639287282912,22.17246898260746,16.188759498919485
39093,2019,47933.0,10942672.0,58427.0,13.5,24.9,627.2118662034999,5.5,41.8,12.256023205011788,98898.0,4363949957.0,44126.0,22.0,6261.0,4.3,158821.0,0,,0,0.0,0,39,6.44128438818679,11.975533060865597,11.501844294959412,22.19664343761959,16.208180566452324
39093,2020,50908.0,10405844.0,58798.0,13.4,25.3,630.1963566384526,4.9,41.9,11.742594843525426,91954.0,4351386952.0,47321.0,35.0,6319.0,9.8,152382.0,0,,0,0.0,0,39,6.446031448028221,11.934145805022899,11.429043730989495,22.19376047076871,16.15787812936887
39093,2021,54995.0,11075652.0,62390.0,13.2,26.0,635.5027969404896,4.7,41.9,12.599234160335634,94304.0,4637969252.0,49181.0,41.0,6478.0,5.6,151447.0,0,,0,0.0,0,39,6.4544164917850315,11.927991007741529,11.454278885537422,22.25754244617606,16.220259743494452
39093,2022,55845.0,10994116.0,67272.0,13.5,27.2,638.2834287391751,4.4,41.9,12.957006913083829,95730.0,4905652928.0,51245.0,339.0,6678.0,5.0,154121.0,0,,0,0.0,0,39,6.458782430369584,11.945493287169603,11.469287007940398,22.313654035885587,16.21287077855683
39095,2012,37860.0,23037399.0,41436.0,20.5,22.9,1298.9286439794737,13.6,37.1,11.673028694107623,201188.0,8632875170.0,42909.0,135.0,10137.0,8.3,210469.0,0,,0,0.0,0,39,7.169295083660249,12.257093652850966,12.21199507328194,22.87884344646361,16.952629496794337
39095,2013,38236.0,23935057.0,41556.0,20.8,23.4,1293.9619564097354,13.8,37.4,11.852534664417387,202137.0,8674587200.0,42914.0,126.0,10075.0,8.7,210574.0,0,,0,0.0,0,39,7.165464074636181,12.257592414270471,12.216700964319353,22.88366357663272,16.99085476225567
39095,2014,40135.0,25815586.0,41751.0,21.1,24.2,1290.005093283637,12.3,37.6,12.18540393861066,204692.0,9067371990.0,44298.0,127.0,10004.0,6.4,209419.0,0,,0,0.0,0,39,7.162401445629812,12.252092308736938,12.229261689302872,22.92794831156924,17.066488976018878
39095,2015,41814.0,24055981.0,41777.0,21.1,24.2,1284.393648999155,11.1,37.7,13.00093707201038,207836.0,9441834562.0,45429.0,102.0,10039.0,5.4,209455.0,0,,0,0.0,0,39,7.158042017481205,12.252264198136082,12.24450458614571,22.96841613741732,16.995894213826446
39095,2016,42728.0,23894586.0,42917.0,20.7,25.1,1280.0923268062757,9.6,37.9,12.24105713365656,209850.0,9665009332.0,46057.0,78.0,10064.0,5.2,211249.0,0,,0,0.0,0,39,7.154687484629799,12.260792811480405,12.254148268761737,22.991777915152024,16.989162464043925
39095,2017,43470.0,24161036.0,44820.0,19.8,25.6,1275.982370761608,8.5,37.9,12.819639072867677,206670.0,9686767384.0,46871.0,62.0,10164.0,5.9,211558.0,0,,0,0.0,0,39,7.151471647791745,12.262254471552323,12.23887859725535,22.994026603888752,17.000251810906235
39095,2018,45413.0,24713754.0,46924.0,19.1,26.3,1272.96467380904,7.5,37.9,13.028127980689993,209708.0,10163662587.0,48466.0,70.0,10129.0,5.2,210801.0,0,,0,0.0,0,39,7.149103847825964,12.258669839471109,12.25347136590005,23.04208470498199,17.022870488724433
39095,2019,47237.0,25567148.0,48736.0,18.7,26.3,1269.205065020329,7.2,37.8,12.683103776577,209643.0,10515505781.0,50159.0,202.0,10164.0,4.7,212075.0,0,,0,0.0,0,39,7.146146050419899,12.264695264675936,12.253161363059847,23.076116745847735,17.05681880408929
39095,2020,50429.0,23585222.0,49946.0,18.7,26.7,1266.899838958026,7.2,38.1,12.298869940763709,192062.0,10225777987.0,53242.0,240.0,10199.0,10.3,208216.0,0,,0,0.0,0,39,7.144328123493015,12.246331281393736,12.16557351555022,23.048177622728993,16.97613088741855
39095,2021,53670.0,25833321.0,53176.0,17.6,27.5,1269.5289154249947,7.3,38.2,13.003216643456522,194391.0,10772972513.0,55419.0,268.0,10533.0,6.2,203714.0,0,,0,0.0,0,39,7.146401177903848,12.224472328375537,12.177626873640472,23.10030628938394,17.067175728236
39095,2022,54254.0,25416558.0,57265.0,17.8,28.0,1266.001890108725,6.8,38.1,13.128919926636614,196355.0,11407471165.0,58096.0,608.0,10797.0,4.4,202831.0,0,,0,0.0,0,39,7.143619095679883,12.220128398977824,12.187679524413282,23.157534343039647,17.05091140936471
39097,2012,35026.0,1651553.0,54647.0,11.1,17.6,92.76878754180854,6.3,39.0,12.402033757304745,14127.0,543927471.0,38504.0,47.0,843.0,6.4,20094.0,0,,0,0.0,0,39,4.530110242072482,9.90817654202226,9.555843138911664,20.114326470563952,14.317226615335585
39097,2013,36791.0,1688485.0,54956.0,11.0,17.6,92.78596177873573,6.5,39.6,12.93348761969034,14389.0,565521366.0,39303.0,47.0,835.0,6.2,20222.0,0,,0,0.0,0,39,4.530295354413061,9.914526399651344,9.574219304763417,20.153258635300077,14.33934223514378
39097,2014,36661.0,1758291.0,54331.0,11.6,15.7,93.01137363840502,7.3,39.9,13.536534444840518,14807.0,595217768.0,40199.0,46.0,839.0,4.7,20512.0,0,,0,0.0,0,39,4.5327217828627155,9.928765359720396,9.602855320908718,20.20443789318813,14.379852872539084
39097,2015,37390.0,1755612.0,57406.0,9.4,17.1,93.2904549884718,5.9,40.2,13.214757056895914,15773.0,663388889.0,42059.0,44.0,828.0,4.1,20563.0,0,,0,0.0,0,39,4.535717798101847,9.931248623321519,9.666054896487474,20.312871935768985,14.37832807204285
39097,2016,39769.0,1818736.0,58326.0,10.6,16.4,93.46434413735956,6.4,40.2,12.70244239252874,17229.0,719910568.0,41784.0,46.0,841.0,4.0,20417.0,0,,0,0.0,0,39,4.53758001743922,9.9241231661362,9.754349289532406,20.394637551148424,14.413652312277812
39097,2017,41121.0,1927043.0,62897.0,10.2,16.7,93.8829661624597,5.4,40.4,12.304338482769287,17497.0,732739157.0,41877.0,46.0,837.0,3.9,20717.0,0,,0,0.0,0,39,4.542048965737854,9.93870989824589,9.76978471664462,20.412300339765817,14.471497261626004
39097,2018,41503.0,1912860.0,65264.0,10.2,16.9,94.43254174412962,4.8,40.7,12.018969354951954,17401.0,758513491.0,43590.0,38.0,860.0,3.8,20700.0,0,,0,0.0,0,39,4.547885735614304,9.93788897925346,9.76428295481558,20.44687114301525,14.464110062262906
39097,2019,42601.0,1911882.0,68022.0,9.1,17.5,94.74811834766666,4.2,40.8,11.796751275814277,17987.0,783983387.0,43586.0,50.0,864.0,3.5,21043.0,0,,0,0.0,0,39,4.551221984637812,9.954323242238624,9.79740455372797,20.47989838803915,14.463598655207834
39097,2020,47145.0,1898388.0,68663.0,9.4,18.1,94.99070444426316,3.8,41.1,11.809915777659931,17578.0,811243612.0,46152.0,47.0,881.0,6.0,20478.0,0,,0,0.0,0,39,4.553779038857993,9.927106418134763,9.77440339912459,20.514078951683466,14.456515662971198
39097,2021,51100.0,2061934.0,72811.0,10.2,20.0,94.3445237798778,3.1,41.5,12.057368031045575,19581.0,930982099.0,47545.0,50.0,919.0,3.9,20679.0,0,,0,0.0,0,39,4.5469532285813585,9.936873971553762,9.882314987303326,20.651750607344347,14.539154935287327
39097,2022,53595.0,2073601.0,77062.0,10.2,20.4,94.37457869450036,3.4,41.4,13.745427130397228,22561.0,1034242963.0,45842.0,52.0,973.0,3.2,20909.0,0,,0,0.0,0,39,4.547271743394989,9.947934967271424,10.023978030870751,20.75693555931842,14.544797267393063
39099,2012,37616.0,9312549.0,41112.0,17.5,21.0,579.2441091842289,11.3,42.9,11.350530433977791,97588.0,3432959589.0,35178.0,123.0,5942.0,8.3,110756.0,0,,0,0.0,0,39,6.361723993531346,11.615084862512147,11.48850981402244,21.956688580015662,16.046873403401076
39099,2013,37634.0,9442451.0,41058.0,17.6,20.8,576.0386694144179,11.6,43.1,11.346715277043929,97880.0,3446664101.0,35213.0,,5980.0,8.5,109469.0,0,,0,0.0,0,39,6.356174792842509,11.60339668313407,11.491497517556608,21.960672672967593,16.060726144251603
39099,2014,38800.0,9329421.0,41350.0,17.9,21.5,573.0640990745782,10.9,43.2,11.559425237457752,98028.0,3526662686.0,35976.0,,5909.0,6.7,108255.0,0,,0,0.0,0,39,6.350997576207933,11.592244834174483,11.49300843112987,21.983617845974358,16.048683513020045
39099,2015,39730.0,9315518.0,41375.0,18.0,22.2,570.0044715763279,9.5,43.3,12.54336289773694,97706.0,3615837802.0,37007.0,142.0,5847.0,6.2,107305.0,0,,0,0.0,0,39,6.345644205668576,11.583430525855583,11.48971824863241,22.008589422828702,16.04719216970411
39099,2016,39991.0,9227381.0,41872.0,18.1,22.8,566.274107628898,8.9,43.4,11.758355003165589,97614.0,3618924653.0,37074.0,174.0,5886.0,6.4,106380.0,0,,0,0.0,0,39,6.339078250070059,11.574772868296309,11.488776204737226,22.009442761471547,16.037685817569052
39099,2017,40654.0,9148115.0,43251.0,17.6,23.2,563.4599307877751,8.2,43.5,12.27022545977331,96556.0,3711743066.0,38441.0,184.0,5890.0,6.9,105742.0,0,,0,0.0,0,39,6.334096223210252,11.568757443928707,11.47787842989266,22.034767432341127,16.029058405099576
39099,2018,42009.0,9127407.0,44682.0,17.6,24.1,561.5327785986468,8.0,43.5,12.394877289315968,97098.0,3827232324.0,39416.0,174.0,5918.0,5.9,104805.0,0,,0,0.0,0,39,6.330670149319955,11.55985675965466,11.48347605674494,22.065407748106068,16.026792203470702
39099,2019,43612.0,9441961.0,46042.0,17.5,24.2,558.8522630064547,7.7,43.5,12.080097165738966,97653.0,3948311466.0,40432.0,197.0,5921.0,5.8,104212.0,0,,0,0.0,0,39,6.325885150222106,11.55418256481843,11.489175657799121,22.096553847503092,16.060674249599007
39099,2020,47294.0,9037227.0,47092.0,17.6,24.6,555.1850843767012,7.9,43.5,11.56834501028844,90587.0,3920436807.0,43278.0,398.0,5898.0,10.2,100125.0,0,,0,0.0,0,39,6.319301543515976,11.51417468437066,11.414065993876983,22.089468914898024,16.016862937524024
39099,2021,51710.0,9408594.0,50750.0,17.3,24.9,556.6237654561008,7.9,43.2,12.365066071569704,91747.0,4168473738.0,45434.0,395.0,6007.0,6.4,98159.0,0,,0,0.0,0,39,6.3218895457298645,11.494343891883839,11.426790067834556,22.150815795687144,16.05713408488254
39099,2022,51786.0,9296844.0,54279.0,17.6,26.2,554.035597635897,7.2,43.3,12.65807069582607,93370.0,4462916975.0,47798.0,377.0,6117.0,4.8,97955.0,0,,0,0.0,0,39,6.317228940343441,11.492263468522133,11.444325373477971,22.219068419462854,16.04518554569089
39101,2012,30892.0,2533450.0,40966.0,19.6,12.1,164.71771098002506,9.5,40.0,12.12841796115019,24115.0,895634638.0,37141.0,,1252.0,7.9,28896.0,0,,0,0.0,0,39,5.104233166192824,10.271458456216711,10.090589332503072,20.613043117689088,14.745092568159638
39101,2013,31351.0,2637177.0,42572.0,18.5,12.4,164.244711569417,10.1,40.2,12.904671101252342,23586.0,884768429.0,37512.0,,1247.0,7.9,28112.0,0,,0,0.0,0,39,5.1013574593999,10.243951810426879,10.068408594649915,20.6008365065858,14.785219584812099
39101,2014,31915.0,2654277.0,42904.0,19.1,12.5,163.86829319029437,9.7,40.4,13.644691641950589,23706.0,897996610.0,37881.0,,1237.0,6.0,27937.0,0,,0,0.0,0,39,5.099063014871342,10.237707254104047,10.073483459639446,20.61567685120367,14.791682859189157
39101,2015,32771.0,2781495.0,42966.0,18.8,12.4,163.30366562161038,9.6,40.4,13.3846515503545,24022.0,923762380.0,38454.0,,1241.0,5.2,27866.0,0,,0,0.0,0,39,5.095611446886827,10.235162586673537,10.086725356114435,20.643965432031333,14.83849911090464
39101,2016,34199.0,2726731.0,43557.0,17.4,12.3,162.50377656597476,8.0,40.5,12.861723994543564,24151.0,954859064.0,39538.0,,1242.0,5.1,27849.0,0,,0,0.0,0,39,5.0907012419057365,10.234552338068042,10.092081066090932,20.677074310591102,14.818614013764511
39101,2017,35919.0,2730904.0,44708.0,16.6,13.5,162.1645047374234,7.9,40.8,12.673706631735303,24252.0,987590268.0,40723.0,,1234.0,5.0,28232.0,0,,0,0.0,0,39,5.088611281342405,10.248211365355106,10.096254367191621,20.710778461194764,14.820143247879008
39101,2018,36773.0,2718137.0,45464.0,16.0,13.1,161.8202800354626,6.7,41.3,12.46004223037582,25034.0,1033389414.0,41280.0,,1240.0,4.4,28629.0,0,,0,0.0,0,39,5.086486336914981,10.262175469085363,10.127990179887968,20.756109929909655,14.815457277132296
39101,2019,36914.0,2685096.0,47498.0,14.8,12.5,161.70884038374865,6.6,41.3,12.201721452296152,24904.0,1062663244.0,42671.0,,1233.0,4.1,28777.0,0,,0,0.0,0,39,5.085797436602226,10.267331735953192,10.122783712121445,20.784044088372976,14.80322703947588
39101,2020,40535.0,2601542.0,49225.0,13.7,12.9,161.41166797917813,6.1,41.6,12.380751897623156,23311.0,1068013305.0,45817.0,,1223.0,7.6,28247.0,0,,0,0.0,0,39,5.0839580455350175,10.248742536245267,10.056680631152522,20.789066035271983,14.771614904114175
39101,2021,42876.0,2701725.0,51144.0,15.2,13.1,162.24375071197557,5.8,41.2,12.88367668289498,23498.0,1131741121.0,48163.0,,1232.0,4.8,27710.0,0,,0,0.0,0,39,5.08909983842933,10.229548637857024,10.064670590127518,20.847023098877354,14.809401015860825
39101,2022,43601.0,2623231.0,55106.0,16.1,13.5,161.87476164296717,5.7,40.7,14.575269412140148,23257.0,1155427521.0,49681.0,23.0,1258.0,4.4,27290.0,0,,0,0.0,0,39,5.08682295997684,10.214275613702384,10.054361440970256,20.867736260484225,14.779917322070073
39103,2012,45062.0,6394385.0,65768.0,7.3,29.9,408.8995819274993,6.4,40.5,11.491020541257567,57950.0,2166291238.0,37382.0,,4365.0,5.5,94011.0,0,,0,0.0,0,39,6.013469604937937,11.451167075682282,10.967335848767897,21.496282435396854,15.670930819488618
39103,2013,45951.0,6758574.0,65951.0,7.4,29.6,411.0777349107147,6.3,40.9,11.466614212689198,58066.0,2207024617.0,38009.0,,4363.0,5.8,94391.0,0,,0,0.0,0,39,6.018782332648072,11.455201008605492,10.969335573610264,21.514911118214084,15.72632247902119
39103,2014,47952.0,7265938.0,66296.0,7.5,29.9,413.0684433561588,5.9,41.1,11.700266237518791,58785.0,2305706181.0,39223.0,,4389.0,5.1,94842.0,0,,0,0.0,0,39,6.023613301642597,11.459967628105451,10.981641999301841,21.558652835670962,15.798707958833953
39103,2015,50175.0,7001675.0,66952.0,7.4,30.8,414.82425295047193,5.0,41.4,12.613656109707064,58962.0,2374401012.0,40270.0,,4465.0,4.2,94525.0,0,,0,0.0,0,39,6.027854943668478,11.456619628759134,10.984648447590482,21.58801103715018,15.761659964109613
39103,2016,52283.0,7209616.0,69319.0,6.6,31.5,416.51362650608127,4.1,41.8,11.870641892152554,60041.0,2462249887.0,41010.0,19.0,4472.0,4.4,95889.0,0,,0,0.0,0,39,6.031919177772993,11.470946551477226,11.002782941171654,21.6243413571211,15.790926248480805
39103,2017,53646.0,7399729.0,71595.0,6.2,32.1,418.4568806381656,3.6,41.9,12.45829345838408,60639.0,2551716526.0,42081.0,17.0,4530.0,4.6,98287.0,0,,0,0.0,0,39,6.0365738514985905,11.495647049169955,11.012693529415108,21.660032117105604,15.81695393588219
39103,2018,55424.0,7462348.0,74243.0,6.4,33.3,420.5804611610172,3.2,41.9,12.595639331305572,61127.0,2642594250.0,43231.0,20.0,4579.0,3.9,99174.0,0,,0,0.0,0,39,6.041635807508181,11.504631162145408,11.020708946078292,21.69502694205464,15.825380667966341
39103,2019,57429.0,7512259.0,76600.0,6.0,33.9,422.2959345889744,2.8,42.2,12.249699693200238,61330.0,2733631240.0,44572.0,33.0,4609.0,3.5,101012.0,0,,0,0.0,0,39,6.045706335061863,11.522994600647012,11.02402439862003,21.728896686853407,15.832046777444141
39103,2020,60020.0,7204268.0,77784.0,5.8,33.9,424.9913395878118,2.9,42.5,11.706887676964705,57050.0,2768004976.0,48519.0,44.0,4639.0,7.5,95393.0,0,,0,0.0,0,39,6.052068791276351,11.465760479482228,10.951683355290221,21.74139267238808,15.790184186140715
39103,2021,64380.0,7716899.0,82894.0,5.7,35.0,430.524512525566,2.8,42.6,12.541449970793412,58711.0,3086641971.0,52573.0,51.0,4771.0,4.2,95806.0,0,,0,0.0,0,39,6.065004261911281,11.470080592477911,10.980382381786619,21.850349596148444,15.858923157366531
39103,2022,66528.0,7628144.0,89968.0,6.0,35.9,432.65758391108955,3.0,42.7,12.929442064317485,60476.0,3275231406.0,54157.0,267.0,4982.0,3.9,97765.0,0,,0,0.0,0,39,6.069946615874246,11.490321918760376,11.010001871100092,21.909654361858056,15.847355123342826
39105,2012,29331.0,406986.0,34704.0,21.6,11.4,55.01950700066496,14.1,41.5,12.37856781743794,3560.0,100807300.0,28313.0,,346.0,11.5,9505.0,0,,0,0.0,0,39,4.007687795090326,9.15957325492253,8.177515823846075,18.428721331614216,12.916534065798707
39105,2013,30013.0,441338.0,35469.0,21.9,12.2,55.007881851281795,15.9,41.8,13.383737499299784,3541.0,97662945.0,27580.0,,345.0,11.8,9407.0,0,,0,0.0,0,39,4.007476481352033,9.149209371971951,8.172164452111904,18.39703277178514,12.997566300773203
39105,2014,30909.0,399904.0,35970.0,23.0,11.9,54.78700401300157,14.1,42.1,14.269763134294427,3547.0,104258995.0,29398.0,,337.0,9.0,9208.0,0,,0,0.0,0,39,4.003453012781322,9.127827950401718,8.173857454773621,18.462388697894646,12.89897979728551
39105,2015,32308.0,421597.0,37813.0,22.8,12.9,54.57542629422788,12.1,42.3,13.713453706678717,3557.0,105364791.0,29623.0,,349.0,8.3,9127.0,0,,0,0.0,0,39,3.9995837135686316,9.118992332516877,8.176672771948455,18.472939087030596,12.951805160434446
39105,2016,32698.0,391201.0,39640.0,22.8,13.4,54.27782247001874,11.2,42.8,13.310086797122374,3488.0,104871372.0,30068.0,,342.0,8.6,8990.0,0,,0,0.0,0,39,3.994115717544782,9.103868127465667,8.15708378502887,18.46824512858951,12.87697677337675
39105,2017,33945.0,373692.0,42105.0,22.5,13.0,54.01974415371238,10.4,42.8,12.861424010288516,3532.0,108941701.0,30841.0,,344.0,8.1,9016.0,0,,0,0.0,0,39,3.989349612213165,9.106756055719613,8.16961956172385,18.506323443897408,12.831187207698271
39105,2018,35082.0,380204.0,43591.0,22.4,12.8,53.84769194284147,8.3,43.6,12.521249420598748,3645.0,114427064.0,31393.0,,352.0,7.2,9015.0,0,,0,0.0,0,39,3.986159541826676,9.106645135637418,8.201111644442758,18.555448182357466,12.84846322975966
39105,2019,36536.0,401767.0,44899.0,19.6,13.1,53.65703949295749,7.8,43.6,12.266925624587316,3722.0,120379884.0,32340.0,,366.0,6.9,9206.0,0,,0,0.0,0,39,3.9826126718943575,9.127610724377186,8.222016437202196,18.606163000468214,12.903627597576943
39105,2020,40616.0,408454.0,43445.0,20.3,12.1,53.41523638578756,8.3,43.3,12.704891948350218,3519.0,120982879.0,34385.0,,367.0,9.7,8969.0,0,,0,0.0,0,39,3.978096030845094,9.101529466118004,8.165932137321585,18.611159597681763,12.920134579842395
39105,2021,43154.0,388926.0,44113.0,20.1,12.4,51.98999307141097,7.5,42.8,13.095571304365638,3536.0,128185079.0,36251.0,,367.0,6.7,8730.0,0,,0,0.0,0,39,3.9510512591278903,9.074520648833648,8.170751423757535,18.668985707221644,12.871144373141835
39105,2022,42277.0,380351.0,46255.0,19.6,11.5,51.713314516091536,6.4,43.2,15.518434180775465,3485.0,134941720.0,38725.0,21.0,368.0,5.9,8558.0,0,,0,0.0,0,39,3.945715282518532,9.054621796976763,8.156223323194624,18.72035353948813,12.848849789579345
39107,2012,40124.0,1755931.0,52234.0,8.2,16.1,88.36904553386658,7.1,39.4,13.506969406728516,17995.0,621980035.0,34565.0,57.0,1046.0,5.1,22144.0,0,,0,0.0,0,39,4.48152174467795,10.005321858417396,9.79784922051313,20.24841855211756,14.378509758555516
39107,2013,44266.0,2023111.0,52535.0,9.4,16.2,88.25011298592055,7.6,39.5,13.256735943716157,18412.0,642261694.0,34883.0,57.0,1051.0,5.1,22380.0,0,,0,0.0,0,39,4.480174976106304,10.015922981865916,9.820757904937132,20.280506401651486,14.52014698365106
39107,2014,46229.0,2168582.0,52033.0,8.8,15.9,88.20253996674214,6.2,39.8,13.437728117599892,18857.0,688907442.0,36534.0,61.0,1072.0,3.8,22717.0,0,,0,0.0,0,39,4.479635760406964,10.030868821863221,9.844639476726922,20.350617483234064,14.589584055699872
39107,2015,46204.0,2496531.0,53099.0,8.4,15.7,88.36255830397862,5.5,40.1,12.876041521874196,19458.0,734044501.0,37724.0,65.0,1072.0,3.3,23077.0,0,,0,0.0,0,39,4.481448331324028,10.046591729504579,9.876013575535373,20.41408021280638,14.730412726230044
39107,2016,45051.0,2309405.0,55220.0,8.3,16.8,88.41229373311968,4.7,40.0,12.281124289617702,19853.0,746879887.0,37621.0,68.0,1083.0,3.3,23516.0,0,,0,0.0,0,39,4.48201102935353,10.065436319522146,9.896110408197078,20.43141493632634,14.652500473562068
39107,2017,48354.0,2405614.0,57052.0,7.4,16.6,88.05982090920689,3.9,39.8,11.526393791552382,20044.0,785115990.0,39170.0,65.0,1087.0,3.1,23634.0,0,,0,0.0,0,39,4.478016366589529,10.07044163219896,9.905685136079615,20.481342022793335,14.69331573039343
39107,2018,51251.0,2592150.0,59417.0,6.9,16.7,88.23930093610727,2.6,39.9,11.049840214191066,20621.0,828903954.0,40198.0,62.0,1106.0,2.7,23757.0,0,,0,0.0,0,39,4.480052452612271,10.075632502878522,9.934065253000266,20.53561484872772,14.767998205150247
39107,2019,49966.0,2291357.0,62952.0,6.4,18.3,88.40796891319438,2.5,39.6,11.044485684110404,20282.0,832613594.0,41052.0,63.0,1118.0,2.6,23649.0,0,,0,0.0,0,39,4.481962111657544,10.071076109728018,9.917489072171941,20.54008021975977,14.64465477644556
39107,2020,54158.0,2205004.0,65566.0,5.6,19.4,88.73233040759266,2.5,39.4,10.07257304778913,19481.0,837703017.0,43002.0,62.0,1141.0,5.4,23385.0,0,,0,0.0,0,39,4.485624314534728,10.059850070159987,9.877194910581204,20.546174200645545,14.606239880920395
39107,2021,60333.0,2307128.0,68692.0,5.3,20.4,91.15422956576646,2.4,39.4,9.729638399959915,19369.0,863751331.0,44595.0,60.0,1166.0,3.2,22765.0,0,,0,0.0,0,39,4.512552902305569,10.032979547768882,9.871429128842239,20.576795474000104,14.65151401892841
39107,2022,61545.0,2378646.0,73278.0,6.4,20.4,91.51535202952986,2.0,39.4,12.717278304221054,19769.0,940643403.0,47582.0,65.0,1200.0,2.7,22723.0,0,,0,0.0,0,39,4.516506739951189,10.031132906371798,9.891870333195937,20.662074670361292,14.682041976195322
39109,2012,39274.0,4273908.0,52292.0,12.3,20.3,252.5256997793472,8.3,40.8,13.492821468541278,38981.0,1484252206.0,38077.0,114.0,2271.0,7.3,52342.0,0,,0,0.0,0,39,5.531513024840394,10.865554387046867,10.57082962691412,21.11817691738648,15.268039189126512
39109,2013,39554.0,4252187.0,52040.0,13.0,19.7,253.04227825868773,8.9,40.9,12.379806634227998,39508.0,1472306282.0,37266.0,114.0,2256.0,7.2,51827.0,0,,0,0.0,0,39,5.533556582508425,10.855666527972762,10.584258462028018,21.110095907619986,15.262943996780772
39109,2014,40358.0,4176975.0,51847.0,12.8,19.7,253.72612976943375,8.5,41.2,12.573905664271075,39992.0,1524965644.0,38132.0,123.0,2272.0,5.4,52201.0,0,,0,0.0,0,39,5.536255456056996,10.862856930775358,10.596434713093407,21.145237718227424,15.24509785830459
39109,2015,41846.0,4150376.0,51569.0,12.8,20.6,254.64121164712276,7.6,41.4,12.721740963289635,40373.0,1582970126.0,39209.0,129.0,2294.0,4.4,52568.0,0,,0,0.0,0,39,5.539855541237426,10.869862848577704,10.605916523694313,21.182568745904735,15.238709490512369
39109,2016,43094.0,4177479.0,53432.0,11.1,21.1,255.49479608679505,6.4,41.4,12.006116991816812,40426.0,1636794980.0,40488.0,128.0,2296.0,4.4,53220.0,0,,0,0.0,0,39,5.543202041869978,10.88218954453168,10.607228421306944,21.21600588619701,15.24521851250907
39109,2017,45035.0,4429984.0,54568.0,9.9,21.0,256.02859384878025,5.5,41.5,11.906324288095712,40658.0,1689836719.0,41562.0,123.0,2305.0,4.2,53796.0,0,,0,0.0,0,39,5.545289132963969,10.89295439394344,10.61295089758101,21.247897745237438,15.303906530276647
39109,2018,46738.0,4374880.0,57544.0,9.4,22.6,257.7972601661415,4.6,41.6,11.733723324040062,40801.0,1755351289.0,43022.0,135.0,2315.0,3.9,54026.0,0,,0,0.0,0,39,5.552173462698967,10.897220691152878,10.616461869895815,21.28593483850633,15.291389648826254
39109,2019,47830.0,4393171.0,61041.0,9.2,23.3,259.2018616504436,4.9,41.3,11.54549445923783,40920.0,1817099432.0,44406.0,137.0,2328.0,3.7,54916.0,0,,0,0.0,0,39,5.557607146745705,10.913560024017496,10.619374220065563,21.32050734803325,15.295561847763732
39109,2020,51926.0,4323295.0,62347.0,8.5,22.6,260.93116960747415,4.2,41.2,10.815945018794904,39370.0,1858741118.0,47212.0,123.0,2356.0,7.0,53737.0,0,,0,0.0,0,39,5.564256654563966,10.891857056271833,10.580759383937783,21.34316527724706,15.279528400969943
39109,2021,56030.0,4560123.0,66284.0,7.7,24.3,265.42048258269557,3.7,41.0,11.018619082143983,40267.0,1981341927.0,49205.0,118.0,2416.0,4.3,53001.0,0,,0,0.0,0,39,5.581315295192574,10.87806606028079,10.603287553926174,21.407040192999293,15.332860154810996
39109,2022,56651.0,4637876.0,71440.0,8.5,24.7,267.68112840419064,3.4,41.1,12.689335122443213,41014.0,2123036943.0,51764.0,124.0,2505.0,3.6,53145.0,0,,0,0.0,0,39,5.589796452726455,10.880779305967682,10.621668750815715,21.476113420835016,15.349767060778287
39111,2012,28590.0,454966.0,41677.0,16.3,10.5,32.210355852129474,6.4,45.0,12.288934742778732,3698.0,136154393.0,36814.0,,334.0,8.4,6495.0,0,,0,0.0,0,39,3.472288011159431,8.7787879291047,8.21554741194707,18.729300042446727,13.02797796986629
39111,2013,29109.0,497667.0,40573.0,19.0,10.4,32.13794344371471,6.7,45.1,13.216874028875996,3614.0,122699292.0,33949.0,,337.0,10.0,6480.0,0,,0,0.0,0,39,3.4700373708232126,8.776475789346321,8.192570471152173,18.625247139493343,13.117686457645357
39111,2014,29989.0,569788.0,41394.0,18.8,10.3,32.01506178095027,8.4,45.3,14.020160379095168,3080.0,107487347.0,34903.0,,339.0,11.0,5891.0,0,,0,0.0,0,39,3.466206472719029,8.681181041521688,8.03268487596762,18.49288369627895,13.25301964080312
39111,2015,30466.0,754712.0,41528.0,19.4,9.9,31.92070621847043,7.4,45.6,13.486207177599065,2886.0,94940819.0,32902.0,,340.0,10.0,5563.0,0,,0,0.0,0,39,3.4632548969756596,8.623892810075294,7.9676267393338165,18.368764297551188,13.534091498504308
39111,2016,30083.0,908766.0,41368.0,18.8,10.7,31.6903031007871,6.5,46.3,13.126782412622235,2680.0,82164699.0,30657.0,,347.0,11.2,5344.0,0,,0,0.0,0,39,3.4560107382133247,8.583729715216482,7.893572073504902,18.224236315230506,13.719842914277347
39111,2017,32504.0,776954.0,43299.0,19.7,11.4,31.244857073265997,5.9,45.8,12.777775437796278,2713.0,89305382.0,32915.0,,351.0,8.4,5187.0,0,,0,0.0,0,39,3.4418547889831923,8.553910774351401,7.905810312658931,18.307572312787638,13.56313642553807
39111,2018,35577.0,842871.0,43956.0,16.6,11.9,30.91790407769632,6.5,46.3,12.467492674352435,2801.0,100410782.0,35852.0,,354.0,7.7,5218.0,0,,0,0.0,0,39,3.4313354360949235,8.559869465696673,7.937731775260109,18.42478014989421,13.644569200363454
39111,2019,37123.0,1080451.0,45289.0,17.1,12.5,30.59314539753315,5.2,46.5,12.19254726820036,2909.0,114752097.0,39447.0,,371.0,8.3,5396.0,0,,0,0.0,0,39,3.420775977248542,8.593413217327646,7.975564658495202,18.558284681247756,13.892889104525475
39111,2020,41833.0,1243685.0,46241.0,14.6,12.1,30.34079912578474,4.7,47.0,12.62827295862516,3109.0,158957850.0,51121.0,,376.0,10.7,5656.0,0,,0,0.0,0,39,3.412493312590816,8.640472207576408,8.042056410058754,18.884149630701167,14.033589304782737
39111,2021,43633.0,976194.0,50503.0,14.7,12.6,29.653978403547768,5.5,46.3,12.994426393011262,2931.0,136654180.0,46621.0,,374.0,7.4,5261.0,0,,0,0.0,0,39,3.3895962953143175,8.568076401730806,7.983098940710892,18.732964058966747,13.791416616134796
39111,2022,42763.0,811623.0,55381.0,13.9,10.7,29.406020762612375,5.5,46.1,15.225394877137628,2899.0,133174204.0,45937.0,7.0,374.0,6.4,5125.0,0,,0,0.0,0,39,3.381199441222426,8.54188580400661,7.972121128921655,18.70716863365167,13.606791225615545
39113,2012,38486.0,26190083.0,43895.0,16.8,24.4,1160.9945572893523,11.1,39.2,12.158484209367446,243104.0,10368101742.0,42649.0,3454.0,12126.0,8.2,254590.0,0,,0,0.0,0,39,7.057032293736302,12.447409687036348,12.401244614302948,23.061999789586885,17.080891385627403
39113,2013,38716.0,26534132.0,43401.0,17.7,24.6,1162.7437677603386,11.5,39.1,12.287872123755909,242220.0,10400132264.0,42937.0,3328.0,11983.0,8.3,251135.0,0,,0,0.0,0,39,7.058537808176136,12.433745922130779,12.397601683075042,23.06508436070518,17.093942462196004
39113,2014,40399.0,26950673.0,43281.0,18.5,24.8,1159.2063309714297,10.6,39.4,12.442699595729334,245950.0,10750149292.0,43709.0,3217.0,11932.0,6.1,249711.0,0,,0,0.0,0,39,7.055490852492102,12.428059528161002,12.412883542223486,23.09818547905156,17.109518827178167
39113,2015,41777.0,27177715.0,43829.0,18.6,25.7,1156.9564171314248,9.4,39.4,12.131672247923603,249350.0,11195642373.0,44899.0,3129.0,11939.0,5.1,249904.0,0,,0,0.0,0,39,7.0535480576263,12.428832123097504,12.426612810974268,23.13879046569931,17.117907893984754
39113,2016,42444.0,27451612.0,45394.0,18.5,26.1,1154.7845349852932,8.7,39.4,12.037757127007444,252750.0,11402911464.0,45115.0,3136.0,11933.0,5.0,251039.0,0,,0,0.0,0,39,7.051669055757033,12.43336358452999,12.440156136882718,23.15713455131893,17.127935449150034
39113,2017,44180.0,28375555.0,47045.0,17.9,26.8,1153.1068535670238,8.0,39.3,11.62785874925508,254680.0,11759927848.0,46175.0,2964.0,11873.0,4.9,253155.0,0,,0,0.0,0,39,7.0502151903610235,12.441757228338695,12.447763134130962,23.18796364402392,17.161038593045923
39113,2018,45796.0,29065451.0,49314.0,17.4,27.4,1153.2087282784692,7.2,39.3,11.154742354398977,254513.0,12124373099.0,47638.0,2775.0,11872.0,4.5,252382.0,0,,0,0.0,0,39,7.050303534482109,12.438699091733708,12.447107194218246,23.218483569258044,17.18506077594198
39113,2019,47499.0,30030861.0,51542.0,16.6,27.9,1152.419741151531,6.4,39.2,11.08758660088305,255736.0,12589094015.0,49227.0,2618.0,12091.0,4.2,254148.0,0,,0,0.0,0,39,7.049619133531829,12.445672053475601,12.451900941357565,23.25609672173029,17.21773611087717
39113,2020,51376.0,29408523.0,53064.0,16.0,28.3,1153.109021114076,6.3,39.1,10.598227052396595,240012.0,12677392602.0,52820.0,2437.0,12263.0,8.7,250353.0,0,,0,0.0,0,39,7.050217070104439,12.430627200909779,12.38844420107417,23.26308613405349,17.1967950882558
39113,2021,54994.0,30450796.0,56543.0,15.3,29.2,1162.1000062858864,6.1,39.0,10.486135663047545,241329.0,13286916524.0,55057.0,2303.0,12525.0,5.6,245996.0,0,,0,0.0,0,39,7.057983997637903,12.4130705546197,12.393916426737432,23.310045668004047,17.23162269299361
39113,2022,55123.0,30819640.0,61942.0,15.1,30.0,1162.067493080106,5.9,39.0,12.339303148927234,245844.0,14090391580.0,57314.0,844.0,12900.0,4.1,244612.0,0,,0,0.0,0,39,7.057956019270775,12.40742856072111,12.4124524674172,23.368758953812204,17.243662707061223
39115,2012,26903.0,278334.0,37152.0,18.0,7.7,36.12166387305307,9.2,43.2,12.381146270233817,2505.0,76129906.0,30390.0,,223.0,9.9,6702.0,0,,0,0.0,0,39,3.5868927926332526,8.810161268297255,7.826044013518965,18.147951728551565,12.536577110371596
39115,2013,27801.0,279255.0,37865.0,20.2,10.5,36.040016713653806,10.4,43.6,13.389526960377244,2520.0,77106120.0,30604.0,,219.0,10.1,6687.0,0,,0,0.0,0,39,3.5846298964929098,8.80792062205398,7.832014180505469,18.160693212815243,12.539880621874108
39115,2014,30275.0,290500.0,38696.0,19.5,10.7,35.96557371537801,9.0,43.5,14.264160716303254,2587.0,83094613.0,32126.0,,218.0,7.8,6684.0,0,,0,0.0,0,39,3.5825621952392996,8.807471889715284,7.8582541821860294,18.23549043221298,12.579358855274103
39115,2015,31047.0,303703.0,37067.0,21.4,11.1,35.81188494474409,9.3,43.9,13.693819740110175,2651.0,89476858.0,33748.0,,217.0,7.4,6728.0,0,,0,0.0,0,39,3.5782798200096866,8.814033201652784,7.8826922062890254,18.309490579977737,12.623805529154298
39115,2016,31121.0,297329.0,38941.0,20.3,12.2,35.67740727043941,8.4,43.8,13.288770915616942,2627.0,89214042.0,33958.0,,215.0,8.3,6780.0,0,,0,0.0,0,39,3.574517638884257,8.821732380934442,7.87359778968554,18.306549006685433,12.602594548796803
39115,2017,32941.0,310334.0,40276.0,21.5,13.0,35.47569075898239,5.5,44.2,12.854179380235248,2666.0,97112613.0,36432.0,,215.0,6.8,6736.0,0,,0,0.0,0,39,3.5688476945685124,8.815221555922163,7.888334500738654,18.391381821839055,12.645404415816499
39115,2018,33897.0,301091.0,41731.0,19.1,11.3,35.305192279060385,5.0,44.3,12.520529556414946,2763.0,104181048.0,37701.0,,211.0,6.0,6749.0,0,,0,0.0,0,39,3.564030043180937,8.817149624743406,7.924072324923417,18.461640789743104,12.615167823621238
39115,2019,35605.0,332431.0,42341.0,19.2,10.2,35.15630628250878,4.6,44.5,12.26404319775186,2706.0,105193159.0,38881.0,,210.0,6.5,6790.0,0,,0,0.0,0,39,3.5598040127622066,8.823206220552741,7.903226808730733,18.471308827636328,12.714187598746049
39115,2020,40173.0,340057.0,43791.0,17.2,10.4,34.95699115809292,4.0,44.8,12.66023762179271,2566.0,104571722.0,40753.0,,217.0,9.2,6682.0,0,,0,0.0,0,39,3.554118481811565,8.807172622916703,7.850103545175582,18.465383728877264,12.73686852959997
39115,2021,43881.0,384507.0,44848.0,17.3,10.9,33.51135615931762,4.1,44.7,13.04664558582196,2685.0,111575886.0,41549.0,,218.0,6.3,6716.0,0,,0,0.0,0,39,3.5118843712173264,8.812248018197431,7.895436006942965,18.530215509295044,12.859717273223756
39115,2022,43214.0,374609.0,51056.0,16.6,11.2,33.261611907037505,4.9,44.6,15.481308692320148,2788.0,121695900.0,43651.0,13.0,225.0,5.3,6761.0,0,,0,0.0,0,39,3.5044039364220025,8.818926087090677,7.933079771880415,18.61703586799009,12.83363809433085
39117,2012,32030.0,669514.0,51534.0,13.8,13.5,85.919918056602,7.8,39.6,12.11661573061946,4830.0,159207972.0,32960.0,31.0,445.0,8.1,16904.0,0,,0,0.0,0,39,4.453415677042711,9.735305559295893,8.482601746646619,18.88572190549771,13.414307355022437
39117,2013,33422.0,670401.0,51484.0,13.6,14.1,86.01102099307126,9.1,40.6,12.892521486658817,4859.0,162682541.0,33480.0,32.0,448.0,8.0,16886.0,0,,0,0.0,0,39,4.454475439125083,9.734240155229445,8.488587934405903,18.907311258502656,13.415631319795676
39117,2014,34018.0,636156.0,51444.0,13.4,13.8,86.1562932431168,8.3,41.0,13.626183108794237,4886.0,166590280.0,34097.0,33.0,444.0,5.9,16844.0,0,,0,0.0,0,39,4.456163010138974,9.73174978928182,8.494129251817686,18.931047942657642,13.363199095264166
39117,2015,34895.0,685225.0,51993.0,11.7,13.9,86.16860445074778,7.0,41.2,13.374353687472793,5487.0,208090354.0,37927.0,33.0,447.0,5.1,16741.0,0,,0,0.0,0,39,4.456305893817615,9.725616079415785,8.610136937058975,19.153482937574502,13.437502530464121
39117,2016,36298.0,686532.0,53032.0,11.0,13.5,86.25724514569083,5.4,41.5,12.854796355679476,5705.0,222039601.0,38922.0,32.0,443.0,5.1,16834.0,0,,0,0.0,0,39,4.457334054072694,9.731155929771521,8.649098262296176,19.218366306811102,13.439408116359443
39117,2017,37894.0,608966.0,52767.0,9.7,13.6,86.01840771764984,4.3,41.8,12.662734613063758,5204.0,183545805.0,35268.0,31.0,457.0,4.9,16831.0,0,,0,0.0,0,39,4.454561316578011,9.730977703126166,8.557182839632397,19.02797481283799,13.319517715905281
39117,2018,39750.0,627468.0,56010.0,10.2,13.5,86.11935962022386,3.6,41.7,12.455328358676084,5241.0,188268173.0,35922.0,36.0,472.0,4.6,16748.0,0,,0,0.0,0,39,4.455734236567725,9.726034127139034,8.564267598802166,19.05337795650551,13.349447952671799
39117,2019,41647.0,673750.0,59452.0,9.7,13.8,86.28432980247898,3.2,42.2,12.19951057465909,5448.0,199590643.0,36638.0,40.0,484.0,4.2,16990.0,0,,0,0.0,0,39,4.457648003415265,9.740380214665977,8.60300384782935,19.11177904198528,13.420614401205343
39117,2020,45637.0,655039.0,61769.0,9.1,14.7,86.54286516272954,2.7,42.7,12.369553107192644,5162.0,201436127.0,39027.0,41.0,500.0,7.2,16700.0,0,,0,0.0,0,39,4.460639842207193,9.723163998404846,8.54907938027856,19.120982901506775,13.392450054829569
39117,2021,49542.0,674555.0,63411.0,10.2,15.0,85.91253133202342,3.2,42.6,12.8678028771618,5279.0,210165974.0,39810.0,41.0,525.0,4.6,16803.0,0,,0,0.0,0,39,4.453329701144569,9.729312720877942,8.571491964823617,19.16340812889872,13.421808493188465
39117,2022,49235.0,670219.0,70412.0,10.6,16.9,86.29910325163615,2.6,42.7,14.573634732489053,5156.0,216942664.0,42080.0,44.0,550.0,3.9,16968.0,0,,0,0.0,0,39,4.457819206976717,9.739084496244518,8.547916364059079,19.195143655394006,13.415359803629846
39119,2012,33460.0,3035170.0,40398.0,17.3,13.8,129.4056393387365,10.3,39.6,12.31249651038075,32249.0,1106786475.0,34320.0,,1867.0,9.2,40377.0,0,,0,0.0,0,39,4.862951961787488,10.606015594901825,10.38124231399123,20.824726585889117,14.925777994086628
39119,2013,34915.0,3447389.0,40524.0,18.1,14.2,129.21904578464094,10.1,39.8,13.222221113113006,32112.0,1110543665.0,34584.0,,1848.0,9.1,39928.0,0,,0,0.0,0,39,4.8615089936780596,10.594833111149445,10.376985071036119,20.82811552065181,15.053127690886871
39119,2014,36256.0,3606573.0,40937.0,19.2,14.6,129.33190478913423,9.7,40.1,13.99898805522842,31972.0,1157754723.0,36211.0,,1840.0,7.1,39446.0,0,,0,0.0,0,39,4.862382005449324,10.582687926963448,10.37261579874591,20.869748382781292,15.098268571952124
39119,2015,37394.0,3611286.0,41130.0,18.6,15.1,129.43573507326806,8.3,40.3,13.482879507325997,32130.0,1217637779.0,37897.0,,1840.0,6.3,38940.0,0,,0,0.0,0,39,4.8631845037042165,10.56977727892619,10.377545452109905,20.920178572021367,15.099574499560246
39119,2016,37782.0,3611811.0,42464.0,17.4,15.1,129.39811540510362,7.6,40.2,13.139801688783733,33463.0,1257817989.0,37588.0,,1840.0,6.1,39897.0,0,,0,0.0,0,39,4.862893817857988,10.594056412081272,10.41819562981634,20.9526443019272,15.099719866568586
39119,2017,39132.0,3659300.0,43325.0,16.6,15.7,129.31083777496215,6.9,40.2,12.550589507102746,33391.0,1296099540.0,38816.0,,1838.0,5.7,40012.0,0,,0,0.0,0,39,4.86221910109709,10.59693468810507,10.416041681575788,20.982625237482655,15.112782430255027
39119,2018,40342.0,3600172.0,45276.0,16.3,15.5,129.5260222768627,6.6,40.2,12.214063943209611,33304.0,1344161120.0,40360.0,7.0,1851.0,5.3,39768.0,0,,0,0.0,0,39,4.863881805175884,10.590817847774508,10.413432788874811,21.0190359528146,15.096492180062794
39119,2019,41878.0,3694418.0,47254.0,16.0,16.1,129.60878554682444,6.1,40.3,11.994642926405213,33232.0,1385043124.0,41678.0,7.0,1877.0,4.9,40063.0,0,,0,0.0,0,39,4.864520571333707,10.598208494084364,10.411268546115894,21.04899711256308,15.122333589809562
39119,2020,46287.0,3722320.0,48350.0,15.6,17.5,129.46131644761988,5.3,40.5,12.352825611738451,32452.0,1465553480.0,45161.0,6.0,1896.0,7.8,40199.0,0,,0,0.0,0,39,4.863382121825278,10.601597398675818,10.387517353514955,21.105498810114,15.129857687770777
39119,2021,49575.0,3899790.0,52224.0,15.8,18.2,129.9323146930385,4.5,40.4,12.674920909882117,33468.0,1576506344.0,47105.0,4.0,1903.0,5.2,40313.0,0,,0,0.0,0,39,4.867013658659678,10.604429276561985,10.41834503741549,21.17847706104532,15.176433263496273
39119,2022,49985.0,3902042.0,56810.0,15.6,19.3,130.00303966918767,4.6,40.5,14.366185387291877,34312.0,1698717873.0,49508.0,65.0,1927.0,4.3,40536.0,0,,0,0.0,0,39,4.8675578322529,10.609945747155745,10.443250426196716,21.25313961110951,15.177010563818182
39121,2012,23084.0,220860.0,39544.0,14.1,8.9,36.79034802970765,10.4,44.5,12.306662844632251,2893.0,93549506.0,32338.0,,279.0,11.0,4781.0,0,,0,0.0,0,39,3.6052355289715754,8.472405008626103,7.970049304976135,18.35400133007182,12.305284295601123
39121,2013,24467.0,314542.0,38290.0,15.2,9.7,36.78029808146488,11.3,44.4,13.230223650424392,3459.0,146894305.0,42467.0,,286.0,9.6,5285.0,0,,0,0.0,0,39,3.60496232358773,8.572627898304338,8.148734808937169,18.805223872523314,12.658872891516268
39121,2014,24091.0,448128.0,37126.0,13.7,9.5,36.58432409073093,10.8,49.6,14.018158450398303,3261.0,120080700.0,36826.0,,290.0,7.6,5095.0,0,,0,0.0,0,39,3.5996198451272226,8.536014945656826,8.089789175789319,18.603674574719523,13.012834184874283
39121,2015,25149.0,618538.0,41708.0,12.7,9.3,36.451162276514275,7.0,50.2,13.491026788647543,3161.0,119259346.0,37732.0,,283.0,7.4,4991.0,0,,0,0.0,0,39,3.5959733448191114,8.515391569469609,8.058643712215618,18.596811057827328,13.335113907892623
39121,2016,24933.0,564101.0,41398.0,11.9,9.5,36.25267579871963,6.9,47.9,13.138943219217175,3079.0,111127223.0,36096.0,,280.0,8.8,4913.0,0,,0,0.0,0,39,3.5905131937135737,8.499640032168648,8.0323601479245,18.52618625609769,13.242988592461828
39121,2017,26320.0,478258.0,42171.0,12.9,10.6,36.42603740590736,4.8,48.7,12.802352249635542,3005.0,114422693.0,38075.0,,275.0,7.2,4794.0,0,,0,0.0,0,39,3.595283832277141,8.475120414994329,8.008032846969307,18.555409982622777,13.077905614815496
39121,2018,27501.0,414965.0,47456.0,15.4,10.3,36.28785061756932,4.8,49.7,12.492165674725433,3050.0,119482029.0,39174.0,,271.0,6.7,4795.0,0,,0,0.0,0,39,3.591482991517485,8.475328987317539,8.022896869601457,18.59867653308965,12.935949458306844
39121,2019,28181.0,430033.0,46897.0,15.6,9.9,36.220013466930645,5.3,50.4,12.224985366624146,2973.0,119142985.0,40073.0,,276.0,7.0,4763.0,0,,0,0.0,0,39,3.5896118242644373,8.46863300080086,7.997326822998097,18.595834884408617,12.971617228911107
39121,2020,30639.0,414379.0,50070.0,15.2,11.0,36.204938544566495,4.8,51.2,12.656649349861937,2818.0,118355137.0,42006.0,,276.0,9.7,4636.0,0,,0,0.0,0,39,3.589195533409886,8.441607204459642,7.943782692458625,18.589200298136493,12.93453629296768
39121,2021,32576.0,391438.0,46144.0,16.6,12.1,35.59189170175774,4.8,51.5,13.028153284988711,2920.0,126628925.0,43373.0,,278.0,6.8,4605.0,0,,0,0.0,0,39,3.572117850729886,8.434897948689407,7.979338895262328,18.656771517091222,12.877582416610078
39121,2022,31369.0,377958.0,51547.0,16.6,13.1,35.71751605479232,4.5,51.9,15.233305750552228,2960.0,139173981.0,47012.0,20.0,285.0,6.0,4583.0,0,,0,0.0,0,39,3.5756412142508056,8.430109084509125,7.992944547318106,18.75123537028978,12.842538357317316
39123,2012,42756.0,2055962.0,53850.0,10.0,20.3,162.7182926063195,6.6,46.5,11.475263380168569,13545.0,508951676.0,37574.0,,1094.0,9.5,22004.0,0,,0,0.0,0,39,5.092020439412846,9.99897953399535,9.513772754519195,20.04786363091153,14.536254422896118
39123,2013,43157.0,2066497.0,53202.0,11.0,20.3,162.43168540737483,6.9,46.7,11.513978800711683,13649.0,517629622.0,37923.0,,1091.0,9.7,21952.0,0,,0,0.0,0,39,5.090257515884914,9.996613530525611,9.521421537856195,20.064770529034284,14.541365461202892
39123,2014,44722.0,1915426.0,53599.0,10.3,21.4,162.16470883849487,6.5,47.0,11.731342130233203,13718.0,538156873.0,39231.0,,1094.0,7.6,21548.0,0,,0,0.0,0,39,5.088612539946705,9.978038283800425,9.526464118059266,20.103660661125126,14.465450610165687
39123,2015,46283.0,2080967.0,53914.0,10.7,21.7,161.6071989446573,5.5,47.3,12.671364007655502,13531.0,537365802.0,39715.0,,1105.0,6.7,21101.0,0,,0,0.0,0,39,5.085168693019625,9.957075711706057,9.512738628263644,20.1021896160955,14.548343247489344
39123,2016,47815.0,2034304.0,54580.0,11.1,21.3,160.8965701363151,5.3,47.8,11.905763815957846,13630.0,559004274.0,41014.0,,1109.0,6.5,21118.0,0,,0,0.0,0,39,5.080761737029772,9.95788103636646,9.520028524690579,20.141667676886208,14.525664303616436
39123,2017,49370.0,2076150.0,56193.0,10.5,22.3,160.0642314215717,4.9,48.3,12.439529538093725,13772.0,563291734.0,40900.0,,1126.0,6.7,21329.0,0,,0,0.0,0,39,5.075575181060609,9.967822928041022,9.530392824458414,20.149308229516194,14.546025774992957
39123,2018,51678.0,2003980.0,57918.0,10.4,22.4,159.82866386079527,4.7,49.0,12.594771544366202,13842.0,596128265.0,43068.0,,1143.0,6.3,21217.0,0,,0,0.0,0,39,5.074102390593353,9.962558026113117,9.535462727401809,20.205966411606877,14.510645761097171
39123,2019,53625.0,2063527.0,59099.0,10.1,23.1,159.52635215779884,3.8,49.3,12.282428447056024,13828.0,602198384.0,43548.0,39.0,1144.0,5.7,21222.0,0,,0,0.0,0,39,5.072209125868301,9.962793658433535,9.534450801041515,20.21609749051445,14.53992721265423
39123,2020,57049.0,1981095.0,59306.0,8.8,23.9,159.23189270682832,3.7,49.6,11.810137147889836,12962.0,600699976.0,46343.0,36.0,1152.0,9.1,20571.0,0,,0,0.0,0,39,5.070361584419735,9.931637595952473,9.469777278987662,20.213606159867002,14.499160280108846
39123,2021,62156.0,2064088.0,64463.0,8.3,26.0,158.92565487781894,3.9,49.6,12.592957854441533,13342.0,635945158.0,47666.0,31.0,1174.0,6.1,20475.0,0,,0,0.0,0,39,5.068436513486117,9.92695990872127,9.498672233269462,20.270622888026665,14.540199040333631
39123,2022,62899.0,1921277.0,69515.0,8.8,26.9,158.48592876436962,3.4,49.8,12.822293241044294,13675.0,690127717.0,50466.0,33.0,1203.0,5.2,20494.0,0,,0,0.0,0,39,5.065665811864515,9.927887439359663,9.523324627290181,20.352387235528674,14.468500627086879
39125,2012,33960.0,557620.0,44099.0,14.0,12.5,46.8788646487447,9.5,40.5,12.332382249096709,4755.0,152998814.0,32176.0,,384.0,7.7,9217.0,0,,0,0.0,0,39,3.8475669267319903,9.128804883993665,8.46695197497949,18.84594072769268,13.231433005790949
39125,2013,34759.0,534551.0,44861.0,13.7,12.1,46.68435650221523,9.4,40.6,13.33253771085888,4595.0,146149746.0,31809.0,,379.0,7.6,9016.0,0,,0,0.0,0,39,3.8434091300177196,9.106756055719613,8.432724034789787,18.800142311579545,13.189182421172287
39125,2014,36998.0,571809.0,45404.0,14.0,12.7,46.32895890114904,7.7,40.6,14.226380338122466,4768.0,159139598.0,33374.0,,383.0,5.5,9036.0,0,,0,0.0,0,39,3.8357672278000527,9.108971877587894,8.469682208745185,18.885292349832806,13.25656029851563
39125,2015,36397.0,505651.0,45550.0,12.8,12.7,46.021588002929626,6.6,41.0,13.657706057018652,4832.0,167618161.0,34687.0,,391.0,4.8,8934.0,0,,0,0.0,0,39,3.8291105908117355,9.097619501912064,8.48301573961465,18.937199099330368,13.133601986980887
39125,2016,36883.0,488740.0,48003.0,11.0,13.0,45.762243807557,6.1,41.3,13.245587459150412,4884.0,168539942.0,34508.0,,383.0,4.6,8910.0,0,,0,0.0,0,39,3.8234593801254557,9.094929520464856,8.493719835230594,18.942683324176464,13.09958592971434
39125,2017,38548.0,542357.0,49866.0,10.7,14.0,45.507702282469054,5.0,41.5,12.795971259557632,4885.0,172776053.0,35372.0,,395.0,4.4,8937.0,0,,0,0.0,0,39,3.8178815925638903,9.097955241381392,8.493924564476883,18.967506822554906,13.203679735179577
39125,2018,40203.0,572995.0,51933.0,10.3,14.1,45.31799680622426,4.6,42.0,12.462441838817616,4866.0,181107309.0,37216.0,,398.0,4.1,8799.0,0,,0,0.0,0,39,3.813704234084591,9.08239335764556,8.490027523343468,19.014600280956966,13.258632269655314
39125,2019,40674.0,563640.0,55330.0,9.9,15.6,45.166712692256894,4.1,42.1,12.20276765680874,4733.0,181074016.0,38254.0,,403.0,3.9,8710.0,0,,0,0.0,0,39,3.8103603706678846,9.072227069846548,8.462314529906248,19.014416433818557,13.242171028809041
39125,2020,45709.0,573090.0,56531.0,10.3,15.9,45.00582323772017,4.5,42.2,12.631754459567258,4618.0,189203608.0,40971.0,,397.0,7.5,8684.0,0,,0,0.0,0,39,3.806791886680849,9.069237530998182,8.43771698991444,19.058334284167668,13.258798051425806
39125,2021,49640.0,607970.0,59987.0,10.1,16.2,45.284378114231515,4.3,41.5,13.014167060309411,4687.0,202051298.0,43108.0,,411.0,4.4,8556.0,0,,0,0.0,0,39,3.8129621190227025,9.054388070202297,8.452547997922705,19.12403217362056,13.31788081762568
39125,2022,50980.0,588345.0,65331.0,9.4,15.4,45.209936724819,3.9,41.4,15.46116590949268,4819.0,233277600.0,48406.0,20.0,419.0,3.5,8645.0,0,,0,0.0,0,39,3.811316901721792,9.064736398117391,8.480321716640333,19.2677397186658,13.28506878951314
39127,2012,30442.0,688123.0,42222.0,18.2,10.1,88.46038820005197,11.5,38.3,12.30943510121942,5601.0,189007989.0,33747.0,,504.0,9.8,16094.0,0,,0,0.0,0,39,4.482554860855285,9.686201810706079,8.630700432209832,19.05729984197184,13.441722880006175
39127,2013,31758.0,750301.0,41446.0,19.6,10.2,88.37459000720705,11.6,38.8,13.22359430227058,5790.0,195444398.0,33755.0,,522.0,9.6,16056.0,0,,0,0.0,0,39,4.481584484966452,9.683837890476173,8.663887570567042,19.090786487730565,13.528229738333145
39127,2014,32587.0,701661.0,41892.0,18.8,11.0,88.2495697833473,11.0,39.5,14.003490699834972,5869.0,199479578.0,33988.0,,526.0,7.4,15856.0,0,,0,0.0,0,39,4.4801688208252886,9.67130325656977,8.677439540558334,19.111222423139658,13.461205660388396
39127,2015,33840.0,690271.0,42017.0,19.3,11.0,88.31085420680796,9.5,40.0,13.483123615003356,5548.0,179836076.0,32415.0,,525.0,6.6,15880.0,0,,0,0.0,0,39,4.480863024254765,9.672815734801127,8.621192781434722,19.007556305036537,13.444839553089116
39127,2016,34863.0,704203.0,43674.0,20.6,12.0,88.1196468056107,9.6,39.8,13.137163402953629,5706.0,187804051.0,32913.0,,528.0,6.4,15954.0,0,,0,0.0,0,39,4.478695513819105,9.677464860471074,8.649273531773446,19.05090969532581,13.46482194584738
39127,2017,36824.0,753378.0,46477.0,19.2,11.7,88.20789637539406,7.6,39.9,12.819616791431027,6015.0,230325552.0,38293.0,,540.0,6.0,15984.0,0,,0,0.0,0,39,4.47969648707104,9.679343500888335,8.70201162840878,19.25500430956988,13.532322372858054
39127,2018,37914.0,744343.0,48811.0,19.4,12.3,88.2127991292709,7.5,39.9,12.496129895156832,6441.0,259528368.0,40295.0,,546.0,5.6,15841.0,0,,0,0.0,0,39,4.479752067328946,9.670356794688852,8.77043908654689,19.374376572514524,13.520257229082842
39127,2019,39388.0,737244.0,50150.0,19.1,12.2,88.30350007599267,7.1,40.2,12.236712773080988,6634.0,261337286.0,39394.0,,559.0,5.2,16025.0,0,,0,0.0,0,39,4.480779745284044,9.68190528178887,8.799963219506997,19.38132241453219,13.510674188292422
39127,2020,43081.0,720341.0,52978.0,16.5,13.0,88.4358744306677,6.1,40.7,12.695958355056618,5968.0,250064971.0,41902.0,,569.0,8.5,15781.0,0,,0,0.0,0,39,4.48227770667264,9.666561963748133,8.694167141883597,19.337231326062522,13.487479989985006
39127,2021,46501.0,715903.0,58616.0,15.2,13.4,86.87434732089014,4.9,41.0,13.086137294594629,5966.0,259387523.0,43479.0,,587.0,5.6,15817.0,0,,0,0.0,0,39,4.464462791003672,9.668840589963489,8.693831965074693,19.37383372922951,13.4812999619049
39127,2022,46802.0,700855.0,62899.0,15.3,14.8,86.90376384415126,4.9,41.1,15.249462498065489,6155.0,284658381.0,46249.0,32.0,591.0,4.4,15911.0,0,,0,0.0,0,39,4.464801343694167,9.674765972907856,8.725020038618554,19.466800356103754,13.460056297259948
39129,2012,34148.0,1730994.0,53750.0,13.5,15.9,111.31660641464563,7.9,38.4,12.594995498849912,13518.0,526064588.0,38915.0,,875.0,7.4,25705.0,0,,0,0.0,0,39,4.712378451236543,10.154440804489605,9.511777409660299,20.080934554038326,14.364206367947833
39129,2013,35542.0,1686246.0,54003.0,13.3,16.1,111.62385181993024,8.2,38.6,13.243867723572146,13838.0,537157823.0,38819.0,,872.0,7.3,25642.0,0,,0,0.0,0,39,4.715134753096104,10.151986911112646,9.535173710058757,20.101802506872847,14.338015314373788
39129,2014,35839.0,1585722.0,55678.0,12.8,16.4,112.28223483125444,7.4,38.8,13.935934466588307,13584.0,542332493.0,39925.0,,886.0,5.7,25868.0,0,,0,0.0,0,39,4.721015655385858,10.160761962566484,9.516647908551128,20.111389827036437,14.27655038208028
39129,2015,36474.0,1685973.0,57439.0,12.6,17.1,112.75307843935296,6.9,39.1,13.37495736259637,13773.0,560365572.0,40686.0,,902.0,4.8,25828.0,0,,0,0.0,0,39,4.725200281241573,10.159214453746358,9.530465432917332,20.14409993585043,14.337853403180834
39129,2016,37644.0,1669249.0,58706.0,12.2,17.3,113.3296623492702,6.0,39.3,12.934857141157533,13568.0,560945733.0,41344.0,,907.0,4.9,26309.0,0,,0,0.0,0,39,4.730300937381645,10.177666364950163,9.515469358031684,20.14513472618775,14.327884382648497
39129,2017,39546.0,1719141.0,60314.0,12.0,17.3,113.87033445856974,5.2,39.4,12.289348665706765,13646.0,600520326.0,44006.0,,907.0,4.6,26437.0,0,,0,0.0,0,39,4.735060384014738,10.18251982308024,9.52120171737537,20.21330704737108,14.357335305433976
39129,2018,40734.0,1734232.0,62214.0,11.7,18.6,114.55864397040868,4.1,39.4,11.917187008535953,14033.0,634631763.0,45223.0,,930.0,4.3,26305.0,0,,0,0.0,0,39,4.741086866291797,10.177514314164908,9.549166977751137,20.26855548786207,14.366075222067261
39129,2019,42091.0,1787539.0,63633.0,12.1,18.4,115.24096818214466,4.2,39.7,11.719629873501995,13913.0,637993905.0,45858.0,,958.0,4.0,26739.0,0,,0,0.0,0,39,4.747025311622763,10.193878452798828,9.540578933841877,20.273839287971896,14.396350371494105
39129,2020,46298.0,1849888.0,61629.0,13.8,18.6,115.93925319415516,4.4,39.5,11.83115777868088,13465.0,661278238.0,49111.0,,985.0,6.9,26255.0,0,,0,0.0,0,39,4.753066374577707,10.17561172607196,9.5078490052457,20.30968524419475,14.430635654681314
39129,2021,51129.0,1997145.0,63629.0,13.4,19.6,116.6295578060284,4.2,39.4,11.961117069751722,14301.0,728138668.0,50915.0,,1016.0,4.5,26475.0,0,,0,0.0,0,39,4.759002739270138,10.183956170469607,9.568084743872936,20.4060020660443,14.507229218675423
39129,2022,50568.0,2012942.0,67600.0,12.5,19.6,117.3298379180732,4.1,39.5,14.002547280211708,14841.0,805825517.0,54297.0,37.0,1052.0,3.7,26727.0,0,,0,0.0,0,39,4.764989096015276,10.193429569388753,9.605148899895818,20.50737779688681,14.515107891489498
39131,2012,31090.0,1125570.0,39735.0,22.0,12.7,65.07647371457385,19.1,39.8,12.313450156255442,8545.0,366044665.0,42835.0,,510.0,13.0,10571.0,0,,0,0.0,0,39,4.175563097025646,9.265869681768663,9.053101595549691,19.718265919439038,13.933800131975108
39131,2013,32271.0,1057751.0,42165.0,23.5,12.2,64.92884106095639,18.9,40.1,13.229477087903296,9037.0,416820591.0,46125.0,,503.0,12.2,10758.0,0,,0,0.0,0,39,4.173291917307601,9.283404942833188,9.109082539901955,19.848166449774336,13.871655513984845
39131,2014,33352.0,1007553.0,39989.0,24.2,11.4,64.74032551864487,16.1,40.5,14.01954971869463,9058.0,423449196.0,46748.0,,495.0,9.1,10529.0,0,,0,0.0,0,39,4.170384276576975,9.26188863385676,9.111403624116159,19.86394410264074,13.823035176878413
39131,2015,34593.0,1007466.0,40283.0,23.1,11.8,64.49502818648048,13.4,40.8,13.510458177741969,9236.0,431166853.0,46681.0,,502.0,7.4,10511.0,0,,0,0.0,0,39,4.16658813845058,9.260177606823355,9.130864170474386,19.88200570308296,13.822948825335272
39131,2016,34486.0,1020859.0,41128.0,20.7,12.3,64.27244357025725,11.1,40.8,13.166371700227334,9636.0,446483715.0,46337.0,,518.0,7.6,10851.0,0,,0,0.0,0,39,4.163130979047201,9.292012520620208,9.173261363734762,19.9169134850513,13.836154987708076
39131,2017,36707.0,1149783.0,43562.0,20.0,13.3,64.25654466909845,9.9,41.0,12.5412552499302,9725.0,465259817.0,47841.0,,521.0,7.0,10920.0,0,,0,0.0,0,39,4.162883581141753,9.298351249298896,9.182455168486648,19.958106553747633,13.955083786881994
39131,2018,37989.0,1136898.0,43729.0,19.4,13.8,64.08165675635162,8.4,40.8,12.207154460639414,9821.0,485444626.0,49428.0,,530.0,6.5,10928.0,0,,0,0.0,0,39,4.1601581569257515,9.29908358181057,9.192278229157774,20.000575783578046,13.943814058945978
39131,2019,39391.0,1118228.0,42832.0,18.7,12.6,63.595604635211075,6.4,40.8,11.983718643663638,9689.0,484365693.0,49990.0,,544.0,6.2,10900.0,0,,0,0.0,0,39,4.152544358448645,9.296518068217235,9.178746500385005,19.998350743435672,13.927255847504428
39131,2020,43222.0,1070711.0,44115.0,18.6,14.2,63.400275278117206,5.0,40.7,12.346889392300502,9310.0,489438193.0,52570.0,,548.0,9.4,10858.0,0,,0,0.0,0,39,4.149468203359893,9.292657414465397,9.138844370271112,20.008768746385552,13.883833471746339
39131,2021,46194.0,1102608.0,44961.0,19.4,14.7,61.939847643101466,5.2,41.1,12.654914868226545,9615.0,515330834.0,53597.0,,548.0,6.4,10818.0,0,,0,0.0,0,39,4.126163714792297,9.288966692431373,9.17107965802288,20.060319648496453,13.913188840689124
39131,2022,46185.0,1138622.0,50832.0,19.8,14.0,61.667295051807706,5.2,40.9,14.361554278000652,10133.0,583385712.0,57576.0,23.0,572.0,5.1,11024.0,0,,0,0.0,0,39,4.121753726387611,9.30782999325344,9.223552703448318,20.184359124182663,13.945329317286806
39133,2012,37711.0,5850186.0,51969.0,15.1,24.6,330.6859798319673,10.7,37.4,11.438146853773857,51922.0,2058911077.0,39654.0,136.0,3238.0,7.3,88000.0,0,,0,0.0,0,39,5.801169223661057,11.385092093460344,10.857497871437298,21.44544307658981,15.581984013574388
39133,2013,38164.0,5996154.0,52697.0,16.1,25.1,335.2181450744248,11.1,36.9,11.434819540546282,52064.0,2089858812.0,40140.0,159.0,3207.0,7.7,87651.0,0,,0,0.0,0,39,5.814781499226446,11.381118299297418,10.860229010018765,21.460362346574268,15.606628821663996
39133,2014,39321.0,5981226.0,53027.0,16.0,25.5,331.455360531796,10.2,37.6,11.66909799539401,53676.0,2191141706.0,40821.0,161.0,3187.0,5.9,87056.0,0,,0,0.0,0,39,5.803493141529303,11.374306868725707,10.890721253220848,21.507688571871782,15.604136121636166
39133,2015,40533.0,6080519.0,52552.0,15.6,26.0,332.16113909377214,8.7,37.6,12.636042145532862,54328.0,2301044420.0,42355.0,37.0,3234.0,4.9,87111.0,0,,0,0.0,0,39,5.805620209884227,11.374938446485308,10.902795026793628,21.55662895246346,15.62060061214134
39133,2016,40858.0,6071215.0,52427.0,15.0,27.3,331.95391922528495,7.9,37.7,11.842341127527884,54470.0,2287830847.0,42002.0,41.0,3263.0,5.1,87472.0,0,,0,0.0,0,39,5.8049961617690204,11.37907402113478,10.90540537037772,21.550869977223975,15.619069307750037
39133,2017,42552.0,6307886.0,53816.0,14.5,27.5,332.5365968752885,7.2,37.8,12.433508494831251,54507.0,2377960724.0,43627.0,32.0,3320.0,5.0,87961.0,0,,0,0.0,0,39,5.806749919829455,11.384648813408075,10.90608441277055,21.58950911867827,15.657311154612604
39133,2018,44133.0,6471562.0,56618.0,13.1,28.7,333.6937454478309,6.3,37.9,12.586887992125291,54703.0,2446292517.0,44720.0,40.0,3344.0,4.6,87437.0,0,,0,0.0,0,39,5.810223642542511,11.378673813021223,10.909673831513109,21.61783945700385,15.682928059286944
39133,2019,45543.0,6423825.0,57618.0,12.8,29.0,333.42087175962496,5.5,38.0,12.209513895971924,55116.0,2529440333.0,45893.0,22.0,3378.0,4.3,88102.0,0,,0,0.0,0,39,5.809405571115546,11.386250513142192,10.917195334113794,21.651263902961837,15.675524292643653
39133,2020,48668.0,6266452.0,59485.0,11.3,29.9,333.3490628943076,5.8,38.3,11.681403869548811,51746.0,2501451175.0,48341.0,21.0,3388.0,7.3,85174.0,0,,0,0.0,0,39,5.8091901778835995,11.352451501926053,10.854102413454237,21.640136870413023,15.650720883226192
39133,2021,53713.0,6484662.0,64163.0,11.2,30.1,332.16113909377214,5.9,38.7,12.541881803103635,52330.0,2702851715.0,51650.0,14.0,3505.0,4.8,84371.0,0,,0,0.0,0,39,5.805620209884227,11.342979019643657,10.865325099366254,21.717573243320423,15.684950254096808
39133,2022,53891.0,6501644.0,69796.0,11.3,31.7,330.76599542474946,5.6,39.1,12.877178045625264,54283.0,2876455676.0,52990.0,118.0,3663.0,3.8,85243.0,0,,0,0.0,0,39,5.801411162898267,11.353261280337485,10.901966381397214,21.779824705144904,15.68756562596314
39135,2012,33568.0,1082407.0,48899.0,10.7,11.9,99.56956905045897,8.4,41.0,12.137241448250608,10238.0,337254916.0,32941.0,,721.0,7.7,21484.0,0,,0,0.0,0,39,4.600856586284359,9.97506375102535,9.233861567017529,19.6363496296694,13.89469782292793
39135,2013,33948.0,1085677.0,48405.0,12.2,11.3,99.12169456846117,8.6,41.1,12.257230954194336,10329.0,340254241.0,32942.0,,719.0,7.5,21292.0,0,,0,0.0,0,39,4.59634833330531,9.966086694292647,9.242710752006634,19.645203663782606,13.89771431350628
39135,2014,34690.0,1079127.0,48147.0,12.8,12.2,98.73746540758935,8.0,41.8,12.422134673363448,10425.0,365324435.0,35043.0,,727.0,5.7,21189.0,0,,0,0.0,0,39,4.592464463143235,9.961237458077031,9.251962046667002,19.71629637975567,13.891662938889517
39135,2015,35764.0,1137231.0,47818.0,13.3,11.8,98.25423241385488,7.3,41.9,12.10768394174199,10446.0,360736172.0,34533.0,,731.0,4.9,21054.0,0,,0,0.0,0,39,4.587558327825152,9.95484584481127,9.253974408996244,19.703657423629263,13.944106918324122
39135,2016,36844.0,1079069.0,51356.0,13.5,13.5,97.96900708584576,6.6,42.2,11.998542624831645,10454.0,370836992.0,35473.0,,738.0,4.8,21103.0,0,,0,0.0,0,39,4.584651174425594,9.957170489452313,9.254739959272866,19.731273149355307,13.891609190295771
39135,2017,38214.0,1105812.0,52661.0,12.4,14.4,97.4197715368695,5.8,42.3,11.561307318306593,10802.0,390219062.0,36125.0,,749.0,4.4,21306.0,0,,0,0.0,0,39,4.579029183239838,9.966744002171144,9.287486581152837,19.782218836830907,13.916090464699037
39135,2018,39559.0,1131176.0,55374.0,11.6,15.8,97.13454620886036,4.9,42.6,11.064495522483009,10751.0,422376828.0,39287.0,,755.0,4.1,21283.0,0,,0,0.0,0,39,4.57609709172259,9.965663910962803,9.282754052485227,19.86140843089703,13.93876835749202
39135,2019,40825.0,1137198.0,58957.0,10.1,16.3,96.8658215196617,3.6,42.7,11.021605374011283,10632.0,437311601.0,41132.0,,759.0,3.8,21351.0,0,,0,0.0,0,39,4.573326737581371,9.968853855967382,9.271623600393081,19.896156544730104,13.944077900051843
39135,2020,44650.0,1143480.0,61339.0,9.2,18.2,96.63481257631544,3.2,43.1,10.48054248732908,10214.0,456252330.0,44667.0,,762.0,6.8,21003.0,0,,0,0.0,0,39,4.570939054934494,9.952420563645306,9.23151460720759,19.93855656969725,13.949586802130234
39135,2021,49258.0,1278086.0,60527.0,9.8,18.4,96.71024406802034,3.1,43.1,10.356299112070234,11002.0,524981016.0,47717.0,,776.0,4.1,21398.0,0,,0,0.0,0,39,4.571719333435959,9.971052738698551,9.305832353435404,20.07887265990211,14.060874204300326
39135,2022,49579.0,1279107.0,66355.0,10.3,18.8,96.47923512467412,3.4,43.0,12.260691901817134,11543.0,579062610.0,50165.0,44.0,787.0,3.4,21779.0,0,,0,0.0,0,39,4.5693278051352,9.988701481750608,9.353834471614912,20.17692116440616,14.061672736170431
39137,2012,40367.0,1323951.0,60693.0,7.5,19.7,71.38209158128585,5.1,38.8,12.290730398488265,11304.0,375667088.0,33233.0,,820.0,5.8,18800.0,0,,0,0.0,0,39,4.268047019696122,9.84161214881804,9.332911924364364,19.74421390489698,14.096131005730793
39137,2013,41089.0,1318978.0,61192.0,6.9,19.9,71.16242249411452,4.9,39.4,13.218460909466051,11387.0,389352155.0,34193.0,,810.0,6.0,18804.0,0,,0,0.0,0,39,4.264964905137166,9.841824892144022,9.340227632810604,19.779994774837753,14.092367752257848
39137,2014,41574.0,1319838.0,61036.0,6.7,20.2,70.99041745415963,3.9,39.6,14.050747732584885,11461.0,401760195.0,35054.0,,805.0,4.5,18696.0,0,,0,0.0,0,39,4.26254490249829,9.836064876218694,9.346705246496699,19.81136593873783,14.093019559758218
39137,2015,42501.0,1272205.0,60524.0,5.8,19.4,70.84120826287344,3.4,39.7,13.586720023956245,11549.0,423495384.0,36670.0,,804.0,3.9,18724.0,0,,0,0.0,0,39,4.260440868992687,9.837561402419961,9.354354132115088,19.864053172351174,14.056262173418771
39137,2016,43642.0,1228303.0,60245.0,7.8,19.4,70.70028847110315,2.9,39.4,13.14589566759326,11737.0,422283744.0,35980.0,,809.0,3.7,18975.0,0,,0,0.0,0,39,4.258449653107826,9.85087760226383,9.370501524100124,19.86118802520162,14.021144099924268
39137,2017,45904.0,1255903.0,61161.0,7.2,19.0,70.53657283066416,2.9,39.6,12.80967411830028,11759.0,437960262.0,37246.0,,807.0,3.5,18991.0,0,,0,0.0,0,39,4.256131338862447,9.851720461714246,9.372374183823416,19.897638738197468,14.043365393728582
39137,2018,48161.0,1245847.0,62001.0,6.7,20.3,70.39565303889387,2.9,40.0,12.534018373324487,11835.0,456481100.0,38570.0,,809.0,3.3,18767.0,0,,0,0.0,0,39,4.254131514650975,9.839855287291273,9.378816521948083,19.939057855170688,14.035326177852467
39137,2019,49178.0,1220975.0,64822.0,7.6,20.9,70.27545674591333,3.0,39.8,12.271660024903737,11923.0,470433483.0,39455.0,,818.0,3.1,18999.0,0,,0,0.0,0,39,4.252422616179704,9.85214162518454,9.386224586806131,19.969165131862464,14.015160277862751
39137,2020,53567.0,1230016.0,67790.0,7.8,23.2,70.12003050499023,3.2,40.2,12.62008962504995,11303.0,480818706.0,42537.0,,821.0,5.6,18533.0,0,,0,0.0,0,39,4.250208495092731,9.82730820579731,9.33282345619073,19.99100084641847,14.022537735394076
39137,2021,59370.0,1317966.0,73122.0,6.3,24.8,71.27847408733712,2.6,40.1,13.041862383525633,11894.0,516827768.0,43453.0,,839.0,3.4,18714.0,0,,0,0.0,0,39,4.266594375628941,9.837027185835858,9.38378935026654,20.06322023963938,14.09160019705024
39137,2022,59826.0,1301141.0,79453.0,6.6,25.9,71.28883583673199,2.2,40.3,15.19279430561574,12191.0,568892857.0,46666.0,28.0,846.0,3.0,18806.0,0,,0,0.0,0,39,4.266739735030316,9.841931246837023,9.408453253565146,20.159202673832596,14.078752129792791
39139,2012,32505.0,4533586.0,42894.0,14.8,15.0,250.96773802720773,9.8,41.0,12.133999047705537,50513.0,1724306895.0,34136.0,,2785.0,8.7,55884.0,0,,0,0.0,0,39,5.525324397114468,10.931033392770377,10.829986007877704,21.268091006686486,15.327023795779134
39139,2013,32926.0,4482554.0,41835.0,15.7,14.9,249.1524088953147,10.2,41.2,12.892996957753311,50273.0,1729888205.0,34410.0,,2740.0,8.6,54903.0,0,,0,0.0,0,39,5.518064793134677,10.913323270813391,10.825223432646178,21.271322621980765,15.31570353123772
39139,2014,34382.0,4629884.0,42042.0,16.3,15.9,247.99334446627503,9.8,41.2,13.60781563356626,50881.0,1802331013.0,35422.0,,2757.0,6.5,54654.0,0,,0,0.0,0,39,5.5134019089753314,10.908777683972865,10.837244851908915,21.312346671272124,15.34804237175288
39139,2015,35351.0,4589206.0,41877.0,17.0,15.7,246.9816871858764,8.7,41.3,13.36709769616226,50603.0,1823297839.0,36031.0,,2712.0,5.6,53744.0,0,,0,0.0,0,39,5.509314192931533,10.891987311852073,10.83176614205561,21.323912697795105,15.339217582323686
39139,2016,35407.0,4535134.0,42849.0,16.5,16.4,246.12551415815375,8.3,41.2,12.867124874105652,50782.0,1846320770.0,36358.0,,2709.0,5.6,53626.0,0,,0,0.0,0,39,5.505841625969413,10.889789304075094,10.835297240067954,21.336460722828775,15.32736518905515
39139,2017,36615.0,4544336.0,44138.0,15.6,17.2,245.40867117503691,7.5,41.4,12.7029233530726,50121.0,1908879183.0,38086.0,,2735.0,5.4,53515.0,0,,0,0.0,0,39,5.50292486651415,10.887717267418475,10.822195360925887,21.369782091578287,15.329392180311398
39139,2018,37803.0,4591106.0,47346.0,14.3,17.8,244.98664248920193,6.5,41.3,12.486199645361348,50641.0,2002034146.0,39534.0,,2753.0,4.9,53127.0,0,,0,0.0,0,39,5.501203688606196,10.880440552576909,10.832516803858471,21.417429573638046,15.33963151161653
39139,2019,39589.0,4586234.0,49547.0,13.5,18.3,244.53432466323525,5.3,41.1,12.242631235463582,50079.0,2024050614.0,40417.0,5.0,2779.0,4.6,52864.0,0,,0,0.0,0,39,5.499355686232266,10.87547785688065,10.821357037523498,21.42836659497596,15.338569765956528
39139,2020,43509.0,4404983.0,49186.0,13.7,17.8,244.4192259307348,5.7,41.5,12.415932657158717,46601.0,2009853865.0,43129.0,,2795.0,9.0,51682.0,0,,0,0.0,0,39,5.4988848900411496,10.852864837398073,10.74937727911096,21.421327852394235,15.298246958094118
39139,2021,45470.0,4604671.0,52605.0,13.6,17.8,251.40794019712175,5.3,41.3,12.929630174708343,47754.0,2146971291.0,44959.0,,2815.0,5.6,51093.0,0,,0,0.0,0,39,5.527076879575929,10.841402780506945,10.773818112033904,21.487323984072237,15.342581781036776
39139,2022,45499.0,4588186.0,56557.0,13.9,17.8,252.42565530554677,4.8,40.9,14.606852151324116,48078.0,2270382103.0,47223.0,163.0,2893.0,4.5,50422.0,0,,0,0.0,0,39,5.531116770927609,10.828182866754094,10.780579971006125,21.543213981587044,15.338995296950193
39141,2012,30886.0,2611230.0,44089.0,19.1,13.7,112.80446220504204,14.4,39.8,12.61774485488047,26877.0,1083281379.0,40305.0,,1365.0,8.4,34054.0,0,,0,0.0,0,39,4.7256558968368765,10.43570277898059,10.199026181265689,20.80326058562378,14.775331932656515
39141,2013,31516.0,2632877.0,43264.0,19.7,13.7,112.89297498715838,14.8,39.9,13.26065202154651,26391.0,1082460363.0,41017.0,,1366.0,8.7,33481.0,0,,0,0.0,0,39,4.7264402458995445,10.41873339273561,10.180778321920783,20.80250240100425,14.783587722613255
39141,2014,32409.0,2723262.0,43450.0,19.4,15.0,112.53021768340282,14.2,40.2,13.945005132455188,27196.0,1132401867.0,41639.0,,1361.0,6.4,33749.0,0,,0,0.0,0,39,4.723221787207763,10.42670606623208,10.21082518264635,20.84760675991136,14.817340984434571
39141,2015,33719.0,2763937.0,43345.0,19.3,14.7,112.21389331452798,11.3,40.6,13.399539378865365,27742.0,1179878429.0,42531.0,,1360.0,5.4,33827.0,0,,0,0.0,0,39,4.72040681175544,10.42901457915501,10.230702789323235,20.888677243845226,14.832166670556386
39141,2016,33988.0,2709970.0,44587.0,18.8,15.3,112.00929819520984,9.9,40.4,12.97291599636963,27771.0,1167255259.0,42032.0,,1369.0,5.6,33973.0,0,,0,0.0,0,39,4.718581887449246,10.433321370472791,10.23174758973532,20.877920897266726,14.812448122683909
39141,2017,35163.0,2777322.0,45792.0,18.2,16.0,111.91062820858836,7.6,40.5,12.330426455309553,28146.0,1225084665.0,43526.0,,1372.0,5.1,34412.0,0,,0,0.0,0,39,4.717700590330295,10.446160619741239,10.245160527556513,20.926275792840535,14.836997712033659
39141,2018,36700.0,2831490.0,48403.0,17.9,16.6,111.8032520466767,7.6,40.9,11.960647274101978,29081.0,1293753970.0,44488.0,,1380.0,4.5,34987.0,0,,0,0.0,0,39,4.716740648371981,10.462731842903445,10.277840318951666,20.980813883572278,14.85631363283278
39141,2019,38440.0,2906326.0,51092.0,17.3,15.8,111.65379603752942,6.1,41.0,11.767039169608111,29507.0,1341737441.0,45472.0,,1421.0,4.2,35619.0,0,,0,0.0,0,39,4.715402977148678,10.480634482333901,10.292382802315128,21.017231208813442,14.882400298513518
39141,2020,42145.0,2823102.0,51508.0,16.3,16.2,111.46226018114648,6.0,41.2,11.885037976381362,27963.0,1343335771.0,48039.0,,1439.0,8.0,35189.0,0,,0,0.0,0,39,4.713686059893327,10.46848881274789,10.238637486729267,21.018421738875446,14.853346838357597
39141,2021,45532.0,2982923.0,54004.0,16.5,16.9,112.02671054579012,6.0,41.3,12.022308707679658,28725.0,1427973894.0,49711.0,,1450.0,4.9,34917.0,0,,0,0.0,0,39,4.71873732987757,10.460729095610086,10.265523102716957,21.07952241918409,14.908414250223732
39141,2022,45196.0,3041819.0,58048.0,16.1,16.5,111.6668553004646,5.7,41.3,14.04244887057051,29440.0,1585984339.0,53871.0,58.0,1480.0,3.8,35088.0,0,,0,0.0,0,39,4.715519932413422,10.46561447065767,10.290109572842812,21.1844710855832,14.927966249702429
39143,2012,34420.0,2683958.0,46785.0,13.9,13.3,149.0326910735194,8.0,40.9,12.106670786897968,25556.0,895253049.0,35031.0,,1443.0,7.5,31773.0,0,,0,0.0,0,39,5.0041656850580845,10.36637215151178,10.148627401722234,20.6126169725896,14.802803128665134
39143,2013,35673.0,2827415.0,46140.0,14.3,13.7,148.4864517962209,8.6,41.1,12.848909701860368,25488.0,939800290.0,36872.0,,1425.0,7.5,31540.0,0,,0,0.0,0,39,5.000493720385226,10.359011860517029,10.14596303214983,20.661177953209236,14.854873424628414
39143,2014,36379.0,2816123.0,46099.0,14.7,14.1,148.19006187445805,8.0,41.2,13.560242549178286,25786.0,971910334.0,37691.0,,1417.0,5.7,31374.0,0,,0,0.0,0,39,4.998495651736638,10.353734803416186,10.157586987970783,20.69477410919832,14.850871674283445
39143,2015,37872.0,3007791.0,47209.0,14.3,14.5,147.42826629042293,7.6,41.3,13.358367928481284,26086.0,998505905.0,38277.0,,1417.0,4.9,31461.0,0,,0,0.0,0,39,4.993341727248549,10.356503962502515,10.169154050930228,20.721770624673464,14.916716480254946
39143,2016,38112.0,2913581.0,49032.0,13.2,14.8,146.65177368547396,6.3,41.5,12.814147410798524,25925.0,1000953096.0,38609.0,,1390.0,4.8,31149.0,0,,0,0.0,0,39,4.988060890034766,10.346537420971563,10.162963033097729,20.724218479038807,14.884893466791988
39143,2017,39690.0,2961086.0,50370.0,13.6,15.2,145.88997810143886,5.4,41.7,12.683115027195376,26256.0,1049763151.0,39982.0,,1395.0,4.7,31498.0,0,,0,0.0,0,39,4.982852762980556,10.357679330734525,10.175649813329873,20.771830405194805,14.901066650903763
39143,2018,40878.0,2901152.0,51701.0,13.6,16.0,145.25310719517154,5.0,41.8,12.503881673249449,26015.0,1070033197.0,41132.0,,1411.0,4.5,31049.0,0,,0,0.0,0,39,4.978477787552587,10.343321880723835,10.166428573724405,20.790955510172598,14.880618457456546
39143,2019,41854.0,2842936.0,54089.0,11.6,16.1,144.5917412540478,4.6,42.2,12.226044682016008,25564.0,1071051487.0,41898.0,,1406.0,4.3,30861.0,0,,0,0.0,0,39,4.973914193667901,10.33724852979914,10.148940390770173,20.791906701019354,14.860347878948165
39143,2020,45396.0,2738020.0,55245.0,12.2,16.5,144.0332544593211,4.5,42.4,12.369902886952014,23845.0,1064615438.0,44648.0,,1394.0,8.1,29987.0,0,,0,0.0,0,39,4.9700442066601935,10.308519233394938,10.079329830732325,20.785879479818906,14.822745589405752
39143,2021,49432.0,3032205.0,56414.0,12.9,18.1,144.55254919827752,5.5,42.1,12.87369806445458,24786.0,1157869694.0,46714.0,,1456.0,5.3,30119.0,0,,0,0.0,0,39,4.973643103715207,10.312911480831472,10.118034256624819,20.86984768299531,14.924800635596005
39143,2022,49414.0,2947385.0,60814.0,13.0,18.3,144.23901275211514,4.8,42.3,14.463335687840749,24934.0,1225635145.0,49156.0,49.0,1460.0,4.7,29904.0,0,,0,0.0,0,39,4.971471734391017,10.305747529695344,10.123987612904921,20.92672503229011,14.896428894517163
39145,2012,30426.0,2120217.0,34783.0,23.0,14.0,129.67737177228364,11.8,38.7,12.313450156255442,23324.0,787773838.0,33775.0,,1503.0,11.3,31093.0,0,,0,0.0,0,39,4.865049610197702,10.344737992447081,10.057238152342046,20.484721599013373,14.567028999900488
39145,2013,31280.0,2788421.0,35379.0,23.3,14.2,129.3987494775832,11.7,39.0,13.229477087903296,22669.0,772411926.0,34073.0,,1447.0,11.9,30324.0,0,,0,0.0,0,39,4.862898718013791,10.319694757176194,10.028753631368525,20.465028548585867,14.84098604376671
39145,2014,33383.0,3668852.0,36945.0,24.5,14.4,128.69072105810915,11.1,39.4,14.01954971869463,23028.0,796147344.0,34574.0,,1440.0,8.8,29957.0,0,,0,0.0,0,39,4.857412014552345,10.307518299106112,10.0444661457957,20.49529483220638,15.115389364557073
39145,2015,36017.0,3051797.0,35903.0,25.3,14.4,127.86632685673078,9.6,39.5,13.510458177741969,23340.0,834291578.0,35745.0,,1426.0,7.7,29682.0,0,,0,0.0,0,39,4.850985396804254,10.298296080455764,10.057923905840546,20.542093513131192,14.931241155412879
39145,2016,35398.0,2488081.0,37936.0,24.0,15.0,126.79936736349556,9.0,39.7,13.166371700227334,23806.0,856307491.0,35971.0,,1425.0,7.8,29999.0,0,,0,0.0,0,39,4.842606052743799,10.308919326755392,10.077692928727824,20.568140088060456,14.72702228858136
39145,2017,36776.0,2506317.0,38978.0,23.9,15.2,125.98808479951488,7.9,39.8,12.5412552499302,23724.0,875523688.0,36905.0,,1429.0,7.0,29767.0,0,,0,0.0,0,39,4.836187337396703,10.301155676342068,10.074242472958618,20.59033276586328,14.734324902846774
39145,2018,38864.0,2471082.0,39731.0,23.6,15.0,125.17844119020889,7.9,39.9,12.207154460639414,23271.0,892880037.0,38369.0,,1422.0,6.7,29131.0,0,,0,0.0,0,39,4.82974024887236,10.279558178234838,10.05496322915898,20.60996279275067,14.720166669365506
39145,2019,40557.0,2675077.0,41330.0,22.6,15.7,124.62611346483212,7.7,39.9,11.983718643663638,23338.0,917536583.0,39316.0,,1431.0,6.3,29201.0,0,,0,0.0,0,39,4.825318162764313,10.281958234245314,10.057838212366052,20.63720300957768,14.799488722944691
39145,2020,43153.0,2461428.0,41866.0,23.0,15.6,123.64437961468175,6.9,40.1,12.346889392300502,22773.0,952451022.0,41824.0,,1412.0,8.7,29085.0,0,,0,0.0,0,39,4.817409538948771,10.277977856344862,10.033330902684877,20.67454924317061,14.71625222729555
39145,2021,46210.0,2684768.0,43266.0,23.8,16.4,121.92511616091258,7.9,40.2,12.654914868226545,23463.0,1049645500.0,44737.0,,1432.0,6.2,29118.0,0,,0,0.0,0,39,4.803407054319981,10.279111818633272,10.06317999126972,20.771718325062082,14.80310487623286
39145,2022,46490.0,2650541.0,46360.0,23.8,17.6,120.81718280080965,7.5,40.6,14.361554278000652,24081.0,1151985575.0,47838.0,57.0,1466.0,5.1,29219.0,0,,0,0.0,0,39,4.7942785171138755,10.282574461584227,10.089178426799686,20.864752877440324,14.790274328069833
39147,2012,32628.0,1737692.0,42375.0,14.9,15.7,102.77192001829316,11.2,38.8,12.10981113668515,18515.0,612157259.0,33063.0,52.0,1245.0,8.0,27802.0,0,,0,0.0,0,39,4.632512164135355,10.232863239537037,9.826336493347712,20.232499766618577,14.368068353913134
39147,2013,32737.0,1759103.0,43764.0,15.5,15.3,102.31096173320316,11.4,39.2,12.854270575756436,18306.0,607911895.0,33209.0,56.0,1211.0,7.7,27393.0,0,,0,0.0,0,39,4.628016820034363,10.21804278528445,9.814984153944724,20.225540519890565,14.380314578003086
39147,2014,33498.0,1763253.0,44947.0,17.1,14.7,101.81007792735734,9.7,39.1,13.566633861522773,18486.0,629386775.0,34047.0,59.0,1192.0,5.7,27233.0,0,,0,0.0,0,39,4.623109096538292,10.212184752202996,9.824768967824722,20.260256530298832,14.382670956472635
39147,2015,35586.0,1855992.0,45444.0,16.9,14.2,101.49974774330067,8.1,39.0,13.363791980092207,19025.0,657331449.0,34551.0,58.0,1176.0,4.9,27233.0,0,,0,0.0,0,39,4.620056313191076,10.212184752202996,9.853509182729887,20.303698937821775,14.433929881974166
39147,2016,36824.0,1978995.0,48415.0,15.6,14.7,101.1041221285384,6.8,39.4,12.817555946197553,19256.0,678650199.0,35244.0,56.0,1182.0,4.9,27259.0,0,,0,0.0,0,39,4.61615089797999,10.21313902079189,9.865577979462907,20.33561638193741,14.498099698052961
39147,2017,37607.0,1909712.0,49153.0,15.2,15.3,100.81012511206367,5.9,39.5,12.68864616331193,19360.0,700395347.0,36177.0,62.0,1159.0,4.7,27545.0,0,,0,0.0,0,39,4.613238798133066,10.223576309906816,9.870964360830568,20.367155515007244,14.462463003313246
39147,2018,38629.0,1922107.0,49936.0,14.7,15.2,100.67583017861227,4.9,39.4,12.50780324488651,19458.0,723305204.0,37174.0,67.0,1155.0,4.4,27363.0,0,,0,0.0,0,39,4.611905752828299,10.216947014848268,9.876013575535373,20.39934182659523,14.46893253813865
39147,2019,40095.0,1977384.0,52500.0,12.8,16.8,100.45079542526123,4.4,39.9,12.231358264861386,19581.0,746591545.0,38129.0,70.0,1172.0,4.2,27683.0,0,,0,0.0,0,39,4.609668009848419,10.228573785361645,9.882314987303326,20.431028799708788,14.497285316979239
39147,2020,44796.0,1974371.0,52897.0,12.7,17.3,100.26931578546204,4.2,40.4,12.36898199259699,18336.0,760912459.0,41499.0,64.0,1152.0,8.1,27114.0,0,,0,0.0,0,39,4.60785972379122,10.207805478639335,9.816621619514466,20.45002887504345,14.495760424578853
39147,2021,48572.0,2114138.0,56043.0,12.2,17.9,100.1150580916327,3.9,40.5,12.876930980914524,18574.0,809402116.0,43577.0,65.0,1172.0,4.8,26528.0,0,,0,0.0,0,39,4.606320105493485,10.185956057935021,9.829518032335953,20.511806404684805,14.564157722373501
39147,2022,48160.0,2033989.0,62476.0,11.6,18.9,99.92631926624152,4.2,40.6,14.469210105080345,18759.0,857508928.0,45712.0,62.0,1188.0,4.2,26291.0,0,,0,0.0,0,39,4.6044331070745725,10.176981954277059,9.839428916235407,20.569542148611976,14.52550944751309
39149,2012,37425.0,3095327.0,51159.0,11.7,13.8,121.06874273352072,8.5,38.3,13.575481251497596,25666.0,1109390579.0,43225.0,,1051.0,7.3,23846.0,0,,0,0.0,0,39,4.796358506041302,10.079371767366077,10.152922437804406,20.827076673571707,14.945404112800912
39149,2013,39337.0,3168953.0,50427.0,11.4,14.5,120.9657242932199,8.9,38.4,13.347151999800497,26100.0,1148851457.0,44017.0,,1056.0,6.7,23745.0,0,,0,0.0,0,39,4.7955072351641626,10.075127260983223,10.169690593310785,20.862028547211928,14.968911807386048
39149,2014,40419.0,3220132.0,51266.0,11.4,15.6,120.59289565213123,6.9,39.1,13.541130244810027,26258.0,1214655146.0,46258.0,,1047.0,5.1,23713.0,0,,0,0.0,0,39,4.792420374200799,10.073778699946109,10.175725983494056,20.917726042998762,14.984932910469189
39149,2015,41025.0,3141304.0,54550.0,10.3,16.3,120.35251929142936,6.7,38.9,12.963203801765838,27238.0,1293875728.0,47502.0,,1042.0,4.3,24157.0,0,,0,0.0,0,39,4.790425097050531,10.092329472153317,10.212368336128902,20.980907991318983,14.960148558301016
39149,2016,42024.0,3202754.0,56169.0,9.5,17.1,120.0630865305842,5.8,39.5,12.346009616140588,27233.0,1320173557.0,48477.0,,1035.0,4.2,24167.0,0,,0,0.0,0,39,4.78801732572733,10.092743345182981,10.212184752202996,21.00102904747737,14.979521622644604
39149,2017,43422.0,3209892.0,57673.0,8.9,17.1,119.94780399024758,5.3,39.3,11.575686966523367,27172.0,1340726434.0,49343.0,,1029.0,4.1,24165.0,0,,0,0.0,0,39,4.787056681408633,10.092660584279184,10.209942310311192,21.016477418943392,14.981747849680385
39149,2018,44636.0,3234525.0,61042.0,9.1,17.4,119.69025788949554,4.5,39.4,11.117111027462228,27427.0,1385116515.0,50503.0,,1027.0,3.7,24110.0,0,,0,0.0,0,39,4.784907221528254,10.090381971175217,10.219283208646708,21.04905009940108,14.989392643606195
39149,2019,45188.0,3266380.0,63806.0,8.8,18.7,119.57252252915175,4.5,39.5,11.054073845577769,27624.0,1417158865.0,51302.0,,1030.0,3.6,24400.0,0,,0,0.0,0,39,4.783923070381632,10.102338411281293,10.226440239069829,21.071919904991017,14.999192896019945
39149,2020,49217.0,3107081.0,64522.0,10.0,19.3,119.23158054815622,5.2,39.8,10.031515197574477,25854.0,1377796329.0,53292.0,,1053.0,7.7,23934.0,0,,0,0.0,0,39,4.7810676570260435,10.083055321133461,10.160220606843893,21.04375119672731,14.949194258199508
39149,2021,52836.0,3297173.0,66536.0,10.8,19.1,118.48837608598603,5.2,39.7,9.69483212792435,26669.0,1465010892.0,54934.0,,1068.0,4.2,23659.0,0,,0,0.0,0,39,4.774814863662457,10.071498871212288,10.191257121160007,21.10512851420009,15.008575992621456
39149,2022,52876.0,3309759.0,73502.0,10.9,20.7,118.09101924482576,4.9,40.2,12.756899781068688,26917.0,1543543723.0,57345.0,46.0,1101.0,3.5,23496.0,0,,0,0.0,0,39,4.771455676660927,10.064585472878456,10.200513336241043,21.157346728683773,15.01238593503482
39151,2012,38050.0,15694967.0,45689.0,14.5,20.7,652.9043136641374,10.2,41.2,12.123927796006068,154052.0,5774406968.0,37484.0,52.0,8799.0,7.5,187968.0,0,,0,0.0,0,39,6.481430585100058,12.144027014558292,11.945045486738332,22.47670139855753,16.568850645675543
39151,2013,38386.0,16321185.0,45641.0,15.0,21.1,652.4784229876666,10.6,41.5,12.900637287706822,155930.0,5924611806.0,37995.0,67.0,8781.0,7.5,188921.0,0,,0,0.0,0,39,6.480778070431947,12.149084217241862,11.95716246757893,22.502381003846526,16.607974515158354
39151,2014,39692.0,17069619.0,46290.0,15.0,21.5,652.0299340304034,9.6,41.6,13.63278229038592,158336.0,6190612879.0,39098.0,88.0,8730.0,5.8,188754.0,0,,0,0.0,0,39,6.480090471962347,12.148199858939703,11.972474636312105,22.546299929888647,16.65281077466213
39151,2015,41105.0,16954777.0,47137.0,14.7,21.9,651.8369794790227,8.5,41.8,13.36269935582453,158017.0,6243892201.0,39514.0,95.0,8604.0,5.3,187170.0,0,,0,0.0,0,39,6.479794499189681,12.139772573772941,11.970457901157893,22.55486957503673,16.646060180992983
39151,2016,41055.0,16765235.0,48714.0,14.1,22.6,651.4597620227199,7.6,41.7,12.849243058219123,158204.0,6217218019.0,39299.0,103.0,8610.0,5.5,187210.0,0,,0,0.0,0,39,6.479215632604928,12.139986260402313,11.971640618446107,22.550588379818834,16.634817955082166
39151,2017,42563.0,17068227.0,50117.0,14.0,22.8,650.60971899907,6.7,41.8,12.669819510603633,159282.0,6511105024.0,40878.0,106.0,8570.0,5.2,188257.0,0,,0,0.0,0,39,6.477909952444534,12.145563329565764,11.978431495163514,22.596775021312176,16.652729222943794
39151,2018,43934.0,16784976.0,52190.0,13.9,22.8,649.2225322242792,6.0,41.9,12.45624208545068,160016.0,6741908179.0,42133.0,107.0,8608.0,4.9,187096.0,0,,0,0.0,0,39,6.47577554271571,12.139377133091905,11.983029089216297,22.63160883441309,16.63599475854717
39151,2019,45364.0,16977985.0,53860.0,13.6,22.8,647.3607815528495,5.4,42.1,12.183198961738288,159294.0,6898916485.0,43309.0,62.0,8673.0,4.6,187442.0,0,,0,0.0,0,39,6.472903761271116,12.141224743205845,11.978506830405376,22.654630205059522,16.64742806278337
39151,2020,48757.0,16042010.0,55045.0,13.3,23.5,645.8171451418042,5.1,42.1,12.353690335077552,149687.0,6854935642.0,45795.0,51.0,8679.0,8.1,183171.0,0,,0,0.0,0,39,6.470516406658361,12.118175421748653,11.916301726289516,22.648234761441053,16.590721464272484
39151,2021,53414.0,17282227.0,58170.0,13.4,23.6,651.3728455581341,4.9,41.9,12.83619140985638,152590.0,7322051754.0,47985.0,57.0,8925.0,5.2,181375.0,0,,0,0.0,0,39,6.479082205694658,12.10832199018649,11.93550986488578,22.71415641990683,16.665189190351033
39151,2022,54014.0,17069258.0,63130.0,13.2,24.1,650.4810826314829,4.3,41.8,14.542641902597104,154738.0,7825279392.0,50571.0,413.0,9166.0,4.0,179690.0,0,,0,0.0,0,39,6.477712216256029,12.098988422920499,11.949488643113623,22.78062527778314,16.65278962575322
39153,2012,42110.0,27814644.0,49227.0,14.8,29.4,1312.4931866577194,10.0,40.2,12.043153155517995,255904.0,11332039471.0,44282.0,1214.0,14293.0,7.5,272453.0,0,,0,0.0,0,39,7.179683803334377,12.515221401145336,12.452557653131617,23.15089990205369,17.141073202560083
39153,2013,42681.0,28429380.0,49669.0,15.4,29.6,1312.0183724045708,10.3,40.4,12.702525557744403,256668.0,11400750028.0,44418.0,1384.0,14132.0,7.6,270976.0,0,,0,0.0,0,39,7.17932197276313,12.509785535054482,12.45553869995346,23.156944982112492,17.162933675440037
39153,2014,44532.0,29286403.0,50082.0,14.7,29.9,1311.7082896270042,9.5,40.6,13.395630657321815,260173.0,11894348576.0,45717.0,1389.0,14026.0,5.9,272945.0,0,,0,0.0,0,39,7.179085604559463,12.517025588668792,12.469102073342855,23.19932921467879,17.19263390484402
39153,2015,45918.0,29506581.0,50765.0,14.8,30.3,1312.636115438004,8.4,40.7,13.257828859829846,264051.0,12425391647.0,47057.0,1538.0,14085.0,5.0,272635.0,0,,0,0.0,0,39,7.179792696088963,12.515889183253044,12.48389754528943,23.243007929317642,17.200123881176108
39153,2016,46847.0,29644458.0,51562.0,14.3,30.7,1311.4854176306285,7.3,40.8,12.71539555222095,266282.0,12698758023.0,47689.0,1781.0,14213.0,5.1,273479.0,0,,0,0.0,0,39,7.178915680396946,12.518980115446524,12.492311176577225,23.264770032164297,17.204785751940783
39153,2017,48547.0,30116971.0,53291.0,13.6,31.6,1311.3546014588426,6.4,40.8,12.661524800350003,266989.0,12864802859.0,48185.0,1990.0,14321.0,5.1,274876.0,0,,0,0.0,0,39,7.1788159288521,12.524075365867725,12.494962738031832,23.277760958738376,17.220599391429996
39153,2018,50579.0,30411694.0,55448.0,13.1,32.1,1312.5464821351136,5.6,40.9,12.50917912024595,266964.0,13221495421.0,49525.0,2208.0,14317.0,4.6,272862.0,0,,0,0.0,0,39,7.17972440879877,12.516721451856183,12.494869096831135,23.305109783051254,17.230337763462142
39153,2019,52519.0,31050771.0,57181.0,13.2,32.5,1311.3933618060385,5.4,41.0,12.225739133718951,267461.0,13520192358.0,50550.0,1296.0,14489.0,4.3,275103.0,0,,0,0.0,0,39,7.178845485902752,12.524900851978614,12.49672904029664,23.32745013512274,17.251134196953355
39153,2020,56096.0,29885051.0,59253.0,12.8,32.8,1310.1239604353757,5.8,40.9,12.290048464818607,251456.0,13556047596.0,53910.0,1225.0,14674.0,8.3,267324.0,0,,0,0.0,0,39,7.177877038004959,12.496216684852874,12.43502330291813,23.33009860175026,17.21286894678078
39153,2021,61539.0,31294504.0,63111.0,12.6,33.9,1309.5352876623392,5.7,41.0,12.817744040125662,254952.0,14478953552.0,56791.0,1149.0,15095.0,5.5,263798.0,0,,0,0.0,0,39,7.177427611016794,12.482938937735474,12.448830571127958,23.395961952784198,17.258953049038155
39153,2022,61027.0,30963873.0,68360.0,12.4,34.6,1306.613726492455,5.3,41.1,14.247729310869513,258539.0,15218277563.0,58863.0,1164.0,15427.0,4.1,265461.0,0,,0,0.0,0,39,7.175194127856178,12.489223216218981,12.462801831957016,23.445763013659132,17.24833169576106
39155,2012,34273.0,7642179.0,42488.0,16.8,16.4,339.65646391123784,9.6,42.8,11.41839990504013,70217.0,2683699516.0,38220.0,,4404.0,9.0,95344.0,0,,0,0.0,0,39,5.827934706550695,11.465246682986761,11.159345725938799,21.710462095988255,15.849193329902311
39155,2013,34289.0,7663370.0,42880.0,17.4,17.0,337.79592655569235,10.0,43.1,11.414675185496357,69395.0,2610692063.0,37621.0,,4345.0,9.3,94482.0,0,,0,0.0,0,39,5.822441945555262,11.456164619148465,11.14757009778994,21.68288118137033,15.851962392748803
39155,2014,35379.0,7538412.0,43226.0,17.3,17.4,335.8609677059251,8.6,43.4,11.605545118497057,69322.0,2680492885.0,38668.0,,4311.0,7.3,92842.0,0,,0,0.0,0,39,5.816697287740401,11.438654402594942,11.14651759511559,21.709266526872813,15.835522107723145
39155,2015,36679.0,7421113.0,43073.0,17.3,17.3,333.8823266747668,7.4,43.6,12.52474023989515,69800.0,2789802976.0,39969.0,,4293.0,6.5,91723.0,0,,0,0.0,0,39,5.810788615554059,11.426528444679414,11.153389288750464,21.749236812364977,15.819839603894689
39155,2016,37313.0,7375052.0,43811.0,17.5,18.0,331.5121638696588,6.9,43.8,11.753431848516897,69189.0,2784262292.0,40241.0,,4285.0,6.8,90798.0,0,,0,0.0,0,39,5.803664502375532,11.416392537915081,11.144597169432782,21.747248789061178,15.813613511012758
39155,2017,38401.0,6994824.0,45380.0,17.2,18.7,328.9769794904069,5.9,44.0,12.433508494831251,66926.0,2671292556.0,39914.0,,4286.0,7.2,89622.0,0,,0,0.0,0,39,5.795987777163498,11.403356104538348,11.111342810376286,21.70582829558912,15.760681004936016
39155,2018,39669.0,6963383.0,45975.0,17.5,18.5,326.4741522825558,5.2,44.2,12.475988899095515,66676.0,2737476297.0,41056.0,,4279.0,6.2,88114.0,0,,0,0.0,0,39,5.788350779526198,11.386386709628534,11.107600347062979,21.730302273421408,15.756175977438533
39155,2019,39787.0,6994707.0,47280.0,17.2,18.7,324.1654681031094,4.8,44.3,12.094390315431776,63885.0,2562673540.0,40114.0,,4281.0,6.2,87775.0,0,,0,0.0,0,39,5.781254089449356,11.382532001036633,11.064839871025423,21.664316902044675,15.760664278142244
39155,2020,43023.0,6652679.0,47799.0,17.3,19.2,322.18682707195103,4.8,44.4,11.58707325911804,58082.0,2476394809.0,42636.0,,4240.0,10.4,84643.0,0,,0,0.0,0,39,5.775131585586638,11.346197690698398,10.969611084167505,21.63006963341914,15.710530188649743
39155,2021,46180.0,6925805.0,50258.0,17.1,19.3,327.12938500342176,4.9,44.2,12.419643656975326,59986.0,2687423611.0,44801.0,,4304.0,6.4,82899.0,0,,0,0.0,0,39,5.790355765432754,11.325378278324456,11.001866480644447,21.711848806182275,15.750764848769057
39155,2022,46745.0,6952509.0,53537.0,17.1,20.0,326.401348646904,4.8,44.0,12.78305852129453,62497.0,2926666603.0,46829.0,200.0,4390.0,4.9,82752.0,0,,0,0.0,0,39,5.788127754965313,11.32360346213153,11.042873834572456,21.79712993417134,15.754613159587802
39157,2012,35556.0,3365183.0,43869.0,13.6,14.7,163.08388072380677,8.7,40.8,12.152694255680556,34845.0,1135256216.0,32580.0,,2315.0,7.4,45001.0,0,,0,0.0,0,39,5.0942646741102005,10.714439990727769,10.458664933872619,20.85012420337328,15.028992902940342
39157,2013,36477.0,3491920.0,43739.0,14.6,15.2,163.07683088674614,9.4,40.8,12.9254661119889,35278.0,1178325178.0,33402.0,,2300.0,7.3,45020.0,0,,0,0.0,0,39,5.094221444887239,10.714862114460724,10.471014819171423,20.88735992652792,15.065962286171757
39157,2014,38489.0,3705443.0,44656.0,14.3,14.7,163.23192730208024,7.9,40.9,13.646162166702274,36075.0,1281277344.0,35517.0,11.0,2282.0,5.5,45434.0,0,,0,0.0,0,39,5.095172056374803,10.724016002423166,10.493355383642072,20.9711233422818,15.12531337771577
39157,2015,39631.0,3828484.0,45310.0,14.0,14.4,163.3746865025582,7.0,41.0,13.386571934969757,36608.0,1351409014.0,36916.0,,2300.0,5.4,45594.0,0,,0,0.0,0,39,5.0960462530599635,10.72753140789784,10.50802207473947,21.02441359917998,15.157979460344135
39157,2016,39456.0,3718206.0,46992.0,13.6,15.0,163.1667163092693,5.7,40.9,12.882304331160055,36331.0,1353085177.0,37243.0,,2292.0,5.8,45200.0,0,,0,0.0,0,39,5.094772477547165,10.718852365820323,10.50042665029748,21.025653138329435,15.128751851860992
39157,2017,40963.0,3844411.0,49460.0,13.8,15.1,163.0821182645416,4.9,40.9,12.719441432251562,37029.0,1477274914.0,39895.0,,2316.0,5.0,45657.0,0,,0,0.0,0,39,5.094253866979655,10.728912214902909,10.519456668412039,21.113464953168844,15.162130963231927
39157,2018,42996.0,3780311.0,51170.0,13.2,15.8,163.0733059682158,4.1,41.0,12.507057524029335,36565.0,1432573551.0,39179.0,,2328.0,4.5,44806.0,0,,0,0.0,0,39,5.094199829574951,10.710097338006875,10.506846777705052,21.082738349737703,15.145316839343632
39157,2019,43241.0,3811036.0,53243.0,12.8,17.4,162.7366762485702,4.2,41.0,12.244390269683583,36835.0,1477493942.0,40111.0,,2327.0,4.3,45320.0,0,,0,0.0,0,39,5.092133411369212,10.721503715141942,10.514203759116914,21.113613207066916,15.153411626150925
39157,2020,45931.0,3699568.0,54451.0,12.9,17.9,162.43705817349297,5.5,41.0,12.40071851788763,34796.0,1467327803.0,42169.0,,2301.0,7.5,44458.0,0,,0,0.0,0,39,5.090290592419513,10.702300202250855,10.457257716627431,21.106708762406818,15.123726614041095
39157,2021,50985.0,3854291.0,57545.0,13.0,18.4,163.95277314153077,5.6,40.9,12.89144435363257,35659.0,1588677315.0,44552.0,,2347.0,4.7,44149.0,0,,0,0.0,0,39,5.099578417704063,10.695325555718965,10.48175684839914,21.18616762961808,15.164697631073842
39157,2022,54140.0,3709304.0,61953.0,12.5,19.7,163.6267181774761,5.5,41.1,14.578803093814129,36708.0,1719460636.0,46841.0,107.0,2390.0,3.8,44347.0,0,,0,0.0,0,39,5.097587724877613,10.699800341706831,10.510749993938903,21.265276494873188,15.126354815906167
39159,2012,40317.0,3277190.0,65866.0,7.3,27.8,120.79192327201054,6.2,36.8,12.449056640462976,27646.0,1454905972.0,52627.0,,1148.0,5.8,26346.0,0,,0,0.0,0,39,4.794069422934425,10.179071739789773,10.227236331024303,21.09820711142666,15.002496905859813
39159,2013,42689.0,3479616.0,65086.0,7.8,27.0,122.01945993019254,6.3,37.1,13.00207451367027,28925.0,1560207716.0,53940.0,,1120.0,5.8,26611.0,0,,0,0.0,0,39,4.804180539637797,10.189079943122826,10.272461552061877,21.168084800626062,15.062432500834632
39159,2014,44397.0,3671868.0,64758.0,7.9,26.0,122.96211543940022,5.6,37.6,13.637628643128894,30035.0,1650902013.0,54967.0,,1140.0,4.5,26874.0,0,,0,0.0,0,39,4.81187630337155,10.198914555435355,10.310118647284261,21.224587650032262,15.116211082363966
39159,2015,45654.0,3781244.0,67382.0,8.7,26.2,123.84223606224768,4.2,38.1,13.310397053852096,31051.0,1729398165.0,55695.0,,1207.0,3.9,27111.0,0,,0,0.0,0,39,4.8190084657366095,10.207694828570066,10.343386292962181,21.271039303428402,15.145563613983171
39159,2016,47296.0,3905439.0,71282.0,7.9,29.1,124.96554790982933,3.7,38.2,12.765977972638298,31542.0,1794588257.0,56896.0,,1227.0,3.8,27903.0,0,,0,0.0,0,39,4.828038082591667,10.236489488910577,10.359075270047503,21.308041449287376,15.177880754911664
39159,2017,51810.0,4383725.0,78848.0,7.4,30.8,126.66325426916404,2.8,38.3,12.460717247383808,32978.0,1929777254.0,58517.0,,1273.0,3.7,28546.0,0,,0,0.0,0,39,4.84153202370915,10.259272100189714,10.403595951460913,21.380670420767444,15.293409377540309
39159,2018,55995.0,4571438.0,82775.0,6.9,33.0,128.9006135367184,2.5,38.4,12.192630978598226,34319.0,2008284542.0,58518.0,,1320.0,3.5,28789.0,0,,0,0.0,0,39,4.859041669722164,10.267748648720236,10.443454415648254,21.420546732920073,15.335338374206561
39159,2019,57523.0,4538234.0,86715.0,5.9,35.5,131.33947410476677,1.9,38.0,11.967381886971362,33532.0,2013122083.0,60036.0,,1333.0,3.2,29672.0,0,,0,0.0,0,39,4.877785376679637,10.297959119169427,10.420255485757748,21.42295262905769,15.328048507558405
39159,2020,61796.0,4411001.0,88565.0,5.2,35.5,134.0354225389627,2.8,38.1,11.922723319103964,32137.0,2047326304.0,63706.0,,1382.0,5.8,29504.0,0,,0,0.0,0,39,4.8981041123230105,10.29228112635632,10.377763293304536,21.439800536881727,15.299612205793013
39159,2021,66995.0,4627494.0,96634.0,4.7,37.8,143.06360724385596,3.0,38.4,12.206060667131233,32701.0,2123326248.0,64932.0,,1450.0,3.6,29796.0,0,,0,0.0,0,39,4.963289337264179,10.302129435296166,10.39516093745751,21.476249680965125,15.347526026832515
39159,2022,69340.0,4791384.0,104496.0,5.2,39.3,146.8666547773179,2.9,38.4,14.214423396885053,33295.0,2360635857.0,70900.0,50.0,1518.0,3.0,30108.0,0,,0,0.0,0,39,4.989525064746779,10.312546196154422,10.413162514544723,21.582196850626136,15.382329862935176
39161,2012,34503.0,1124815.0,44602.0,10.4,15.0,70.40938531101064,9.8,40.2,12.658181972497983,9952.0,337475241.0,33912.0,,625.0,7.5,14157.0,0,,0,0.0,0,39,4.254326568355321,9.557964480394498,9.20552881497896,19.637002705585882,13.933129135653743
39161,2013,36403.0,1140368.0,45355.0,12.5,15.4,70.10876206770133,10.7,41.1,13.340218239420832,10275.0,355666172.0,34614.0,,610.0,6.9,14202.0,0,,0,0.0,0,39,4.250047780062581,9.561138078742038,9.237469039364436,19.68950312978158,13.946861575297246
39161,2014,37023.0,1196580.0,46436.0,13.3,15.4,69.93034339484296,9.7,41.5,14.087748839425617,10692.0,376721225.0,35235.0,,611.0,4.9,14443.0,0,,0,0.0,0,39,4.247499652254883,9.577965147101168,9.277251077258809,19.74701601564625,13.994978045775323
39161,2015,36770.0,1284850.0,48060.0,12.8,15.7,69.8423561041183,7.5,41.5,13.499048529543447,10795.0,380404168.0,35238.0,,626.0,4.2,14373.0,0,,0,0.0,0,39,4.246240646702835,9.573106725551233,9.286838342948908,19.75674484546297,14.066152537980294
39161,2016,38091.0,1322373.0,50547.0,12.3,17.2,69.65904924844189,5.8,41.4,13.017872280958544,10853.0,388127183.0,35764.0,,628.0,4.1,14361.0,0,,0,0.0,0,39,4.2436126163870895,9.57227147806062,9.292196818446016,19.77684363511285,14.094938407857645
39161,2017,39417.0,1396562.0,50974.0,12.7,16.4,69.07491140168642,5.3,41.4,12.463860404006558,11075.0,415791333.0,37542.0,,629.0,3.9,14583.0,0,,0,0.0,0,39,4.2351915881693,9.587611745713565,9.312445594913337,19.8456940890151,14.149524060087915
39161,2018,41256.0,1401188.0,52754.0,11.1,16.2,69.12134913845779,4.4,40.9,12.086423615761577,11169.0,437043800.0,39129.0,,630.0,3.5,14485.0,0,,0,0.0,0,39,4.23586364309087,9.580868910203451,9.320897362540826,19.895543976870243,14.152831006180872
39161,2019,41397.0,1303672.0,54254.0,11.1,16.6,69.0724673102774,3.9,41.2,11.874290642946342,11789.0,470248053.0,39888.0,,640.0,3.3,15155.0,0,,0,0.0,0,39,4.235156204343244,9.626085789491903,9.374922172292127,19.968770885785965,14.080695456086486
39161,2020,46137.0,1230646.0,55991.0,9.4,17.2,68.9551509226445,5.1,41.2,11.94944307426261,10949.0,468255182.0,42769.0,,630.0,7.0,14737.0,0,,0,0.0,0,39,4.23345630663603,9.598116617213263,9.301003406873425,19.96452396596509,14.023049792729676
39161,2021,50212.0,1304309.0,59210.0,9.8,16.7,70.40938531101064,4.9,41.3,12.067028560701347,11060.0,496200788.0,44865.0,,642.0,4.0,14404.0,0,,0,0.0,0,39,4.254326568355321,9.575261224768767,9.311090275076326,20.02249121729004,14.081183956587576
39161,2022,50030.0,1348248.0,64841.0,8.4,17.2,70.4704875962361,3.8,41.3,14.705944231309015,11212.0,515390727.0,45967.0,19.0,641.0,3.3,14357.0,0,,0,0.0,0,39,4.255194006518003,9.571992907127694,9.324739912284679,20.060435864169694,14.11431652979396
39163,2012,29063.0,291151.0,34432.0,21.4,7.9,32.48860219225919,10.5,39.5,12.30400919327184,2113.0,81750276.0,38698.0,,218.0,10.8,5550.0,0,,0,0.0,0,39,3.4808893260488016,8.62155320674048,7.655864017616056,18.219179743882727,12.581597311915043
39163,2013,28047.0,248390.0,36705.0,20.6,8.5,32.41100009700262,9.4,39.8,13.224253070985233,2192.0,67630760.0,30856.0,,217.0,10.6,5573.0,0,,0,0.0,0,39,3.4784978743448356,8.625688787569537,7.692569648067906,18.029573467104424,12.422755370582147
39163,2014,29923.0,245058.0,37984.0,22.7,8.7,32.29944708507129,12.1,40.5,14.021930840525282,2251.0,71856041.0,31927.0,,213.0,8.0,5529.0,0,,0,0.0,0,39,3.4750501119728465,8.617762246337932,7.719129840906732,18.09017524489511,12.409250196203505
39163,2015,30737.0,242586.0,40680.0,20.7,9.1,32.09331651954603,12.0,41.0,13.507455147912877,2241.0,74502604.0,33243.0,,200.0,6.6,5479.0,0,,0,0.0,0,39,3.468647800343821,8.608677881538416,7.714677473800927,18.12634463575908,12.399111565665324
39163,2016,31593.0,277273.0,41080.0,21.3,9.6,31.836259579008633,10.7,41.0,13.157136846599366,2222.0,77485243.0,34869.0,,200.0,7.1,5476.0,0,,0,0.0,0,39,3.460605878541743,8.60813018640834,7.706162970199576,18.16559806328951,12.532757859391298
39163,2017,32710.0,272004.0,41541.0,21.1,10.3,31.87021049568338,10.6,41.9,12.808515811304868,2204.0,77789729.0,35291.0,,205.0,6.8,5491.0,0,,0,0.0,0,39,3.461671733229629,8.610865667278873,7.698029170272805,18.16951996243862,12.513572051052357
39163,2018,33893.0,307009.0,42114.0,20.9,11.5,31.79503346590358,9.8,42.2,12.49265114409427,2274.0,79965991.0,35168.0,,210.0,6.2,5529.0,0,,0,0.0,0,39,3.4593100972712176,8.617762246337932,7.729295674310482,18.19711198975222,12.634632342100542
39163,2019,35081.0,313897.0,45673.0,19.0,12.8,31.727131632554077,7.0,42.9,12.227321119110956,2343.0,83209053.0,35516.0,,221.0,5.7,5621.0,0,,0,0.0,0,39,3.4571722022826923,8.634264863002075,7.759187438507795,18.2368667099682,12.656820185600559
39163,2020,39305.0,289423.0,45034.0,20.0,12.8,31.634979144436898,5.8,43.2,12.69616355086,2223.0,84047693.0,37804.0,,219.0,9.2,5599.0,0,,0,0.0,0,39,3.454263443342645,8.630343289348893,7.706612913964197,18.246894969494548,12.575644564796965
39163,2021,41486.0,303446.0,46653.0,18.9,13.1,31.169366572897463,4.9,43.4,13.070890152059688,2215.0,86933985.0,39240.0,,215.0,6.2,5461.0,0,,0,0.0,0,39,3.4394357718819477,8.605387202152153,7.703007682479236,18.28065959548621,12.622958949433835
39163,2022,40979.0,351921.0,50967.0,19.1,15.4,31.01658744786109,3.6,43.6,15.266289388068232,2222.0,90794414.0,40871.0,7.0,214.0,5.0,5396.0,0,,0,0.0,0,39,3.4345221403447046,8.593413217327646,7.706162970199576,18.324108321855313,12.771161997573463
39165,2012,48149.0,9095332.0,72055.0,6.4,36.9,530.9707618072526,7.5,37.5,12.093782463340617,75680.0,3190970706.0,42164.0,8.0,4280.0,6.5,109086.0,0,,0,0.0,0,39,6.274706957216061,11.599891840947327,11.23426920372576,21.88359100400608,16.023271872841512
39165,2013,49063.0,9297424.0,72487.0,6.3,37.9,536.2718501745024,7.8,37.9,12.205511079113734,80806.0,3416480136.0,42280.0,20.0,4332.0,6.4,109788.0,0,,0,0.0,0,39,6.284641215658279,11.606306512467535,11.299806499177983,21.95187665803093,16.045247930507564
39165,2014,50985.0,9805994.0,73177.0,5.8,38.7,542.1234745047044,7.0,38.2,12.36277542537152,83134.0,3651948876.0,43928.0,29.0,4445.0,5.0,111252.0,0,,0,0.0,0,39,6.295493788233571,11.619553177394982,11.328209042774,22.018526800676437,16.098504389322844
39165,2015,52549.0,10166567.0,74379.0,5.6,39.6,547.8355965094524,6.1,38.7,12.030840460645456,87537.0,4002151860.0,45720.0,24.0,4645.0,4.2,112777.0,0,,0,0.0,0,39,6.30597523556749,11.6331676965463,11.379816840109676,22.110098018415005,16.13461514958279
39165,2016,55042.0,11030646.0,76200.0,5.4,41.0,553.4854406903372,5.0,39.1,11.909131336497447,91010.0,4512816898.0,49586.0,28.0,4782.0,4.2,115051.0,0,,0,0.0,0,39,6.316235447720235,11.653130787298837,11.418724669571402,22.230187384843234,16.216187957057738
39165,2017,57554.0,11511613.0,79397.0,5.1,41.9,557.6804749057736,4.5,39.1,11.454487541094236,91785.0,4549013768.0,49562.0,32.0,4914.0,4.1,117057.0,0,,0,0.0,0,39,6.323786172751754,11.670416274633675,11.42720416456475,22.23817629212895,16.25886690988907
39165,2018,59156.0,11768655.0,83330.0,4.6,42.3,564.3965154311992,3.6,39.3,10.943210489006963,94139.0,4915341220.0,52214.0,40.0,5141.0,3.8,118866.0,0,,0,0.0,0,39,6.335757046024801,11.685752087202381,11.452527692421553,22.315627012347388,16.280950199129848
39165,2019,62463.0,12725938.0,87125.0,4.6,43.0,570.7936934984443,3.0,39.4,10.908754438047366,97028.0,5398897538.0,55643.0,29.0,5249.0,3.5,121515.0,0,,0,0.0,0,39,6.347027837010539,11.7077929909327,11.482754875625112,22.409460610043595,16.359152830847243
39165,2020,65733.0,12349932.0,89410.0,4.9,43.7,579.2834064474985,3.4,39.6,10.368912695803504,91917.0,5505064843.0,59892.0,45.0,5427.0,6.4,119662.0,0,,0,0.0,0,39,6.36179183354853,11.69242638082741,11.428641274914318,22.42893438597993,16.329161114950228
39165,2021,71081.0,13925655.0,95709.0,4.8,44.1,596.7610549365139,3.5,39.6,10.239331647131523,96260.0,6019063531.0,62529.0,47.0,5745.0,4.0,120752.0,0,,0,0.0,0,39,6.391516790286585,11.70149413452465,11.4748081428571,22.518197524531935,16.44924338037336
39165,2022,73235.0,14039065.0,103128.0,5.1,44.7,605.8112683003385,3.0,39.5,12.157292527917864,99419.0,6282509291.0,63192.0,348.0,6093.0,3.3,122415.0,0,,0,0.0,0,39,6.406568499114003,11.715172190571453,11.507098521259715,22.561035306250805,16.45735435890277
39167,2012,35235.0,3367424.0,43829.0,15.6,15.9,97.71129824961152,8.9,42.7,12.362708845404452,23816.0,930249659.0,39060.0,3.0,1603.0,8.6,28429.0,0,,0,0.0,0,39,4.582017194630971,10.255165029914568,10.078112902695612,20.650963558622813,15.029658618340859
39167,2013,35832.0,3237690.0,42834.0,15.3,16.0,97.47236436942023,9.2,43.0,13.377131321725072,24044.0,953120652.0,39641.0,,1592.0,8.6,28347.0,0,,0,0.0,0,39,4.5795688954615015,10.252276483450736,10.087640764159053,20.675252055913578,14.990370670526588
39167,2014,37713.0,3541972.0,43512.0,16.6,16.6,97.2714067350872,8.6,43.5,14.270424467758028,24687.0,1043542309.0,42271.0,,1581.0,6.4,28302.0,0,,0,0.0,0,39,4.577505078944833,10.250687752512317,10.114032068273822,20.765886828939898,15.08019419215533
39167,2015,39092.0,3748675.0,43509.0,16.4,17.5,97.07836081864129,6.8,43.6,13.691843464311122,25154.0,1087542546.0,43236.0,,1606.0,6.1,28152.0,0,,0,0.0,0,39,4.575518495864607,10.245373679001421,10.1327722086071,20.807186442920457,15.13691300217633
39167,2016,39054.0,3680598.0,44763.0,15.7,18.4,96.76663913388842,4.7,43.6,13.277641016542113,24941.0,1086397134.0,43558.0,,1627.0,7.0,27890.0,0,,0,0.0,0,39,4.572302297834929,10.236023480621535,10.12426831466115,20.806132676694535,15.11858579694342
39167,2017,40273.0,3523235.0,46021.0,15.5,18.7,96.31883590147696,4.2,43.8,12.827381027692928,25031.0,1128305757.0,45076.0,,1645.0,6.2,27453.0,0,,0,0.0,0,39,4.567663895746998,10.220230730583488,10.127870335685289,20.84398301446205,15.074890159611927
39167,2018,42880.0,3399295.0,48572.0,15.1,19.2,96.00236718599182,4.0,44.1,12.493148905598852,25208.0,1165396191.0,46232.0,,1612.0,5.6,27307.0,0,,0,0.0,0,39,4.564372849351243,10.21489835856197,10.13491668343711,20.87632694426221,15.03907861514462
39167,2019,44155.0,3560045.0,50021.0,14.2,18.8,95.61469300952254,4.0,44.3,12.229488878354037,25399.0,1225302454.0,48242.0,,1620.0,5.4,27680.0,0,,0,0.0,0,39,4.56032650081609,10.228465409731605,10.142465082152865,20.9264535516925,15.085283743197762
39167,2020,46797.0,3446214.0,51808.0,13.2,18.7,95.28398320184056,4.6,44.4,12.628147311972278,23700.0,1188539884.0,50149.0,,1606.0,8.6,26810.0,0,,0,0.0,0,39,4.556861729398258,10.196530231230005,10.073230327123223,20.89599140246818,15.052786795128476
39167,2021,51569.0,3544061.0,54167.0,13.6,19.8,94.84883871804853,5.3,44.3,13.00824298664779,24232.0,1276003250.0,52657.0,9.0,1619.0,5.6,26500.0,0,,0,0.0,0,39,4.552284452953923,10.184900011974314,10.095429352707074,20.96699856888771,15.080783802748597
39167,2022,51478.0,3483865.0,59053.0,14.1,20.5,94.36938861408856,5.2,44.1,15.477260187780326,24796.0,1365743737.0,55079.0,60.0,1636.0,4.7,26595.0,0,,0,0.0,0,39,4.547216747407705,10.188478507176418,10.11843762882181,21.034964979470846,15.063652867638918
39169,2012,35593.0,5065613.0,49241.0,11.8,19.4,206.64432784355856,6.6,38.4,12.115072168613931,43173.0,1632751005.0,37819.0,,2634.0,6.1,59078.0,0,,0,0.0,0,39,5.33099909244921,10.98661388366879,10.672970578838283,21.213532162272806,15.43798571499529
39169,2013,36916.0,5472904.0,49135.0,12.4,20.0,206.83539147315463,6.8,38.7,12.89042468566871,43684.0,1700726430.0,38933.0,,2615.0,6.2,59284.0,0,,0,0.0,0,39,5.331923266643344,10.990094734076806,10.684737181317619,21.254321308501616,15.515319929318096
39169,2014,38642.0,5796795.0,49244.0,13.4,20.2,207.2463585254935,6.0,38.7,13.621029252473113,44557.0,1794160247.0,40267.0,,2616.0,4.6,59683.0,0,,0,0.0,0,39,5.333908223417103,10.996802501710759,10.704524547379622,21.30780292045118,15.572815736577725
39169,2015,39542.0,5809808.0,50383.0,13.2,21.2,207.95473594465645,4.8,38.8,13.353349012308232,45900.0,1892299279.0,41226.0,,2650.0,4.0,60189.0,0,,0,0.0,0,39,5.337320440368907,11.00524489034831,10.734220396048636,21.361058476356398,15.575058081810447
39169,2016,39880.0,5683643.0,51363.0,12.7,21.5,208.63247108360116,4.3,38.8,12.838724751534436,47407.0,1992659986.0,42033.0,,2715.0,4.0,61460.0,0,,0,0.0,0,39,5.340574192406591,11.026141835684475,10.766525176104544,21.41273625950813,15.553102958344857
39169,2017,42057.0,6096594.0,54037.0,13.0,21.0,208.9352889116403,4.0,38.7,12.662888428997457,48118.0,2130079390.0,44268.0,,2721.0,3.9,62014.0,0,,0,0.0,0,39,5.342024581589547,11.035115444988403,10.781411606465092,21.47942508827362,15.62324081254644
39169,2018,44089.0,6274253.0,56348.0,12.4,21.9,209.4634176236371,3.9,38.5,12.45082836769187,48426.0,2207664396.0,45588.0,,2732.0,3.6,61439.0,0,,0,0.0,0,39,5.344549106566502,11.025800091647431,10.787792138552428,21.5152009592437,15.651964992071141
39169,2019,45607.0,6481395.0,58300.0,11.3,22.2,209.266946532826,3.5,38.7,12.177976666884245,49335.0,2332379165.0,47277.0,,2723.0,3.3,62672.0,0,,0,0.0,0,39,5.343610693105013,11.045670055905612,10.806389047291267,21.57015468441352,15.6844463229373
39169,2020,49062.0,6399345.0,61424.0,10.7,22.5,209.20205699824615,3.3,38.6,12.370500195611042,45623.0,2260606313.0,49550.0,,2735.0,5.9,60302.0,0,,0,0.0,0,39,5.343300564830028,11.007120549661101,10.728167254307545,21.538898894338434,15.671706199342422
39169,2021,53562.0,6636680.0,64594.0,10.0,23.4,210.63503422021705,3.6,38.9,12.857073997511232,46515.0,2439736363.0,52451.0,,2822.0,3.7,59801.0,0,,0,0.0,0,39,5.350126940186548,10.998777662206932,10.74753012020266,21.6151558224631,15.708122396410934
39169,2022,53835.0,6590512.0,70320.0,8.8,24.0,210.3141915214613,3.3,38.8,14.564443987736018,47351.0,2568240982.0,54239.0,129.0,2917.0,3.2,60006.0,0,,0,0.0,0,39,5.34860256270221,11.002199836204571,10.765343217715396,21.666487058714075,15.70114159693567
39171,2012,33961.0,1613352.0,43176.0,13.7,12.9,89.80887177292826,12.0,40.6,11.660782168946236,16207.0,572604252.0,35330.0,,868.0,7.9,18863.0,0,,0,0.0,0,39,4.497683765227025,9.844957610345725,9.69319852665812,20.165705376377876,14.293824560205703
39171,2013,34643.0,1660910.0,43089.0,13.7,12.8,89.43802595920695,11.9,41.5,11.826634636922597,16331.0,584001823.0,35761.0,,874.0,7.4,18643.0,0,,0,0.0,0,39,4.493545938045228,9.833226019495461,9.700820421076743,20.185414662362973,14.322876202901044
39171,2014,35981.0,1683068.0,42455.0,14.5,13.7,89.12898778110588,9.8,41.5,12.10519075040299,16749.0,610330892.0,36440.0,,879.0,5.5,18833.0,0,,0,0.0,0,39,4.490084621420514,9.843365929194746,9.72609383397847,20.229511813962674,14.336128876397126
39171,2015,37323.0,1711519.0,42492.0,14.9,13.9,88.87462558836114,7.1,41.6,12.84826414032382,17310.0,650625411.0,37587.0,,882.0,4.5,19074.0,0,,0,0.0,0,39,4.487226675325346,9.856081430138858,9.759039648170255,20.293444629033598,14.352891838263822
39171,2016,37972.0,1721067.0,45044.0,14.4,14.2,88.59886844482479,5.8,41.6,12.210056127166348,17332.0,660369406.0,38102.0,,894.0,4.5,19100.0,0,,0,0.0,0,39,4.484119086026372,9.857443614034722,9.7603097828598,20.308309942468338,14.358455005290045
39171,2017,39101.0,1727968.0,47593.0,13.5,14.6,88.10203014310845,5.0,41.4,12.79113897118728,17353.0,677835532.0,39061.0,,892.0,4.4,19108.0,0,,0,0.0,0,39,4.47849557629875,9.857862374509853,9.761520681090504,20.334415238306736,14.362456709656149
39171,2018,40540.0,1709817.0,49491.0,13.7,15.0,87.80487804878048,4.4,41.2,12.952046670936468,17532.0,707346597.0,40347.0,,885.0,3.6,19056.0,0,,0,0.0,0,39,4.475117057739894,9.855137291595081,9.7717830615387,20.37703133994367,14.351896905208196
39171,2019,42209.0,1805266.0,53183.0,11.2,15.2,87.51961203822565,3.8,41.4,12.621823805070523,17559.0,734153301.0,41810.0,,890.0,3.3,19211.0,0,,0,0.0,0,39,4.471862905828216,9.863238310628443,9.773321917959331,20.414228421719443,14.406218507312511
39171,2020,44934.0,1707228.0,52855.0,11.0,15.1,87.38648789996671,3.8,41.4,12.3171079890586,16336.0,718391305.0,43975.0,,885.0,7.7,18788.0,0,,0,0.0,0,39,4.470340670022692,9.840973647146885,9.701126540404447,20.39252497159394,14.350381560519777
39171,2021,49111.0,1764394.0,55030.0,10.7,14.6,88.01882755669662,3.4,41.2,13.033141982495152,16420.0,756691166.0,46083.0,8.0,898.0,4.4,18298.0,0,,0,0.0,0,39,4.47755074110219,9.81454704323948,9.70625538300642,20.444465757221025,14.383317846617704
39171,2022,50010.0,1724401.0,60632.0,11.2,14.4,87.89283506870156,3.5,41.5,13.177302683176269,16549.0,800828002.0,48391.0,46.0,910.0,3.4,18107.0,0,,0,0.0,0,39,4.476118289067362,9.804053882820643,9.714080956018943,20.501156752886402,14.360390301766802
39173,2012,39440.0,6379515.0,53441.0,13.8,29.4,204.57189522362037,10.0,35.1,12.283850936720302,59380.0,2317823829.0,39034.0,135.0,2893.0,6.9,68703.0,0,,0,0.0,0,39,5.320919479583726,11.137548145379286,10.99171274831775,21.563894577681506,15.66860263362262
39173,2013,40042.0,6455026.0,52069.0,14.7,29.5,206.3072580619027,10.3,35.1,13.221021163705858,59756.0,2419088529.0,40482.0,137.0,2902.0,7.0,69045.0,0,,0,0.0,0,39,5.3293666015325085,11.142513744919452,10.998024883162207,21.606656665258914,15.680369610140128
39173,2014,41480.0,6789868.0,52758.0,14.8,30.8,207.62619863180169,8.9,35.0,14.054967411969963,61219.0,2593333911.0,42362.0,156.0,2914.0,5.2,69341.0,0,,0,0.0,0,39,5.335739340977851,11.146791640825246,11.022212877834795,21.67621010921922,15.730942058992452
39173,2015,43086.0,6741560.0,53577.0,14.3,31.1,208.8349574341907,7.2,34.8,13.599829172356412,63202.0,2695612178.0,42651.0,137.0,2943.0,4.3,69812.0,0,,0,0.0,0,39,5.341544262657042,11.153561193744727,11.054091225203859,21.714891168758733,15.723801910113078
39173,2016,43824.0,6871124.0,55985.0,13.7,31.7,209.69858805305577,6.3,34.7,13.16554188222418,65646.0,2828565861.0,43088.0,148.0,2960.0,4.2,70927.0,0,,0,0.0,0,39,5.3456712047095065,11.169406458081024,11.092031948704845,21.763035657256317,15.742838260714
39173,2017,44698.0,7029084.0,58033.0,13.4,32.2,209.83793558255368,5.5,34.6,12.830708244563429,66704.0,2943002415.0,44121.0,147.0,3024.0,4.4,71047.0,0,,0,0.0,0,39,5.3463354974552955,11.171096908847732,11.108020200120578,21.802696126788643,15.765566956577459
39173,2018,46592.0,7262811.0,59789.0,13.3,33.1,210.5379138702642,4.8,34.8,12.554286797206188,66051.0,3076214012.0,46573.0,162.0,3043.0,4.0,71179.0,0,,0,0.0,0,39,5.349665750301895,11.17295311007536,11.098182449881282,21.846965460942027,15.798277501944886
39173,2019,47499.0,7639849.0,62390.0,12.9,33.5,210.88466237389855,4.5,34.9,12.3079498166935,67860.0,3172527657.0,46751.0,172.0,3091.0,3.7,72113.0,0,,0,0.0,0,39,5.3513113602024145,11.185989612151785,11.125202038338221,21.877794475245313,15.84888839654948
39173,2020,50634.0,7277388.0,63189.0,13.1,34.3,211.71426627044437,4.9,35.1,12.655164962724742,64239.0,3164865098.0,49267.0,167.0,3097.0,7.0,69228.0,0,,0,0.0,0,39,5.355237564960708,11.145160684044889,11.070365781874326,21.87537626856939,15.800282564583112
39173,2021,55682.0,7836167.0,66337.0,12.6,36.3,213.7688321704836,5.2,35.1,13.08055278232798,66989.0,3435025268.0,51277.0,158.0,3186.0,4.3,68808.0,0,,0,0.0,0,39,5.364895207657526,11.139075296231315,11.11228370578976,21.957290118634425,15.874260369713296
39173,2022,56958.0,8060979.0,70537.0,12.9,37.5,213.1757950100622,4.9,35.4,15.233098984315776,72022.0,3779428511.0,52476.0,164.0,3302.0,3.5,69232.0,0,,0,0.0,0,39,5.362117153998723,11.145218462464666,11.184726906881156,22.052838647581776,15.902545571126506
39175,2012,36219.0,926466.0,46129.0,9.4,13.2,55.60866989940498,8.4,41.4,12.137925252241969,8312.0,301241271.0,36243.0,27.0,569.0,6.8,12139.0,0,,0,0.0,0,39,4.0183391225427165,9.404178688897805,9.025455532779063,19.52342206641572,13.739132626786486
39175,2013,37966.0,924376.0,44448.0,11.1,12.0,55.500529641490466,8.1,41.4,12.914291205359762,8607.0,309468124.0,35955.0,34.0,572.0,6.3,12350.0,0,,0,0.0,0,39,4.016392563796773,9.421411342056123,9.060331104649475,19.550365652862435,13.736874194258652
39175,2014,38491.0,983160.0,46904.0,11.3,13.0,55.385016184172684,7.7,41.6,13.648694137580032,8815.0,328461414.0,37262.0,34.0,577.0,4.4,12386.0,0,,0,0.0,0,39,4.014309091181053,9.424322081498007,9.08421009483197,19.609929927802618,13.79852715292386
39175,2015,38787.0,931287.0,47555.0,11.8,14.1,55.21789033103207,6.6,42.0,13.38921484208646,8916.0,350158920.0,39275.0,34.0,573.0,3.7,12387.0,0,,0,0.0,0,39,4.011287000973781,9.4244028145542,9.095602694505759,19.67389766653784,13.744322779430254
39175,2016,40010.0,946443.0,50723.0,11.1,14.6,54.952455152514624,5.5,41.7,12.86457159075732,9250.0,364495354.0,39406.0,35.0,576.0,3.7,12724.0,0,,0,0.0,0,39,4.006468359606108,9.451245252869034,9.132378830506472,19.714024363104045,13.760466025948057
39175,2017,41593.0,997501.0,49767.0,11.3,15.0,54.53709825279751,4.2,41.3,12.67798071755375,9212.0,380646857.0,41322.0,35.0,584.0,3.7,12720.0,0,,0,0.0,0,39,3.9988811719829442,9.450930836894113,9.128262260940575,19.75738261875347,13.81300843025192
39175,2018,44244.0,1049405.0,52940.0,9.5,15.7,54.33310640264059,3.8,42.1,12.471045487082405,9509.0,419196768.0,44083.0,37.0,575.0,3.2,12782.0,0,,0,0.0,0,39,3.9951337354914136,9.455793210210228,9.159993997539445,19.85385098101772,13.863733894850803
39175,2019,45670.0,1063882.0,55767.0,7.4,17.2,54.07012895725756,2.7,42.1,12.194047302889034,9772.0,442363760.0,45270.0,39.0,561.0,3.1,13156.0,0,,0,0.0,0,39,3.9902818883967575,9.484633207308947,9.187276432377631,19.907643087999674,13.877435040477978
39175,2020,50242.0,1042253.0,57925.0,7.2,19.3,53.84155977575642,3.3,43.0,12.374366854965588,9090.0,437751398.0,48160.0,39.0,550.0,6.9,12895.0,0,,0,0.0,0,39,3.9860456554918042,9.464594918315445,9.114930187171524,19.89716172272879,13.856895274127004
39175,2021,55226.0,1090617.0,61626.0,7.0,19.4,53.90546083725137,2.7,42.3,12.866821660661316,9419.0,465328879.0,49404.0,36.0,557.0,3.6,12826.0,0,,0,0.0,0,39,3.98723178701773,9.459229639708807,9.150484204822817,19.958254980223096,13.902254149102474
39175,2022,55585.0,1069333.0,68552.0,6.9,21.2,53.622821526792976,2.8,42.3,14.576071039768106,9941.0,508228516.0,51124.0,37.0,573.0,2.9,13176.0,0,,0,0.0,0,39,3.9819747522140068,9.486152271857476,9.204422898212146,20.046441739043154,13.882545647579686
51001,2012,35204.0,2705675.0,40780.0,20.2,17.6,74.4552287138034,7.0,44.5,11.823409252757964,12654.0,413759083.0,32699.0,,949.0,7.7,16388.0,0,,0,0.0,0,51,4.310197987876862,9.70430463866676,9.44572864970683,19.840794437284675,14.810861977026109
51001,2013,35413.0,2318672.0,39328.0,20.5,17.2,74.0880046826628,6.4,44.8,11.277384974918505,12715.0,420516286.0,33073.0,,948.0,7.0,16226.0,0,,0,0.0,0,51,4.305253639072031,9.69437017295501,9.45053767785622,19.85699376671052,14.656505165958068
51001,2014,36349.0,1947169.0,39389.0,20.5,18.3,73.81203025926017,7.5,44.9,11.73313465646087,12660.0,434889932.0,34351.0,,974.0,6.6,16112.0,0,,0,0.0,0,51,4.3015217299645645,9.687319614958344,9.446202695698167,19.89060352715044,14.48188708079286
51001,2015,37526.0,1763719.0,39412.0,19.6,18.8,73.70075024982361,6.8,45.3,12.027638828624529,12894.0,456005395.0,35365.0,,1079.0,5.4,15938.0,0,,0,0.0,0,51,4.300012978923988,9.676461473957694,9.464517365870565,19.938015198549024,14.382935205807597
51001,2016,39929.0,1682787.0,38503.0,19.5,18.3,73.57834223944342,7.0,45.4,11.674144634068991,13051.0,468950090.0,35931.0,,1141.0,4.8,15820.0,0,,0,0.0,0,51,4.298350719379923,9.669030241321645,9.476620038167528,19.966006902837318,14.33596190544879
51001,2017,43525.0,1714967.0,42260.0,19.8,19.6,73.08871019792262,5.4,46.0,11.119828857385023,13292.0,499616135.0,37587.0,,1152.0,4.5,16789.0,0,,0,0.0,0,51,4.291673911571272,9.728479189036397,9.494917629474484,20.029350631530868,14.354904396414542
51001,2018,44919.0,1772218.0,43210.0,19.9,18.5,72.870601379427,4.2,45.9,11.662256053602702,13464.0,527140053.0,39151.0,,1167.0,3.8,16815.0,0,,0,0.0,0,51,4.288685284419195,9.73002662417437,9.507774735870642,20.08297682641719,14.38774242741093
51001,2019,47761.0,1804289.0,46073.0,19.0,19.5,72.71703496640457,3.9,45.9,12.0600878880222,13214.0,525592554.0,39776.0,,1130.0,3.5,16657.0,0,,0,0.0,0,51,4.286575675748704,9.720585827477107,9.48903215258983,20.08003685836766,14.405677166330669
51001,2020,51125.0,1793560.0,46178.0,19.8,19.7,72.46554214507798,3.8,45.8,12.17858932005753,12144.0,538211481.0,44321.0,,1074.0,6.7,15893.0,0,,0,0.0,0,51,4.283111168121384,9.67363403969682,9.404590499635411,20.103762128248057,14.399713029534848
51001,2021,56694.0,1897523.0,50601.0,16.9,21.0,74.30833910134716,3.9,47.1,12.12167171433787,11817.0,557909668.0,47213.0,,1061.0,4.3,15338.0,0,,0,0.0,0,51,4.308223180975535,9.638088688324805,9.377294451639015,20.139707621936086,14.456059909390582
51001,2022,54927.0,1779121.0,52694.0,15.9,21.3,74.26160149738381,3.7,47.3,13.398279797389751,12107.0,598834864.0,49462.0,17.0,1482.0,3.2,15584.0,0,,0,0.0,0,51,4.3075940146002,9.654000025882317,9.40153907670774,20.21049643192774,14.391629980074185
51007,2012,35487.0,288187.0,50596.0,10.1,14.5,35.665240882485364,8.0,41.6,11.0931723907492,2345.0,76834278.0,32759.0,,316.0,6.4,6208.0,0,,0,0.0,0,51,3.574176569737345,8.733594061863055,7.76004068088038,18.157161426668132,12.57136485396599
51007,2013,37825.0,291648.0,52885.0,8.3,14.0,35.77217469608284,7.2,42.9,10.75946646071212,2309.0,80230091.0,34745.0,,312.0,5.8,6173.0,0,,0,0.0,0,51,3.5771703480704344,8.727940222393896,7.744569809354496,18.20040920196826,12.583302874623554
51007,2014,38409.0,298328.0,55870.0,9.6,15.6,35.91850517784781,6.0,43.3,10.912454565193537,2314.0,82695100.0,35733.0,,310.0,5.2,6230.0,0,,0,0.0,0,51,3.5812526272520167,8.737131611781498,7.746732907753622,18.230670907936254,12.605948831334114
51007,2015,40534.0,309190.0,56850.0,11.6,14.5,35.95508779828906,5.0,45.8,11.12969535789322,2385.0,85565249.0,35883.0,,333.0,4.4,6215.0,0,,0,0.0,0,51,3.5822705984452057,8.734721003944811,7.776954403322442,18.264789789057826,12.641711253645886
51007,2016,40527.0,288835.0,58269.0,11.6,14.1,36.00011256190905,4.0,44.3,11.2417094507521,2462.0,85143662.0,34588.0,,368.0,4.2,6207.0,0,,0,0.0,0,51,3.5835220651709174,8.733432966413652,7.808729306744399,18.259850528949766,12.57361086979349
51007,2017,41215.0,285025.0,58535.0,13.0,14.5,36.02543899144529,3.3,46.5,11.55578940355895,2491.0,88108379.0,35377.0,,391.0,3.9,6268.0,0,,0,0.0,0,51,3.5842253275558313,8.74321260347591,7.820439515262181,18.294078194215952,12.560332174701921
51007,2018,41601.0,264269.0,58526.0,13.4,15.9,36.17176947321026,2.8,46.0,11.692904121985697,2506.0,88912416.0,35481.0,,414.0,3.3,6233.0,0,,0,0.0,0,51,3.588278965785114,8.73761303680885,7.826443135456014,18.30316235327441,12.484722802756012
51007,2019,43367.0,276192.0,57946.0,10.7,17.1,36.45036019810896,3.4,45.1,12.099282954018316,2513.0,94078283.0,37444.0,,416.0,3.1,6351.0,0,,0,0.0,0,51,3.5959513403841386,8.756367559802975,7.829232537543592,18.35963779152288,12.528851555019385
51007,2020,45866.0,259232.0,63918.0,10.7,18.2,36.4981990094552,4.4,45.0,12.234671176288956,2472.0,98784241.0,39965.0,,404.0,6.0,6079.0,0,,0,0.0,0,51,3.597262917164372,8.712595487748722,7.812782818577581,18.408448645947388,12.465478692630217
51007,2021,50824.0,295190.0,57420.0,11.1,17.7,37.20171094101756,4.3,45.0,12.151613242956484,2496.0,106162128.0,42527.0,,398.0,3.5,6072.0,0,,0,0.0,0,51,3.61635475325956,8.711443319075466,7.822444729489319,18.480477993002093,12.59537449579592
51007,2022,54041.0,327025.0,63438.0,11.1,17.7,37.45216118865376,4.1,45.1,13.444412732541378,2523.0,111055190.0,44019.0,,443.0,2.9,6282.0,0,,0,0.0,0,51,3.623064416940439,8.745443680098592,7.833203948641057,18.52553784291727,12.697791899556428
51009,2012,31199.0,841449.0,45020.0,11.7,16.7,68.15103320519367,7.7,42.4,10.987932895187988,9044.0,300216024.0,33195.0,,708.0,6.6,16043.0,0,,0,0.0,0,51,4.22172631877881,9.683027896351076,9.10985683339786,19.520012853487263,13.64288068471577
51009,2013,31365.0,884668.0,44945.0,11.4,17.4,68.03077039931472,7.5,42.8,10.781951688033216,8927.0,297182563.0,33290.0,,692.0,6.0,15801.0,0,,0,0.0,0,51,4.219960108698475,9.6678285081515,9.096835671179361,19.509857198158006,13.69296771236405
51009,2014,32764.0,848465.0,44765.0,11.2,18.3,68.01600128280326,7.6,43.1,10.94579860028265,8834.0,299620779.0,33915.0,,683.0,5.3,15682.0,0,,0,0.0,0,51,4.2197429904767505,9.660268836790868,9.086363192156472,19.51802816301008,13.651184113542238
51009,2015,33864.0,860981.0,47558.0,13.0,18.3,67.82822251572911,6.6,43.6,11.111971876607951,8459.0,278011207.0,32866.0,,719.0,4.7,15340.0,0,,0,0.0,0,51,4.216978369627592,9.638219074921247,9.042986242304014,19.443171983792006,13.66582771580285
51009,2016,34450.0,824201.0,47002.0,14.1,18.9,67.51385132141395,5.5,43.9,11.234332851682009,8409.0,299369605.0,35601.0,,742.0,4.3,15010.0,0,,0,0.0,0,51,4.212332781588555,9.616471924627508,9.037057839832897,19.51718950509025,13.622169711183862
51009,2017,35443.0,806386.0,49677.0,13.4,19.9,67.13407403969094,5.6,43.9,11.521983933733797,8267.0,301706784.0,36496.0,,766.0,4.0,15146.0,0,,0,0.0,0,51,4.206691724917317,9.625491749673769,9.020026965252676,19.524966189789644,13.600317815037425
51009,2018,36765.0,813582.0,49170.0,13.9,19.2,67.266996088294,6.1,44.3,11.606094762532628,8109.0,306931527.0,37850.0,,787.0,3.3,15005.0,0,,0,0.0,0,51,4.208669716488575,9.616138757874468,9.000729834944558,19.542135241586607,13.609201999577945
51009,2019,38023.0,795316.0,52888.0,14.0,19.1,67.04123959304755,5.8,44.8,11.90883609239478,7975.0,305716159.0,38333.0,,778.0,3.2,15128.0,0,,0,0.0,0,51,4.2053079463526375,9.624302610338294,8.984066927653044,19.53816764447618,13.58649479893725
51009,2020,40740.0,759430.0,57368.0,10.9,21.3,67.056008709559,4.9,44.9,11.975425435295207,7565.0,306108931.0,40462.0,,768.0,5.8,14636.0,0,,0,0.0,0,51,4.205528221067564,9.591239526139097,8.931287626222456,19.539451580229635,13.54032343087181
51009,2021,44260.0,812178.0,60876.0,11.3,21.8,66.20994932083163,5.0,44.9,11.98637277162861,7626.0,311232827.0,40815.0,,777.0,3.7,14515.0,0,,0,0.0,0,51,4.192830743505736,9.58293787645873,8.939318740417509,19.556051829923845,13.607474806943074
51009,2022,44920.0,783250.0,64454.0,11.3,21.9,66.30489364126238,4.5,43.9,13.35391234711895,7729.0,334340136.0,43256.0,21.0,871.0,3.0,14759.0,0,,0,0.0,0,51,4.19426370504506,9.599608345181776,8.952734767106872,19.627669404010227,13.571207208814439
51011,2012,31617.0,286945.0,50092.0,16.4,13.9,44.73646416774379,8.3,42.3,11.028708981355727,3034.0,80720937.0,26609.0,,369.0,7.3,7211.0,0,,0,0.0,0,51,3.800788922267098,8.88336291691676,8.017637159908478,18.206508541970006,12.567045838746258
51011,2013,32334.0,304706.0,50167.0,17.7,15.0,45.0416487146345,7.4,42.5,10.812306863100051,3034.0,81554995.0,26883.0,,365.0,6.3,7158.0,0,,0,0.0,0,51,3.8075875887261765,8.875985891325971,8.017637159908478,18.216788135921945,12.627102656279762
51011,2014,33548.0,296525.0,47927.0,18.2,15.3,45.289985159653405,7.3,42.5,10.998926150886913,3023.0,81353067.0,26914.0,,380.0,5.6,7139.0,0,,0,0.0,0,51,3.8130859298942648,8.87332798950246,8.014004994779459,18.214309092209366,12.599886810897477
51011,2015,34928.0,301519.0,48823.0,17.7,17.7,45.50241754033223,6.6,42.3,11.172145764881945,3068.0,86454425.0,28179.0,,418.0,4.8,7066.0,0,,0,0.0,0,51,3.8177654572999646,8.86304982791909,8.028781162487148,18.27512795444008,12.616588311405934
51011,2016,35540.0,295646.0,52134.0,17.3,19.6,45.81957010866964,4.5,42.8,11.279437119326031,3194.0,90768533.0,28415.0,,465.0,4.6,7006.0,0,,0,0.0,0,51,3.8247112948047683,8.854522203757432,8.069029328774958,18.323823230644766,12.596918071646204
51011,2017,36495.0,300302.0,54875.0,14.4,20.6,46.26238690219733,3.5,43.5,11.5477832412064,3281.0,94548315.0,28821.0,,485.0,4.3,7151.0,0,,0,0.0,0,51,3.8343292530121196,8.875007486048396,8.0959035329611,18.36462153165135,12.612543913955903
51011,2018,37753.0,300463.0,56176.0,13.5,19.8,46.60646751878979,3.8,42.9,11.63294842081019,3272.0,97937967.0,29936.0,,512.0,3.7,7148.0,0,,0,0.0,0,51,3.841739319458305,8.87458787627932,8.093156697722637,18.399844846416304,12.61307989725671
51011,2019,38799.0,297513.0,58696.0,13.2,20.9,46.995428215807365,3.3,42.6,11.947064804878307,3242.0,98893606.0,30505.0,,506.0,3.4,7250.0,0,,0,0.0,0,51,3.850050324974732,8.88875674784872,8.08394570229562,18.409555143340175,12.603213200492107
51011,2020,41555.0,293447.0,55457.0,13.5,21.5,47.31557278950644,2.8,42.7,12.024895154111933,3227.0,105769491.0,32781.0,,488.0,5.9,7060.0,0,,0,0.0,0,51,3.856839475762572,8.862200330487287,8.079308192051961,18.476772670964017,12.589452322727544
51011,2021,45775.0,326332.0,55268.0,13.3,19.5,47.988773995883,3.7,42.6,12.006795428819348,3326.0,117298064.0,35265.0,,479.0,3.8,6998.0,0,,0,0.0,0,51,3.8709671084690775,8.853379672927634,8.109525659752872,18.58022880879867,12.695670547034352
51011,2022,45929.0,325131.0,60041.0,13.8,19.3,48.62906314328115,3.5,43.1,13.383735852159363,3465.0,132041329.0,38104.0,1.0,579.0,3.1,7105.0,0,,0,0.0,0,51,3.8842213592348753,8.868554040531201,8.150467911624004,18.69862553003039,12.691983457021271
51013,2012,83499.0,31433131.0,102459.0,7.2,71.2,8042.351040504674,3.6,33.7,11.044668644654392,165776.0,13405480811.0,80865.0,716.0,8535.0,3.4,143875.0,0,,0,0.0,0,51,8.992476737400427,11.876700146024184,12.018392758491533,23.318929476025406,17.26337302201136
51013,2013,79030.0,30557245.0,103208.0,8.0,71.7,8264.838250567373,3.9,33.8,10.72088033141516,165044.0,13319750920.0,80704.0,812.0,8694.0,3.4,145169.0,0,,0,0.0,0,51,9.01976543965435,11.885653859956168,12.013967384000148,23.312513802184114,17.23511236767523
51013,2014,82623.0,30689850.0,105120.0,8.8,72.0,8469.16951955995,3.6,33.8,10.845198937440564,164576.0,13562985242.0,82412.0,771.0,8661.0,3.2,145098.0,0,,0,0.0,0,51,9.04418773320019,11.885164655179766,12.011127748574642,23.330610245819045,17.239442538998443
51013,2015,85196.0,31870414.0,105763.0,9.0,72.9,8614.263184213563,3.7,33.9,11.055026234667997,170256.0,14489824018.0,85106.0,963.0,9221.0,2.8,144902.0,0,,0,0.0,0,51,9.061174618225282,11.883812930836017,12.045058465681512,23.396712448139688,17.27718867658213
51013,2016,86290.0,32541434.0,108706.0,8.7,73.7,8696.84963649652,3.4,34.1,11.185673295112666,172888.0,14862535640.0,85966.0,1011.0,9348.0,2.6,146628.0,0,,0,0.0,0,51,9.07071612831722,11.895654046104523,12.060399264982863,23.422109496941932,17.298024727622515
51013,2017,89695.0,33997126.0,112138.0,8.2,74.1,8829.249528791785,3.2,34.4,11.524501496229677,176659.0,15666993660.0,88685.0,1013.0,9226.0,2.5,151365.0,0,,0,0.0,0,51,9.085825298909251,11.92744941756674,12.081976599692137,23.474822021685437,17.34178654959586
51013,2018,94324.0,35530163.0,117374.0,7.2,74.6,8916.528830249645,2.9,34.5,11.66164086138545,178158.0,16526889128.0,92765.0,1196.0,9205.0,2.0,152864.0,0,,0,0.0,0,51,9.095662005246803,11.937303916189688,12.090426076003848,23.528254535545052,17.385892555659076
51013,2019,96204.0,36825830.0,120071.0,6.8,75.3,8980.420817786668,2.7,34.7,12.056458043354928,182197.0,17497660898.0,96037.0,1285.0,9132.0,1.9,154980.0,0,,0,0.0,0,51,9.102802021867166,11.951051355317942,12.112843798249825,23.58533304597076,17.42171005909495
51013,2020,98460.0,36785680.0,122604.0,6.4,75.8,9094.66476901181,2.8,34.8,12.179610359243735,174422.0,18158213977.0,104105.0,1355.0,9143.0,4.6,151165.0,0,,0,0.0,0,51,9.115443231450689,11.926127234450115,12.06923292929017,23.62238885599881,17.420619196973483
51013,2021,109830.0,39028124.0,128145.0,6.5,76.3,9068.892564526675,2.9,35.1,12.13029958147936,172234.0,18344688111.0,106510.0,1292.0,9448.0,3.0,152177.0,0,,0,0.0,0,51,9.112605436925383,11.932799596039025,12.056609296317694,23.632605893300873,17.479793072411038
51013,2022,116839.0,38535970.0,137387.0,6.7,76.8,9072.008308651,2.8,35.3,13.40972176536102,174381.0,19472188588.0,111665.0,1233.0,10382.0,2.0,156767.0,0,,0,0.0,0,51,9.112948941823706,11.962515905565128,12.068997839567956,23.69225305823096,17.467102648799052
51017,2012,47923.0,223620.0,51528.0,13.9,16.1,8.905862033779162,3.1,45.4,11.058169557646426,2223.0,72032057.0,32398.0,,167.0,5.7,2582.0,0,,0,0.0,0,51,2.1867097154005783,7.856319571406588,7.706612913964197,18.092621814003255,12.31770346170136
51017,2013,45870.0,226341.0,51365.0,16.4,20.2,8.85484181843606,1.6,46.0,10.73028754396037,2259.0,78047312.0,34553.0,,167.0,5.2,2578.0,0,,0,0.0,0,51,2.180964407544588,7.8547691834991324,7.7226775164680035,18.17282576487078,12.329797990642186
51017,2014,48124.0,223607.0,46153.0,9.3,19.8,8.775477039013458,4.1,49.8,10.85617329253671,2334.0,81128341.0,34758.0,,166.0,4.4,2602.0,0,,0,0.0,0,51,2.1719611312946294,7.86403565907245,7.755338812846501,18.211542915499532,12.31764532567646
51017,2015,51906.0,224185.0,43646.0,7.7,21.8,8.660209145090155,6.0,48.3,11.068963422730484,2327.0,83785675.0,36011.0,,217.0,4.0,2546.0,0,,0,0.0,0,51,2.1587388729859716,7.842278779117352,7.752335163302292,18.243772608119176,12.320226882832477
51017,2016,55143.0,227781.0,44985.0,8.4,15.4,8.612968204957653,8.7,47.2,11.196118719058022,2308.0,88256010.0,38239.0,,235.0,3.6,2499.0,0,,0,0.0,0,51,2.153268998282477,7.823645930834952,7.744136627627991,18.29575235344185,12.336139920019777
51017,2017,59115.0,223251.0,44483.0,9.3,15.9,8.424004444427649,9.1,47.3,11.53170508140376,2292.0,88380199.0,38567.0,,223.0,3.0,2585.0,0,,0,0.0,0,51,2.1310853024226617,7.85748078694253,7.73718007783463,18.297158509304975,12.316051978012029
51017,2018,60074.0,208439.0,46137.0,11.3,14.9,8.301178000083144,8.8,47.6,11.670233146850116,2246.0,83594937.0,37221.0,,212.0,2.5,2524.0,0,,0,0.0,0,51,2.1163974324526267,7.8336002236611035,7.716906135298388,18.24149351402001,12.247401711467985
51017,2019,63285.0,222135.0,49738.0,10.9,15.9,8.13866916602734,8.0,47.8,12.068541299091848,2205.0,88621263.0,40194.0,,197.0,2.4,2485.0,0,,0,0.0,0,51,2.0966266735309578,7.818027938530729,7.6984827878809465,18.299882375495944,12.311040584139713
51017,2020,69660.0,198547.0,55481.0,18.7,17.4,8.027180547314636,6.4,48.9,12.179610359243735,1783.0,81790869.0,45862.0,,173.0,10.3,2294.0,0,,0,0.0,0,51,2.082833351398622,7.738052297689316,7.48605261786314,18.21967616942547,12.198781126901052
51017,2021,73587.0,215428.0,55807.0,19.2,18.6,8.017732359288136,1.7,50.9,12.13029958147936,1880.0,90592169.0,48189.0,,176.0,4.4,2244.0,0,,0,0.0,0,51,2.0816556336791723,7.716015266642587,7.539027055823995,18.32187833239891,12.280382025971313
51017,2022,73729.0,232037.0,55699.0,23.7,18.3,7.893016277338332,2.0,51.8,13.40972176536102,2102.0,106142029.0,50488.0,,319.0,2.4,2418.0,0,,0,0.0,0,51,2.0659783529740228,7.790696031174738,7.650644551436897,18.48028865144285,12.354652120691044
51021,2012,30272.0,198020.0,42658.0,14.2,11.3,19.0884409661933,8.2,44.2,10.714058865721642,1927.0,72969103.0,37867.0,,121.0,6.9,2871.0,0,,0,0.0,0,51,2.9490829668381586,7.962415680121064,7.563719668414366,18.10554666294321,12.196123314676505
51021,2013,30214.0,195989.0,42139.0,16.6,14.7,18.998968267948364,8.1,43.9,10.958068789328276,1941.0,75881339.0,39101.0,,120.0,6.6,2877.0,0,,0,0.0,0,51,2.9443846760051224,7.964503363551548,7.57095858316901,18.144681349159,12.185813814188752
51021,2014,30665.0,204594.0,43508.0,13.5,14.2,18.808838784177873,8.3,44.3,11.297868876207362,1980.0,78542717.0,39671.0,,122.0,5.9,2876.0,0,,0,0.0,0,51,2.934326907445484,7.964155718840937,7.590852123688581,18.17915320035332,12.228782806556465
51021,2015,31723.0,209382.0,45294.0,10.8,14.1,18.627097365867844,8.7,44.8,11.232867607133509,1924.0,79630749.0,41392.0,,134.0,5.6,2792.0,0,,0,0.0,0,51,2.9246173681735033,7.934513463882263,7.562161631225652,18.192910870192154,12.251915613838424
51021,2016,32493.0,202705.0,47800.0,9.7,16.2,18.487296274860128,6.5,44.9,11.353329131743251,1907.0,79525662.0,41698.0,,139.0,5.1,2742.0,0,,0,0.0,0,51,2.917083808360793,7.91644286012226,7.553286605600419,18.191590319991114,12.219506999131426
51021,2017,34817.0,207147.0,46927.0,8.3,14.2,18.241246354686552,6.7,45.3,11.440578146643997,1924.0,81953405.0,42601.0,,131.0,4.0,2894.0,0,,0,0.0,0,51,2.9036853131607825,7.970394907191429,7.562161631225652,18.22166141201639,12.241183965141447
51021,2018,35801.0,219213.0,50511.0,8.4,17.4,18.025952674534672,7.1,46.1,11.18195564905387,1961.0,86828481.0,44281.0,,132.0,3.2,2844.0,0,,0,0.0,0,51,2.8918125347304984,7.952966790923131,7.581209826196346,18.279445247930106,12.297799138866775
51021,2019,37065.0,211954.0,48531.0,10.3,14.2,17.86098738714557,5.4,46.4,10.972725394088512,1961.0,87450602.0,44602.0,,125.0,2.7,2853.0,0,,0,0.0,0,51,2.8826188587547814,7.9561263512135,7.581209826196346,18.286584643338866,12.264124548978263
51021,2020,39403.0,201561.0,50365.0,11.3,13.4,17.710002208857237,4.3,46.1,10.814283664139614,1845.0,86386065.0,46832.0,,120.0,5.8,2786.0,0,,0,0.0,0,51,2.874129576518463,7.932362154339751,7.520234556474628,18.274336936044282,12.213847344084073
51021,2021,42528.0,195848.0,54556.0,11.8,13.3,17.553424986928597,4.0,45.8,11.145614291553938,1829.0,88539485.0,48398.0,,120.0,3.4,2741.0,0,,0,0.0,0,51,2.865249086821777,7.916078096302786,7.511524648390866,18.298959168671274,12.185094127144975
51021,2022,43948.0,193796.0,59901.0,10.7,16.4,17.44997217958289,3.3,46.4,13.02587405093559,1840.0,96771179.0,52586.0,,213.0,2.8,2774.0,0,,0,0.0,0,51,2.859338054353921,7.928045600874777,7.517520850603031,18.38785977031086,12.174561338390918
51023,2012,42529.0,1183643.0,66053.0,6.7,22.7,61.10376222112195,5.0,45.0,10.9960520662193,9621.0,354697143.0,36866.0,,793.0,5.4,17702.0,0,,0,0.0,0,51,4.112573439095678,9.781432906528822,9.171703488361265,19.686774865017302,13.984107528689442
51023,2013,43138.0,1380694.0,65935.0,7.7,24.9,61.1074571937422,5.5,45.7,10.77011171066036,10052.0,365502483.0,36362.0,,802.0,5.1,17634.0,0,,0,0.0,0,51,4.112633907727594,9.777584135646972,9.215526898663482,19.716783630564684,14.138096829273016
51023,2014,44635.0,1432084.0,63011.0,7.2,25.4,61.16103429673586,5.3,46.1,10.931182848749588,10124.0,381080653.0,37643.0,,791.0,4.8,17749.0,0,,0,0.0,0,51,4.1135102922444835,9.784084455288346,9.222664121665014,19.758521598352345,14.17464128400022
51023,2015,46106.0,1401900.0,60454.0,8.2,26.2,61.25340861224219,4.6,46.4,11.093312402337226,10465.0,401997710.0,38413.0,,824.0,4.1,17459.0,0,,0,0.0,0,51,4.115019498688505,9.767610553984774,9.2557916348801,19.811956950049655,14.153339017356627
51023,2016,46861.0,1344008.0,61470.0,8.3,27.3,61.32176560571687,4.1,46.9,11.22138190922537,10286.0,396261814.0,38526.0,29.0,845.0,3.6,17375.0,0,,0,0.0,0,51,4.116134846898241,9.762787670432992,9.23853902633486,19.797585697222363,14.111166752428469
51023,2017,47687.0,1211425.0,64733.0,7.7,28.3,61.24232369438143,3.8,47.2,11.5168082318789,10354.0,413716495.0,39957.0,29.0,860.0,3.5,17435.0,0,,0,0.0,0,51,4.1148385141320265,9.766234959109752,9.245128197461847,19.840691502524617,14.00730791059522
51023,2018,49498.0,1258822.0,68410.0,8.0,28.7,61.37719019502066,3.9,47.0,11.586604325656843,10764.0,451164719.0,41914.0,29.0,886.0,2.7,17354.0,0,,0,0.0,0,51,4.1170382709365585,9.761578306353435,9.283962511846797,19.927343061385162,14.045686920981854
51023,2019,51240.0,1288173.0,71110.0,6.5,28.3,61.60073603854596,3.2,47.2,11.881601121688,11424.0,485872450.0,42530.0,29.0,887.0,2.5,17651.0,0,,0,0.0,0,51,4.120673819145783,9.77854771798028,9.343471684579365,20.001456698859446,14.068735493396932
51023,2020,55062.0,1256247.0,72719.0,6.2,26.9,61.77994221062823,2.8,47.4,11.951627745559977,10545.0,475045043.0,45048.0,28.0,871.0,4.7,17164.0,0,,0,0.0,0,51,4.123578752084175,9.750569446111415,9.263407092912875,19.978920184871505,14.04363926272697
51023,2021,58346.0,1350515.0,72941.0,6.7,27.4,61.96838581426112,3.1,47.1,11.966648477436427,10668.0,504607534.0,47303.0,28.0,908.0,3.0,17171.0,0,,0,0.0,0,51,4.12662434877711,9.750977193313803,9.275003885301905,20.0392915246979,14.115996559150533
51023,2022,59862.0,1366704.0,77680.0,7.2,27.7,62.3231031858054,3.1,47.5,13.3464479880855,10900.0,560164542.0,51392.0,27.0,1027.0,2.4,17646.0,0,,0,0.0,0,51,4.132332194703497,9.77826440778205,9.296518068217235,20.143741123535357,14.127912559706493
51025,2012,27682.0,373188.0,33859.0,26.5,12.3,30.679895590868792,11.1,41.0,11.121508136732556,4066.0,122443024.0,30115.0,,434.0,9.9,6717.0,0,,0,0.0,0,51,3.423607573327319,8.812396905266864,8.310414994188292,18.623156369547672,12.829837593097528
51025,2013,27843.0,362225.0,36293.0,24.0,12.2,30.411455334720273,11.6,41.4,10.786805283985798,4141.0,129557537.0,31288.0,,449.0,9.2,6656.0,0,,0,0.0,0,51,3.4148193576543284,8.803273982501045,8.328692583545568,18.679635641589634,12.800020844688923
51025,2014,28707.0,347111.0,37028.0,23.5,13.3,29.954047266677733,9.8,41.6,10.939802416710576,3980.0,128951876.0,32404.0,,476.0,7.9,6485.0,0,,0,0.0,0,51,3.3996644495444457,8.777247096750544,8.289037098278483,18.67494983846033,12.75739989250301
51025,2015,29710.0,330558.0,36919.0,22.2,13.1,29.899299582857967,10.5,41.7,11.157159908730716,3960.0,131474814.0,33199.0,,548.0,6.7,6355.0,0,,0,0.0,0,51,3.3978350547997875,8.756997183623554,8.283999304248526,18.694325862721055,12.708537414556288
51025,2016,30692.0,699437.0,38858.0,21.9,12.4,29.268818191772304,6.8,42.6,11.25930633755677,3940.0,135073822.0,34281.0,,597.0,5.9,6216.0,0,,0,0.0,0,51,3.3765227237961506,8.734881892047483,8.27893600229198,18.721332016575495,13.458031004699972
51025,2017,31335.0,834403.0,40871.0,20.9,13.1,29.02510269605852,7.8,43.4,11.571047822630142,3785.0,134669392.0,35579.0,,638.0,5.2,6176.0,0,,0,0.0,0,51,3.3681610657709267,8.728426091704613,8.23880116587155,18.7183333846763,13.634471778060128
51025,2018,31787.0,793619.0,41927.0,21.4,14.3,29.431295188914827,7.1,43.2,11.7170034468442,3605.0,124329162.0,34489.0,,667.0,5.0,6023.0,0,,0,0.0,0,51,3.3820585704144466,8.70334075304372,8.190077049719049,18.638443138779323,13.584358776198464
51025,2019,33379.0,819800.0,44434.0,20.4,13.6,29.175217312983676,9.6,43.3,12.12071979365678,3523.0,129667317.0,36802.0,,631.0,4.6,6066.0,0,,0,0.0,0,51,3.3733196267475756,8.710454688248527,8.167068178341237,18.6804826283262,13.616815687052375
51025,2020,36716.0,876467.0,46111.0,19.5,14.8,28.850263318698627,6.9,44.6,12.2486114343247,3274.0,123561800.0,37737.0,,574.0,8.2,5906.0,0,,0,0.0,0,51,3.3621191200770535,8.683724062303869,8.09376775793108,18.632251993729845,13.68365433289136
51025,2021,40344.0,815307.0,49597.0,17.8,16.1,28.334575458202792,6.9,43.3,12.158764258234664,3114.0,127519375.0,40947.0,,577.0,6.1,5754.0,0,,0,0.0,0,51,3.3440828065625503,8.657650544111494,8.043663352393944,18.663778871802197,13.611320008410784
51025,2022,42244.0,817994.0,52678.0,17.2,16.0,28.19505716717823,5.2,44.6,13.457168788489794,3153.0,143354687.0,45471.0,14.0,712.0,4.5,5840.0,0,,0,0.0,0,51,3.339146684821489,8.672486075822272,8.056109659545061,18.78083244595726,13.614610280594658
51027,2012,32169.0,1140068.0,29821.0,25.0,7.6,47.86876508887271,10.4,43.9,10.714058865721642,8392.0,385545264.0,45942.0,,601.0,8.9,8569.0,0,,0,0.0,0,51,3.8684632058891433,9.055906318669118,9.035034150076132,19.77016916041731,13.946598467714548
51027,2013,31335.0,1084577.0,29848.0,25.9,8.3,47.56847912117632,11.4,44.8,10.958068789328276,7689.0,349850471.0,45500.0,,576.0,10.8,8159.0,0,,0,0.0,0,51,3.8621703385472697,9.0068768914288,8.94754601503218,19.673016395446542,13.896700607189695
51027,2014,31790.0,1001032.0,29678.0,24.0,8.6,47.09716935730849,11.2,45.3,11.297868876207362,7344.0,340316860.0,46343.0,,566.0,10.3,7788.0,0,,0,0.0,0,51,3.8522129006454353,8.960339366492091,8.901638932300326,19.645387682763385,13.816542025818359
51027,2015,31232.0,950423.0,29679.0,26.1,9.9,46.705405545148295,10.6,45.5,11.232867607133509,6872.0,307253972.0,44712.0,,577.0,10.7,7298.0,0,,0,0.0,0,51,3.8438599084077283,8.895355616996392,8.835210463664092,19.543185233910258,13.764662427634395
51027,2016,30994.0,890966.0,30335.0,23.9,9.9,46.05312874114554,9.7,45.9,11.353329131743251,6489.0,268554142.0,41384.0,,590.0,10.6,6860.0,0,,0,0.0,0,51,3.8297957026549203,8.83346272071993,8.77786371462117,19.40856309776783,13.700061546353366
51027,2017,33401.0,938410.0,30828.0,26.5,10.8,44.96533785154339,8.6,46.3,11.440578146643997,6591.0,287380293.0,43601.0,,584.0,7.0,7055.0,0,,0,0.0,0,51,3.8058919229942814,8.861491864286915,8.79346036105272,19.476316959320805,13.751942232701111
51027,2018,34970.0,971171.0,30806.0,27.7,10.6,44.0247069726004,8.1,46.5,11.18195564905387,6625.0,302865022.0,45713.0,,579.0,5.5,6956.0,0,,0,0.0,0,51,3.784750998428271,8.847359875474174,8.798605650854423,19.528797792274343,13.786257838874501
51027,2019,36970.0,1011411.0,31956.0,28.4,11.8,43.32867989515844,7.2,46.8,10.972725394088512,6451.0,323797965.0,50193.0,,550.0,5.5,6826.0,0,,0,0.0,0,51,3.768814768986267,8.828494129466652,8.771990436532242,19.595630314444392,13.826856943582323
51027,2020,39666.0,927636.0,34302.0,24.9,11.8,42.50537929498423,6.5,47.6,10.814283664139614,5680.0,275854706.0,48570.0,,531.0,9.8,6384.0,0,,0,0.0,0,51,3.749630639567544,8.761550139129644,8.644706511715198,19.43538485753357,13.740394693442255
51027,2021,43420.0,1011414.0,37093.0,25.2,11.3,40.99599486133152,5.8,47.8,11.145614291553938,5611.0,285064329.0,50802.0,,525.0,6.6,6145.0,0,,0,0.0,0,51,3.713474375623702,8.723394022000136,8.632484235750972,19.468225428552422,13.82685990973115
51027,2022,45961.0,1137003.0,39591.0,25.3,10.9,40.262183456828424,6.0,47.6,13.3464479880855,5872.0,324326894.0,55230.0,10.0,645.0,4.6,6305.0,0,,0,0.0,0,51,3.695412652641399,8.74909824839902,8.677950570294351,19.597262497225465,13.94390641125162
51029,2012,25263.0,660460.0,37843.0,24.7,13.7,29.451902357221847,7.4,41.4,11.028708981355727,3198.0,108026819.0,33781.0,,337.0,8.4,6460.0,0,,0,0.0,0,51,3.382758504181874,8.773384596776648,8.0702808933939,18.49789007833525,13.400691840928994
51029,2013,25314.0,586162.0,38648.0,23.0,11.9,29.54679162145049,10.8,42.0,10.812306863100051,3170.0,106717475.0,33665.0,,349.0,7.7,6406.0,0,,0,0.0,0,51,3.3859751633872586,8.764990330169104,8.061486866871327,18.485695479806708,13.281351480865693
51029,2014,26421.0,526198.0,38484.0,22.2,11.2,29.45362761657146,11.2,42.3,10.998926150886913,3168.0,110296438.0,34819.0,,361.0,6.7,6322.0,0,,0,0.0,0,51,3.382817081342656,8.751790892775563,8.060855752934316,18.518682189957943,13.173432846744923
51029,2015,27360.0,530812.0,40331.0,19.1,10.4,29.446726579173017,11.2,42.2,11.172145764881945,3228.0,115088882.0,35651.0,,397.0,5.8,6317.0,0,,0,0.0,0,51,3.382582752109012,8.7509996908987,8.07961802938984,18.56121527476073,13.182163188569726
51029,2016,27698.0,535290.0,43514.0,17.6,11.9,29.38116672388777,8.7,42.4,11.279437119326031,3286.0,118975472.0,36205.0,,413.0,5.3,6273.0,0,,0,0.0,0,51,3.380353881457855,8.744009988096744,8.097426298597213,18.594427912183583,13.190563935093584
51029,2017,28867.0,503385.0,46610.0,16.6,11.4,29.412221392180776,8.4,42.7,11.5477832412064,3245.0,119224794.0,36736.0,,422.0,5.3,6377.0,0,,0,0.0,0,51,3.381410281579574,8.760453046315272,8.08487062913819,18.59652129432153,13.129110563861571
51029,2018,29712.0,525472.0,46261.0,17.1,11.3,29.33630998079786,6.9,42.7,11.63294842081019,3244.0,120168214.0,37049.0,,437.0,4.5,6338.0,0,,0,0.0,0,51,3.378825997279802,8.754318540250866,8.084562415235304,18.604403102498598,13.172052185291564
51029,2019,31180.0,520517.0,49025.0,15.8,12.5,29.431199245026505,7.0,43.5,11.947064804878307,3245.0,125564869.0,38700.0,,436.0,4.1,6552.0,0,,0,0.0,0,51,3.3820553104816407,8.787525625532906,8.08487062913819,18.648333067459504,13.162577827406784
51029,2020,33787.0,546925.0,48603.0,16.2,12.6,29.479506506815635,5.8,42.9,12.024895154111933,3110.0,124888544.0,40164.0,,431.0,7.6,6276.0,0,,0,0.0,0,51,3.3836953272493946,8.744488113852924,8.04237800517328,18.642932249512043,13.212066960486107
51029,2021,37715.0,490465.0,49841.0,14.8,11.8,29.039565372664644,7.0,43.0,12.006795428819348,2962.0,125425601.0,42345.0,,443.0,5.1,6284.0,0,,0,0.0,0,51,3.3686592233385575,8.745761999375512,7.993619994827744,18.6472233200313,13.103109199682182
51029,2022,39790.0,498843.0,59894.0,14.0,12.2,29.10339996860028,5.0,43.3,13.383735852159363,2956.0,134508544.0,45500.0,,562.0,3.8,6436.0,0,,0,0.0,0,51,3.3708550047614327,8.769662508112274,7.991592282068092,18.717138279152163,13.12004669596897
51033,2012,36109.0,684419.0,58044.0,10.0,16.7,54.06143396484015,10.9,38.6,11.078563954272488,5337.0,185702176.0,34798.0,,463.0,7.6,14477.0,0,,0,0.0,0,51,3.9901210659282538,9.580316462154043,8.582418976333944,19.039654744078728,13.436325582157789
51033,2013,36750.0,760359.0,57218.0,12.7,16.8,54.52980205285543,12.3,38.8,10.746684803862737,5588.0,194305984.0,34773.0,,474.0,6.9,14579.0,0,,0,0.0,0,51,3.998747378871881,9.587337416104821,8.628376720376853,19.084944711608888,13.541545969152725
51033,2014,37569.0,741278.0,58417.0,12.5,19.3,55.09867017595091,11.6,39.1,10.883366139617726,5512.0,197434331.0,35820.0,,482.0,6.1,14819.0,0,,0,0.0,0,51,4.009125581129888,9.603665420190179,8.614682812693495,19.100916585748827,13.516131002611006
51033,2015,41767.0,739852.0,59227.0,13.3,19.2,55.652368482430504,8.6,39.1,11.136121027576754,5614.0,207687476.0,36996.0,,523.0,5.0,14790.0,0,,0,0.0,0,51,4.019124637147074,9.601706555704846,8.633018756921828,19.15154498852085,13.514205445177685
51033,2016,39605.0,760637.0,57294.0,13.1,18.8,56.20417056183312,7.1,39.8,11.229389453977756,5725.0,215658038.0,37667.0,,553.0,4.4,14875.0,0,,0,0.0,0,51,4.02899096343156,9.607437230413831,8.65259782842244,19.1892045537231,13.54191151909907
51033,2017,41157.0,748746.0,60925.0,11.9,19.2,56.67633110400236,6.3,40.2,11.491582934592548,5728.0,223226934.0,38971.0,,572.0,4.2,15163.0,0,,0,0.0,0,51,4.037356682734502,9.62661352880094,8.653121708640482,19.223699453234154,13.526155086160465
51033,2018,41790.0,744805.0,64715.0,8.3,20.1,57.23571809171291,5.4,40.0,11.7136092600738,5858.0,228330515.0,38975.0,,604.0,3.5,15207.0,0,,0,0.0,0,51,4.047178145665683,9.629511127140459,8.675563527387679,19.24630476441652,13.520877718134061
51033,2019,43292.0,736504.0,65103.0,8.8,19.9,57.60927482587894,3.7,40.1,12.129617939764282,5915.0,231536267.0,39146.0,,600.0,3.2,15263.0,0,,0,0.0,0,51,4.053683576021931,9.633186877915122,8.685246776412487,19.26024708012765,13.509669945963081
51033,2020,46607.0,784450.0,67901.0,8.2,21.8,57.98852024127593,3.0,39.5,12.197910826297328,5592.0,237569309.0,42484.0,,601.0,6.9,14907.0,0,,0,0.0,0,51,4.060245064081758,9.60958618027043,8.629092283913646,19.285969966234067,13.572738114261101
51033,2021,50828.0,804007.0,76528.0,10.8,22.0,58.5194638228317,4.1,39.5,12.105754590834383,5516.0,249628420.0,45253.0,,619.0,4.3,14855.0,0,,0,0.0,0,51,4.069359413820676,9.606091787896707,8.615408238913192,19.335484050157227,13.597363254590864
51033,2022,51532.0,825141.0,83562.0,11.6,22.3,59.12625648746688,4.6,39.2,13.405271630284828,5495.0,259534935.0,47228.0,,836.0,3.1,15355.0,0,,0,0.0,0,51,4.079675097959937,9.639196432874924,8.611593866837723,19.37440187578664,13.623309559804433
51037,2012,28705.0,261506.0,33562.0,16.7,14.6,26.396182589375883,8.4,43.5,11.121508136732556,2655.0,75451220.0,28422.0,,296.0,8.5,5354.0,0,,0,0.0,0,51,3.2732194008095665,8.585599224080298,7.884199933676039,18.13899691269618,12.474212506774562
51037,2013,29584.0,266081.0,33015.0,17.9,15.6,26.253113849054063,7.1,43.8,10.786805283985798,2711.0,80091690.0,29542.0,,299.0,7.6,5312.0,0,,0,0.0,0,51,3.267784604823609,8.57772369115627,7.905072849498666,18.198682661338317,12.491556052687882
51037,2014,30233.0,262614.0,34820.0,19.3,15.4,26.08690163603313,6.4,44.1,10.939802416710576,2758.0,83371672.0,30233.0,,303.0,6.6,5317.0,0,,0,0.0,0,51,3.26143333533272,8.57866451350434,7.922261058353247,18.238819145361415,12.478440552453355
51037,2015,32202.0,273908.0,35079.0,21.3,14.0,25.905961758567297,4.9,44.6,11.157159908730716,2817.0,92329573.0,32781.0,,330.0,5.6,5271.0,0,,0,0.0,0,51,3.2544731259457493,8.569975376855206,7.943427767876373,18.340875049022422,12.520547562564683
51037,2016,33417.0,286219.0,33837.0,24.7,13.0,25.735541641419243,7.0,44.7,11.25930633755677,2909.0,99766738.0,34299.0,,348.0,4.9,5259.0,0,,0,0.0,0,51,3.247872979761776,8.567696173589344,7.975564658495202,18.418345399156234,12.564512531042817
51037,2017,34361.0,276509.0,38350.0,22.7,11.9,25.617720325860095,6.8,45.2,11.571047822630142,2903.0,97714313.0,33657.0,,356.0,4.5,5371.0,0,,0,0.0,0,51,3.2432843122543447,8.58876938990546,7.97349996402463,18.397558605771238,12.529998649143549
51037,2018,35140.0,266306.0,39212.0,24.1,10.2,25.447300208712043,5.8,45.8,11.7170034468442,2821.0,97076215.0,34411.0,,363.0,3.7,5230.0,0,,0,0.0,0,51,3.236609655197005,8.56216655705897,7.944846711001996,18.391006949599483,12.492401302528302
51037,2019,36395.0,260298.0,40573.0,23.7,10.9,25.331582845216456,6.0,46.2,12.12071979365678,2792.0,98509575.0,35281.0,,358.0,3.5,5283.0,0,,0,0.0,0,51,3.23205195101569,8.572249397164315,7.934513463882263,18.40566430953974,12.469582407510957
51037,2020,39435.0,259608.0,40924.0,24.1,13.9,25.148539015687067,5.5,46.1,12.2486114343247,2622.0,97310345.0,37119.0,,343.0,5.8,5070.0,0,,0,0.0,0,51,3.2247998040308588,8.531096096585228,7.871692664323645,18.393415862162353,12.466928079978235
51037,2021,44749.0,271526.0,45567.0,19.1,15.1,24.416363697569516,4.1,46.6,12.158764258234664,2866.0,112387919.0,39215.0,,347.0,3.7,5250.0,0,,0,0.0,0,51,3.1952535508614153,8.565983355585669,7.960672608388117,18.53746700744083,12.511813178043582
51037,2022,46695.0,291313.0,51548.0,20.3,16.6,24.327997710900156,3.6,45.4,13.457168788489794,3022.0,132097914.0,43717.0,,639.0,3.0,5432.0,0,,0,0.0,0,51,3.1916278562818396,8.600062669238532,8.013674142832684,18.6990539783005,12.582153569483502
51041,2012,45533.0,15674318.0,72363.0,6.4,36.4,748.2656680188711,6.9,37.5,11.0931723907492,117645.0,5159465436.0,43856.0,382.0,7814.0,6.0,172730.0,0,,0,0.0,0,51,6.617758086064359,12.05948496068733,11.675426894314876,22.364098813398854,16.567534134764795
51041,2013,45576.0,16159059.0,72088.0,6.7,36.3,756.612657199662,7.4,37.9,10.75946646071212,122389.0,5353403547.0,43741.0,388.0,7900.0,5.5,174719.0,0,,0,0.0,0,51,6.628851441109571,12.070934248079075,11.714959775740832,22.400998372588862,16.59799137916376
51041,2014,46443.0,15551359.0,72514.0,7.2,36.6,765.8380282687849,7.4,38.0,10.912454565193537,124399.0,5478377672.0,44039.0,272.0,8013.0,5.0,178043.0,0,,0,0.0,0,51,6.64097069603537,12.089780373133863,11.731249420669698,22.424074848820812,16.559658588269144
51041,2015,48524.0,15757394.0,72609.0,7.4,36.9,774.9028349067074,6.8,38.2,11.12969535789322,131126.0,5832100713.0,44477.0,402.0,8473.0,4.2,178675.0,0,,0,0.0,0,51,6.652737647179404,12.09332379208818,11.78391397198029,22.486643100536583,16.572820273391358
51041,2016,49429.0,15707765.0,73869.0,7.4,37.7,783.5520630168168,6.4,38.6,11.2417094507521,134066.0,6013852539.0,44857.0,355.0,8871.0,3.8,180972.0,0,,0,0.0,0,51,6.6638375088759965,12.106097602148685,11.806087494989793,22.517331401591253,16.569665734038463
51041,2017,50879.0,15681862.0,76969.0,7.2,38.4,792.4185253573739,5.6,38.8,11.55578940355895,135816.0,6277939046.0,46224.0,241.0,9034.0,3.6,185395.0,0,,0,0.0,0,51,6.675089693346389,12.13024396303394,11.81905630749047,22.560307586176,16.568015315836313
51041,2018,52090.0,15989383.0,80214.0,7.1,39.9,801.5163893781906,4.9,38.8,11.692904121985697,138428.0,6559889505.0,47389.0,252.0,9354.0,2.9,186885.0,0,,0,0.0,0,51,6.686505420222565,12.138248733401074,11.838105613842094,22.60423959601055,16.587435497449018
51041,2019,54274.0,16023932.0,82599.0,6.8,40.5,811.206925049468,4.9,38.9,12.099282954018316,137108.0,6651812222.0,48515.0,250.0,9406.0,2.7,190204.0,0,,0,0.0,0,51,6.698523169597162,12.155852459366505,11.828524215416218,22.618155169075283,16.58959391268424
51041,2020,58212.0,15898229.0,84645.0,6.6,40.1,822.8927099025752,4.7,39.0,12.234671176288956,131601.0,6852625293.0,52071.0,221.0,9414.0,6.1,186767.0,0,,0,0.0,0,51,6.712825827540436,12.13761712964184,11.787529896628678,22.647897670249872,16.581718277339043
51041,2021,62396.0,16795636.0,88315.0,6.9,41.4,849.5700178982116,4.7,38.9,12.151613242956484,135766.0,7376119340.0,54330.0,210.0,9824.0,3.6,186665.0,0,,0,0.0,0,51,6.744730360197149,12.137070845431934,11.818688094570874,22.7215135025709,16.636629648724757
51041,2022,62929.0,17360574.0,95757.0,6.7,42.3,864.2593021114224,4.7,38.9,13.444412732541378,140474.0,8078005151.0,57505.0,567.0,10714.0,2.7,193562.0,0,,0,0.0,0,51,6.761872841962118,12.173353153567243,11.852777697250666,22.812410791745265,16.66971233116599
51043,2012,52881.0,499700.0,80186.0,7.9,31.2,80.38855700749717,5.9,44.7,11.088179610215969,3719.0,149341645.0,40152.0,,440.0,5.1,7728.0,0,,0,0.0,0,51,4.386871840278248,8.952605375892354,8.22121009392507,18.821747158644417,13.121763197332296
51043,2013,52957.0,489230.0,77597.0,6.7,31.3,80.66138814207682,6.3,45.3,10.759156932704103,3744.0,156921794.0,41911.0,,441.0,4.6,7626.0,0,,0,0.0,0,51,4.390259999092286,8.939318740417509,8.227909837597483,18.871258111817383,13.100588005526488
51043,2014,53743.0,458549.0,75508.0,9.5,32.2,81.12747466365037,6.2,45.3,10.943851026681646,3797.0,155820635.0,41034.0,,419.0,4.3,7572.0,0,,0,0.0,0,51,4.396021678887516,8.932212512329214,8.241966560231802,18.864216128073675,13.035822435197447
51043,2015,57061.0,453685.0,71295.0,11.1,31.0,81.275258194881,6.0,45.7,11.24918476415027,3752.0,162757671.0,43376.0,,438.0,3.9,7461.0,0,,0,0.0,0,51,4.3978416429905955,8.917444732471514,8.230044310126114,18.90777297158275,13.025158403611133
51043,2016,60489.0,470233.0,71986.0,11.3,30.0,81.32073005064429,4.8,45.4,11.24663806266901,3842.0,164024993.0,42695.0,,456.0,3.5,7446.0,0,,0,0.0,0,51,4.398400966224082,8.915432254432663,8.253748343328501,18.915529370518794,13.060983595526295
51043,2017,61770.0,477067.0,72129.0,10.4,31.5,81.4571456179341,3.3,46.0,11.50169465182933,3995.0,173671114.0,43468.0,,458.0,3.4,7521.0,0,,0,0.0,0,51,4.4000770613158195,8.925454386826402,8.292798858200374,18.972673919166937,13.075412221222658
51043,2018,62873.0,470808.0,77936.0,10.0,32.2,81.65040100492801,3.8,46.6,11.712801444690426,3870.0,171415202.0,44293.0,,466.0,2.9,7532.0,0,,0,0.0,0,51,4.402446730671138,8.926915889777042,8.261009786023827,18.959599253310472,13.06220564657733
51043,2019,67254.0,464556.0,80026.0,7.6,32.2,81.98007195921174,4.4,47.0,12.144547827194245,3953.0,173589785.0,43918.0,,466.0,2.4,7698.0,0,,0,0.0,0,51,4.406476192841258,8.948715833843691,8.282230063296685,18.972205516293357,13.048837389710947
51043,2020,68703.0,431504.0,86154.0,6.0,34.7,82.40637060699244,3.0,48.1,12.131760256684206,3654.0,165882482.0,45393.0,,453.0,4.7,7411.0,0,,0,0.0,0,51,4.411662747118571,8.910720661951359,8.203577736937952,18.9267901558541,12.975032059451067
51043,2021,75699.0,461715.0,86633.0,5.8,35.2,83.70231849624574,3.7,47.6,12.065041721446295,3664.0,174865037.0,47732.0,,460.0,3.1,7458.0,0,,0,0.0,0,51,4.42726667718641,8.917042560738766,8.20631072579402,18.979525017204,13.042703096596316
51043,2022,77039.0,452177.0,107475.0,5.4,34.5,84.58901968362957,3.5,48.4,13.368284062870805,3828.0,191668763.0,50069.0,,561.0,2.5,7670.0,0,,0,0.0,0,51,4.437804467214955,8.945071894361302,8.250097752572845,19.071279247425007,13.021828975082226
51045,2012,32763.0,92664.0,47691.0,8.3,14.1,15.80625300977147,4.3,45.0,10.771986110155678,645.0,19234697.0,29814.0,,75.0,6.9,2461.0,0,,0,0.0,0,51,2.7604056218526623,7.8083230503910555,6.4692503167957724,16.772226341510017,11.436735326612181
51045,2013,33513.0,97670.0,47806.0,8.7,14.6,15.84587531774043,6.0,44.7,10.998769826455083,658.0,21282669.0,32344.0,,74.0,6.9,2456.0,0,,0,0.0,0,51,2.7629092341377683,7.806289289267033,6.489204931325317,16.873403637505252,11.489349728441523
51045,2014,33959.0,100438.0,46658.0,10.4,13.1,15.867210406646794,6.6,46.1,11.334563021540804,666.0,22459435.0,33744.0,,75.0,6.2,2466.0,0,,0,0.0,0,51,2.764254741308563,7.81035268372429,6.501289670540389,16.927221351125567,11.517295900687763
51045,2015,36050.0,96972.0,44330.0,11.8,14.7,15.885497625709393,4.1,47.1,11.27455679766671,667.0,22714925.0,34038.0,,90.0,5.4,2389.0,0,,0,0.0,0,51,2.7654065939987884,7.77863014732581,6.502790045915623,16.93853275538723,11.482177556021448
51045,2016,35256.0,98207.0,40500.0,12.9,13.0,15.833683838365364,5.6,47.0,11.391699401071005,692.0,23728222.0,34298.0,,102.0,4.7,2353.0,0,,0,0.0,0,51,2.7621395592873803,7.763446388727362,6.539585955617669,16.982175699351146,11.49483277489776
51045,2017,37468.0,97370.0,53526.0,9.3,19.2,15.63862016836433,4.1,47.5,11.479839030277684,708.0,24368192.0,34439.0,,113.0,4.3,2309.0,0,,0,0.0,0,51,2.7497435066960176,7.744569809354496,6.56244409369372,17.008789233271855,11.486273433972801
51045,2018,39017.0,101228.0,55484.0,8.5,18.5,15.58375851117654,1.4,48.3,11.222929463176689,733.0,24736058.0,33727.0,,126.0,3.6,2299.0,0,,0,0.0,0,51,2.746229250834052,7.740229524763182,6.597145701886651,17.02377257512721,11.52513067740859
51045,2019,40243.0,100250.0,55708.0,8.9,23.6,15.57461490164524,1.9,46.3,11.026724329833334,739.0,25523444.0,34530.0,,124.0,3.1,2352.0,0,,0,0.0,0,51,2.7456423389518028,7.763021309018518,6.6052979209482015,17.055107960313585,11.515422345168815
51045,2020,42679.0,98617.0,57792.0,11.9,21.7,15.553279812738875,1.7,47.9,10.814283664139614,723.0,26266171.0,36325.0,,122.0,5.3,2252.0,0,,0,0.0,0,51,2.744271536818024,7.719573989259581,6.583409222158765,17.083792395423572,11.49899893952228
51045,2021,46919.0,110008.0,60283.0,14.2,20.7,14.977232412267066,1.4,49.2,11.145614291553938,746.0,29018363.0,38916.0,,126.0,3.3,2248.0,0,,0,0.0,0,51,2.706531208835177,7.717796211013582,6.61472560020376,17.1834393944564,11.608308369402781
51045,2022,47694.0,102582.0,66286.0,10.9,16.0,14.928466494766807,1.9,46.1,13.02587405093559,772.0,32896256.0,42603.0,,165.0,2.9,2310.0,0,,0,0.0,0,51,2.7032698932661656,7.745002803515839,6.648984550024776,17.30886940986786,11.538417757731164
51047,2012,40383.0,1737931.0,65567.0,8.4,22.3,123.66985155081792,6.5,37.9,11.08038466654875,15006.0,563435057.0,37549.0,97.0,1219.0,5.6,23329.0,0,,0,0.0,0,51,4.817615527387901,10.057452500830639,9.616205400105674,20.149562635467873,14.368205883213854
51047,2013,39805.0,1780378.0,64423.0,9.1,22.6,124.81967999957804,6.9,38.1,10.749552439905257,15446.0,587672005.0,38047.0,96.0,1241.0,5.2,23387.0,0,,0,0.0,0,51,4.826870135807514,10.05993559141207,9.64510534912921,20.191679535600592,14.392336259273732
51047,2014,40473.0,1777848.0,65235.0,9.7,21.4,126.34926830297452,7.2,38.4,10.886947730436,15337.0,595282132.0,38813.0,102.0,1262.0,4.9,23431.0,0,,0,0.0,0,51,4.839050042784388,10.061815210915432,9.638023488650779,20.204546022554727,14.390914202087732
51047,2015,42138.0,1776638.0,66697.0,9.3,21.9,127.70480000632932,7.3,38.9,11.139225094474964,15575.0,615287074.0,39504.0,103.0,1343.0,4.3,23196.0,0,,0,0.0,0,51,4.8497213504787435,10.05173512899633,9.653422343655654,20.237599503851506,14.390233372259319
51047,2016,43743.0,1789974.0,66160.0,9.2,22.3,129.09725280666268,6.4,38.9,11.231487271565893,15481.0,634244641.0,40969.0,105.0,1406.0,3.8,23481.0,0,,0,0.0,0,51,4.860566018049597,10.063946862472948,9.647368744540465,20.267945307058344,14.397711652571783
51047,2017,44879.0,1739155.0,69693.0,8.9,23.4,131.32043028901307,5.9,38.8,11.49375825634519,15769.0,655585584.0,41575.0,104.0,1447.0,3.6,24132.0,0,,0,0.0,0,51,4.87764036927296,10.091294039560653,9.665801266405587,20.301039415574493,14.368909921049303
51047,2018,46520.0,1826013.0,73116.0,8.2,24.7,133.04781018336598,5.3,38.8,11.716333647191762,15951.0,678380345.0,42530.0,100.0,1488.0,2.9,24379.0,0,,0,0.0,0,51,4.890708538688975,10.101477384966797,9.677276802172448,20.33521866943971,14.417645459498345
51047,2019,48844.0,1850965.0,77935.0,7.8,25.7,134.76464119286788,5.1,39.2,12.131695095125304,16058.0,707518333.0,44059.0,110.0,1485.0,2.6,25117.0,0,,0,0.0,0,51,4.9035298583791604,10.131300186698601,9.68396244674463,20.37727409951344,14.431217682678861
51047,2020,51631.0,1830302.0,80663.0,7.8,25.2,136.96408368430352,4.0,39.8,12.197910826297328,15517.0,722673373.0,46574.0,109.0,1471.0,5.1,24655.0,0,,0,0.0,0,51,4.919718728569132,10.112734998658226,9.649691476083484,20.398467911794192,14.419991538524497
51047,2021,54590.0,1932297.0,85274.0,7.2,26.5,137.19088470860024,4.2,39.0,12.105754590834383,15896.0,781318762.0,49151.0,106.0,1540.0,3.2,24788.0,0,,0,0.0,0,51,4.921373275100721,10.118114944081999,9.673822784231653,20.47649377050176,14.474220008647935
51047,2022,56882.0,1976326.0,92359.0,7.3,26.8,139.30329890001502,3.9,39.5,13.405271630284828,16252.0,835840519.0,51430.0,124.0,1684.0,2.7,25528.0,0,,0,0.0,0,51,4.936653562486789,10.14753116795808,9.695971257107617,20.543948386104272,14.496750123439371
51049,2012,30641.0,144981.0,43137.0,14.4,15.0,33.45166300248089,9.1,41.8,11.093479727250877,1243.0,35314190.0,28412.0,,180.0,7.0,4520.0,0,,0,0.0,0,51,3.5101015014066226,8.416267272826277,7.1252830915107115,17.379795424132837,11.884357978334185
51049,2013,31243.0,142592.0,40557.0,16.3,14.0,33.42476989585644,9.2,42.4,10.782527119012723,1279.0,35829537.0,28006.0,,185.0,6.5,4508.0,0,,0,0.0,0,51,3.509297238771534,8.413608875159667,7.153833801578843,17.394283167065353,11.867742684406846
51049,2014,32828.0,150400.0,41484.0,18.5,16.4,33.33400566099895,10.3,43.5,10.93844773757957,1287.0,37628597.0,29247.0,,192.0,6.0,4553.0,0,,0,0.0,0,51,3.506578066946542,8.423541635334782,7.160069207596127,17.443274877792703,11.921053690497876
51049,2015,34320.0,151120.0,39301.0,20.5,14.5,33.14239227629978,10.1,44.3,11.1599697998891,1330.0,39663955.0,29815.0,,210.0,5.1,4573.0,0,,0,0.0,0,51,3.500813196366502,8.427924723658055,7.1929342212158,17.495953398726414,11.925829502175391
51049,2016,35131.0,153146.0,37489.0,22.8,15.1,32.83984482677478,8.5,44.4,11.2647283355128,1359.0,43786104.0,32209.0,,217.0,4.5,4609.0,0,,0,0.0,0,51,3.4916425594444034,8.435766192720509,7.214504414151143,17.594827064735014,11.939146993735049
51049,2017,36741.0,157836.0,43020.0,21.8,16.7,32.933970699960334,7.0,44.5,11.568969860838507,1361.0,46483117.0,34145.0,,217.0,4.1,4731.0,0,,0,0.0,0,51,3.494504669136103,8.461891875631148,7.215975002651466,17.654599729360985,11.96931179825678
51049,2018,37294.0,147564.0,46221.0,19.4,17.5,32.89699267835172,7.0,45.5,11.721345831222052,1306.0,44048953.0,33728.0,,233.0,3.3,4667.0,0,,0,0.0,0,51,3.4933812456405295,8.448271745949816,7.174724309836376,17.60081214161904,11.902017258960447
51049,2019,38312.0,144707.0,47469.0,17.8,14.9,33.024734934817836,4.7,45.6,12.136392122918169,1250.0,42863176.0,34304.0,,232.0,3.0,4687.0,0,,0,0.0,0,51,3.4972568241783843,8.452547997922705,7.1308988302963465,17.57352364699086,11.882466287399739
51049,2020,40781.0,129568.0,50565.0,10.5,16.5,33.17600865958033,2.3,44.9,12.258476213990033,1204.0,43790360.0,36363.0,,230.0,6.3,4564.0,0,,0,0.0,0,51,3.501826983963468,8.425954710981966,7.093404625868766,17.594924259798823,11.771961118831888
51049,2021,45411.0,154248.0,57568.0,7.1,17.3,32.50368099396922,2.7,45.4,12.172039147890018,1267.0,51477946.0,40646.0,,232.0,4.2,4590.0,0,,0,0.0,0,51,3.481353344275008,8.431635303054591,7.144407180321139,17.756664040906315,11.946316975719231
51049,2022,47153.0,179583.0,56497.0,7.9,18.5,32.59780686715478,3.2,46.3,13.451746225661878,1297.0,57909315.0,44666.0,8.0,293.0,3.3,4719.0,0,,0,0.0,0,51,3.484245012096007,8.459352191726387,7.167809184316444,17.874388810432308,12.09839277558177
51051,2012,28062.0,474628.0,32622.0,20.4,10.0,48.046457719904005,10.1,43.5,10.6353988365697,3593.0,146063896.0,40650.0,,355.0,10.5,5204.0,0,,0,0.0,0,51,3.872168411989202,8.557182839632397,8.186742787113518,18.799554727770094,13.07028661829369
51051,2013,28204.0,480598.0,33318.0,20.9,10.5,47.6591083095527,10.0,43.6,10.837837896410544,3823.0,150925651.0,39477.0,,357.0,10.9,5341.0,0,,0,0.0,0,51,3.8640737620862717,8.58316818033977,8.248790733696413,18.832297896038156,13.082786440811011
51051,2014,28604.0,457508.0,33106.0,20.2,10.2,47.24452339378607,9.5,43.5,11.222272699028196,3791.0,146967128.0,38763.0,,353.0,10.0,5209.0,0,,0,0.0,0,51,3.8553367402121967,8.558143177745192,8.240385115516334,18.805719500688923,13.033549649883627
51051,2015,29123.0,468561.0,33624.0,21.4,11.0,46.79362447079899,8.4,43.4,11.14877125342123,3610.0,140262351.0,38849.0,,370.0,10.0,4927.0,0,,0,0.0,0,51,3.8457469643871214,8.502485562543963,8.191463051326927,18.75902516266078,13.05742157495978
51051,2016,29001.0,426299.0,31226.0,21.5,10.7,46.31246387512823,7.2,43.4,11.28832398041166,3321.0,123470355.0,37177.0,,365.0,9.8,4575.0,0,,0,0.0,0,51,3.8354111230317796,8.428361977709622,8.108021221376747,18.631511644732146,12.962896256984658
51051,2017,30044.0,422182.0,29916.0,23.0,9.3,45.94024530111877,5.6,43.9,11.390671425267287,3292.0,126926002.0,38552.0,,344.0,6.7,4676.0,0,,0,0.0,0,51,3.827341536844406,8.450198322591959,8.09925056179696,18.659114813192414,12.953191779664678
51051,2018,31558.0,432140.0,29226.0,24.3,10.0,45.271462334809094,5.6,44.3,11.137369493793884,3258.0,129548365.0,39763.0,,345.0,5.2,4541.0,0,,0,0.0,0,51,3.812676863440159,8.420902531097951,8.08886878916199,18.67956484428295,12.976504888799662
51051,2019,33567.0,465083.0,29932.0,25.7,10.7,44.654124212061696,4.9,44.7,10.954613823220566,3416.0,138261166.0,40472.0,,336.0,4.9,4705.0,0,,0,0.0,0,51,3.7989466706282573,8.45638105201948,8.13622555490846,18.744654961832207,13.04997116326488
51051,2020,37165.0,498241.0,30116.0,23.4,11.4,43.95205340579995,4.9,45.2,10.847042929900969,3318.0,138564051.0,41756.0,,322.0,8.2,4711.0,0,,0,0.0,0,51,3.7830993444459176,8.45765547870004,8.10711747075039,18.746843238782894,13.118839174690624
51051,2021,40635.0,569027.0,33905.0,21.2,10.4,43.1410405778769,4.6,45.3,11.209216437955922,3407.0,152924882.0,44889.0,,321.0,5.3,4652.0,0,,0,0.0,0,51,3.7644747616222816,8.445052513638554,8.133587417660966,18.84545739147253,13.251683163652269
51051,2022,42298.0,628526.0,40143.0,22.5,11.4,42.635670644059175,3.4,45.5,13.054523880922163,3224.0,169202160.0,52486.0,9.0,369.0,4.2,4514.0,0,,0,0.0,0,51,3.7526912419649676,8.414938957377482,8.07837810362652,18.94660477101236,13.351132674494105
51057,2012,35625.0,372654.0,42446.0,12.7,14.8,43.25101521363204,7.5,43.8,11.078563954272488,4060.0,118320115.0,29145.0,,354.0,7.2,5733.0,0,,0,0.0,0,51,3.76702070624996,8.653994232908383,8.308938252595778,18.588904348306848,12.828405654184877
51057,2013,36076.0,378013.0,44885.0,11.1,14.7,43.44531447335186,7.0,44.1,10.746684803862737,4005.0,123711563.0,30888.0,,338.0,6.5,5686.0,0,,0,0.0,0,51,3.7715030086894594,8.645762292210945,8.29529885950246,18.633463309146073,12.84268386554474
51057,2014,36865.0,377471.0,42143.0,12.4,13.7,43.39091068063031,7.9,44.3,10.883366139617726,4040.0,125936316.0,31170.0,,339.0,6.2,5700.0,0,,0,0.0,0,51,3.770249987850675,8.648221453822641,8.303999970955196,18.65128690857225,12.841249023528265
51057,2015,37806.0,365564.0,42760.0,13.9,15.2,43.33262090271437,8.5,44.8,11.136121027576754,3908.0,124070856.0,31752.0,,361.0,5.3,5531.0,0,,0,0.0,0,51,3.7689057209457313,8.618123909994678,8.270781013162674,18.636363379726276,12.809196645442478
51057,2016,38812.0,374667.0,47527.0,13.4,16.7,43.25101521363204,6.2,45.0,11.229389453977756,3979.0,128838769.0,32380.0,,370.0,4.7,5529.0,0,,0,0.0,0,51,3.76702070624996,8.617762246337932,8.288785810426928,18.674072327895445,12.833792910446983
51057,2017,40947.0,358712.0,50629.0,12.3,18.9,43.068373909495406,5.6,44.8,11.491582934592548,3803.0,125907067.0,33107.0,,367.0,4.8,5643.0,0,,0,0.0,0,51,3.7627889437560222,8.63817111796914,8.24354550792826,18.651054629289916,12.790275117100746
51057,2018,42143.0,361568.0,52681.0,13.7,16.5,42.885732605358776,5.1,46.0,11.7136092600738,3714.0,125156707.0,33699.0,,368.0,3.8,5528.0,0,,0,0.0,0,51,3.758539197317546,8.617581365447506,8.219864741912652,18.645077166096048,12.798205408008974
51057,2019,43791.0,371065.0,51954.0,16.8,17.4,42.73806516797171,6.8,46.3,12.129617939764282,3652.0,128073766.0,35072.0,,359.0,3.5,5529.0,0,,0,0.0,0,51,3.7550899790481296,8.617762246337932,8.20303024171486,18.66811695276362,12.824132528399801
51057,2020,47871.0,356757.0,51125.0,15.0,16.2,42.59039773058465,8.0,46.7,12.197910826297328,3476.0,134108791.0,38581.0,,355.0,7.2,5444.0,0,,0,0.0,0,51,3.7516288224823757,8.602269363771356,8.153637486385282,18.71416190165879,12.784810156730325
51057,2021,51792.0,360123.0,54375.0,16.1,15.9,41.273048749684264,8.6,47.1,12.105754590834383,3478.0,138747517.0,39891.0,,364.0,4.7,5409.0,0,,0,0.0,0,51,3.720209714301909,8.595819511871428,8.154212694914229,18.748166414935195,12.794200918744195
51057,2022,53040.0,354380.0,52335.0,17.1,15.3,41.199215030990736,9.9,46.9,13.405271630284828,3516.0,151426384.0,43071.0,,442.0,3.4,5484.0,0,,0,0.0,0,51,3.718419203528121,8.609590040682205,8.165079258805068,18.83561015062772,12.77812506271206
51061,2012,60953.0,2663469.0,88687.0,5.3,32.0,101.0734667296302,5.9,41.0,11.11135478422648,21387.0,922054063.0,43113.0,,2311.0,5.0,35975.0,0,,0,0.0,0,51,4.615847645781601,10.490579531755568,9.970538539785737,20.642114416461244,14.795139966450359
51061,2013,58680.0,2631234.0,88409.0,5.6,33.2,101.87594329577124,6.4,41.5,10.783515508725136,21213.0,907683300.0,42789.0,11.0,2288.0,4.8,35928.0,0,,0,0.0,0,51,4.6237558308631534,10.489272214767574,9.96236948027235,20.626406087178438,14.782963495634245
51061,2014,59046.0,2656783.0,92078.0,5.8,34.3,102.97317567755256,5.4,41.5,10.943855960764187,21076.0,939795472.0,44590.0,14.0,2284.0,4.5,36049.0,0,,0,0.0,0,51,4.634468523996748,10.492634403077314,9.955890231329176,20.66117282657499,14.792626550349105
51061,2015,62068.0,2721576.0,91609.0,5.6,33.5,104.11053188764092,5.0,41.5,11.228471482663531,21549.0,992895630.0,46076.0,17.0,2402.0,3.9,35873.0,0,,0,0.0,0,51,4.6454531413742055,10.487740202378962,9.97808469074291,20.71613611074527,14.8167216822427
51061,2016,63392.0,2747525.0,91221.0,6.0,33.5,104.97782386873952,4.0,41.6,11.242380129183278,22054.0,1037130719.0,47026.0,18.0,2458.0,3.4,35977.0,0,,0,0.0,0,51,4.653749126601299,10.490635124372883,10.001249270318624,20.75972381321579,14.82621106439959
51061,2017,66005.0,2737582.0,94775.0,6.2,35.3,105.5657922758544,4.0,41.6,11.517093035352,22116.0,1056801653.0,47785.0,11.0,2450.0,3.2,36269.0,0,,0,0.0,0,51,4.659334382011626,10.498718660901549,10.004056607457823,20.77851287532711,14.82258560699617
51061,2018,67724.0,2887265.0,97469.0,6.1,35.9,106.6599382093044,3.4,41.4,11.730416609814627,22417.0,1104268120.0,49260.0,12.0,2489.0,2.6,36835.0,0,,0,0.0,0,51,4.669645625848309,10.514203759116914,10.017574878573896,20.822448617633878,14.875820245218838
51061,2019,70748.0,2816993.0,100783.0,5.8,36.4,107.60593462285144,3.2,41.3,12.154597186513106,22249.0,1127959683.0,50697.0,95.0,2438.0,2.4,37773.0,0,,0,0.0,0,51,4.678475800694198,10.53934984066981,10.010052342764158,20.84367624736224,14.851180561942394
51061,2020,73040.0,2828430.0,105665.0,5.5,36.7,108.57044972638636,2.9,41.2,12.15583200201329,21370.0,1173338014.0,54907.0,84.0,2427.0,4.9,36446.0,0,,0,0.0,0,51,4.687399268506401,10.503586992046001,9.969743348313193,20.883118527084896,14.85523234535941
51061,2021,79746.0,2970116.0,111368.0,5.9,37.7,111.75412118013438,2.9,40.9,12.102807275750186,21813.0,1256893182.0,57622.0,97.0,2503.0,3.0,36584.0,0,,0,0.0,0,51,4.716301111383116,10.507366265337891,9.990261401318167,20.951908784423356,14.904111567255226
51061,2022,81846.0,3006503.0,122785.0,5.8,39.4,113.1028991009176,2.3,40.8,13.397568357360717,22350.0,1376862586.0,61606.0,234.0,2885.0,2.5,37720.0,0,,0,0.0,0,51,4.728298015869748,10.537945736747394,10.014581600041716,21.04307325941124,14.91628816729928
51063,2012,32181.0,316669.0,44038.0,12.8,18.2,40.081591292728454,7.0,44.2,10.714058865721642,2907.0,77202263.0,26557.0,,408.0,5.6,8366.0,0,,0,0.0,0,51,3.6909171589008563,9.031931152002144,7.9748769005588755,18.161939328036876,12.66561234330252
51063,2013,31963.0,319730.0,44618.0,12.7,16.0,40.351987147008714,8.2,44.5,10.958068789328276,2894.0,79299254.0,27404.0,,403.0,5.3,8389.0,0,,0,0.0,0,51,3.697640641260668,9.034676602846295,7.970394907191429,18.18873927924683,12.675232168618525
51063,2014,33404.0,323561.0,47543.0,10.6,16.7,40.564628546976685,6.5,44.7,11.297868876207362,2933.0,83028089.0,28309.0,,397.0,4.6,8332.0,0,,0,0.0,0,51,3.7028964688219075,9.027858802380862,7.983781068977451,18.234689530195915,12.687142937744
51063,2015,34799.0,333413.0,48005.0,10.0,18.2,40.751017922257255,5.7,45.2,11.232867607133509,3011.0,87226774.0,28969.0,,410.0,3.9,8326.0,0,,0,0.0,0,51,3.7074808190621793,9.02713842775492,8.010027528481734,18.284021883036083,12.717137240740215
51063,2016,35565.0,350153.0,47288.0,11.8,17.7,40.91903088025664,6.9,45.8,11.353329131743251,3116.0,90808844.0,29140.0,,441.0,4.0,8201.0,0,,0,0.0,0,51,3.711595257524787,9.012011377036412,8.044305406990638,18.32426723970942,12.766125480803636
51063,2017,36863.0,362248.0,48396.0,12.0,19.4,40.937407297537824,5.5,46.0,11.440578146643997,3306.0,96879420.0,29309.0,,466.0,3.6,8154.0,0,,0,0.0,0,51,3.712044248905281,9.006263883379198,8.10349427838097,18.38897767040341,12.800084339118689
51063,2018,38771.0,386115.0,49729.0,11.4,22.3,41.12642187528713,2.4,47.0,11.18195564905387,3464.0,102764893.0,29663.0,,489.0,2.7,8142.0,0,,0,0.0,0,51,3.7166507829629194,9.004791129062925,8.150179269682326,18.447954344876177,12.863890531536535
51063,2019,39787.0,368725.0,51521.0,10.3,22.1,41.226179569099266,2.3,47.2,10.972725394088512,3530.0,108266341.0,30673.0,,481.0,2.5,8276.0,0,,0,0.0,0,51,3.7190734809920327,9.021115038865434,8.169053149927343,18.500104869574237,12.817806387727703
51063,2020,43041.0,377463.0,51250.0,10.1,21.7,41.38894212216117,3.1,47.6,10.814283664139614,3379.0,112596148.0,33320.0,,468.0,5.2,8073.0,0,,0,0.0,0,51,3.7230137466555893,8.996280439395015,8.12533508671429,18.53931806349323,12.841227829622571
51063,2021,48251.0,387956.0,51612.0,9.3,21.1,40.78514555435088,3.4,48.0,11.145614291553938,3499.0,119673799.0,34202.0,,476.0,3.1,8216.0,0,,0,0.0,0,51,3.708317935566842,9.013838751608395,8.160232492367689,18.600280257679643,12.868647210113055
51063,2022,49173.0,394449.0,57146.0,9.4,23.2,40.774644744475914,2.6,48.4,13.02587405093559,3553.0,134082089.0,37743.0,,549.0,2.4,8460.0,0,,0,0.0,0,51,3.7080604358872935,9.04310445260027,8.175547596021026,18.713962774827273,12.885245133344462
51065,2012,36913.0,969613.0,71181.0,6.7,28.6,89.68121009901886,6.0,41.1,10.987932895187988,4127.0,142365545.0,34497.0,,489.0,5.1,13160.0,0,,0,0.0,0,51,4.496261272194487,9.484937204879309,8.325306029752582,18.77390856839562,13.784652301798065
51065,2013,37772.0,895920.0,68288.0,7.1,28.8,90.06781207660988,5.0,41.5,10.781951688033216,4155.0,147073928.0,35400.0,,494.0,4.7,13038.0,0,,0,0.0,0,51,4.500562854134007,9.475623449484484,8.332067707289548,18.80644592989,13.705606402256576
51065,2014,38697.0,809847.0,64641.0,6.5,29.6,90.36385863602642,6.3,41.5,10.94579860028265,4321.0,156813457.0,36292.0,,492.0,4.3,13215.0,0,,0,0.0,0,51,4.503844393609998,9.48910782703839,8.371242135931933,18.870567484902107,13.60460061991798
51065,2015,40455.0,864544.0,63938.0,6.6,31.5,90.60417878425868,5.2,41.6,11.111971876607951,4436.0,168601963.0,38009.0,,533.0,3.7,13214.0,0,,0,0.0,0,51,4.506500335431844,9.48903215258983,8.397508348470257,18.943051246406124,13.66995747928225
51065,2016,41242.0,854733.0,66425.0,6.9,31.0,90.71563160662726,5.3,42.6,11.234332851682009,4190.0,160061022.0,38204.0,,544.0,3.3,13201.0,0,,0,0.0,0,51,4.507729686335806,9.488047863280759,8.340456012916183,18.891065687988373,13.658544418447372
51065,2017,43025.0,915320.0,67964.0,6.1,32.3,90.9350543506654,4.8,42.6,11.521983933733797,4197.0,162676575.0,38763.0,,557.0,3.0,13540.0,0,,0,0.0,0,51,4.510145563265781,9.513403546466266,8.34212526333359,18.907274585179504,13.72702900989346
51065,2018,44693.0,889369.0,74931.0,4.9,34.5,91.53759617159557,5.2,43.3,11.606094762532628,4299.0,172611608.0,40154.0,,586.0,2.5,13724.0,0,,0,0.0,0,51,4.516749775011742,9.526901403978341,8.366137716496281,18.9665545881181,13.698267501492886
51065,2019,46234.0,909598.0,76873.0,5.5,33.9,92.62426118968922,2.4,43.4,11.90883609239478,4277.0,179941668.0,42076.0,,596.0,2.3,14327.0,0,,0,0.0,0,51,4.528551107224809,9.569901147893372,8.361007108226909,19.00814328966687,13.720758022647356
51065,2020,48369.0,806474.0,78885.0,4.7,35.6,93.59599048471529,2.5,43.6,11.975425435295207,4167.0,185724270.0,44567.0,,597.0,5.4,13684.0,0,,0,0.0,0,51,4.538987545864269,9.523982546097495,8.334951631422454,19.03977371245195,13.600426937962027
51065,2021,52617.0,823385.0,82983.0,4.6,36.3,94.309985128014,2.8,43.3,11.98637277162861,4403.0,206962579.0,47008.0,,631.0,3.2,13761.0,0,,0,0.0,0,51,4.546587070863214,9.529593783265282,8.390041405755754,19.148048557109593,13.621179171003599
51065,2022,53579.0,887409.0,90766.0,6.1,35.8,95.57776098245662,3.0,43.1,13.35391234711895,4855.0,257366955.0,53016.0,,717.0,2.5,14205.0,0,,0,0.0,0,51,4.5599401672892785,9.561349294288288,8.487764380725425,19.36601346493151,13.696061259863345
51071,2012,33348.0,603718.0,45231.0,14.1,16.1,48.00629297023716,6.8,43.0,10.771986110155678,4794.0,178276841.0,37191.0,,366.0,7.1,8227.0,0,,0,0.0,0,51,3.8713321058611796,9.01517670716893,8.475120414994329,18.998848186567713,13.310862480473867
51071,2013,33681.0,551500.0,45141.0,13.3,16.6,47.89991713882606,6.7,43.2,10.998769826455083,4670.0,173022264.0,37051.0,,366.0,6.8,8217.0,0,,0,0.0,0,51,3.869113774537003,9.013960457931187,8.448914350662942,18.968930837823354,13.220397117675693
51071,2014,35162.0,510632.0,45919.0,13.3,17.0,47.659171836158826,5.4,43.0,11.334563021540804,4571.0,176892074.0,38702.0,,356.0,6.1,8092.0,0,,0,0.0,0,51,3.864075095022746,8.998631198287637,8.427487278331744,18.991050353151678,13.143404453192773
51071,2015,35834.0,501392.0,46390.0,11.3,15.8,47.3288468859875,4.8,43.9,11.27455679766671,4590.0,176430247.0,38441.0,,373.0,5.1,7974.0,0,,0,0.0,0,51,3.857119980341999,8.983941527941301,8.431635303054591,18.988436155091932,13.125143509253952
51071,2016,36116.0,492979.0,47675.0,11.8,15.9,47.22806978254541,4.7,43.6,11.391699401071005,4691.0,180058290.0,38382.0,,392.0,5.3,7950.0,0,,0,0.0,0,51,3.8549884146110074,8.980927207648378,8.453401058328458,19.00879118976512,13.108221855768692
51071,2017,37374.0,503568.0,49734.0,11.3,17.0,47.216872326607394,4.8,44.4,11.479839030277684,4552.0,176018566.0,38671.0,,377.0,4.6,7942.0,0,,0,0.0,0,51,3.854751293263047,8.979920411691197,8.423321975806166,18.986100036075253,13.129474036639376
51071,2018,38690.0,526130.0,52478.0,11.3,18.2,47.068506035428754,4.6,44.5,11.222929463176689,4606.0,186614500.0,40514.0,,385.0,3.4,7867.0,0,,0,0.0,0,51,3.8516041157002747,8.970432074329242,8.43511508038063,19.044555549682226,13.173303609472713
51071,2019,40121.0,503637.0,54520.0,10.2,18.1,46.95093274807964,4.9,44.7,11.026724329833334,4517.0,186397773.0,41264.0,,389.0,3.2,7947.0,0,,0,0.0,0,51,3.849103072295686,8.98054977794018,8.415603335654604,19.0433935127195,13.129611049462204
51071,2020,43462.0,522776.0,57279.0,9.8,19.5,46.91734038026561,4.1,44.7,10.814283664139614,4538.0,200938124.0,44279.0,,384.0,6.4,7723.0,0,,0,0.0,0,51,3.8483873380411064,8.951958168569265,8.420241665339788,19.118507577834624,13.166908353021997
51071,2021,48264.0,630726.0,57911.0,10.3,18.5,46.92853783620362,2.0,45.1,11.145614291553938,5373.0,287979200.0,53599.0,,387.0,3.5,7797.0,0,,0,0.0,0,51,3.8486259730499945,8.9614943233096,8.589141690728821,19.47839881326985,13.35462681583884
51071,2022,49698.0,587213.0,61987.0,9.7,19.3,46.78017154502497,2.2,45.4,13.02587405093559,5227.0,257122280.0,49190.0,,448.0,3.0,8098.0,0,,0,0.0,0,51,3.8454594282084154,8.999372396592106,8.561592778712923,19.365062327369046,13.283142895001957
51073,2012,42284.0,866556.0,60752.0,9.1,21.1,169.05100775905606,6.4,41.9,11.044668644654392,9478.0,277064867.0,29233.0,,970.0,5.5,19348.0,0,,0,0.0,0,51,5.130200490443763,9.870344333942874,9.156728602527533,19.43976221363179,13.672282013862551
51073,2013,41561.0,875064.0,60519.0,9.2,22.0,169.2667921583031,5.8,42.4,10.72088033141516,9493.0,283625050.0,29877.0,,950.0,5.1,19327.0,0,,0,0.0,0,51,5.1314761219864184,9.869258360985468,9.158309963881798,19.46316367735338,13.682052305522086
51073,2014,42333.0,859623.0,60980.0,8.6,22.9,169.58817317845828,5.9,42.9,10.845198937440564,9278.0,285490644.0,30772.0,,932.0,4.7,19504.0,0,,0,0.0,0,51,5.13337298730872,9.878374851721052,9.135401285311689,19.46971981594544,13.664249200023532
51073,2015,43893.0,836931.0,61121.0,7.4,22.1,169.87741609659795,4.7,43.6,11.055026234667997,9303.0,294465001.0,31653.0,5.0,959.0,4.0,19169.0,0,,0,0.0,0,51,5.135077095161028,9.86104966983816,9.138092207768558,19.500670711888368,13.637496908797488
51073,2016,45462.0,862058.0,62878.0,7.6,22.6,169.9692392452137,4.2,44.3,11.185673295112666,9341.0,306140351.0,32776.0,,980.0,3.6,19118.0,0,,0,0.0,0,51,5.135617475061239,9.858385578623707,9.14216859187285,19.53955421816144,13.6670778327651
51073,2017,46652.0,863750.0,63881.0,8.7,22.8,170.03351544924476,3.3,44.6,11.524501496229677,9335.0,316426454.0,33895.0,,985.0,3.3,19539.0,0,,0,0.0,0,51,5.135995567320253,9.88016774721451,9.141526055975824,19.572601399717954,13.669038654064016
51073,2018,47051.0,881088.0,66701.0,8.5,22.8,170.6120012855241,2.9,44.7,11.66164086138545,9521.0,329142785.0,34571.0,,1000.0,2.7,19562.0,0,,0,0.0,0,51,5.139391980095173,9.881344187850438,9.161255164285691,19.61200221154069,13.688912786422614
51073,2019,48868.0,889420.0,70537.0,8.8,23.3,170.89206188880215,3.1,44.9,12.056458043354928,9502.0,344207921.0,36226.0,,1017.0,2.5,19731.0,0,,0,0.0,0,51,5.1410321401767725,9.889946281969461,9.159257581746866,19.65675645426019,13.698324843875838
51073,2020,52363.0,897990.0,71649.0,7.9,24.0,171.53482392911252,3.6,44.9,12.179610359243735,9212.0,357547566.0,38813.0,,1006.0,5.6,19134.0,0,,0,0.0,0,51,5.1447863009733705,9.859222136238113,9.128262260940575,19.69477896299599,13.707914211364871
51073,2021,56578.0,926503.0,77733.0,7.5,25.3,177.1544006243974,3.3,44.5,12.13029958147936,9417.0,386546666.0,41046.0,,1022.0,3.4,19118.0,0,,0,0.0,0,51,5.177021672235782,9.858385578623707,9.150271845510064,19.772763158677392,13.739172562694755
51073,2022,57358.0,945869.0,83750.0,7.5,25.5,178.48124512189523,3.4,44.3,13.40972176536102,9560.0,417426147.0,43663.0,,1181.0,2.6,19529.0,0,,0,0.0,0,51,5.1844835263543985,9.879655819282782,9.165343006045447,19.849618193194527,13.75985936064381
51075,2012,81856.0,1804544.0,82683.0,4.9,37.4,76.21911221895621,5.5,45.3,11.07906344846252,11785.0,864474708.0,73353.0,,761.0,5.5,10267.0,0,,0,0.0,0,51,4.333612247765131,9.236690147298965,9.374582815370232,20.57763260644218,14.405818486253438
51075,2013,77620.0,1956538.0,80976.0,5.6,38.0,76.46376791039219,5.6,45.8,10.769041736506626,12479.0,950494005.0,76166.0,4.0,754.0,5.0,10376.0,0,,0,0.0,0,51,4.336817006551747,9.24725072599628,9.431802510507854,20.672492412666134,14.486687142882019
51075,2014,80200.0,2172436.0,82460.0,6.2,38.3,76.68360345921873,5.2,46.6,10.908745164531664,13943.0,1114859468.0,79958.0,,754.0,4.7,10577.0,0,,0,0.0,0,51,4.339687910542492,9.266437111328052,9.54273286919502,20.831994196246917,14.591359676539309
51075,2015,88204.0,2341765.0,79330.0,5.7,37.4,77.01690251711703,5.0,47.2,11.165113774960924,15040.0,1297715924.0,86283.0,4.0,806.0,4.1,10659.0,0,,0,0.0,0,51,4.344024910973497,9.274159884689137,9.618468597503831,20.983871574573065,14.66641547651686
51075,2016,88189.0,2378419.0,82326.0,5.0,36.1,77.93170205900812,5.1,47.7,11.25166149811725,15399.0,1338038045.0,86892.0,,819.0,3.7,10845.0,0,,0,0.0,0,51,4.355832828487077,9.291459423260974,9.642057851228413,21.0144702324784,14.681946539197856
51075,2017,94499.0,2581683.0,86652.0,5.3,38.9,78.53093121629337,3.4,48.4,11.50511905291033,16158.0,1554959195.0,96235.0,,833.0,3.5,10927.0,0,,0,0.0,0,51,4.3634925754126614,9.298992069570746,9.690170562039654,21.164715141075746,14.763952069807345
51075,2018,96915.0,2533108.0,89741.0,5.3,39.2,79.71520659222988,3.2,48.3,11.740616319700491,16366.0,1577259945.0,96377.0,,837.0,3.0,11170.0,0,,0,0.0,0,51,4.378460365491546,9.320986892063246,9.702961291087327,21.178954966473487,14.744957565263977
51075,2019,100439.0,2776654.0,93994.0,5.2,41.8,81.07322296643252,3.6,48.3,12.164790668522816,17570.0,1754419160.0,99851.0,,834.0,2.7,11487.0,0,,0,0.0,0,51,4.395352733561959,9.348971240145405,9.773948181181144,21.28540367612095,14.836757163639781
51075,2020,99465.0,2969775.0,97146.0,4.4,43.8,83.22548390413752,3.7,48.6,12.221246182290477,18165.0,1921038482.0,105757.0,,834.0,5.0,11324.0,0,,0,0.0,0,51,4.421553597852566,9.33467964623179,9.807251944655302,21.376131752807044,14.903996750333375
51075,2021,111400.0,3210285.0,100517.0,4.2,46.1,86.16135220136937,3.1,48.8,12.125952876442982,19046.0,2129476806.0,111807.0,,866.0,3.1,11399.0,0,,0,0.0,0,51,4.456221726798443,9.341280911236778,9.854612384753992,21.4791421555096,14.981870276211769
51075,2022,118638.0,3070723.0,105600.0,4.2,44.4,88.31006740441586,2.4,49.0,13.412822226284677,20161.0,2243920060.0,111300.0,,1096.0,2.6,11830.0,0,,0,0.0,0,51,4.480854114750897,9.378393956972433,9.911505324129712,21.5314902000864,14.93742359672245
51077,2012,27732.0,250232.0,31931.0,18.8,11.2,35.164163563724436,6.8,47.0,10.714058865721642,2333.0,61306925.0,26284.0,,371.0,9.4,6984.0,0,,0,0.0,0,51,3.560027483432,8.851377097519439,7.75491027202143,17.931403363530816,12.430143766518592
51077,2013,27446.0,247537.0,30710.0,19.1,10.9,34.80652353520377,8.4,47.5,10.958068789328276,2336.0,63843760.0,27334.0,,358.0,9.4,7006.0,0,,0,0.0,0,51,3.549804827120545,8.854522203757432,7.756195343948118,17.97194940661456,12.41931534476712
51077,2014,27418.0,262650.0,28892.0,20.2,10.8,34.5303711081182,9.2,47.9,11.297868876207362,2490.0,71952963.0,28900.0,,353.0,7.6,7091.0,0,,0,0.0,0,51,3.541839258755622,8.866581653303996,7.820037989458753,18.091523171825678,12.478577626382108
51077,2015,28286.0,267650.0,29942.0,21.4,10.0,35.25017825412814,9.0,47.6,11.232867607133509,2554.0,76176229.0,29832.0,,364.0,5.8,7071.0,0,,0,0.0,0,51,3.562470586100191,8.863757191604241,7.845416036592485,18.148560016608094,12.497435435821528
51077,2016,29306.0,278284.0,31002.0,19.8,10.7,34.3606052717951,7.1,48.2,11.353329131743251,2650.0,79179202.0,29878.0,,389.0,5.0,7031.0,0,,0,0.0,0,51,3.536910712554473,8.858084222199162,7.882314918980268,18.187224221288872,12.536397453946059
51077,2017,30331.0,268839.0,32048.0,20.2,12.8,35.55575675950971,7.4,47.4,11.440578146643997,2875.0,84257303.0,29309.0,,396.0,3.9,7744.0,0,,0,0.0,0,51,3.5711020773027524,8.954673628956414,7.963807953231451,18.249385805932615,12.501867966392414
51077,2018,31346.0,273692.0,33969.0,20.6,12.5,35.78890184139344,6.5,47.7,11.18195564905387,2980.0,87439621.0,29347.0,,423.0,3.1,7698.0,0,,0,0.0,0,51,3.5776378409149974,8.948715833843691,7.9996785794994505,18.28645906742243,12.519758665518655
51077,2019,31858.0,267281.0,36544.0,20.9,13.7,35.63271727197618,5.5,48.1,10.972725394088512,3217.0,94020389.0,29222.0,,409.0,2.8,8106.0,0,,0,0.0,0,51,3.5732642403072474,9.000359807188254,8.076204527239026,18.35902222096927,12.496055818418432
51077,2020,35023.0,272036.0,41558.0,16.4,16.0,35.42673472390416,4.3,48.4,10.814283664139614,3171.0,94688165.0,29858.0,,374.0,5.9,7954.0,0,,0,0.0,0,51,3.5674667532953546,8.981430225767635,8.061802274538348,18.36609957674561,12.513689689461433
51077,2021,38300.0,264793.0,43022.0,17.6,15.6,34.899328859060404,4.6,48.4,11.145614291553938,3068.0,98679973.0,32163.0,,378.0,3.4,7740.0,0,,0,0.0,0,51,3.5524675986240597,8.954156966583772,8.028781162487148,18.40739257601372,12.48670366765026
51077,2022,39385.0,267770.0,43348.0,18.7,14.1,34.75898910103331,4.3,49.0,13.02587405093559,3174.0,110178967.0,34710.0,22.0,411.0,2.6,7974.0,0,,0,0.0,0,51,3.5484382177255402,8.983941527941301,8.062747901086354,18.51761657439764,12.497883682065632
51079,2012,36374.0,420748.0,58804.0,8.1,22.8,118.3286629431794,4.5,39.5,11.05583564852923,3424.0,112253177.0,32786.0,,411.0,5.4,9786.0,0,,0,0.0,0,51,4.773466031942613,9.188708071849069,8.138564737261632,18.53626738708144,12.949789358625237
51079,2013,36470.0,423241.0,59358.0,12.0,24.1,119.123804882428,6.0,40.0,10.743993402159072,3369.0,108931215.0,32334.0,,412.0,4.7,9690.0,0,,0,0.0,0,51,4.780163329457539,9.178849704884811,8.122371243406553,18.506227185948504,12.955697035740947
51079,2014,37598.0,415595.0,63739.0,11.3,24.5,120.33575509628272,6.3,39.9,10.90981658916036,3347.0,110453272.0,32997.0,,420.0,4.3,9887.0,0,,0,0.0,0,51,4.79028579491613,9.198976041897133,8.115819701211327,18.520103111655985,12.937466507335994
51079,2015,39487.0,433359.0,61550.0,9.9,23.7,121.43869391524044,7.4,40.1,11.188747930817868,3566.0,118709317.0,33290.0,,465.0,3.7,9888.0,0,,0,0.0,0,51,4.799409558609581,9.199077179697472,8.179199798423086,18.59218834849619,12.979321762778813
51079,2016,40598.0,442911.0,61615.0,11.0,24.4,122.38132185934964,7.8,40.4,11.25584969048931,3669.0,125256950.0,34140.0,,493.0,3.2,9946.0,0,,0,0.0,0,51,4.807141759245465,9.204925739274683,8.207674424355282,18.645877785411745,13.001124125909037
51079,2017,41780.0,441028.0,62952.0,9.4,26.7,123.202113538574,6.3,39.6,11.489338426178678,3719.0,127737464.0,34345.0,,501.0,3.0,10240.0,0,,0,0.0,0,51,4.813826206297836,9.234056898593499,8.22121009392507,18.665487653074596,12.996863644476939
51079,2018,43913.0,436568.0,64979.0,6.0,27.8,124.46536323238024,5.0,40.1,11.721796146719614,3680.0,128763975.0,34986.0,,519.0,2.5,10349.0,0,,0,0.0,0,51,4.824027470229191,9.244645175668174,8.210668031162976,18.673491635307,12.986699426779255
51079,2019,44451.0,445893.0,67398.0,6.4,29.0,125.16431864671972,4.9,39.6,12.153908696170426,3754.0,135042205.0,35974.0,,509.0,2.3,10638.0,0,,0,0.0,0,51,4.829627423212746,9.272187775302262,8.230577217146454,18.721097917173875,13.007834291905217
51079,2020,46658.0,427888.0,67266.0,9.8,30.0,126.54299217041688,4.4,38.5,12.193879625390906,3627.0,135464939.0,37353.0,,505.0,5.4,10271.0,0,,0,0.0,0,51,4.840582109483247,9.237079669165805,8.196161139282902,18.724223412034227,12.96661675807617
51079,2021,50460.0,464257.0,73844.0,10.1,28.6,130.64695056653864,4.0,39.8,12.08556157165629,3710.0,145689430.0,39272.0,,515.0,3.0,10305.0,0,,0,0.0,0,51,4.872498651216147,9.240384493324559,8.21878715560148,18.79698772220575,13.04819355718421
51079,2022,52456.0,472881.0,81338.0,11.1,27.9,132.29494635998128,3.8,41.7,13.381583684244584,3832.0,156266763.0,40779.0,,581.0,2.3,10635.0,0,,0,0.0,0,51,4.8850338720540805,9.271905727634337,8.251142139090751,18.867075124026353,13.06659905019742
51083,2012,30048.0,1414202.0,35191.0,20.3,14.2,44.19546281112004,9.6,44.6,11.116472335105133,12048.0,385587941.0,32004.0,,972.0,9.3,16016.0,0,,0,0.0,0,51,3.788622132482518,9.681343501555002,9.396653950039674,19.770279846871393,14.162075972378402
51083,2013,30092.0,1472954.0,34659.0,21.3,15.2,43.94843781145634,9.8,44.9,10.78970477363916,12041.0,401843436.0,33374.0,,969.0,8.9,15852.0,0,,0,0.0,0,51,3.7830170788226978,9.671050954310326,9.39607277189222,19.811573108036438,14.202780466172346
51083,2014,31208.0,1431873.0,35093.0,20.2,14.6,43.66228013857858,9.3,45.0,10.960639473166228,11962.0,408820699.0,34175.0,,973.0,7.7,15598.0,0,,0,0.0,0,51,3.7764845746454045,9.654897979890443,9.389490237604502,19.828787229133578,14.174493935418953
51083,2015,31956.0,1420971.0,35240.0,19.2,15.5,43.42014672306663,7.5,45.3,11.183447311586324,12180.0,417788847.0,34302.0,,1010.0,6.3,15255.0,0,,0,0.0,0,51,3.7709235436030415,9.63266259715077,9.407550541263888,19.85048671213972,14.166850998707723
51083,2016,32987.0,1432771.0,37001.0,18.8,15.8,43.174344619440866,5.4,45.7,11.232565726808115,12105.0,427198874.0,35291.0,,1042.0,5.7,14880.0,0,,0,0.0,0,51,3.765246444286746,9.607773308387083,9.40137386937216,19.872760209838994,14.17512088943447
51083,2017,34115.0,1323069.0,39233.0,18.7,15.9,42.83804820900761,4.9,45.9,11.575370499789544,12147.0,438250874.0,36079.0,,1045.0,4.8,15693.0,0,,0,0.0,0,51,3.757426684527831,9.66097003203872,9.404837504700271,19.898302076059124,14.095464595932121
51083,2018,35013.0,1285255.0,42289.0,15.1,15.9,42.53110130348489,4.2,46.1,11.733923041992094,11857.0,442329482.0,37305.0,,1081.0,4.1,15215.0,0,,0,0.0,0,51,3.7502356036748097,9.630037062331072,9.380673689458071,19.907565596732894,14.066467700203901
51083,2019,36430.0,1199374.0,42669.0,13.9,15.4,42.25350390287271,3.2,46.5,12.111039333383234,12154.0,463523916.0,38138.0,,1046.0,3.9,15630.0,0,,0,0.0,0,51,3.7436872829768357,9.656947423415522,9.4054136126953,19.954368540344518,13.997310311976166
51083,2020,39611.0,1131619.0,43714.0,15.2,16.1,41.93921962112235,3.9,46.3,12.232196572647917,11286.0,454047031.0,40231.0,,1037.0,7.3,15054.0,0,,0,0.0,0,51,3.73622141826972,9.619399015594476,9.331318298529085,19.9337113431513,13.939159908653888
51083,2021,43604.0,1133826.0,45962.0,15.1,16.4,41.85728558658043,5.0,46.4,12.167050251098429,11443.0,482691228.0,42183.0,,1040.0,4.7,14962.0,0,,0,0.0,0,51,3.734265869874244,9.61326893243235,9.345133468317714,19.99488772768747,13.941108312343404
51083,2022,45294.0,1166653.0,49145.0,14.7,17.1,41.594362938423515,3.7,46.6,13.453153990344454,11812.0,534135908.0,45220.0,17.0,1121.0,3.8,15390.0,0,,0,0.0,0,51,3.7279646517975147,9.641473226832925,9.376871242863814,20.096160873905752,13.969649523437205
51085,2012,48430.0,4960787.0,76719.0,5.1,34.1,213.76912318818887,5.0,41.2,11.078563954272488,45506.0,1723985049.0,37885.0,39.0,3520.0,5.4,55076.0,0,,0,0.0,0,51,5.3648965690229975,10.916469328564263,10.725599464377073,21.267904336876526,15.417074955469298
51085,2013,48620.0,5046235.0,75070.0,5.1,35.5,214.5475230205335,5.3,41.5,10.746684803862737,46857.0,1774564348.0,37872.0,60.0,3502.0,4.9,55429.0,0,,0,0.0,0,51,5.368531266372211,10.922858201478968,10.754855689525833,21.29682079200254,15.434152978640535
51085,2014,51336.0,5290560.0,77550.0,5.5,36.3,215.31950746964455,5.2,41.8,10.883366139617726,48167.0,1887825272.0,39193.0,50.0,3504.0,4.5,55997.0,0,,0,0.0,0,51,5.372123006255832,10.933053396853715,10.782429418257793,21.358691353776848,15.481434658345117
51085,2015,54098.0,5587920.0,78645.0,6.0,35.7,216.7116456313379,4.4,41.9,11.136121027576754,49596.0,2007142808.0,40470.0,49.0,3650.0,3.8,56465.0,0,,0,0.0,0,51,5.378567647898226,10.94137625615777,10.811665464299733,21.419978059186867,15.53611768286424
51085,2016,55804.0,5761721.0,81170.0,6.2,36.7,218.54858369722817,3.8,42.4,11.229389453977756,50324.0,2088979513.0,41511.0,42.0,3752.0,3.4,57255.0,0,,0,0.0,0,51,5.387008340836384,10.95527025384744,10.82623737947102,21.45994151238802,15.566746772767031
51085,2017,57178.0,5697215.0,84955.0,5.8,37.9,220.7276755355776,3.4,42.6,11.491582934592548,51241.0,2195261886.0,42842.0,41.0,3754.0,3.3,58679.0,0,,0,0.0,0,51,5.39692970429342,10.97983719053025,10.84429527182336,21.509567186607214,15.55548801691139
51085,2018,58474.0,5803584.0,88652.0,5.6,39.2,223.36012112243543,3.0,42.9,11.7136092600738,52764.0,2267021540.0,42966.0,35.0,3844.0,2.6,59022.0,0,,0,0.0,0,51,5.408785361848374,10.985665534740813,10.873584418968811,21.541732709970553,15.573986215710363
51085,2019,60972.0,6013273.0,89390.0,5.3,39.8,225.6867667751579,2.7,42.7,12.129617939764282,54469.0,2391655016.0,43909.0,43.0,3834.0,2.4,59663.0,0,,0,0.0,0,51,5.419148050182365,10.996467341752533,10.90538701147962,21.595251438553237,15.609479750620885
51085,2020,64969.0,5914095.0,91444.0,4.9,40.3,227.82736631410572,3.2,42.7,12.197910826297328,50934.0,2422047366.0,47553.0,58.0,3793.0,5.0,57538.0,0,,0,0.0,0,51,5.428588176871017,10.960200878072532,10.838285955966024,21.607879038450907,15.592849042843492
51085,2021,69642.0,6242205.0,96911.0,5.5,40.5,233.5883804578873,3.1,42.1,12.105754590834383,53222.0,2690106179.0,50545.0,81.0,3903.0,3.0,57744.0,0,,0,0.0,0,51,5.453560508526387,10.96377472688257,10.882227123682771,21.712846501528382,15.646844043311383
51085,2022,72798.0,6589348.0,104678.0,5.2,41.8,236.32774909863863,2.9,42.4,13.405271630284828,56384.0,3045627075.0,54016.0,226.0,4358.0,2.4,60044.0,0,,0,0.0,0,51,5.465219608947221,11.002832905780068,10.93994070929585,21.836972652866965,15.700964963799503
51087,2012,52240.0,23805628.0,61300.0,10.5,39.5,1316.2554830426875,7.7,37.5,11.044668644654392,178088.0,8732606832.0,49035.0,783.0,10151.0,5.9,172338.0,1,2020.0,0,0.0,0,51,7.182546229093973,12.057212943759493,12.090033089130165,22.890329768409536,16.985432581275177
51087,2013,52640.0,24808333.0,61048.0,10.7,39.7,1332.2520594843263,7.9,37.6,10.72088033141516,179427.0,8933470633.0,49789.0,637.0,10203.0,5.4,174131.0,1,2020.0,0,0.0,0,51,7.19462606704496,12.06756316849275,12.097523718954832,22.913070805042675,17.02669016276166
51087,2014,55556.0,25527643.0,61438.0,10.7,39.7,1347.504011982454,7.6,37.8,10.845198937440564,179377.0,9119254798.0,50838.0,589.0,10326.0,5.0,176852.0,1,2020.0,0,0.0,0,51,7.20600928013119,12.083068503588622,12.097245015259647,22.933653926948534,17.05527246219812
51087,2015,57876.0,26871266.0,61934.0,10.7,40.7,1364.5618915159944,6.7,37.9,11.055026234667997,187015.0,9639006294.0,51541.0,411.0,10996.0,4.2,177634.0,1,2020.0,0,0.0,0,51,7.218588697504485,12.087480532659074,12.138944106523503,22.989083858720328,17.106568095224226
51087,2016,59605.0,27701258.0,63699.0,10.6,40.8,1377.6441639028565,6.3,38.1,11.185673295112666,189377.0,9810817906.0,51806.0,460.0,11493.0,3.8,179085.0,1,2020.0,0,0.0,0,51,7.228130191741814,12.095615832447598,12.151495016246109,23.00675148176788,17.136988385288785
51087,2017,62278.0,28589182.0,66447.0,10.4,42.1,1386.8535358938695,5.8,38.3,11.524501496229677,192970.0,10252834578.0,53132.0,376.0,11576.0,3.6,181903.0,1,2020.0,0,0.0,0,51,7.234792816969614,12.111228856948552,12.170290015390401,23.050820048494653,17.168538952486593
51087,2018,64059.0,29602160.0,68572.0,10.0,42.9,1393.5679897293248,5.3,38.5,11.66164086138545,191595.0,10357739962.0,54061.0,470.0,11830.0,3.0,181509.0,1,2020.0,0,0.0,0,51,7.239622636352034,12.109060518234518,12.163139048144988,23.06099989959339,17.203357889604863
51087,2019,67511.0,30618861.0,70307.0,9.1,43.7,1401.6689847009734,4.4,38.8,12.056458043354928,192419.0,10719950804.0,55712.0,461.0,11840.0,2.8,183311.0,1,2020.0,0,0.0,0,51,7.245418937507588,12.118939442938288,12.16743056493678,23.09537240339943,17.23712674959209
51087,2020,69415.0,29224079.0,72295.0,8.8,44.3,1412.543061945009,4.1,39.1,12.179610359243735,180705.0,10860171056.0,60099.0,488.0,11837.0,6.7,179896.0,1,2020.0,1,0.0,0,51,7.253146948888647,12.10013418511667,12.104621146369063,23.108367902341048,17.1905035507112
51087,2021,74828.0,31143696.0,76345.0,8.1,44.9,1420.451481758853,4.1,39.2,12.13029958147936,183265.0,11526984936.0,62898.0,468.0,12142.0,3.9,179139.0,1,2020.0,1,1.0,0,51,7.258730044962138,12.095917319787414,12.118688471787742,23.167956639719634,17.254122407115105
51087,2022,73857.0,31163682.0,82424.0,8.4,45.4,1425.5697015085054,3.9,39.3,13.40972176536102,188096.0,12391041726.0,65876.0,450.0,13028.0,2.7,185309.0,1,2020.0,1,2.0,0,51,7.262326803340094,12.129779980980643,12.14470774977859,23.24023960701921,17.25476393629919
51091,2012,37090.0,70430.0,50136.0,10.8,23.7,5.580940498069433,1.7,56.5,10.771987184501588,532.0,13481186.0,25356.0,,111.0,4.8,1460.0,0,,0,0.0,0,51,1.7193573102317112,7.286191714702382,6.2766434893416445,16.416805641774076,11.162374587739457
51091,2013,36600.0,70966.0,49625.0,10.2,20.9,5.482184106001739,2.3,58.2,10.30615649338271,531.0,13692126.0,25765.0,,116.0,4.2,1419.0,0,,0,0.0,0,51,1.7015035810455568,7.257707677160043,6.274762021241939,16.432331481043857,11.169956168087609
51091,2014,38919.0,75555.0,44132.0,12.5,19.4,5.438827641191532,1.9,58.6,11.207139256749016,534.0,14003882.0,26241.0,,113.0,3.8,1425.0,0,,0,0.0,0,51,1.6935635305089425,7.261927092702751,6.280395838960195,16.45484513485724,11.23261614684786
51091,2015,39766.0,75167.0,43914.0,12.6,21.6,5.405105946339148,1.1,59.0,12.178844367900496,498.0,14124484.0,28362.0,,117.0,3.5,1345.0,0,,0,0.0,0,51,1.687344052441922,7.20414929203594,6.210600077024653,16.463420303356056,11.227467583836727
51091,2016,39259.0,69502.0,44877.0,12.6,22.4,5.371384251486766,1.3,59.8,11.630640435935073,500.0,15134530.0,30254.0,,115.0,3.1,1308.0,0,,0,0.0,0,51,1.6810856502534997,7.176254532017144,6.214608098422191,16.532489446107082,11.149110808117252
51091,2017,41484.0,71587.0,45094.0,10.6,25.0,5.330436479166014,0.5,60.5,11.253929998644052,504.0,15413966.0,30588.0,,112.0,3.2,1305.0,0,,0,0.0,0,51,1.6734331258503847,7.173958319756794,6.222576268071369,16.550784539530696,11.178668772218144
51091,2018,41672.0,69176.0,46147.0,12.3,23.1,5.33284517165547,0.6,59.3,11.429071283335448,472.0,14950540.0,31675.0,,112.0,2.8,1260.0,0,,0,0.0,0,51,1.6738848990679174,7.138866999945524,6.156978985585555,16.52025797754998,11.144409260640266
51091,2019,43095.0,69595.0,48587.0,10.1,22.5,5.3087582467609105,3.7,60.9,12.149926026047648,462.0,14519948.0,31417.0,,106.0,2.6,1256.0,0,,0,0.0,0,51,1.66935795607214,7.135687347028144,6.135564891081739,16.491033986087295,11.1504480046615
51091,2020,44463.0,61315.0,51831.0,10.2,30.7,5.3039408617819985,11.4,59.5,11.362041646315852,438.0,14561002.0,33276.0,,101.0,3.9,1222.0,0,,0,0.0,0,51,1.6684501030819603,7.108244139731541,6.082218910376446,16.493857417046236,11.023779790196127
51091,2021,51280.0,69184.0,52901.0,12.6,28.1,5.36897555899731,16.1,56.5,10.855150298709148,447.0,15171694.0,33960.0,,99.0,2.9,1237.0,0,,0,0.0,0,51,1.680637119185204,7.1204443723924875,6.102558594613569,16.53494201285566,11.14452490099888
51091,2022,52434.0,78582.0,57070.0,10.3,30.7,5.412332023807516,14.7,58.0,12.44291093132305,475.0,16657944.0,35094.0,,170.0,2.3,1359.0,0,,0,0.0,0,51,1.6886800579846641,7.214504414151143,6.163314804034641,16.628397777723663,11.271897944557457
51093,2012,48074.0,1797185.0,64491.0,10.5,25.8,111.63026434578774,7.7,43.7,11.0497960902567,10060.0,393065199.0,39071.0,,741.0,6.2,18738.0,0,,0,0.0,0,51,4.7151921990771175,9.838308826511133,9.21632244365373,19.789486056836886,14.401732109826819
51093,2013,48096.0,1903913.0,63942.0,12.0,25.5,112.05157039453886,7.7,44.2,10.722966739822327,10445.0,459849695.0,44027.0,,724.0,5.6,18861.0,0,,0,0.0,0,51,4.718959215271785,9.844851577051172,9.253878673990666,19.946410244053002,14.459421800012167
51093,2014,48069.0,1706437.0,65910.0,11.3,26.1,112.51088901911716,8.3,44.5,10.851032506192958,10530.0,409310478.0,38871.0,,716.0,5.1,19038.0,0,,0,0.0,0,51,4.723050008241542,9.854192260811251,9.261983605128021,19.829984540939506,14.349918128979684
51093,2015,49613.0,1715799.0,65741.0,11.7,26.9,113.2141216719198,8.3,44.5,11.065769514454528,10703.0,450219285.0,42066.0,,742.0,4.5,18876.0,0,,0,0.0,0,51,4.729280907740421,9.845646552846278,9.278279354984376,19.925245322036552,14.355389419302321
51093,2016,51120.0,1650016.0,66835.0,10.9,27.4,114.1232557771196,8.1,44.4,11.1926287229733,10806.0,460261257.0,42594.0,,758.0,4.2,18955.0,0,,0,0.0,0,51,4.737279055355795,9.849823027950436,9.28785681440401,19.947304836224856,14.316295542799445
51093,2017,51929.0,1566681.0,67767.0,10.3,26.9,114.32282180021224,7.0,44.4,11.5225802165513,10726.0,478182562.0,44582.0,,768.0,3.8,19268.0,0,,0,0.0,0,51,4.739026216663836,9.866200967750112,9.280425979542871,19.98550314640976,14.264469926906497
51093,2018,52639.0,1515680.0,71376.0,10.0,28.2,115.21611733215072,7.9,44.4,11.66283933008128,10865.0,513227886.0,47239.0,,819.0,3.0,19427.0,0,,0,0.0,0,51,4.746809645872806,9.874419130038781,9.29330189269053,20.056230526719784,14.231374741109361
51093,2019,55265.0,1381740.0,73991.0,10.5,27.0,116.02388456847808,6.4,44.3,12.060675300200923,10804.0,483425837.0,44745.0,,847.0,2.8,19671.0,0,,0,0.0,0,51,4.7537960713639675,9.88690074893173,9.287671714912506,19.9964084732952,14.138854132470117
51093,2020,58242.0,1323294.0,77870.0,9.4,28.0,117.54438760156484,6.0,44.4,12.178014591487155,10516.0,553307280.0,52617.0,,863.0,5.2,19221.0,0,,0,0.0,0,51,4.766816029070121,9.863758710307131,9.260653185849772,20.131424065200903,14.095634640631614
51093,2021,62673.0,1321262.0,84673.0,8.8,29.1,121.3266388963682,5.6,44.4,12.12711757726064,10644.0,551373874.0,51803.0,,901.0,3.4,19307.0,0,,0,0.0,0,51,4.798486403515462,9.868223003435817,9.27275163209758,20.127923674219982,14.09409789843376
51093,2022,64169.0,1365771.0,91680.0,9.8,29.8,123.2177645437699,5.5,44.2,13.407648946923644,10513.0,572648266.0,54469.0,1.0,994.0,2.7,19714.0,0,,0,0.0,0,51,4.813953233430053,9.889084322225385,9.26036786557583,20.165782239775822,14.127229662306693
51097,2012,34914.0,153650.0,49410.0,8.1,12.6,22.11017645621595,5.7,44.7,11.078563954272488,928.0,33440829.0,36055.0,,160.0,6.5,3668.0,0,,0,0.0,0,51,3.0960379756704324,8.207401833376355,6.833031732786201,17.32528813654335,11.942432567558631
51097,2013,36121.0,151756.0,48372.0,9.2,14.1,22.275177773053382,6.1,45.1,10.746684803862737,899.0,32766965.0,36448.0,,159.0,6.0,3639.0,0,,0,0.0,0,51,3.1034729541579504,8.19946419761216,6.80128303447162,17.30493140118912,11.930029246855103
51097,2014,36787.0,138748.0,47804.0,11.3,16.8,22.443352192137688,5.0,45.5,10.883366139617726,885.0,32279915.0,36478.0,,158.0,5.7,3656.0,0,,0,0.0,0,51,3.1109944541740835,8.204124932574041,6.785587645007929,17.28995576815314,11.840414617090378
51097,2015,38680.0,137291.0,48292.0,13.4,18.1,22.54806456628452,5.5,45.9,11.136121027576754,919.0,33761323.0,36744.0,,164.0,4.7,3645.0,0,,0,0.0,0,51,3.1156492337190658,8.201111644442758,6.823286122355687,17.33482641531281,11.829858039716823
51097,2016,40470.0,143194.0,48852.0,14.2,19.2,22.655950042678224,6.0,45.8,11.229389453977756,927.0,34771438.0,37520.0,,171.0,4.1,3665.0,0,,0,0.0,0,51,3.1204225124717233,8.206583614320753,6.831953565565855,17.36430686062094,11.871955633189536
51097,2017,42684.0,139563.0,51495.0,15.6,18.9,22.376717044953335,4.4,45.1,11.491582934592548,1072.0,41587127.0,38809.0,,176.0,3.4,3835.0,0,,0,0.0,0,51,3.108021000655854,8.251924713801357,6.977281341630747,17.54330123022747,11.846271391200368
51097,2018,44205.0,139826.0,54516.0,16.5,19.8,22.376717044953335,5.9,45.7,11.7136092600738,1093.0,41625445.0,38089.0,,184.0,3.1,3866.0,0,,0,0.0,0,51,3.108021000655854,8.259975659768276,6.996681488176539,17.544222196898428,11.848154071461103
51097,2019,46824.0,140938.0,63982.0,12.4,23.6,22.3449860224846,3.0,46.7,12.129617939764282,1067.0,41499783.0,38891.0,,176.0,2.8,3885.0,0,,0,0.0,0,51,3.1066019568530914,8.264878262801748,6.9726062513017535,17.541198756271594,11.856075356344682
51097,2020,51129.0,147097.0,65385.0,13.0,25.8,22.24661985283152,3.5,48.0,12.197910826297328,1084.0,44769001.0,41297.0,,164.0,5.3,3844.0,0,,0,0.0,0,51,3.1021900803450615,8.254268770090183,6.988413181999592,17.6170265159186,11.898847512091963
51097,2021,54988.0,155291.0,61672.0,14.3,21.3,21.22805403158506,3.2,48.2,12.105754590834383,1108.0,48478968.0,43757.0,,172.0,3.2,3834.0,0,,0,0.0,0,51,3.0553236102603676,8.251663923605589,7.010311867307229,17.696640612370047,11.953056055107186
51097,2022,56061.0,145661.0,70147.0,19.9,22.6,21.199496111363196,5.7,47.4,13.405271630284828,1072.0,50324860.0,46934.0,,246.0,2.6,3896.0,0,,0,0.0,0,51,3.0539774130635706,8.267705664762426,6.977281341630747,17.734009747568724,11.889037283051099
51099,2012,47454.0,1598207.0,82195.0,5.6,30.6,132.15645667713275,6.7,36.5,11.059851188451322,10094.0,703664076.0,69711.0,,536.0,6.4,11715.0,0,,0,0.0,0,51,4.8839864985562045,9.368625350941896,9.219696466900208,20.37181163547025,14.284392933840326
51099,2013,47727.0,1674781.0,81753.0,7.1,31.1,134.45008573273657,7.3,36.3,10.736616159097396,10539.0,733419426.0,69593.0,,551.0,5.7,11979.0,0,,0,0.0,0,51,4.901193020369833,9.39091039573133,9.262837940933936,20.413228300842746,14.33119296842461
51099,2014,48256.0,1729500.0,83071.0,5.8,31.8,136.82165363974437,7.3,36.7,10.86213362594747,10774.0,778038824.0,72215.0,,560.0,5.3,12123.0,0,,0,0.0,0,51,4.918678279502647,9.402859753746583,9.28489110324048,20.472286983211212,14.36334290735936
51099,2015,51667.0,1768587.0,81688.0,5.5,32.3,138.80352728973213,7.4,36.6,11.077773236839391,10914.0,792791980.0,72641.0,,605.0,4.7,12101.0,0,,0,0.0,0,51,4.933059460500037,9.401043372798053,9.297801647746176,20.491071424884485,14.385691480650076
51099,2016,51124.0,1829855.0,84342.0,5.6,34.5,140.62395617609727,6.5,37.0,11.203980712340243,11418.0,832985225.0,72954.0,,625.0,4.2,12336.0,0,,0,0.0,0,51,4.946089350183383,9.42027709580311,9.342946336524205,20.540526462878976,14.41974728670567
51099,2017,52214.0,1868168.0,84770.0,5.7,34.2,142.31634266372728,4.9,37.1,11.535030708700932,11361.0,860071873.0,75704.0,,615.0,3.7,13059.0,0,,0,0.0,0,51,4.958052345049073,9.477232830220407,9.337941716569905,20.572526516975593,14.440468829487118
51099,2018,52897.0,1906362.0,87321.0,5.7,34.6,144.13120448927785,4.0,37.3,11.678494135710968,11684.0,897436210.0,76810.0,,623.0,3.0,13249.0,0,,0,0.0,0,51,4.970724027024485,9.491677356868124,9.365975663507632,20.61505260059183,14.460707271710264
51099,2019,55525.0,1953598.0,94274.0,5.1,36.0,146.01843810541789,3.1,37.4,12.07314173691482,11973.0,944035014.0,78850.0,,623.0,2.6,13524.0,0,,0,0.0,0,51,4.983732902127902,9.512221163827776,9.390409393716844,20.66567381452361,14.48518335858703
51099,2020,58959.0,2031038.0,96711.0,5.3,35.5,148.52361547197543,3.9,38.1,12.195475158886936,12318.0,1008608748.0,81882.0,,615.0,4.6,13756.0,0,,0,0.0,0,51,5.000743972346651,9.529230371552156,9.418816886246988,20.73183774097797,14.524057550382569
51099,2021,63146.0,2172658.0,101599.0,6.5,34.9,148.0671164851805,2.9,38.3,12.14148832398868,12770.0,1074782638.0,84165.0,,633.0,2.9,13976.0,0,,0,0.0,0,51,4.997665660733442,9.545096851813893,9.454853949026585,20.795384280872124,14.591461860749911
51099,2022,62783.0,2159040.0,103264.0,6.9,34.9,150.22713608123456,2.6,38.3,13.416328317713363,13009.0,1126664942.0,86608.0,,716.0,2.5,14453.0,0,,0,0.0,0,51,5.012148389331644,9.578657284448841,9.473396704601559,20.842527727002828,14.585174236421198
51101,2012,39204.0,496316.0,63151.0,7.8,19.7,57.90588149392136,6.3,39.3,11.078563954272488,3377.0,133475538.0,39520.0,,353.0,6.2,8673.0,0,,0,0.0,0,51,4.058818959625926,9.067970030684457,8.124743020385568,18.709428783059764,13.114968099621265
51101,2013,39401.0,473774.0,62670.0,9.5,19.2,58.263663247051944,5.8,39.8,10.746684803862737,3414.0,138505551.0,40574.0,,336.0,5.5,8701.0,0,,0,0.0,0,51,4.064978627121552,9.071193240566025,8.135639903354386,18.74642096221089,13.068485693726224
51101,2014,38273.0,475909.0,63560.0,11.7,19.1,58.57763498959512,5.8,40.3,10.883366139617726,3479.0,148952991.0,42814.0,,339.0,5.1,8783.0,0,,0,0.0,0,51,4.070352968266323,9.080573313917117,8.154500175151941,18.8191413174859,13.072981938466418
51101,2015,40729.0,495907.0,62031.0,11.8,18.4,58.76747836880727,5.4,40.7,11.136121027576754,3677.0,159189041.0,43298.0,,383.0,4.2,8739.0,0,,0,0.0,0,51,4.073588612928595,9.075551045627543,8.209852481301272,18.88560299106542,13.114143688126742
51101,2016,43294.0,510206.0,64297.0,12.1,18.6,58.98287758752875,3.9,40.9,11.229389453977756,3854.0,165784204.0,43018.0,,413.0,3.7,8762.0,0,,0,0.0,0,51,4.077247191405669,9.078179468373843,8.256866848974312,18.92619752471552,13.14256984471478
51101,2017,44834.0,510929.0,67423.0,10.9,19.0,59.61447190683071,3.7,41.3,11.491582934592548,3936.0,171804452.0,43653.0,,416.0,3.4,9014.0,0,,0,0.0,0,51,4.087898361824675,9.106534203250593,8.277920258172143,18.961867481031987,13.143985916283802
51101,2018,45385.0,514377.0,68720.0,10.1,20.4,60.22781205505458,3.0,41.4,11.7136092600738,4004.0,178532120.0,44591.0,,437.0,3.0,9119.0,0,,0,0.0,0,51,4.09813423989829,9.118115427933665,8.295049140435111,19.000279086973585,13.150711738619764
51101,2019,47213.0,535175.0,66987.0,8.4,21.0,60.92512139023766,4.0,40.3,12.129617939764282,4039.0,182568356.0,45204.0,,450.0,2.7,9288.0,0,,0,0.0,0,51,4.109645591962919,9.136478523377727,8.303752415563412,19.022635214283856,13.190349075195423
51101,2020,50003.0,516227.0,73284.0,7.2,24.1,62.00941915227629,4.1,41.0,12.197910826297328,3830.0,183421874.0,47895.0,,441.0,5.5,9216.0,0,,0,0.0,0,51,4.12728629531705,9.128696382935672,8.250620082174692,19.027299380031213,13.154301870206796
51101,2021,53849.0,535964.0,74592.0,7.7,24.9,63.9297579496915,3.0,40.6,12.105754590834383,3828.0,190159811.0,49679.0,,443.0,3.3,9248.0,0,,0,0.0,0,51,4.157784948594267,9.13216259091216,8.250097752572845,19.063375387115844,13.19182227361822
51101,2022,54865.0,528806.0,79398.0,8.0,24.8,65.149136577708,4.0,40.8,13.405271630284828,3968.0,210972468.0,53166.0,,520.0,2.6,9568.0,0,,0,0.0,0,51,4.1766790506466265,9.166179476190413,8.286017468404763,19.167238199514316,13.178376913900024
51103,2012,47417.0,438376.0,49516.0,10.0,25.8,85.29998649723193,8.1,54.2,11.059851188451322,4631.0,150273795.0,32452.0,26.0,497.0,7.8,5512.0,0,,0,0.0,0,51,4.446174296200223,8.614682812693495,8.440528106480752,18.827969488224845,12.99083226859186
51103,2013,46961.0,437470.0,49248.0,11.7,28.3,84.78988192579477,8.5,54.5,10.736616159097396,4553.0,151207145.0,33211.0,,481.0,7.3,5399.0,0,,0,0.0,0,51,4.440176218766231,8.593969030218288,8.423541635334782,18.834161275884217,12.988763411000107
51103,2014,47986.0,430334.0,49456.0,10.9,28.7,84.19726043838986,8.3,55.3,10.86213362594747,4499.0,152422512.0,33882.0,,480.0,7.5,5364.0,0,,0,0.0,0,51,4.4331623843577965,8.587465244401569,8.411610428841172,18.84216690684324,12.972316930346146
51103,2015,50285.0,422594.0,50374.0,11.3,27.9,83.48461434594091,7.9,55.6,11.077773236839391,4443.0,152379653.0,34300.0,,492.0,6.5,5147.0,0,,0,0.0,0,51,4.424662355548925,8.546169299652755,8.399085102935908,18.84188568180481,12.954167186240303
51103,2016,52217.0,437223.0,50118.0,10.0,29.7,82.92950054761225,5.4,56.4,11.203980712340243,4509.0,158654848.0,35188.0,,490.0,5.5,5115.0,0,,0,0.0,0,51,4.417990855867046,8.539932678385727,8.413830678421084,18.8822416333583,12.988198641403082
51103,2017,55411.0,432873.0,51495.0,11.0,31.9,81.37668221985507,4.4,56.3,11.535030708700932,4530.0,165089726.0,36446.0,,487.0,5.2,5384.0,0,,0,0.0,0,51,4.399088772755676,8.591186871324563,8.41847721847708,18.921999678001903,12.97819966142261
51103,2018,55894.0,436020.0,50739.0,9.2,30.9,81.04661455598396,3.4,56.7,11.678494135710968,4522.0,165761290.0,36657.0,,490.0,4.4,5314.0,0,,0,0.0,0,51,4.395024477488006,8.57810012631976,8.416709652837914,18.926059299341016,12.985443392838736
51103,2019,62720.0,482975.0,53711.0,9.8,31.5,80.4464915307638,4.1,57.3,12.07314173691482,4616.0,169620957.0,36743.0,,491.0,4.3,5425.0,0,,0,0.0,0,51,4.387592261931349,8.59877317840866,8.437283808187935,18.94907684090526,13.087720171460754
51103,2020,65644.0,480112.0,59736.0,14.6,33.9,80.16143309378423,9.9,57.2,12.195475158886936,4372.0,172296713.0,39406.0,,490.0,7.5,5318.0,0,,0,0.0,0,51,4.384042515093216,8.578852571802965,8.382975849296429,18.96472862412524,13.081774688999419
51103,2021,71224.0,490145.0,64460.0,10.9,33.3,81.88678679129221,11.7,57.1,12.14148832398868,4375.0,183405177.0,41926.0,,497.0,5.3,5252.0,0,,0,0.0,0,51,4.405337644403729,8.566364235422688,8.383661798791715,19.02720834530536,13.102456544678953
51103,2022,76974.0,490604.0,62674.0,14.0,32.3,81.5117099005296,9.3,59.2,13.416328317713363,4470.0,197993532.0,44299.0,,594.0,3.5,5387.0,0,,0,0.0,0,51,4.400746689686968,8.591743922680534,8.405143687607614,19.103744921458574,13.103392564054984
51105,2012,26597.0,481957.0,31729.0,24.1,12.1,58.63410645462104,9.1,41.4,9.425297389624752,5057.0,160128982.0,31667.0,,492.0,8.1,9774.0,0,,0,0.0,0,51,4.071316548684113,9.1874810778301,8.528528701079983,18.891490185943788,13.085610177434887
51105,2013,26405.0,459069.0,31308.0,26.8,11.7,58.56290395931811,11.2,41.7,8.92447250989387,4729.0,152030921.0,32151.0,,485.0,8.6,9298.0,0,,0,0.0,0,51,4.070101457892769,9.13755460225053,8.461469042643875,18.839594485753533,13.036955804542128
51105,2014,26626.0,428225.0,31264.0,26.0,11.1,58.29417196091672,11.7,42.4,9.924450251704783,4445.0,139583532.0,31401.0,,500.0,8.0,8864.0,0,,0,0.0,0,51,4.065502121994411,9.089753408987065,8.399535147948004,18.75417377571801,12.967404037366185
51105,2015,27260.0,419908.0,31086.0,25.4,12.0,57.89451924534543,12.0,42.8,9.722019700785658,4467.0,141686758.0,31719.0,,531.0,7.1,8601.0,0,,0,0.0,0,51,4.05862272112347,9.059633754551479,8.404472321352118,18.76912924934138,12.947790918646069
51105,2016,27923.0,425351.0,31577.0,26.1,11.6,57.21694711262398,12.3,43.2,10.12566291672222,4474.0,145864323.0,32600.0,,554.0,6.7,8451.0,0,,0,0.0,0,51,4.046850132696763,9.042040056544483,8.406038142050075,18.798187453090215,12.960669989406322
51105,2017,28721.0,388534.0,32590.0,26.2,11.1,56.107566298710545,11.4,43.8,10.474954398019824,4371.0,143290417.0,32779.0,,559.0,5.1,8628.0,0,,0,0.0,0,51,4.027270675069058,9.062768007509048,8.382747094863314,18.7803840168707,12.870135961048046
51105,2018,29875.0,389750.0,32718.0,24.0,11.4,55.43229102067629,10.3,44.4,10.339365880538748,4274.0,139810686.0,32714.0,,578.0,4.1,8341.0,0,,0,0.0,0,51,4.0151622943595795,9.028938392241612,8.360305435879093,18.755799822611007,12.873260786920023
51105,2019,31321.0,381457.0,32888.0,25.5,11.2,55.0050760488587,9.1,44.9,10.605486460992983,4187.0,140693379.0,33601.0,,548.0,4.0,8341.0,0,,0,0.0,0,51,4.007425472771276,9.028938392241612,8.339739766019143,18.76209346340808,12.851753410378965
51105,2020,34908.0,396070.0,35006.0,27.5,9.6,54.48828374424064,9.7,45.4,11.207282032769276,4101.0,148682621.0,36260.0,,527.0,6.6,8230.0,0,,0,0.0,0,51,3.997985701388398,9.015541293671115,8.31898612539206,18.81732453170176,12.88934624229182
51105,2021,38081.0,387531.0,37574.0,26.2,10.8,51.63788707743616,9.4,45.6,12.003425755807903,4062.0,154625069.0,38064.0,,523.0,4.1,8058.0,0,,0,0.0,0,51,3.9442556487477756,8.994420665751292,8.30943074214033,18.85651383491773,12.867551124575709
51105,2022,39652.0,396415.0,41619.0,26.0,11.5,51.19000041343384,8.1,45.2,13.12628626745395,4063.0,164891618.0,40583.0,5.0,577.0,3.7,8194.0,0,,0,0.0,0,51,3.935544208545949,9.011157458106817,8.309676895987726,18.920798955431348,12.89021692128712
51109,2012,36326.0,2417503.0,55765.0,9.9,18.5,66.82799814967063,6.2,43.1,11.07906344846252,8242.0,381357633.0,46272.0,,754.0,6.1,17936.0,0,,0,0.0,0,51,4.202122126707596,9.79456514531194,9.016998311898762,19.759248162107788,14.698245747260213
51109,2013,36290.0,2284204.0,54518.0,10.3,18.8,67.4360212262674,8.2,43.4,10.769041736506626,8390.0,387758149.0,46218.0,,770.0,5.5,18056.0,0,,0,0.0,0,51,4.211179314715166,9.801233318497372,9.034795799461252,19.77589237591872,14.641528162757254
51109,2014,37860.0,2264444.0,57126.0,9.6,19.2,68.16120489569677,8.0,43.7,10.908745164531664,8753.0,410124061.0,46854.0,,804.0,5.0,18513.0,0,,0,0.0,0,51,4.221875559825156,9.826228466989177,9.077151777732437,19.831970259697048,14.63283981215176
51109,2015,39659.0,2331766.0,57829.0,10.0,20.6,68.65206737946093,8.1,43.7,11.165113774960924,9477.0,451407324.0,47630.0,,877.0,4.2,18866.0,0,,0,0.0,0,51,4.2290512465378285,9.845116639209799,9.156623089470195,19.92788064729362,14.662136478364646
51109,2016,39932.0,2151587.0,54662.0,12.0,21.9,69.38735109999656,8.1,44.0,11.25166149811725,9140.0,437026749.0,47813.0,,930.0,3.8,18595.0,0,,0,0.0,0,51,4.239704590094274,9.830648006359171,9.120415664448196,19.89550496171289,14.581716267347726
51109,2017,42046.0,2212625.0,56946.0,11.8,23.2,70.32261583243611,7.7,44.5,11.50511905291033,9693.0,463727712.0,47843.0,,923.0,3.4,19765.0,0,,0,0.0,0,51,4.253093451667367,9.891667975730785,9.179159254492609,19.954808110353625,14.609690151443457
51109,2018,43416.0,2215513.0,59343.0,12.3,23.4,71.46796162788583,6.3,44.7,11.740616319700491,9731.0,492803610.0,50644.0,,971.0,2.8,19841.0,0,,0,0.0,0,51,4.2692492601575545,9.895505782794471,9.18307194482199,20.015621295643765,14.61099453735441
51109,2019,44219.0,2198089.0,60975.0,11.8,24.1,72.80116837391196,5.4,44.8,12.164790668522816,9659.0,481304163.0,49829.0,,981.0,2.7,20183.0,0,,0,0.0,0,51,4.2877320041660525,9.912595944900119,9.175645402179295,19.99200998372689,14.60309890448173
51109,2020,46684.0,2159402.0,67027.0,11.4,25.2,74.04145464976052,5.2,45.3,12.221246182290477,9571.0,475308420.0,49663.0,,989.0,5.4,19836.0,0,,0,0.0,0,51,4.3046251343216,9.895253747609024,9.166492972195906,19.979474456554616,14.585341889477947
51109,2021,50798.0,2278986.0,70974.0,10.8,25.8,75.01509957640386,6.2,44.9,12.125952876442982,9894.0,517177021.0,52274.0,,1031.0,3.4,20066.0,0,,0,0.0,0,51,4.317689420957996,9.906782119485557,9.199683791787654,20.063895774253915,14.639241165163757
51109,2022,51411.0,2323484.0,76594.0,10.9,25.8,76.97450949101803,6.4,45.0,13.412822226284677,10350.0,566435208.0,54727.0,,1156.0,2.6,20764.0,0,,0,0.0,0,51,4.343474321474808,9.94097599694712,9.244741798693514,20.15487325942882,14.658578341320345
51111,2012,27380.0,243744.0,34455.0,22.4,10.4,29.73824415103081,9.8,43.8,11.121508136732556,2444.0,77266041.0,31616.0,,256.0,7.4,5375.0,0,,0,0.0,0,51,3.3924338993102916,8.589513852995864,7.8013913202914855,18.162765102671187,12.403873773172515
51111,2013,27496.0,235891.0,35237.0,22.6,11.9,29.555246699096596,9.9,44.1,10.786805283985798,2435.0,77167668.0,31691.0,,255.0,6.9,5325.0,0,,0,0.0,0,51,3.3862612813603112,8.580167990577626,7.79770203551669,18.161491118980162,12.37112511290875
51111,2014,28913.0,233793.0,37881.0,19.9,12.5,29.342135742413713,7.4,44.4,10.939802416710576,2508.0,79021982.0,31512.0,,257.0,5.8,5358.0,0,,0,0.0,0,51,3.3790245629222007,8.586346050104554,7.827240901752812,18.18523662489062,12.36219138745213
51111,2015,29640.0,236619.0,39506.0,20.5,12.2,29.089645587213344,7.3,44.7,11.157159908730716,2512.0,81328713.0,32374.0,,282.0,5.0,5305.0,0,,0,0.0,0,51,3.370382289112623,8.576405051048084,7.828834527588089,18.214009685598718,12.374206531613279
51111,2016,30817.0,240346.0,39911.0,20.6,11.8,28.839471855455177,6.2,45.2,11.25930633755677,2555.0,83919294.0,32852.0,,302.0,4.5,5260.0,0,,0,0.0,0,51,3.361744999331422,8.567886305731756,7.845807502637805,18.24536610924286,12.389834830787116
51111,2017,31673.0,234850.0,39537.0,18.6,10.6,28.651841556636555,4.5,45.4,11.571047822630142,2589.0,85547154.0,33045.0,,310.0,4.1,5404.0,0,,0,0.0,0,51,3.355217718813578,8.59489469908009,7.859026979751538,18.264578290653848,12.366702291455141
51111,2018,32439.0,234697.0,41868.0,17.9,10.6,28.44104702339588,4.4,45.5,11.7170034468442,2565.0,86473538.0,33714.0,,322.0,3.2,5342.0,0,,0,0.0,0,51,3.34783341942601,8.583355393669907,7.84971375760487,18.27534900602418,12.366050599482175
51111,2019,33123.0,237777.0,44303.0,16.4,11.3,28.4503127171647,4.5,45.3,12.12071979365678,2466.0,88950293.0,36067.0,,317.0,3.1,5343.0,0,,0,0.0,0,51,3.348159152327913,8.583542571957771,7.81035268372429,18.303588266056078,12.379088538628428
51111,2020,36443.0,236751.0,45884.0,14.9,12.5,28.478109798471163,3.8,44.5,12.2486114343247,2345.0,89576072.0,38201.0,,312.0,5.5,5209.0,0,,0,0.0,0,51,3.349135714905523,8.558143177745192,7.76004068088038,18.310598788708575,12.37476423490424
51111,2021,39597.0,271003.0,47269.0,14.0,11.8,27.75538568450313,4.8,43.9,12.158764258234664,2223.0,124373238.0,55957.0,,321.0,3.8,5091.0,0,,0,0.0,0,51,3.3234299000824383,8.535229553902337,7.706612913964197,18.63879758650851,12.509885169911266
51111,2022,39328.0,239040.0,54438.0,13.0,11.1,27.76928422515636,4.0,44.0,13.457168788489794,2197.0,96653310.0,44003.0,,377.0,3.3,5167.0,0,,0,0.0,0,51,3.323930525875122,8.550047528287184,7.69484807238461,18.386641010316204,12.38438618092659
51113,2012,40023.0,387042.0,54510.0,12.8,18.4,41.386236191593014,7.7,44.7,11.078563954272488,3058.0,100037080.0,32716.0,,335.0,4.7,7252.0,0,,0,0.0,0,51,3.7229483664142116,8.889032571874742,8.025516386489008,18.421051475223035,12.866288493255059
51113,2013,40877.0,399320.0,53459.0,13.3,21.8,41.320741771093886,7.2,45.2,10.746684803862737,3029.0,94896977.0,31334.0,,329.0,4.4,7229.0,0,,0,0.0,0,51,3.7213645959560817,8.885855993000296,8.015987811027237,18.368302408489015,12.89751837945036
51113,2014,42709.0,421936.0,51641.0,13.8,23.1,41.19287171202416,6.8,45.1,10.883366139617726,3051.0,98838765.0,32396.0,,330.0,4.0,7272.0,0,,0,0.0,0,51,3.718265224687922,8.891786635857315,8.02322468471667,18.409000444065303,12.952608922749022
51113,2015,43439.0,417031.0,47736.0,12.4,23.2,41.00262601438383,6.6,44.6,11.136121027576754,3127.0,103860697.0,33218.0,,357.0,3.4,7255.0,0,,0,0.0,0,51,3.713636113784563,8.889446165318288,8.047829357457841,18.458561107314985,12.940915838545397
51113,2016,45029.0,411230.0,48271.0,11.7,25.6,40.924656466170575,5.3,44.6,11.229389453977756,3097.0,109859996.0,35471.0,,365.0,3.1,7183.0,0,,0,0.0,0,51,3.7117327289927813,8.879472402074802,8.038189179973203,18.51471734946877,12.92690794766029
51113,2017,44302.0,346389.0,52287.0,9.8,26.9,40.88099351917115,5.6,45.2,11.491582934592548,3152.0,112116955.0,35567.0,,364.0,2.9,7333.0,0,,0,0.0,0,51,3.7106652489066634,8.9001399880938,8.05579245097777,18.535053125490354,12.755317699969906
51113,2018,44685.0,345656.0,54197.0,8.3,24.2,40.977675758955584,5.5,44.8,11.7136092600738,3053.0,109471338.0,35859.0,,364.0,2.5,7302.0,0,,0,0.0,0,51,3.7130274247297805,8.895903562215581,8.023879992734878,18.511173319532766,12.753199339822492
51113,2019,47693.0,339604.0,57895.0,6.6,23.4,41.07435799874001,5.1,45.6,12.129617939764282,3114.0,114611374.0,36802.0,,363.0,2.2,7470.0,0,,0,0.0,0,51,3.715384033825285,8.918650278126863,8.043663352393944,18.557057606883703,12.735535511912978
51113,2020,51066.0,345803.0,63482.0,9.6,24.5,41.19287171202416,4.1,46.4,12.197910826297328,3050.0,121920200.0,39975.0,,363.0,3.9,7268.0,0,,0,0.0,0,51,3.718265224687922,8.891236429516061,8.022896869601457,18.618877290321212,12.753624527728686
51113,2021,55880.0,354375.0,72349.0,8.7,24.7,42.82399466064534,5.0,46.5,12.105754590834383,3124.0,129370230.0,41415.0,,368.0,2.5,7374.0,0,,0,0.0,0,51,3.75709856840971,8.90571557879409,8.046869510959576,18.67818885173899,12.778110953464154
51113,2022,57118.0,349632.0,74586.0,8.0,24.5,43.12651650771275,3.7,46.6,13.405271630284828,3141.0,138125159.0,43971.0,,498.0,2.1,7548.0,0,,0,0.0,0,51,3.7641380401294735,8.92903790648844,8.052296499538647,18.743670781366852,12.76463645175539
51115,2012,47519.0,189718.0,55590.0,8.6,25.8,104.3521784171992,4.9,50.3,11.044668644654392,1468.0,36971946.0,25191.0,,216.0,5.6,4170.0,0,,0,0.0,0,51,4.647771509368549,8.335671314792847,7.291656209174461,17.42566996680099,12.153294038084804
51115,2013,46650.0,186646.0,55192.0,10.1,27.2,104.0960994517582,5.7,50.6,10.72088033141516,1422.0,36640984.0,25773.0,,207.0,4.9,4165.0,0,,0,0.0,0,51,4.645314505675497,8.334471554600944,7.259819610363186,17.416677953304788,12.13696905362823
51115,2014,48946.0,188586.0,63157.0,9.1,29.0,103.8633003922664,4.3,50.7,10.845198937440564,1437.0,38963391.0,27124.0,,200.0,4.5,4139.0,0,,0,0.0,0,51,4.643075615229467,8.328209491748732,7.270312886079025,17.478133070938703,12.14730941524913
51115,2015,50742.0,184818.0,63845.0,7.0,29.2,103.36278241435905,3.3,51.1,11.055026234667997,1458.0,40144959.0,27526.0,,209.0,4.2,4090.0,0,,0,0.0,0,51,4.638244959315531,8.316300249036848,7.284820912568604,17.508007436302606,12.127126836043798
51115,2016,52125.0,190170.0,64049.0,9.6,26.6,102.99030391917216,2.0,51.5,11.185673295112666,1493.0,41267469.0,27645.0,,215.0,4.0,4045.0,0,,0,0.0,0,51,4.634634847091432,8.305236829492593,7.30854279753919,17.535585072007088,12.155673687946322
51115,2017,54226.0,176379.0,63622.0,10.6,26.9,102.78078476562956,1.4,52.6,11.524501496229677,1476.0,41315636.0,27998.0,,220.0,3.7,4132.0,0,,0,0.0,0,51,4.632598416927322,8.326516830239528,7.297091005160418,17.53675158192366,12.08039036784905
51115,2018,55441.0,187095.0,67009.0,10.8,28.0,102.38502636449348,2.7,52.9,11.66164086138545,1533.0,43793239.0,28559.0,,227.0,3.0,4139.0,0,,0,0.0,0,51,4.628740475003967,8.328209491748732,7.334981878871814,17.594990002701238,12.139371788227919
51115,2019,58865.0,192091.0,64237.0,11.4,27.9,102.29190674069676,4.4,54.5,12.056458043354928,1573.0,45903888.0,29192.0,,225.0,2.8,4189.0,0,,0,0.0,0,51,4.627830556833816,8.340217320947035,7.360739903058278,17.642060377325787,12.165724497060477
51115,2020,61747.0,192738.0,74489.0,8.5,29.1,101.96598805740824,4.5,53.7,12.179610359243735,1496.0,47375730.0,31670.0,,217.0,5.1,3983.0,0,,0,0.0,0,51,4.624639307259753,8.289790583181643,7.310550158534422,17.673620630219123,12.169087032678203
51115,2021,66033.0,192079.0,73229.0,8.0,29.9,99.49831802679518,7.0,53.4,12.13029958147936,1485.0,50891551.0,34278.0,,220.0,3.2,3995.0,0,,0,0.0,0,51,4.600140739768354,8.292798858200374,7.3031700512368,17.745207475601077,12.165662024717484
51115,2022,68291.0,188645.0,79054.0,6.8,29.8,99.37027854407468,8.2,53.7,13.40972176536102,1554.0,57028050.0,36703.0,,248.0,2.8,4096.0,0,,0,0.0,0,51,4.598853060339622,8.317766166719343,7.348587530927593,17.859053810017897,12.14762222093308
51119,2012,41876.0,355982.0,55625.0,8.2,28.8,83.28857515537482,5.4,51.2,11.044668644654392,3210.0,93156364.0,29020.0,,383.0,5.9,5128.0,0,,0,0.0,0,51,4.422311386769763,8.542470998600505,8.07402621612406,18.34978997259229,12.782635446758125
51119,2013,40817.0,353898.0,53309.0,9.4,27.4,83.25788383334611,6.6,51.0,10.72088033141516,3221.0,98359519.0,30535.0,,364.0,5.4,5115.0,0,,0,0.0,0,51,4.421942825077579,8.539932678385727,8.0774471493312,18.404139885101042,12.776764015003655
51119,2014,41698.0,344356.0,54452.0,9.8,28.3,82.9970075961022,6.0,51.5,10.845198937440564,3142.0,100717112.0,32058.0,,346.0,5.0,5045.0,0,,0,0.0,0,51,4.418804554087661,8.52615293278771,8.052614818815567,18.427826273738834,12.74943128495347
51119,2015,44150.0,342238.0,54654.0,9.5,24.2,82.22972454538478,6.3,52.7,11.055026234667997,3210.0,104436017.0,32539.0,,365.0,4.2,5000.0,0,,0,0.0,0,51,4.409516849170369,8.517193191416238,8.07402621612406,18.464085164338755,12.74326168044689
51119,2016,45277.0,354920.0,53093.0,10.9,23.4,82.3141256809637,5.3,53.1,11.185673295112666,3287.0,109705459.0,33377.0,,385.0,3.8,5035.0,0,,0,0.0,0,51,4.410542729418886,8.524168805152662,8.097730573664219,18.513309686997296,12.779647690949274
51119,2017,48438.0,382854.0,50483.0,10.2,22.1,82.17601473183457,6.3,53.5,11.524501496229677,3463.0,118319868.0,34169.0,,386.0,3.2,5367.0,0,,0,0.0,0,51,4.408863467899166,8.588024372176829,8.149890544402423,18.588902260747535,12.855408994442808
51119,2018,49513.0,378703.0,51917.0,8.4,21.8,82.09928642676283,4.4,53.4,11.66164086138545,3333.0,126990178.0,38100.0,,385.0,2.7,5253.0,0,,0,0.0,0,51,4.407929324907369,8.566554620953962,8.11162807830774,18.659620302849405,12.844507535696374
51119,2019,54632.0,371698.0,57438.0,10.0,21.5,81.90746566408347,5.5,53.9,12.056458043354928,3342.0,118579629.0,35483.0,,389.0,2.5,5285.0,0,,0,0.0,0,51,4.405590142554197,8.572627898304338,8.114324709155339,18.591095267549107,12.82583697558752
51119,2020,57281.0,360527.0,57060.0,9.7,26.9,81.65426225734673,5.2,54.7,12.179610359243735,3116.0,116642337.0,37432.0,,377.0,5.3,5109.0,0,,0,0.0,0,51,4.402494019613686,8.538758969330798,8.044305406990638,18.574622862032136,12.795322128880386
51119,2021,60932.0,368806.0,63782.0,9.8,27.1,81.99186679966239,6.2,54.8,12.13029958147936,3179.0,125835509.0,39579.0,,376.0,3.4,5125.0,0,,0,0.0,0,51,4.406620056975088,8.54188580400661,8.064321960910803,18.650486127902,12.818026039512715
51119,2022,62216.0,372143.0,69389.0,9.7,29.6,82.39085398603544,4.6,54.9,13.40972176536102,3263.0,138181015.0,42347.0,,462.0,2.7,5250.0,0,,0,0.0,0,51,4.411474435439886,8.565983355585669,8.09040229659332,18.74407508648933,12.827033467991377
51125,2012,41615.0,488300.0,48888.0,11.5,23.9,31.864385176688018,6.7,47.7,10.969951814046452,3638.0,105868690.0,29105.0,,514.0,5.7,7453.0,0,,0,0.0,0,51,3.4614889339524035,8.916371914881694,8.199189359078067,18.477710110577192,13.098685250049751
51125,2013,42700.0,524889.0,48789.0,14.2,26.7,31.736927635981264,9.1,47.9,10.759445818322432,3811.0,110112190.0,28891.0,,517.0,5.4,7359.0,0,,0,0.0,0,51,3.457480912554865,8.903679332926599,8.24564690087386,18.517010313093692,13.170942090648161
51125,2014,43075.0,528709.0,50131.0,14.1,29.0,31.63496160341586,6.2,48.1,10.945741217077012,3951.0,118178332.0,29908.0,,533.0,4.8,7418.0,0,,0,0.0,0,51,3.4542628888606637,8.911664758049536,8.281723990411392,18.587705329718904,13.178193464964979
51125,2015,45240.0,505777.0,47118.0,14.7,28.2,31.562735663682037,5.7,48.4,11.134379247266224,4279.0,149026074.0,34827.0,,556.0,4.0,7296.0,0,,0,0.0,0,51,3.451977173579808,8.895081531754167,8.361474616416817,18.819631841888786,13.133851139665314
51125,2016,46657.0,485534.0,50994.0,14.6,30.1,31.505379770364,3.8,48.7,11.238520500068615,3972.0,129655623.0,32643.0,,571.0,3.5,7246.0,0,,0,0.0,0,51,3.4501583176100192,8.888204871455022,8.287025025165063,18.68039243962166,13.093004595157451
51125,2017,48222.0,491384.0,53834.0,14.9,30.8,31.573357125407597,3.7,49.7,11.507452794791472,3941.0,133252403.0,33815.0,,569.0,3.5,7355.0,0,,0,0.0,0,51,3.4523136360169513,8.903135633035538,8.279189777195004,18.70775565461873,13.104981178506566
51125,2018,49547.0,508702.0,62446.0,12.4,32.1,31.465018215806857,3.9,50.1,11.59315094581728,4013.0,139245702.0,34702.0,,573.0,3.1,7349.0,0,,0,0.0,0,51,3.44887639590156,8.90231952852887,8.297294370266917,18.751750570945234,13.139617662393457
51125,2019,53191.0,501209.0,64313.0,13.0,30.4,31.505379770364,3.5,51.4,11.906429304977078,4024.0,143393714.0,35633.0,,555.0,2.7,7579.0,0,,0,0.0,0,51,3.4501583176100192,8.93313654381203,8.300031711779575,18.78110464974361,13.124778458746258
51125,2020,57691.0,496810.0,62203.0,11.5,30.9,31.465018215806857,3.1,51.3,11.95795202087744,3649.0,140274608.0,38445.0,,544.0,5.9,7169.0,0,,0,0.0,0,51,3.44887639590156,8.877521453852872,8.202208436436448,18.759112545086623,13.115962938223301
51125,2021,63126.0,550814.0,67707.0,12.5,30.3,31.428905245939944,4.7,51.8,11.9541607203177,3697.0,151501925.0,40976.0,,546.0,3.5,7205.0,0,,0,0.0,0,51,3.4477280187023664,8.882530508433623,8.215276958936633,18.836108889103603,13.219152463088053
51125,2022,63841.0,537643.0,64028.0,13.2,30.4,31.38217081434747,3.2,50.7,13.327570587612463,3883.0,166283974.0,42825.0,,633.0,2.7,7376.0,0,,0,0.0,0,51,3.4462399231896645,8.90598676523643,8.264363329731667,18.92920757150984,13.194950050111485
51127,2012,61117.0,435016.0,70978.0,5.9,23.2,87.89011355250315,8.7,42.0,11.044668644654392,3795.0,130638249.0,34428.0,,429.0,5.5,10600.0,0,,0,0.0,0,51,4.476087324560054,9.268609280100158,8.24143968982973,18.6879426032911,12.983138091003589
51127,2013,63360.0,442895.0,70618.0,5.9,23.2,89.4660413740567,8.6,42.9,10.72088033141516,3887.0,129575431.0,33337.0,,414.0,4.9,10788.0,0,,0,0.0,0,51,4.493859127292363,9.28618968425962,8.265392930852224,18.679773748293435,13.001088000617491
51127,2014,65724.0,450576.0,73030.0,5.4,24.6,91.35144142642892,7.4,43.3,10.845198937440564,3933.0,137103303.0,34863.0,,411.0,4.4,11116.0,0,,0,0.0,0,51,4.5147140618613095,9.316140790862395,8.27715777243181,18.736245236146058,13.018282043244882
51127,2015,68271.0,466957.0,73041.0,7.0,24.6,93.12733592020378,6.1,43.1,11.055026234667997,4135.0,146919829.0,35534.0,,428.0,3.8,11258.0,0,,0,0.0,0,51,4.533967760092019,9.328834266023971,8.327242607457793,18.805397615016343,13.053992455323884
51127,2016,66391.0,493423.0,75303.0,5.0,26.0,95.4650415406956,4.9,44.0,11.185673295112666,4320.0,157487158.0,36460.0,,456.0,3.3,11690.0,0,,0,0.0,0,51,4.558760123305914,9.366489054466115,8.371010681238156,18.874854476397743,13.109122097313186
51127,2017,70079.0,498917.0,78429.0,5.1,26.9,97.71228604756352,5.1,44.0,11.524501496229677,4196.0,155024532.0,36945.0,,466.0,3.2,12095.0,0,,0,0.0,0,51,4.5820273039323185,9.400547423044127,8.341886969516187,18.859093933327735,13.120195028233514
51127,2018,74604.0,522229.0,79698.0,4.8,28.4,100.47373056871474,4.5,43.7,11.66164086138545,4372.0,163072422.0,37298.0,,491.0,2.7,12447.0,0,,0,0.0,0,51,4.609896305955523,9.429234909000977,8.382975849296429,18.909704966844487,13.165861467983248
51127,2019,81720.0,574347.0,87904.0,6.9,26.9,103.24945842359608,3.5,43.3,12.056458043354928,4854.0,199404824.0,41080.0,,500.0,2.3,12895.0,0,,0,0.0,0,51,4.6371479865353376,9.464594918315445,8.487558386286548,19.11084760777711,13.26098902226401
51127,2020,85751.0,614093.0,97688.0,4.8,32.1,106.22039183945532,3.1,43.9,12.179610359243735,4980.0,223061782.0,44792.0,,519.0,4.7,12652.0,0,,0,0.0,0,51,4.6655161039297885,9.445570584425539,8.513185170018698,19.22295934038067,13.32790166145754
51127,2021,96838.0,650049.0,101628.0,4.6,32.8,107.21546408931844,3.1,42.1,12.13029958147936,5207.0,228043379.0,43798.0,,533.0,2.9,12742.0,0,,0,0.0,0,51,4.67484049279755,9.452658902676433,8.557759153162898,19.24504642759374,13.384803023645928
51127,2022,115233.0,624876.0,113120.0,3.9,33.6,110.91484752541244,3.1,43.2,13.40972176536102,5356.0,250872430.0,46838.0,,594.0,2.3,13231.0,0,,0,0.0,0,51,4.708762767499623,9.490317840042412,8.585972706811063,19.340455120882815,13.345308509034655
51131,2012,38912.0,511559.0,34304.0,22.4,19.6,58.60792019347038,8.8,47.3,11.823409252757964,5002.0,151480406.0,30284.0,,455.0,9.1,6184.0,0,,0,0.0,0,51,4.070869844335258,8.729720590267258,8.517593111437565,18.835966841216088,13.145218204740436
51131,2013,38944.0,483865.0,33635.0,24.3,20.2,58.28200574365176,11.3,47.2,11.277384974918505,4913.0,149765083.0,30485.0,,476.0,8.9,6031.0,0,,0,0.0,0,51,4.065293396377417,8.704668113450987,8.499640032168648,18.824578511089797,13.089561221171948
51131,2014,39282.0,453056.0,34656.0,23.8,20.4,57.880516928657805,9.1,48.0,11.73313465646087,5065.0,156424005.0,30883.0,,497.0,7.4,6101.0,0,,0,0.0,0,51,4.058380832764483,8.716207971151853,8.530109416682784,18.868080858952652,13.02377101713386
51131,2015,41340.0,482655.0,35055.0,23.0,20.6,57.549879081015725,9.5,48.3,12.027638828624529,5301.0,167908313.0,31677.0,,563.0,6.0,6120.0,0,,0,0.0,0,51,4.052652034053881,8.719317375506371,8.575650760987806,18.938928632436166,13.087057391696842
51131,2016,44748.0,491299.0,37011.0,21.9,21.5,57.23813482466747,7.0,48.4,11.674144634068991,5197.0,164542946.0,31659.0,,584.0,5.7,5881.0,0,,0,0.0,0,51,4.047220368983818,8.679482094459956,8.555836815008442,18.9186821640057,13.104808182738426
51131,2017,48773.0,463951.0,41468.0,20.3,23.2,56.67132708585248,4.4,48.4,11.119828857385023,4833.0,150585638.0,31156.0,,583.0,5.6,5568.0,0,,0,0.0,0,51,4.037268387691921,8.624791202014256,8.483222671845084,18.830042503576674,13.04753422218368
51131,2018,51036.0,472940.0,43553.0,19.1,21.6,56.477667775090694,3.1,48.5,11.705791106514996,4485.0,139433036.0,31090.0,,600.0,5.4,5406.0,0,,0,0.0,0,51,4.033845299398464,8.595264726836392,8.408493774492896,18.753095015301213,13.06672380953365
51131,2019,53878.0,484556.0,47227.0,18.0,22.6,56.1375831318017,4.0,49.0,12.319407354436462,4359.0,141241026.0,32402.0,,597.0,4.4,5468.0,0,,0,0.0,0,51,4.027805519273178,8.60666819784384,8.379997952238393,18.765978393229172,13.090988286709084
51131,2020,59152.0,498938.0,50819.0,16.5,26.1,55.85890266021766,4.4,49.8,12.105387062322718,4153.0,144864784.0,34884.0,,580.0,8.1,5377.0,0,,0,0.0,0,51,4.022828915859659,8.589885876809678,8.331586243630754,18.791311341175785,13.120237118517178
51131,2021,68158.0,444476.0,50347.0,16.5,28.1,57.74826178960097,5.3,50.7,11.499600957701515,4269.0,163932624.0,38402.0,,592.0,5.2,5411.0,0,,0,0.0,0,51,4.056093250067554,8.596189197642735,8.359134886757962,18.914966072106715,13.004651339227564
51131,2022,66139.0,425684.0,54693.0,16.7,29.3,57.304262394195895,4.8,51.3,12.57481073421591,4426.0,175966154.0,39758.0,,659.0,3.4,5501.0,0,,0,0.0,0,51,4.048375008287355,8.612685172875459,8.395251520610994,18.985802227690918,12.96145256595604
51133,2012,41659.0,430773.0,51911.0,9.3,22.2,64.71749759705797,9.6,53.5,11.059851188451322,2516.0,79576920.0,31625.0,,373.0,8.0,5882.0,0,,0,0.0,0,51,4.170031606938724,8.67965211911394,7.830425617820331,18.19223465902231,12.97333654820556
51133,2013,41578.0,460445.0,51342.0,11.1,22.1,64.43018931004221,9.8,54.0,10.736616159097396,2433.0,80540824.0,33100.0,,361.0,7.2,5689.0,0,,0,0.0,0,51,4.165582301374424,8.646289764750648,7.796880342783522,18.204274744276393,13.039948692148215
51133,2014,43971.0,437483.0,50774.0,12.2,23.6,64.3570562915291,8.7,54.7,10.86213362594747,2411.0,84203108.0,34929.0,,341.0,6.9,5657.0,0,,0,0.0,0,51,4.164446582910496,8.640648995343156,7.787796878181171,18.248742390645333,12.98879312688199
51133,2015,45257.0,423203.0,51885.0,11.0,25.4,64.2734756989427,8.7,55.1,11.077773236839391,2424.0,89598191.0,36967.0,,349.0,6.0,5483.0,0,,0,0.0,0,51,4.16314703756841,8.609407675404048,7.793174347189205,18.310845688009202,12.955607248347981
51133,2016,47749.0,406961.0,54440.0,11.0,27.1,64.1063145137699,7.6,55.5,11.203980712340243,2491.0,94196223.0,37816.0,,363.0,5.4,5454.0,0,,0,0.0,0,51,4.160542869430023,8.604104563405533,7.820439515262181,18.360890643201344,12.916472636737582
51133,2017,49511.0,394932.0,56677.0,13.5,26.4,64.0122863471102,7.8,56.5,11.535030708700932,2453.0,98657733.0,40218.0,,366.0,5.2,5612.0,0,,0,0.0,0,51,4.159075039108585,8.632662441222351,7.8050670442584895,18.40716717560196,12.886468877164686
51133,2018,51030.0,419773.0,58677.0,13.9,28.5,63.85034894897405,6.4,57.3,11.678494135710968,2517.0,108548443.0,43126.0,,382.0,4.5,5563.0,0,,0,0.0,0,51,4.156542047600248,8.623892810075294,7.830822995135316,18.502707110565254,12.94746936795917
51133,2019,53674.0,394879.0,62632.0,14.6,28.9,63.6779639767646,4.6,58.9,12.07314173691482,2585.0,126588117.0,48970.0,,372.0,4.3,5692.0,0,,0,0.0,0,51,4.153838568298302,8.646816959209742,7.85748078694253,18.656449200709744,12.886334667840988
51133,2020,57032.0,377383.0,59437.0,13.8,32.6,63.47423628233525,6.0,59.3,12.195475158886936,2505.0,127170204.0,50760.0,,370.0,6.6,5616.0,0,,0,0.0,0,51,4.150634095731597,8.633374945705647,7.826044013518965,18.661036936147564,12.841015865856983
51133,2021,60620.0,362733.0,61291.0,15.5,33.9,62.50261189351833,7.3,59.8,12.14148832398868,2433.0,128785969.0,52937.0,,375.0,4.8,5526.0,0,,0,0.0,0,51,4.1352083461654585,8.617219505483362,7.796880342783522,18.67366242936513,12.801422305416708
51133,2022,61493.0,357410.0,64655.0,14.8,33.7,62.72201094905763,4.9,59.0,13.416328317713363,2379.0,129989560.0,54650.0,,414.0,3.9,5457.0,0,,0,0.0,0,51,4.1387124378537035,8.604654467186231,7.774435510302958,18.68296469750271,12.786638861170541
51135,2012,28913.0,466841.0,38209.0,16.8,11.1,50.494608607143995,12.9,43.0,11.0931723907492,5190.0,164413409.0,31676.0,,365.0,6.2,6869.0,0,,0,0.0,0,51,3.9218665703274582,8.834773814213882,8.554488976159934,18.917894600520594,13.053744007585516
51135,2013,28407.0,477678.0,36607.0,16.8,12.0,50.45325869143421,13.2,42.4,10.75946646071212,5613.0,178038399.0,31718.0,,372.0,5.9,7073.0,0,,0,0.0,0,51,3.921047337209831,8.86403999703599,8.6328406149422,18.99750980971023,13.076692144308742
51135,2014,29732.0,474167.0,35911.0,20.9,12.2,50.1160978402621,10.9,41.9,10.912454565193537,5632.0,182521845.0,32411.0,,373.0,5.2,7102.0,0,,0,0.0,0,51,3.9143422706573623,8.868131713503033,8.636219897837877,19.022380422453647,13.069314859301963
51135,2015,30897.0,494359.0,36284.0,24.1,15.2,49.9729635166513,10.8,41.5,11.12969535789322,5838.0,194565332.0,33325.0,,401.0,4.5,7158.0,0,,0,0.0,0,51,3.9114821295141633,8.875985891325971,8.67214355141406,19.086278561794185,13.111017252884245
51135,2016,31415.0,493592.0,36849.0,21.3,15.2,49.75031012436783,8.3,41.9,11.2417094507521,5717.0,194642698.0,34049.0,,423.0,3.9,7044.0,0,,0,0.0,0,51,3.9070166972408074,8.859931469616097,8.651199471263972,19.086676117831345,13.109464543986544
51135,2017,32252.0,506789.0,38410.0,21.5,13.7,49.41951079868953,5.8,41.3,11.55578940355895,5636.0,196168243.0,34804.0,,436.0,3.8,7192.0,0,,0,0.0,0,51,3.9003453016585667,8.880724576151456,8.636929873018572,19.09448323164815,13.135850022379046
51135,2018,32722.0,513849.0,42869.0,20.2,12.7,49.30182257705398,3.7,41.7,11.692904121985697,5792.0,202352111.0,34936.0,,445.0,3.1,7241.0,0,,0,0.0,0,51,3.8979610494739036,8.88751459738882,8.664232934065552,19.125519861650808,13.149684726958109
51135,2019,34365.0,528420.0,45535.0,18.3,14.8,49.08871147301123,4.1,40.6,12.098560750527032,5781.0,214744551.0,37144.0,,446.0,2.7,7310.0,0,,0,0.0,0,51,3.893629099467397,8.896998552743824,8.662331957082475,19.184959744816382,13.17764670102756
51135,2020,37031.0,487517.0,49983.0,16.9,15.5,48.786539012055094,4.3,40.8,12.234671176288956,5473.0,215178859.0,39319.0,,433.0,5.2,7140.0,0,,0,0.0,0,51,3.8874544348913704,8.87346805533363,8.607582191143917,19.18698014257857,13.097080440606904
51135,2021,42936.0,511281.0,54614.0,16.5,16.3,49.8330099557874,5.8,41.0,12.151613242956484,5487.0,243214784.0,44326.0,,444.0,3.7,7092.0,0,,0,0.0,0,51,3.9086776149600526,8.866722667194098,8.610136937058975,19.309455495682364,13.144674620197701
51135,2022,45144.0,553000.0,62366.0,19.1,16.1,49.740767836127105,6.4,41.3,13.444412732541378,5471.0,269191886.0,49201.0,10.0,509.0,2.9,7226.0,0,,0,0.0,0,51,3.9068248752510253,8.885440911707585,8.607216694063826,19.410935014121602,13.223113280504473
51137,2012,42304.0,1001924.0,59501.0,11.1,22.4,98.58448800567614,9.8,42.7,11.07906344846252,8508.0,287276621.0,33764.0,,856.0,6.5,15852.0,0,,0,0.0,0,51,4.590913926774468,9.671050954310326,9.048762176320128,19.47595614576893,13.817432709446926
51137,2013,42626.0,1040633.0,60287.0,12.6,22.2,99.49043913708888,9.6,42.7,10.769041736506626,9028.0,310695126.0,34415.0,,874.0,5.8,16118.0,0,,0,0.0,0,51,4.600061550473213,9.687691938884457,9.108086137937427,19.554322687082202,13.855339739809084
51137,2014,43686.0,1013714.0,63538.0,12.6,24.0,100.3846627457649,9.5,42.6,10.908745164531664,9065.0,315901834.0,34850.0,,858.0,5.2,16237.0,0,,0,0.0,0,51,4.609009434092037,9.695047867587114,9.112176123188952,19.570942071390157,13.82913137206727
51137,2015,45601.0,1019975.0,65166.0,12.1,25.1,101.43134415001848,7.9,42.6,11.165113774960924,9179.0,322865848.0,35174.0,,865.0,4.5,16118.0,0,,0,0.0,0,51,4.61938215729673,9.687691938884457,9.12467354521909,19.59274746364366,13.835288675156162
51137,2016,47219.0,1092545.0,66990.0,9.2,25.9,102.24347509953736,7.7,42.1,11.25166149811725,9735.0,347909489.0,35736.0,,899.0,4.0,16386.0,0,,0,0.0,0,51,4.627356979679303,9.70418259070176,9.1834829178063,19.66745291482926,13.90402039503495
51137,2017,48880.0,1140428.0,67196.0,8.9,25.6,103.39277232773736,6.5,41.9,11.50511905291033,9765.0,356128404.0,36470.0,,914.0,3.7,17015.0,0,,0,0.0,0,51,4.638535059512607,9.741850586935007,9.186559843310778,19.690801909178223,13.946914188507735
51137,2018,50107.0,1192570.0,68481.0,8.6,24.3,104.4101349251491,5.8,42.1,11.740616319700491,9813.0,364683675.0,37162.0,,944.0,3.0,17084.0,0,,0,0.0,0,51,4.64832674856389,9.745897631961357,9.191463316206494,19.71454089195827,13.991621200231487
51137,2019,52448.0,1171177.0,71548.0,8.2,25.1,105.5770234374542,5.7,42.0,12.164790668522816,9990.0,387933221.0,38834.0,,938.0,3.0,17447.0,0,,0,0.0,0,51,4.6594407665132485,9.766922993079902,9.2093398716426,19.77634377195004,13.973519784018215
51137,2020,55626.0,1128721.0,74446.0,10.7,25.7,107.0165768533884,5.5,42.7,12.221246182290477,9403.0,393690900.0,41868.0,,930.0,5.8,17001.0,0,,0,0.0,0,51,4.672983746325887,9.741027444837728,9.148784066277077,19.791076641600604,13.936595691245964
51137,2021,59249.0,1131679.0,79211.0,11.3,26.1,105.55063651129656,5.0,42.5,12.125952876442982,9616.0,426734188.0,44380.0,,967.0,3.6,17115.0,0,,0,0.0,0,51,4.6591908047005575,9.747710550964285,9.17118365677499,19.871671866814122,13.939212928627407
51137,2022,59889.0,1096041.0,87309.0,13.0,27.3,107.28630987633328,4.4,42.8,13.412822226284677,9546.0,438720619.0,45959.0,14.0,1056.0,2.9,17426.0,0,,0,0.0,0,51,4.675501054137264,9.765718622791232,9.163877497565842,19.899373365259912,13.907215154549531
51139,2012,31833.0,526830.0,43745.0,14.8,11.6,77.53668299889362,10.0,43.0,11.05503382190504,5360.0,147685504.0,27553.0,,513.0,10.0,12172.0,0,,0,0.0,0,51,4.35075115339244,9.406893511016861,8.586719254064848,18.810595597796798,13.17463319483801
51139,2013,31830.0,539086.0,42906.0,15.1,11.4,77.33347095841894,11.4,43.5,10.721999608858717,5272.0,145667401.0,27633.0,,519.0,9.0,11934.0,0,,0,0.0,0,51,4.348126862631345,9.387146748082028,8.570165076182343,18.79683650556898,13.197630391894615
51139,2014,33182.0,564676.0,43063.0,17.2,12.4,77.10767980233597,11.0,44.0,10.885241025991355,5328.0,151243805.0,28388.0,,527.0,7.9,11863.0,0,,0,0.0,0,51,4.345202883939909,9.381179591661104,8.580731212220226,18.83440369535871,13.244007394315046
51139,2015,35088.0,617831.0,43895.0,16.4,12.8,76.90769334980533,9.3,44.1,11.16096449506315,5412.0,159461594.0,29463.0,,554.0,6.8,11684.0,0,,0,0.0,0,51,4.342605915068113,9.365975663507632,8.59637398929068,18.887313661225964,13.33397023625889
51139,2016,35824.0,600100.0,45030.0,16.0,12.9,76.63674396250576,8.6,44.7,11.234314246709683,5531.0,168476046.0,30460.0,,584.0,5.5,11606.0,0,,0,0.0,0,51,4.3390766479284935,9.359277484750553,8.618123909994678,18.94230413741358,13.304851586977604
51139,2017,36618.0,585930.0,46140.0,17.0,13.2,76.427080746143,7.8,45.0,11.476025250815438,5515.0,173663380.0,31490.0,,579.0,5.1,11981.0,0,,0,0.0,0,51,4.33633709339441,9.3910773406399,8.615226931687603,18.972629385726496,13.280955607499047
51139,2018,37664.0,600988.0,47951.0,18.3,13.9,76.60448808306533,6.5,45.1,11.695411790208752,5561.0,182491679.0,32814.0,,609.0,4.2,11940.0,0,,0,0.0,0,51,4.338655666192883,9.387649386946594,8.623533227187563,19.022215135426812,13.306330246595877
51139,2019,39321.0,602041.0,51792.0,15.1,13.7,76.730286012883,6.5,45.4,12.119730074089029,5498.0,185861911.0,33803.0,,589.0,3.8,12090.0,0,,0,0.0,0,51,4.34029649370619,9.400133943608838,8.612139668725192,19.040514541973245,13.30808082828412
51139,2020,41969.0,536929.0,51878.0,13.4,14.3,76.96897952074214,5.2,45.3,12.170930616552516,5187.0,188401515.0,36325.0,,580.0,7.6,11927.0,0,,0,0.0,0,51,4.343402477315451,9.386560016578668,8.553910774351401,19.05408596147548,13.193621148734797
51139,2021,46691.0,622707.0,53168.0,12.3,14.6,76.5561042639047,4.3,45.3,12.065474527342197,5373.0,205903642.0,38323.0,,593.0,4.6,11975.0,0,,0,0.0,0,51,4.33802386110479,9.390576422279116,8.589141690728821,19.14291886003974,13.341831382165594
51139,2022,49053.0,679862.0,56760.0,10.0,14.7,76.61739043484151,4.6,45.3,13.373867070205469,5422.0,215778788.0,39801.0,,638.0,3.3,12142.0,0,,0,0.0,0,51,4.338824080154799,9.40442579569038,8.598220030058611,19.189764311239735,13.429645115380472
51141,2012,27955.0,432105.0,35599.0,16.9,9.4,38.33284329356419,11.5,46.1,10.722441486785812,5020.0,129383034.0,25775.0,,410.0,8.9,7968.0,0,,0,0.0,0,51,3.646307055967277,8.983188799264434,8.521185212685776,18.6782878186066,12.976423893248587
51141,2013,27727.0,422622.0,34864.0,17.1,10.7,38.192043134542836,10.9,46.9,10.95825610334336,4849.0,128850921.0,26571.0,,410.0,8.1,7798.0,0,,0,0.0,0,51,3.642627199008877,8.961622569542543,8.486527777105353,18.674166642883435,12.954233441493422
51141,2014,28949.0,409718.0,34753.0,20.2,11.2,38.02639588863536,10.4,46.9,11.367048483791258,4896.0,133445567.0,27255.0,,412.0,6.6,7747.0,0,,0,0.0,0,51,3.6382805472318687,8.955060950631902,8.496173824192162,18.709204214829192,12.92322439715615
51141,2015,30163.0,419958.0,33982.0,21.2,12.6,37.81726624067717,8.3,48.0,11.350030192008443,4991.0,135494354.0,27150.0,,456.0,5.3,7667.0,0,,0,0.0,0,51,3.6327657771877324,8.944680683558895,8.515391569469609,18.72444052951922,12.947909985259217
51141,2016,30618.0,408578.0,35999.0,22.2,13.6,37.64333663247432,7.7,48.4,11.471419194172828,5432.0,144765251.0,26649.0,,496.0,4.8,7962.0,0,,0,0.0,0,51,3.6281559567095707,8.982435503560263,8.600062669238532,18.790624029834486,12.92043811752746
51141,2017,31877.0,413502.0,37757.0,20.2,14.3,37.18366552508106,6.6,49.2,11.60959104267158,4832.0,138903203.0,28746.0,,518.0,4.2,7762.0,0,,0,0.0,0,51,3.6158695660588545,8.956995311928852,8.48301573961465,18.74928786721392,12.932417630193557
51141,2018,32591.0,397257.0,40486.0,18.7,13.9,36.97867705827056,5.7,49.6,11.440707431056078,4583.0,134518578.0,29351.0,,554.0,3.9,7465.0,0,,0,0.0,0,51,3.610341450799601,8.91798070997329,8.430109084509125,18.717212873861648,12.892338705389086
51141,2019,33416.0,397362.0,43073.0,14.2,15.2,36.74884150457393,5.2,49.9,11.207155220189197,4427.0,132784019.0,29995.0,,551.0,3.4,7403.0,0,,0,0.0,0,51,3.604106701476901,8.909640602443098,8.395477432732141,18.704234448909887,12.892602982987812
51141,2020,36345.0,372169.0,46941.0,12.9,14.9,36.56662953407571,3.7,50.4,11.096400892141888,4093.0,129567120.0,31654.0,,530.0,7.1,7176.0,0,,0,0.0,0,51,3.5991360631360516,8.878497403738631,8.317033476492403,18.679709605990517,12.827103331167063
51141,2021,39270.0,381322.0,47215.0,10.8,16.4,36.56870012464955,2.9,50.4,11.359213672640651,4150.0,141608743.0,34123.0,,530.0,4.4,7115.0,0,,0,0.0,0,51,3.599192686674472,8.869960510523953,8.330863613224745,18.768578481668072,12.851399441532394
51141,2022,40750.0,390484.0,49180.0,11.4,16.3,36.56662953407571,2.3,50.9,13.19992917562203,4141.0,153536270.0,37075.0,7.0,561.0,3.5,7163.0,0,,0,0.0,0,51,3.5991360631360516,8.876684166614451,8.328692583545568,18.849447383725185,12.875142274311061
51145,2012,43713.0,723325.0,76495.0,4.5,25.2,107.6202335108877,4.7,42.1,11.0931723907492,7124.0,287815431.0,40401.0,,735.0,5.5,13540.0,0,,0,0.0,0,51,4.678608673831152,9.513403546466266,8.871224644409553,19.4778299680754,13.491613916044841
51145,2013,44046.0,738883.0,76548.0,5.4,27.6,108.02376615091352,6.4,42.6,10.75946646071212,7537.0,308199769.0,40889.0,,736.0,5.0,13567.0,0,,0,0.0,0,51,4.682351259868143,9.515395652485308,8.92757950384347,19.546258731336707,13.512894865339245
51145,2014,46082.0,763548.0,75447.0,5.4,28.0,108.35043543093444,4.5,42.9,10.912454565193537,7954.0,347706239.0,43716.0,,739.0,4.4,13711.0,0,,0,0.0,0,51,4.685370746718497,9.525953709356655,8.981430225767635,19.66686854044667,13.545731270034043
51145,2015,49831.0,757630.0,77896.0,4.9,27.9,108.40423978293788,4.9,43.7,11.12969535789322,6805.0,259135647.0,38081.0,,763.0,3.9,13442.0,0,,0,0.0,0,51,4.685867200629402,9.506139412529912,8.825412915085566,19.372862216153976,13.537950418802836
51145,2016,52030.0,787794.0,77684.0,5.6,28.5,108.7078500549573,4.6,44.3,11.2417094507521,6987.0,273357757.0,39125.0,,800.0,3.5,13656.0,0,,0,0.0,0,51,4.6886640091365,9.521934264474277,8.85180655855245,19.426291960440604,13.57699191334371
51145,2017,54196.0,778179.0,80441.0,5.5,28.4,109.00761715897649,4.0,44.6,11.55578940355895,6905.0,270736057.0,39211.0,,814.0,3.3,13863.0,0,,0,0.0,0,51,4.691417761979942,9.536978699538377,8.840001065843392,19.416654944827727,13.56471185381767
51145,2018,56072.0,776904.0,83914.0,5.3,28.8,109.81468243902816,2.4,45.1,11.692904121985697,7029.0,276934504.0,39401.0,,814.0,2.7,14083.0,0,,0,0.0,0,51,4.698794239981158,9.55272367519805,8.857799727175905,19.43929158854003,13.56307206959304
51145,2019,60274.0,817467.0,89090.0,5.4,29.2,110.74088592708742,2.4,45.1,12.099282954018316,7389.0,304120091.0,41156.0,,817.0,2.5,14398.0,0,,0,0.0,0,51,4.707193111426822,9.574844587029249,8.907747686788648,19.532933217548457,13.613965813966301
51145,2020,62144.0,813456.0,93833.0,4.8,30.6,112.42419351119516,1.4,45.5,12.234671176288956,7311.0,322282855.0,44085.0,,820.0,5.0,14045.0,0,,0,0.0,0,51,4.722279159059283,9.550021739538344,8.897135342293316,19.59094014959039,13.609047116901262
51145,2021,65043.0,838488.0,101395.0,4.5,31.1,115.21433347937372,1.9,45.6,12.151613242956484,7498.0,344614635.0,45962.0,,856.0,2.9,14102.0,0,,0,0.0,0,51,4.746794163085954,9.554071910278985,8.922391597295857,19.65793735068619,13.639355548872869
51145,2022,68246.0,869048.0,108089.0,4.5,32.8,117.2281535115026,2.6,45.6,13.444412732541378,7652.0,374541249.0,48947.0,,918.0,2.5,14669.0,0,,0,0.0,0,51,4.764122065970203,9.593491702487762,8.942722330560143,19.741212499048377,13.675153638625419
51147,2012,26055.0,684405.0,36743.0,19.7,20.7,65.77300497791087,10.0,33.4,11.093479727250877,8815.0,274552843.0,31147.0,,605.0,8.3,10263.0,0,,0,0.0,0,51,4.186209495457786,9.236300473645715,9.08421009483197,19.43065430676211,13.436305126642688
51147,2013,26430.0,673021.0,37436.0,19.8,21.9,66.19878495539311,8.4,31.1,10.782527119012723,8538.0,276249213.0,32355.0,,593.0,8.2,9985.0,0,,0,0.0,0,51,4.192662108626383,9.208839245849916,9.052282067317908,19.4368139619234,13.419531811706166
51147,2014,27113.0,667584.0,37238.0,22.3,22.4,66.12448777811433,8.0,30.9,10.93844773757957,8426.0,278046302.0,32999.0,,601.0,7.5,10055.0,0,,0,0.0,0,51,4.191539143881759,9.215825302206753,9.039077442538963,19.443298211743176,13.411420504035643
51147,2015,28093.0,682226.0,41697.0,21.0,24.4,65.78729289661833,7.0,32.1,11.1599697998891,8744.0,294052242.0,33627.0,,624.0,6.2,10096.0,0,,0,0.0,0,51,4.186426702609099,9.219894584780995,9.076123029856374,19.49926800339482,13.433116260231058
51147,2016,29284.0,708097.0,42283.0,18.0,23.2,65.94446000240036,6.6,31.5,11.2647283355128,8971.0,307643414.0,34293.0,,659.0,5.3,10166.0,0,,0,0.0,0,51,4.18881287263867,9.226804098006848,9.101752431559284,19.544451923478107,13.470336368941158
51147,2017,31176.0,716091.0,44147.0,21.4,24.9,65.44724043138083,5.2,30.8,11.568969860838507,9162.0,322730469.0,35226.0,,693.0,4.8,10336.0,0,,0,0.0,0,51,4.181244328462912,9.243388226022383,9.122819774446688,19.592328071529984,13.481562532838968
51147,2018,31601.0,721188.0,46189.0,19.9,28.1,65.5986923696799,6.4,30.8,11.721345831222052,9419.0,334865098.0,35552.0,,707.0,3.9,10444.0,0,,0,0.0,0,51,4.183555762362345,9.25378292981902,9.150484204822817,19.629238316149614,13.488655131237762
51147,2019,33232.0,737827.0,47202.0,18.6,26.8,65.45295559886382,6.6,31.5,12.136392122918169,9371.0,346848768.0,37013.0,,726.0,3.7,10473.0,0,,0,0.0,0,51,4.181331649454934,9.256555795773146,9.145375093123823,19.664399415821567,13.511464658758396
51147,2020,35824.0,705552.0,44253.0,23.2,25.5,65.41580701022443,5.9,32.1,12.258476213990033,8633.0,344500596.0,39904.0,,727.0,6.7,10061.0,0,,0,0.0,0,51,4.180763926663085,9.21642184229205,9.063347348235522,19.65760637846003,13.466735754149878
51147,2021,39336.0,733642.0,49019.0,23.6,25.0,62.54393535002543,4.5,32.3,12.172039147890018,8756.0,369414755.0,42191.0,,734.0,4.8,9977.0,0,,0,0.0,0,51,4.135869275378177,9.208037722913508,9.077494458642754,19.727430568082763,13.505776450193961
51147,2022,40153.0,750540.0,57304.0,18.1,26.9,62.64395078097763,2.4,32.0,13.451746225661878,8625.0,381626798.0,44248.0,,780.0,3.8,9941.0,0,,0,0.0,0,51,4.13746712090976,9.204422898212146,9.062420241899561,19.759953720439597,13.528548226436842
51155,2012,33400.0,1119207.0,43072.0,14.7,15.4,109.02047592695077,9.6,44.2,10.73530504499394,12886.0,443152110.0,34392.0,,747.0,7.3,16857.0,0,,0,0.0,0,51,4.6915357171278975,9.732521279780308,9.463896729698588,19.90942363250483,13.928130956781326
51155,2013,33426.0,1154172.0,44312.0,13.9,16.2,108.70469204818674,9.0,44.3,10.97446640561676,13122.0,470847220.0,35882.0,,749.0,7.4,16853.0,0,,0,0.0,0,51,4.68863495831229,9.73228396147602,9.482045489904824,19.970044225687136,13.958893761737572
51155,2014,34883.0,1170241.0,45635.0,13.6,16.4,108.27322496631118,7.7,44.8,11.308785874742307,13642.0,515547646.0,37792.0,,748.0,6.0,16511.0,0,,0,0.0,0,51,4.684657893212547,9.711782104431833,9.520908548214665,20.060740283920325,13.972720268468356
51155,2015,36199.0,1209080.0,47495.0,13.5,17.8,107.95431451449012,7.4,45.2,11.245453151974637,14342.0,535012020.0,37305.0,,749.0,5.0,16373.0,0,,0,0.0,0,51,4.681708123873941,9.703388915639492,9.57094757444252,20.097799771897616,14.005370297796517
51155,2016,36455.0,1151131.0,49469.0,13.5,18.2,107.6072649051554,6.7,45.6,11.365078231802787,13548.0,494881913.0,36529.0,,770.0,5.9,16285.0,0,,0,0.0,0,51,4.6784881631543715,9.697999717710333,9.513994213937663,20.019829732477138,13.956255495302408
51155,2017,37492.0,1180601.0,49691.0,13.9,18.5,107.33525304919036,6.9,46.2,11.453078927296126,13350.0,511200289.0,38292.0,,801.0,5.3,16355.0,0,,0,0.0,0,51,4.675957142267817,9.702288939972485,9.499271663828395,20.0522720263639,13.981534188815303
51155,2018,39342.0,1323405.0,52638.0,13.4,19.4,107.03510203571172,6.1,46.3,11.195362478668407,14193.0,573287592.0,40391.0,,845.0,3.5,16037.0,0,,0,0.0,0,51,4.673156837071689,9.682653831508809,9.560504164299259,20.16689805452561,14.095718518700156
51155,2019,39473.0,1385423.0,53866.0,14.8,20.0,106.87252023674412,5.8,47.0,10.992166662689154,14671.0,607722166.0,41424.0,,849.0,3.4,16291.0,0,,0,0.0,0,51,4.6716367245245305,9.69836808706617,9.593628035139645,20.22522837167487,14.141516066136314
51155,2020,43134.0,1277640.0,53689.0,13.5,19.7,106.65678669580632,4.9,47.1,10.814283664139614,13052.0,540574342.0,41417.0,,818.0,8.1,16082.0,0,,0,0.0,0,51,4.669616078108912,9.685455913108095,9.47669665771321,20.10814272860109,14.060525184096653
51155,2021,46585.0,1442934.0,55446.0,12.8,19.6,105.96894062325109,3.7,47.2,11.145614291553938,13772.0,621111408.0,45100.0,,836.0,3.9,16039.0,0,,0,0.0,0,51,4.663146038187176,9.682778535337379,9.530392824458414,20.247021024773506,14.182189098664253
51155,2022,48493.0,1560313.0,59740.0,13.1,21.1,105.80635882428346,3.3,47.2,13.02587405093559,14912.0,731820818.0,49077.0,12.0,904.0,3.0,16602.0,0,,0,0.0,0,51,4.661610619927045,9.71727844901498,9.609921536925372,20.41104625780805,14.260397000125643
51157,2012,54101.0,252669.0,57837.0,10.6,34.1,27.93086360428273,4.4,48.0,11.58975626789849,1420.0,63150863.0,44488.0,,266.0,5.3,3958.0,0,,0,0.0,0,51,3.3297322997899372,8.28349412616251,7.258412150595307,17.961037072542297,12.439835610742254
51157,2013,53656.0,267616.0,56438.0,10.8,32.4,27.960896790954003,4.2,48.7,11.135356974653783,1395.0,62918155.0,45111.0,,262.0,5.0,3918.0,0,,0,0.0,0,51,3.3308069909197027,8.273336598504486,7.240649694255466,17.95734531277465,12.497308396181252
51157,2014,54386.0,271136.0,59753.0,10.7,32.0,27.953388494286184,3.3,49.3,11.450547766257037,1397.0,66341545.0,47500.0,,260.0,4.7,3811.0,0,,0,0.0,0,51,3.330538426395462,8.24564690087386,7.242082359256962,18.010326880328666,12.51037581899819
51157,2015,55261.0,291872.0,57210.0,9.9,35.1,27.89707626927755,2.9,49.1,12.339707496344598,1440.0,77157076.0,53597.0,,272.0,4.1,3749.0,0,,0,0.0,0,51,3.328521890120269,8.229244416735913,7.272398392570047,18.161353850001227,12.584070628979886
51157,2016,57451.0,302683.0,58026.0,9.2,32.4,27.840764044268916,2.4,49.1,11.875500536167555,1524.0,78872265.0,51765.0,,284.0,3.5,3717.0,0,,0,0.0,0,51,3.3265012792084905,8.220672170297252,7.329093736246592,18.183340203105598,12.620441332216984
51157,2017,59856.0,311103.0,62541.0,8.9,33.6,27.626777589236102,2.9,49.5,11.007156629772355,1535.0,83070647.0,54124.0,,279.0,3.5,3682.0,0,,0,0.0,0,51,3.3187855048893984,8.211211361793023,7.336285660021297,18.235201972396936,12.647879326040776
51157,2018,64180.0,283595.0,68438.0,8.9,32.9,27.52541558422056,3.9,50.1,12.476205162689697,1399.0,53238838.0,38053.0,,279.0,2.8,3655.0,0,,0,0.0,0,51,3.3151097809223953,8.203851372183879,7.243512974665482,17.790298725558035,12.555302443019247
51157,2019,67634.0,284968.0,74284.0,8.8,35.8,27.698106407580376,4.3,50.1,13.195396314013909,1421.0,55322188.0,38930.0,,275.0,2.5,3780.0,0,,0,0.0,0,51,3.3213640501194206,8.237479288613633,7.259116128097101,17.82868461567789,12.560132172245083
51157,2020,69947.0,278421.0,82077.0,7.7,34.1,27.630531737570013,4.2,49.2,12.465724822411527,1369.0,55522031.0,40559.0,,270.0,4.7,3593.0,0,,0,0.0,0,51,3.3189213836857214,8.186742787113518,7.221835825288449,17.832290454905845,12.536889635632107
51157,2021,77182.0,302965.0,90307.0,6.1,31.8,27.780697670926372,3.7,48.2,11.751243713734713,1493.0,63657904.0,42638.0,,276.0,2.9,3622.0,0,,0,0.0,0,51,3.324341451155061,8.19478163844336,7.30854279753919,17.96903405436258,12.621372566268379
51157,2022,83989.0,303242.0,98663.0,7.6,33.8,27.86328893427237,6.5,50.0,13.34150863668048,1596.0,70563377.0,44208.0,4.0,319.0,2.5,3710.0,0,,0,0.0,0,51,3.3273100135833427,8.21878715560148,7.3752557780097545,18.072021828494883,12.622286445584448
51167,2012,29998.0,754716.0,32637.0,20.4,9.7,60.76355158344667,8.2,42.9,10.6353988365697,6760.0,231105776.0,34186.0,,612.0,8.5,11758.0,0,,0,0.0,0,51,4.1069901286764035,9.3722891389622,8.81877816903701,19.25838606844158,13.534096798525244
51167,2013,28985.0,735267.0,33872.0,19.3,10.5,60.495349760519005,7.9,43.3,10.837837896410544,6702.0,235653313.0,35163.0,,609.0,8.3,11598.0,0,,0,0.0,0,51,4.102566498620153,9.358587948436385,8.810161268297255,19.27787227022097,13.507988977536229
51167,2014,29663.0,693510.0,34768.0,18.7,11.9,60.0687610342876,8.8,43.6,11.222272699028196,6494.0,232928107.0,35867.0,,603.0,7.7,11308.0,0,,0,0.0,0,51,4.0954899232837505,9.33326571881348,8.77863395266279,19.266240410269436,13.449520938243733
51167,2015,30420.0,688339.0,35045.0,20.7,12.4,59.64850778418834,8.0,43.8,11.14877125342123,7023.0,264780000.0,37700.0,,631.0,6.5,11465.0,0,,0,0.0,0,51,4.088469132039704,9.347054195292005,8.856945756159021,19.394409850473785,13.442036728120796
51167,2016,30972.0,676722.0,38370.0,17.0,13.1,59.07409128154011,6.6,44.1,11.28832398041166,6992.0,267470970.0,38253.0,,639.0,6.4,11253.0,0,,0,0.0,0,51,4.078792440500832,9.328390038749998,8.852521917335372,19.404521595046763,13.425015832405613
51167,2017,31790.0,636569.0,40083.0,17.6,13.6,58.55035858794908,6.8,44.8,11.390671425267287,6876.0,271667494.0,39507.0,,623.0,5.2,11543.0,0,,0,0.0,0,51,4.06988721449891,9.353834471614912,8.83579236650274,19.420089427931163,13.363848096445876
51167,2018,33356.0,694704.0,39482.0,19.5,13.5,57.880909943318606,6.8,45.4,11.137369493793884,6748.0,269869327.0,39991.0,,632.0,4.3,11232.0,0,,0,0.0,0,51,4.0583876228442435,9.326522126265592,8.817001443665859,19.41344842573532,13.451241134545496
51167,2019,34313.0,684676.0,39758.0,21.1,12.2,57.31705256755729,6.4,45.7,10.954613823220566,6743.0,276727215.0,41038.0,,618.0,4.1,11291.0,0,,0,0.0,0,51,4.048598180974193,9.331761227180522,8.816260208734581,19.43854279554036,13.4367010126473
51167,2020,37097.0,684037.0,38564.0,18.2,10.2,56.88624019057112,6.6,46.3,10.847042929900969,6458.0,271124847.0,41982.0,,578.0,6.9,11100.0,0,,0,0.0,0,51,4.04105348746926,9.314700387300425,8.77307495131822,19.4180899627958,13.435767288708934
51167,2021,39917.0,661361.0,41100.0,18.5,12.2,54.763855686301014,6.9,46.8,11.209216437955922,6309.0,270944426.0,42943.0,,580.0,4.3,10731.0,0,,0,0.0,0,51,4.003030408575229,9.280892027927127,8.74973246437081,19.417424287703522,13.40205511196122
51167,2022,41678.0,671468.0,44088.0,19.3,12.6,54.40695719752325,5.9,46.6,13.054523880922163,6430.0,289843358.0,45074.0,11.0,622.0,3.4,11006.0,0,,0,0.0,0,51,3.9964920353450655,9.306195857619704,8.768729817231666,19.48485119018644,13.417221639305078
51169,2012,28496.0,430335.0,37544.0,19.3,11.1,43.03814477433948,8.5,44.7,10.630391698044308,4746.0,142195663.0,29960.0,,429.0,7.4,10069.0,0,,0,0.0,0,51,3.762086810239074,9.217216675915616,8.465057436995709,18.772714575571538,12.972319254119862
51169,2013,28325.0,450956.0,38355.0,18.3,10.9,42.81232562002288,9.5,44.9,10.817006510475547,4594.0,136939950.0,29807.0,,420.0,6.8,10003.0,0,,0,0.0,0,51,3.7568260429051943,9.21064032698518,8.432506383249043,18.735053066533712,13.019125052749825
51169,2014,29237.0,444343.0,36579.0,19.1,11.6,42.515588053606855,8.5,45.2,11.19697877855194,4655.0,143583498.0,30847.0,,422.0,5.7,9817.0,0,,0,0.0,0,51,3.749870786415787,9.191870855692521,8.445697189711167,18.782427291540458,13.004352065694949
51169,2015,30044.0,441912.0,37240.0,20.2,11.7,42.12180423905477,9.4,45.4,11.12699539536128,4785.0,149014052.0,31142.0,,434.0,5.1,9537.0,0,,0,0.0,0,51,3.740565522033414,9.162934249578912,8.473241303887054,18.81955116818778,12.998866046215166
51169,2016,30617.0,423210.0,38017.0,20.1,12.6,41.7634796305524,7.8,45.7,11.27498712274944,4627.0,144688276.0,31273.0,,447.0,4.8,9436.0,0,,0,0.0,0,51,3.7320222645894994,9.152287440527566,8.439663988907,18.790092165513382,12.955623788736657
51169,2017,31060.0,393971.0,38725.0,17.7,13.3,41.599247518322144,6.2,46.3,11.37918689105978,4605.0,151333445.0,32865.0,,432.0,4.0,9392.0,0,,0,0.0,0,51,3.728082078601747,9.147613542067878,8.434897948689407,18.8349962052227,12.884032581510246
51169,2018,32671.0,423906.0,39144.0,18.6,14.4,41.074824523586905,5.6,46.9,11.121275862282602,4866.0,158910182.0,32654.0,,453.0,3.3,9137.0,0,,0,0.0,0,51,3.7153953918165046,9.120087382998621,8.490027523343468,18.883849707490537,12.957267011522228
51169,2019,33547.0,424206.0,39820.0,15.5,13.3,40.87513320530694,5.0,47.3,10.93765851185507,5052.0,169421906.0,33536.0,,440.0,3.1,9146.0,0,,0,0.0,0,51,3.7105218880575372,9.121071904218,8.527539483470381,18.947902647051958,12.95797446528426
51169,2020,35975.0,409822.0,41540.0,14.8,15.0,40.61198857093801,3.7,47.6,10.81624630135602,4657.0,167954169.0,36067.0,,422.0,5.5,8925.0,0,,0,0.0,0,51,3.7040633080181253,9.09661160664784,8.446126742982377,18.93920169657844,12.92347819807022
51169,2021,39461.0,413329.0,42561.0,15.4,14.0,40.26672788045395,4.0,47.2,11.167324813817066,4634.0,179212694.0,38674.0,,419.0,3.6,8875.0,0,,0,0.0,0,51,3.6955255170413985,9.090993614343617,8.441175704992322,19.00408389304985,12.931999164987186
51169,2022,41603.0,428056.0,44535.0,17.0,13.9,40.192076920349294,3.4,47.7,12.977774666542572,4760.0,192345644.0,40409.0,8.0,436.0,3.1,9184.0,0,,0,0.0,0,51,3.693669884666287,9.125218118559348,8.468002947225466,19.074804540688316,12.967009307126476
51171,2012,35928.0,1746811.0,49953.0,12.2,18.4,82.81389311504707,5.0,42.7,11.05503382190504,13189.0,416637192.0,31591.0,,1062.0,6.2,20800.0,0,,0,0.0,0,51,4.416595838560367,9.94270826568941,9.487138427825885,19.847726357890377,14.373302397802934
51171,2013,36240.0,1733436.0,49625.0,11.7,19.8,83.19572349969198,5.7,43.3,10.721999608858717,13208.0,420464968.0,31834.0,,1063.0,5.5,20945.0,0,,0,0.0,0,51,4.4211959462620385,9.949655233381135,9.488577985599964,19.856871723561948,14.365616123898704
51171,2014,38197.0,1688088.0,47936.0,12.8,19.8,83.73697791091543,5.7,43.4,10.885241025991355,13720.0,441351360.0,32169.0,,1060.0,4.9,21298.0,0,,0,0.0,0,51,4.42768067098486,9.96636845057533,9.526609901279876,19.905351850880397,14.339107085480599
51171,2015,40050.0,1652635.0,49406.0,12.2,19.0,84.08928532767541,6.0,43.8,11.16096449506315,13861.0,465053537.0,33550.0,,1112.0,4.2,21120.0,0,,0,0.0,0,51,4.4318791549107885,9.957975737820197,9.536834420213353,19.95766309025763,14.317881541773593
51171,2016,40622.0,1551929.0,50450.0,10.6,19.4,84.35105564292166,5.5,44.8,11.234314246709683,13754.0,479307952.0,34848.0,,1187.0,3.7,20856.0,0,,0,0.0,0,51,4.434987323945339,9.945396955613338,9.529084969879781,19.987853854853906,14.255009231256176
51171,2017,41639.0,1563551.0,53934.0,10.3,19.2,84.3451510493447,5.2,44.2,11.476025250815438,13781.0,501294198.0,36375.0,,1207.0,3.3,21831.0,0,,0,0.0,0,51,4.4349173212618735,9.991086257015196,9.531046110875145,20.032703708258914,14.262470074471802
51171,2018,43634.0,1679087.0,54921.0,10.8,20.1,84.72107684041261,4.9,44.4,11.695411790208752,14265.0,535940654.0,37569.0,,1226.0,2.9,22261.0,0,,0,0.0,0,51,4.439364411793258,10.010591547450328,9.5655642636476,20.099533992755894,14.33376075127472
51171,2019,46105.0,1771068.0,57252.0,11.5,20.5,85.0733842571726,4.2,44.5,12.119730074089029,14182.0,550064809.0,38787.0,,1191.0,2.5,22369.0,0,,0,0.0,0,51,4.443514228225104,10.015431350758112,9.559728833863941,20.1255466637943,14.38709331241407
51171,2020,49328.0,1685960.0,56114.0,12.2,19.7,85.50048319257438,4.0,44.5,12.170930616552516,13446.0,556510776.0,41388.0,,1147.0,5.5,21981.0,0,,0,0.0,0,51,4.448522027301885,9.997933722828073,9.506436943028982,20.137197092373796,14.337845692470092
51171,2021,54851.0,1760734.0,58609.0,11.4,20.4,86.67352911653502,3.9,44.2,12.065474527342197,13272.0,582325901.0,43877.0,,1172.0,3.6,21760.0,0,,0,0.0,0,51,4.4621485213265455,9.987828700969878,9.493411831870281,20.182540816326448,14.381241325529595
51171,2022,55528.0,1770776.0,62149.0,12.6,20.7,87.26398847423333,4.2,43.6,13.373867070205469,13418.0,612542290.0,45649.0,,1259.0,2.7,22145.0,0,,0,0.0,0,51,4.468937874583885,10.0053670163573,9.504352368122833,20.233128542897624,14.386928426551982
51173,2012,30540.0,1102213.0,34394.0,20.2,14.3,71.11244019138756,7.5,43.3,10.714058865721642,11606.0,372619247.0,32106.0,,832.0,9.4,13486.0,0,,0,0.0,0,51,4.264262289034226,9.509407389294527,9.359277484750553,19.736067670728936,13.912830534954349
51173,2013,31069.0,1110882.0,37239.0,18.4,15.0,70.83776360092149,8.1,43.6,10.958068789328276,11631.0,386289129.0,33213.0,,821.0,8.9,13397.0,0,,0,0.0,0,51,4.260392242694693,9.502786080276985,9.36142922633904,19.77209668589961,13.920664852359957
51173,2014,32628.0,1112017.0,37880.0,19.3,14.9,70.60960482013114,7.6,43.9,11.297868876207362,11849.0,408080093.0,34441.0,,818.0,7.8,13485.0,0,,0,0.0,0,51,4.257166180856754,9.50933323557383,9.37999875481674,19.82697401947541,13.921686041445593
51173,2015,33570.0,1094977.0,37983.0,18.7,15.0,70.2950558213716,6.4,44.3,11.232867607133509,12351.0,422490205.0,34207.0,,845.0,6.4,13509.0,0,,0,0.0,0,51,4.25270146663315,9.51111140896968,9.421492310438014,19.86167682106081,13.906243916445929
51173,2016,34398.0,1059099.0,38906.0,17.7,14.8,69.80551125287967,7.3,44.3,11.353329131743251,12793.0,434271007.0,33946.0,,887.0,5.7,13691.0,0,,0,0.0,0,51,4.2457129644289715,9.524493961633755,9.456653425317034,19.889179337275255,13.87292910463341
51173,2017,35011.0,1003317.0,40544.0,17.4,14.5,69.32925748715222,6.3,44.6,11.440578146643997,12197.0,417196217.0,34205.0,,895.0,4.9,14009.0,0,,0,0.0,0,51,4.238867003062232,9.547455259196115,9.40894529884324,19.8490672134563,13.818822068854676
51173,2018,35941.0,1028903.0,40425.0,19.2,14.3,68.79984051036682,5.8,44.9,11.18195564905387,12169.0,421782200.0,34661.0,,937.0,4.0,13716.0,0,,0,0.0,0,51,4.231201426773338,9.526318313582811,9.4066470133368,19.85999962502367,13.844003744094902
51173,2019,37224.0,1036343.0,40932.0,18.9,14.6,68.15302144249513,5.7,45.0,10.972725394088512,12137.0,437869295.0,36076.0,,911.0,3.7,13762.0,0,,0,0.0,0,51,4.221755492339446,9.529666449762425,9.404013917106361,19.89743101056462,13.8512087280874
51173,2020,40229.0,980070.0,41088.0,18.7,14.9,67.64797093744463,5.5,45.4,10.814283664139614,11359.0,433713967.0,38184.0,,879.0,6.7,13314.0,0,,0,0.0,0,51,4.214317360633274,9.496571392160648,9.33776566023142,19.887895812575728,13.795379276667285
51173,2021,44324.0,1038509.0,42588.0,18.9,16.0,66.36540847067162,3.8,45.2,11.145614291553938,11803.0,471941101.0,39986.0,,887.0,4.1,13517.0,0,,0,0.0,0,51,4.1951759639702715,9.511703431483827,9.37610901542907,19.972364749746458,13.853296588606442
51173,2022,45285.0,1039319.0,45061.0,18.8,17.5,66.00877192982456,3.3,46.2,13.02587405093559,11690.0,506770941.0,43349.0,21.0,948.0,3.1,13571.0,0,,0,0.0,0,51,4.189787641222581,9.51569044208137,9.366489054466115,20.04356966656689,13.854076248945058
51179,2012,49483.0,5028606.0,96355.0,4.9,35.5,480.8454523504393,6.7,34.5,11.124312704948002,38080.0,1775827990.0,46634.0,62.0,2360.0,5.7,65422.0,0,,0,0.0,0,51,6.175545913591546,11.088613872315685,10.5474444889053,21.297532624348406,15.430653366489379
51179,2013,48749.0,5127749.0,97110.0,5.1,36.2,489.9054623799707,6.6,34.6,10.796980672863391,39452.0,1842396570.0,46699.0,37.0,2378.0,5.5,66106.0,0,,0,0.0,0,51,6.1942124385721025,11.099014793278535,10.582840022073885,21.33433304476689,15.450177329426824
51179,2014,49148.0,5271881.0,98721.0,5.4,37.1,500.2581675674672,5.9,34.7,10.958121519285925,40375.0,1935792284.0,47945.0,31.0,2416.0,5.2,66910.0,0,,0,0.0,0,51,6.215124300302008,11.111103711776863,10.605966060524958,21.383782528722357,15.47789778283082
51179,2015,50597.0,5243220.0,97144.0,5.2,36.8,509.4444753997883,5.5,34.7,11.247355292366828,41423.0,2004707155.0,48396.0,35.0,2555.0,4.4,66918.0,0,,0,0.0,0,51,6.233320868117287,11.111223268222592,10.631591561105106,21.41876382968092,15.472446371383862
51179,2016,51519.0,5373544.0,97528.0,5.1,37.3,518.370758344013,4.9,35.0,11.258113858998671,42575.0,2082855678.0,48922.0,43.0,2667.0,3.9,68383.0,0,,0,0.0,0,51,6.250690735931694,11.132879534708255,10.659022505530888,21.457005711179182,15.496998211561449
51179,2017,52853.0,5427334.0,103005.0,4.7,38.7,524.3550454114894,4.3,35.2,11.526400056355506,43007.0,2180880515.0,50710.0,29.0,2712.0,3.6,70099.0,0,,0,0.0,0,51,6.2621690224549456,11.157663807585696,10.669118172124406,21.502994538162657,15.506958595282976
51179,2018,54232.0,5651406.0,106773.0,4.5,39.8,534.9529169220483,4.0,35.3,11.744779975569314,44077.0,2288184809.0,51913.0,15.0,2794.0,3.0,71426.0,0,,0,0.0,0,51,6.282178737270092,11.176417227701,10.693693383434516,21.55102468036632,15.54741492172223
51179,2019,55816.0,5758951.0,111108.0,4.4,39.9,545.2090414368233,3.7,35.5,12.16860841004564,45252.0,2431398731.0,53730.0,7.0,2841.0,2.7,73947.0,0,,0,0.0,0,51,6.301169283391442,11.211103899364726,10.720002147046358,21.611732538164304,15.566265898031011
51179,2020,58900.0,6031384.0,112247.0,5.5,41.3,557.8833974108951,3.8,35.7,12.169922376816777,44339.0,2593585945.0,58495.0,7.0,2879.0,5.8,73203.0,0,,0,0.0,0,51,6.324149975331589,11.200991682716156,10.69961992991643,21.67630728982243,15.612487061439206
51179,2021,62859.0,6436979.0,119818.0,5.1,42.3,572.8125406288888,4.1,35.9,12.112808673145285,45799.0,2786113676.0,60834.0,47.0,3056.0,3.6,73204.0,0,,0,0.0,0,51,6.350558508962797,11.201005343265173,10.732017535802774,21.747913514055973,15.67756988864012
51179,2022,63818.0,6498922.0,128036.0,5.4,43.1,585.4497501903754,3.9,36.4,13.403445852126548,46727.0,2950225200.0,63138.0,93.0,3371.0,2.8,75585.0,0,,0,0.0,0,51,6.372380355597872,11.233013129782808,10.752077435046024,21.80514734336752,15.687146874958025
51181,2012,34992.0,1433992.0,52955.0,9.0,15.7,25.051174228980923,9.5,45.3,11.050733778183218,2233.0,163693657.0,73309.0,,102.0,7.6,3682.0,0,,0,0.0,0,51,3.2209207018406762,8.211211361793023,7.711101251840158,18.913507293881427,14.175972721325584
51181,2013,35190.0,1340124.0,47292.0,11.5,16.7,24.81457183929679,11.0,45.2,10.722701557148566,2117.0,146519016.0,69200.0,,99.0,7.1,3633.0,0,,0,0.0,0,51,3.2114310547820186,8.197814032221203,7.6577552711348655,18.802665780045622,14.108272704959214
51181,2014,36746.0,1261882.0,51527.0,11.4,18.8,24.681931105685983,10.1,46.2,10.850448967976575,2227.0,161724147.0,72620.0,,94.0,6.1,3676.0,0,,0,0.0,0,51,3.206071441749484,8.209580483475577,7.708410667257367,18.901402645494883,14.048114815334497
51181,2015,39902.0,1109899.0,53673.0,12.9,21.2,24.459668254770584,10.7,47.5,11.065731383768936,2498.0,197843137.0,79203.0,,95.0,5.0,3731.0,0,,0,0.0,0,51,3.197025567402153,8.224431573221159,7.823245690685523,19.1029850372992,13.919779578157595
51181,2016,39089.0,1222375.0,56632.0,11.9,22.8,24.129858863089662,8.2,48.2,11.192811902036883,2326.0,168493960.0,72437.0,,99.0,5.2,3660.0,0,,0,0.0,0,51,3.183450030597442,8.205218426395412,7.75190533307861,18.942410461416888,14.016306245614576
51181,2017,41572.0,1207768.0,54656.0,13.6,19.1,23.91118089686645,7.7,49.3,11.521166649889723,2385.0,177773368.0,74528.0,,107.0,4.3,3773.0,0,,0,0.0,0,51,3.1743461694963986,8.235625719964311,7.776954403322442,18.996020083548277,14.00428458605223
51181,2018,42862.0,1090150.0,54844.0,12.7,17.6,23.66023896841358,7.2,49.6,11.66111915448586,2445.0,199360541.0,81552.0,,120.0,3.4,3766.0,0,,0,0.0,0,51,3.163795958601246,8.233768709217097,7.801800401908973,19.11062550724347,13.901825859416194
51181,2019,42683.0,1152764.0,57962.0,15.9,20.6,23.38420284711542,5.7,49.8,12.058930409406,2154.0,173787957.0,80675.0,,125.0,3.4,3685.0,0,,0,0.0,0,51,3.1520607023828253,8.212025804623437,7.675081857716334,18.973346476104755,13.957673094866164
51181,2020,46348.0,1133713.0,56525.0,16.3,20.4,23.154770226815653,4.8,50.0,12.178014591487155,2060.0,168701750.0,81901.0,,129.0,5.9,3572.0,0,,0,0.0,0,51,3.142200816619202,8.18088094199639,7.630461261783627,18.943642920906377,13.941008644818309
51181,2021,52708.0,1096523.0,61105.0,14.8,22.6,23.527598234802777,6.4,50.4,12.12711757726064,2022.0,178584763.0,88314.0,,136.0,3.7,3552.0,0,,0,0.0,0,51,3.158174125060452,8.17526610411206,7.611842399580417,19.000573909217433,13.907654822452283
51181,2022,53368.0,1259572.0,68655.0,13.3,23.5,23.46665519503565,6.0,50.5,13.407648946923644,2099.0,183928747.0,87637.0,,150.0,2.8,3649.0,0,,0,0.0,0,51,3.155580485647855,8.202208436436448,7.649216319820633,19.030058996009505,14.046282538682796
51183,2012,27023.0,378216.0,39603.0,15.3,9.5,24.672294003174045,10.5,40.5,11.126671917919056,3479.0,117366534.0,33732.0,,244.0,9.6,4270.0,0,,0,0.0,0,51,3.2056809137809807,8.35936910622267,8.154500175151941,18.580812365095838,12.843220739970016
51183,2013,27312.0,379920.0,39635.0,15.3,10.3,24.492784960406016,6.5,40.7,10.787985981165813,3609.0,128196828.0,35521.0,,234.0,9.1,4183.0,0,,0,0.0,0,51,3.198378582767571,8.338783971442199,8.19118600464279,18.669077359555036,12.847715983223003
51183,2014,27201.0,363257.0,36972.0,22.5,9.0,24.321435419581988,6.2,37.8,10.944041542524626,3692.0,132806279.0,35971.0,,231.0,7.7,4120.0,0,,0,0.0,0,51,3.191358077542985,8.323608442343572,8.213923595622743,18.70440207551537,12.802865851721736
51183,2015,27947.0,346827.0,39194.0,20.5,9.6,24.20108276590797,6.9,38.5,11.166597642592402,3814.0,137547864.0,36060.0,,251.0,6.8,4088.0,0,,0,0.0,0,51,3.186397374554621,8.31581113188354,8.246433786160365,18.7394825163157,12.756581375529287
51183,2016,28182.0,330574.0,37917.0,18.5,11.3,23.933859077241927,6.6,42.2,11.265557508264571,3762.0,135907269.0,36129.0,,267.0,6.2,3952.0,0,,0,0.0,0,51,3.175294154160477,8.281977058867758,8.232706009860976,18.727483365549666,12.708585816388307
51183,2017,29415.0,328656.0,44608.0,17.8,11.7,23.65235626017388,5.5,40.4,11.56743843913102,3618.0,136792429.0,37810.0,,275.0,5.9,3855.0,0,,0,0.0,0,51,3.163462740426485,8.25712628599743,8.193676665955241,18.73397521805396,12.702766890028954
51183,2018,30429.0,320844.0,45801.0,17.5,12.6,23.430009832199843,8.7,39.8,11.716030702457816,3581.0,137647990.0,38442.0,,281.0,5.0,3776.0,0,,0,0.0,0,51,3.154017672161095,8.236420527265391,8.183397369998433,18.740210187194187,12.678710302676553
51183,2019,31930.0,345458.0,49487.0,13.1,12.7,23.207663404225805,7.1,41.0,12.122154824137748,3632.0,145770727.0,40140.0,,282.0,4.5,3788.0,0,,0,0.0,0,51,3.1444825432765695,8.239593454305968,8.197538739721184,18.797545582346533,12.752626351848244
51183,2020,34586.0,338627.0,51701.0,11.2,13.3,22.850685194175743,6.8,41.0,12.246762854397543,3509.0,155017483.0,44182.0,,271.0,8.9,3663.0,0,,0,0.0,0,51,3.1289811035066304,8.206037762778815,8.163086375583216,18.859048462071193,12.73265448560842
51183,2021,37938.0,361324.0,56968.0,10.5,13.2,22.35703532656367,5.8,40.6,12.15556764932872,3139.0,149221896.0,47536.0,,262.0,6.3,3639.0,0,,0,0.0,0,51,3.1071410512388598,8.19946419761216,8.051659556841953,18.820944990998495,12.797530341721709
51183,2022,38155.0,332177.0,59195.0,12.7,15.4,22.165287030879636,5.0,40.4,13.454958330555774,3188.0,159961797.0,50172.0,,339.0,4.1,3689.0,0,,0,0.0,0,51,3.0985274178483215,8.213110697596676,8.067149039910106,18.890445575938305,12.71342323836409
51185,2012,33662.0,1419301.0,36080.0,18.1,13.3,86.44328833769282,7.5,43.4,10.714058865721642,16300.0,525806737.0,32257.0,,1223.0,8.1,17940.0,0,,0,0.0,0,51,4.459488572767181,9.794788135612787,9.698920386794853,20.08044428303457,14.165675054859777
51185,2013,32876.0,1400940.0,35693.0,18.3,12.9,86.092472691315,8.6,43.5,10.958068789328276,15886.0,514424801.0,32383.0,,1191.0,8.4,17665.0,0,,0,0.0,0,51,4.455421982423902,9.779340559793246,9.673193497193077,20.058559943178018,14.1526539978496
51185,2014,33412.0,1362207.0,36248.0,19.5,12.8,85.45059571195335,8.9,43.1,11.297868876207362,15565.0,505271628.0,32463.0,,1154.0,8.0,17273.0,0,,0,0.0,0,51,4.447938381005448,9.756899867693285,9.652780082875708,20.040606719863252,14.124616736522297
51185,2015,33547.0,1321878.0,37664.0,17.7,13.5,84.5619912450293,8.0,43.1,11.232867607133509,15355.0,497901702.0,32427.0,3.0,1156.0,7.3,16670.0,0,,0,0.0,0,51,4.437484889593965,9.72136597574484,9.639196432874924,20.025913229963667,14.09456401071775
51185,2016,32868.0,1217037.0,38238.0,17.8,14.6,83.59242932124882,8.3,43.7,11.353329131743251,14685.0,473212097.0,32223.0,3.0,1147.0,7.4,15965.0,0,,0,0.0,0,51,4.425952957631733,9.678154105148883,9.59458184363272,19.975054253985196,14.01192977413693
51185,2017,35647.0,1191744.0,40309.0,15.6,15.2,82.28554466056657,7.8,44.3,11.440578146643997,14819.0,513734466.0,34668.0,,1126.0,5.6,16303.0,0,,0,0.0,0,51,4.410195450221727,9.699104418939655,9.603665420190179,20.057217086821236,13.990928338441435
51185,2018,36674.0,1232645.0,40978.0,16.1,15.3,81.11166153614846,7.6,44.9,11.18195564905387,14745.0,538948457.0,36550.0,,1125.0,4.4,15974.0,0,,0,0.0,0,51,4.395826742845297,9.678717679477334,9.598659321249377,20.105130497213512,14.024672825037934
51185,2019,37621.0,1188220.0,42099.0,17.5,14.9,80.1922161332791,6.5,45.2,10.973987138779185,14445.0,518746427.0,35912.0,,1098.0,4.3,15738.0,0,,0,0.0,0,51,4.384426454467486,9.663833449094929,9.578103612900335,20.066925741774618,13.987966946945253
51185,2020,40320.0,1143240.0,42207.0,17.0,15.2,79.41733761765335,7.1,45.3,11.951627745559977,13671.0,494430925.0,36166.0,,1044.0,7.9,15388.0,0,,0,0.0,0,51,4.374716702321426,9.641343263872185,9.523032079931992,20.018918012717894,13.949376894488825
51185,2021,43257.0,1126991.0,42937.0,17.6,16.2,78.2877883386566,6.4,45.1,11.966648477436427,13576.0,518435173.0,38189.0,,1030.0,5.2,15067.0,0,,0,0.0,0,51,4.360391630918759,9.620262200801289,9.516058806914062,20.066325549851925,13.93506180718701
51185,2022,45644.0,1237788.0,46508.0,18.1,15.9,77.85794279391894,5.7,44.6,13.3464479880855,13861.0,574785798.0,41468.0,22.0,1081.0,4.1,15403.0,0,,0,0.0,0,51,4.354885919972457,9.642317574624458,9.536834420213353,20.169508004139477,14.028836473620919
51187,2012,39779.0,1190150.0,61693.0,9.8,20.7,175.05836521479796,7.4,39.8,11.051821304226072,11750.0,408090323.0,34730.0,30.0,1011.0,6.6,20028.0,0,,0,0.0,0,51,5.165119433832709,9.904886573449835,9.371608519572305,19.826999087769483,13.989589907564193
51187,2013,39032.0,1279280.0,61610.0,9.3,20.5,176.31187761245496,8.2,40.1,10.71904870918607,12060.0,469112821.0,38899.0,34.0,1009.0,6.0,20091.0,0,,0,0.0,0,51,5.172254458730915,9.90802723257816,9.397649470281177,19.966353853984675,14.061807977633324
51187,2014,38414.0,1277625.0,60560.0,9.9,19.7,177.73780621350718,7.8,40.5,10.882051815236196,12362.0,474893540.0,38415.0,36.0,1011.0,5.5,19983.0,0,,0,0.0,0,51,5.180309465562318,9.90263719108129,9.422382530219219,19.97860121056307,14.060513443631377
51187,2015,41365.0,1650800.0,61454.0,9.8,20.7,179.31751142839835,7.2,40.4,11.155168886016424,12027.0,446621795.0,37136.0,40.0,1040.0,4.7,19697.0,0,,0,0.0,0,51,5.189158041365815,9.888221618865694,9.394909401310617,19.91722269823956,14.316770576860565
51187,2016,43101.0,1757918.0,63734.0,10.4,20.0,180.83663797723173,6.5,40.8,11.22868233947698,12076.0,450707081.0,37322.0,39.0,1080.0,4.0,19725.0,0,,0,0.0,0,51,5.197594071107998,9.889642145714076,9.39897529082673,19.9263281986535,14.37964071222586
51187,2017,43729.0,1758686.0,65353.0,9.8,20.9,181.69405909681868,6.0,40.6,11.474534240619656,12284.0,468950544.0,38175.0,39.0,1082.0,3.7,20052.0,0,,0,0.0,0,51,5.202324278647552,9.906084178383393,9.416052881560713,19.966007870956933,14.380077497267457
51187,2018,44997.0,1711286.0,68189.0,10.4,21.1,183.82829210100792,6.1,40.7,11.697226613972015,12704.0,502818312.0,39580.0,36.0,1106.0,3.1,20253.0,0,,0,0.0,0,51,5.214002126808135,9.91605820970998,9.449672183486918,20.035739454064906,14.352755692616986
51187,2019,47240.0,1807682.0,69116.0,9.9,21.7,184.0286676887375,5.3,41.3,12.119051068611126,12711.0,518689663.0,40806.0,36.0,1094.0,2.8,20646.0,0,,0,0.0,0,51,5.215091548129195,9.935276875025535,9.450223039294668,20.066816310455227,14.407555919508933
51187,2020,50408.0,1764273.0,70109.0,10.8,20.8,185.87398705480504,5.8,41.5,12.170930616552516,12394.0,537987490.0,43408.0,36.0,1077.0,6.0,20172.0,0,,0,0.0,0,51,5.225068955161193,9.912050783196616,9.424967763522053,20.103345865067602,14.383249265479247
51187,2021,55175.0,1736106.0,72840.0,10.9,22.5,188.455570208344,6.0,41.3,12.065474527342197,13156.0,601444658.0,45718.0,35.0,1113.0,3.5,20135.0,0,,0,0.0,0,51,5.238862277293529,9.910214873285554,9.484633207308947,20.214845082496094,14.367155232246187
51187,2022,55957.0,1838113.0,79313.0,12.0,22.4,190.1238134736273,5.6,40.9,13.373867070205469,13360.0,645395299.0,48307.0,,1222.0,2.8,20735.0,0,,0,0.0,0,51,5.247675509790107,9.939578372680481,9.500020447090638,20.285373553700634,14.424250059877384
51193,2012,36116.0,407788.0,48672.0,13.3,14.4,76.17104035303454,11.5,46.5,11.059851188451322,3415.0,95295525.0,27909.0,16.0,378.0,7.1,9136.0,0,,0,0.0,0,51,4.33298134259567,9.119977931895791,8.13593277200489,18.372493410543953,12.918502710500224
51193,2013,35999.0,413348.0,49157.0,12.9,14.9,76.45011904450433,10.8,46.8,10.736616159097396,3342.0,96065349.0,28749.0,16.0,372.0,6.7,9099.0,0,,0,0.0,0,51,4.3366384895289185,9.11591979635669,8.114324709155339,18.380539236598192,12.93204513215454
51193,2014,37333.0,403395.0,48750.0,12.7,16.5,76.38907058074531,10.5,46.8,10.86213362594747,3277.0,96071396.0,29317.0,17.0,363.0,6.3,9042.0,0,,0,0.0,0,51,4.335839630713253,9.109635667854551,8.094683648698815,18.380602181351442,12.90767150977992
51193,2015,38262.0,430710.0,47911.0,13.3,18.3,76.55913415835971,9.7,46.6,11.077773236839391,3377.0,98239614.0,29091.0,18.0,367.0,5.3,8954.0,0,,0,0.0,0,51,4.338063437759428,9.09985563880091,8.124743020385568,18.402920093202294,12.97319028878985
51193,2016,39778.0,468107.0,51566.0,11.1,21.2,76.43267662628747,6.6,46.5,11.203980712340243,3424.0,102924452.0,30060.0,17.0,389.0,4.5,8989.0,0,,0,0.0,0,51,4.3364103092655215,9.103756886573398,8.138564737261632,18.449505801340827,13.056452181245994
51193,2017,41167.0,450849.0,55688.0,9.5,21.1,76.72919773597411,7.3,47.6,11.535030708700932,3477.0,104974436.0,30189.0,19.0,397.0,4.4,9444.0,0,,0,0.0,0,51,4.3402823104588295,9.153134898205403,8.153925132007862,18.46922741181231,13.018887750892988
51193,2018,42248.0,470565.0,54268.0,12.0,20.3,76.91234312725116,7.7,47.9,11.678494135710968,3435.0,108622717.0,31624.0,17.0,403.0,3.7,9408.0,0,,0,0.0,0,51,4.342666372438345,9.149315670138408,8.14177220465645,18.503391124067743,13.061689379368909
51193,2019,44413.0,474471.0,53853.0,14.9,19.2,77.4050914418775,6.2,48.6,12.07314173691482,3424.0,109238217.0,31903.0,16.0,412.0,3.5,9555.0,0,,0,0.0,0,51,4.349052559335023,9.164819856674374,8.138564737261632,18.50904153257645,13.069955778199175
51193,2020,47635.0,483987.0,53790.0,15.7,18.3,77.93708519749178,12.7,48.1,12.195475158886936,3210.0,113815594.0,35454.0,14.0,420.0,6.0,9446.0,0,,0,0.0,0,51,4.355901901180598,9.153346650456063,8.07402621612406,18.550090100145745,13.089813325833914
51193,2021,50354.0,458726.0,53113.0,16.3,16.5,79.90371785144292,11.5,47.9,12.14148832398868,3280.0,122353981.0,37298.0,12.0,432.0,4.4,9572.0,0,,0,0.0,0,51,4.380822382996851,9.166597449028265,8.09559870137819,18.622428885125,13.03620836090609
51193,2022,50727.0,446240.0,56647.0,16.0,17.6,80.58397216190053,9.1,47.9,13.416328317713363,3248.0,130558572.0,40199.0,13.0,481.0,3.0,9543.0,0,,0,0.0,0,51,4.389299773185894,9.163563180417254,8.085794701281568,18.687332511620255,13.008612202861316
51197,2012,29847.0,1246002.0,40564.0,14.0,14.5,63.2165246605708,9.3,42.9,10.714058865721642,11539.0,347960305.0,30156.0,,903.0,7.6,14096.0,0,,0,0.0,0,51,4.146565733124768,9.553646348175961,9.353487881194667,19.667598965140762,14.035450583464684
51197,2013,29061.0,1417598.0,41275.0,14.4,15.0,63.37022028262677,9.8,43.2,10.958068789328276,11402.0,347960839.0,30517.0,,874.0,7.6,13995.0,0,,0,0.0,0,51,4.1489940394636236,9.546455401949554,9.341544057591527,19.667600499797395,14.164474447996744
51197,2014,30848.0,1447887.0,40185.0,15.1,15.2,63.337749376558605,10.1,43.5,11.297868876207362,11419.0,357653186.0,31321.0,,858.0,6.3,13834.0,0,,0,0.0,0,51,4.148481508059856,9.53488460916053,9.343033913701648,19.695074320629416,14.18561581020859
51197,2015,32034.0,1551522.0,41360.0,15.1,16.0,63.18838320864506,9.6,43.6,11.232867607133509,11588.0,373106490.0,32197.0,,863.0,5.4,13694.0,0,,0,0.0,0,51,4.146120474267891,9.524713059681009,9.35772535888924,19.73737443284042,14.254746942596014
51197,2016,32412.0,1594116.0,42888.0,16.2,16.6,63.14725339429205,7.5,43.9,11.353329131743251,11697.0,382172432.0,32673.0,,890.0,5.6,13673.0,0,,0,0.0,0,51,4.145469354490257,9.523178364309082,9.367087677650707,19.76138245739398,14.281829908582848
51197,2017,33629.0,1716648.0,46119.0,15.2,18.3,62.88099196453311,6.2,44.4,11.440578146643997,11608.0,391977612.0,33769.0,,896.0,5.0,14162.0,0,,0,0.0,0,51,4.141243923513903,9.55831760021172,9.359449794564023,19.786715283878873,14.355884110126281
51197,2018,34603.0,1606252.0,48043.0,15.6,18.5,62.64720144084234,6.6,44.9,11.18195564905387,11443.0,394817586.0,34504.0,,917.0,3.8,13783.0,0,,0,0.0,0,51,4.137519010605206,9.531191227694439,9.345133468317714,19.793934408604493,14.289414072761078
51197,2019,36142.0,1448093.0,49364.0,14.8,19.0,62.439387642006096,5.6,45.3,10.972725394088512,11275.0,402510129.0,35701.0,,905.0,3.5,13787.0,0,,0,0.0,0,51,4.134196288456382,9.531481398171628,9.330343164370879,19.813230819723646,14.185758076384701
51197,2020,39551.0,1419662.0,51639.0,13.4,19.0,62.181785120532005,4.2,45.9,10.814283664139614,10799.0,413649123.0,38303.0,,880.0,8.0,13750.0,0,,0,0.0,0,51,4.130062113136688,9.528794103094718,9.28720881623276,19.840528643448334,14.165929373075228
51197,2021,43481.0,1468448.0,52726.0,15.2,19.6,61.3635182876143,5.1,45.8,11.145614291553938,11076.0,446103759.0,40276.0,,904.0,4.0,13588.0,0,,0,0.0,0,51,4.116815493870467,9.516942329280475,9.312535884290853,19.916062126424794,14.199716618711252
51197,2022,44919.0,1518094.0,53921.0,17.2,20.1,61.20765793848712,5.2,45.6,13.02587405093559,11504.0,499091310.0,43384.0,1.0,966.0,2.9,14083.0,0,,0,0.0,0,51,4.1142723114040525,9.55272367519805,9.350450079960828,20.028299622947845,14.232966158604189
51510,2012,80505.0,15464481.0,83996.0,8.0,60.5,9396.518245731502,5.1,35.7,11.044668644654392,95584.0,6595349655.0,69001.0,603.0,6241.0,4.0,93156.0,0,,0,0.0,0,51,9.148094500253032,11.44203078619368,11.467760721015836,22.609630639905877,16.554056403887344
51510,2013,76051.0,14864400.0,85706.0,8.4,61.4,9620.622698359555,5.0,35.7,10.72088033141516,95203.0,6612940934.0,69462.0,554.0,6226.0,4.0,93742.0,0,,0,0.0,0,51,9.17166427112409,11.448301606858228,11.463766732887986,22.61229431379805,16.51447965033029
51510,2014,78690.0,14833106.0,87319.0,8.7,61.5,9803.950451958486,4.7,35.8,10.845198937440564,94946.0,6790914597.0,71524.0,754.0,6183.0,3.8,93893.0,0,,0,0.0,0,51,9.190540690775428,11.449911115026719,11.461063587917554,22.638851467089697,16.51237213250822
51510,2015,80148.0,14849118.0,89134.0,8.3,61.4,9997.65651155005,4.5,36.0,11.055026234667997,96328.0,6979141482.0,72452.0,816.0,6553.0,3.2,94551.0,0,,0,0.0,0,51,9.210105995667206,11.45689465044527,11.475514313572054,22.66619174930782,16.5134510275097
51510,2016,80787.0,14805375.0,89200.0,9.8,62.1,10142.149313692667,4.0,36.2,11.185673295112666,94885.0,7020455007.0,73989.0,817.0,6552.0,2.9,96536.0,0,,0,0.0,0,51,9.224455218559022,11.477671274753437,11.460420910988079,22.672093868695644,16.510500848477697
51510,2017,82214.0,15081071.0,93370.0,10.5,61.8,10358.888516906594,3.9,36.4,11.524501496229677,93774.0,7093303873.0,75642.0,819.0,6385.0,2.8,100279.0,0,,0,0.0,0,51,9.245600224045042,11.515711580144327,11.448642911070248,22.68241705950064,16.528950939242357
51510,2018,86394.0,15230199.0,96733.0,10.6,62.1,10479.07599598259,3.3,36.5,11.66164086138545,91915.0,7173714190.0,78047.0,761.0,6302.0,2.3,100401.0,0,,0,0.0,0,51,9.257135785665707,11.516927446349527,11.428619515916973,22.693689375563967,16.53879079110246
51510,2019,87786.0,14970109.0,100939.0,10.3,63.1,10553.264144626715,3.0,36.8,12.056458043354928,90924.0,7212908600.0,79329.0,754.0,6207.0,2.1,101332.0,0,,0,0.0,0,51,9.264190488645596,11.526157533738946,11.417779271719374,22.699138118822432,16.52156603759843
51510,2020,91521.0,14483075.0,102227.0,9.4,65.1,10599.866086374288,3.3,36.8,12.179610359243735,83919.0,7075437449.0,84313.0,777.0,6203.0,6.2,98544.0,0,,0,0.0,0,51,9.268596646659441,11.498258427926825,11.3376073268886,22.67989510881165,16.488491284254707
51510,2021,104279.0,14874002.0,105450.0,9.6,65.2,10591.56344158018,3.2,37.1,12.13029958147936,84081.0,7296189761.0,86776.0,784.0,6376.0,3.7,98279.0,0,,0,0.0,0,51,9.267813061464494,11.495565651573175,11.33953589891493,22.710618098289206,16.515125414708194
51510,2022,108556.0,14914516.0,113179.0,8.8,66.0,10551.991965182457,3.2,37.4,13.40972176536102,84602.0,7518219428.0,88866.0,381.0,6891.0,2.3,100719.0,0,,0,0.0,0,51,9.264069932947132,11.520089740154246,11.345713185976818,22.74059516868029,16.51784552485132
51550,2012,44030.0,9470879.0,70244.0,8.3,28.4,659.5628383009904,6.6,36.7,11.044668644654392,95303.0,3704290165.0,38869.0,,5704.0,6.3,115007.0,0,,0,0.0,0,51,6.491577249348437,11.652748275058128,11.464816568685123,22.032757488945,16.063732280284583
51550,2013,43659.0,9645439.0,69743.0,8.5,29.3,666.5474980499681,7.5,36.6,10.72088033141516,95580.0,3736110745.0,39089.0,,5646.0,5.8,116363.0,0,,0,0.0,0,51,6.5021114019707165,11.664469894332475,11.46771887213215,22.041310999539625,16.081995719097456
51550,2014,44773.0,9617838.0,70176.0,9.1,29.4,674.1437587160517,7.6,36.6,10.845198937440564,95718.0,3792520607.0,39622.0,,5643.0,5.2,117670.0,0,,0,0.0,0,51,6.51344338003241,11.675639375457974,11.469161647529052,22.056296702791183,16.079130057259302
51550,2015,46267.0,9830198.0,68620.0,9.7,29.6,681.332285437398,7.5,36.5,11.055026234667997,97422.0,3969968171.0,40750.0,61.0,5879.0,4.5,116777.0,0,,0,0.0,0,51,6.524050124646569,11.668021412177188,11.48680733681517,22.10202391423302,16.100969634341652
51550,2016,47357.0,9907092.0,69978.0,9.5,30.4,688.9935471671354,6.3,36.7,11.185673295112666,98448.0,4051187547.0,41151.0,61.0,6018.0,4.2,118086.0,0,,0,0.0,0,51,6.535231905464919,11.679168451551492,11.497283768980271,22.122275896565323,16.108761422275226
51550,2017,48149.0,10081767.0,72214.0,9.6,31.5,695.5409270333514,5.8,36.6,11.524501496229677,99486.0,4249431953.0,42714.0,69.0,6049.0,3.7,122020.0,0,,0,0.0,0,51,6.544689855115062,11.711940244705843,11.507772209729428,22.17005115283205,16.12623910286371
51550,2018,48247.0,10335901.0,75790.0,9.0,32.5,702.6614980972415,5.1,36.7,11.66164086138545,101245.0,4433253424.0,43787.0,61.0,6190.0,3.0,122800.0,0,,0,0.0,0,51,6.554875265317003,11.71831229469518,11.52529860103337,22.21239955868191,16.151133926785274
51550,2019,49447.0,10504093.0,78640.0,8.6,33.2,709.0493298981256,4.7,36.9,12.056458043354928,102535.0,4628247220.0,45138.0,266.0,6216.0,2.8,124798.0,0,,0,0.0,0,51,6.563925100836921,11.734451709148027,11.53795948268987,22.255444063174384,16.167275548695567
51550,2020,53239.0,10699899.0,81261.0,7.5,34.6,716.923322381639,5.2,37.0,12.179610359243735,99334.0,4823027682.0,48553.0,632.0,6276.0,6.3,121987.0,0,,0,0.0,0,51,6.574968892595864,11.711669760660703,11.506243188206307,22.29666771759795,16.185744860135248
51550,2021,57484.0,11101457.0,85563.0,8.0,35.5,730.2928593376982,5.1,37.1,12.13029958147936,100419.0,5145584049.0,51241.0,574.0,6469.0,3.8,121486.0,0,,0,0.0,0,51,6.593445630867319,11.707554308786227,11.517106711363452,22.361404717574025,16.222586918929817
51550,2022,58710.0,11185105.0,92703.0,7.6,35.8,736.8077386720873,5.0,37.4,13.40972176536102,103011.0,5533260797.0,53715.0,536.0,6950.0,2.8,124115.0,0,,0,0.0,0,51,6.602326987969663,11.72896383415439,11.542591057625978,22.43404313457897,16.230093540434947
51650,2012,36893.0,6700282.0,51584.0,14.7,22.6,2671.3627795806533,9.7,35.5,11.044668644654392,54960.0,2369077363.0,43106.0,14.0,2674.0,8.1,65857.0,0,,0,0.0,0,51,7.89034402551963,11.095241003723723,10.914360926896231,21.585766417984953,15.717660173027692
51650,2013,36816.0,6672107.0,50705.0,14.9,22.5,2661.374633217388,10.7,35.5,10.72088033141516,54948.0,2370963234.0,43150.0,45.0,2659.0,7.3,65830.0,0,,0,0.0,0,51,7.886598047696287,11.094830940461922,10.914142562445095,21.586562137372127,15.713446260062389
51650,2014,37645.0,6631104.0,49879.0,15.5,23.3,2660.3447270748725,10.5,35.5,10.845198937440564,53954.0,2447771146.0,45368.0,40.0,2678.0,6.6,65793.0,0,,0,0.0,0,51,7.886210990023514,11.094268728675615,10.89588711066259,21.61844371111528,15.707281864136926
51650,2015,38942.0,6520689.0,49190.0,15.3,23.2,2663.7842249470473,9.8,35.4,11.055026234667997,53838.0,2419072772.0,44932.0,41.0,2767.0,5.9,64501.0,0,,0,0.0,0,51,7.887503031738376,11.07443600653965,10.893734816526113,21.60665015162738,15.690490603166268
51650,2016,39348.0,6582887.0,49890.0,15.6,24.0,2658.1100250675267,8.9,35.6,11.185673295112666,53937.0,2438781023.0,45215.0,46.0,2837.0,5.6,64029.0,0,,0,0.0,0,51,7.885370632347082,11.067091384711677,10.895571977794404,21.61476417068178,15.699983960876589
51650,2017,40234.0,6665700.0,52021.0,14.9,25.6,2647.7332348768973,7.8,35.8,11.524501496229677,54447.0,2590159350.0,47572.0,36.0,2822.0,5.0,65043.0,0,,0,0.0,0,51,7.881459169866096,11.0828038686192,10.90498303042451,21.67498523586179,15.71248553233664
51650,2018,40548.0,6580513.0,54550.0,15.8,26.8,2634.6748022774527,7.2,36.1,11.66164086138545,54195.0,2545404184.0,46967.0,83.0,2860.0,4.1,64521.0,0,,0,0.0,0,51,7.876515038663778,11.074746031189092,10.90034393224985,21.65755528927038,15.699623263788338
51650,2019,41586.0,6649572.0,56287.0,15.2,26.9,2624.1425545558773,6.1,36.2,12.056458043354928,53534.0,2642922208.0,49369.0,31.0,2862.0,3.7,64982.0,0,,0,0.0,0,51,7.872509475781862,11.081865587450576,10.88807224504927,21.695151038915572,15.71006304965853
51650,2020,45493.0,6627258.0,57041.0,15.3,26.7,2626.6298750510095,6.1,36.3,12.179610359243735,49695.0,2617333941.0,52668.0,27.0,2871.0,8.8,64507.0,0,,0,0.0,0,51,7.873456887125442,11.074529024027004,10.813659603402106,21.685422056862638,15.706701701955824
51650,2021,48796.0,6715254.0,59380.0,14.4,27.3,2657.31330522143,6.0,36.3,12.13029958147936,49882.0,2784628595.0,55825.0,24.0,3012.0,5.5,63680.0,0,,0,0.0,0,51,7.885070855714985,11.061625820518264,10.817415495221095,21.74738034236612,15.719892212987315
51650,2022,48962.0,6679422.0,64430.0,13.5,27.7,2666.4270029731256,6.5,36.5,13.40972176536102,49284.0,2788430969.0,56578.0,86.0,3229.0,3.7,64499.0,0,,0,0.0,0,51,7.888494654069886,11.074404998787708,10.805354763744559,21.748744897884087,15.71454201482305
51700,2012,36981.0,11880417.0,50744.0,14.5,23.9,2621.1569960428474,9.2,32.3,11.044668644654392,96261.0,4467650003.0,46412.0,155.0,3743.0,7.3,89872.0,0,,0,0.0,0,51,7.871371100820949,11.406141714772215,11.474818531334202,22.2201283809311,16.290401972292848
51700,2013,36567.0,12460706.0,51027.0,15.2,23.9,2623.969038542376,9.8,32.5,10.72088033141516,97302.0,4628390786.0,47567.0,166.0,3674.0,6.6,90463.0,0,,0,0.0,0,51,7.872443350658382,11.412696206311244,11.485574822947429,22.25547508221173,16.3380907310346
51700,2014,36909.0,12045177.0,51000.0,15.2,24.1,2628.8538752554755,9.6,32.7,10.845198937440564,98179.0,4855826048.0,49459.0,150.0,3662.0,6.1,90995.0,0,,0,0.0,0,51,7.874303241311996,11.418559838934508,11.494547622186369,22.3034450679862,16.304174888817286
51700,2015,38025.0,12497154.0,50077.0,15.7,24.0,2628.2885677426834,9.1,32.8,11.055026234667997,97536.0,4979654359.0,51054.0,171.0,3792.0,5.4,89143.0,0,,0,0.0,0,51,7.87408817865349,11.39799710085907,11.487976819606263,22.328626319750985,16.341011496349502
51700,2016,38148.0,12384355.0,50089.0,16.1,24.7,2632.3906709765324,8.3,32.9,11.185673295112666,96225.0,4923559219.0,51167.0,167.0,3850.0,5.0,88936.0,0,,0,0.0,0,51,7.875647712652471,11.39567228891345,11.474444478151947,22.317297524405532,16.331944540421453
51700,2017,38755.0,12322800.0,51082.0,16.4,24.8,2620.345272434736,7.5,33.2,11.524501496229677,97754.0,5147323463.0,52656.0,145.0,3859.0,4.6,89790.0,0,,0,0.0,0,51,7.8710613714445135,11.405228889514854,11.490209397726495,22.361742700600594,16.32696176297439
51700,2018,38802.0,13128148.0,51884.0,15.5,25.5,2611.2133818434822,6.7,33.3,11.66164086138545,101887.0,5396527829.0,52966.0,140.0,3921.0,3.7,88931.0,0,,0,0.0,0,51,7.867570289543529,11.395616067129744,11.531619635017343,22.409021589077305,16.390269185302166
51700,2019,39864.0,13817285.0,53215.0,15.3,26.3,2604.371711432257,6.2,33.5,12.056458043354928,103520.0,5685298168.0,54920.0,142.0,3941.0,3.4,89819.0,0,,0,0.0,0,51,7.864946739466924,11.405551813201885,11.547520109734727,22.461149410970563,16.44143090259021
51700,2020,43671.0,13610683.0,54511.0,14.8,28.0,2603.052660569076,5.7,33.8,12.179610359243735,99479.0,5752336297.0,57825.0,126.0,4019.0,9.0,88923.0,0,,0,0.0,0,51,7.864440135511816,11.395526105700645,11.507701845595003,22.47287192175483,16.426365557056954
51700,2021,47194.0,14478434.0,57463.0,15.8,28.1,2682.5870790995664,5.7,33.9,12.13029958147936,100381.0,6008068891.0,59852.0,135.0,4192.0,5.4,87501.0,0,,0,0.0,0,51,7.8945369358976665,11.37940550085183,11.516728225303156,22.51636921788711,16.488170789902032
51700,2022,47815.0,15000181.0,63355.0,14.7,28.7,2683.297337256664,5.6,34.1,13.40972176536102,100346.0,6375732540.0,63538.0,14.0,4519.0,3.5,88557.0,0,,0,0.0,0,51,7.894801666967564,11.391401691469984,11.516379492941743,22.57576482962475,16.52357282566035
51710,2012,35796.0,21315458.0,44164.0,18.2,25.4,4562.2900046926325,11.6,29.6,11.044668644654392,137771.0,6597570846.0,47888.0,,5617.0,7.5,112642.0,0,,0,0.0,0,51,8.425579970462763,11.631969926916057,11.833348165486571,22.609967364594063,16.874943095166177
51710,2013,35100.0,21219723.0,44747.0,19.2,25.3,4581.698732989207,11.9,29.8,10.72088033141516,136462.0,6533113787.0,47875.0,,5590.0,6.8,112752.0,0,,0,0.0,0,51,8.42982511074033,11.632945995566804,11.823801466571553,22.600149509919532,16.870441637342008
51710,2014,36130.0,21305373.0,44150.0,20.5,25.6,4593.993430314406,11.6,29.9,10.845198937440564,134423.0,6647083312.0,49449.0,130.0,5515.0,6.2,112403.0,0,,0,0.0,0,51,8.432504953190207,11.629845906477005,11.808746823382336,22.617443995701944,16.87446985239021
51710,2015,37002.0,21701017.0,44480.0,21.0,26.1,4607.2641952135145,10.9,30.0,11.055026234667997,139830.0,7326505575.0,52396.0,512.0,5758.0,5.5,110946.0,0,,0,0.0,0,51,8.435389509767363,11.616798875435041,11.848182678034897,22.71476450997839,16.89286968377194
51710,2016,37921.0,22296556.0,45268.0,21.0,26.6,4612.36977944627,9.7,30.2,11.185673295112666,140246.0,7403619104.0,52790.0,214.0,5861.0,5.2,110464.0,0,,0,0.0,0,51,8.43649705585188,11.612444955003046,11.851153302479117,22.725234785709816,16.919942785041464
51710,2017,38910.0,21628031.0,47137.0,21.0,27.3,4612.895354293759,8.5,30.4,11.524501496229677,141959.0,7604987434.0,53572.0,217.0,5886.0,4.6,112669.0,0,,0,0.0,0,51,8.4366109983436,11.632209595641767,11.863293562497809,22.75207011032231,16.889500762810172
51710,2018,38323.0,19931986.0,49146.0,19.7,28.0,4609.8920694509625,8.2,30.5,11.66164086138545,142754.0,7932728607.0,55569.0,496.0,6069.0,3.7,111790.0,0,,0,0.0,0,51,8.43595972345002,11.624377390264371,11.868878148141437,22.79426290004198,16.807836335995066
51710,2019,39716.0,19212302.0,51590.0,18.7,28.8,4591.290473955889,7.6,30.7,12.056458043354928,141016.0,8101489345.0,57451.0,438.0,6101.0,3.4,111914.0,0,,0,0.0,0,51,8.431916412549612,11.62548599818108,11.856628638099789,22.81531375147592,16.77106136098538
51710,2020,42170.0,18951203.0,53026.0,17.8,30.0,4585.640544345378,8.0,30.8,12.179610359243735,132792.0,8182208658.0,61617.0,,6108.0,9.0,110941.0,0,,0,0.0,0,51,8.430685079261151,11.616753807449978,11.796539273246056,22.825227958206177,16.75737797032736
51710,2021,47212.0,19976469.0,56244.0,17.4,31.8,4477.822618488973,7.1,30.9,12.13029958147936,133874.0,8652380974.0,64631.0,403.0,6202.0,5.5,109285.0,0,,0,0.0,0,51,8.406892184603024,11.601714427784287,11.804654338067623,22.881100377123737,16.810065588839947
51710,2022,47988.0,20634709.0,60998.0,16.9,32.2,4448.108869075551,6.7,32.2,13.40972176536102,137491.0,9286666948.0,67544.0,234.0,6656.0,3.4,110326.0,0,,0,0.0,0,51,8.400234311592117,11.61119489822538,11.831313739401066,22.95184554692429,16.84248511881593
51740,2012,35014.0,5646815.0,46269.0,17.5,19.0,2876.370078976607,9.8,35.3,11.044668644654392,43920.0,2077039818.0,47291.0,,1847.0,8.6,45630.0,0,,0,0.0,0,51,7.964284388927193,10.728320673921449,10.690125076183412,21.454209552576224,15.546602227360404
51740,2013,34771.0,5737927.0,46166.0,18.4,19.5,2879.823428725864,10.6,35.2,10.72088033141516,44647.0,2098696129.0,47006.0,,1832.0,7.9,45461.0,0,,0,0.0,0,51,7.965484261780303,10.724610094524913,10.706542394797626,21.464582097890798,15.562608553239661
51740,2014,35153.0,5701916.0,46239.0,18.2,19.5,2883.006516320831,10.5,35.1,10.845198937440564,44093.0,2178783252.0,49414.0,,1816.0,7.1,45226.0,0,,0,0.0,0,51,7.966588957892813,10.719427421682939,10.694056318677243,21.502032416644177,15.556312816673145
51740,2015,35918.0,5770776.0,45676.0,18.2,20.8,2886.8502447373953,11.6,34.9,11.055026234667997,44750.0,2260159526.0,50507.0,,1886.0,6.1,44417.0,0,,0,0.0,0,51,7.967921306040901,10.701377558022253,10.708846723703001,21.538701234465144,15.568317118176319
51740,2016,36054.0,5769612.0,47050.0,18.2,21.1,2884.928380529113,10.9,35.0,11.185673295112666,43715.0,2225177817.0,50902.0,,1882.0,6.0,44103.0,0,,0,0.0,0,51,7.967255353860789,10.694283086332076,10.68544657161499,21.52310266712417,15.56811539185586
51740,2017,37725.0,5886680.0,48727.0,17.7,21.9,2868.8627969130052,9.7,35.2,11.524501496229677,43638.0,2311153791.0,52961.0,,1831.0,5.3,44681.0,0,,0,0.0,0,51,7.961670992221237,10.707303634311371,10.683683609382596,21.561012713406562,15.588202729475075
51740,2018,38055.0,5807692.0,50224.0,17.2,21.3,2862.106243055764,9.2,35.2,11.66164086138545,44343.0,2423157291.0,54646.0,,1847.0,4.1,44342.0,0,,0,0.0,0,51,7.959313081389575,10.699687588152155,10.699710139880182,21.60833719248071,15.574693803777583
51740,2019,39814.0,6123562.0,52175.0,16.8,21.9,2855.6800096093207,7.8,35.3,12.056458043354928,44682.0,2536837229.0,56775.0,,1837.0,3.9,44522.0,0,,0,0.0,0,51,7.957065275729043,10.703738728010274,10.707326014938701,21.654183956656254,15.627654511320776
51740,2020,43444.0,6061997.0,53213.0,15.7,20.8,2851.5960481667216,6.3,35.5,12.179610359243735,43184.0,2515028778.0,58239.0,,1850.0,9.8,44643.0,0,,0,0.0,0,51,7.955634133412355,10.70645279909816,10.673225335257786,21.64555008297738,15.617549841713586
51740,2021,46020.0,6177693.0,54020.0,17.2,21.0,2926.4586649049575,6.3,35.5,12.13029958147936,43115.0,2639058389.0,61210.0,,1873.0,6.4,44017.0,0,,0,0.0,0,51,7.981548324218389,10.692331201917552,10.671626243386426,21.693688019649134,15.636455458768847
51740,2022,46238.0,6151033.0,57154.0,17.4,21.2,2924.3566259271493,6.6,35.6,13.40972176536102,42783.0,2797888472.0,65397.0,30.0,1986.0,3.7,44161.0,0,,0,0.0,0,51,7.980829778523896,10.69559732562212,10.663896106404877,21.752130852495345,15.632130593157418
51760,2012,48177.0,19894324.0,39445.0,26.7,33.8,3426.750104297038,11.0,32.2,11.059851188451322,148410.0,7995919054.0,53877.0,216.0,7100.0,7.3,109135.0,0,,0,0.0,0,51,8.13936759954763,11.600340926973178,11.907733992889863,22.802197130221668,16.80594502287936
51760,2013,45344.0,20283189.0,40496.0,25.6,34.8,3468.969545264915,11.3,32.6,10.728778638680266,147607.0,8035286905.0,54437.0,140.0,7004.0,6.6,110460.0,0,,0,0.0,0,51,8.151612867820495,11.612408743455179,11.902308615498212,22.80710854240569,16.825302972845712
51760,2014,47137.0,20841278.0,41331.0,25.5,35.4,3522.119315811431,10.7,32.6,10.853698444022267,148477.0,8298845651.0,55893.0,191.0,7014.0,6.0,112740.0,0,,0,0.0,0,51,8.166818165771208,11.632839561635565,11.90818534307453,22.839382263883923,16.85244609734538
51760,2015,49422.0,21728309.0,40758.0,25.5,36.0,3566.7083854818525,10.0,32.9,11.066442654426922,149651.0,8723523606.0,58293.0,178.0,7393.0,5.1,113141.0,0,,0,0.0,0,51,8.179398428577551,11.636390107465122,11.916061195517122,22.88928907650453,16.894126530520733
51760,2016,49985.0,22135671.0,41187.0,25.4,36.7,3617.4050896954527,9.1,33.2,11.194861465164715,153128.0,8937242422.0,58365.0,205.0,7730.0,4.6,114798.0,0,,0,0.0,0,51,8.193512221726198,11.650929341113057,11.939029451925945,22.91349292463515,16.9127009376713
51760,2017,52392.0,22575624.0,42356.0,25.2,37.5,3686.141009595328,8.8,33.5,11.529785856034756,154502.0,9301956138.0,60206.0,335.0,7685.0,4.3,117943.0,0,,0,0.0,0,51,8.212335392949846,11.677956735893698,11.94796232021997,22.953490552407164,16.932381298081324
51760,2018,53096.0,23130169.0,45117.0,24.5,38.5,3734.451397580309,7.6,33.8,11.67009889756758,155753.0,9606645500.0,61679.0,172.0,7902.0,3.6,118035.0,0,,0,0.0,0,51,8.22535620527417,11.678736469637194,11.956026698101436,22.98572093551623,16.956648340709247
51760,2019,56689.0,23566334.0,47250.0,23.2,39.6,3781.7605340008345,6.5,34.0,12.064830891442936,158794.0,10161369809.0,63991.0,244.0,8017.0,3.3,119445.0,0,,0,0.0,0,51,8.23794492992156,11.690611293359655,11.975363043706048,23.041859093729318,16.975329726116033
51760,2020,62644.0,23788834.0,51421.0,20.9,41.2,3825.3316645807263,6.3,34.1,12.187572169414784,147619.0,10374591778.0,70280.0,241.0,8001.0,9.1,119637.0,0,,0,0.0,0,51,8.249400452195875,11.69221743720382,11.902389909151255,23.062625555590277,16.984726868888007
51760,2021,69384.0,24818600.0,54795.0,19.8,43.1,3765.974134334585,6.0,34.4,12.135914655461114,148861.0,10901060025.0,73230.0,267.0,8296.0,5.3,117789.0,0,,0,0.0,0,51,8.233761840987082,11.67665016723176,11.910768263612686,23.112125871453035,17.027103930025756
51760,2022,72510.0,26107823.0,59606.0,19.5,44.1,3790.921985815603,6.1,34.5,13.413037297790764,154383.0,11928781720.0,77267.0,388.0,9155.0,3.3,120698.0,0,,0,0.0,0,51,8.240364536516829,11.701046836940053,11.947191806884021,23.202219948814072,17.077745559183086
51770,2012,38274.0,6542499.0,38265.0,21.1,22.9,2275.158157145881,7.7,38.4,10.77588789962009,66193.0,2686183201.0,40581.0,4.0,3247.0,7.1,49563.0,0,,0,0.0,0,51,7.729804848593237,10.810999866598701,11.100329996152944,21.711387138603893,15.693829760539655
51770,2013,37056.0,6696052.0,38145.0,22.4,23.6,2289.574563157028,8.5,38.2,11.008714642020417,66969.0,2792480827.0,41698.0,8.0,3170.0,6.5,49777.0,0,,0,0.0,0,51,7.736121299008217,10.815308308938832,11.111985104733481,21.75019622299328,15.71702865695164
51770,2014,37697.0,6778290.0,39530.0,21.9,24.1,2303.544131135204,8.0,38.3,11.338118274150728,66992.0,2846464687.0,42490.0,14.0,3148.0,5.8,50256.0,0,,0,0.0,0,51,7.742204142488614,10.824885221778429,11.112328488258925,21.769343600516997,15.729235415716305
51770,2015,39296.0,6968296.0,39930.0,21.2,23.6,2322.0526328167257,8.3,38.0,11.260046126838704,66795.0,2963347025.0,44365.0,4.0,3236.0,4.8,49096.0,0,,0,0.0,0,51,7.750206829019344,10.801532844068934,11.109383506423912,21.809585218153394,15.756881276520382
51770,2016,38905.0,7102390.0,39201.0,22.2,22.9,2335.9986830036923,7.4,38.1,11.375747632778316,67358.0,3054607410.0,45349.0,4.0,3285.0,4.2,48997.0,0,,0,0.0,0,51,7.756194780165293,10.799514350728673,11.117776957264015,21.839916913947217,15.775941905086148
51770,2017,39717.0,7098974.0,41483.0,21.6,23.2,2341.7135062674915,6.6,38.4,11.462621529420185,66383.0,3036768336.0,45746.0,4.0,3318.0,4.1,49421.0,0,,0,0.0,0,51,7.758638208010295,10.808130714060667,11.103196278588376,21.83405973956051,15.775460824527142
51770,2018,41224.0,7125071.0,43028.0,20.5,23.8,2342.8658780367346,6.8,38.7,11.207109711809006,66361.0,3101882760.0,46743.0,3.0,3395.0,3.3,49080.0,0,,0,0.0,0,51,7.759130193180339,10.801206898824848,11.102864813509706,21.855275106015522,15.77913024898162
51770,2019,41768.0,7085012.0,44230.0,20.8,23.4,2333.6469038827872,6.3,38.5,11.007281215218068,65803.0,3177781836.0,48292.0,,3431.0,3.0,49261.0,0,,0,0.0,0,51,7.755187517718503,10.804887971915088,11.09442070897926,21.87944925449812,15.773492124824608
51770,2020,45852.0,7039873.0,45664.0,20.1,24.8,2331.130500223419,6.7,38.2,10.824226751863051,61814.0,3208726197.0,51909.0,,3405.0,7.9,48949.0,0,,0,0.0,0,51,7.754108622120507,10.79853421874079,11.031885155006929,21.889139871968624,15.767100688198779
51770,2021,50265.0,7514489.0,48476.0,18.4,26.8,2341.8546130147456,6.4,38.0,11.154025222810333,62715.0,3416628867.0,54479.0,27.0,3441.0,4.8,48170.0,0,,0,0.0,0,51,7.758698464098688,10.782491699624266,11.046355932458775,21.951920190484447,15.832343581518632
51770,2022,52651.0,7560859.0,51523.0,19.1,28.4,2333.2706192234423,6.6,38.1,13.01794380555078,63889.0,3644199619.0,57039.0,61.0,3669.0,3.1,48968.0,0,,0,0.0,0,51,7.755026261532468,10.798922302530906,11.06490248157219,22.016402595030353,15.838495366039584
51800,2012,45638.0,4188011.0,66479.0,11.6,25.7,210.98306443531413,7.3,38.2,11.044610049466666,26673.0,1163424711.0,43618.0,,1617.0,6.9,41732.0,0,,0,0.0,0,51,5.351777866915048,10.63902349958786,10.191407096789248,20.87463382954543,15.247736477521169
51800,2013,44616.0,4107784.0,66085.0,11.4,26.2,212.55135785148812,8.6,38.1,10.72118320571634,26888.0,1205079251.0,44819.0,,1630.0,6.2,41988.0,0,,0,0.0,0,51,5.359183643170599,10.645139142155688,10.199435369404942,20.90981117019111,15.22839426831713
51800,2014,45533.0,3821246.0,66822.0,11.1,26.1,214.1421986170959,8.9,38.3,10.846179690547729,27125.0,1261750462.0,46517.0,,1636.0,5.7,42508.0,0,,0,0.0,0,51,5.366640273872223,10.657447572492586,10.208211090842761,20.955765849342693,15.156087105408746
51800,2015,47313.0,3772747.0,65499.0,11.5,26.4,215.91341817817417,8.0,38.3,11.058194680051589,28482.0,1338428623.0,46992.0,,1740.0,4.9,42458.0,0,,0,0.0,0,51,5.374877485557917,10.656270630991948,10.257027587779373,21.014762093391475,15.143313941304548
51800,2016,48639.0,3750407.0,65435.0,11.5,26.6,218.11053211744664,7.3,38.4,11.1892661237993,29850.0,1379743527.0,46222.0,,1791.0,4.6,43013.0,0,,0,0.0,0,51,5.385001962355475,10.669257674565925,10.303940118820748,21.045163468843274,15.137374925390612
51800,2017,49457.0,3671560.0,68089.0,11.2,27.2,220.60577212145503,6.7,38.1,11.52332175571696,30826.0,1431550866.0,46440.0,,1827.0,4.0,44405.0,0,,0,0.0,0,51,5.39637727203219,10.701107354692605,10.336113768706666,21.08202421522777,15.116127197834784
51800,2018,49883.0,3734372.0,70664.0,10.8,28.1,223.369075057621,6.2,38.2,11.661698564872385,31737.0,1487863552.0,46881.0,,1890.0,3.2,44684.0,0,,0,0.0,0,51,5.408825448483693,10.70737077469074,10.365238471654884,21.120607070227976,15.13309022318851
51800,2019,51562.0,3877721.0,74884.0,10.4,29.5,225.70648361559273,6.2,38.0,12.059052983869233,32603.0,1625834701.0,49868.0,,1897.0,3.0,45444.0,0,,0,0.0,0,51,5.41923541010824,10.724236077689795,10.392159587660679,21.20928718300271,15.170758167895432
51800,2020,54799.0,4084569.0,79899.0,9.2,29.6,228.9382703677723,6.2,38.1,12.179610359243735,32063.0,1761267664.0,54931.0,,1885.0,6.6,44972.0,0,,0,0.0,0,51,5.433452405503166,10.713795352869651,10.375457996333441,21.289299650367468,15.222726772753948
51800,2021,59750.0,4268593.0,81883.0,9.6,31.0,233.6606874436316,6.5,38.2,12.13029958147936,33419.0,1922886493.0,57538.0,,1980.0,4.3,44866.0,0,,0,0.0,0,51,5.453870009352771,10.71143554857325,10.416879879499433,21.377093275809912,15.26679482270833
51800,2022,61380.0,4295576.0,87758.0,9.4,32.1,237.63904198817517,6.3,38.5,13.40972176536102,34816.0,2019215609.0,57996.0,41.0,2257.0,3.0,45674.0,0,,0,0.0,0,51,5.470752892121794,10.729284487191537,10.457832330215615,21.425974960570514,15.273096213838196
51810,2012,48175.0,20543089.0,65980.0,7.4,32.3,1796.0224416993906,6.3,34.8,11.044668644654392,164585.0,6493533783.0,39454.0,377.0,11356.0,5.6,228708.0,0,,0,0.0,0,51,7.4933297441623585,12.340201359722643,12.011182433060364,22.59407271608809,16.838035140641257
51810,2013,47293.0,20745298.0,65219.0,7.9,32.9,1806.7406823224624,6.5,34.9,10.72088033141516,169419.0,6597142323.0,38940.0,429.0,11184.0,5.3,231089.0,0,,0,0.0,0,51,7.499279773001577,12.350558196687398,12.040130215477271,22.609902410851657,16.84783017655314
51810,2014,49258.0,20882389.0,67001.0,8.3,33.5,1820.928151420177,6.2,34.9,10.845198937440564,171026.0,6802728320.0,39776.0,447.0,11169.0,4.8,232581.0,0,,0,0.0,0,51,7.507101623386436,12.356993830433629,12.049570870710482,22.640589592189247,16.854416730142546
51810,2015,51283.0,21234532.0,66634.0,8.3,33.8,1831.8261871585423,6.1,35.0,11.055026234667997,173655.0,7073934964.0,40735.0,519.0,11744.0,4.2,229696.0,0,,0,0.0,0,51,7.5130686647279,12.344511974507279,12.064825851307939,22.67968273402049,16.87113928240023
51810,2016,52698.0,21679488.0,67719.0,8.2,34.2,1837.722649689649,5.8,35.4,11.185673295112666,176470.0,7235788286.0,41003.0,614.0,12115.0,3.9,229517.0,0,,0,0.0,0,51,7.516282393645641,12.343732379813462,12.080906169237279,22.702305145621352,16.89187711802069
51810,2017,54531.0,22325354.0,70500.0,8.0,34.8,1839.0465955386296,5.3,35.6,11.524501496229677,178341.0,7462041082.0,41841.0,609.0,12178.0,3.5,233787.0,0,,0,0.0,0,51,7.517002561715977,12.362165723394641,12.091452726940167,22.73309481722473,16.921233541264055
51810,2018,54559.0,21818147.0,74186.0,7.6,35.2,1839.365323243013,4.9,35.9,11.66164086138545,178196.0,7623953602.0,42784.0,530.0,12322.0,2.9,233270.0,0,,0,0.0,0,51,7.5171758580798524,12.359951859942601,12.090639347077802,22.75456091749805,16.89825261267329
51810,2019,56316.0,22297716.0,76610.0,7.3,36.0,1839.6350159159535,4.6,36.2,12.056458043354928,179379.0,7965969282.0,44409.0,519.0,12310.0,2.7,234807.0,0,,0,0.0,0,51,7.51732247001166,12.366519179098166,12.097256164898956,22.79844446555984,16.919994809660242
51810,2020,59477.0,22056288.0,78136.0,7.2,37.3,1842.4177539503848,4.4,36.4,12.179610359243735,167802.0,8121956151.0,48402.0,572.0,12432.0,6.4,228946.0,0,,0,0.0,0,51,7.518833984777016,12.34124144686907,12.030539991895346,22.817836867402544,16.909108289271902
51810,2021,64853.0,23140950.0,81810.0,7.8,38.6,1870.1062017056015,4.3,36.7,12.13029958147936,171513.0,8650103264.0,50434.0,566.0,12920.0,3.7,227474.0,0,,0,0.0,0,51,7.533750500591944,12.334791225127747,12.052414344464596,22.880837095853625,16.95711433333826
51810,2022,67721.0,23422354.0,87544.0,8.0,39.8,1871.0950748397167,4.3,37.1,13.40972176536102,174794.0,9267327421.0,53019.0,799.0,13978.0,2.7,232244.0,0,,0,0.0,0,51,7.534279139969539,12.35554382211202,12.071363416671666,22.949760870857315,16.969201423465393
