fips,year,per_capita_income,gdp_thousands
31001,2010,36869.0,1586875.0
31001,2011,41094.0,1709251.0
31001,2012,43050.0,1735273.0
31001,2013,44098.0,1867247.0
31001,2014,45637.0,1845389.0
31001,2015,46254.0,1842223.0
31001,2016,45417.0,1895118.0
31001,2017,45333.0,1836139.0
31001,2018,47570.0,1841535.0
31001,2019,50114.0,1859228.0
31001,2020,53085.0,1798401.0
31001,2021,59441.0,1992589.0
31001,2022,63095.0,2018543.0
31003,2010,40479.0,357641.0
31003,2011,53871.0,367601.0
31003,2012,51419.0,335342.0
31003,2013,57050.0,344476.0
31003,2014,55302.0,361275.0
31003,2015,54635.0,369432.0
31003,2016,54469.0,474055.0
31003,2017,48018.0,419674.0
31003,2018,50582.0,426705.0
31003,2019,58218.0,509507.0
31003,2020,70681.0,584451.0
31003,2021,77729.0,578943.0
31003,2022,70558.0,557707.0
31005,2010,28244.0,8701.0
31005,2011,37909.0,11946.0
31005,2012,25811.0,5420.0
31005,2013,32441.0,8076.0
31005,2014,56234.0,18600.0
31005,2015,54529.0,25555.0
31005,2016,45709.0,21633.0
31005,2017,47220.0,19993.0
31005,2018,44185.0,16485.0
31005,2019,49704.0,18711.0
31005,2020,54602.0,19589.0
31005,2021,58303.0,16530.0
31005,2022,54241.0,12617.0
31007,2010,44782.0,27363.0
31007,2011,74456.0,40614.0
31007,2012,57795.0,30762.0
31007,2013,73161.0,44028.0
31007,2014,84989.0,54229.0
31007,2015,80948.0,66635.0
31007,2016,81602.0,80680.0
31007,2017,54647.0,37411.0
31007,2018,55035.0,36901.0
31007,2019,60666.0,39404.0
31007,2020,65341.0,39319.0
31007,2021,74295.0,37366.0
31007,2022,72247.0,34918.0
31009,2010,33375.0,14978.0
31009,2011,53556.0,18565.0
31009,2012,37210.0,14040.0
31009,2013,46098.0,24123.0
31009,2014,70091.0,37159.0
31009,2015,68098.0,48046.0
31009,2016,59127.0,48684.0
31009,2017,55882.0,31517.0
31009,2018,58675.0,31017.0
31009,2019,60089.0,28951.0
31009,2020,71409.0,28803.0
31009,2021,64043.0,22389.0
31009,2022,57931.0,19894.0
31011,2010,43086.0,377169.0
31011,2011,59912.0,431499.0
31011,2012,50204.0,378824.0
31011,2013,57929.0,422393.0
31011,2014,57908.0,407018.0
31011,2015,55270.0,401753.0
31011,2016,52679.0,409162.0
31011,2017,44723.0,343972.0
31011,2018,49472.0,378714.0
31011,2019,58125.0,421227.0
31011,2020,63833.0,435161.0
31011,2021,77197.0,467216.0
31011,2022,66367.0,403346.0
31013,2010,34877.0,530259.0
31013,2011,41861.0,608988.0
31013,2012,41997.0,641684.0
31013,2013,42668.0,604135.0
31013,2014,44644.0,622775.0
31013,2015,44075.0,615949.0
31013,2016,42884.0,606271.0
31013,2017,45335.0,624123.0
31013,2018,47463.0,619757.0
31013,2019,49035.0,603352.0
31013,2020,52654.0,562097.0
31013,2021,57044.0,566065.0
31013,2022,57033.0,529808.0
31015,2010,38192.0,89622.0
31015,2011,48194.0,95760.0
31015,2012,41446.0,78200.0
31015,2013,40392.0,69819.0
31015,2014,46639.0,84222.0
31015,2015,48797.0,99364.0
31015,2016,47650.0,106807.0
31015,2017,49531.0,116093.0
31015,2018,52300.0,122605.0
31015,2019,58322.0,119106.0
31015,2020,61428.0,103933.0
31015,2021,77933.0,117832.0
31015,2022,78522.0,115767.0
31017,2010,35470.0,126421.0
31017,2011,44625.0,146558.0
31017,2012,44187.0,137370.0
31017,2013,51059.0,162219.0
31017,2014,62433.0,204962.0
31017,2015,64281.0,247123.0
31017,2016,62900.0,297786.0
31017,2017,50627.0,206874.0
31017,2018,51049.0,204595.0
31017,2019,58115.0,218083.0
31017,2020,65790.0,214923.0
31017,2021,68310.0,193860.0
31017,2022,61177.0,163788.0
31019,2010,38150.0,2332473.0
31019,2011,42458.0,2518899.0
31019,2012,48088.0,2657933.0
31019,2013,43958.0,2683738.0
31019,2014,46650.0,2667626.0
31019,2015,49594.0,2674439.0
31019,2016,49204.0,2728893.0
31019,2017,50512.0,2763470.0
31019,2018,54680.0,2991320.0
31019,2019,55453.0,3134582.0
31019,2020,61416.0,3072260.0
31019,2021,77875.0,3541303.0
31019,2022,68468.0,3588963.0
31021,2010,37054.0,275223.0
31021,2011,43815.0,275252.0
31021,2012,41563.0,255230.0
31021,2013,44832.0,260130.0
31021,2014,43281.0,249011.0
31021,2015,45812.0,278069.0
31021,2016,42762.0,277242.0
31021,2017,42657.0,279952.0
31021,2018,43462.0,304454.0
31021,2019,47300.0,313059.0
31021,2020,50952.0,287585.0
31021,2021,58780.0,340764.0
31021,2022,55047.0,290143.0
31023,2010,36855.0,311839.0
31023,2011,45200.0,356769.0
31023,2012,41593.0,307240.0
31023,2013,44737.0,324505.0
31023,2014,43535.0,316758.0
31023,2015,46039.0,316458.0
31023,2016,41666.0,250109.0
31023,2017,42796.0,260396.0
31023,2018,45146.0,287101.0
31023,2019,49070.0,307148.0
31023,2020,53515.0,337733.0
31023,2021,63711.0,394288.0
31023,2022,66507.0,386131.0
31025,2010,39249.0,674210.0
31025,2011,43677.0,742992.0
31025,2012,42245.0,665269.0
31025,2013,43933.0,683136.0
31025,2014,43253.0,663656.0
31025,2015,45643.0,684047.0
31025,2016,46555.0,686310.0
31025,2017,48298.0,715242.0
31025,2018,50352.0,741101.0
31025,2019,52919.0,756621.0
31025,2020,56807.0,770089.0
31025,2021,63252.0,852434.0
31025,2022,63577.0,810789.0
31027,2010,39591.0,424674.0
31027,2011,51825.0,479012.0
31027,2012,45594.0,385590.0
31027,2013,45570.0,383296.0
31027,2014,44678.0,356924.0
31027,2015,46484.0,381619.0
31027,2016,44897.0,394606.0
31027,2017,44657.0,360357.0
31027,2018,48213.0,393571.0
31027,2019,51074.0,387279.0
31027,2020,56831.0,428316.0
31027,2021,69144.0,489003.0
31027,2022,65141.0,432130.0
31029,2010,39760.0,194985.0
31029,2011,45748.0,199890.0
31029,2012,60628.0,280504.0
31029,2013,65812.0,280728.0
31029,2014,61421.0,254081.0
31029,2015,61348.0,279539.0
31029,2016,66169.0,358664.0
31029,2017,54407.0,326509.0
31029,2018,52428.0,312228.0
31029,2019,59803.0,332087.0
31029,2020,70943.0,343707.0
31029,2021,74955.0,346072.0
31029,2022,73936.0,323192.0
31031,2010,33266.0,170814.0
31031,2011,41198.0,212014.0
31031,2012,40565.0,214576.0
31031,2013,42128.0,255165.0
31031,2014,57005.0,331334.0
31031,2015,51610.0,382907.0
31031,2016,44958.0,386494.0
31031,2017,44213.0,300532.0
31031,2018,44328.0,282198.0
31031,2019,47161.0,272850.0
31031,2020,54389.0,300217.0
31031,2021,57997.0,281116.0
31031,2022,56904.0,257638.0
31033,2010,40452.0,659470.0
31033,2011,45497.0,734846.0
31033,2012,46142.0,745941.0
31033,2013,48568.0,775656.0
31033,2014,48835.0,771409.0
31033,2015,48069.0,733462.0
31033,2016,46132.0,764191.0
31033,2017,46894.0,743319.0
31033,2018,46593.0,610001.0
31033,2019,48167.0,547744.0
31033,2020,49614.0,519988.0
31033,2021,54364.0,527727.0
31033,2022,51118.0,536663.0
31035,2010,38421.0,313283.0
31035,2011,48983.0,381223.0
31035,2012,46870.0,341608.0
31035,2013,54822.0,396489.0
31035,2014,51319.0,344888.0
31035,2015,51160.0,320311.0
31035,2016,50422.0,334053.0
31035,2017,47359.0,279918.0
31035,2018,48508.0,287227.0
31035,2019,53417.0,324249.0
31035,2020,58850.0,338816.0
31035,2021,68768.0,383578.0
31035,2022,63435.0,320102.0
31037,2010,32943.0,785114.0
31037,2011,38336.0,524527.0
31037,2012,36347.0,497377.0
31037,2013,39094.0,521135.0
31037,2014,38556.0,547715.0
31037,2015,39983.0,611718.0
31037,2016,40811.0,661140.0
31037,2017,40071.0,640467.0
31037,2018,41408.0,680228.0
31037,2019,44108.0,681061.0
31037,2020,50180.0,716312.0
31037,2021,58522.0,846133.0
31037,2022,56331.0,760084.0
31039,2010,48180.0,630869.0
31039,2011,61146.0,663090.0
31039,2012,53103.0,531734.0
31039,2013,64411.0,605618.0
31039,2014,70437.0,721385.0
31039,2015,75922.0,876904.0
31039,2016,72656.0,1031819.0
31039,2017,59030.0,830936.0
31039,2018,56541.0,855544.0
31039,2019,65568.0,824965.0
31039,2020,74897.0,792223.0
31039,2021,78069.0,765708.0
31039,2022,74820.0,682666.0
31041,2010,36875.0,519234.0
31041,2011,45156.0,605500.0
31041,2012,42895.0,563225.0
31041,2013,50051.0,662626.0
31041,2014,53523.0,685341.0
31041,2015,55088.0,769924.0
31041,2016,51165.0,873063.0
31041,2017,44389.0,662673.0
31041,2018,45667.0,651421.0
31041,2019,49462.0,650276.0
31041,2020,57341.0,698288.0
31041,2021,62109.0,710761.0
31041,2022,58600.0,648978.0
31043,2010,29642.0,1214540.0
31043,2011,31068.0,1246728.0
31043,2012,31007.0,1202886.0
31043,2013,32078.0,1204455.0
31043,2014,34573.0,1247561.0
31043,2015,37208.0,1304373.0
31043,2016,36730.0,1330602.0
31043,2017,37224.0,1463664.0
31043,2018,38861.0,1520634.0
31043,2019,40759.0,1549109.0
31043,2020,42760.0,1489350.0
31043,2021,50131.0,1731595.0
31043,2022,58561.0,1826213.0
31045,2010,27945.0,272448.0
31045,2011,31391.0,300015.0
31045,2012,32453.0,287137.0
31045,2013,33035.0,278379.0
31045,2014,37157.0,311484.0
31045,2015,36042.0,316714.0
31045,2016,35586.0,316092.0
31045,2017,36032.0,284043.0
31045,2018,37567.0,272722.0
31045,2019,38974.0,276073.0
31045,2020,44392.0,293403.0
31045,2021,48376.0,288859.0
31045,2022,46199.0,267592.0
31047,2010,30354.0,1162787.0
31047,2011,34923.0,1231311.0
31047,2012,36612.0,1220127.0
31047,2013,39357.0,1318633.0
31047,2014,41158.0,1402701.0
31047,2015,42856.0,1478606.0
31047,2016,42230.0,1523193.0
31047,2017,40358.0,1447853.0
31047,2018,41064.0,1484826.0
31047,2019,44297.0,1508393.0
31047,2020,48871.0,1550094.0
31047,2021,53289.0,1686220.0
31047,2022,51698.0,1586075.0
31049,2010,31723.0,54317.0
31049,2011,40205.0,97069.0
31049,2012,35359.0,72922.0
31049,2013,41023.0,77924.0
31049,2014,43110.0,74820.0
31049,2015,47542.0,80023.0
31049,2016,45625.0,85884.0
31049,2017,41676.0,66730.0
31049,2018,39767.0,91251.0
31049,2019,39959.0,81873.0
31049,2020,44119.0,74534.0
31049,2021,48500.0,81023.0
31049,2022,47152.0,100107.0
31051,2010,34796.0,269780.0
31051,2011,37127.0,238723.0
31051,2012,35852.0,207933.0
31051,2013,40186.0,208284.0
31051,2014,39832.0,196732.0
31051,2015,40387.0,195673.0
31051,2016,40387.0,184793.0
31051,2017,38094.0,175300.0
31051,2018,40327.0,196917.0
31051,2019,45330.0,263283.0
31051,2020,50722.0,287899.0
31051,2021,58745.0,361273.0
31051,2022,57884.0,339610.0
31053,2010,36452.0,1723541.0
31053,2011,39910.0,1814781.0
31053,2012,39400.0,1769864.0
31053,2013,40618.0,1829057.0
31053,2014,40922.0,1831738.0
31053,2015,44473.0,1874541.0
31053,2016,42602.0,1875750.0
31053,2017,43853.0,1962272.0
31053,2018,45123.0,2050265.0
31053,2019,47397.0,2015181.0
31053,2020,50513.0,2109527.0
31053,2021,57160.0,2320087.0
31053,2022,61682.0,2321044.0
31055,2010,49643.0,38500524.0
31055,2011,54442.0,41129255.0
31055,2012,56001.0,41631827.0
31055,2013,51521.0,40633721.0
31055,2014,56817.0,43950751.0
31055,2015,57903.0,45439698.0
31055,2016,56498.0,45365100.0
31055,2017,58720.0,48132749.0
31055,2018,60910.0,48652188.0
31055,2019,61953.0,49293062.0
31055,2020,64171.0,48087623.0
31055,2021,70198.0,50445091.0
31055,2022,76692.0,56199667.0
31057,2010,54640.0,130931.0
31057,2011,66453.0,123214.0
31057,2012,62378.0,122075.0
31057,2013,72685.0,128822.0
31057,2014,77747.0,129386.0
31057,2015,77891.0,162460.0
31057,2016,73332.0,173827.0
31057,2017,59910.0,168020.0
31057,2018,63645.0,165437.0
31057,2019,70963.0,176128.0
31057,2020,86686.0,189283.0
31057,2021,93363.0,169884.0
31057,2022,98270.0,164962.0
31059,2010,44948.0,320708.0
31059,2011,58828.0,389375.0
31059,2012,58290.0,384601.0
31059,2013,63773.0,422315.0
31059,2014,55293.0,361717.0
31059,2015,57879.0,366568.0
31059,2016,51843.0,324714.0
31059,2017,52592.0,354000.0
31059,2018,53768.0,354178.0
31059,2019,56805.0,360775.0
31059,2020,61796.0,358720.0
31059,2021,70823.0,437478.0
31059,2022,74906.0,379384.0
31061,2010,35123.0,105938.0
31061,2011,44470.0,122959.0
31061,2012,46391.0,116451.0
31061,2013,52205.0,122264.0
31061,2014,48421.0,99803.0
31061,2015,49006.0,90567.0
31061,2016,45636.0,79183.0
31061,2017,45104.0,75881.0
31061,2018,47006.0,73161.0
31061,2019,53009.0,79175.0
31061,2020,60791.0,94896.0
31061,2021,75736.0,112019.0
31061,2022,61519.0,92071.0
31063,2010,38237.0,123661.0
31063,2011,51351.0,140234.0
31063,2012,45414.0,122867.0
31063,2013,49906.0,129212.0
31063,2014,45714.0,114474.0
31063,2015,44051.0,122350.0
31063,2016,37305.0,114382.0
31063,2017,38639.0,88718.0
31063,2018,38846.0,78466.0
31063,2019,40013.0,82569.0
31063,2020,46941.0,94580.0
31063,2021,58941.0,115100.0
31063,2022,55913.0,104105.0
31065,2010,40686.0,320150.0
31065,2011,52303.0,340655.0
31065,2012,44411.0,248700.0
31065,2013,52011.0,294862.0
31065,2014,49043.0,269306.0
31065,2015,44910.0,260582.0
31065,2016,41133.0,237105.0
31065,2017,41497.0,249851.0
31065,2018,42096.0,240255.0
31065,2019,46260.0,225691.0
31065,2020,50735.0,250815.0
31065,2021,61496.0,295162.0
31065,2022,61182.0,278428.0
31067,2010,39090.0,970899.0
31067,2011,43122.0,1048241.0
31067,2012,41691.0,966727.0
31067,2013,43109.0,1011596.0
31067,2014,44238.0,947823.0
31067,2015,46119.0,909046.0
31067,2016,42864.0,879499.0
31067,2017,43870.0,862227.0
31067,2018,46298.0,923783.0
31067,2019,48612.0,932707.0
31067,2020,51274.0,955571.0
31067,2021,61495.0,1095844.0
31067,2022,75117.0,1090494.0
31069,2010,35620.0,66990.0
31069,2011,50916.0,94300.0
31069,2012,42111.0,61286.0
31069,2013,46407.0,71110.0
31069,2014,51770.0,80020.0
31069,2015,47563.0,80257.0
31069,2016,45678.0,78207.0
31069,2017,44673.0,78048.0
31069,2018,42272.0,75499.0
31069,2019,47673.0,75628.0
31069,2020,51059.0,76490.0
31069,2021,56351.0,74720.0
31069,2022,58047.0,73995.0
31071,2010,31732.0,71548.0
31071,2011,43236.0,88474.0
31071,2012,38841.0,76696.0
31071,2013,40434.0,91168.0
31071,2014,47179.0,99349.0
31071,2015,48105.0,118473.0
31071,2016,44973.0,116487.0
31071,2017,42173.0,73287.0
31071,2018,41666.0,72760.0
31071,2019,46432.0,78899.0
31071,2020,51220.0,86497.0
31071,2021,55538.0,79351.0
31071,2022,50941.0,72431.0
31073,2010,41548.0,82720.0
31073,2011,53755.0,100457.0
31073,2012,50218.0,93519.0
31073,2013,61129.0,119096.0
31073,2014,53998.0,102668.0
31073,2015,51926.0,98955.0
31073,2016,44778.0,85060.0
31073,2017,43570.0,80378.0
31073,2018,47772.0,78306.0
31073,2019,51491.0,77377.0
31073,2020,60277.0,82067.0
31073,2021,70105.0,103013.0
31073,2022,68478.0,97929.0
31075,2010,33415.0,18447.0
31075,2011,40635.0,20496.0
31075,2012,36241.0,13949.0
31075,2013,40657.0,20560.0
31075,2014,60374.0,31403.0
31075,2015,59150.0,45424.0
31075,2016,52327.0,41513.0
31075,2017,46083.0,33540.0
31075,2018,42476.0,31735.0
31075,2019,49388.0,27272.0
31075,2020,54065.0,28416.0
31075,2021,58738.0,25304.0
31075,2022,49525.0,21106.0
31077,2010,30072.0,66086.0
31077,2011,40254.0,90383.0
31077,2012,41042.0,91148.0
31077,2013,49443.0,106660.0
31077,2014,47614.0,95346.0
31077,2015,54760.0,109587.0
31077,2016,49874.0,92295.0
31077,2017,46205.0,92186.0
31077,2018,48732.0,97541.0
31077,2019,52865.0,107966.0
31077,2020,60231.0,105593.0
31077,2021,72099.0,122233.0
31077,2022,65708.0,107742.0
31079,2010,34090.0,3293397.0
31079,2011,36212.0,3297387.0
31079,2012,37044.0,3424578.0
31079,2013,36927.0,3553137.0
31079,2014,37539.0,3399158.0
31079,2015,39175.0,3409423.0
31079,2016,39281.0,3479144.0
31079,2017,40494.0,3450115.0
31079,2018,41684.0,3513092.0
31079,2019,43087.0,3488845.0
31079,2020,46741.0,3479000.0
31079,2021,53297.0,3859830.0
31079,2022,55627.0,3853911.0
31081,2010,40308.0,638527.0
31081,2011,48961.0,620156.0
31081,2012,53245.0,527452.0
31081,2013,54807.0,551165.0
31081,2014,51608.0,495701.0
31081,2015,53603.0,552034.0
31081,2016,51699.0,568968.0
31081,2017,52642.0,588816.0
31081,2018,51774.0,620580.0
31081,2019,53152.0,628201.0
31081,2020,60755.0,651707.0
31081,2021,68123.0,733889.0
31081,2022,68050.0,665055.0
31083,2010,39537.0,153187.0
31083,2011,50766.0,176149.0
31083,2012,46433.0,147847.0
31083,2013,56320.0,186383.0
31083,2014,53761.0,178712.0
31083,2015,56032.0,197358.0
31083,2016,50481.0,192293.0
31083,2017,46498.0,165329.0
31083,2018,50924.0,190653.0
31083,2019,57401.0,185843.0
31083,2020,62841.0,173758.0
31083,2021,68474.0,183458.0
31083,2022,65239.0,160242.0
31085,2010,50459.0,62176.0
31085,2011,67659.0,63850.0
31085,2012,63982.0,58999.0
31085,2013,80271.0,71971.0
31085,2014,85296.0,74602.0
31085,2015,83137.0,91728.0
31085,2016,80532.0,98295.0
31085,2017,55828.0,60757.0
31085,2018,58111.0,74213.0
31085,2019,71084.0,82358.0
31085,2020,92410.0,95107.0
31085,2021,91745.0,90080.0
31085,2022,82479.0,80926.0
31087,2010,34594.0,122201.0
31087,2011,42780.0,132781.0
31087,2012,41253.0,124685.0
31087,2013,45305.0,132731.0
31087,2014,42866.0,124153.0
31087,2015,41212.0,121890.0
31087,2016,38230.0,114866.0
31087,2017,38529.0,137212.0
31087,2018,39020.0,123087.0
31087,2019,42114.0,137455.0
31087,2020,48592.0,135844.0
31087,2021,62542.0,166771.0
31087,2022,64427.0,176936.0
31089,2010,37531.0,471242.0
31089,2011,48977.0,559981.0
31089,2012,50056.0,569052.0
31089,2013,55392.0,616901.0
31089,2014,56818.0,647185.0
31089,2015,57797.0,671689.0
31089,2016,51841.0,630271.0
31089,2017,50772.0,642379.0
31089,2018,49971.0,608421.0
31089,2019,52500.0,631276.0
31089,2020,59234.0,665161.0
31089,2021,69434.0,694193.0
31089,2022,64258.0,636333.0
31091,2010,32470.0,26301.0
31091,2011,36177.0,28074.0
31091,2012,34698.0,24705.0
31091,2013,34449.0,35950.0
31091,2014,44095.0,48770.0
31091,2015,44363.0,53244.0
31091,2016,44149.0,49965.0
31091,2017,39709.0,28318.0
31091,2018,44833.0,33528.0
31091,2019,45319.0,29144.0
31091,2020,46448.0,28066.0
31091,2021,46859.0,27133.0
31091,2022,46987.0,27248.0
31093,2010,35133.0,157664.0
31093,2011,41003.0,190096.0
31093,2012,39696.0,170415.0
31093,2013,42759.0,193607.0
31093,2014,43114.0,193846.0
31093,2015,45373.0,224967.0
31093,2016,44934.0,241640.0
31093,2017,42039.0,203962.0
31093,2018,42698.0,203852.0
31093,2019,47405.0,225380.0
31093,2020,52556.0,224627.0
31093,2021,58035.0,233603.0
31093,2022,56871.0,214986.0
31095,2010,36643.0,380987.0
31095,2011,43136.0,440368.0
31095,2012,40747.0,406826.0
31095,2013,44111.0,446788.0
31095,2014,44003.0,506815.0
31095,2015,44293.0,451023.0
31095,2016,43802.0,443388.0
31095,2017,43908.0,442522.0
31095,2018,45347.0,421005.0
31095,2019,47798.0,430431.0
31095,2020,49412.0,419971.0
31095,2021,58048.0,469446.0
31095,2022,55716.0,425621.0
31097,2010,31514.0,283844.0
31097,2011,33630.0,192734.0
31097,2012,32117.0,191521.0
31097,2013,32501.0,179951.0
31097,2014,31906.0,175917.0
31097,2015,31813.0,179464.0
31097,2016,30896.0,162705.0
31097,2017,30667.0,167851.0
31097,2018,31958.0,172912.0
31097,2019,35188.0,179121.0
31097,2020,37696.0,171615.0
31097,2021,43938.0,191670.0
31097,2022,44202.0,195149.0
31099,2010,44674.0,361405.0
31099,2011,56640.0,387737.0
31099,2012,56251.0,411685.0
31099,2013,71885.0,465083.0
31099,2014,83608.0,445276.0
31099,2015,94420.0,458602.0
31099,2016,63653.0,427115.0
31099,2017,51652.0,338602.0
31099,2018,51400.0,331044.0
31099,2019,57604.0,343968.0
31099,2020,61143.0,338827.0
31099,2021,73180.0,367292.0
31099,2022,77335.0,348508.0
31101,2010,33741.0,314884.0
31101,2011,39306.0,349910.0
31101,2012,40991.0,364041.0
31101,2013,42472.0,378575.0
31101,2014,42396.0,371457.0
31101,2015,43165.0,401502.0
31101,2016,42870.0,411668.0
31101,2017,41436.0,366504.0
31101,2018,44154.0,375396.0
31101,2019,45056.0,383702.0
31101,2020,50177.0,393275.0
31101,2021,55770.0,412026.0
31101,2022,55396.0,393765.0
31103,2010,31938.0,22597.0
31103,2011,51462.0,33938.0
31103,2012,55527.0,37020.0
31103,2013,65197.0,40966.0
31103,2014,80448.0,53857.0
31103,2015,70975.0,55671.0
31103,2016,56660.0,45401.0
31103,2017,47545.0,30586.0
31103,2018,46060.0,28022.0
31103,2019,53331.0,30241.0
31103,2020,67238.0,37509.0
31103,2021,68087.0,29424.0
31103,2022,58816.0,26803.0
31105,2010,38309.0,153362.0
31105,2011,48651.0,181347.0
31105,2012,53964.0,175175.0
31105,2013,47195.0,170489.0
31105,2014,46936.0,176317.0
31105,2015,43088.0,158357.0
31105,2016,41862.0,156032.0
31105,2017,45139.0,149210.0
31105,2018,45143.0,161437.0
31105,2019,45272.0,156590.0
31105,2020,51302.0,169876.0
31105,2021,56558.0,183703.0
31105,2022,61386.0,219740.0
31107,2010,36251.0,367524.0
31107,2011,45030.0,413923.0
31107,2012,40312.0,341583.0
31107,2013,40276.0,324789.0
31107,2014,43077.0,340535.0
31107,2015,43354.0,368836.0
31107,2016,41925.0,380258.0
31107,2017,44016.0,399795.0
31107,2018,44262.0,385733.0
31107,2019,47536.0,436738.0
31107,2020,53400.0,495276.0
31107,2021,60272.0,665927.0
31107,2022,62275.0,623917.0
31109,2010,38732.0,15614712.0
31109,2011,40273.0,15575904.0
31109,2012,41953.0,15762713.0
31109,2013,41506.0,16067331.0
31109,2014,42675.0,16905272.0
31109,2015,44475.0,17507054.0
31109,2016,44771.0,17865702.0
31109,2017,46507.0,18813151.0
31109,2018,48483.0,19150143.0
31109,2019,50392.0,19582554.0
31109,2020,53475.0,19435359.0
31109,2021,59552.0,20350152.0
31109,2022,61748.0,21608253.0
31111,2010,37544.0,2006486.0
31111,2011,42035.0,2077043.0
31111,2012,44251.0,2246216.0
31111,2013,44793.0,2405127.0
31111,2014,48755.0,2334925.0
31111,2015,50137.0,2462485.0
31111,2016,47299.0,2575508.0
31111,2017,46055.0,2378036.0
31111,2018,47272.0,2297209.0
31111,2019,49355.0,2226066.0
31111,2020,53041.0,2132042.0
31111,2021,62213.0,2261999.0
31111,2022,66615.0,2235337.0
31113,2010,35304.0,24190.0
31113,2011,49786.0,31905.0
31113,2012,43944.0,28229.0
31113,2013,46713.0,33845.0
31113,2014,58385.0,37862.0
31113,2015,54028.0,44103.0
31113,2016,47771.0,41591.0
31113,2017,44720.0,29927.0
31113,2018,50823.0,33578.0
31113,2019,50180.0,28369.0
31113,2020,54607.0,31596.0
31113,2021,58523.0,27546.0
31113,2022,57567.0,25236.0
31115,2010,31088.0,10448.0
31115,2011,36269.0,12209.0
31115,2012,40799.0,16182.0
31115,2013,46416.0,23208.0
31115,2014,66750.0,33362.0
31115,2015,60629.0,45431.0
31115,2016,54285.0,52314.0
31115,2017,53829.0,38412.0
31115,2018,56088.0,40304.0
31115,2019,57559.0,35778.0
31115,2020,62615.0,32663.0
31115,2021,65988.0,27701.0
31115,2022,60141.0,24575.0
31117,2010,29067.0,13016.0
31117,2011,42079.0,15449.0
31117,2012,40463.0,12036.0
31117,2013,40447.0,17131.0
31117,2014,68866.0,27445.0
31117,2015,61323.0,34181.0
31117,2016,50380.0,32735.0
31117,2017,49210.0,25676.0
31117,2018,44821.0,20251.0
31117,2019,52125.0,21695.0
31117,2020,69343.0,26972.0
31117,2021,69563.0,18522.0
31117,2022,63324.0,16634.0
31119,2010,36992.0,2026232.0
31119,2011,40010.0,2089887.0
31119,2012,41297.0,2124506.0
31119,2013,41206.0,2126300.0
31119,2014,42457.0,2244168.0
31119,2015,43772.0,2275640.0
31119,2016,43878.0,2265328.0
31119,2017,45625.0,2321106.0
31119,2018,47866.0,2413047.0
31119,2019,50688.0,2442685.0
31119,2020,53284.0,2363837.0
31119,2021,61186.0,2469414.0
31119,2022,63613.0,2410783.0
31121,2010,37183.0,352042.0
31121,2011,44740.0,378330.0
31121,2012,43910.0,386302.0
31121,2013,46726.0,443214.0
31121,2014,48001.0,565335.0
31121,2015,52035.0,532901.0
31121,2016,47732.0,513100.0
31121,2017,45305.0,396060.0
31121,2018,43179.0,389463.0
31121,2019,48288.0,402348.0
31121,2020,52448.0,364792.0
31121,2021,58360.0,395247.0
31121,2022,59465.0,365141.0
31123,2010,38353.0,250151.0
31123,2011,50498.0,302256.0
31123,2012,46723.0,247416.0
31123,2013,51844.0,296129.0
31123,2014,57454.0,626015.0
31123,2015,58778.0,700477.0
31123,2016,56808.0,629630.0
31123,2017,52980.0,645184.0
31123,2018,53118.0,623413.0
31123,2019,57995.0,505299.0
31123,2020,66021.0,520151.0
31123,2021,70937.0,311542.0
31123,2022,69938.0,279914.0
31125,2010,35795.0,154694.0
31125,2011,44899.0,182489.0
31125,2012,37404.0,153279.0
31125,2013,40549.0,148260.0
31125,2014,38453.0,139154.0
31125,2015,36192.0,127476.0
31125,2016,35012.0,107101.0
31125,2017,35811.0,142550.0
31125,2018,36741.0,130462.0
31125,2019,40287.0,112900.0
31125,2020,44752.0,116248.0
31125,2021,56064.0,161290.0
31125,2022,51536.0,146864.0
31127,2010,38832.0,588242.0
31127,2011,45598.0,621662.0
31127,2012,43785.0,629609.0
31127,2013,43749.0,764512.0
31127,2014,40759.0,616292.0
31127,2015,42292.0,644507.0
31127,2016,42785.0,746873.0
31127,2017,44481.0,688783.0
31127,2018,45694.0,558841.0
31127,2019,48079.0,606295.0
31127,2020,49829.0,589967.0
31127,2021,58964.0,696903.0
31127,2022,57582.0,674405.0
31129,2010,34780.0,195359.0
31129,2011,47198.0,223528.0
31129,2012,44653.0,217568.0
31129,2013,50769.0,250218.0
31129,2014,46711.0,259906.0
31129,2015,46585.0,298327.0
31129,2016,44712.0,265195.0
31129,2017,46282.0,251094.0
31129,2018,49699.0,244529.0
31129,2019,52855.0,249047.0
31129,2020,57971.0,234822.0
31129,2021,70146.0,285203.0
31129,2022,65936.0,264031.0
31131,2010,38174.0,1191989.0
31131,2011,43914.0,1272293.0
31131,2012,45249.0,1313167.0
31131,2013,43452.0,1407701.0
31131,2014,42421.0,1153465.0
31131,2015,44893.0,1146831.0
31131,2016,45565.0,1328334.0
31131,2017,48593.0,1252638.0
31131,2018,52242.0,1194903.0
31131,2019,54776.0,1156644.0
31131,2020,55354.0,1212624.0
31131,2021,61008.0,1305534.0
31131,2022,58605.0,1299540.0
31133,2010,34013.0,99329.0
31133,2011,43923.0,124729.0
31133,2012,37927.0,105107.0
31133,2013,40458.0,102614.0
31133,2014,38454.0,97095.0
31133,2015,39015.0,102091.0
31133,2016,36628.0,85627.0
31133,2017,39491.0,102239.0
31133,2018,43040.0,113283.0
31133,2019,45316.0,107089.0
31133,2020,51928.0,111101.0
31133,2021,61529.0,132347.0
31133,2022,57953.0,120478.0
31135,2010,40459.0,251435.0
31135,2011,62958.0,316551.0
31135,2012,63993.0,280774.0
31135,2013,73241.0,286463.0
31135,2014,57805.0,240673.0
31135,2015,53701.0,229678.0
31135,2016,54080.0,228807.0
31135,2017,53600.0,249841.0
31135,2018,53550.0,251620.0
31135,2019,64614.0,299045.0
31135,2020,74066.0,305230.0
31135,2021,92415.0,331291.0
31135,2022,100398.0,353551.0
31137,2010,43198.0,725587.0
31137,2011,50868.0,743650.0
31137,2012,51092.0,740906.0
31137,2013,59009.0,814040.0
31137,2014,59634.0,775642.0
31137,2015,60450.0,897454.0
31137,2016,56213.0,952169.0
31137,2017,48871.0,789547.0
31137,2018,50042.0,791853.0
31137,2019,54621.0,782261.0
31137,2020,60858.0,791728.0
31137,2021,67078.0,829241.0
31137,2022,62739.0,753752.0
31139,2010,38050.0,289510.0
31139,2011,46561.0,313474.0
31139,2012,45305.0,286280.0
31139,2013,48983.0,302925.0
31139,2014,53714.0,299419.0
31139,2015,61285.0,326632.0
31139,2016,51177.0,325141.0
31139,2017,50629.0,318789.0
31139,2018,50581.0,333969.0
31139,2019,55379.0,338997.0
31139,2020,60067.0,322675.0
31139,2021,76058.0,402457.0
31139,2022,97775.0,426186.0
31141,2010,37181.0,2113245.0
31141,2011,41608.0,2409277.0
31141,2012,41145.0,2507719.0
31141,2013,42433.0,2602303.0
31141,2014,43632.0,2474694.0
31141,2015,44250.0,2389952.0
31141,2016,43940.0,2403736.0
31141,2017,43111.0,2374316.0
31141,2018,44715.0,2479755.0
31141,2019,48246.0,2631968.0
31141,2020,51189.0,2616216.0
31141,2021,57853.0,2924736.0
31141,2022,57632.0,2820513.0
31143,2010,41038.0,248231.0
31143,2011,50713.0,256593.0
31143,2012,48678.0,241586.0
31143,2013,55265.0,245904.0
31143,2014,53682.0,256494.0
31143,2015,56771.0,247342.0
31143,2016,51082.0,266151.0
31143,2017,49148.0,289145.0
31143,2018,49967.0,284525.0
31143,2019,54115.0,272931.0
31143,2020,57553.0,266568.0
31143,2021,69482.0,315112.0
31143,2022,68326.0,285568.0
31145,2010,37306.0,534295.0
31145,2011,41256.0,556356.0
31145,2012,43061.0,591891.0
31145,2013,43183.0,575643.0
31145,2014,45455.0,565961.0
31145,2015,44951.0,558214.0
31145,2016,43306.0,549300.0
31145,2017,42192.0,482725.0
31145,2018,43768.0,490990.0
31145,2019,46314.0,515826.0
31145,2020,50616.0,535252.0
31145,2021,55494.0,555437.0
31145,2022,55669.0,557349.0
31147,2010,35453.0,275267.0
31147,2011,43414.0,329619.0
31147,2012,39811.0,293557.0
31147,2013,42903.0,332225.0
31147,2014,42663.0,309473.0
31147,2015,43855.0,298825.0
31147,2016,43149.0,296974.0
31147,2017,44970.0,335475.0
31147,2018,46755.0,365188.0
31147,2019,48997.0,357754.0
31147,2020,53144.0,353832.0
31147,2021,60883.0,420009.0
31147,2022,58060.0,366402.0
31149,2010,38983.0,71726.0
31149,2011,53702.0,75392.0
31149,2012,52445.0,67181.0
31149,2013,54781.0,75052.0
31149,2014,70690.0,94207.0
31149,2015,66630.0,108019.0
31149,2016,62115.0,111978.0
31149,2017,51030.0,82470.0
31149,2018,60825.0,83645.0
31149,2019,64785.0,86113.0
31149,2020,75596.0,94377.0
31149,2021,80414.0,83878.0
31149,2022,79266.0,74750.0
31151,2010,32882.0,665087.0
31151,2011,38103.0,779125.0
31151,2012,37262.0,804007.0
31151,2013,38937.0,797254.0
31151,2014,36789.0,765184.0
31151,2015,38872.0,795901.0
31151,2016,38591.0,793066.0
31151,2017,39192.0,822520.0
31151,2018,40786.0,987867.0
31151,2019,42500.0,1017431.0
31151,2020,43993.0,999704.0
31151,2021,52452.0,1048326.0
31151,2022,51818.0,973452.0
31153,2010,40493.0,6637965.0
31153,2011,41853.0,6729445.0
31153,2012,42831.0,6977303.0
31153,2013,43239.0,7023250.0
31153,2014,44207.0,7292050.0
31153,2015,46291.0,7662136.0
31153,2016,46947.0,8003086.0
31153,2017,48042.0,8360537.0
31153,2018,50199.0,8825941.0
31153,2019,51758.0,8995632.0
31153,2020,54590.0,9233990.0
31153,2021,60133.0,9936450.0
31153,2022,62831.0,9704285.0
31155,2010,37371.0,642668.0
31155,2011,42520.0,688393.0
31155,2012,41897.0,604231.0
31155,2013,44171.0,626337.0
31155,2014,43767.0,607279.0
31155,2015,46324.0,658659.0
31155,2016,46832.0,669772.0
31155,2017,48350.0,668279.0
31155,2018,50100.0,720924.0
31155,2019,53272.0,716242.0
31155,2020,56872.0,740758.0
31155,2021,64849.0,818415.0
31155,2022,66647.0,768257.0
31157,2010,33596.0,1464108.0
31157,2011,36444.0,1562921.0
31157,2012,38255.0,1619764.0
31157,2013,38835.0,1578708.0
31157,2014,40869.0,1682966.0
31157,2015,42416.0,1724260.0
31157,2016,42025.0,1829668.0
31157,2017,41924.0,1736915.0
31157,2018,43396.0,1740591.0
31157,2019,45638.0,1725304.0
31157,2020,49526.0,1719882.0
31157,2021,52422.0,1721643.0
31157,2022,53047.0,1694937.0
31159,2010,38026.0,651905.0
31159,2011,42344.0,735970.0
31159,2012,43599.0,710175.0
31159,2013,44326.0,739883.0
31159,2014,44614.0,724079.0
31159,2015,45619.0,745648.0
31159,2016,45377.0,698870.0
31159,2017,46703.0,739019.0
31159,2018,48461.0,790108.0
31159,2019,50772.0,741619.0
31159,2020,54758.0,724114.0
31159,2021,61192.0,781359.0
31159,2022,63143.0,777312.0
31161,2010,35020.0,154773.0
31161,2011,42094.0,190151.0
31161,2012,42279.0,191519.0
31161,2013,43743.0,193073.0
31161,2014,48907.0,227798.0
31161,2015,47717.0,230805.0
31161,2016,43901.0,243622.0
31161,2017,44445.0,224071.0
31161,2018,45670.0,223767.0
31161,2019,49538.0,274428.0
31161,2020,56819.0,312168.0
31161,2021,65184.0,340909.0
31161,2022,63884.0,282479.0
31163,2010,31930.0,84864.0
31163,2011,39733.0,101530.0
31163,2012,41930.0,112108.0
31163,2013,47152.0,120916.0
31163,2014,47284.0,118276.0
31163,2015,46917.0,122594.0
31163,2016,42780.0,113203.0
31163,2017,39567.0,96506.0
31163,2018,40872.0,93619.0
31163,2019,45128.0,103825.0
31163,2020,49598.0,106340.0
31163,2021,60941.0,127652.0
31163,2022,56897.0,106675.0
31165,2010,33592.0,45576.0
31165,2011,52226.0,56821.0
31165,2012,48824.0,49933.0
31165,2013,54861.0,54127.0
31165,2014,71363.0,79850.0
31165,2015,70217.0,99747.0
31165,2016,62359.0,109682.0
31165,2017,52241.0,86185.0
31165,2018,54399.0,84533.0
31165,2019,60092.0,73309.0
31165,2020,67544.0,67758.0
31165,2021,76131.0,67293.0
31165,2022,72670.0,58379.0
31167,2010,35134.0,238714.0
31167,2011,43728.0,275405.0
31167,2012,37113.0,236337.0
31167,2013,37665.0,230159.0
31167,2014,36085.0,227925.0
31167,2015,41620.0,246845.0
31167,2016,40734.0,257298.0
31167,2017,40544.0,229663.0
31167,2018,43218.0,216429.0
31167,2019,47058.0,288070.0
31167,2020,52920.0,304335.0
31167,2021,62004.0,315849.0
31167,2022,60802.0,342515.0
31169,2010,40543.0,296885.0
31169,2011,52959.0,365257.0
31169,2012,54287.0,414293.0
31169,2013,58618.0,469855.0
31169,2014,51118.0,378378.0
31169,2015,53085.0,372277.0
31169,2016,50967.0,358415.0
31169,2017,49165.0,363027.0
31169,2018,49898.0,367286.0
31169,2019,52719.0,372304.0
31169,2020,59832.0,356044.0
31169,2021,69471.0,404553.0
31169,2022,63642.0,384321.0
31171,2010,41851.0,25563.0
31171,2011,50865.0,28898.0
31171,2012,44263.0,23180.0
31171,2013,44881.0,32856.0
31171,2014,62810.0,45429.0
31171,2015,62387.0,55341.0
31171,2016,55406.0,48011.0
31171,2017,50159.0,33179.0
31171,2018,56634.0,35155.0
31171,2019,55876.0,32931.0
31171,2020,60359.0,32968.0
31171,2021,63434.0,31159.0
31171,2022,66063.0,30883.0
31173,2010,36583.0,370399.0
31173,2011,45289.0,398883.0
31173,2012,38863.0,352363.0
31173,2013,40535.0,352442.0
31173,2014,38190.0,347574.0
31173,2015,39832.0,371406.0
31173,2016,37050.0,368671.0
31173,2017,36070.0,372102.0
31173,2018,36971.0,378462.0
31173,2019,41662.0,392559.0
31173,2020,48803.0,407252.0
31173,2021,57635.0,433728.0
31173,2022,57161.0,430406.0
31175,2010,34715.0,326252.0
31175,2011,42973.0,290771.0
31175,2012,41033.0,246337.0
31175,2013,45856.0,281206.0
31175,2014,49078.0,256224.0
31175,2015,51292.0,254423.0
31175,2016,49477.0,292343.0
31175,2017,45608.0,268988.0
31175,2018,47708.0,285552.0
31175,2019,52095.0,299076.0
31175,2020,59932.0,288820.0
31175,2021,66334.0,292574.0
31175,2022,66480.0,272747.0
31177,2010,43240.0,1381717.0
31177,2011,47622.0,1440603.0
31177,2012,48990.0,1449856.0
31177,2013,48705.0,1382659.0
31177,2014,49102.0,1390527.0
31177,2015,52121.0,1356837.0
31177,2016,51264.0,1378664.0
31177,2017,53145.0,1150646.0
31177,2018,54098.0,1275452.0
31177,2019,56645.0,1263847.0
31177,2020,60923.0,1274101.0
31177,2021,69139.0,1437017.0
31177,2022,69410.0,1381125.0
31179,2010,35372.0,457819.0
31179,2011,42303.0,464898.0
31179,2012,37092.0,381999.0
31179,2013,36751.0,372389.0
31179,2014,35574.0,341011.0
31179,2015,37531.0,352979.0
31179,2016,37393.0,356922.0
31179,2017,40072.0,407665.0
31179,2018,40945.0,407008.0
31179,2019,43124.0,428452.0
31179,2020,46460.0,462199.0
31179,2021,52500.0,518920.0
31179,2022,53942.0,584462.0
31181,2010,35253.0,145142.0
31181,2011,42795.0,160534.0
31181,2012,41713.0,156760.0
31181,2013,49159.0,182544.0
31181,2014,51324.0,195032.0
31181,2015,56993.0,250702.0
31181,2016,54608.0,268784.0
31181,2017,43408.0,174877.0
31181,2018,44524.0,191149.0
31181,2019,52139.0,214976.0
31181,2020,57155.0,212112.0
31181,2021,58756.0,244352.0
31181,2022,57695.0,258688.0
31183,2010,47533.0,70367.0
31183,2011,67295.0,77763.0
31183,2012,64787.0,67627.0
31183,2013,81736.0,77394.0
31183,2014,106072.0,109558.0
31183,2015,114595.0,141443.0
31183,2016,95435.0,164926.0
31183,2017,59480.0,95268.0
31183,2018,55330.0,97542.0
31183,2019,76462.0,107420.0
31183,2020,73818.0,78484.0
31183,2021,66531.0,75536.0
31183,2022,58235.0,55342.0
31185,2010,40396.0,764659.0
31185,2011,45846.0,839982.0
31185,2012,48375.0,862479.0
31185,2013,49365.0,875155.0
31185,2014,45814.0,798834.0
31185,2015,46538.0,788074.0
31185,2016,44497.0,746620.0
31185,2017,43834.0,722981.0
31185,2018,46071.0,755234.0
31185,2019,48619.0,829244.0
31185,2020,53941.0,843819.0
31185,2021,61303.0,929777.0
31185,2022,63649.0,928894.0
39001,2010,25970.0,1598445.0
39001,2011,28113.0,1722058.0
39001,2012,28128.0,1600724.0
39001,2013,28887.0,1646873.0
39001,2014,30221.0,1494911.0
39001,2015,31677.0,1563750.0
39001,2016,32081.0,1738551.0
39001,2017,33374.0,1500921.0
39001,2018,34646.0,941103.0
39001,2019,35642.0,728513.0
39001,2020,40001.0,716769.0
39001,2021,44470.0,766337.0
39001,2022,43159.0,707893.0
39003,2010,32969.0,8004727.0
39003,2011,34303.0,8136193.0
39003,2012,35348.0,7506054.0
39003,2013,35293.0,7164958.0
39003,2014,36648.0,7822246.0
39003,2015,37908.0,7615897.0
39003,2016,38813.0,7886346.0
39003,2017,40175.0,7711921.0
39003,2018,41906.0,8163264.0
39003,2019,43117.0,7820932.0
39003,2020,46916.0,7725452.0
39003,2021,50303.0,8552838.0
39003,2022,50807.0,8448293.0
39005,2010,29555.0,1650690.0
39005,2011,31580.0,1695439.0
39005,2012,31775.0,1653655.0
39005,2013,33313.0,1715028.0
39005,2014,34552.0,1734695.0
39005,2015,35551.0,1717708.0
39005,2016,35891.0,1698030.0
39005,2017,37291.0,1729937.0
39005,2018,38819.0,1745462.0
39005,2019,39165.0,1761577.0
39005,2020,42765.0,1791602.0
39005,2021,47791.0,1852584.0
39005,2022,48042.0,1823248.0
39007,2010,29764.0,3073066.0
39007,2011,31625.0,3138006.0
39007,2012,31906.0,3091244.0
39007,2013,32427.0,3009167.0
39007,2014,34076.0,3075186.0
39007,2015,34929.0,3016423.0
39007,2016,35329.0,3049083.0
39007,2017,36443.0,2965739.0
39007,2018,38232.0,3119280.0
39007,2019,39356.0,3131919.0
39007,2020,43188.0,3065966.0
39007,2021,46537.0,3178764.0
39007,2022,47541.0,3246280.0
39009,2010,27567.0,1955672.0
39009,2011,28743.0,1940446.0
39009,2012,29563.0,1986616.0
39009,2013,29711.0,2016446.0
39009,2014,30668.0,2014070.0
39009,2015,31631.0,2103735.0
39009,2016,32135.0,2089286.0
39009,2017,33411.0,2154845.0
39009,2018,34392.0,2071018.0
39009,2019,35685.0,2126740.0
39009,2020,38168.0,2035440.0
39009,2021,42637.0,2032549.0
39009,2022,40836.0,2064655.0
39011,2010,35514.0,1871726.0
39011,2011,38487.0,1988873.0
39011,2012,40000.0,2109050.0
39011,2013,40134.0,2224887.0
39011,2014,42155.0,2227377.0
39011,2015,42628.0,2192154.0
39011,2016,44011.0,2253990.0
39011,2017,46358.0,2361817.0
39011,2018,47611.0,2349769.0
39011,2019,47044.0,2290619.0
39011,2020,51091.0,2189445.0
39011,2021,55791.0,2566627.0
39011,2022,56750.0,2522815.0
39013,2010,30567.0,2057743.0
39013,2011,32321.0,2071812.0
39013,2012,33198.0,2038781.0
39013,2013,33954.0,2225656.0
39013,2014,35810.0,2664553.0
39013,2015,36876.0,3192477.0
39013,2016,36290.0,3257542.0
39013,2017,39188.0,3371365.0
39013,2018,42241.0,3143229.0
39013,2019,42378.0,3309338.0
39013,2020,43721.0,3242815.0
39013,2021,46553.0,2933117.0
39013,2022,48382.0,2416142.0
39015,2010,28971.0,918440.0
39015,2011,30780.0,948668.0
39015,2012,30878.0,903308.0
39015,2013,31563.0,915005.0
39015,2014,32313.0,904412.0
39015,2015,32901.0,892541.0
39015,2016,34451.0,926217.0
39015,2017,35849.0,888889.0
39015,2018,37030.0,883914.0
39015,2019,38776.0,842583.0
39015,2020,42692.0,834462.0
39015,2021,46447.0,900843.0
39015,2022,46834.0,906528.0
39017,2010,35684.0,15627693.0
39017,2011,37208.0,16077918.0
39017,2012,38276.0,16307760.0
39017,2013,38733.0,16865495.0
39017,2014,40528.0,18402150.0
39017,2015,42054.0,19592740.0
39017,2016,42979.0,20693653.0
39017,2017,44847.0,21682551.0
39017,2018,46472.0,21478634.0
39017,2019,48957.0,22097204.0
39017,2020,51967.0,21172323.0
39017,2021,55459.0,21911906.0
39017,2022,55505.0,21853699.0
39019,2010,29757.0,477763.0
39019,2011,31731.0,869575.0
39019,2012,32517.0,491198.0
39019,2013,33743.0,869095.0
39019,2014,34877.0,1127160.0
39019,2015,35358.0,1308893.0
39019,2016,35401.0,1226074.0
39019,2017,37805.0,1054129.0
39019,2018,39268.0,1095050.0
39019,2019,40772.0,1186072.0
39019,2020,44548.0,1147345.0
39019,2021,47850.0,1081434.0
39019,2022,48295.0,1094169.0
39021,2010,30917.0,1030657.0
39021,2011,32972.0,1077498.0
39021,2012,34027.0,1118912.0
39021,2013,35676.0,1190445.0
39021,2014,36345.0,1166709.0
39021,2015,36852.0,1117750.0
39021,2016,38006.0,1079718.0
39021,2017,39435.0,1189117.0
39021,2018,41274.0,1195649.0
39021,2019,42101.0,1184915.0
39021,2020,46379.0,1209568.0
39021,2021,49541.0,1256497.0
39021,2022,49261.0,1239798.0
39023,2010,32196.0,4406246.0
39023,2011,33849.0,4515678.0
39023,2012,34189.0,4467843.0
39023,2013,34709.0,4550621.0
39023,2014,35569.0,4613988.0
39023,2015,36442.0,4658874.0
39023,2016,37206.0,4611527.0
39023,2017,38447.0,4661428.0
39023,2018,39342.0,4620583.0
39023,2019,40890.0,4696288.0
39023,2020,44477.0,4470700.0
39023,2021,47715.0,4689134.0
39023,2022,48030.0,4765738.0
39025,2010,38451.0,7044505.0
39025,2011,40931.0,7284913.0
39025,2012,41250.0,7103059.0
39025,2013,41864.0,7460723.0
39025,2014,44033.0,7757171.0
39025,2015,48215.0,8515598.0
39025,2016,48659.0,8350607.0
39025,2017,50615.0,8471481.0
39025,2018,52412.0,8525675.0
39025,2019,56978.0,8846026.0
39025,2020,60919.0,8738981.0
39025,2021,62288.0,8553645.0
39025,2022,60323.0,7888072.0
39027,2010,36460.0,2002468.0
39027,2011,38784.0,1976559.0
39027,2012,38291.0,1918091.0
39027,2013,38110.0,1913871.0
39027,2014,38025.0,1902151.0
39027,2015,40447.0,2044104.0
39027,2016,41444.0,2065973.0
39027,2017,42805.0,2187611.0
39027,2018,44286.0,2231416.0
39027,2019,45284.0,2218418.0
39027,2020,47498.0,2250141.0
39027,2021,50690.0,2404882.0
39027,2022,51543.0,2381428.0
39029,2010,29712.0,2720799.0
39029,2011,31768.0,2816000.0
39029,2012,32797.0,2809112.0
39029,2013,32931.0,2938908.0
39029,2014,34103.0,3090603.0
39029,2015,35069.0,3117683.0
39029,2016,34866.0,3054115.0
39029,2017,36176.0,3001732.0
39029,2018,37665.0,2939145.0
39029,2019,39162.0,3007499.0
39029,2020,42670.0,2997826.0
39029,2021,45591.0,3198269.0
39029,2022,45377.0,3456732.0
39031,2010,27882.0,1510894.0
39031,2011,29862.0,1592954.0
39031,2012,29635.0,1448140.0
39031,2013,31346.0,1584630.0
39031,2014,32405.0,1719692.0
39031,2015,34531.0,1635401.0
39031,2016,32210.0,1501944.0
39031,2017,33269.0,1403328.0
39031,2018,34868.0,1408729.0
39031,2019,35676.0,1274432.0
39031,2020,39353.0,1217986.0
39031,2021,43090.0,1195528.0
39031,2022,42488.0,1192963.0
39033,2010,30176.0,1304476.0
39033,2011,32327.0,1366234.0
39033,2012,32393.0,1344906.0
39033,2013,33800.0,1349197.0
39033,2014,34288.0,1333891.0
39033,2015,34392.0,1349287.0
39033,2016,34808.0,1350201.0
39033,2017,36169.0,1303717.0
39033,2018,37945.0,1278675.0
39033,2019,38007.0,1344710.0
39033,2020,42000.0,1290242.0
39033,2021,47657.0,1398655.0
39033,2022,45973.0,1326821.0
39035,2010,40082.0,85117877.0
39035,2011,42544.0,85777000.0
39035,2012,44644.0,87397183.0
39035,2013,44586.0,88963806.0
39035,2014,46565.0,91169042.0
39035,2015,48019.0,92147950.0
39035,2016,49016.0,92278462.0
39035,2017,50761.0,95024060.0
39035,2018,52556.0,96602222.0
39035,2019,54290.0,99597368.0
39035,2020,57225.0,96237185.0
39035,2021,62899.0,101629662.0
39035,2022,64523.0,104904656.0
39037,2010,32373.0,1694077.0
39037,2011,34414.0,1703819.0
39037,2012,35227.0,1718942.0
39037,2013,36726.0,1825739.0
39037,2014,38225.0,2049480.0
39037,2015,38290.0,2048035.0
39037,2016,38775.0,1953087.0
39037,2017,40710.0,2159449.0
39037,2018,43059.0,2263736.0
39037,2019,43238.0,2020430.0
39037,2020,47822.0,2003064.0
39037,2021,52595.0,2146470.0
39037,2022,52633.0,2131127.0
39039,2010,31118.0,1491199.0
39039,2011,33350.0,1561786.0
39039,2012,34084.0,1620449.0
39039,2013,35535.0,1724408.0
39039,2014,36694.0,1736111.0
39039,2015,37031.0,1722904.0
39039,2016,38006.0,1839751.0
39039,2017,38931.0,1723710.0
39039,2018,40180.0,1630403.0
39039,2019,41239.0,1667729.0
39039,2020,44275.0,1583913.0
39039,2021,48246.0,1680466.0
39039,2022,48038.0,1690775.0
39041,2010,54488.0,8477375.0
39041,2011,57751.0,9059399.0
39041,2012,60982.0,9684633.0
39041,2013,61759.0,10191943.0
39041,2014,63187.0,10445455.0
39041,2015,66194.0,10624776.0
39041,2016,68464.0,10823334.0
39041,2017,71289.0,11628551.0
39041,2018,73453.0,12037854.0
39041,2019,75933.0,13030264.0
39041,2020,79078.0,12779173.0
39041,2021,85682.0,13818691.0
39041,2022,88010.0,14399713.0
39043,2010,49603.0,5117339.0
39043,2011,54202.0,5378896.0
39043,2012,56743.0,5383437.0
39043,2013,56989.0,5633043.0
39043,2014,55095.0,5628433.0
39043,2015,55141.0,4964225.0
39043,2016,58362.0,5040940.0
39043,2017,56616.0,4845101.0
39043,2018,57316.0,4716415.0
39043,2019,53930.0,4319248.0
39043,2020,53787.0,3660771.0
39043,2021,57506.0,4110837.0
39043,2022,58003.0,4055497.0
39045,2010,35513.0,3844551.0
39045,2011,37252.0,3952434.0
39045,2012,38904.0,4028930.0
39045,2013,39141.0,4098432.0
39045,2014,40295.0,4224245.0
39045,2015,41756.0,4201466.0
39045,2016,43046.0,4389904.0
39045,2017,44620.0,4536406.0
39045,2018,46053.0,4428793.0
39045,2019,47864.0,4618252.0
39045,2020,51556.0,4583868.0
39045,2021,54943.0,4913703.0
39045,2022,55648.0,4940142.0
39047,2010,29493.0,1002103.0
39047,2011,31931.0,1043286.0
39047,2012,32183.0,1051082.0
39047,2013,33795.0,1506055.0
39047,2014,33723.0,1869930.0
39047,2015,34673.0,2230590.0
39047,2016,35879.0,2548291.0
39047,2017,36828.0,2151145.0
39047,2018,37864.0,2067589.0
39047,2019,39175.0,1614942.0
39047,2020,44623.0,1666466.0
39047,2021,48001.0,1691731.0
39047,2022,47620.0,1638269.0
39049,2010,38855.0,77357893.0
39049,2011,41617.0,79738912.0
39049,2012,44112.0,83443714.0
39049,2013,43892.0,86606416.0
39049,2014,45400.0,90074567.0
39049,2015,47114.0,91913420.0
39049,2016,47451.0,93797506.0
39049,2017,48245.0,97564396.0
39049,2018,49564.0,98409101.0
39049,2019,50727.0,100880619.0
39049,2020,54398.0,99553864.0
39049,2021,59927.0,106747730.0
39049,2022,60912.0,107897177.0
39051,2010,34309.0,1673432.0
39051,2011,36676.0,1813921.0
39051,2012,36852.0,1786264.0
39051,2013,37864.0,1861837.0
39051,2014,39152.0,1914061.0
39051,2015,40541.0,2039210.0
39051,2016,41759.0,2126866.0
39051,2017,43113.0,2081452.0
39051,2018,44416.0,2001262.0
39051,2019,45648.0,1996488.0
39051,2020,49524.0,2039652.0
39051,2021,53343.0,2067255.0
39051,2022,54023.0,2080597.0
39053,2010,31489.0,2489343.0
39053,2011,33289.0,2534141.0
39053,2012,34743.0,2501936.0
39053,2013,34678.0,2287645.0
39053,2014,35024.0,2266118.0
39053,2015,35913.0,2201836.0
39053,2016,36181.0,2320509.0
39053,2017,37855.0,2410456.0
39053,2018,39787.0,2256042.0
39053,2019,41218.0,2153747.0
39053,2020,44491.0,2017303.0
39053,2021,46419.0,2026614.0
39053,2022,47299.0,1865130.0
39055,2010,50694.0,3898058.0
39055,2011,56236.0,4094256.0
39055,2012,56820.0,4035923.0
39055,2013,57797.0,4224572.0
39055,2014,60046.0,4243150.0
39055,2015,61903.0,4413500.0
39055,2016,62884.0,4308699.0
39055,2017,64644.0,4235503.0
39055,2018,67339.0,4389850.0
39055,2019,70096.0,4408974.0
39055,2020,71548.0,4088353.0
39055,2021,80520.0,4477013.0
39055,2022,81234.0,4196229.0
39057,2010,38707.0,8164623.0
39057,2011,41015.0,8693202.0
39057,2012,41412.0,8499216.0
39057,2013,42193.0,8547607.0
39057,2014,43790.0,8710717.0
39057,2015,45850.0,9037446.0
39057,2016,46936.0,9313783.0
39057,2017,49049.0,9741194.0
39057,2018,50378.0,9743023.0
39057,2019,51598.0,10094509.0
39057,2020,54924.0,10212491.0
39057,2021,60000.0,10775987.0
39057,2022,60576.0,10783097.0
39059,2010,29290.0,1181118.0
39059,2011,31543.0,1221675.0
39059,2012,32827.0,1225795.0
39059,2013,33624.0,1360652.0
39059,2014,35828.0,1544381.0
39059,2015,36594.0,1912263.0
39059,2016,36415.0,1873930.0
39059,2017,38561.0,1949553.0
39059,2018,40546.0,2058811.0
39059,2019,41708.0,2173962.0
39059,2020,46179.0,2150372.0
39059,2021,49185.0,2060216.0
39059,2022,48967.0,1888989.0
39061,2010,43547.0,66733291.0
39061,2011,47158.0,68944802.0
39061,2012,49235.0,69980785.0
39061,2013,49286.0,71074657.0
39061,2014,50676.0,72548910.0
39061,2015,52382.0,73047760.0
39061,2016,53614.0,74823723.0
39061,2017,55603.0,76667322.0
39061,2018,57836.0,75747380.0
39061,2019,59517.0,80119378.0
39061,2020,63014.0,78470657.0
39061,2021,70497.0,81514133.0
39061,2022,71953.0,83363276.0
39063,2010,36656.0,4014687.0
39063,2011,40213.0,4162697.0
39063,2012,41083.0,4559313.0
39063,2013,41424.0,4889172.0
39063,2014,47424.0,5459366.0
39063,2015,56724.0,6171179.0
39063,2016,50676.0,5859040.0
39063,2017,48358.0,5364502.0
39063,2018,50358.0,5420344.0
39063,2019,50945.0,5347892.0
39063,2020,55623.0,5189309.0
39063,2021,57128.0,5415542.0
39063,2022,59487.0,5530360.0
39065,2010,27560.0,946372.0
39065,2011,30091.0,977196.0
39065,2012,29271.0,936899.0
39065,2013,30533.0,940577.0
39065,2014,30805.0,979381.0
39065,2015,29900.0,862490.0
39065,2016,30609.0,885839.0
39065,2017,31791.0,877953.0
39065,2018,33388.0,933704.0
39065,2019,33783.0,883214.0
39065,2020,37157.0,860683.0
39065,2021,40647.0,924906.0
39065,2022,40502.0,945323.0
39067,2010,28179.0,305972.0
39067,2011,29806.0,324019.0
39067,2012,30703.0,312539.0
39067,2013,32647.0,508687.0
39067,2014,34561.0,641425.0
39067,2015,35393.0,999559.0
39067,2016,35250.0,1033012.0
39067,2017,38487.0,860120.0
39067,2018,39534.0,767491.0
39067,2019,40902.0,901819.0
39067,2020,42996.0,1035568.0
39067,2021,46196.0,918367.0
39067,2022,47045.0,801238.0
39069,2010,33369.0,1182570.0
39069,2011,36324.0,1238838.0
39069,2012,37243.0,1265431.0
39069,2013,38516.0,1386743.0
39069,2014,39010.0,1465365.0
39069,2015,39942.0,1440293.0
39069,2016,41106.0,1390405.0
39069,2017,42253.0,1307777.0
39069,2018,43222.0,1263706.0
39069,2019,44476.0,1448603.0
39069,2020,48976.0,1413325.0
39069,2021,52926.0,1414263.0
39069,2022,53207.0,1256296.0
39071,2010,27278.0,1147736.0
39071,2011,29257.0,1165030.0
39071,2012,29919.0,1163626.0
39071,2013,30418.0,1160915.0
39071,2014,31152.0,1138353.0
39071,2015,32219.0,1149548.0
39071,2016,32923.0,1115390.0
39071,2017,34757.0,1218401.0
39071,2018,35974.0,1244850.0
39071,2019,37184.0,1298230.0
39071,2020,40912.0,1339839.0
39071,2021,44754.0,1373798.0
39071,2022,44602.0,1323964.0
39073,2010,28147.0,650319.0
39073,2011,29749.0,648956.0
39073,2012,31049.0,649433.0
39073,2013,31877.0,649101.0
39073,2014,32495.0,636919.0
39073,2015,34075.0,631282.0
39073,2016,35201.0,641244.0
39073,2017,36848.0,632148.0
39073,2018,37874.0,614970.0
39073,2019,39788.0,629074.0
39073,2020,43321.0,611595.0
39073,2021,45892.0,631679.0
39073,2022,46040.0,625899.0
39075,2010,27497.0,1639073.0
39075,2011,30744.0,1778916.0
39075,2012,30796.0,1754713.0
39075,2013,32974.0,1876752.0
39075,2014,35672.0,2066219.0
39075,2015,38622.0,2226835.0
39075,2016,38354.0,2158682.0
39075,2017,41708.0,2279584.0
39075,2018,44075.0,2392957.0
39075,2019,46345.0,2454547.0
39075,2020,49554.0,2472848.0
39075,2021,54796.0,2567922.0
39075,2022,57026.0,2574433.0
39077,2010,31403.0,2234943.0
39077,2011,33081.0,2282206.0
39077,2012,33473.0,2216302.0
39077,2013,34671.0,2299158.0
39077,2014,35626.0,2269916.0
39077,2015,36713.0,2210022.0
39077,2016,37021.0,2221943.0
39077,2017,38461.0,2240461.0
39077,2018,39921.0,2294018.0
39077,2019,40611.0,2251954.0
39077,2020,44994.0,2250882.0
39077,2021,48375.0,2335669.0
39077,2022,48279.0,2260395.0
39079,2010,28974.0,1025116.0
39079,2011,30138.0,1018992.0
39079,2012,30499.0,989543.0
39079,2013,31282.0,1038820.0
39079,2014,32354.0,1049853.0
39079,2015,33388.0,1052143.0
39079,2016,33678.0,1043108.0
39079,2017,34393.0,1075317.0
39079,2018,35085.0,1024042.0
39079,2019,36251.0,1014365.0
39079,2020,40235.0,1038915.0
39079,2021,42236.0,1019667.0
39079,2022,41294.0,982107.0
39081,2010,30193.0,3149136.0
39081,2011,32107.0,3024526.0
39081,2012,32596.0,2966975.0
39081,2013,32993.0,3594894.0
39081,2014,34157.0,4191065.0
39081,2015,35124.0,4459287.0
39081,2016,34961.0,3320314.0
39081,2017,36881.0,3325216.0
39081,2018,38481.0,3366006.0
39081,2019,40348.0,3877911.0
39081,2020,43448.0,3991881.0
39081,2021,46382.0,3991719.0
39081,2022,46385.0,3640598.0
39083,2010,31349.0,1982920.0
39083,2011,33909.0,2101611.0
39083,2012,35946.0,2087787.0
39083,2013,36817.0,2150172.0
39083,2014,38163.0,2193035.0
39083,2015,38863.0,2152482.0
39083,2016,39121.0,2123186.0
39083,2017,40225.0,2151905.0
39083,2018,42508.0,2152887.0
39083,2019,44463.0,2142188.0
39083,2020,48966.0,2013534.0
39083,2021,51964.0,2114650.0
39083,2022,52476.0,2143860.0
39085,2010,38429.0,11897862.0
39085,2011,40778.0,12159456.0
39085,2012,41961.0,11754726.0
39085,2013,42898.0,11084141.0
39085,2014,44680.0,11318302.0
39085,2015,45750.0,11308019.0
39085,2016,46669.0,11337654.0
39085,2017,48207.0,11269841.0
39085,2018,50355.0,11458575.0
39085,2019,51861.0,11566135.0
39085,2020,55090.0,11320955.0
39085,2021,59215.0,11727598.0
39085,2022,59810.0,11578407.0
39087,2010,30507.0,1338976.0
39087,2011,31783.0,1519829.0
39087,2012,32473.0,1680360.0
39087,2013,32361.0,1569371.0
39087,2014,33664.0,1656310.0
39087,2015,35067.0,1836112.0
39087,2016,35357.0,1881687.0
39087,2017,36877.0,1709582.0
39087,2018,38708.0,1689513.0
39087,2019,40326.0,1810240.0
39087,2020,43428.0,1768909.0
39087,2021,47285.0,1813669.0
39087,2022,48425.0,1755156.0
39089,2010,34964.0,5294039.0
39089,2011,37051.0,5485400.0
39089,2012,38190.0,5470544.0
39089,2013,39120.0,5545222.0
39089,2014,40349.0,5740077.0
39089,2015,41907.0,5965402.0
39089,2016,42717.0,6060317.0
39089,2017,44441.0,6191705.0
39089,2018,45570.0,6457822.0
39089,2019,47117.0,6881663.0
39089,2020,51326.0,7200631.0
39089,2021,55588.0,7788445.0
39089,2022,55825.0,7806805.0
39091,2010,32032.0,1822025.0
39091,2011,33887.0,1940019.0
39091,2012,35963.0,2002953.0
39091,2013,37449.0,2081741.0
39091,2014,37657.0,2126052.0
39091,2015,38064.0,1936971.0
39091,2016,38886.0,1963242.0
39091,2017,40457.0,2041373.0
39091,2018,42152.0,2063280.0
39091,2019,42592.0,2036559.0
39091,2020,46803.0,1882998.0
39091,2021,49142.0,2053336.0
39091,2022,49408.0,2135698.0
39093,2010,34946.0,10052027.0
39093,2011,36992.0,10499531.0
39093,2012,38449.0,10804343.0
39093,2013,39278.0,10703217.0
39093,2014,40338.0,10568608.0
39093,2015,41525.0,10634741.0
39093,2016,42749.0,10549910.0
39093,2017,44315.0,10715473.0
39093,2018,45948.0,10732204.0
39093,2019,47933.0,10942672.0
39093,2020,50908.0,10405844.0
39093,2021,54995.0,11075652.0
39093,2022,55845.0,10994116.0
39095,2010,34880.0,22560734.0
39095,2011,37052.0,23506769.0
39095,2012,37860.0,23037399.0
39095,2013,38236.0,23935057.0
39095,2014,40135.0,25815586.0
39095,2015,41814.0,24055981.0
39095,2016,42728.0,23894586.0
39095,2017,43470.0,24161036.0
39095,2018,45413.0,24713754.0
39095,2019,47237.0,25567148.0
39095,2020,50429.0,23585222.0
39095,2021,53670.0,25833321.0
39095,2022,54254.0,25416558.0
39097,2010,31447.0,1420953.0
39097,2011,34347.0,1559771.0
39097,2012,35026.0,1651553.0
39097,2013,36791.0,1688485.0
39097,2014,36661.0,1758291.0
39097,2015,37390.0,1755612.0
39097,2016,39769.0,1818736.0
39097,2017,41121.0,1927043.0
39097,2018,41503.0,1912860.0
39097,2019,42601.0,1911882.0
39097,2020,47145.0,1898388.0
39097,2021,51100.0,2061934.0
39097,2022,53595.0,2073601.0
39099,2010,34681.0,9190423.0
39099,2011,36928.0,9321508.0
39099,2012,37616.0,9312549.0
39099,2013,37634.0,9442451.0
39099,2014,38800.0,9329421.0
39099,2015,39730.0,9315518.0
39099,2016,39991.0,9227381.0
39099,2017,40654.0,9148115.0
39099,2018,42009.0,9127407.0
39099,2019,43612.0,9441961.0
39099,2020,47294.0,9037227.0
39099,2021,51710.0,9408594.0
39099,2022,51786.0,9296844.0
39101,2010,29260.0,2446475.0
39101,2011,30273.0,2527785.0
39101,2012,30892.0,2533450.0
39101,2013,31351.0,2637177.0
39101,2014,31915.0,2654277.0
39101,2015,32771.0,2781495.0
39101,2016,34199.0,2726731.0
39101,2017,35919.0,2730904.0
39101,2018,36773.0,2718137.0
39101,2019,36914.0,2685096.0
39101,2020,40535.0,2601542.0
39101,2021,42876.0,2701725.0
39101,2022,43601.0,2623231.0
39103,2010,40936.0,6297234.0
39103,2011,43422.0,6592043.0
39103,2012,45062.0,6394385.0
39103,2013,45951.0,6758574.0
39103,2014,47952.0,7265938.0
39103,2015,50175.0,7001675.0
39103,2016,52283.0,7209616.0
39103,2017,53646.0,7399729.0
39103,2018,55424.0,7462348.0
39103,2019,57429.0,7512259.0
39103,2020,60020.0,7204268.0
39103,2021,64380.0,7716899.0
39103,2022,66528.0,7628144.0
39105,2010,27648.0,442199.0
39105,2011,28220.0,420720.0
39105,2012,29331.0,406986.0
39105,2013,30013.0,441338.0
39105,2014,30909.0,399904.0
39105,2015,32308.0,421597.0
39105,2016,32698.0,391201.0
39105,2017,33945.0,373692.0
39105,2018,35082.0,380204.0
39105,2019,36536.0,401767.0
39105,2020,40616.0,408454.0
39105,2021,43154.0,388926.0
39105,2022,42277.0,380351.0
39107,2010,36801.0,1656240.0
39107,2011,40052.0,1716315.0
39107,2012,40124.0,1755931.0
39107,2013,44266.0,2023111.0
39107,2014,46229.0,2168582.0
39107,2015,46204.0,2496531.0
39107,2016,45051.0,2309405.0
39107,2017,48354.0,2405614.0
39107,2018,51251.0,2592150.0
39107,2019,49966.0,2291357.0
39107,2020,54158.0,2205004.0
39107,2021,60333.0,2307128.0
39107,2022,61545.0,2378646.0
39109,2010,35656.0,3908239.0
39109,2011,38142.0,4123981.0
39109,2012,39274.0,4273908.0
39109,2013,39554.0,4252187.0
39109,2014,40358.0,4176975.0
39109,2015,41846.0,4150376.0
39109,2016,43094.0,4177479.0
39109,2017,45035.0,4429984.0
39109,2018,46738.0,4374880.0
39109,2019,47830.0,4393171.0
39109,2020,51926.0,4323295.0
39109,2021,56030.0,4560123.0
39109,2022,56651.0,4637876.0
39111,2010,26104.0,380546.0
39111,2011,28508.0,449185.0
39111,2012,28590.0,454966.0
39111,2013,29109.0,497667.0
39111,2014,29989.0,569788.0
39111,2015,30466.0,754712.0
39111,2016,30083.0,908766.0
39111,2017,32504.0,776954.0
39111,2018,35577.0,842871.0
39111,2019,37123.0,1080451.0
39111,2020,41833.0,1243685.0
39111,2021,43633.0,976194.0
39111,2022,42763.0,811623.0
39113,2010,35755.0,26014847.0
39113,2011,37623.0,26292585.0
39113,2012,38486.0,26190083.0
39113,2013,38716.0,26534132.0
39113,2014,40399.0,26950673.0
39113,2015,41777.0,27177715.0
39113,2016,42444.0,27451612.0
39113,2017,44180.0,28375555.0
39113,2018,45796.0,29065451.0
39113,2019,47499.0,30030861.0
39113,2020,51376.0,29408523.0
39113,2021,54994.0,30450796.0
39113,2022,55123.0,30819640.0
39115,2010,25178.0,276277.0
39115,2011,26574.0,286794.0
39115,2012,26903.0,278334.0
39115,2013,27801.0,279255.0
39115,2014,30275.0,290500.0
39115,2015,31047.0,303703.0
39115,2016,31121.0,297329.0
39115,2017,32941.0,310334.0
39115,2018,33897.0,301091.0
39115,2019,35605.0,332431.0
39115,2020,40173.0,340057.0
39115,2021,43881.0,384507.0
39115,2022,43214.0,374609.0
39117,2010,29491.0,605601.0
39117,2011,31698.0,636845.0
39117,2012,32030.0,669514.0
39117,2013,33422.0,670401.0
39117,2014,34018.0,636156.0
39117,2015,34895.0,685225.0
39117,2016,36298.0,686532.0
39117,2017,37894.0,608966.0
39117,2018,39750.0,627468.0
39117,2019,41647.0,673750.0
39117,2020,45637.0,655039.0
39117,2021,49542.0,674555.0
39117,2022,49235.0,670219.0
39119,2010,30934.0,2962714.0
39119,2011,33051.0,3086718.0
39119,2012,33460.0,3035170.0
39119,2013,34915.0,3447389.0
39119,2014,36256.0,3606573.0
39119,2015,37394.0,3611286.0
39119,2016,37782.0,3611811.0
39119,2017,39132.0,3659300.0
39119,2018,40342.0,3600172.0
39119,2019,41878.0,3694418.0
39119,2020,46287.0,3722320.0
39119,2021,49575.0,3899790.0
39119,2022,49985.0,3902042.0
39121,2010,22332.0,209799.0
39121,2011,23176.0,220264.0
39121,2012,23084.0,220860.0
39121,2013,24467.0,314542.0
39121,2014,24091.0,448128.0
39121,2015,25149.0,618538.0
39121,2016,24933.0,564101.0
39121,2017,26320.0,478258.0
39121,2018,27501.0,414965.0
39121,2019,28181.0,430033.0
39121,2020,30639.0,414379.0
39121,2021,32576.0,391438.0
39121,2022,31369.0,377958.0
39123,2010,39028.0,1789683.0
39123,2011,40991.0,1925887.0
39123,2012,42756.0,2055962.0
39123,2013,43157.0,2066497.0
39123,2014,44722.0,1915426.0
39123,2015,46283.0,2080967.0
39123,2016,47815.0,2034304.0
39123,2017,49370.0,2076150.0
39123,2018,51678.0,2003980.0
39123,2019,53625.0,2063527.0
39123,2020,57049.0,1981095.0
39123,2021,62156.0,2064088.0
39123,2022,62899.0,1921277.0
39125,2010,30997.0,523435.0
39125,2011,33985.0,545279.0
39125,2012,33960.0,557620.0
39125,2013,34759.0,534551.0
39125,2014,36998.0,571809.0
39125,2015,36397.0,505651.0
39125,2016,36883.0,488740.0
39125,2017,38548.0,542357.0
39125,2018,40203.0,572995.0
39125,2019,40674.0,563640.0
39125,2020,45709.0,573090.0
39125,2021,49640.0,607970.0
39125,2022,50980.0,588345.0
39127,2010,27866.0,677233.0
39127,2011,29610.0,737044.0
39127,2012,30442.0,688123.0
39127,2013,31758.0,750301.0
39127,2014,32587.0,701661.0
39127,2015,33840.0,690271.0
39127,2016,34863.0,704203.0
39127,2017,36824.0,753378.0
39127,2018,37914.0,744343.0
39127,2019,39388.0,737244.0
39127,2020,43081.0,720341.0
39127,2021,46501.0,715903.0
39127,2022,46802.0,700855.0
39129,2010,31786.0,1881574.0
39129,2011,33873.0,1840944.0
39129,2012,34148.0,1730994.0
39129,2013,35542.0,1686246.0
39129,2014,35839.0,1585722.0
39129,2015,36474.0,1685973.0
39129,2016,37644.0,1669249.0
39129,2017,39546.0,1719141.0
39129,2018,40734.0,1734232.0
39129,2019,42091.0,1787539.0
39129,2020,46298.0,1849888.0
39129,2021,51129.0,1997145.0
39129,2022,50568.0,2012942.0
39131,2010,27477.0,1020557.0
39131,2011,30330.0,964736.0
39131,2012,31090.0,1125570.0
39131,2013,32271.0,1057751.0
39131,2014,33352.0,1007553.0
39131,2015,34593.0,1007466.0
39131,2016,34486.0,1020859.0
39131,2017,36707.0,1149783.0
39131,2018,37989.0,1136898.0
39131,2019,39391.0,1118228.0
39131,2020,43222.0,1070711.0
39131,2021,46194.0,1102608.0
39131,2022,46185.0,1138622.0
39133,2010,34491.0,5579727.0
39133,2011,36383.0,5719517.0
39133,2012,37711.0,5850186.0
39133,2013,38164.0,5996154.0
39133,2014,39321.0,5981226.0
39133,2015,40533.0,6080519.0
39133,2016,40858.0,6071215.0
39133,2017,42552.0,6307886.0
39133,2018,44133.0,6471562.0
39133,2019,45543.0,6423825.0
39133,2020,48668.0,6266452.0
39133,2021,53713.0,6484662.0
39133,2022,53891.0,6501644.0
39135,2010,30990.0,1050572.0
39135,2011,33150.0,1085484.0
39135,2012,33568.0,1082407.0
39135,2013,33948.0,1085677.0
39135,2014,34690.0,1079127.0
39135,2015,35764.0,1137231.0
39135,2016,36844.0,1079069.0
39135,2017,38214.0,1105812.0
39135,2018,39559.0,1131176.0
39135,2019,40825.0,1137198.0
39135,2020,44650.0,1143480.0
39135,2021,49258.0,1278086.0
39135,2022,49579.0,1279107.0
39137,2010,38304.0,1321349.0
39137,2011,40452.0,1310594.0
39137,2012,40367.0,1323951.0
39137,2013,41089.0,1318978.0
39137,2014,41574.0,1319838.0
39137,2015,42501.0,1272205.0
39137,2016,43642.0,1228303.0
39137,2017,45904.0,1255903.0
39137,2018,48161.0,1245847.0
39137,2019,49178.0,1220975.0
39137,2020,53567.0,1230016.0
39137,2021,59370.0,1317966.0
39137,2022,59826.0,1301141.0
39139,2010,30296.0,4349582.0
39139,2011,31998.0,4477964.0
39139,2012,32505.0,4533586.0
39139,2013,32926.0,4482554.0
39139,2014,34382.0,4629884.0
39139,2015,35351.0,4589206.0
39139,2016,35407.0,4535134.0
39139,2017,36615.0,4544336.0
39139,2018,37803.0,4591106.0
39139,2019,39589.0,4586234.0
39139,2020,43509.0,4404983.0
39139,2021,45470.0,4604671.0
39139,2022,45499.0,4588186.0
39141,2010,28947.0,2466859.0
39141,2011,30874.0,2625658.0
39141,2012,30886.0,2611230.0
39141,2013,31516.0,2632877.0
39141,2014,32409.0,2723262.0
39141,2015,33719.0,2763937.0
39141,2016,33988.0,2709970.0
39141,2017,35163.0,2777322.0
39141,2018,36700.0,2831490.0
39141,2019,38440.0,2906326.0
39141,2020,42145.0,2823102.0
39141,2021,45532.0,2982923.0
39141,2022,45196.0,3041819.0
39143,2010,32504.0,2363043.0
39143,2011,34059.0,2463739.0
39143,2012,34420.0,2683958.0
39143,2013,35673.0,2827415.0
39143,2014,36379.0,2816123.0
39143,2015,37872.0,3007791.0
39143,2016,38112.0,2913581.0
39143,2017,39690.0,2961086.0
39143,2018,40878.0,2901152.0
39143,2019,41854.0,2842936.0
39143,2020,45396.0,2738020.0
39143,2021,49432.0,3032205.0
39143,2022,49414.0,2947385.0
39145,2010,28665.0,1965319.0
39145,2011,29713.0,1991973.0
39145,2012,30426.0,2120217.0
39145,2013,31280.0,2788421.0
39145,2014,33383.0,3668852.0
39145,2015,36017.0,3051797.0
39145,2016,35398.0,2488081.0
39145,2017,36776.0,2506317.0
39145,2018,38864.0,2471082.0
39145,2019,40557.0,2675077.0
39145,2020,43153.0,2461428.0
39145,2021,46210.0,2684768.0
39145,2022,46490.0,2650541.0
39147,2010,30388.0,1784698.0
39147,2011,32506.0,1847555.0
39147,2012,32628.0,1737692.0
39147,2013,32737.0,1759103.0
39147,2014,33498.0,1763253.0
39147,2015,35586.0,1855992.0
39147,2016,36824.0,1978995.0
39147,2017,37607.0,1909712.0
39147,2018,38629.0,1922107.0
39147,2019,40095.0,1977384.0
39147,2020,44796.0,1974371.0
39147,2021,48572.0,2114138.0
39147,2022,48160.0,2033989.0
39149,2010,33125.0,2775096.0
39149,2011,36431.0,3036038.0
39149,2012,37425.0,3095327.0
39149,2013,39337.0,3168953.0
39149,2014,40419.0,3220132.0
39149,2015,41025.0,3141304.0
39149,2016,42024.0,3202754.0
39149,2017,43422.0,3209892.0
39149,2018,44636.0,3234525.0
39149,2019,45188.0,3266380.0
39149,2020,49217.0,3107081.0
39149,2021,52836.0,3297173.0
39149,2022,52876.0,3309759.0
39151,2010,34449.0,14960275.0
39151,2011,36733.0,15415579.0
39151,2012,38050.0,15694967.0
39151,2013,38386.0,16321185.0
39151,2014,39692.0,17069619.0
39151,2015,41105.0,16954777.0
39151,2016,41055.0,16765235.0
39151,2017,42563.0,17068227.0
39151,2018,43934.0,16784976.0
39151,2019,45364.0,16977985.0
39151,2020,48757.0,16042010.0
39151,2021,53414.0,17282227.0
39151,2022,54014.0,17069258.0
39153,2010,39149.0,27708440.0
39153,2011,40815.0,27646243.0
39153,2012,42110.0,27814644.0
39153,2013,42681.0,28429380.0
39153,2014,44532.0,29286403.0
39153,2015,45918.0,29506581.0
39153,2016,46847.0,29644458.0
39153,2017,48547.0,30116971.0
39153,2018,50579.0,30411694.0
39153,2019,52519.0,31050771.0
39153,2020,56096.0,29885051.0
39153,2021,61539.0,31294504.0
39153,2022,61027.0,30963873.0
39155,2010,31218.0,7537915.0
39155,2011,33412.0,7885116.0
39155,2012,34273.0,7642179.0
39155,2013,34289.0,7663370.0
39155,2014,35379.0,7538412.0
39155,2015,36679.0,7421113.0
39155,2016,37313.0,7375052.0
39155,2017,38401.0,6994824.0
39155,2018,39669.0,6963383.0
39155,2019,39787.0,6994707.0
39155,2020,43023.0,6652679.0
39155,2021,46180.0,6925805.0
39155,2022,46745.0,6952509.0
39157,2010,32363.0,3297320.0
39157,2011,35023.0,3438784.0
39157,2012,35556.0,3365183.0
39157,2013,36477.0,3491920.0
39157,2014,38489.0,3705443.0
39157,2015,39631.0,3828484.0
39157,2016,39456.0,3718206.0
39157,2017,40963.0,3844411.0
39157,2018,42996.0,3780311.0
39157,2019,43241.0,3811036.0
39157,2020,45931.0,3699568.0
39157,2021,50985.0,3854291.0
39157,2022,54140.0,3709304.0
39159,2010,35484.0,3163640.0
39159,2011,38212.0,3263746.0
39159,2012,40317.0,3277190.0
39159,2013,42689.0,3479616.0
39159,2014,44397.0,3671868.0
39159,2015,45654.0,3781244.0
39159,2016,47296.0,3905439.0
39159,2017,51810.0,4383725.0
39159,2018,55995.0,4571438.0
39159,2019,57523.0,4538234.0
39159,2020,61796.0,4411001.0
39159,2021,66995.0,4627494.0
39159,2022,69340.0,4791384.0
39161,2010,32159.0,1034178.0
39161,2011,34281.0,1070760.0
39161,2012,34503.0,1124815.0
39161,2013,36403.0,1140368.0
39161,2014,37023.0,1196580.0
39161,2015,36770.0,1284850.0
39161,2016,38091.0,1322373.0
39161,2017,39417.0,1396562.0
39161,2018,41256.0,1401188.0
39161,2019,41397.0,1303672.0
39161,2020,46137.0,1230646.0
39161,2021,50212.0,1304309.0
39161,2022,50030.0,1348248.0
39163,2010,25897.0,277500.0
39163,2011,27386.0,299747.0
39163,2012,29063.0,291151.0
39163,2013,28047.0,248390.0
39163,2014,29923.0,245058.0
39163,2015,30737.0,242586.0
39163,2016,31593.0,277273.0
39163,2017,32710.0,272004.0
39163,2018,33893.0,307009.0
39163,2019,35081.0,313897.0
39163,2020,39305.0,289423.0
39163,2021,41486.0,303446.0
39163,2022,40979.0,351921.0
39165,2010,43690.0,8547740.0
39165,2011,46111.0,8819747.0
39165,2012,48149.0,9095332.0
39165,2013,49063.0,9297424.0
39165,2014,50985.0,9805994.0
39165,2015,52549.0,10166567.0
39165,2016,55042.0,11030646.0
39165,2017,57554.0,11511613.0
39165,2018,59156.0,11768655.0
39165,2019,62463.0,12725938.0
39165,2020,65733.0,12349932.0
39165,2021,71081.0,13925655.0
39165,2022,73235.0,14039065.0
39167,2010,31791.0,3198741.0
39167,2011,33926.0,3290483.0
39167,2012,35235.0,3367424.0
39167,2013,35832.0,3237690.0
39167,2014,37713.0,3541972.0
39167,2015,39092.0,3748675.0
39167,2016,39054.0,3680598.0
39167,2017,40273.0,3523235.0
39167,2018,42880.0,3399295.0
39167,2019,44155.0,3560045.0
39167,2020,46797.0,3446214.0
39167,2021,51569.0,3544061.0
39167,2022,51478.0,3483865.0
39169,2010,32455.0,4802164.0
39169,2011,34946.0,4956752.0
39169,2012,35593.0,5065613.0
39169,2013,36916.0,5472904.0
39169,2014,38642.0,5796795.0
39169,2015,39542.0,5809808.0
39169,2016,39880.0,5683643.0
39169,2017,42057.0,6096594.0
39169,2018,44089.0,6274253.0
39169,2019,45607.0,6481395.0
39169,2020,49062.0,6399345.0
39169,2021,53562.0,6636680.0
39169,2022,53835.0,6590512.0
39171,2010,31887.0,1522952.0
39171,2011,33693.0,1584941.0
39171,2012,33961.0,1613352.0
39171,2013,34643.0,1660910.0
39171,2014,35981.0,1683068.0
39171,2015,37323.0,1711519.0
39171,2016,37972.0,1721067.0
39171,2017,39101.0,1727968.0
39171,2018,40540.0,1709817.0
39171,2019,42209.0,1805266.0
39171,2020,44934.0,1707228.0
39171,2021,49111.0,1764394.0
39171,2022,50010.0,1724401.0
39173,2010,38045.0,6096149.0
39173,2011,38925.0,6361675.0
39173,2012,39440.0,6379515.0
39173,2013,40042.0,6455026.0
39173,2014,41480.0,6789868.0
39173,2015,43086.0,6741560.0
39173,2016,43824.0,6871124.0
39173,2017,44698.0,7029084.0
39173,2018,46592.0,7262811.0
39173,2019,47499.0,7639849.0
39173,2020,50634.0,7277388.0
39173,2021,55682.0,7836167.0
39173,2022,56958.0,8060979.0
39175,2010,32574.0,847817.0
39175,2011,35730.0,900382.0
39175,2012,36219.0,926466.0
39175,2013,37966.0,924376.0
39175,2014,38491.0,983160.0
39175,2015,38787.0,931287.0
39175,2016,40010.0,946443.0
39175,2017,41593.0,997501.0
39175,2018,44244.0,1049405.0
39175,2019,45670.0,1063882.0
39175,2020,50242.0,1042253.0
39175,2021,55226.0,1090617.0
39175,2022,55585.0,1069333.0
51001,2010,33744.0,2874071.0
51001,2011,33794.0,2689413.0
51001,2012,35204.0,2705675.0
51001,2013,35413.0,2318672.0
51001,2014,36349.0,1947169.0
51001,2015,37526.0,1763719.0
51001,2016,39929.0,1682787.0
51001,2017,43525.0,1714967.0
51001,2018,44919.0,1772218.0
51001,2019,47761.0,1804289.0
51001,2020,51125.0,1793560.0
51001,2021,56694.0,1897523.0
51001,2022,54927.0,1779121.0
51007,2010,33344.0,287530.0
51007,2011,34026.0,272867.0
51007,2012,35487.0,288187.0
51007,2013,37825.0,291648.0
51007,2014,38409.0,298328.0
51007,2015,40534.0,309190.0
51007,2016,40527.0,288835.0
51007,2017,41215.0,285025.0
51007,2018,41601.0,264269.0
51007,2019,43367.0,276192.0
51007,2020,45866.0,259232.0
51007,2021,50824.0,295190.0
51007,2022,54041.0,327025.0
51009,2010,29800.0,878459.0
51009,2011,30709.0,852175.0
51009,2012,31199.0,841449.0
51009,2013,31365.0,884668.0
51009,2014,32764.0,848465.0
51009,2015,33864.0,860981.0
51009,2016,34450.0,824201.0
51009,2017,35443.0,806386.0
51009,2018,36765.0,813582.0
51009,2019,38023.0,795316.0
51009,2020,40740.0,759430.0
51009,2021,44260.0,812178.0
51009,2022,44920.0,783250.0
51011,2010,30549.0,285608.0
51011,2011,31553.0,281324.0
51011,2012,31617.0,286945.0
51011,2013,32334.0,304706.0
51011,2014,33548.0,296525.0
51011,2015,34928.0,301519.0
51011,2016,35540.0,295646.0
51011,2017,36495.0,300302.0
51011,2018,37753.0,300463.0
51011,2019,38799.0,297513.0
51011,2020,41555.0,293447.0
51011,2021,45775.0,326332.0
51011,2022,45929.0,325131.0
51013,2010,79216.0,31972405.0
51013,2011,82336.0,32704138.0
51013,2012,83499.0,31433131.0
51013,2013,79030.0,30557245.0
51013,2014,82623.0,30689850.0
51013,2015,85196.0,31870414.0
51013,2016,86290.0,32541434.0
51013,2017,89695.0,33997126.0
51013,2018,94324.0,35530163.0
51013,2019,96204.0,36825830.0
51013,2020,98460.0,36785680.0
51013,2021,109830.0,39028124.0
51013,2022,116839.0,38535970.0
51017,2010,37801.0,249647.0
51017,2011,42952.0,249477.0
51017,2012,47923.0,223620.0
51017,2013,45870.0,226341.0
51017,2014,48124.0,223607.0
51017,2015,51906.0,224185.0
51017,2016,55143.0,227781.0
51017,2017,59115.0,223251.0
51017,2018,60074.0,208439.0
51017,2019,63285.0,222135.0
51017,2020,69660.0,198547.0
51017,2021,73587.0,215428.0
51017,2022,73729.0,232037.0
51019,2010,36073.0,1964179.0
51019,2011,37283.0,1961446.0
51019,2012,39071.0,1965112.0
51019,2013,39299.0,2026249.0
51019,2014,40360.0,2008692.0
51019,2015,41965.0,2055574.0
51019,2016,42441.0,2010594.0
51019,2017,44281.0,2007410.0
51019,2018,45779.0,2021989.0
51019,2019,47762.0,1970848.0
51019,2020,50394.0,1888891.0
51019,2021,53817.0,2039282.0
51019,2022,54784.0,1999962.0
51021,2010,27534.0,207431.0
51021,2011,29452.0,201244.0
51021,2012,30272.0,198020.0
51021,2013,30214.0,195989.0
51021,2014,30665.0,204594.0
51021,2015,31723.0,209382.0
51021,2016,32493.0,202705.0
51021,2017,34817.0,207147.0
51021,2018,35801.0,219213.0
51021,2019,37065.0,211954.0
51021,2020,39403.0,201561.0
51021,2021,42528.0,195848.0
51021,2022,43948.0,193796.0
51023,2010,39450.0,1132155.0
51023,2011,41419.0,1197614.0
51023,2012,42529.0,1183643.0
51023,2013,43138.0,1380694.0
51023,2014,44635.0,1432084.0
51023,2015,46106.0,1401900.0
51023,2016,46861.0,1344008.0
51023,2017,47687.0,1211425.0
51023,2018,49498.0,1258822.0
51023,2019,51240.0,1288173.0
51023,2020,55062.0,1256247.0
51023,2021,58346.0,1350515.0
51023,2022,59862.0,1366704.0
51025,2010,26463.0,396088.0
51025,2011,27150.0,362221.0
51025,2012,27682.0,373188.0
51025,2013,27843.0,362225.0
51025,2014,28707.0,347111.0
51025,2015,29710.0,330558.0
51025,2016,30692.0,699437.0
51025,2017,31335.0,834403.0
51025,2018,31787.0,793619.0
51025,2019,33379.0,819800.0
51025,2020,36716.0,876467.0
51025,2021,40344.0,815307.0
51025,2022,42244.0,817994.0
51027,2010,29886.0,1328778.0
51027,2011,31888.0,1293274.0
51027,2012,32169.0,1140068.0
51027,2013,31335.0,1084577.0
51027,2014,31790.0,1001032.0
51027,2015,31232.0,950423.0
51027,2016,30994.0,890966.0
51027,2017,33401.0,938410.0
51027,2018,34970.0,971171.0
51027,2019,36970.0,1011411.0
51027,2020,39666.0,927636.0
51027,2021,43420.0,1011414.0
51027,2022,45961.0,1137003.0
51029,2010,23801.0,322432.0
51029,2011,24594.0,514153.0
51029,2012,25263.0,660460.0
51029,2013,25314.0,586162.0
51029,2014,26421.0,526198.0
51029,2015,27360.0,530812.0
51029,2016,27698.0,535290.0
51029,2017,28867.0,503385.0
51029,2018,29712.0,525472.0
51029,2019,31180.0,520517.0
51029,2020,33787.0,546925.0
51029,2021,37715.0,490465.0
51029,2022,39790.0,498843.0
51033,2010,33736.0,621873.0
51033,2011,34703.0,590970.0
51033,2012,36109.0,684419.0
51033,2013,36750.0,760359.0
51033,2014,37569.0,741278.0
51033,2015,41767.0,739852.0
51033,2016,39605.0,760637.0
51033,2017,41157.0,748746.0
51033,2018,41790.0,744805.0
51033,2019,43292.0,736504.0
51033,2020,46607.0,784450.0
51033,2021,50828.0,804007.0
51033,2022,51532.0,825141.0
51036,2010,32976.0,174717.0
51036,2011,35077.0,187943.0
51036,2012,37115.0,202394.0
51036,2013,38411.0,213901.0
51036,2014,39949.0,202464.0
51036,2015,41489.0,201390.0
51036,2016,42881.0,206676.0
51036,2017,44810.0,213539.0
51036,2018,45675.0,214909.0
51036,2019,49541.0,223342.0
51036,2020,54243.0,225670.0
51036,2021,59841.0,222518.0
51036,2022,58960.0,224823.0
51037,2010,26986.0,257455.0
51037,2011,27985.0,258353.0
51037,2012,28705.0,261506.0
51037,2013,29584.0,266081.0
51037,2014,30233.0,262614.0
51037,2015,32202.0,273908.0
51037,2016,33417.0,286219.0
51037,2017,34361.0,276509.0
51037,2018,35140.0,266306.0
51037,2019,36395.0,260298.0
51037,2020,39435.0,259608.0
51037,2021,44749.0,271526.0
51037,2022,46695.0,291313.0
51041,2010,42438.0,15118785.0
51041,2011,43883.0,15369007.0
51041,2012,45533.0,15674318.0
51041,2013,45576.0,16159059.0
51041,2014,46443.0,15551359.0
51041,2015,48524.0,15757394.0
51041,2016,49429.0,15707765.0
51041,2017,50879.0,15681862.0
51041,2018,52090.0,15989383.0
51041,2019,54274.0,16023932.0
51041,2020,58212.0,15898229.0
51041,2021,62396.0,16795636.0
51041,2022,62929.0,17360574.0
51043,2010,51440.0,563216.0
51043,2011,53254.0,582344.0
51043,2012,52881.0,499700.0
51043,2013,52957.0,489230.0
51043,2014,53743.0,458549.0
51043,2015,57061.0,453685.0
51043,2016,60489.0,470233.0
51043,2017,61770.0,477067.0
51043,2018,62873.0,470808.0
51043,2019,67254.0,464556.0
51043,2020,68703.0,431504.0
51043,2021,75699.0,461715.0
51043,2022,77039.0,452177.0
51045,2010,29576.0,90741.0
51045,2011,30739.0,90752.0
51045,2012,32763.0,92664.0
51045,2013,33513.0,97670.0
51045,2014,33959.0,100438.0
51045,2015,36050.0,96972.0
51045,2016,35256.0,98207.0
51045,2017,37468.0,97370.0
51045,2018,39017.0,101228.0
51045,2019,40243.0,100250.0
51045,2020,42679.0,98617.0
51045,2021,46919.0,110008.0
51045,2022,47694.0,102582.0
51047,2010,36874.0,1591571.0
51047,2011,38964.0,1668455.0
51047,2012,40383.0,1737931.0
51047,2013,39805.0,1780378.0
51047,2014,40473.0,1777848.0
51047,2015,42138.0,1776638.0
51047,2016,43743.0,1789974.0
51047,2017,44879.0,1739155.0
51047,2018,46520.0,1826013.0
51047,2019,48844.0,1850965.0
51047,2020,51631.0,1830302.0
51047,2021,54590.0,1932297.0
51047,2022,56882.0,1976326.0
51049,2010,27739.0,159704.0
51049,2011,28863.0,147135.0
51049,2012,30641.0,144981.0
51049,2013,31243.0,142592.0
51049,2014,32828.0,150400.0
51049,2015,34320.0,151120.0
51049,2016,35131.0,153146.0
51049,2017,36741.0,157836.0
51049,2018,37294.0,147564.0
51049,2019,38312.0,144707.0
51049,2020,40781.0,129568.0
51049,2021,45411.0,154248.0
51049,2022,47153.0,179583.0
51051,2010,28396.0,405253.0
51051,2011,28624.0,390100.0
51051,2012,28062.0,474628.0
51051,2013,28204.0,480598.0
51051,2014,28604.0,457508.0
51051,2015,29123.0,468561.0
51051,2016,29001.0,426299.0
51051,2017,30044.0,422182.0
51051,2018,31558.0,432140.0
51051,2019,33567.0,465083.0
51051,2020,37165.0,498241.0
51051,2021,40635.0,569027.0
51051,2022,42298.0,628526.0
51057,2010,33170.0,347100.0
51057,2011,34499.0,359455.0
51057,2012,35625.0,372654.0
51057,2013,36076.0,378013.0
51057,2014,36865.0,377471.0
51057,2015,37806.0,365564.0
51057,2016,38812.0,374667.0
51057,2017,40947.0,358712.0
51057,2018,42143.0,361568.0
51057,2019,43791.0,371065.0
51057,2020,47871.0,356757.0
51057,2021,51792.0,360123.0
51057,2022,53040.0,354380.0
51061,2010,55911.0,2961353.0
51061,2011,58832.0,2956251.0
51061,2012,60953.0,2663469.0
51061,2013,58680.0,2631234.0
51061,2014,59046.0,2656783.0
51061,2015,62068.0,2721576.0
51061,2016,63392.0,2747525.0
51061,2017,66005.0,2737582.0
51061,2018,67724.0,2887265.0
51061,2019,70748.0,2816993.0
51061,2020,73040.0,2828430.0
51061,2021,79746.0,2970116.0
51061,2022,81846.0,3006503.0
51063,2010,29795.0,341593.0
51063,2011,30938.0,348285.0
51063,2012,32181.0,316669.0
51063,2013,31963.0,319730.0
51063,2014,33404.0,323561.0
51063,2015,34799.0,333413.0
51063,2016,35565.0,350153.0
51063,2017,36863.0,362248.0
51063,2018,38771.0,386115.0
51063,2019,39787.0,368725.0
51063,2020,43041.0,377463.0
51063,2021,48251.0,387956.0
51063,2022,49173.0,394449.0
51065,2010,34703.0,887687.0
51065,2011,36057.0,980406.0
51065,2012,36913.0,969613.0
51065,2013,37772.0,895920.0
51065,2014,38697.0,809847.0
51065,2015,40455.0,864544.0
51065,2016,41242.0,854733.0
51065,2017,43025.0,915320.0
51065,2018,44693.0,889369.0
51065,2019,46234.0,909598.0
51065,2020,48369.0,806474.0
51065,2021,52617.0,823385.0
51065,2022,53579.0,887409.0
51067,2010,31330.0,1310386.0
51067,2011,33198.0,1302710.0
51067,2012,34517.0,1441690.0
51067,2013,34439.0,1469760.0
51067,2014,35929.0,1510191.0
51067,2015,37681.0,1499870.0
51067,2016,38623.0,1524842.0
51067,2017,39699.0,1502715.0
51067,2018,41113.0,1537396.0
51067,2019,43474.0,1521551.0
51067,2020,46444.0,1521069.0
51067,2021,50986.0,1609125.0
51067,2022,52622.0,1604855.0
51071,2010,31351.0,678690.0
51071,2011,32356.0,676790.0
51071,2012,33348.0,603718.0
51071,2013,33681.0,551500.0
51071,2014,35162.0,510632.0
51071,2015,35834.0,501392.0
51071,2016,36116.0,492979.0
51071,2017,37374.0,503568.0
51071,2018,38690.0,526130.0
51071,2019,40121.0,503637.0
51071,2020,43462.0,522776.0
51071,2021,48264.0,630726.0
51071,2022,49698.0,587213.0
51073,2010,40298.0,1022120.0
51073,2011,41929.0,1028089.0
51073,2012,42284.0,866556.0
51073,2013,41561.0,875064.0
51073,2014,42333.0,859623.0
51073,2015,43893.0,836931.0
51073,2016,45462.0,862058.0
51073,2017,46652.0,863750.0
51073,2018,47051.0,881088.0
51073,2019,48868.0,889420.0
51073,2020,52363.0,897990.0
51073,2021,56578.0,926503.0
51073,2022,57358.0,945869.0
51075,2010,67996.0,1651877.0
51075,2011,75907.0,1711667.0
51075,2012,81856.0,1804544.0
51075,2013,77620.0,1956538.0
51075,2014,80200.0,2172436.0
51075,2015,88204.0,2341765.0
51075,2016,88189.0,2378419.0
51075,2017,94499.0,2581683.0
51075,2018,96915.0,2533108.0
51075,2019,100439.0,2776654.0
51075,2020,99465.0,2969775.0
51075,2021,111400.0,3210285.0
51075,2022,118638.0,3070723.0
51077,2010,26714.0,249651.0
51077,2011,27369.0,255572.0
51077,2012,27732.0,250232.0
51077,2013,27446.0,247537.0
51077,2014,27418.0,262650.0
51077,2015,28286.0,267650.0
51077,2016,29306.0,278284.0
51077,2017,30331.0,268839.0
51077,2018,31346.0,273692.0
51077,2019,31858.0,267281.0
51077,2020,35023.0,272036.0
51077,2021,38300.0,264793.0
51077,2022,39385.0,267770.0
51079,2010,34068.0,398774.0
51079,2011,35263.0,422848.0
51079,2012,36374.0,420748.0
51079,2013,36470.0,423241.0
51079,2014,37598.0,415595.0
51079,2015,39487.0,433359.0
51079,2016,40598.0,442911.0
51079,2017,41780.0,441028.0
51079,2018,43913.0,436568.0
51079,2019,44451.0,445893.0
51079,2020,46658.0,427888.0
51079,2021,50460.0,464257.0
51079,2022,52456.0,472881.0
51083,2010,28894.0,1649509.0
51083,2011,29151.0,1556810.0
51083,2012,30048.0,1414202.0
51083,2013,30092.0,1472954.0
51083,2014,31208.0,1431873.0
51083,2015,31956.0,1420971.0
51083,2016,32987.0,1432771.0
51083,2017,34115.0,1323069.0
51083,2018,35013.0,1285255.0
51083,2019,36430.0,1199374.0
51083,2020,39611.0,1131619.0
51083,2021,43604.0,1133826.0
51083,2022,45294.0,1166653.0
51085,2010,44728.0,4893184.0
51085,2011,46989.0,4905950.0
51085,2012,48430.0,4960787.0
51085,2013,48620.0,5046235.0
51085,2014,51336.0,5290560.0
51085,2015,54098.0,5587920.0
51085,2016,55804.0,5761721.0
51085,2017,57178.0,5697215.0
51085,2018,58474.0,5803584.0
51085,2019,60972.0,6013273.0
51085,2020,64969.0,5914095.0
51085,2021,69642.0,6242205.0
51085,2022,72798.0,6589348.0
51087,2010,46551.0,21806682.0
51087,2011,49724.0,23138909.0
51087,2012,52240.0,23805628.0
51087,2013,52640.0,24808333.0
51087,2014,55556.0,25527643.0
51087,2015,57876.0,26871266.0
51087,2016,59605.0,27701258.0
51087,2017,62278.0,28589182.0
51087,2018,64059.0,29602160.0
51087,2019,67511.0,30618861.0
51087,2020,69415.0,29224079.0
51087,2021,74828.0,31143696.0
51087,2022,73857.0,31163682.0
51091,2010,32817.0,60748.0
51091,2011,36243.0,68254.0
51091,2012,37090.0,70430.0
51091,2013,36600.0,70966.0
51091,2014,38919.0,75555.0
51091,2015,39766.0,75167.0
51091,2016,39259.0,69502.0
51091,2017,41484.0,71587.0
51091,2018,41672.0,69176.0
51091,2019,43095.0,69595.0
51091,2020,44463.0,61315.0
51091,2021,51280.0,69184.0
51091,2022,52434.0,78582.0
51093,2010,45373.0,1967955.0
51093,2011,46867.0,1799308.0
51093,2012,48074.0,1797185.0
51093,2013,48096.0,1903913.0
51093,2014,48069.0,1706437.0
51093,2015,49613.0,1715799.0
51093,2016,51120.0,1650016.0
51093,2017,51929.0,1566681.0
51093,2018,52639.0,1515680.0
51093,2019,55265.0,1381740.0
51093,2020,58242.0,1323294.0
51093,2021,62673.0,1321262.0
51093,2022,64169.0,1365771.0
51097,2010,33624.0,154329.0
51097,2011,35028.0,162221.0
51097,2012,34914.0,153650.0
51097,2013,36121.0,151756.0
51097,2014,36787.0,138748.0
51097,2015,38680.0,137291.0
51097,2016,40470.0,143194.0
51097,2017,42684.0,139563.0
51097,2018,44205.0,139826.0
51097,2019,46824.0,140938.0
51097,2020,51129.0,147097.0
51097,2021,54988.0,155291.0
51097,2022,56061.0,145661.0
51099,2010,45655.0,1637501.0
51099,2011,46113.0,1622400.0
51099,2012,47454.0,1598207.0
51099,2013,47727.0,1674781.0
51099,2014,48256.0,1729500.0
51099,2015,51667.0,1768587.0
51099,2016,51124.0,1829855.0
51099,2017,52214.0,1868168.0
51099,2018,52897.0,1906362.0
51099,2019,55525.0,1953598.0
51099,2020,58959.0,2031038.0
51099,2021,63146.0,2172658.0
51099,2022,62783.0,2159040.0
51101,2010,36237.0,489602.0
51101,2011,37013.0,463169.0
51101,2012,39204.0,496316.0
51101,2013,39401.0,473774.0
51101,2014,38273.0,475909.0
51101,2015,40729.0,495907.0
51101,2016,43294.0,510206.0
51101,2017,44834.0,510929.0
51101,2018,45385.0,514377.0
51101,2019,47213.0,535175.0
51101,2020,50003.0,516227.0
51101,2021,53849.0,535964.0
51101,2022,54865.0,528806.0
51103,2010,43528.0,454086.0
51103,2011,45189.0,443008.0
51103,2012,47417.0,438376.0
51103,2013,46961.0,437470.0
51103,2014,47986.0,430334.0
51103,2015,50285.0,422594.0
51103,2016,52217.0,437223.0
51103,2017,55411.0,432873.0
51103,2018,55894.0,436020.0
51103,2019,62720.0,482975.0
51103,2020,65644.0,480112.0
51103,2021,71224.0,490145.0
51103,2022,76974.0,490604.0
51105,2010,25848.0,531703.0
51105,2011,26906.0,520686.0
51105,2012,26597.0,481957.0
51105,2013,26405.0,459069.0
51105,2014,26626.0,428225.0
51105,2015,27260.0,419908.0
51105,2016,27923.0,425351.0
51105,2017,28721.0,388534.0
51105,2018,29875.0,389750.0
51105,2019,31321.0,381457.0
51105,2020,34908.0,396070.0
51105,2021,38081.0,387531.0
51105,2022,39652.0,396415.0
51107,2010,63772.0,19928704.0
51107,2011,66784.0,20273472.0
51107,2012,69134.0,21154241.0
51107,2013,67610.0,22197546.0
51107,2014,68718.0,22845662.0
51107,2015,71082.0,23989404.0
51107,2016,73874.0,25206693.0
51107,2017,75651.0,26813789.0
51107,2018,78631.0,28280364.0
51107,2019,81997.0,29525992.0
51107,2020,85192.0,28754801.0
51107,2021,92268.0,31764885.0
51107,2022,96039.0,33320670.0
51109,2010,35129.0,2146469.0
51109,2011,35333.0,2151660.0
51109,2012,36326.0,2417503.0
51109,2013,36290.0,2284204.0
51109,2014,37860.0,2264444.0
51109,2015,39659.0,2331766.0
51109,2016,39932.0,2151587.0
51109,2017,42046.0,2212625.0
51109,2018,43416.0,2215513.0
51109,2019,44219.0,2198089.0
51109,2020,46684.0,2159402.0
51109,2021,50798.0,2278986.0
51109,2022,51411.0,2323484.0
51111,2010,25559.0,257992.0
51111,2011,26738.0,250619.0
51111,2012,27380.0,243744.0
51111,2013,27496.0,235891.0
51111,2014,28913.0,233793.0
51111,2015,29640.0,236619.0
51111,2016,30817.0,240346.0
51111,2017,31673.0,234850.0
51111,2018,32439.0,234697.0
51111,2019,33123.0,237777.0
51111,2020,36443.0,236751.0
51111,2021,39597.0,271003.0
51111,2022,39328.0,239040.0
51113,2010,33640.0,358573.0
51113,2011,36629.0,351879.0
51113,2012,40023.0,387042.0
51113,2013,40877.0,399320.0
51113,2014,42709.0,421936.0
51113,2015,43439.0,417031.0
51113,2016,45029.0,411230.0
51113,2017,44302.0,346389.0
51113,2018,44685.0,345656.0
51113,2019,47693.0,339604.0
51113,2020,51066.0,345803.0
51113,2021,55880.0,354375.0
51113,2022,57118.0,349632.0
51115,2010,44726.0,252037.0
51115,2011,47430.0,254150.0
51115,2012,47519.0,189718.0
51115,2013,46650.0,186646.0
51115,2014,48946.0,188586.0
51115,2015,50742.0,184818.0
51115,2016,52125.0,190170.0
51115,2017,54226.0,176379.0
51115,2018,55441.0,187095.0
51115,2019,58865.0,192091.0
51115,2020,61747.0,192738.0
51115,2021,66033.0,192079.0
51115,2022,68291.0,188645.0
51117,2010,28736.0,1090229.0
51117,2011,29686.0,1046823.0
51117,2012,31337.0,1013940.0
51117,2013,31566.0,975590.0
51117,2014,32268.0,998045.0
51117,2015,33360.0,1018714.0
51117,2016,34039.0,1012829.0
51117,2017,35329.0,989023.0
51117,2018,36269.0,999871.0
51117,2019,37758.0,1019250.0
51117,2020,41494.0,1083387.0
51117,2021,46473.0,1110937.0
51117,2022,46675.0,1139961.0
51119,2010,38521.0,367748.0
51119,2011,40241.0,365883.0
51119,2012,41876.0,355982.0
51119,2013,40817.0,353898.0
51119,2014,41698.0,344356.0
51119,2015,44150.0,342238.0
51119,2016,45277.0,354920.0
51119,2017,48438.0,382854.0
51119,2018,49513.0,378703.0
51119,2019,54632.0,371698.0
51119,2020,57281.0,360527.0
51119,2021,60932.0,368806.0
51119,2022,62216.0,372143.0
51125,2010,36579.0,400647.0
51125,2011,38656.0,420376.0
51125,2012,41615.0,488300.0
51125,2013,42700.0,524889.0
51125,2014,43075.0,528709.0
51125,2015,45240.0,505777.0
51125,2016,46657.0,485534.0
51125,2017,48222.0,491384.0
51125,2018,49547.0,508702.0
51125,2019,53191.0,501209.0
51125,2020,57691.0,496810.0
51125,2021,63126.0,550814.0
51125,2022,63841.0,537643.0
51127,2010,54604.0,374055.0
51127,2011,57918.0,376196.0
51127,2012,61117.0,435016.0
51127,2013,63360.0,442895.0
51127,2014,65724.0,450576.0
51127,2015,68271.0,466957.0
51127,2016,66391.0,493423.0
51127,2017,70079.0,498917.0
51127,2018,74604.0,522229.0
51127,2019,81720.0,574347.0
51127,2020,85751.0,614093.0
51127,2021,96838.0,650049.0
51127,2022,115233.0,624876.0
51131,2010,35030.0,554762.0
51131,2011,36628.0,513595.0
51131,2012,38912.0,511559.0
51131,2013,38944.0,483865.0
51131,2014,39282.0,453056.0
51131,2015,41340.0,482655.0
51131,2016,44748.0,491299.0
51131,2017,48773.0,463951.0
51131,2018,51036.0,472940.0
51131,2019,53878.0,484556.0
51131,2020,59152.0,498938.0
51131,2021,68158.0,444476.0
51131,2022,66139.0,425684.0
51133,2010,36530.0,429267.0
51133,2011,39148.0,439903.0
51133,2012,41659.0,430773.0
51133,2013,41578.0,460445.0
51133,2014,43971.0,437483.0
51133,2015,45257.0,423203.0
51133,2016,47749.0,406961.0
51133,2017,49511.0,394932.0
51133,2018,51030.0,419773.0
51133,2019,53674.0,394879.0
51133,2020,57032.0,377383.0
51133,2021,60620.0,362733.0
51133,2022,61493.0,357410.0
51135,2010,28793.0,474886.0
51135,2011,29217.0,482334.0
51135,2012,28913.0,466841.0
51135,2013,28407.0,477678.0
51135,2014,29732.0,474167.0
51135,2015,30897.0,494359.0
51135,2016,31415.0,493592.0
51135,2017,32252.0,506789.0
51135,2018,32722.0,513849.0
51135,2019,34365.0,528420.0
51135,2020,37031.0,487517.0
51135,2021,42936.0,511281.0
51135,2022,45144.0,553000.0
51137,2010,37717.0,944218.0
51137,2011,39297.0,927729.0
51137,2012,42304.0,1001924.0
51137,2013,42626.0,1040633.0
51137,2014,43686.0,1013714.0
51137,2015,45601.0,1019975.0
51137,2016,47219.0,1092545.0
51137,2017,48880.0,1140428.0
51137,2018,50107.0,1192570.0
51137,2019,52448.0,1171177.0
51137,2020,55626.0,1128721.0
51137,2021,59249.0,1131679.0
51137,2022,59889.0,1096041.0
51139,2010,30695.0,636824.0
51139,2011,31817.0,601643.0
51139,2012,31833.0,526830.0
51139,2013,31830.0,539086.0
51139,2014,33182.0,564676.0
51139,2015,35088.0,617831.0
51139,2016,35824.0,600100.0
51139,2017,36618.0,585930.0
51139,2018,37664.0,600988.0
51139,2019,39321.0,602041.0
51139,2020,41969.0,536929.0
51139,2021,46691.0,622707.0
51139,2022,49053.0,679862.0
51141,2010,26522.0,456564.0
51141,2011,27425.0,459516.0
51141,2012,27955.0,432105.0
51141,2013,27727.0,422622.0
51141,2014,28949.0,409718.0
51141,2015,30163.0,419958.0
51141,2016,30618.0,408578.0
51141,2017,31877.0,413502.0
51141,2018,32591.0,397257.0
51141,2019,33416.0,397362.0
51141,2020,36345.0,372169.0
51141,2021,39270.0,381322.0
51141,2022,40750.0,390484.0
51145,2010,39665.0,671746.0
51145,2011,41206.0,680197.0
51145,2012,43713.0,723325.0
51145,2013,44046.0,738883.0
51145,2014,46082.0,763548.0
51145,2015,49831.0,757630.0
51145,2016,52030.0,787794.0
51145,2017,54196.0,778179.0
51145,2018,56072.0,776904.0
51145,2019,60274.0,817467.0
51145,2020,62144.0,813456.0
51145,2021,65043.0,838488.0
51145,2022,68246.0,869048.0
51147,2010,24061.0,687956.0
51147,2011,25832.0,666611.0
51147,2012,26055.0,684405.0
51147,2013,26430.0,673021.0
51147,2014,27113.0,667584.0
51147,2015,28093.0,682226.0
51147,2016,29284.0,708097.0
51147,2017,31176.0,716091.0
51147,2018,31601.0,721188.0
51147,2019,33232.0,737827.0
51147,2020,35824.0,705552.0
51147,2021,39336.0,733642.0
51147,2022,40153.0,750540.0
51155,2010,30650.0,1067337.0
51155,2011,32119.0,1170763.0
51155,2012,33400.0,1119207.0
51155,2013,33426.0,1154172.0
51155,2014,34883.0,1170241.0
51155,2015,36199.0,1209080.0
51155,2016,36455.0,1151131.0
51155,2017,37492.0,1180601.0
51155,2018,39342.0,1323405.0
51155,2019,39473.0,1385423.0
51155,2020,43134.0,1277640.0
51155,2021,46585.0,1442934.0
51155,2022,48493.0,1560313.0
51157,2010,48613.0,226488.0
51157,2011,51717.0,237211.0
51157,2012,54101.0,252669.0
51157,2013,53656.0,267616.0
51157,2014,54386.0,271136.0
51157,2015,55261.0,291872.0
51157,2016,57451.0,302683.0
51157,2017,59856.0,311103.0
51157,2018,64180.0,283595.0
51157,2019,67634.0,284968.0
51157,2020,69947.0,278421.0
51157,2021,77182.0,302965.0
51157,2022,83989.0,303242.0
51159,2010,26674.0,268591.0
51159,2011,27963.0,270591.0
51159,2012,29684.0,265769.0
51159,2013,30173.0,264180.0
51159,2014,31592.0,262765.0
51159,2015,33194.0,259308.0
51159,2016,34811.0,265605.0
51159,2017,35769.0,260340.0
51159,2018,37297.0,276759.0
51159,2019,37406.0,272078.0
51159,2020,41542.0,286199.0
51159,2021,43611.0,289680.0
51159,2022,43096.0,283840.0
51167,2010,28903.0,823645.0
51167,2011,29899.0,798197.0
51167,2012,29998.0,754716.0
51167,2013,28985.0,735267.0
51167,2014,29663.0,693510.0
51167,2015,30420.0,688339.0
51167,2016,30972.0,676722.0
51167,2017,31790.0,636569.0
51167,2018,33356.0,694704.0
51167,2019,34313.0,684676.0
51167,2020,37097.0,684037.0
51167,2021,39917.0,661361.0
51167,2022,41678.0,671468.0
51169,2010,26786.0,482601.0
51169,2011,28601.0,484843.0
51169,2012,28496.0,430335.0
51169,2013,28325.0,450956.0
51169,2014,29237.0,444343.0
51169,2015,30044.0,441912.0
51169,2016,30617.0,423210.0
51169,2017,31060.0,393971.0
51169,2018,32671.0,423906.0
51169,2019,33547.0,424206.0
51169,2020,35975.0,409822.0
51169,2021,39461.0,413329.0
51169,2022,41603.0,428056.0
51171,2010,33428.0,1650321.0
51171,2011,34988.0,1710109.0
51171,2012,35928.0,1746811.0
51171,2013,36240.0,1733436.0
51171,2014,38197.0,1688088.0
51171,2015,40050.0,1652635.0
51171,2016,40622.0,1551929.0
51171,2017,41639.0,1563551.0
51171,2018,43634.0,1679087.0
51171,2019,46105.0,1771068.0
51171,2020,49328.0,1685960.0
51171,2021,54851.0,1760734.0
51171,2022,55528.0,1770776.0
51173,2010,28191.0,1013233.0
51173,2011,29669.0,1117066.0
51173,2012,30540.0,1102213.0
51173,2013,31069.0,1110882.0
51173,2014,32628.0,1112017.0
51173,2015,33570.0,1094977.0
51173,2016,34398.0,1059099.0
51173,2017,35011.0,1003317.0
51173,2018,35941.0,1028903.0
51173,2019,37224.0,1036343.0
51173,2020,40229.0,980070.0
51173,2021,44324.0,1038509.0
51173,2022,45285.0,1039319.0
51179,2010,47300.0,4688511.0
51179,2011,48672.0,4874184.0
51179,2012,49483.0,5028606.0
51179,2013,48749.0,5127749.0
51179,2014,49148.0,5271881.0
51179,2015,50597.0,5243220.0
51179,2016,51519.0,5373544.0
51179,2017,52853.0,5427334.0
51179,2018,54232.0,5651406.0
51179,2019,55816.0,5758951.0
51179,2020,58900.0,6031384.0
51179,2021,62859.0,6436979.0
51179,2022,63818.0,6498922.0
51181,2010,33081.0,1380438.0
51181,2011,34357.0,1458152.0
51181,2012,34992.0,1433992.0
51181,2013,35190.0,1340124.0
51181,2014,36746.0,1261882.0
51181,2015,39902.0,1109899.0
51181,2016,39089.0,1222375.0
51181,2017,41572.0,1207768.0
51181,2018,42862.0,1090150.0
51181,2019,42683.0,1152764.0
51181,2020,46348.0,1133713.0
51181,2021,52708.0,1096523.0
51181,2022,53368.0,1259572.0
51183,2010,26179.0,341651.0
51183,2011,26545.0,366010.0
51183,2012,27023.0,378216.0
51183,2013,27312.0,379920.0
51183,2014,27201.0,363257.0
51183,2015,27947.0,346827.0
51183,2016,28182.0,330574.0
51183,2017,29415.0,328656.0
51183,2018,30429.0,320844.0
51183,2019,31930.0,345458.0
51183,2020,34586.0,338627.0
51183,2021,37938.0,361324.0
51183,2022,38155.0,332177.0
51185,2010,31160.0,1500354.0
51185,2011,32821.0,1436805.0
51185,2012,33662.0,1419301.0
51185,2013,32876.0,1400940.0
51185,2014,33412.0,1362207.0
51185,2015,33547.0,1321878.0
51185,2016,32868.0,1217037.0
51185,2017,35647.0,1191744.0
51185,2018,36674.0,1232645.0
51185,2019,37621.0,1188220.0
51185,2020,40320.0,1143240.0
51185,2021,43257.0,1126991.0
51185,2022,45644.0,1237788.0
51187,2010,38132.0,1399232.0
51187,2011,40373.0,1393491.0
51187,2012,39779.0,1190150.0
51187,2013,39032.0,1279280.0
51187,2014,38414.0,1277625.0
51187,2015,41365.0,1650800.0
51187,2016,43101.0,1757918.0
51187,2017,43729.0,1758686.0
51187,2018,44997.0,1711286.0
51187,2019,47240.0,1807682.0
51187,2020,50408.0,1764273.0
51187,2021,55175.0,1736106.0
51187,2022,55957.0,1838113.0
51193,2010,33677.0,392309.0
51193,2011,35023.0,416550.0
51193,2012,36116.0,407788.0
51193,2013,35999.0,413348.0
51193,2014,37333.0,403395.0
51193,2015,38262.0,430710.0
51193,2016,39778.0,468107.0
51193,2017,41167.0,450849.0
51193,2018,42248.0,470565.0
51193,2019,44413.0,474471.0
51193,2020,47635.0,483987.0
51193,2021,50354.0,458726.0
51193,2022,50727.0,446240.0
51197,2010,28510.0,1046277.0
51197,2011,29146.0,1192675.0
51197,2012,29847.0,1246002.0
51197,2013,29061.0,1417598.0
51197,2014,30848.0,1447887.0
51197,2015,32034.0,1551522.0
51197,2016,32412.0,1594116.0
51197,2017,33629.0,1716648.0
51197,2018,34603.0,1606252.0
51197,2019,36142.0,1448093.0
51197,2020,39551.0,1419662.0
51197,2021,43481.0,1468448.0
51197,2022,44919.0,1518094.0
51510,2010,75738.0,15810312.0
51510,2011,78165.0,15349549.0
51510,2012,80505.0,15464481.0
51510,2013,76051.0,14864400.0
51510,2014,78690.0,14833106.0
51510,2015,80148.0,14849118.0
51510,2016,80787.0,14805375.0
51510,2017,82214.0,15081071.0
51510,2018,86394.0,15230199.0
51510,2019,87786.0,14970109.0
51510,2020,91521.0,14483075.0
51510,2021,104279.0,14874002.0
51510,2022,108556.0,14914516.0
51550,2010,42228.0,9948801.0
51550,2011,43468.0,9804748.0
51550,2012,44030.0,9470879.0
51550,2013,43659.0,9645439.0
51550,2014,44773.0,9617838.0
51550,2015,46267.0,9830198.0
51550,2016,47357.0,9907092.0
51550,2017,48149.0,10081767.0
51550,2018,48247.0,10335901.0
51550,2019,49447.0,10504093.0
51550,2020,53239.0,10699899.0
51550,2021,57484.0,11101457.0
51550,2022,58710.0,11185105.0
51650,2010,35747.0,7069650.0
51650,2011,36703.0,6896431.0
51650,2012,36893.0,6700282.0
51650,2013,36816.0,6672107.0
51650,2014,37645.0,6631104.0
51650,2015,38942.0,6520689.0
51650,2016,39348.0,6582887.0
51650,2017,40234.0,6665700.0
51650,2018,40548.0,6580513.0
51650,2019,41586.0,6649572.0
51650,2020,45493.0,6627258.0
51650,2021,48796.0,6715254.0
51650,2022,48962.0,6679422.0
51700,2010,34717.0,11333437.0
51700,2011,36450.0,11696341.0
51700,2012,36981.0,11880417.0
51700,2013,36567.0,12460706.0
51700,2014,36909.0,12045177.0
51700,2015,38025.0,12497154.0
51700,2016,38148.0,12384355.0
51700,2017,38755.0,12322800.0
51700,2018,38802.0,13128148.0
51700,2019,39864.0,13817285.0
51700,2020,43671.0,13610683.0
51700,2021,47194.0,14478434.0
51700,2022,47815.0,15000181.0
51710,2010,34346.0,22177484.0
51710,2011,35011.0,21710528.0
51710,2012,35796.0,21315458.0
51710,2013,35100.0,21219723.0
51710,2014,36130.0,21305373.0
51710,2015,37002.0,21701017.0
51710,2016,37921.0,22296556.0
51710,2017,38910.0,21628031.0
51710,2018,38323.0,19931986.0
51710,2019,39716.0,19212302.0
51710,2020,42170.0,18951203.0
51710,2021,47212.0,19976469.0
51710,2022,47988.0,20634709.0
51740,2010,34542.0,5579778.0
51740,2011,35706.0,5700653.0
51740,2012,35014.0,5646815.0
51740,2013,34771.0,5737927.0
51740,2014,35153.0,5701916.0
51740,2015,35918.0,5770776.0
51740,2016,36054.0,5769612.0
51740,2017,37725.0,5886680.0
51740,2018,38055.0,5807692.0
51740,2019,39814.0,6123562.0
51740,2020,43444.0,6061997.0
51740,2021,46020.0,6177693.0
51740,2022,46238.0,6151033.0
51760,2010,42179.0,19506976.0
51760,2011,45071.0,19559535.0
51760,2012,48177.0,19894324.0
51760,2013,45344.0,20283189.0
51760,2014,47137.0,20841278.0
51760,2015,49422.0,21728309.0
51760,2016,49985.0,22135671.0
51760,2017,52392.0,22575624.0
51760,2018,53096.0,23130169.0
51760,2019,56689.0,23566334.0
51760,2020,62644.0,23788834.0
51760,2021,69384.0,24818600.0
51760,2022,72510.0,26107823.0
51770,2010,35342.0,6496328.0
51770,2011,36593.0,6499197.0
51770,2012,38274.0,6542499.0
51770,2013,37056.0,6696052.0
51770,2014,37697.0,6778290.0
51770,2015,39296.0,6968296.0
51770,2016,38905.0,7102390.0
51770,2017,39717.0,7098974.0
51770,2018,41224.0,7125071.0
51770,2019,41768.0,7085012.0
51770,2020,45852.0,7039873.0
51770,2021,50265.0,7514489.0
51770,2022,52651.0,7560859.0
51800,2010,42363.0,3944997.0
51800,2011,43782.0,4021501.0
51800,2012,45638.0,4188011.0
51800,2013,44616.0,4107784.0
51800,2014,45533.0,3821246.0
51800,2015,47313.0,3772747.0
51800,2016,48639.0,3750407.0
51800,2017,49457.0,3671560.0
51800,2018,49883.0,3734372.0
51800,2019,51562.0,3877721.0
51800,2020,54799.0,4084569.0
51800,2021,59750.0,4268593.0
51800,2022,61380.0,4295576.0
51810,2010,44787.0,20351411.0
51810,2011,46423.0,20464090.0
51810,2012,48175.0,20543089.0
51810,2013,47293.0,20745298.0
51810,2014,49258.0,20882389.0
51810,2015,51283.0,21234532.0
51810,2016,52698.0,21679488.0
51810,2017,54531.0,22325354.0
51810,2018,54559.0,21818147.0
51810,2019,56316.0,22297716.0
51810,2020,59477.0,22056288.0
51810,2021,64853.0,23140950.0
51810,2022,67721.0,23422354.0
51901,2010,50558.0,10076344.0
51901,2011,52715.0,10027057.0
51901,2012,56783.0,10105155.0
51901,2013,55241.0,10197168.0
51901,2014,57753.0,10422769.0
51901,2015,60637.0,10734159.0
51901,2016,63647.0,10929531.0
51901,2017,68773.0,11560398.0
51901,2018,72446.0,11844942.0
51901,2019,75651.0,11860917.0
51901,2020,75950.0,11480554.0
51901,2021,88988.0,12541972.0
51901,2022,95588.0,13044583.0
51903,2010,31690.0,888751.0
51903,2011,32470.0,899886.0
51903,2012,34430.0,1024958.0
51903,2013,32371.0,951882.0
51903,2014,33613.0,903827.0
51903,2015,35152.0,954052.0
51903,2016,35630.0,974692.0
51903,2017,36536.0,856831.0
51903,2018,37843.0,881760.0
51903,2019,38886.0,893883.0
51903,2020,41881.0,825838.0
51903,2021,45177.0,872084.0
51903,2022,46336.0,863365.0
51907,2010,35775.0,5291699.0
51907,2011,36321.0,5129236.0
51907,2012,36805.0,4924360.0
51907,2013,37102.0,5111112.0
51907,2014,38417.0,5083461.0
51907,2015,39481.0,5090373.0
51907,2016,40156.0,5069347.0
51907,2017,41414.0,5064115.0
51907,2018,42577.0,5135189.0
51907,2019,44722.0,5142428.0
51907,2020,48112.0,4943911.0
51907,2021,51726.0,5183588.0
51907,2022,53712.0,5371275.0
51911,2010,31798.0,7346365.0
51911,2011,32913.0,7195247.0
51911,2012,33761.0,6935759.0
51911,2013,33260.0,6879981.0
51911,2014,34520.0,6873973.0
51911,2015,34840.0,6852521.0
51911,2016,34840.0,6837016.0
51911,2017,35674.0,6946511.0
51911,2018,36987.0,7365271.0
51911,2019,38047.0,7392878.0
51911,2020,41622.0,7119154.0
51911,2021,45118.0,7344084.0
51911,2022,46141.0,7314801.0
51913,2010,28109.0,967786.0
51913,2011,28925.0,962694.0
51913,2012,29448.0,965925.0
51913,2013,29153.0,948751.0
51913,2014,30969.0,972753.0
51913,2015,32220.0,1010992.0
51913,2016,32805.0,1012051.0
51913,2017,34010.0,969032.0
51913,2018,35190.0,961547.0
51913,2019,36426.0,938498.0
51913,2020,40347.0,910381.0
51913,2021,43526.0,923134.0
51913,2022,45391.0,937381.0
51918,2010,33964.0,2962340.0
51918,2011,35541.0,2863791.0
51918,2012,35530.0,2711948.0
51918,2013,35283.0,2776717.0
51918,2014,35042.0,2727760.0
51918,2015,36110.0,2812160.0
51918,2016,35969.0,2763369.0
51918,2017,36904.0,2791652.0
51918,2018,37486.0,2833995.0
51918,2019,39026.0,2831657.0
51918,2020,43341.0,2784897.0
51918,2021,46245.0,2834511.0
51918,2022,47068.0,2967819.0
51919,2010,66243.0,102358252.0
51919,2011,70219.0,104106773.0
51919,2012,72152.0,107372818.0
51919,2013,69759.0,108458197.0
51919,2014,72445.0,108533102.0
51919,2015,75018.0,109923813.0
51919,2016,75908.0,111444480.0
51919,2017,77859.0,114188029.0
51919,2018,81954.0,119273660.0
51919,2019,85521.0,125628136.0
51919,2020,87943.0,125622450.0
51919,2021,97698.0,134207151.0
51919,2022,102447.0,139244840.0
51921,2010,38717.0,5751260.0
51921,2011,40540.0,5781898.0
51921,2012,42020.0,5769582.0
51921,2013,41636.0,6002079.0
51921,2014,42617.0,6013625.0
51921,2015,44764.0,6277453.0
51921,2016,46460.0,6385914.0
51921,2017,48078.0,6434285.0
51921,2018,49306.0,6566665.0
51921,2019,51937.0,6741034.0
51921,2020,54933.0,6853606.0
51921,2021,60442.0,7283872.0
51921,2022,61221.0,7259919.0
51923,2010,25086.0,804522.0
51923,2011,26349.0,783898.0
51923,2012,26352.0,802135.0
51923,2013,26561.0,892217.0
51923,2014,27320.0,875033.0
51923,2015,27738.0,840716.0
51923,2016,28613.0,781247.0
51923,2017,29723.0,798404.0
51923,2018,30155.0,849400.0
51923,2019,31397.0,1385434.0
51923,2020,35072.0,1397490.0
51923,2021,39144.0,1516639.0
51923,2022,40032.0,1602384.0
51929,2010,30328.0,2309707.0
51929,2011,31093.0,2184818.0
51929,2012,31915.0,2079948.0
51929,2013,31694.0,2042754.0
51929,2014,32983.0,2014307.0
51929,2015,34183.0,2068107.0
51929,2016,34969.0,2086797.0
51929,2017,35759.0,2088402.0
51929,2018,36906.0,2137635.0
51929,2019,38370.0,2199480.0
51929,2020,41885.0,2153625.0
51929,2021,45810.0,2236487.0
51929,2022,47021.0,2243859.0
51931,2010,51432.0,4642174.0
51931,2011,54111.0,4468355.0
51931,2012,55493.0,4416413.0
51931,2013,55401.0,4496602.0
51931,2014,56359.0,4374047.0
51931,2015,59107.0,4617822.0
51931,2016,60937.0,4792761.0
51931,2017,62182.0,5178966.0
51931,2018,61906.0,5245569.0
51931,2019,63896.0,5204171.0
51931,2020,67529.0,5244402.0
51931,2021,73815.0,5558140.0
51931,2022,75579.0,5886776.0
51933,2010,27647.0,4629377.0
51933,2011,28648.0,4740879.0
51933,2012,29641.0,4773365.0
51933,2013,29892.0,4869034.0
51933,2014,31444.0,4902704.0
51933,2015,32912.0,5095847.0
51933,2016,33607.0,5171323.0
51933,2017,35084.0,5332180.0
51933,2018,36658.0,5516035.0
51933,2019,37862.0,5403645.0
51933,2020,40016.0,5265600.0
51933,2021,43862.0,5497935.0
51933,2022,45983.0,5698033.0
51939,2010,28514.0,3716677.0
51939,2011,29525.0,3579128.0
51939,2012,30178.0,3488726.0
51939,2013,30531.0,3551461.0
51939,2014,31762.0,3488815.0
51939,2015,32874.0,3413393.0
51939,2016,33433.0,3364238.0
51939,2017,34574.0,3375083.0
51939,2018,35820.0,3455715.0
51939,2019,37218.0,3458755.0
51939,2020,40631.0,3324565.0
51939,2021,44227.0,3415756.0
51939,2022,45618.0,3537843.0
51941,2010,32291.0,3782631.0
51941,2011,32713.0,3920737.0
51941,2012,33165.0,4030709.0
51941,2013,32633.0,3959473.0
51941,2014,33087.0,3848993.0
51941,2015,33545.0,3939406.0
51941,2016,33061.0,3787339.0
51941,2017,34049.0,3828943.0
51941,2018,34374.0,3884305.0
51941,2019,35179.0,3874706.0
51941,2020,38005.0,3899514.0
51941,2021,39746.0,3870549.0
51941,2022,40458.0,3858712.0
51942,2010,47113.0,17339302.0
51942,2011,48587.0,17878524.0
51942,2012,48575.0,18429035.0
51942,2013,47769.0,19109381.0
51942,2014,48818.0,19429887.0
51942,2015,49739.0,19484210.0
51942,2016,50747.0,19747736.0
51942,2017,52135.0,20424444.0
51942,2018,53631.0,20981879.0
51942,2019,55284.0,21720470.0
51942,2020,58465.0,21595028.0
51942,2021,62231.0,22412693.0
51942,2022,64363.0,22847210.0
51944,2010,41646.0,6456744.0
51944,2011,42568.0,6360198.0
51944,2012,44987.0,6158507.0
51944,2013,43583.0,6155375.0
51944,2014,44817.0,6259977.0
51944,2015,47069.0,6481092.0
51944,2016,47625.0,6132203.0
51944,2017,48260.0,6008440.0
51944,2018,49584.0,6161165.0
51944,2019,50540.0,6072957.0
51944,2020,53398.0,5875774.0
51944,2021,57372.0,6175531.0
51944,2022,59516.0,6234527.0
51945,2010,31442.0,1248192.0
51945,2011,32567.0,1235154.0
51945,2012,33606.0,1206069.0
51945,2013,33500.0,1231433.0
51945,2014,35285.0,1219025.0
51945,2015,36225.0,1243523.0
51945,2016,36715.0,1231814.0
51945,2017,37763.0,1233479.0
51945,2018,38407.0,1230010.0
51945,2019,40738.0,1283764.0
51945,2020,43662.0,1211098.0
51945,2021,48075.0,1241631.0
51945,2022,47878.0,1277550.0
51947,2010,30568.0,7859631.0
51947,2011,31739.0,7906064.0
51947,2012,32609.0,8050976.0
51947,2013,33041.0,8320446.0
51947,2014,34639.0,7961219.0
51947,2015,36627.0,7751051.0
51947,2016,35715.0,7467012.0
51947,2017,37621.0,7664982.0
51947,2018,39153.0,7859692.0
51947,2019,40517.0,7986941.0
51947,2020,42832.0,7649535.0
51947,2021,48447.0,8324834.0
51947,2022,51008.0,8571712.0
51949,2010,29652.0,741231.0
51949,2011,31821.0,761789.0
51949,2012,34503.0,828974.0
51949,2013,34616.0,789233.0
51949,2014,35165.0,738510.0
51949,2015,36257.0,747670.0
51949,2016,37632.0,772603.0
51949,2017,38877.0,738051.0
51949,2018,39757.0,740048.0
51949,2019,41977.0,809562.0
51949,2020,45585.0,748385.0
51949,2021,49660.0,800733.0
51949,2022,50536.0,819503.0
51951,2010,41760.0,5421242.0
51951,2011,43300.0,5358426.0
51951,2012,44226.0,5503914.0
51951,2013,43781.0,5687501.0
51951,2014,44734.0,5705919.0
51951,2015,46218.0,5853641.0
51951,2016,47280.0,5948856.0
51951,2017,48657.0,6117824.0
51951,2018,50012.0,6301247.0
51951,2019,52042.0,6346919.0
51951,2020,55712.0,6358427.0
51951,2021,60838.0,6800407.0
51951,2022,61378.0,6978317.0
51953,2010,32954.0,2998519.0
51953,2011,35637.0,2979373.0
51953,2012,37809.0,2937019.0
51953,2013,36334.0,2873135.0
51953,2014,36306.0,2885484.0
51953,2015,36592.0,3011788.0
51953,2016,35963.0,3146068.0
51953,2017,37794.0,3422510.0
51953,2018,38925.0,3558468.0
51953,2019,40169.0,3413687.0
51953,2020,43076.0,3347563.0
51953,2021,47104.0,3326975.0
51953,2022,48525.0,3364821.0
51955,2010,30432.0,2450617.0
51955,2011,31339.0,2259730.0
51955,2012,30586.0,1960753.0
51955,2013,29361.0,1879307.0
51955,2014,30067.0,1745924.0
51955,2015,30409.0,1638489.0
51955,2016,30217.0,1574682.0
51955,2017,30882.0,1538821.0
51955,2018,32413.0,1554668.0
51955,2019,33755.0,1452455.0
51955,2020,37142.0,1430818.0
51955,2021,40882.0,1505299.0
51955,2022,42244.0,1654302.0
51958,2010,49017.0,2784178.0
51958,2011,50419.0,2716881.0
51958,2012,51301.0,2628953.0
51958,2013,51436.0,2731260.0
51958,2014,52965.0,2728543.0
51958,2015,53553.0,2752254.0
51958,2016,54873.0,2641357.0
51958,2017,55988.0,2724319.0
51958,2018,57059.0,2825378.0
51958,2019,59052.0,2866973.0
51958,2020,61227.0,2643306.0
51958,2021,66356.0,2826255.0
51958,2022,68183.0,2932989.0
