fips,year,total_employment,total_wages,avg_annual_wage,data_processing_employment,total_establishments
01001,2010,10694.0,339507223.0,31748.0,,877.0
01001,2011,10627.0,344356024.0,32404.0,,862.0
01001,2012,10137.0,341513497.0,33690.0,,842.0
01001,2013,10193.0,346301954.0,33976.0,,830.0
01001,2014,10458.0,357996403.0,34232.0,,822.0
01001,2015,10587.0,372121908.0,35148.0,,845.0
01001,2016,10739.0,390543141.0,36366.0,,860.0
01001,2017,10823.0,403973438.0,37327.0,,870.0
01001,2018,10974.0,421471042.0,38407.0,,871.0
01001,2019,11107.0,448078198.0,40344.0,,888.0
01001,2020,10794.0,465745049.0,43147.0,,910.0
01001,2021,11123.0,489569075.0,44015.0,,964.0
01001,2022,11535.0,537282230.0,46578.0,6.0,1020.0
01001,2023,11871.0,591550069.0,49832.0,,1073.0
01001,2024,12383.0,629398983.0,50826.0,,1120.0
01003,2010,58140.0,1813332562.0,31189.0,18.0,5171.0
01003,2011,59581.0,1867342552.0,31341.0,18.0,5158.0
01003,2012,60440.0,1926968200.0,31882.0,32.0,5172.0
01003,2013,62719.0,2039249324.0,32514.0,32.0,5247.0
01003,2014,65024.0,2153975449.0,33126.0,,5401.0
01003,2015,67585.0,2289992521.0,33883.0,45.0,5596.0
01003,2016,70107.0,2405999881.0,34319.0,46.0,5822.0
01003,2017,71999.0,2542347527.0,35311.0,46.0,6072.0
01003,2018,74051.0,2724884967.0,36797.0,69.0,6305.0
01003,2019,76419.0,2926328541.0,38293.0,,6471.0
01003,2020,73087.0,3023837650.0,41373.0,70.0,6686.0
01003,2021,76546.0,3373892203.0,44077.0,78.0,7172.0
01003,2022,79972.0,3760240355.0,47019.0,97.0,7766.0
01003,2023,82764.0,4041941423.0,48837.0,98.0,8302.0
01003,2024,85118.0,4354332805.0,51157.0,99.0,8757.0
01031,2010,14686.0,430453146.0,29310.0,,1053.0
01031,2011,14441.0,433665785.0,30031.0,,1016.0
01031,2012,14623.0,448423311.0,30665.0,,1018.0
01031,2013,14737.0,458270928.0,31096.0,,1024.0
01031,2014,14781.0,471479799.0,31898.0,,1030.0
01031,2015,15210.0,496093021.0,32616.0,,1050.0
01031,2016,15300.0,507599957.0,33176.0,,1074.0
01031,2017,15673.0,529870519.0,33809.0,,1086.0
01031,2018,15881.0,550362545.0,34655.0,,1075.0
01031,2019,16404.0,580699831.0,35400.0,,1071.0
01031,2020,15899.0,604992536.0,38052.0,4.0,1070.0
01031,2021,16430.0,662813138.0,40342.0,6.0,1145.0
01031,2022,16566.0,713509771.0,43070.0,5.0,1235.0
01031,2023,16894.0,750943841.0,44451.0,6.0,1331.0
01031,2024,17365.0,805938263.0,46411.0,9.0,1372.0
01033,2010,21417.0,830071965.0,38757.0,,1340.0
01033,2011,21551.0,856174502.0,39728.0,,1318.0
01033,2012,21820.0,870992305.0,39918.0,,1313.0
01033,2013,22681.0,900226091.0,39690.0,,1290.0
01033,2014,23128.0,952021413.0,41164.0,,1296.0
01033,2015,23680.0,990028961.0,41809.0,,1292.0
01033,2016,23907.0,1009219193.0,42215.0,,1289.0
01033,2017,23797.0,1030438947.0,43301.0,,1290.0
01033,2018,23830.0,1058282175.0,44410.0,,1308.0
01033,2019,24252.0,1092652726.0,45054.0,,1338.0
01033,2020,23145.0,1112498553.0,48066.0,,1372.0
01033,2021,23434.0,1199381889.0,51181.0,,1422.0
01033,2022,24107.0,1329816397.0,55164.0,8.0,1485.0
01033,2023,24177.0,1369613372.0,56650.0,32.0,1542.0
01033,2024,24495.0,1420955338.0,58010.0,21.0,1621.0
01045,2010,18248.0,857125561.0,46972.0,7.0,899.0
01045,2011,18251.0,877515863.0,48082.0,7.0,892.0
01045,2012,17724.0,871063222.0,49145.0,7.0,880.0
01045,2013,16941.0,840606029.0,49619.0,7.0,870.0
01045,2014,16677.0,833294973.0,49966.0,7.0,867.0
01045,2015,16470.0,836741854.0,50804.0,6.0,869.0
01045,2016,16795.0,883749071.0,52621.0,7.0,870.0
01045,2017,16797.0,897823036.0,53450.0,7.0,873.0
01045,2018,16978.0,912765700.0,53763.0,7.0,868.0
01045,2019,17230.0,933635951.0,54186.0,6.0,876.0
01045,2020,16925.0,967952791.0,57192.0,6.0,891.0
01045,2021,17324.0,1009161774.0,58252.0,6.0,937.0
01045,2022,17619.0,1055140021.0,59885.0,6.0,1013.0
01045,2023,17991.0,1134992556.0,63088.0,13.0,1101.0
01045,2024,18260.0,1174518180.0,64321.0,16.0,1130.0
01071,2010,15704.0,505940732.0,32217.0,,975.0
01071,2011,15870.0,516782837.0,32564.0,,964.0
01071,2012,15794.0,518014474.0,32799.0,,969.0
01071,2013,15946.0,527620997.0,33089.0,,962.0
01071,2014,15997.0,544692011.0,34050.0,,970.0
01071,2015,16286.0,558386285.0,34287.0,,961.0
01071,2016,16278.0,560819889.0,34453.0,,965.0
01071,2017,15784.0,558224912.0,35367.0,,967.0
01071,2018,15893.0,574955032.0,36177.0,,991.0
01071,2019,15596.0,578162287.0,37071.0,,1003.0
01071,2020,14600.0,587860994.0,40266.0,,1017.0
01071,2021,15026.0,648606685.0,43165.0,,1062.0
01071,2022,15231.0,686911416.0,45099.0,4.0,1111.0
01071,2023,15461.0,739263627.0,47815.0,,1178.0
01071,2024,15446.0,763327806.0,49421.0,,1192.0
01089,2010,178623.0,9277657030.0,51940.0,140.0,8770.0
01089,2011,177857.0,9452536351.0,53147.0,142.0,8831.0
01089,2012,178442.0,9557604792.0,53561.0,141.0,8891.0
01089,2013,181508.0,9755734618.0,53748.0,140.0,8915.0
01089,2014,182630.0,10066610301.0,55120.0,387.0,9017.0
01089,2015,186721.0,10436794254.0,55895.0,142.0,9150.0
01089,2016,191678.0,10798130877.0,56335.0,141.0,9406.0
01089,2017,195702.0,11271962429.0,57598.0,141.0,9573.0
01089,2018,200339.0,11904377440.0,59421.0,146.0,9747.0
01089,2019,206133.0,12819939476.0,62193.0,144.0,9977.0
01089,2020,202530.0,13791557346.0,68097.0,332.0,10264.0
01089,2021,210051.0,14521139121.0,69132.0,322.0,11090.0
01089,2022,217074.0,15541525559.0,71596.0,427.0,12121.0
01089,2023,224952.0,16751216811.0,74466.0,440.0,13044.0
01089,2024,229807.0,17706841421.0,77051.0,414.0,13778.0
01097,2010,165715.0,6644370534.0,40095.0,231.0,9848.0
01097,2011,165059.0,6932161729.0,41998.0,416.0,9777.0
01097,2012,163667.0,6943628657.0,42425.0,,9673.0
01097,2013,163890.0,7005038116.0,42742.0,179.0,9492.0
01097,2014,165758.0,7217413021.0,43542.0,165.0,9543.0
01097,2015,167366.0,7476865484.0,44674.0,154.0,9675.0
01097,2016,169094.0,7665234084.0,45331.0,55.0,9943.0
01097,2017,170070.0,7912260702.0,46524.0,120.0,10134.0
01097,2018,171077.0,8133175351.0,47541.0,169.0,10237.0
01097,2019,171826.0,8354150885.0,48620.0,133.0,10302.0
01097,2020,164350.0,8507902921.0,51767.0,115.0,10449.0
01097,2021,169918.0,9234339881.0,54346.0,122.0,10931.0
01097,2022,172206.0,9837201223.0,57125.0,134.0,11457.0
01097,2023,171453.0,10153380744.0,59220.0,178.0,12012.0
01097,2024,175327.0,10817638079.0,61700.0,192.0,12216.0
01101,2010,129345.0,5283793720.0,40850.0,,6373.0
01101,2011,127364.0,5355662835.0,42050.0,,6298.0
01101,2012,127336.0,5359506790.0,42090.0,,6326.0
01101,2013,128427.0,5408324267.0,42112.0,,6303.0
01101,2014,128537.0,5506837167.0,42842.0,,6312.0
01101,2015,128963.0,5664265882.0,43922.0,,6325.0
01101,2016,131172.0,5874784095.0,44787.0,,6371.0
01101,2017,132033.0,5952771603.0,45085.0,418.0,6406.0
01101,2018,131023.0,6019827067.0,45945.0,444.0,6406.0
01101,2019,130780.0,6248414421.0,47778.0,408.0,6425.0
01101,2020,124286.0,6357340283.0,51151.0,361.0,6470.0
01101,2021,126809.0,6725193002.0,53034.0,303.0,6641.0
01101,2022,128398.0,7209035855.0,56146.0,301.0,6914.0
01101,2023,131103.0,7749398066.0,59109.0,303.0,7141.0
01101,2024,132903.0,8188088851.0,61610.0,279.0,7267.0
01117,2010,70429.0,3012343122.0,42771.0,183.0,4854.0
01117,2011,71175.0,3136384946.0,44066.0,113.0,4872.0
01117,2012,74489.0,3400650992.0,45653.0,,4854.0
01117,2013,76826.0,3552633412.0,46242.0,99.0,4938.0
01117,2014,78679.0,3771696213.0,47938.0,124.0,5046.0
01117,2015,83420.0,4151122586.0,49762.0,134.0,5468.0
01117,2016,84014.0,4240659417.0,50475.0,124.0,5667.0
01117,2017,84811.0,4398577216.0,51864.0,129.0,5801.0
01117,2018,85040.0,4597142603.0,54059.0,153.0,5857.0
01117,2019,84905.0,4686372827.0,55195.0,135.0,5905.0
01117,2020,81126.0,4751551382.0,58570.0,157.0,5963.0
01117,2021,83679.0,5074657985.0,60644.0,192.0,6381.0
01117,2022,86332.0,5488813589.0,63578.0,170.0,6809.0
01117,2023,85595.0,5546417010.0,64798.0,182.0,6982.0
01117,2024,85169.0,5686893091.0,66772.0,184.0,7251.0
04013,2010,1602744.0,72961390716.0,45523.0,5070.0,93270.0
04013,2011,1626646.0,76373141049.0,46951.0,5287.0,94184.0
04013,2012,1666812.0,80194296774.0,48112.0,6131.0,95023.0
04013,2013,1713992.0,82793243514.0,48304.0,9228.0,91673.0
04013,2014,1755209.0,86662090637.0,49374.0,9910.0,93448.0
04013,2015,1817078.0,91647160639.0,50437.0,10818.0,93432.0
04013,2016,1871953.0,95629198640.0,51085.0,10713.0,93915.0
04013,2017,1927372.0,101355844508.0,52588.0,11613.0,96333.0
04013,2018,1993417.0,108256719352.0,54307.0,12254.0,98802.0
04013,2019,2062384.0,116221233564.0,56353.0,13046.0,104671.0
04013,2020,2005867.0,122839454670.0,61240.0,12581.0,110029.0
04013,2021,2083731.0,135349638383.0,64955.0,13825.0,119282.0
04013,2022,2170744.0,147681065700.0,68032.0,13101.0,130975.0
04013,2023,2233956.0,157071987451.0,70311.0,12511.0,140110.0
04013,2024,2280645.0,168403424931.0,73840.0,12074.0,142693.0
04015,2010,44996.0,1458832103.0,32422.0,,3778.0
04015,2011,44771.0,1481355760.0,33088.0,,3655.0
04015,2012,44119.0,1509632686.0,34217.0,,3629.0
04015,2013,44762.0,1553200943.0,34699.0,,3529.0
04015,2014,45707.0,1606602316.0,35150.0,,3578.0
04015,2015,46839.0,1670307215.0,35661.0,,3566.0
04015,2016,47595.0,1715449940.0,36042.0,,3642.0
04015,2017,48983.0,1825785951.0,37274.0,,3692.0
04015,2018,50290.0,1926317258.0,38304.0,,3726.0
04015,2019,51173.0,2015210055.0,39381.0,,3821.0
04015,2020,50365.0,2156409699.0,42815.0,,3955.0
04015,2021,54260.0,2402369916.0,44275.0,,4214.0
04015,2022,54756.0,2592203667.0,47341.0,,4639.0
04015,2023,55181.0,2741994125.0,49691.0,,4900.0
04015,2024,56391.0,2887187220.0,51199.0,,5056.0
04019,2010,343093.0,13881996421.0,40461.0,180.0,19080.0
04019,2011,340806.0,14094820113.0,41357.0,218.0,18816.0
04019,2012,346828.0,14538784959.0,41919.0,247.0,18957.0
04019,2013,349900.0,14804022406.0,42309.0,241.0,18483.0
04019,2014,351963.0,15174483435.0,43114.0,269.0,18710.0
04019,2015,354029.0,15442796772.0,43620.0,249.0,18616.0
04019,2016,358682.0,15762468266.0,43946.0,253.0,18521.0
04019,2017,364174.0,16562485473.0,45480.0,260.0,18633.0
04019,2018,368438.0,17404474107.0,47239.0,262.0,18634.0
04019,2019,375906.0,18417914734.0,48996.0,218.0,18961.0
04019,2020,361323.0,19207831675.0,53160.0,268.0,19177.0
04019,2021,368320.0,20334171684.0,55208.0,278.0,20281.0
04019,2022,377863.0,21584183756.0,57122.0,271.0,21984.0
04019,2023,386655.0,23006658538.0,59502.0,315.0,23195.0
04019,2024,386312.0,23926675440.0,61936.0,347.0,23608.0
04021,2010,52171.0,1996083709.0,38260.0,68.0,2844.0
04021,2011,52854.0,2043196492.0,38657.0,64.0,2816.0
04021,2012,55980.0,2156945141.0,38531.0,,2886.0
04021,2013,56850.0,2184900906.0,38433.0,68.0,2890.0
04021,2014,57421.0,2225185269.0,38752.0,23.0,2957.0
04021,2015,57552.0,2287523774.0,39747.0,77.0,2977.0
04021,2016,61111.0,2429326785.0,39753.0,74.0,3214.0
04021,2017,60570.0,2504696789.0,41352.0,89.0,3188.0
04021,2018,62137.0,2673977538.0,43034.0,82.0,3185.0
04021,2019,63101.0,2808688874.0,44511.0,85.0,3249.0
04021,2020,62739.0,2994962728.0,47737.0,90.0,3362.0
04021,2021,64920.0,3208608300.0,49424.0,113.0,3682.0
04021,2022,68953.0,3684981018.0,53442.0,108.0,4040.0
04021,2023,73626.0,4121951276.0,55985.0,127.0,4581.0
04021,2024,77687.0,4518147650.0,58158.0,130.0,5085.0
04025,2010,53765.0,1787782216.0,33252.0,24.0,5430.0
04025,2011,53056.0,1794273205.0,33819.0,23.0,5307.0
04025,2012,54200.0,1876529301.0,34622.0,123.0,5294.0
04025,2013,55390.0,1953594862.0,35270.0,125.0,5163.0
04025,2014,57593.0,2071099637.0,35961.0,132.0,5236.0
04025,2015,59769.0,2183557360.0,36533.0,155.0,5324.0
04025,2016,61519.0,2293037791.0,37273.0,104.0,5541.0
04025,2017,62951.0,2427787412.0,38566.0,170.0,5635.0
04025,2018,64683.0,2584525361.0,39957.0,111.0,5693.0
04025,2019,65202.0,2662220247.0,40830.0,147.0,5806.0
04025,2020,63197.0,2812012958.0,44496.0,148.0,5922.0
04025,2021,65496.0,3052416804.0,46605.0,148.0,6322.0
04025,2022,67528.0,3262419219.0,48312.0,142.0,6874.0
04025,2023,70562.0,3642942876.0,51627.0,168.0,7287.0
04025,2024,71540.0,3910777759.0,54666.0,178.0,7444.0
04027,2010,61096.0,1997624580.0,32696.0,,3206.0
04027,2011,61757.0,2050135926.0,33197.0,,3159.0
04027,2012,63283.0,2116510195.0,33445.0,,3156.0
04027,2013,63156.0,2137668193.0,33847.0,,3074.0
04027,2014,63993.0,2209810347.0,34532.0,,3111.0
04027,2015,64828.0,2302423763.0,35516.0,,3105.0
04027,2016,66432.0,2379464040.0,35818.0,,3156.0
04027,2017,66371.0,2521530374.0,37992.0,12.0,3199.0
04027,2018,67639.0,2658141277.0,39299.0,8.0,3217.0
04027,2019,68455.0,2765143449.0,40393.0,,3296.0
04027,2020,65963.0,2949242198.0,44711.0,,3319.0
04027,2021,67876.0,3197223109.0,47104.0,,3481.0
04027,2022,70648.0,3479527025.0,49252.0,,3771.0
04027,2023,71370.0,3702957614.0,51884.0,,3959.0
04027,2024,71978.0,3877647657.0,53873.0,,3988.0
06001,2010,630343.0,38561384582.0,61175.0,2123.0,54132.0
06001,2011,634983.0,39539989522.0,62269.0,2059.0,55990.0
06001,2012,658708.0,41931951465.0,63658.0,2432.0,54225.0
06001,2013,677978.0,43074236141.0,63533.0,2699.0,54891.0
06001,2014,698536.0,45916774437.0,65733.0,3256.0,56780.0
06001,2015,728995.0,50148570433.0,68791.0,4020.0,58771.0
06001,2016,751599.0,53035088461.0,70563.0,7881.0,60608.0
06001,2017,771652.0,57018137454.0,73891.0,8403.0,62447.0
06001,2018,786038.0,59918321510.0,76228.0,8666.0,64280.0
06001,2019,793213.0,63132769266.0,79591.0,9290.0,65435.0
06001,2020,731316.0,64577584110.0,88303.0,9569.0,66075.0
06001,2021,754951.0,69755749224.0,92398.0,8866.0,66675.0
06001,2022,787020.0,73227737151.0,93044.0,7475.0,68362.0
06001,2023,793089.0,75129782205.0,94731.0,7494.0,69529.0
06001,2024,790358.0,77475630674.0,98026.0,7422.0,73285.0
06013,2010,313615.0,18049324630.0,57552.0,481.0,29151.0
06013,2011,315064.0,18634819106.0,59146.0,469.0,29871.0
06013,2012,323484.0,19455110621.0,60142.0,328.0,28785.0
06013,2013,332623.0,20241658119.0,60855.0,310.0,28785.0
06013,2014,339281.0,21008403382.0,61920.0,163.0,29524.0
06013,2015,346862.0,22127019969.0,63792.0,328.0,30419.0
06013,2016,359242.0,23418019657.0,65187.0,388.0,31198.0
06013,2017,366720.0,24651313816.0,67221.0,314.0,31820.0
06013,2018,368450.0,25424692957.0,69004.0,379.0,32671.0
06013,2019,369280.0,26177240915.0,70887.0,448.0,33482.0
06013,2020,340559.0,26562151953.0,77996.0,424.0,34370.0
06013,2021,350476.0,28347270991.0,80882.0,333.0,35139.0
06013,2022,367582.0,30263732817.0,82332.0,955.0,36591.0
06013,2023,369761.0,30985179058.0,83798.0,981.0,37540.0
06013,2024,373992.0,32250783208.0,86234.0,1011.0,39474.0
06019,2010,329941.0,12174985428.0,36901.0,204.0,29886.0
06019,2011,332339.0,12473643006.0,37533.0,207.0,30773.0
06019,2012,338684.0,12841365379.0,37915.0,205.0,29192.0
06019,2013,349193.0,13318693380.0,38141.0,227.0,29612.0
06019,2014,354646.0,13946312469.0,39325.0,,30814.0
06019,2015,364788.0,14879831589.0,40790.0,,32063.0
06019,2016,374939.0,15657982463.0,41761.0,,33353.0
06019,2017,381997.0,16382245168.0,42886.0,274.0,34853.0
06019,2018,390344.0,17212682908.0,44096.0,294.0,36234.0
06019,2019,400030.0,18280407380.0,45698.0,222.0,37556.0
06019,2020,379595.0,18757673397.0,49415.0,176.0,38366.0
06019,2021,392496.0,20450561257.0,52104.0,113.0,39134.0
06019,2022,412147.0,22234713916.0,53949.0,381.0,40344.0
06019,2023,418515.0,23468479171.0,56076.0,361.0,41374.0
06019,2024,427076.0,24729486106.0,57904.0,343.0,44409.0
06085,2010,842581.0,75327919382.0,89401.0,22929.0,60389.0
06085,2011,866541.0,82170032906.0,94825.0,25874.0,62561.0
06085,2012,903053.0,86622165054.0,95921.0,27479.0,61953.0
06085,2013,938114.0,92475629194.0,98576.0,35019.0,62755.0
06085,2014,973668.0,102606999591.0,105382.0,41412.0,65277.0
06085,2015,1017071.0,115325372474.0,113390.0,49039.0,67491.0
06085,2016,1046049.0,123484418547.0,118048.0,47500.0,69708.0
06085,2017,1071448.0,135760289557.0,126707.0,54300.0,71605.0
06085,2018,1098089.0,147873406271.0,134664.0,58621.0,73083.0
06085,2019,1119639.0,154816070491.0,138273.0,57279.0,74494.0
06085,2020,1051175.0,170929137859.0,162608.0,61098.0,75258.0
06085,2021,1070603.0,198332136569.0,185253.0,61951.0,75976.0
06085,2022,1117310.0,187497533152.0,167812.0,12625.0,77495.0
06085,2023,1119710.0,195606022735.0,174694.0,14440.0,79372.0
06085,2024,1116581.0,220014308093.0,197043.0,14316.0,83418.0
13015,2010,30448.0,1109477461.0,36438.0,,2044.0
13015,2011,31410.0,1159341774.0,36910.0,,2030.0
13015,2012,31357.0,1196274829.0,38150.0,,2049.0
13015,2013,31393.0,1230236928.0,39188.0,,2089.0
13015,2014,32602.0,1310520811.0,40198.0,,2127.0
13015,2015,34328.0,1425011877.0,41512.0,,2190.0
13015,2016,35317.0,1494645412.0,42321.0,,2257.0
13015,2017,36722.0,1569356084.0,42737.0,,2163.0
13015,2018,38736.0,1717917481.0,44349.0,,2192.0
13015,2019,40880.0,1830957075.0,44788.0,,2273.0
13015,2020,39740.0,1866717461.0,46973.0,,2416.0
13015,2021,41213.0,2034217963.0,49358.0,,2579.0
13015,2022,42582.0,2236992938.0,52534.0,28.0,2807.0
13015,2023,44708.0,2451259867.0,54829.0,23.0,2926.0
13015,2024,46472.0,2679584564.0,57660.0,23.0,2982.0
13097,2010,37301.0,1163161817.0,31183.0,,2637.0
13097,2011,36103.0,1171008242.0,32435.0,25.0,2611.0
13097,2012,36659.0,1211637787.0,33052.0,21.0,2649.0
13097,2013,37793.0,1288770603.0,34100.0,9.0,2690.0
13097,2014,38913.0,1359571536.0,34939.0,9.0,2707.0
13097,2015,39841.0,1417276663.0,35573.0,7.0,2796.0
13097,2016,41519.0,1498449709.0,36090.0,,2846.0
13097,2017,42120.0,1593404939.0,37830.0,,2598.0
13097,2018,44414.0,1751976191.0,39447.0,,2623.0
13097,2019,45715.0,1858816116.0,40661.0,,2699.0
13097,2020,42090.0,1881151684.0,44694.0,,2877.0
13097,2021,43867.0,2097903141.0,47824.0,79.0,3128.0
13097,2022,48009.0,2502237459.0,52120.0,29.0,3396.0
13097,2023,50014.0,2707800308.0,54141.0,170.0,3580.0
13097,2024,51003.0,2955572310.0,57949.0,186.0,3527.0
13113,2010,36041.0,1386167970.0,38461.0,8.0,3280.0
13113,2011,36746.0,1454083010.0,39572.0,8.0,3324.0
13113,2012,37535.0,1502602443.0,40032.0,6.0,3382.0
13113,2013,38275.0,1515075665.0,39584.0,11.0,3476.0
13113,2014,38899.0,1510290622.0,38826.0,12.0,3581.0
13113,2015,40394.0,1631043044.0,40379.0,10.0,3668.0
13113,2016,42350.0,1744921924.0,41202.0,13.0,3803.0
13113,2017,43637.0,1868337647.0,42816.0,15.0,3541.0
13113,2018,44495.0,2008315413.0,45136.0,15.0,3564.0
13113,2019,45964.0,2146379431.0,46697.0,15.0,3639.0
13113,2020,43209.0,2142552589.0,49586.0,11.0,3891.0
13113,2021,44805.0,2286146540.0,51024.0,11.0,4237.0
13113,2022,47393.0,2616248081.0,55204.0,,4640.0
13113,2023,49125.0,2787770091.0,56749.0,14.0,4855.0
13113,2024,49094.0,2885454377.0,58774.0,18.0,4852.0
13115,2010,37036.0,1366136051.0,36887.0,,2124.0
13115,2011,36315.0,1378821526.0,37968.0,,2110.0
13115,2012,36634.0,1406185986.0,38385.0,,2122.0
13115,2013,36833.0,1418768668.0,38519.0,,2134.0
13115,2014,37776.0,1473133855.0,38997.0,,2129.0
13115,2015,38237.0,1535559522.0,40159.0,,2108.0
13115,2016,38726.0,1581829632.0,40847.0,,2118.0
13115,2017,39170.0,1630437481.0,41624.0,,1965.0
13115,2018,39438.0,1670179523.0,42349.0,,1977.0
13115,2019,39710.0,1705597985.0,42951.0,,2024.0
13115,2020,37857.0,1717202763.0,45360.0,,2115.0
13115,2021,38947.0,1875542219.0,48156.0,,2196.0
13115,2022,39724.0,2017465377.0,50787.0,61.0,2335.0
13115,2023,42761.0,2146382960.0,50195.0,63.0,2456.0
13115,2024,43894.0,2184613218.0,49770.0,65.0,2448.0
13185,2010,46212.0,1427098407.0,30882.0,,2919.0
13185,2011,45783.0,1460857043.0,31908.0,,2899.0
13185,2012,46784.0,1507183692.0,32216.0,1.0,2883.0
13185,2013,46629.0,1491903079.0,31995.0,5.0,2936.0
13185,2014,47283.0,1554145256.0,32869.0,0.0,2913.0
13185,2015,48461.0,1616275711.0,33352.0,1.0,2910.0
13185,2016,49061.0,1662049704.0,33877.0,4.0,2949.0
13185,2017,48894.0,1754168402.0,35877.0,4.0,2771.0
13185,2018,49208.0,1847523762.0,37545.0,4.0,2818.0
13185,2019,49583.0,1913075335.0,38583.0,5.0,2815.0
13185,2020,47917.0,1916412813.0,39994.0,6.0,2955.0
13185,2021,48353.0,2030210138.0,41987.0,5.0,3070.0
13185,2022,48862.0,2164308511.0,44294.0,31.0,3246.0
13185,2023,49352.0,2264925389.0,45893.0,35.0,3386.0
13185,2024,49348.0,2394941317.0,48531.0,31.0,3318.0
13217,2010,19691.0,718168717.0,36472.0,,1456.0
13217,2011,19995.0,734969152.0,36759.0,,1442.0
13217,2012,20451.0,766275959.0,37468.0,,1445.0
13217,2013,20547.0,769860527.0,37468.0,,1496.0
13217,2014,21410.0,823269816.0,38452.0,,1531.0
13217,2015,22859.0,910530567.0,39832.0,,1595.0
13217,2016,23510.0,951136463.0,40456.0,,1674.0
13217,2017,24384.0,1029982761.0,42239.0,,1563.0
13217,2018,25334.0,1083114673.0,42754.0,,1558.0
13217,2019,25804.0,1111165777.0,43062.0,,1609.0
13217,2020,25057.0,1148908974.0,45852.0,,1710.0
13217,2021,24313.0,1141631799.0,46955.0,,1864.0
13217,2022,24333.0,1235382777.0,50770.0,10.0,2060.0
13217,2023,25340.0,1329258733.0,52457.0,14.0,2204.0
13217,2024,27708.0,1521680125.0,54919.0,14.0,2169.0
17031,2010,2345507.0,129868469234.0,55369.0,12248.0,143433.0
17031,2011,2377242.0,134245338714.0,56471.0,12754.0,146285.0
17031,2012,2405633.0,139495723082.0,57987.0,16223.0,149026.0
17031,2013,2426450.0,141105020947.0,58153.0,16788.0,152481.0
17031,2014,2468453.0,148146276317.0,60016.0,18197.0,157650.0
17031,2015,2531066.0,156711673581.0,61915.0,19531.0,152794.0
17031,2016,2561922.0,160588008930.0,62683.0,19773.0,150031.0
17031,2017,2572191.0,166603254234.0,64771.0,20048.0,137105.0
17031,2018,2592847.0,174520124154.0,67308.0,21140.0,137526.0
17031,2019,2609154.0,180477965679.0,69171.0,22555.0,139024.0
17031,2020,2388964.0,179583252955.0,75172.0,22094.0,138637.0
17031,2021,2422930.0,193489622372.0,79858.0,22480.0,139914.0
17031,2022,2519083.0,206740688892.0,82070.0,15961.0,139819.0
17031,2023,2559676.0,214855533885.0,83939.0,15734.0,139520.0
17031,2024,2565567.0,223027058108.0,86931.0,16236.0,137804.0
17037,2010,34973.0,1248848920.0,35709.0,132.0,2185.0
17037,2011,35519.0,1310212064.0,36888.0,140.0,2192.0
17037,2012,35871.0,1365425659.0,38065.0,148.0,2186.0
17037,2013,36169.0,1368786532.0,37844.0,146.0,2190.0
17037,2014,36874.0,1421073734.0,38538.0,141.0,2228.0
17037,2015,37469.0,1532970536.0,40913.0,138.0,2210.0
17037,2016,37595.0,1525767670.0,40584.0,135.0,2179.0
17037,2017,37638.0,1573404498.0,41804.0,133.0,2030.0
17037,2018,38012.0,1659569947.0,43660.0,138.0,2020.0
17037,2019,37020.0,1689113413.0,45627.0,143.0,2023.0
17037,2020,34342.0,1707038592.0,49707.0,135.0,2011.0
17037,2021,34629.0,1772195756.0,51177.0,129.0,2004.0
17037,2022,36381.0,1911649980.0,52546.0,137.0,1984.0
17037,2023,36133.0,1961174047.0,54276.0,140.0,1986.0
17037,2024,36272.0,2063716140.0,56896.0,146.0,1988.0
17097,2010,308287.0,18205712627.0,59054.0,1393.0,21447.0
17097,2011,312215.0,19160656504.0,61370.0,1391.0,21781.0
17097,2012,321836.0,20584318331.0,63959.0,1322.0,22131.0
17097,2013,326294.0,21335112385.0,65386.0,1310.0,22512.0
17097,2014,330111.0,22374083130.0,67777.0,1302.0,23151.0
17097,2015,331311.0,24020089995.0,72500.0,1340.0,22329.0
17097,2016,332564.0,23543718585.0,70795.0,1285.0,21902.0
17097,2017,335598.0,24316262054.0,72456.0,1306.0,20020.0
17097,2018,338901.0,25562140295.0,75427.0,1504.0,20132.0
17097,2019,340643.0,25909935243.0,76062.0,1470.0,20302.0
17097,2020,317448.0,25970504238.0,81810.0,1284.0,20128.0
17097,2021,321815.0,27859580872.0,86570.0,1181.0,20172.0
17097,2022,326413.0,29102612217.0,89159.0,1271.0,20142.0
17097,2023,327625.0,29685386851.0,90608.0,1265.0,20171.0
17097,2024,329354.0,29984887425.0,91042.0,1322.0,19967.0
17115,2010,49904.0,2115562969.0,42392.0,56.0,2519.0
17115,2011,50472.0,2211725743.0,43821.0,56.0,2515.0
17115,2012,50363.0,2250440830.0,44685.0,55.0,2488.0
17115,2013,48999.0,2203616289.0,44973.0,39.0,2480.0
17115,2014,48975.0,2414873398.0,49309.0,34.0,2507.0
17115,2015,49293.0,2442255929.0,49546.0,41.0,2470.0
17115,2016,49393.0,2407471815.0,48741.0,40.0,2388.0
17115,2017,49320.0,2449541175.0,49666.0,43.0,2188.0
17115,2018,49601.0,2563855984.0,51690.0,45.0,2182.0
17115,2019,48261.0,2534590168.0,52518.0,44.0,2152.0
17115,2020,44804.0,2484530358.0,55454.0,41.0,2110.0
17115,2021,44716.0,2685141129.0,60049.0,40.0,2064.0
17115,2022,45860.0,2979033000.0,64960.0,38.0,2023.0
17115,2023,45500.0,3051207254.0,67059.0,39.0,1985.0
17115,2024,45051.0,3053905343.0,67788.0,42.0,1981.0
18003,2010,169587.0,6541695066.0,38574.0,624.0,8879.0
18003,2011,172517.0,6820538520.0,39535.0,601.0,8902.0
18003,2012,175117.0,6969356478.0,39798.0,531.0,8873.0
18003,2013,174954.0,7012863846.0,40084.0,599.0,8839.0
18003,2014,177116.0,7258757527.0,40983.0,578.0,8702.0
18003,2015,181796.0,7733385573.0,42539.0,388.0,8661.0
18003,2016,183107.0,7905577889.0,43175.0,542.0,8697.0
18003,2017,184976.0,8242358639.0,44559.0,385.0,8742.0
18003,2018,188032.0,8691829100.0,46225.0,398.0,8845.0
18003,2019,191195.0,9072182963.0,47450.0,387.0,8983.0
18003,2020,181300.0,9185556743.0,50665.0,435.0,9230.0
18003,2021,186853.0,10001931639.0,53528.0,449.0,9446.0
18003,2022,194563.0,10822159294.0,55623.0,420.0,9917.0
18003,2023,196725.0,11309754857.0,57490.0,374.0,10214.0
18003,2024,197885.0,11898593571.0,60129.0,381.0,10492.0
18039,2010,100139.0,3730342919.0,37252.0,240.0,4812.0
18039,2011,103627.0,3882114115.0,37462.0,227.0,4811.0
18039,2012,109687.0,4304773351.0,39246.0,224.0,4783.0
18039,2013,115258.0,4598463660.0,39897.0,219.0,4744.0
18039,2014,120143.0,5031398137.0,41878.0,215.0,4651.0
18039,2015,123944.0,5359836565.0,43244.0,209.0,4632.0
18039,2016,127535.0,5841181716.0,45801.0,211.0,4655.0
18039,2017,133688.0,6584983400.0,49257.0,212.0,4682.0
18039,2018,137512.0,6738275251.0,49002.0,211.0,4731.0
18039,2019,132987.0,6412392135.0,48218.0,217.0,4752.0
18039,2020,124783.0,6562600302.0,52592.0,211.0,4832.0
18039,2021,137344.0,8408641817.0,61223.0,196.0,4923.0
18039,2022,141288.0,8880816844.0,62856.0,206.0,5062.0
18039,2023,131337.0,7806251696.0,59437.0,197.0,5201.0
18039,2024,127100.0,7895018805.0,62117.0,198.0,5293.0
18057,2010,107930.0,4802603702.0,44497.0,544.0,7895.0
18057,2011,111199.0,5044236002.0,45362.0,519.0,8230.0
18057,2012,113882.0,5262802516.0,46213.0,527.0,8428.0
18057,2013,119804.0,5719529635.0,47741.0,421.0,8580.0
18057,2014,125527.0,6133079825.0,48859.0,468.0,8657.0
18057,2015,132509.0,6655555189.0,50227.0,529.0,8827.0
18057,2016,136859.0,6995437722.0,51114.0,202.0,9058.0
18057,2017,140022.0,7382940532.0,52727.0,253.0,9274.0
18057,2018,141940.0,7657427116.0,53948.0,220.0,9445.0
18057,2019,144447.0,7975614468.0,55215.0,251.0,9648.0
18057,2020,140001.0,8344390541.0,59602.0,271.0,10112.0
18057,2021,147818.0,9298748761.0,62907.0,345.0,10607.0
18057,2022,157527.0,10436604734.0,66253.0,550.0,11688.0
18057,2023,161075.0,10882995439.0,67565.0,595.0,12180.0
18057,2024,163937.0,12260323262.0,74787.0,606.0,12788.0
18141,2010,113848.0,4338586783.0,38109.0,310.0,5949.0
18141,2011,115678.0,4478276660.0,38713.0,439.0,5950.0
18141,2012,115236.0,4569729975.0,39656.0,462.0,5970.0
18141,2013,115211.0,4573833513.0,39700.0,596.0,5863.0
18141,2014,117280.0,4751666558.0,40516.0,602.0,5734.0
18141,2015,120075.0,5017572434.0,41787.0,582.0,5698.0
18141,2016,122570.0,5228058018.0,42654.0,526.0,5697.0
18141,2017,122566.0,5355681549.0,43696.0,517.0,5719.0
18141,2018,123222.0,5547739552.0,45022.0,517.0,5731.0
18141,2019,124850.0,5765076143.0,46176.0,405.0,5759.0
18141,2020,114805.0,5714186902.0,49773.0,409.0,5895.0
18141,2021,115557.0,6191935342.0,53583.0,536.0,5971.0
18141,2022,118142.0,6675660917.0,56505.0,563.0,6244.0
18141,2023,120891.0,6923270085.0,57269.0,596.0,6435.0
18141,2024,121043.0,7178221201.0,59303.0,599.0,6539.0
19013,2010,71628.0,2797110715.0,39051.0,,3565.0
19013,2011,73199.0,2955446311.0,40376.0,,3572.0
19013,2012,74728.0,3117910018.0,41723.0,33.0,3629.0
19013,2013,75072.0,3178544258.0,42340.0,31.0,3687.0
19013,2014,75312.0,3268722834.0,43402.0,33.0,3768.0
19013,2015,74232.0,3282043546.0,44213.0,27.0,3818.0
19013,2016,73740.0,3253282438.0,44118.0,25.0,3802.0
19013,2017,73653.0,3387635335.0,45995.0,,3789.0
19013,2018,74644.0,3555409866.0,47631.0,35.0,3841.0
19013,2019,73630.0,3572322115.0,48517.0,42.0,3881.0
19013,2020,69743.0,3620367429.0,51910.0,40.0,3867.0
19013,2021,71094.0,3848347587.0,54130.0,35.0,3843.0
19013,2022,71550.0,4075780075.0,56964.0,33.0,3916.0
19013,2023,72075.0,4257647955.0,59073.0,,3916.0
19013,2024,70886.0,4226984528.0,59631.0,,3947.0
19049,2010,30999.0,1385016096.0,44679.0,11.0,1679.0
19049,2011,33444.0,1583126805.0,47336.0,,1748.0
19049,2012,34915.0,1693878379.0,48515.0,35.0,1880.0
19049,2013,37074.0,1805493196.0,48700.0,,2034.0
19049,2014,38118.0,1903827393.0,49946.0,39.0,2133.0
19049,2015,40159.0,2083265701.0,51875.0,34.0,2245.0
19049,2016,42222.0,2171947079.0,51441.0,27.0,2365.0
19049,2017,43836.0,2309875749.0,52694.0,17.0,2466.0
19049,2018,45160.0,2471604404.0,54730.0,30.0,2609.0
19049,2019,46511.0,2695972699.0,57964.0,26.0,2729.0
19049,2020,44844.0,2826142897.0,63022.0,51.0,2852.0
19049,2021,47146.0,3051317321.0,64721.0,85.0,3052.0
19049,2022,49900.0,3552016351.0,71182.0,38.0,3290.0
19049,2023,52777.0,3912527227.0,74133.0,,3419.0
19049,2024,55258.0,4217110415.0,76316.0,,3600.0
19103,2010,74439.0,3109098278.0,41767.0,,3530.0
19103,2011,76347.0,3242310562.0,42468.0,,3536.0
19103,2012,77885.0,3410611805.0,43790.0,,3639.0
19103,2013,79626.0,3566856507.0,44795.0,,3846.0
19103,2014,80253.0,3710258131.0,46232.0,,3964.0
19103,2015,81551.0,3884231825.0,47630.0,,4026.0
19103,2016,83102.0,4039771299.0,48612.0,,4109.0
19103,2017,84148.0,4190196925.0,49796.0,80.0,4187.0
19103,2018,83916.0,4311306168.0,51376.0,85.0,4283.0
19103,2019,83508.0,4372110356.0,52356.0,85.0,4400.0
19103,2020,78683.0,4470910421.0,56822.0,87.0,4491.0
19103,2021,80064.0,4702507302.0,58735.0,105.0,4672.0
19103,2022,82312.0,5004104298.0,60795.0,68.0,5025.0
19103,2023,83209.0,5194737446.0,62430.0,60.0,5119.0
19103,2024,83750.0,5390451582.0,64363.0,44.0,5140.0
19113,2010,124148.0,5481252980.0,44151.0,460.0,6251.0
19113,2011,125010.0,5711526764.0,45689.0,688.0,6216.0
19113,2012,126360.0,5868764321.0,46445.0,827.0,6291.0
19113,2013,126610.0,6005844986.0,47436.0,844.0,6406.0
19113,2014,127927.0,6295381569.0,49211.0,853.0,6497.0
19113,2015,129160.0,6581114669.0,50953.0,828.0,6533.0
19113,2016,129649.0,6669337127.0,51441.0,852.0,6657.0
19113,2017,129627.0,6869102469.0,52991.0,871.0,6781.0
19113,2018,130637.0,7213665710.0,55219.0,824.0,6922.0
19113,2019,131354.0,7156827354.0,54485.0,713.0,7064.0
19113,2020,123175.0,7222714313.0,58638.0,657.0,7138.0
19113,2021,124853.0,7500021341.0,60071.0,606.0,7328.0
19113,2022,126890.0,8056701955.0,63494.0,660.0,7668.0
19113,2023,126778.0,8247017796.0,65051.0,663.0,7727.0
19113,2024,125917.0,8513575850.0,67613.0,577.0,7760.0
19153,2010,265719.0,12326730054.0,46390.0,1948.0,14642.0
19153,2011,266882.0,12704658480.0,47604.0,1851.0,14670.0
19153,2012,272170.0,13314030800.0,48918.0,1838.0,15164.0
19153,2013,278559.0,13865903633.0,49777.0,1728.0,15719.0
19153,2014,285777.0,14671387399.0,51339.0,1710.0,16273.0
19153,2015,288727.0,15364201338.0,53214.0,1548.0,16547.0
19153,2016,294984.0,15959900347.0,54104.0,1452.0,17011.0
19153,2017,298553.0,16643324887.0,55747.0,1353.0,17308.0
19153,2018,301968.0,17268189424.0,57186.0,1408.0,17668.0
19153,2019,303035.0,17669839699.0,58310.0,1334.0,18139.0
19153,2020,288496.0,18314880542.0,63484.0,1271.0,18429.0
19153,2021,296465.0,19520565764.0,65844.0,1307.0,18941.0
19153,2022,306109.0,20976205787.0,68525.0,1218.0,20067.0
19153,2023,313794.0,21987327814.0,70069.0,967.0,20278.0
19153,2024,317845.0,23061957325.0,72557.0,1183.0,20581.0
19155,2010,37919.0,1252701556.0,33036.0,,2452.0
19155,2011,37847.0,1272007878.0,33610.0,9.0,2438.0
19155,2012,37397.0,1303514229.0,34856.0,17.0,2473.0
19155,2013,37786.0,1379824274.0,36517.0,12.0,2488.0
19155,2014,38817.0,1459868852.0,37609.0,3.0,2536.0
19155,2015,39118.0,1513110492.0,38681.0,3.0,2564.0
19155,2016,38401.0,1495631535.0,38948.0,3.0,2557.0
19155,2017,38736.0,1568675524.0,40497.0,6.0,2559.0
19155,2018,39707.0,1680249931.0,42316.0,4.0,2541.0
19155,2019,40229.0,1769642703.0,43989.0,,2570.0
19155,2020,37660.0,1767486999.0,46933.0,4.0,2571.0
19155,2021,38371.0,1871618113.0,48777.0,6.0,2630.0
19155,2022,39296.0,2049182485.0,52147.0,4.0,2706.0
19155,2023,39921.0,2144970145.0,53730.0,11.0,2689.0
19155,2024,41403.0,2334985771.0,56397.0,16.0,2746.0
19163,2010,85009.0,3198625165.0,37627.0,,5220.0
19163,2011,86767.0,3367286293.0,38809.0,,5175.0
19163,2012,88155.0,3546263396.0,40228.0,6.0,5281.0
19163,2013,88846.0,3594368467.0,40456.0,,5387.0
19163,2014,89869.0,3701659314.0,41189.0,8.0,5473.0
19163,2015,90943.0,3874762328.0,42607.0,9.0,5505.0
19163,2016,90642.0,3901879951.0,43047.0,10.0,5544.0
19163,2017,90939.0,4007856236.0,44072.0,22.0,5584.0
19163,2018,90845.0,4156941763.0,45758.0,15.0,5692.0
19163,2019,91102.0,4289815025.0,47088.0,16.0,5772.0
19163,2020,84266.0,4243878549.0,50363.0,14.0,5802.0
19163,2021,86292.0,4539875811.0,52611.0,24.0,5832.0
19163,2022,88383.0,4916916555.0,55632.0,24.0,6071.0
19163,2023,89846.0,5291918552.0,58900.0,23.0,6125.0
19163,2024,90947.0,5560352045.0,61138.0,,6239.0
29047,2010,89364.0,4005614954.0,44824.0,321.0,4993.0
29047,2011,88498.0,3905753176.0,44134.0,288.0,4974.0
29047,2012,86167.0,3746921792.0,43485.0,252.0,5112.0
29047,2013,88870.0,3962622074.0,44589.0,343.0,5175.0
29047,2014,93151.0,4224790162.0,45354.0,358.0,5218.0
29047,2015,97566.0,4599477673.0,47142.0,352.0,5397.0
29047,2016,102606.0,4794571004.0,46728.0,347.0,5522.0
29047,2017,104865.0,4992978435.0,47613.0,384.0,5689.0
29047,2018,104308.0,5059265466.0,48503.0,339.0,5647.0
29047,2019,104575.0,5255579706.0,50257.0,311.0,5831.0
29047,2020,101159.0,5339120876.0,52779.0,305.0,6030.0
29047,2021,103942.0,5671924150.0,54568.0,286.0,6168.0
29047,2022,107380.0,6365616053.0,59281.0,298.0,6454.0
29047,2023,110425.0,6796490470.0,61549.0,299.0,6703.0
29047,2024,111855.0,7057316183.0,63093.0,291.0,6664.0
29077,2010,146573.0,5177734416.0,35325.0,244.0,7993.0
29077,2011,148081.0,5313994618.0,35886.0,241.0,7959.0
29077,2012,153260.0,5636194439.0,36775.0,238.0,8040.0
29077,2013,154279.0,5752759348.0,37288.0,569.0,8103.0
29077,2014,157841.0,6055282872.0,38363.0,562.0,8183.0
29077,2015,161264.0,6412482203.0,39764.0,549.0,8439.0
29077,2016,162887.0,6605535214.0,40553.0,533.0,8516.0
29077,2017,164733.0,6885631302.0,41799.0,646.0,8924.0
29077,2018,167262.0,7226354276.0,43204.0,788.0,8883.0
29077,2019,170031.0,7601484580.0,44706.0,768.0,9291.0
29077,2020,163704.0,7773585965.0,47486.0,749.0,9655.0
29077,2021,167636.0,8499576202.0,50703.0,780.0,9850.0
29077,2022,172522.0,9110439529.0,52807.0,714.0,10208.0
29077,2023,176525.0,9714859793.0,55034.0,654.0,10702.0
29077,2024,178374.0,10212561025.0,57254.0,593.0,10892.0
29099,2010,46062.0,1470872964.0,31933.0,74.0,4170.0
29099,2011,46007.0,1483152090.0,32238.0,73.0,4141.0
29099,2012,45736.0,1495225337.0,32692.0,74.0,4101.0
29099,2013,46234.0,1516789645.0,32807.0,75.0,4120.0
29099,2014,46393.0,1558974273.0,33603.0,75.0,4160.0
29099,2015,46655.0,1626255950.0,34857.0,76.0,4191.0
29099,2016,47785.0,1692764707.0,35425.0,74.0,4174.0
29099,2017,47378.0,1727757278.0,36467.0,77.0,4320.0
29099,2018,48174.0,1821347950.0,37807.0,87.0,4331.0
29099,2019,47947.0,1874530969.0,39096.0,89.0,4438.0
29099,2020,45874.0,1923009279.0,41920.0,91.0,4481.0
29099,2021,46756.0,2038704605.0,43603.0,100.0,4442.0
29099,2022,47493.0,2172158879.0,45736.0,105.0,4552.0
29099,2023,48403.0,2326322875.0,48061.0,117.0,4698.0
29099,2024,49458.0,2453858302.0,49615.0,111.0,4597.0
31053,2010,15946.0,517603250.0,32460.0,,1093.0
31053,2011,16201.0,516551417.0,31884.0,,1097.0
31053,2012,16474.0,530825006.0,32223.0,,1187.0
31053,2013,16613.0,552566420.0,33260.0,,1206.0
31053,2014,16832.0,578929308.0,34394.0,,1200.0
31053,2015,16964.0,603358919.0,35568.0,,1188.0
31053,2016,17096.0,623803644.0,36489.0,,1214.0
31053,2017,17387.0,652866921.0,37550.0,,1207.0
31053,2018,17314.0,689408539.0,39819.0,,1179.0
31053,2019,17378.0,719550361.0,41406.0,,1176.0
31053,2020,17535.0,792605421.0,45202.0,,1145.0
31053,2021,17799.0,827509938.0,46493.0,,1167.0
31053,2022,18357.0,913512097.0,49765.0,14.0,1154.0
31053,2023,18651.0,965562944.0,51771.0,13.0,1117.0
31053,2024,18578.0,1008795176.0,54301.0,15.0,1109.0
31079,2010,33326.0,1102979988.0,33096.0,,1873.0
31079,2011,34114.0,1149075366.0,33684.0,,1900.0
31079,2012,34955.0,1194845107.0,34182.0,,2102.0
31079,2013,35298.0,1227863662.0,34786.0,,2145.0
31079,2014,35227.0,1275642854.0,36212.0,,2164.0
31079,2015,34560.0,1290158626.0,37331.0,,2165.0
31079,2016,34742.0,1315336331.0,37860.0,,2186.0
31079,2017,34927.0,1363864990.0,39049.0,,2172.0
31079,2018,34880.0,1396787818.0,40046.0,,2129.0
31079,2019,34721.0,1440938680.0,41501.0,,2105.0
31079,2020,33035.0,1493050805.0,45196.0,,2056.0
31079,2021,34129.0,1640570954.0,48069.0,,2063.0
31079,2022,34776.0,1762985483.0,50696.0,,2068.0
31079,2023,35612.0,1887224437.0,52994.0,,2026.0
31079,2024,35986.0,1954225531.0,54305.0,,1982.0
31109,2010,152806.0,5689800350.0,37235.0,174.0,8079.0
31109,2011,153760.0,5881269459.0,38250.0,174.0,8106.0
31109,2012,157559.0,6169324374.0,39156.0,194.0,9261.0
31109,2013,160370.0,6342698377.0,39550.0,274.0,9684.0
31109,2014,162804.0,6611459567.0,40610.0,251.0,9907.0
31109,2015,166057.0,6959994796.0,41913.0,306.0,9929.0
31109,2016,168495.0,7197226692.0,42715.0,266.0,10147.0
31109,2017,168467.0,7420540377.0,44048.0,277.0,10263.0
31109,2018,171353.0,7766328973.0,45324.0,283.0,10200.0
31109,2019,172990.0,8057207087.0,46576.0,287.0,10071.0
31109,2020,165194.0,8286060425.0,50160.0,312.0,9819.0
31109,2021,167099.0,8791905345.0,52615.0,335.0,10370.0
31109,2022,169665.0,9332857889.0,55007.0,297.0,10521.0
31109,2023,173373.0,9901789513.0,57113.0,316.0,10164.0
31109,2024,175346.0,10403597981.0,59332.0,278.0,9853.0
31153,2010,59552.0,2184376714.0,36680.0,143.0,3036.0
31153,2011,60277.0,2269727435.0,37655.0,3.0,3068.0
31153,2012,61731.0,2412433133.0,39080.0,121.0,3352.0
31153,2013,63564.0,2526286601.0,39744.0,133.0,3512.0
31153,2014,65154.0,2659295865.0,40816.0,153.0,3690.0
31153,2015,67853.0,2878684793.0,42426.0,120.0,3791.0
31153,2016,69149.0,3013110550.0,43574.0,134.0,3881.0
31153,2017,70382.0,3162039793.0,44927.0,210.0,3958.0
31153,2018,71440.0,3354432284.0,46955.0,180.0,4030.0
31153,2019,73183.0,3567056624.0,48742.0,13.0,4122.0
31153,2020,71092.0,3731260785.0,52485.0,142.0,4166.0
31153,2021,72081.0,3988871373.0,55339.0,172.0,4424.0
31153,2022,73628.0,4138512058.0,56209.0,112.0,4559.0
31153,2023,78868.0,4554378208.0,57747.0,111.0,4560.0
31153,2024,80883.0,4744707101.0,58661.0,45.0,4552.0
31157,2010,16662.0,536999388.0,32228.0,,1249.0
31157,2011,16673.0,563862876.0,33819.0,,1242.0
31157,2012,17013.0,591142350.0,34748.0,,1490.0
31157,2013,16946.0,586390991.0,34604.0,,1529.0
31157,2014,16761.0,602428016.0,35942.0,,1543.0
31157,2015,16903.0,618529283.0,36592.0,,1528.0
31157,2016,17199.0,647874367.0,37669.0,,1544.0
31157,2017,16726.0,635539943.0,37998.0,,1519.0
31157,2018,16623.0,649429459.0,39068.0,,1456.0
31157,2019,16287.0,646152363.0,39674.0,,1416.0
31157,2020,15771.0,656731942.0,41641.0,,1342.0
31157,2021,15759.0,679690930.0,43131.0,,1388.0
31157,2022,15779.0,719296103.0,45587.0,,1364.0
31157,2023,16008.0,778877741.0,48657.0,,1269.0
31157,2024,15975.0,826120916.0,51713.0,,1217.0
32003,2010,797062.0,33581658947.0,42132.0,1728.0,47708.0
32003,2011,801123.0,34062914397.0,42519.0,1812.0,47392.0
32003,2012,816563.0,35190410857.0,43096.0,1314.0,48620.0
32003,2013,838669.0,36488479618.0,43508.0,2239.0,50120.0
32003,2014,873804.0,38519136314.0,44082.0,2692.0,51798.0
32003,2015,908107.0,40876415065.0,45013.0,2145.0,53930.0
32003,2016,936500.0,43685714266.0,46648.0,3086.0,56066.0
32003,2017,964494.0,45712111820.0,47395.0,2363.0,53942.0
32003,2018,995906.0,49042042423.0,49244.0,3498.0,54879.0
32003,2019,1025501.0,51695562350.0,50410.0,3306.0,55876.0
32003,2020,896555.0,49015961200.0,54671.0,2838.0,56745.0
32003,2021,964407.0,55454177373.0,57501.0,2618.0,58034.0
32003,2022,1056764.0,63414124118.0,60008.0,3209.0,62714.0
32003,2023,1098202.0,68052459224.0,61967.0,3331.0,64699.0
32003,2024,1124772.0,73093498839.0,64985.0,2809.0,65312.0
32005,2010,17198.0,658381250.0,38282.0,10.0,1766.0
32005,2011,17271.0,674315953.0,39044.0,17.0,1754.0
32005,2012,17207.0,680828400.0,39568.0,22.0,1778.0
32005,2013,17767.0,711193201.0,40030.0,20.0,1826.0
32005,2014,17971.0,740025098.0,41178.0,29.0,1843.0
32005,2015,18711.0,787627818.0,42095.0,55.0,1878.0
32005,2016,18787.0,812393381.0,43242.0,33.0,1878.0
32005,2017,19088.0,848006608.0,44426.0,35.0,1810.0
32005,2018,19675.0,918255624.0,46671.0,44.0,1835.0
32005,2019,19728.0,960337642.0,48680.0,41.0,1845.0
32005,2020,17923.0,977088870.0,54516.0,44.0,1784.0
32005,2021,18643.0,1118134208.0,59976.0,52.0,1870.0
32005,2022,19633.0,1199200629.0,61080.0,26.0,2005.0
32005,2023,19875.0,1272898906.0,64047.0,33.0,2030.0
32005,2024,20644.0,1430061891.0,69271.0,32.0,2060.0
32007,2010,20908.0,909125327.0,43482.0,,1375.0
32007,2011,22193.0,1023803524.0,46132.0,,1393.0
32007,2012,22734.0,1066614988.0,46918.0,,1407.0
32007,2013,22564.0,1060523659.0,47000.0,,1417.0
32007,2014,22264.0,1056803425.0,47468.0,,1420.0
32007,2015,21474.0,1008795972.0,46978.0,,1431.0
32007,2016,21797.0,1032217669.0,47356.0,,1421.0
32007,2017,22067.0,1086528963.0,49238.0,,1384.0
32007,2018,22453.0,1150534239.0,51242.0,,1364.0
32007,2019,22542.0,1212796962.0,53802.0,,1364.0
32007,2020,21256.0,1220066450.0,57398.0,,1347.0
32007,2021,21569.0,1262710010.0,58542.0,,1355.0
32007,2022,22348.0,1368047677.0,61215.0,1.0,1411.0
32007,2023,22401.0,1416149569.0,63218.0,0.0,1412.0
32007,2024,22205.0,1424769777.0,64165.0,,1413.0
32019,2010,11059.0,388867631.0,35163.0,4.0,1004.0
32019,2011,11161.0,402720433.0,36084.0,,994.0
32019,2012,11162.0,412115090.0,36920.0,,985.0
32019,2013,11500.0,434973444.0,37824.0,4.0,991.0
32019,2014,12175.0,471300752.0,38710.0,,993.0
32019,2015,11413.0,457127957.0,40054.0,,1007.0
32019,2016,11439.0,453460702.0,39642.0,,1015.0
32019,2017,11722.0,482952251.0,41200.0,5.0,1020.0
32019,2018,12112.0,516941539.0,42681.0,6.0,1045.0
32019,2019,12747.0,581051447.0,45583.0,5.0,1051.0
32019,2020,12316.0,595784734.0,48373.0,4.0,1034.0
32019,2021,13388.0,674138815.0,50354.0,,1053.0
32019,2022,14035.0,752772097.0,53637.0,,1117.0
32019,2023,13682.0,758142998.0,55410.0,,1115.0
32019,2024,13744.0,809548156.0,58903.0,,1106.0
32023,2010,10535.0,476214662.0,45203.0,,891.0
32023,2011,10636.0,491345676.0,46196.0,,862.0
32023,2012,10703.0,498581469.0,46584.0,,867.0
32023,2013,10795.0,510968084.0,47333.0,,863.0
32023,2014,11014.0,529146616.0,48044.0,,866.0
32023,2015,11027.0,544863102.0,49413.0,,866.0
32023,2016,11264.0,555551366.0,49321.0,,869.0
32023,2017,11490.0,572889148.0,49862.0,,858.0
32023,2018,12074.0,617363880.0,51133.0,,857.0
32023,2019,12505.0,653959198.0,52295.0,,874.0
32023,2020,12428.0,673650762.0,54202.0,,851.0
32023,2021,12690.0,715769093.0,56402.0,,874.0
32023,2022,13179.0,789140467.0,59879.0,,936.0
32023,2023,13519.0,862342892.0,63786.0,,957.0
32023,2024,13764.0,938755468.0,68204.0,,960.0
32029,2010,2811.0,125388020.0,44608.0,,187.0
32029,2011,3090.0,135336335.0,43793.0,,187.0
32029,2012,3424.0,147781849.0,43162.0,,185.0
32029,2013,3893.0,162020681.0,41616.0,,181.0
32029,2014,4797.0,200760498.0,41848.0,,181.0
32029,2015,5547.0,253750590.0,45743.0,,208.0
32029,2016,6641.0,336106675.0,50610.0,,222.0
32029,2017,11105.0,632578059.0,56964.0,,251.0
32029,2018,17199.0,960409249.0,55842.0,,257.0
32029,2019,17997.0,1064078016.0,59125.0,,237.0
32029,2020,17782.0,1331212648.0,74863.0,,230.0
32029,2021,19258.0,1637629981.0,85035.0,291.0,228.0
32029,2022,19549.0,1593716743.0,81523.0,359.0,243.0
32029,2023,19227.0,1474743521.0,76704.0,121.0,246.0
32029,2024,19320.0,1615733299.0,83629.0,157.0,258.0
32031,2010,183892.0,7778759364.0,42301.0,108.0,13789.0
32031,2011,183827.0,7904093711.0,42997.0,134.0,13602.0
32031,2012,183908.0,8012103865.0,43566.0,142.0,13602.0
32031,2013,188325.0,8298870556.0,44067.0,142.0,13725.0
32031,2014,194123.0,8738575727.0,45016.0,143.0,13936.0
32031,2015,201573.0,9287997732.0,46078.0,198.0,14366.0
32031,2016,209985.0,9851736243.0,46916.0,249.0,14627.0
32031,2017,216508.0,10466205990.0,48341.0,288.0,14550.0
32031,2018,221790.0,11238382005.0,50671.0,784.0,14807.0
32031,2019,226476.0,11871857920.0,52420.0,602.0,15206.0
32031,2020,212585.0,12164349926.0,57221.0,780.0,15076.0
32031,2021,222027.0,13709107270.0,61745.0,815.0,15543.0
32031,2022,233380.0,15003607472.0,64288.0,610.0,16616.0
32031,2023,238729.0,15739565696.0,65931.0,828.0,16847.0
32031,2024,240544.0,16706207925.0,69452.0,737.0,16950.0
32510,2010,27688.0,1214994747.0,43882.0,20.0,2161.0
32510,2011,27442.0,1219122410.0,44425.0,24.0,2157.0
32510,2012,27356.0,1204979012.0,44048.0,160.0,2113.0
32510,2013,27472.0,1230038873.0,44774.0,163.0,2093.0
32510,2014,27711.0,1253957722.0,45251.0,162.0,2062.0
32510,2015,28079.0,1326923160.0,47257.0,168.0,2085.0
32510,2016,28501.0,1349745648.0,47357.0,176.0,2074.0
32510,2017,29865.0,1469446599.0,49203.0,191.0,2041.0
32510,2018,29957.0,1516295667.0,50616.0,23.0,2089.0
32510,2019,30684.0,1602493481.0,52226.0,180.0,2086.0
32510,2020,29355.0,1623622704.0,55310.0,172.0,2045.0
32510,2021,30113.0,1718929825.0,57083.0,157.0,2071.0
32510,2022,30333.0,1838378200.0,60606.0,161.0,2144.0
32510,2023,31327.0,1998080285.0,63781.0,142.0,2119.0
32510,2024,31895.0,2203967389.0,69100.0,152.0,2092.0
35001,2010,311725.0,12899701055.0,41382.0,321.0,17612.0
35001,2011,310346.0,13012270645.0,41928.0,312.0,17653.0
35001,2012,309150.0,13152983371.0,42546.0,513.0,17797.0
35001,2013,311459.0,13255777554.0,42560.0,494.0,17714.0
35001,2014,314610.0,13724433954.0,43624.0,484.0,17848.0
35001,2015,318952.0,14177057287.0,44449.0,552.0,18000.0
35001,2016,324566.0,14670919622.0,45202.0,582.0,18260.0
35001,2017,326579.0,15061734003.0,46120.0,584.0,18301.0
35001,2018,329965.0,15645176860.0,47415.0,592.0,19116.0
35001,2019,334472.0,16438864265.0,49149.0,566.0,20137.0
35001,2020,313802.0,16804103504.0,53550.0,642.0,20509.0
35001,2021,322546.0,17853316540.0,55351.0,648.0,21094.0
35001,2022,337103.0,19491411066.0,57820.0,747.0,22253.0
35001,2023,343914.0,20812042741.0,60515.0,726.0,22358.0
35001,2024,347440.0,22059918766.0,63493.0,743.0,22948.0
35005,2010,21348.0,672042025.0,31480.0,,1728.0
35005,2011,21307.0,678499077.0,31844.0,,1733.0
35005,2012,20804.0,669410243.0,32178.0,,1714.0
35005,2013,20697.0,668841385.0,32315.0,,1705.0
35005,2014,21027.0,708394314.0,33690.0,,1747.0
35005,2015,21628.0,730656795.0,33783.0,,1784.0
35005,2016,21671.0,731347704.0,33748.0,,1826.0
35005,2017,21135.0,728599661.0,34473.0,,1809.0
35005,2018,21126.0,754827761.0,35730.0,,1832.0
35005,2019,21219.0,795277877.0,37480.0,,1886.0
35005,2020,20498.0,812557971.0,39641.0,,1898.0
35005,2021,20804.0,855563707.0,41126.0,,1889.0
35005,2022,21307.0,915569815.0,42970.0,27.0,1896.0
35005,2023,21267.0,962453400.0,45256.0,33.0,1839.0
35005,2024,21658.0,1034557490.0,47769.0,34.0,1805.0
35013,2010,69187.0,2395954706.0,34630.0,,4302.0
35013,2011,69109.0,2405474139.0,34807.0,,4373.0
35013,2012,69246.0,2409452495.0,34796.0,13.0,4324.0
35013,2013,70356.0,2436759578.0,34635.0,14.0,4294.0
35013,2014,70732.0,2497451837.0,35309.0,,4300.0
35013,2015,70746.0,2565193145.0,36259.0,,4412.0
35013,2016,71699.0,2606818006.0,36358.0,0.0,4604.0
35013,2017,71077.0,2660256114.0,37428.0,1.0,4673.0
35013,2018,72730.0,2789558134.0,38355.0,1.0,4854.0
35013,2019,73391.0,2904886927.0,39581.0,2.0,5073.0
35013,2020,70038.0,2969419899.0,42397.0,14.0,5184.0
35013,2021,71488.0,3135945658.0,43867.0,105.0,5266.0
35013,2022,74756.0,3400719737.0,45491.0,120.0,5567.0
35013,2023,77684.0,3750750352.0,48282.0,167.0,5651.0
35013,2024,79409.0,3968334351.0,49974.0,142.0,5817.0
35025,2010,26675.0,1171710537.0,43926.0,,1817.0
35025,2011,28548.0,1335950258.0,46797.0,,1840.0
35025,2012,30161.0,1502657463.0,49821.0,,1918.0
35025,2013,31760.0,1601808722.0,50435.0,,1937.0
35025,2014,33350.0,1780827558.0,53399.0,,1970.0
35025,2015,31441.0,1615561653.0,51384.0,,1979.0
35025,2016,27609.0,1289488338.0,46705.0,,1967.0
35025,2017,28575.0,1427716173.0,49965.0,,1928.0
35025,2018,31778.0,1721634590.0,54176.0,,2023.0
35025,2019,33028.0,1851259113.0,56051.0,,2149.0
35025,2020,28109.0,1491636078.0,53067.0,,2236.0
35025,2021,27218.0,1516952323.0,55734.0,,2228.0
35025,2022,30384.0,1928532123.0,63473.0,30.0,2269.0
35025,2023,32296.0,2153052464.0,66666.0,27.0,2142.0
35025,2024,33770.0,2341655010.0,69342.0,32.0,2195.0
35031,2010,21363.0,668776654.0,31305.0,,1129.0
35031,2011,20944.0,671722803.0,32072.0,,1131.0
35031,2012,21021.0,676590268.0,32187.0,,1134.0
35031,2013,20534.0,654132401.0,31856.0,,1122.0
35031,2014,20164.0,656577473.0,32562.0,,1123.0
35031,2015,20552.0,665936623.0,32403.0,,1245.0
35031,2016,20652.0,682185742.0,33032.0,,1272.0
35031,2017,20712.0,702300853.0,33908.0,,1270.0
35031,2018,20536.0,719766846.0,35050.0,,1265.0
35031,2019,20948.0,785759347.0,37510.0,,1291.0
35031,2020,19445.0,794728965.0,40870.0,,1312.0
35031,2021,19051.0,793890596.0,41671.0,,1306.0
35031,2022,19398.0,827075912.0,42638.0,23.0,1309.0
35031,2023,19828.0,878631393.0,44314.0,21.0,1234.0
35031,2024,19500.0,920924746.0,47226.0,21.0,1225.0
35035,2010,17073.0,558083908.0,32688.0,8.0,1211.0
35035,2011,16955.0,565596454.0,33358.0,11.0,1216.0
35035,2012,17616.0,592393823.0,33629.0,16.0,1226.0
35035,2013,17709.0,595919513.0,33650.0,14.0,1185.0
35035,2014,17352.0,598959661.0,34519.0,8.0,1173.0
35035,2015,17550.0,607102724.0,34593.0,15.0,1136.0
35035,2016,17805.0,624182758.0,35057.0,17.0,1162.0
35035,2017,17345.0,632510257.0,36466.0,26.0,1146.0
35035,2018,17258.0,653194815.0,37849.0,8.0,1177.0
35035,2019,17392.0,681369394.0,39178.0,8.0,1234.0
35035,2020,16824.0,721300054.0,42872.0,10.0,1241.0
35035,2021,17105.0,772655608.0,45172.0,11.0,1266.0
35035,2022,17528.0,811429367.0,46295.0,23.0,1321.0
35035,2023,17520.0,849994323.0,48516.0,24.0,1308.0
35035,2024,17528.0,876711456.0,50017.0,27.0,1328.0
35049,2010,60538.0,2419120901.0,39960.0,23.0,5576.0
35049,2011,60477.0,2446201106.0,40449.0,23.0,5573.0
35049,2012,60250.0,2475469028.0,41087.0,22.0,5586.0
35049,2013,60680.0,2543755701.0,41921.0,27.0,5470.0
35049,2014,60426.0,2582193572.0,42733.0,40.0,5475.0
35049,2015,61229.0,2655542700.0,43370.0,31.0,5485.0
35049,2016,60988.0,2628131237.0,43092.0,31.0,5587.0
35049,2017,60658.0,2636796620.0,43470.0,25.0,5568.0
35049,2018,61314.0,2723314284.0,44416.0,29.0,5787.0
35049,2019,62595.0,2854355631.0,45600.0,30.0,6077.0
35049,2020,56218.0,2796485888.0,49744.0,49.0,6181.0
35049,2021,57950.0,3073552639.0,53038.0,45.0,6419.0
35049,2022,60343.0,3328449625.0,55159.0,188.0,6727.0
35049,2023,61095.0,3543660235.0,58003.0,193.0,6640.0
35049,2024,61826.0,3784890697.0,61218.0,203.0,6768.0
35061,2010,14571.0,409807323.0,28124.0,,1065.0
35061,2011,14445.0,408935303.0,28310.0,,1049.0
35061,2012,13250.0,388003463.0,29284.0,,1039.0
35061,2013,13427.0,397727286.0,29622.0,,1057.0
35061,2014,13080.0,397957271.0,30425.0,,1077.0
35061,2015,13437.0,415050261.0,30888.0,,1127.0
35061,2016,13614.0,423130971.0,31080.0,,1209.0
35061,2017,14141.0,475341449.0,33614.0,,1232.0
35061,2018,15055.0,532183553.0,35349.0,,1305.0
35061,2019,15271.0,556421742.0,36437.0,,1395.0
35061,2020,14885.0,575626153.0,38672.0,,1439.0
35061,2021,15637.0,640757531.0,40978.0,22.0,1480.0
35061,2022,16335.0,698204859.0,42742.0,32.0,1533.0
35061,2023,17052.0,791928812.0,46443.0,34.0,1506.0
35061,2024,17446.0,866053894.0,49642.0,35.0,1532.0
37001,2010,54857.0,1867338101.0,34040.0,,3425.0
37001,2011,56303.0,1950832913.0,34649.0,,3397.0
37001,2012,57312.0,2013798635.0,35137.0,159.0,3426.0
37001,2013,57436.0,2075416527.0,36135.0,154.0,3350.0
37001,2014,57781.0,2089319479.0,36159.0,,3337.0
37001,2015,58102.0,2157732975.0,37137.0,142.0,3375.0
37001,2016,59624.0,2306255393.0,38680.0,127.0,3361.0
37001,2017,60226.0,2412024394.0,40050.0,,3439.0
37001,2018,61150.0,2509694998.0,41042.0,,3485.0
37001,2019,62633.0,2646040217.0,42247.0,,3587.0
37001,2020,59780.0,2746465359.0,45943.0,7.0,3729.0
37001,2021,62728.0,3056688573.0,48729.0,9.0,3903.0
37001,2022,63536.0,3226790826.0,50787.0,27.0,4351.0
37001,2023,66553.0,3391829126.0,50964.0,33.0,4351.0
37001,2024,67668.0,3552733962.0,52502.0,35.0,4409.0
37027,2010,24481.0,743954085.0,30389.0,,1444.0
37027,2011,24239.0,747348121.0,30832.0,,1417.0
37027,2012,23102.0,730858540.0,31636.0,,1412.0
37027,2013,22951.0,734144281.0,31988.0,,1378.0
37027,2014,22782.0,744037002.0,32659.0,,1362.0
37027,2015,23326.0,800743353.0,34328.0,,1373.0
37027,2016,24103.0,854722813.0,35462.0,,1364.0
37027,2017,24838.0,932245011.0,37533.0,,1370.0
37027,2018,25218.0,999035523.0,39617.0,,1367.0
37027,2019,25251.0,1019229627.0,40364.0,20.0,1376.0
37027,2020,24783.0,1057725347.0,42679.0,,1422.0
37027,2021,24484.0,1120888281.0,45780.0,,1454.0
37027,2022,25081.0,1227661978.0,48947.0,,1537.0
37027,2023,25375.0,1239353952.0,48842.0,,1588.0
37027,2024,25506.0,1290739795.0,50605.0,,1594.0
37031,2010,21938.0,623883906.0,28439.0,,2223.0
37031,2011,21412.0,619226242.0,28919.0,37.0,2221.0
37031,2012,22058.0,644153067.0,29202.0,39.0,2187.0
37031,2013,22097.0,654384074.0,29615.0,39.0,2107.0
37031,2014,22444.0,677569690.0,30190.0,39.0,2112.0
37031,2015,22752.0,708531331.0,31141.0,41.0,2147.0
37031,2016,23099.0,736935510.0,31904.0,42.0,2160.0
37031,2017,23510.0,782405530.0,33279.0,44.0,2187.0
37031,2018,23456.0,810955714.0,34573.0,45.0,2216.0
37031,2019,23681.0,858839844.0,36266.0,43.0,2279.0
37031,2020,22669.0,869747720.0,38368.0,18.0,2350.0
37031,2021,23505.0,951940046.0,40500.0,,2390.0
37031,2022,24055.0,1019797107.0,42395.0,,2551.0
37031,2023,24724.0,1088061964.0,44008.0,,2729.0
37031,2024,25022.0,1143702460.0,45708.0,,2721.0
37035,2010,77148.0,2724055009.0,35309.0,50.0,4382.0
37035,2011,78213.0,2843683845.0,36358.0,64.0,4367.0
37035,2012,78956.0,2878869031.0,36462.0,72.0,4383.0
37035,2013,80375.0,2955036639.0,36766.0,86.0,4282.0
37035,2014,81746.0,3089339169.0,37792.0,82.0,4245.0
37035,2015,83150.0,3330625417.0,40056.0,72.0,4282.0
37035,2016,85479.0,3450263655.0,40364.0,77.0,4367.0
37035,2017,87440.0,3680067114.0,42087.0,93.0,4397.0
37035,2018,88303.0,3811142186.0,43160.0,97.0,4423.0
37035,2019,88574.0,3917505305.0,44229.0,86.0,4498.0
37035,2020,83739.0,3904720195.0,46630.0,53.0,4617.0
37035,2021,86338.0,4327175465.0,50119.0,72.0,4704.0
37035,2022,89741.0,4789243336.0,53368.0,42.0,4997.0
37035,2023,90117.0,4903266302.0,54410.0,,5245.0
37035,2024,89388.0,4984352812.0,55761.0,,5206.0
37057,2010,38782.0,1221908660.0,31507.0,,2884.0
37057,2011,39062.0,1251819758.0,32047.0,,2837.0
37057,2012,40492.0,1344633477.0,33208.0,,2833.0
37057,2013,41020.0,1388855199.0,33858.0,,2795.0
37057,2014,41302.0,1445252440.0,34992.0,,2807.0
37057,2015,41837.0,1524067757.0,36429.0,,2817.0
37057,2016,43104.0,1608301766.0,37312.0,,2835.0
37057,2017,43370.0,1698171926.0,39156.0,,2842.0
37057,2018,43830.0,1763089105.0,40226.0,,2854.0
37057,2019,44101.0,1825932479.0,41403.0,,2870.0
37057,2020,42612.0,1861134302.0,43676.0,,2974.0
37057,2021,44068.0,2077445379.0,47142.0,3.0,3049.0
37057,2022,45476.0,2276897853.0,50068.0,4.0,3225.0
37057,2023,46349.0,2397048187.0,51717.0,5.0,3399.0
37057,2024,46653.0,2546955735.0,54593.0,,3388.0
37069,2010,11525.0,391828583.0,33997.0,,1099.0
37069,2011,11831.0,401562833.0,33943.0,,1113.0
37069,2012,11912.0,409116130.0,34346.0,,1092.0
37069,2013,11302.0,402990265.0,35656.0,,1047.0
37069,2014,11187.0,427949907.0,38254.0,,1063.0
37069,2015,11360.0,447371633.0,39382.0,,1076.0
37069,2016,11517.0,460362133.0,39973.0,,1111.0
37069,2017,11875.0,494500066.0,41641.0,,1131.0
37069,2018,12306.0,530424424.0,43103.0,,1157.0
37069,2019,12167.0,531488376.0,43681.0,,1191.0
37069,2020,11974.0,566871033.0,47344.0,,1244.0
37069,2021,12254.0,593017404.0,48393.0,,1310.0
37069,2022,12850.0,649820848.0,50571.0,,1466.0
37069,2023,13448.0,719425037.0,53495.0,,1620.0
37069,2024,13747.0,786001048.0,57174.0,,1676.0
37135,2010,60631.0,2855910756.0,47103.0,71.0,3699.0
37135,2011,60970.0,2911669184.0,47756.0,20.0,3723.0
37135,2012,61744.0,3040587757.0,49245.0,82.0,3779.0
37135,2013,63809.0,3200240834.0,50153.0,121.0,3726.0
37135,2014,65678.0,3326857192.0,50654.0,154.0,3843.0
37135,2015,66993.0,3495587026.0,52178.0,211.0,3967.0
37135,2016,70294.0,3731507366.0,53085.0,245.0,4030.0
37135,2017,70693.0,3841749866.0,54344.0,245.0,3969.0
37135,2018,72882.0,4134436088.0,56728.0,87.0,4054.0
37135,2019,73386.0,4352972119.0,59316.0,107.0,4099.0
37135,2020,69795.0,4496846260.0,64430.0,340.0,4426.0
37135,2021,72097.0,4923989063.0,68297.0,471.0,4655.0
37135,2022,75629.0,5399116520.0,71390.0,261.0,5084.0
37135,2023,77843.0,5837813460.0,74995.0,279.0,5473.0
37135,2024,78431.0,6213944027.0,79229.0,312.0,5494.0
37151,2010,44333.0,1366986348.0,30834.0,,2668.0
37151,2011,44601.0,1398326119.0,31352.0,,2671.0
37151,2012,44682.0,1450146074.0,32455.0,,2662.0
37151,2013,43507.0,1437581177.0,33042.0,,2547.0
37151,2014,43934.0,1457771573.0,33181.0,,2544.0
37151,2015,44398.0,1520414687.0,34245.0,,2586.0
37151,2016,44800.0,1547778830.0,34549.0,,2573.0
37151,2017,44777.0,1587306656.0,35449.0,,2535.0
37151,2018,44876.0,1634955797.0,36432.0,,2536.0
37151,2019,45194.0,1701055220.0,37639.0,,2553.0
37151,2020,42609.0,1708846861.0,40106.0,,2577.0
37151,2021,43104.0,1823464160.0,42303.0,,2671.0
37151,2022,43530.0,1945338354.0,44690.0,,2837.0
37151,2023,42455.0,1985798966.0,46774.0,,2973.0
37151,2024,44093.0,2277969561.0,51663.0,,3042.0
37161,2010,17648.0,522012851.0,29580.0,,1326.0
37161,2011,17736.0,533762204.0,30095.0,,1344.0
37161,2012,18209.0,575084665.0,31582.0,,1354.0
37161,2013,18031.0,554813206.0,30771.0,,1297.0
37161,2014,18260.0,571030446.0,31272.0,,1307.0
37161,2015,18157.0,584187563.0,32174.0,,1294.0
37161,2016,18141.0,605980936.0,33403.0,,1300.0
37161,2017,17965.0,611555972.0,34042.0,,1294.0
37161,2018,18334.0,650815022.0,35497.0,,1278.0
37161,2019,18741.0,686522769.0,36633.0,,1279.0
37161,2020,17407.0,677183377.0,38903.0,,1325.0
37161,2021,17949.0,737500187.0,41089.0,,1340.0
37161,2022,18393.0,804809129.0,43756.0,,1420.0
37161,2023,18324.0,831816220.0,45395.0,,1508.0
37161,2024,17994.0,865978397.0,48125.0,,1498.0
37163,2010,18961.0,580886424.0,30635.0,,1193.0
37163,2011,18927.0,587763195.0,31054.0,,1181.0
37163,2012,18894.0,596538316.0,31574.0,,1203.0
37163,2013,18493.0,600068427.0,32449.0,,1188.0
37163,2014,18523.0,605736890.0,32702.0,,1176.0
37163,2015,18363.0,635061628.0,34584.0,,1167.0
37163,2016,18408.0,651589922.0,35396.0,,1144.0
37163,2017,18313.0,673499737.0,36776.0,,1146.0
37163,2018,18452.0,697712710.0,37813.0,,1151.0
37163,2019,18318.0,711905074.0,38864.0,,1173.0
37163,2020,17402.0,717513336.0,41231.0,,1185.0
37163,2021,17314.0,745303966.0,43047.0,,1202.0
37163,2022,17591.0,813624100.0,46251.0,,1271.0
37163,2023,17134.0,812894818.0,47442.0,,1314.0
37163,2024,17090.0,852338963.0,49873.0,,1258.0
37193,2010,20500.0,631717607.0,30816.0,,1342.0
37193,2011,20892.0,650719359.0,31146.0,,1357.0
37193,2012,20819.0,662689704.0,31831.0,,1353.0
37193,2013,20633.0,655667049.0,31777.0,,1304.0
37193,2014,20850.0,683317003.0,32774.0,,1260.0
37193,2015,21219.0,721642230.0,34010.0,,1272.0
37193,2016,21826.0,750738495.0,34397.0,,1290.0
37193,2017,22371.0,795186819.0,35546.0,,1318.0
37193,2018,21926.0,795439185.0,36279.0,,1310.0
37193,2019,21187.0,805128303.0,38000.0,,1305.0
37193,2020,19982.0,798596405.0,39966.0,,1336.0
37193,2021,19864.0,838531436.0,42215.0,,1326.0
37193,2022,19772.0,892682383.0,45149.0,21.0,1366.0
37193,2023,19025.0,866959976.0,45570.0,22.0,1408.0
37193,2024,18933.0,908853840.0,48003.0,22.0,1388.0
39045,2010,39029.0,1268593990.0,32504.0,,2770.0
39045,2011,39324.0,1304836739.0,33182.0,,2813.0
39045,2012,40082.0,1349347990.0,33665.0,,2796.0
39045,2013,41003.0,1386723896.0,33820.0,,2761.0
39045,2014,41230.0,1427272938.0,34617.0,,2784.0
39045,2015,42154.0,1490361439.0,35355.0,,2844.0
39045,2016,42562.0,1542064074.0,36231.0,,2875.0
39045,2017,43697.0,1685394892.0,38570.0,,2950.0
39045,2018,43855.0,1686545089.0,38458.0,,2994.0
39045,2019,44048.0,1755657931.0,39858.0,4.0,3051.0
39045,2020,42120.0,1824734799.0,43322.0,7.0,3122.0
39045,2021,42924.0,1962976753.0,45732.0,7.0,3221.0
39045,2022,43983.0,2121111571.0,48225.0,120.0,3340.0
39045,2023,45993.0,2287809165.0,49742.0,127.0,3421.0
39045,2024,47292.0,2488889306.0,52628.0,126.0,3510.0
39049,2010,647397.0,29970185446.0,46293.0,3365.0,29218.0
39049,2011,657347.0,31250054958.0,47540.0,3520.0,29663.0
39049,2012,671692.0,33099350770.0,49278.0,3634.0,29780.0
39049,2013,689994.0,34192618732.0,49555.0,4631.0,29911.0
39049,2014,705790.0,35928853917.0,50906.0,4382.0,30148.0
39049,2015,721581.0,38115630441.0,52822.0,4546.0,30579.0
39049,2016,738559.0,39247216725.0,53140.0,4554.0,31376.0
39049,2017,749025.0,40943495262.0,54662.0,4703.0,32097.0
39049,2018,756883.0,42668279102.0,56374.0,5042.0,32580.0
39049,2019,765429.0,44379980416.0,57981.0,5183.0,33756.0
39049,2020,727016.0,45718355278.0,62885.0,4758.0,34674.0
39049,2021,743438.0,48628531917.0,65410.0,4815.0,36466.0
39049,2022,763679.0,51916032930.0,67982.0,4989.0,38346.0
39049,2023,772337.0,54168059645.0,70135.0,5709.0,39300.0
39049,2024,779560.0,57048102260.0,73180.0,6035.0,40020.0
39057,2010,66929.0,3215871275.0,48049.0,604.0,3283.0
39057,2011,68023.0,3340768413.0,49112.0,514.0,3309.0
39057,2012,67809.0,3352251888.0,49437.0,382.0,3265.0
39057,2013,67936.0,3320345770.0,48874.0,332.0,3264.0
39057,2014,68622.0,3465492305.0,50501.0,305.0,3308.0
39057,2015,70937.0,3646978165.0,51411.0,265.0,3479.0
39057,2016,71731.0,3762013898.0,52446.0,230.0,3477.0
39057,2017,74204.0,3981624986.0,53658.0,313.0,3546.0
39057,2018,75963.0,4187519914.0,55126.0,382.0,3587.0
39057,2019,76486.0,4390725264.0,57406.0,352.0,3701.0
39057,2020,73770.0,4552362304.0,61711.0,212.0,3770.0
39057,2021,75021.0,4826246286.0,64332.0,144.0,3854.0
39057,2022,76173.0,5046971533.0,66257.0,334.0,4002.0
39057,2023,78410.0,5455484641.0,69576.0,319.0,4113.0
39057,2024,80197.0,5798356661.0,72302.0,319.0,4168.0
39061,2010,483074.0,24390369731.0,50490.0,534.0,23300.0
39061,2011,484110.0,25148483626.0,51948.0,602.0,23341.0
39061,2012,490070.0,26611014254.0,54300.0,610.0,23248.0
39061,2013,493751.0,26931659372.0,54545.0,740.0,23228.0
39061,2014,499116.0,28128454048.0,56357.0,728.0,23189.0
39061,2015,505396.0,28552668031.0,56496.0,798.0,23359.0
39061,2016,509034.0,29261092587.0,57484.0,752.0,23658.0
39061,2017,515161.0,30321396405.0,58858.0,755.0,23877.0
39061,2018,518172.0,31302968719.0,60410.0,871.0,23900.0
39061,2019,520766.0,32949630309.0,63271.0,1000.0,24391.0
39061,2020,487691.0,33186051924.0,68047.0,1481.0,24816.0
39061,2021,497285.0,34948226133.0,70278.0,1522.0,25599.0
39061,2022,510941.0,36856837732.0,72135.0,2046.0,26606.0
39061,2023,515944.0,38008251319.0,73667.0,2112.0,26866.0
39061,2024,515652.0,39666129124.0,76924.0,2119.0,27215.0
39077,2010,20404.0,714994695.0,35041.0,76.0,1343.0
39077,2011,20364.0,725551088.0,35629.0,74.0,1339.0
39077,2012,20379.0,744033598.0,36509.0,78.0,1308.0
39077,2013,20136.0,747849313.0,37140.0,84.0,1299.0
39077,2014,20125.0,763886486.0,37957.0,80.0,1276.0
39077,2015,20300.0,795533876.0,39188.0,79.0,1266.0
39077,2016,21036.0,820142069.0,38988.0,79.0,1287.0
39077,2017,21032.0,846253455.0,40236.0,79.0,1291.0
39077,2018,21199.0,891370725.0,42049.0,81.0,1293.0
39077,2019,21292.0,912552837.0,42859.0,84.0,1324.0
39077,2020,19807.0,909167128.0,45902.0,67.0,1323.0
39077,2021,20660.0,977646899.0,47322.0,75.0,1344.0
39077,2022,21241.0,1052921315.0,49571.0,77.0,1382.0
39077,2023,21654.0,1127678544.0,52078.0,79.0,1406.0
39077,2024,21414.0,1139774252.0,53225.0,78.0,1419.0
39089,2010,50308.0,1782902183.0,35440.0,98.0,3178.0
39089,2011,51759.0,1872728018.0,36182.0,101.0,3208.0
39089,2012,52566.0,1929252263.0,36702.0,84.0,3197.0
39089,2013,51088.0,1910971371.0,37406.0,89.0,3149.0
39089,2014,51992.0,2004331711.0,38551.0,119.0,3179.0
39089,2015,53101.0,2117930451.0,39885.0,110.0,3282.0
39089,2016,53504.0,2176098646.0,40671.0,93.0,3336.0
39089,2017,56229.0,2292177739.0,40765.0,81.0,3367.0
39089,2018,59960.0,2537000066.0,42312.0,83.0,3454.0
39089,2019,63633.0,2764192538.0,43440.0,98.0,3514.0
39089,2020,68244.0,3107654357.0,45538.0,128.0,3548.0
39089,2021,74622.0,3530054572.0,47306.0,190.0,3653.0
39089,2022,71363.0,3652712512.0,51185.0,148.0,3779.0
39089,2023,70045.0,3799443683.0,54243.0,160.0,3892.0
39089,2024,72111.0,4187167587.0,58066.0,260.0,3996.0
39095,2010,197922.0,7994193760.0,40391.0,59.0,10358.0
39095,2011,199327.0,8292304458.0,41601.0,93.0,10331.0
39095,2012,201188.0,8632875170.0,42909.0,135.0,10137.0
39095,2013,202137.0,8674587200.0,42914.0,126.0,10075.0
39095,2014,204692.0,9067371990.0,44298.0,127.0,10004.0
39095,2015,207836.0,9441834562.0,45429.0,102.0,10039.0
39095,2016,209850.0,9665009332.0,46057.0,78.0,10064.0
39095,2017,206670.0,9686767384.0,46871.0,62.0,10164.0
39095,2018,209708.0,10163662587.0,48466.0,70.0,10129.0
39095,2019,209643.0,10515505781.0,50159.0,202.0,10164.0
39095,2020,192062.0,10225777987.0,53242.0,240.0,10199.0
39095,2021,194391.0,10772972513.0,55419.0,268.0,10533.0
39095,2022,196355.0,11407471165.0,58096.0,608.0,10797.0
39095,2023,196306.0,11774820051.0,59982.0,627.0,10893.0
39095,2024,194869.0,12126860081.0,62231.0,389.0,10950.0
39103,2010,56310.0,2017125147.0,35822.0,,4286.0
39103,2011,56946.0,2086978790.0,36648.0,,4351.0
39103,2012,57950.0,2166291238.0,37382.0,,4365.0
39103,2013,58066.0,2207024617.0,38009.0,,4363.0
39103,2014,58785.0,2305706181.0,39223.0,,4389.0
39103,2015,58962.0,2374401012.0,40270.0,,4465.0
39103,2016,60041.0,2462249887.0,41010.0,19.0,4472.0
39103,2017,60639.0,2551716526.0,42081.0,17.0,4530.0
39103,2018,61127.0,2642594250.0,43231.0,20.0,4579.0
39103,2019,61330.0,2733631240.0,44572.0,33.0,4609.0
39103,2020,57050.0,2768004976.0,48519.0,44.0,4639.0
39103,2021,58711.0,3086641971.0,52573.0,51.0,4771.0
39103,2022,60476.0,3275231406.0,54157.0,267.0,4982.0
39103,2023,62042.0,3481874442.0,56122.0,262.0,5109.0
39103,2024,62902.0,3653084037.0,58076.0,246.0,5238.0
39113,2010,239472.0,9863900523.0,41190.0,723.0,12285.0
39113,2011,241766.0,10125505905.0,41881.0,686.0,12272.0
39113,2012,243104.0,10368101742.0,42649.0,3454.0,12126.0
39113,2013,242220.0,10400132264.0,42937.0,3328.0,11983.0
39113,2014,245950.0,10750149292.0,43709.0,3217.0,11932.0
39113,2015,249350.0,11195642373.0,44899.0,3129.0,11939.0
39113,2016,252750.0,11402911464.0,45115.0,3136.0,11933.0
39113,2017,254680.0,11759927848.0,46175.0,2964.0,11873.0
39113,2018,254513.0,12124373099.0,47638.0,2775.0,11872.0
39113,2019,255736.0,12589094015.0,49227.0,2618.0,12091.0
39113,2020,240012.0,12677392602.0,52820.0,2437.0,12263.0
39113,2021,241329.0,13286916524.0,55057.0,2303.0,12525.0
39113,2022,245844.0,14090391580.0,57314.0,844.0,12900.0
39113,2023,248053.0,14749896232.0,59463.0,877.0,13083.0
39113,2024,250085.0,15364884198.0,61439.0,795.0,13276.0
39129,2010,13787.0,515430701.0,37386.0,,876.0
39129,2011,13630.0,538558032.0,39513.0,,888.0
39129,2012,13518.0,526064588.0,38915.0,,875.0
39129,2013,13838.0,537157823.0,38819.0,,872.0
39129,2014,13584.0,542332493.0,39925.0,,886.0
39129,2015,13773.0,560365572.0,40686.0,,902.0
39129,2016,13568.0,560945733.0,41344.0,,907.0
39129,2017,13646.0,600520326.0,44006.0,,907.0
39129,2018,14033.0,634631763.0,45223.0,,930.0
39129,2019,13913.0,637993905.0,45858.0,,958.0
39129,2020,13465.0,661278238.0,49111.0,,985.0
39129,2021,14301.0,728138668.0,50915.0,,1016.0
39129,2022,14841.0,805825517.0,54297.0,37.0,1052.0
39129,2023,16953.0,968873130.0,57151.0,59.0,1067.0
39129,2024,16097.0,917383446.0,56992.0,39.0,1082.0
39133,2010,49643.0,1856030214.0,37388.0,131.0,3225.0
39133,2011,50886.0,1953605158.0,38392.0,127.0,3237.0
39133,2012,51922.0,2058911077.0,39654.0,136.0,3238.0
39133,2013,52064.0,2089858812.0,40140.0,159.0,3207.0
39133,2014,53676.0,2191141706.0,40821.0,161.0,3187.0
39133,2015,54328.0,2301044420.0,42355.0,37.0,3234.0
39133,2016,54470.0,2287830847.0,42002.0,41.0,3263.0
39133,2017,54507.0,2377960724.0,43627.0,32.0,3320.0
39133,2018,54703.0,2446292517.0,44720.0,40.0,3344.0
39133,2019,55116.0,2529440333.0,45893.0,22.0,3378.0
39133,2020,51746.0,2501451175.0,48341.0,21.0,3388.0
39133,2021,52330.0,2702851715.0,51650.0,14.0,3505.0
39133,2022,54283.0,2876455676.0,52990.0,118.0,3663.0
39133,2023,56575.0,3143787390.0,55569.0,165.0,3732.0
39133,2024,56561.0,3261833774.0,57670.0,138.0,3770.0
39143,2010,25411.0,861485438.0,33902.0,,1434.0
39143,2011,25689.0,877345417.0,34152.0,,1440.0
39143,2012,25556.0,895253049.0,35031.0,,1443.0
39143,2013,25488.0,939800290.0,36872.0,,1425.0
39143,2014,25786.0,971910334.0,37691.0,,1417.0
39143,2015,26086.0,998505905.0,38277.0,,1417.0
39143,2016,25925.0,1000953096.0,38609.0,,1390.0
39143,2017,26256.0,1049763151.0,39982.0,,1395.0
39143,2018,26015.0,1070033197.0,41132.0,,1411.0
39143,2019,25564.0,1071051487.0,41898.0,,1406.0
39143,2020,23845.0,1064615438.0,44648.0,,1394.0
39143,2021,24786.0,1157869694.0,46714.0,,1456.0
39143,2022,24934.0,1225635145.0,49156.0,49.0,1460.0
39143,2023,25391.0,1311951720.0,51671.0,47.0,1453.0
39143,2024,24936.0,1313546298.0,52676.0,48.0,1468.0
39147,2010,18563.0,590429864.0,31808.0,,1257.0
39147,2011,18792.0,603960460.0,32140.0,46.0,1255.0
39147,2012,18515.0,612157259.0,33063.0,52.0,1245.0
39147,2013,18306.0,607911895.0,33209.0,56.0,1211.0
39147,2014,18486.0,629386775.0,34047.0,59.0,1192.0
39147,2015,19025.0,657331449.0,34551.0,58.0,1176.0
39147,2016,19256.0,678650199.0,35244.0,56.0,1182.0
39147,2017,19360.0,700395347.0,36177.0,62.0,1159.0
39147,2018,19458.0,723305204.0,37174.0,67.0,1155.0
39147,2019,19581.0,746591545.0,38129.0,70.0,1172.0
39147,2020,18336.0,760912459.0,41499.0,64.0,1152.0
39147,2021,18574.0,809402116.0,43577.0,65.0,1172.0
39147,2022,18759.0,857508928.0,45712.0,62.0,1188.0
39147,2023,19133.0,897784890.0,46923.0,56.0,1229.0
39147,2024,19092.0,939331547.0,49201.0,49.0,1256.0
39153,2010,252634.0,10661678274.0,42202.0,1129.0,14428.0
39153,2011,254006.0,10939743117.0,43069.0,1173.0,14378.0
39153,2012,255904.0,11332039471.0,44282.0,1214.0,14293.0
39153,2013,256668.0,11400750028.0,44418.0,1384.0,14132.0
39153,2014,260173.0,11894348576.0,45717.0,1389.0,14026.0
39153,2015,264051.0,12425391647.0,47057.0,1538.0,14085.0
39153,2016,266282.0,12698758023.0,47689.0,1781.0,14213.0
39153,2017,266989.0,12864802859.0,48185.0,1990.0,14321.0
39153,2018,266964.0,13221495421.0,49525.0,2208.0,14317.0
39153,2019,267461.0,13520192358.0,50550.0,1296.0,14489.0
39153,2020,251456.0,13556047596.0,53910.0,1225.0,14674.0
39153,2021,254952.0,14478953552.0,56791.0,1149.0,15095.0
39153,2022,258539.0,15218277563.0,58863.0,1164.0,15427.0
39153,2023,261763.0,15893816016.0,60718.0,1203.0,15658.0
39153,2024,261045.0,16412252968.0,62871.0,1255.0,15834.0
39159,2010,25915.0,1371810737.0,52935.0,,1161.0
39159,2011,25991.0,1391470815.0,53537.0,,1168.0
39159,2012,27646.0,1454905972.0,52627.0,,1148.0
39159,2013,28925.0,1560207716.0,53940.0,,1120.0
39159,2014,30035.0,1650902013.0,54967.0,,1140.0
39159,2015,31051.0,1729398165.0,55695.0,,1207.0
39159,2016,31542.0,1794588257.0,56896.0,,1227.0
39159,2017,32978.0,1929777254.0,58517.0,,1273.0
39159,2018,34319.0,2008284542.0,58518.0,,1320.0
39159,2019,33532.0,2013122083.0,60036.0,,1333.0
39159,2020,32137.0,2047326304.0,63706.0,,1382.0
39159,2021,32701.0,2123326248.0,64932.0,,1450.0
39159,2022,33295.0,2360635857.0,70900.0,50.0,1518.0
39159,2023,34106.0,2265610563.0,66429.0,48.0,1524.0
39159,2024,34660.0,2566199650.0,74039.0,48.0,1580.0
40041,2010,8559.0,234256326.0,27368.0,17.0,782.0
40041,2011,8681.0,239983510.0,27646.0,16.0,761.0
40041,2012,8495.0,242638157.0,28564.0,17.0,770.0
40041,2013,8510.0,244951921.0,28784.0,17.0,778.0
40041,2014,8664.0,249265947.0,28771.0,17.0,784.0
40041,2015,8715.0,266599043.0,30590.0,18.0,788.0
40041,2016,8899.0,272455091.0,30616.0,19.0,794.0
40041,2017,9275.0,289644321.0,31230.0,18.0,819.0
40041,2018,8788.0,286127106.0,32558.0,16.0,802.0
40041,2019,9047.0,300831103.0,33251.0,16.0,823.0
40041,2020,8848.0,309392051.0,34968.0,16.0,851.0
40041,2021,9042.0,325749888.0,36025.0,15.0,841.0
40041,2022,9692.0,377200178.0,38920.0,13.0,900.0
40041,2023,9628.0,394098739.0,40933.0,20.0,960.0
40041,2024,9636.0,409733023.0,42520.0,13.0,942.0
40087,2010,7555.0,236723750.0,31335.0,,857.0
40087,2011,7693.0,245632372.0,31931.0,,879.0
40087,2012,8321.0,267115800.0,32103.0,,904.0
40087,2013,8581.0,289698849.0,33759.0,,923.0
40087,2014,8629.0,301409459.0,34931.0,,939.0
40087,2015,8825.0,308359498.0,34942.0,,977.0
40087,2016,8833.0,312022726.0,35323.0,,1009.0
40087,2017,9207.0,329400537.0,35778.0,,1049.0
40087,2018,9734.0,372114628.0,38229.0,,1070.0
40087,2019,9599.0,374375288.0,39000.0,,1094.0
40087,2020,9617.0,385999863.0,40139.0,,1103.0
40087,2021,9743.0,402603902.0,41321.0,,1120.0
40087,2022,10315.0,455001329.0,44113.0,,1193.0
40087,2023,12080.0,572753139.0,47412.0,,1297.0
40087,2024,12439.0,592722171.0,47650.0,3.0,1302.0
40097,2010,10580.0,358763071.0,33908.0,,844.0
40097,2011,10752.0,369613067.0,34378.0,,835.0
40097,2012,11443.0,411116251.0,35928.0,,854.0
40097,2013,12108.0,449845052.0,37153.0,,870.0
40097,2014,12248.0,484135017.0,39526.0,,873.0
40097,2015,12737.0,519663345.0,40798.0,,877.0
40097,2016,12539.0,515534962.0,41115.0,,877.0
40097,2017,12281.0,518488826.0,42218.0,,880.0
40097,2018,13093.0,572375641.0,43715.0,,891.0
40097,2019,12883.0,584148821.0,45343.0,,907.0
40097,2020,12496.0,594968439.0,47614.0,,928.0
40097,2021,12478.0,611804483.0,49032.0,,932.0
40097,2022,12847.0,657320660.0,51167.0,,982.0
40097,2023,13144.0,718924896.0,54695.0,5.0,1037.0
40097,2024,13938.0,797409293.0,57213.0,6.0,1025.0
40111,2010,9850.0,298381279.0,30292.0,,749.0
40111,2011,9790.0,301042458.0,30752.0,,739.0
40111,2012,9671.0,305485382.0,31588.0,,751.0
40111,2013,10015.0,344431034.0,34391.0,,754.0
40111,2014,9775.0,328391735.0,33597.0,,751.0
40111,2015,9777.0,337344274.0,34503.0,,746.0
40111,2016,9751.0,334953354.0,34351.0,,760.0
40111,2017,9667.0,340952825.0,35270.0,,765.0
40111,2018,9558.0,357005801.0,37351.0,,762.0
40111,2019,9470.0,363384431.0,38371.0,,762.0
40111,2020,9417.0,390802767.0,41500.0,,758.0
40111,2021,9243.0,378697815.0,40970.0,,761.0
40111,2022,9586.0,417528405.0,43555.0,,802.0
40111,2023,10014.0,452201028.0,45157.0,,839.0
40111,2024,10276.0,490328604.0,47716.0,,824.0
40135,2010,8735.0,216652884.0,24803.0,15.0,639.0
40135,2011,8794.0,221456960.0,25184.0,16.0,632.0
40135,2012,9044.0,228148793.0,25228.0,17.0,632.0
40135,2013,9127.0,230268333.0,25229.0,,625.0
40135,2014,9071.0,237400999.0,26172.0,,624.0
40135,2015,9109.0,241742183.0,26540.0,,645.0
40135,2016,8776.0,239002654.0,27234.0,,665.0
40135,2017,8993.0,249032230.0,27693.0,,682.0
40135,2018,8855.0,250936271.0,28339.0,,698.0
40135,2019,9546.0,301193407.0,31553.0,,703.0
40135,2020,9203.0,294158815.0,31963.0,,715.0
40135,2021,9152.0,301661689.0,32963.0,,711.0
40135,2022,9228.0,322598896.0,34958.0,,735.0
40135,2023,9437.0,346260094.0,36691.0,,763.0
40135,2024,9480.0,360704431.0,38050.0,,767.0
41003,2010,34293.0,1476589553.0,43058.0,14.0,2309.0
41003,2011,34348.0,1500649018.0,43690.0,3.0,2327.0
41003,2012,34309.0,1540854430.0,44912.0,10.0,2369.0
41003,2013,34295.0,1560359038.0,45498.0,221.0,2368.0
41003,2014,35057.0,1622848584.0,46291.0,183.0,2465.0
41003,2015,36163.0,1697057814.0,46928.0,241.0,2577.0
41003,2016,36674.0,1791522505.0,48849.0,212.0,2648.0
41003,2017,37643.0,1885451511.0,50087.0,193.0,2703.0
41003,2018,38072.0,1986881140.0,52187.0,89.0,2767.0
41003,2019,38210.0,2039024152.0,53364.0,202.0,2847.0
41003,2020,35627.0,2068560246.0,58062.0,75.0,2907.0
41003,2021,36287.0,2254302807.0,62125.0,34.0,3044.0
41003,2022,37715.0,2360423612.0,62586.0,24.0,3170.0
41003,2023,38757.0,2514813461.0,64886.0,108.0,3332.0
41003,2024,38636.0,2594896712.0,67162.0,103.0,3121.0
41007,2010,16481.0,517439714.0,31397.0,,1590.0
41007,2011,16439.0,533213274.0,32435.0,,1587.0
41007,2012,16696.0,548609659.0,32859.0,,1589.0
41007,2013,16878.0,568681983.0,33694.0,,1559.0
41007,2014,17025.0,582585861.0,34220.0,,1550.0
41007,2015,17575.0,617133995.0,35114.0,5.0,1611.0
41007,2016,18134.0,645481045.0,35595.0,,1626.0
41007,2017,18451.0,678934523.0,36797.0,,1691.0
41007,2018,18808.0,712402897.0,37877.0,,1736.0
41007,2019,19159.0,749203361.0,39104.0,,1752.0
41007,2020,17366.0,742293296.0,42744.0,12.0,1791.0
41007,2021,18130.0,824367366.0,45471.0,6.0,1857.0
41007,2022,18618.0,886140455.0,47597.0,,1931.0
41007,2023,19161.0,947442175.0,49446.0,,2005.0
41007,2024,19287.0,982992888.0,50967.0,,1939.0
41009,2010,9637.0,311710455.0,32346.0,,1153.0
41009,2011,9583.0,313955870.0,32761.0,,1169.0
41009,2012,9644.0,323836758.0,33578.0,,1169.0
41009,2013,9789.0,338652428.0,34594.0,,1148.0
41009,2014,9928.0,354382969.0,35695.0,,1162.0
41009,2015,10580.0,390394594.0,36899.0,,1191.0
41009,2016,10907.0,408443030.0,37450.0,,1235.0
41009,2017,11415.0,442957407.0,38807.0,,1247.0
41009,2018,11635.0,461973708.0,39706.0,,1310.0
41009,2019,11778.0,479711282.0,40731.0,,1339.0
41009,2020,11205.0,503721939.0,44956.0,,1378.0
41009,2021,11501.0,546180925.0,47492.0,,1443.0
41009,2022,11966.0,611932912.0,51138.0,,1548.0
41009,2023,11901.0,628959883.0,52849.0,,1532.0
41009,2024,11981.0,649733773.0,54228.0,,1445.0
41011,2010,21291.0,665755128.0,31269.0,,1899.0
41011,2011,21462.0,682951789.0,31822.0,,1910.0
41011,2012,21306.0,692774538.0,32516.0,,1868.0
41011,2013,21581.0,719373623.0,33334.0,,1835.0
41011,2014,21757.0,757366553.0,34811.0,,1829.0
41011,2015,22147.0,796135824.0,35948.0,,1871.0
41011,2016,22448.0,831850055.0,37057.0,,1917.0
41011,2017,22674.0,862306955.0,38031.0,,1942.0
41011,2018,23091.0,913067976.0,39542.0,,1964.0
41011,2019,23378.0,956088516.0,40896.0,,2017.0
41011,2020,22206.0,964699442.0,43444.0,,2058.0
41011,2021,22540.0,1033604578.0,45856.0,,2103.0
41011,2022,22697.0,1084918967.0,47800.0,,2194.0
41011,2023,23277.0,1156141577.0,49668.0,,2194.0
41011,2024,23128.0,1207376901.0,52204.0,,2086.0
41013,2010,5545.0,196979673.0,35525.0,,559.0
41013,2011,5545.0,205172644.0,37002.0,,558.0
41013,2012,5586.0,225224315.0,40321.0,,578.0
41013,2013,5824.0,233932567.0,40169.0,,595.0
41013,2014,5845.0,243345618.0,41635.0,,603.0
41013,2015,5876.0,251111168.0,42732.0,,615.0
41013,2016,6038.0,270398000.0,44780.0,,643.0
41013,2017,6145.0,289011865.0,47035.0,,658.0
41013,2018,5893.0,269082506.0,45660.0,,686.0
41013,2019,6160.0,285554293.0,46360.0,,714.0
41013,2020,6417.0,344010381.0,53611.0,,755.0
41013,2021,6904.0,423064495.0,61280.0,,803.0
41013,2022,7433.0,521485715.0,70161.0,,870.0
41013,2023,7435.0,561609488.0,75535.0,,892.0
41013,2024,7535.0,677802447.0,89958.0,,875.0
41033,2010,22222.0,688491954.0,30983.0,26.0,2233.0
41033,2011,22562.0,704718304.0,31235.0,30.0,2257.0
41033,2012,22541.0,714288252.0,31689.0,32.0,2269.0
41033,2013,22712.0,722860388.0,31827.0,32.0,2201.0
41033,2014,24002.0,788494533.0,32851.0,27.0,2251.0
41033,2015,24966.0,854104510.0,34211.0,29.0,2338.0
41033,2016,25838.0,903390142.0,34963.0,29.0,2435.0
41033,2017,26805.0,962524023.0,35909.0,30.0,2498.0
41033,2018,27669.0,1028238788.0,37163.0,46.0,2612.0
41033,2019,28717.0,1108268295.0,38593.0,63.0,2636.0
41033,2020,27906.0,1161500660.0,41622.0,80.0,2638.0
41033,2021,28961.0,1278110990.0,44133.0,78.0,2758.0
41033,2022,29900.0,1365933012.0,45684.0,13.0,2874.0
41033,2023,31017.0,1479631604.0,47703.0,16.0,2915.0
41033,2024,31420.0,1543258499.0,49117.0,17.0,2806.0
41035,2010,21386.0,709333761.0,33168.0,,1899.0
41035,2011,21461.0,717280946.0,33422.0,,1878.0
41035,2012,21319.0,725892694.0,34049.0,,1890.0
41035,2013,21497.0,742921062.0,34559.0,51.0,1897.0
41035,2014,21616.0,768034479.0,35531.0,,1889.0
41035,2015,22138.0,808691780.0,36530.0,,1947.0
41035,2016,22649.0,834221732.0,36833.0,52.0,1983.0
41035,2017,23114.0,883698079.0,38232.0,53.0,2047.0
41035,2018,23277.0,915111450.0,39315.0,51.0,2143.0
41035,2019,23261.0,933641239.0,40138.0,52.0,2209.0
41035,2020,22201.0,954857691.0,43010.0,50.0,2247.0
41035,2021,22525.0,1032549386.0,45841.0,49.0,2338.0
41035,2022,23411.0,1132672699.0,48382.0,48.0,2441.0
41035,2023,23665.0,1195736160.0,50527.0,49.0,2480.0
41035,2024,23856.0,1281967390.0,53739.0,,2382.0
41041,2010,17202.0,516374355.0,30018.0,,1812.0
41041,2011,17064.0,528390446.0,30965.0,,1826.0
41041,2012,17118.0,544698177.0,31820.0,,1801.0
41041,2013,17313.0,561327458.0,32422.0,,1773.0
41041,2014,17430.0,580478006.0,33303.0,,1793.0
41041,2015,17680.0,611771771.0,34603.0,,1822.0
41041,2016,17972.0,638326592.0,35519.0,,1847.0
41041,2017,18335.0,673674402.0,36742.0,,1884.0
41041,2018,18515.0,714829642.0,38607.0,,1916.0
41041,2019,18743.0,741080330.0,39540.0,,1958.0
41041,2020,16720.0,708800509.0,42393.0,,1993.0
41041,2021,17512.0,806593678.0,46059.0,,2050.0
41041,2022,17974.0,863223076.0,48027.0,,2127.0
41041,2023,18547.0,904204212.0,48752.0,,2180.0
41041,2024,18607.0,946814277.0,50886.0,,2097.0
41045,2010,12619.0,368507525.0,29204.0,,952.0
41045,2011,12529.0,378734686.0,30228.0,,939.0
41045,2012,12393.0,385972495.0,31144.0,,960.0
41045,2013,12391.0,397490237.0,32079.0,,965.0
41045,2014,12166.0,401084936.0,32968.0,,982.0
41045,2015,12378.0,416484327.0,33646.0,,1008.0
41045,2016,12880.0,436054884.0,33854.0,,1021.0
41045,2017,13006.0,461709043.0,35500.0,,1047.0
41045,2018,12874.0,465377031.0,36148.0,,1069.0
41045,2019,12909.0,488170546.0,37815.0,,1085.0
41045,2020,12736.0,516981638.0,40591.0,,1110.0
41045,2021,12682.0,539877937.0,42570.0,,1144.0
41045,2022,12850.0,580438338.0,45170.0,,1184.0
41045,2023,13224.0,611018870.0,46206.0,,1210.0
41045,2024,13488.0,656963555.0,48708.0,,1135.0
41049,2010,4210.0,160090590.0,38026.0,,294.0
41049,2011,4376.0,172429728.0,39401.0,,300.0
41049,2012,4421.0,179934106.0,40698.0,,306.0
41049,2013,4746.0,197665260.0,41652.0,,314.0
41049,2014,5259.0,232288181.0,44171.0,,318.0
41049,2015,5682.0,283118583.0,49826.0,,329.0
41049,2016,5726.0,293983829.0,51344.0,,339.0
41049,2017,5868.0,294605714.0,50210.0,,347.0
41049,2018,6245.0,331469334.0,53078.0,,355.0
41049,2019,6172.0,331863986.0,53766.0,,369.0
41049,2020,5943.0,359947312.0,60566.0,,373.0
41049,2021,6043.0,361319658.0,59787.0,,382.0
41049,2022,6424.0,408318811.0,63566.0,,405.0
41049,2023,6654.0,456074510.0,68547.0,,425.0
41049,2024,6978.0,498327775.0,71417.0,,412.0
41053,2010,16979.0,516086021.0,30396.0,,1587.0
41053,2011,16916.0,529211276.0,31285.0,,1609.0
41053,2012,17100.0,536269238.0,31361.0,,1641.0
41053,2013,17184.0,551637167.0,32102.0,,1645.0
41053,2014,17980.0,594307074.0,33053.0,5.0,1702.0
41053,2015,18985.0,643514681.0,33896.0,4.0,1802.0
41053,2016,19630.0,691853344.0,35245.0,3.0,1871.0
41053,2017,20289.0,736072782.0,36280.0,3.0,1928.0
41053,2018,20442.0,774796846.0,37903.0,3.0,1995.0
41053,2019,20977.0,819782027.0,39080.0,5.0,2063.0
41053,2020,20146.0,847526390.0,42070.0,,2170.0
41053,2021,20647.0,940840610.0,45567.0,6.0,2264.0
41053,2022,21415.0,1009800293.0,47154.0,3.0,2401.0
41053,2023,21709.0,1072096537.0,49385.0,6.0,2463.0
41053,2024,21937.0,1146485820.0,52263.0,8.0,2330.0
41057,2010,8464.0,263061186.0,31081.0,,913.0
41057,2011,8332.0,264993229.0,31803.0,,912.0
41057,2012,8224.0,265620859.0,32297.0,,908.0
41057,2013,8466.0,276784678.0,32692.0,,913.0
41057,2014,8709.0,295902846.0,33978.0,,929.0
41057,2015,9119.0,322279646.0,35342.0,,970.0
41057,2016,9306.0,343495288.0,36912.0,,978.0
41057,2017,9411.0,361794414.0,38444.0,,977.0
41057,2018,9653.0,378820671.0,39245.0,,988.0
41057,2019,9810.0,400066482.0,40780.0,,1003.0
41057,2020,9115.0,406530159.0,44600.0,,1027.0
41057,2021,9536.0,449653439.0,47151.0,,1077.0
41057,2022,9827.0,483559153.0,49208.0,,1117.0
41057,2023,10051.0,509307587.0,50670.0,,1154.0
41057,2024,9886.0,517798113.0,52379.0,,1090.0
41059,2010,28852.0,983263849.0,34080.0,,1947.0
41059,2011,29268.0,1011210315.0,34551.0,,1973.0
41059,2012,29678.0,1050205014.0,35386.0,,1992.0
41059,2013,29261.0,1041778030.0,35603.0,,2000.0
41059,2014,29237.0,1076201325.0,36810.0,21.0,2060.0
41059,2015,29548.0,1089031669.0,36857.0,21.0,2205.0
41059,2016,30435.0,1139950476.0,37455.0,21.0,2192.0
41059,2017,30902.0,1194130461.0,38642.0,21.0,2201.0
41059,2018,30897.0,1243203811.0,40238.0,20.0,2271.0
41059,2019,31532.0,1311008507.0,41577.0,19.0,2308.0
41059,2020,30392.0,1369322042.0,45055.0,18.0,2358.0
41059,2021,30956.0,1483077872.0,47909.0,18.0,2452.0
41059,2022,31777.0,1611313307.0,50708.0,20.0,2539.0
41059,2023,33486.0,1751746914.0,52313.0,18.0,2628.0
41059,2024,33030.0,1836267371.0,55594.0,17.0,2534.0
41061,2010,9485.0,290469419.0,30623.0,,888.0
41061,2011,9381.0,297746200.0,31740.0,,889.0
41061,2012,9412.0,310937147.0,33035.0,,892.0
41061,2013,9482.0,320936216.0,33846.0,,897.0
41061,2014,9656.0,337420133.0,34945.0,,919.0
41061,2015,9830.0,356506294.0,36268.0,,957.0
41061,2016,9976.0,363586825.0,36445.0,,965.0
41061,2017,10066.0,383459589.0,38095.0,,980.0
41061,2018,10173.0,415352754.0,40831.0,,998.0
41061,2019,10269.0,414387425.0,40355.0,,1020.0
41061,2020,9833.0,415911134.0,42297.0,,1019.0
41061,2021,10101.0,458319084.0,45375.0,,1034.0
41061,2022,10309.0,492841560.0,47807.0,,1066.0
41061,2023,10512.0,530509262.0,50465.0,,1077.0
41061,2024,10486.0,548904268.0,52345.0,,1047.0
41065,2010,10673.0,334190824.0,31312.0,,916.0
41065,2011,10873.0,354102460.0,32567.0,,926.0
41065,2012,11162.0,368341233.0,33000.0,,941.0
41065,2013,11568.0,381248809.0,32958.0,,936.0
41065,2014,11605.0,400730402.0,34530.0,,947.0
41065,2015,11299.0,412398532.0,36499.0,,1009.0
41065,2016,11889.0,452524104.0,38063.0,,1017.0
41065,2017,12012.0,463325416.0,38572.0,,1034.0
41065,2018,11647.0,473779614.0,40679.0,,1060.0
41065,2019,11767.0,487466221.0,41427.0,,1068.0
41065,2020,11182.0,511000450.0,45697.0,,1090.0
41065,2021,11308.0,568716352.0,50294.0,,1129.0
41065,2022,11346.0,582491144.0,51340.0,,1160.0
41065,2023,11405.0,605262342.0,53069.0,,1167.0
41065,2024,11501.0,652069219.0,56698.0,,1108.0
41071,2010,30219.0,1042224530.0,34489.0,8.0,2692.0
41071,2011,30738.0,1081867265.0,35196.0,,2748.0
41071,2012,31207.0,1112419265.0,35647.0,,2812.0
41071,2013,32160.0,1172539764.0,36459.0,,2814.0
41071,2014,33056.0,1251299459.0,37854.0,,2896.0
41071,2015,34564.0,1348990834.0,39029.0,21.0,3052.0
41071,2016,34507.0,1360575221.0,39429.0,28.0,3100.0
41071,2017,35424.0,1436542895.0,40553.0,13.0,3155.0
41071,2018,36324.0,1536814698.0,42309.0,18.0,3260.0
41071,2019,37033.0,1613424274.0,43567.0,18.0,3314.0
41071,2020,35019.0,1645845134.0,46998.0,,3423.0
41071,2021,36332.0,1800714839.0,49563.0,,3592.0
41071,2022,37929.0,1979231678.0,52183.0,20.0,3799.0
41071,2023,38625.0,2076371059.0,53757.0,27.0,3923.0
41071,2024,39371.0,2165158540.0,54993.0,30.0,3742.0
45007,2010,55094.0,1837533065.0,33352.0,,3363.0
45007,2011,56604.0,1936846372.0,34217.0,,3343.0
45007,2012,57322.0,2001035235.0,34909.0,,3376.0
45007,2013,60294.0,2142635600.0,35537.0,,3439.0
45007,2014,61144.0,2212652002.0,36187.0,,3458.0
45007,2015,63175.0,2339102254.0,37026.0,3.0,3562.0
45007,2016,64295.0,2432868436.0,37839.0,,3521.0
45007,2017,64305.0,2544331597.0,39567.0,4.0,3594.0
45007,2018,65078.0,2625212845.0,40340.0,7.0,3624.0
45007,2019,66525.0,2746719176.0,41289.0,8.0,3770.0
45007,2020,64525.0,2830466308.0,43866.0,23.0,3858.0
45007,2021,66528.0,3061829918.0,46023.0,40.0,3947.0
45007,2022,69878.0,3357393663.0,48047.0,57.0,4173.0
45007,2023,71479.0,3524273383.0,49305.0,39.0,4331.0
45007,2024,72695.0,3761007218.0,51737.0,27.0,4568.0
45013,2010,56511.0,1841938207.0,32595.0,,4642.0
45013,2011,56453.0,1863592577.0,33012.0,,4625.0
45013,2012,57581.0,1943275731.0,33749.0,,4647.0
45013,2013,58183.0,2000001762.0,34374.0,51.0,4800.0
45013,2014,60345.0,2132525182.0,35339.0,35.0,4921.0
45013,2015,62352.0,2273994700.0,36471.0,41.0,5120.0
45013,2016,63198.0,2395011377.0,37897.0,38.0,5277.0
45013,2017,65016.0,2522542687.0,38799.0,37.0,5472.0
45013,2018,67390.0,2615409927.0,38810.0,38.0,5743.0
45013,2019,68843.0,2796765664.0,40625.0,62.0,6170.0
45013,2020,64763.0,2879320305.0,44460.0,70.0,6402.0
45013,2021,66919.0,3146176418.0,47014.0,46.0,6648.0
45013,2022,69209.0,3467777641.0,50106.0,58.0,7128.0
45013,2023,70836.0,3634019619.0,51302.0,60.0,7351.0
45013,2024,71044.0,3890961931.0,54768.0,66.0,7748.0
45015,2010,36302.0,1505734648.0,41478.0,0.0,2157.0
45015,2011,37416.0,1603010754.0,42843.0,53.0,2175.0
45015,2012,38052.0,1635942610.0,42993.0,63.0,2212.0
45015,2013,42129.0,1852093479.0,43963.0,108.0,2328.0
45015,2014,43158.0,1952584152.0,45243.0,141.0,2427.0
45015,2015,45871.0,2167224938.0,47246.0,2.0,2583.0
45015,2016,48196.0,2329386065.0,48331.0,23.0,2768.0
45015,2017,50003.0,2512493957.0,50247.0,31.0,2917.0
45015,2018,52886.0,2738013487.0,51772.0,28.0,2989.0
45015,2019,55299.0,2940173740.0,53168.0,27.0,3281.0
45015,2020,55015.0,3052113224.0,55478.0,28.0,3541.0
45015,2021,56543.0,3322081405.0,58753.0,272.0,3793.0
45015,2022,59219.0,3596612749.0,60735.0,288.0,4355.0
45015,2023,63992.0,4154698284.0,64925.0,59.0,4717.0
45015,2024,66943.0,4566255150.0,68211.0,61.0,5143.0
47009,2010,39159.0,1544643109.0,39445.0,,2185.0
47009,2011,40809.0,1633198011.0,40021.0,,2147.0
47009,2012,41868.0,1703081168.0,40678.0,,2171.0
47009,2013,42843.0,1801543719.0,42050.0,7.0,2186.0
47009,2014,44566.0,1904242109.0,42728.0,16.0,2218.0
47009,2015,46532.0,2077467672.0,44646.0,4.0,2272.0
47009,2016,47199.0,2131808274.0,45167.0,9.0,2351.0
47009,2017,47960.0,2238762876.0,46680.0,10.0,2410.0
47009,2018,49666.0,2348524628.0,47286.0,10.0,2458.0
47009,2019,51363.0,2434473147.0,47397.0,13.0,2558.0
47009,2020,48928.0,2449932045.0,50072.0,21.0,2630.0
47009,2021,50784.0,2760897767.0,54366.0,79.0,2826.0
47009,2022,52613.0,3093281908.0,58793.0,171.0,3051.0
47009,2023,54542.0,3330852397.0,61069.0,168.0,3283.0
47009,2024,56991.0,3486506445.0,61177.0,20.0,3423.0
47125,2010,43577.0,1430992311.0,32838.0,,2500.0
47125,2011,44750.0,1537468214.0,34357.0,,2501.0
47125,2012,46056.0,1602519293.0,34795.0,,2551.0
47125,2013,46716.0,1598738392.0,34223.0,,2592.0
47125,2014,47849.0,1647967622.0,34441.0,,2699.0
47125,2015,50103.0,1793732963.0,35801.0,,2852.0
47125,2016,51699.0,1862421447.0,36025.0,3.0,2921.0
47125,2017,52627.0,1972520427.0,37482.0,5.0,3033.0
47125,2018,54380.0,2103034335.0,38673.0,5.0,3213.0
47125,2019,55987.0,2271273607.0,40568.0,9.0,3319.0
47125,2020,55398.0,2346904994.0,42364.0,11.0,3484.0
47125,2021,57524.0,2576045147.0,44782.0,12.0,3770.0
47125,2022,60445.0,2838414731.0,46958.0,63.0,4205.0
47125,2023,62330.0,3078087494.0,49384.0,71.0,4650.0
47125,2024,64469.0,3358765699.0,52099.0,45.0,4831.0
47163,2010,65474.0,2740658394.0,41859.0,,3206.0
47163,2011,66858.0,2913181328.0,43573.0,,3193.0
47163,2012,66453.0,2945493303.0,44325.0,,3205.0
47163,2013,67398.0,2946190322.0,43714.0,,3214.0
47163,2014,67481.0,3024234435.0,44816.0,,3230.0
47163,2015,67748.0,3091873038.0,45638.0,,3298.0
47163,2016,68221.0,3090161507.0,45296.0,,3374.0
47163,2017,67963.0,3166795680.0,46596.0,,3409.0
47163,2018,68399.0,3361148819.0,49141.0,,3457.0
47163,2019,68327.0,3330398778.0,48742.0,,3526.0
47163,2020,65957.0,3367804039.0,51061.0,,3586.0
47163,2021,66266.0,3689120911.0,55671.0,,3739.0
47163,2022,68582.0,3991078396.0,58194.0,98.0,3900.0
47163,2023,69302.0,4129032871.0,59580.0,90.0,4089.0
47163,2024,70256.0,4358400061.0,62036.0,90.0,4219.0
47165,2010,39101.0,1383003687.0,35370.0,82.0,2834.0
47165,2011,41338.0,1474285546.0,35664.0,,2825.0
47165,2012,43663.0,1594473842.0,36518.0,,2857.0
47165,2013,45168.0,1718186070.0,38040.0,,3003.0
47165,2014,47399.0,1873980085.0,39536.0,,3150.0
47165,2015,49872.0,2048059907.0,41066.0,,3331.0
47165,2016,51343.0,2118876094.0,41269.0,103.0,3471.0
47165,2017,52980.0,2271529324.0,42876.0,118.0,3615.0
47165,2018,53971.0,2343861354.0,43428.0,120.0,3807.0
47165,2019,55801.0,2517272618.0,45112.0,95.0,3977.0
47165,2020,54544.0,2592703712.0,47534.0,122.0,4116.0
47165,2021,57239.0,2897220700.0,50616.0,109.0,4487.0
47165,2022,59244.0,3228109048.0,54488.0,115.0,4935.0
47165,2023,61068.0,3464874588.0,56738.0,139.0,5389.0
47165,2024,62665.0,3716275440.0,59304.0,250.0,5597.0
47187,2010,87130.0,4479513361.0,51412.0,308.0,6044.0
47187,2011,91823.0,4802179584.0,52298.0,330.0,6058.0
47187,2012,97544.0,5297272041.0,54306.0,509.0,6257.0
47187,2013,102603.0,5922174356.0,57719.0,536.0,6733.0
47187,2014,108125.0,6362129633.0,58840.0,554.0,7157.0
47187,2015,115195.0,7010177224.0,60855.0,652.0,7692.0
47187,2016,123592.0,7507901711.0,60748.0,663.0,8219.0
47187,2017,129237.0,8071818776.0,62458.0,1174.0,8643.0
47187,2018,135127.0,8923584528.0,66038.0,1353.0,9077.0
47187,2019,140073.0,9616154896.0,68651.0,1438.0,9597.0
47187,2020,135131.0,9894697905.0,73223.0,1350.0,10140.0
47187,2021,141890.0,11134323318.0,78471.0,1421.0,11390.0
47187,2022,149579.0,12350627569.0,82569.0,1287.0,12806.0
47187,2023,155713.0,13048597656.0,83799.0,1285.0,14110.0
47187,2024,149366.0,13037523885.0,87286.0,1261.0,14651.0
47189,2010,33938.0,1328134332.0,39134.0,38.0,2167.0
47189,2011,34024.0,1334080086.0,39210.0,65.0,2165.0
47189,2012,34919.0,1397006938.0,40008.0,100.0,2210.0
47189,2013,35212.0,1408533159.0,40001.0,40.0,2285.0
47189,2014,35735.0,1413616380.0,39558.0,41.0,2411.0
47189,2015,37865.0,1573627414.0,41559.0,38.0,2547.0
47189,2016,40178.0,1668083366.0,41518.0,,2649.0
47189,2017,42269.0,1789821795.0,42344.0,30.0,2783.0
47189,2018,45902.0,1930795201.0,42064.0,7.0,2953.0
47189,2019,48567.0,2101681186.0,43274.0,21.0,3134.0
47189,2020,50782.0,2347004084.0,46218.0,12.0,3285.0
47189,2021,56517.0,2805987016.0,49649.0,16.0,3630.0
47189,2022,60701.0,3227498061.0,53170.0,36.0,4057.0
47189,2023,63996.0,3505701596.0,54780.0,41.0,4454.0
47189,2024,65504.0,3778970774.0,57691.0,37.0,4714.0
48029,2010,722147.0,30064669565.0,41632.0,5722.0,33607.0
48029,2011,732527.0,31641721564.0,43195.0,6694.0,34386.0
48029,2012,749534.0,32918087248.0,43918.0,7415.0,35455.0
48029,2013,770531.0,34112184140.0,44271.0,8006.0,36309.0
48029,2014,793727.0,36254222523.0,45676.0,7988.0,37140.0
48029,2015,818499.0,38634127888.0,47201.0,8110.0,38260.0
48029,2016,841335.0,40249743781.0,47840.0,7720.0,39949.0
48029,2017,854325.0,41999645250.0,49161.0,7462.0,41189.0
48029,2018,866345.0,43940943192.0,50720.0,7471.0,42277.0
48029,2019,878251.0,46160805372.0,52560.0,6958.0,43528.0
48029,2020,832876.0,46770940532.0,56156.0,6419.0,44201.0
48029,2021,857640.0,50288062549.0,58635.0,5422.0,44795.0
48029,2022,898899.0,55097049147.0,61294.0,4956.0,45569.0
48029,2023,923094.0,58472315010.0,63344.0,3917.0,45779.0
48029,2024,932387.0,61420652184.0,65875.0,3397.0,45524.0
48135,2010,59195.0,2600294380.0,43928.0,,3348.0
48135,2011,64674.0,3141209609.0,48570.0,,3419.0
48135,2012,70159.0,3677300087.0,52414.0,,3534.0
48135,2013,71868.0,3919916631.0,54543.0,,3681.0
48135,2014,76224.0,4409612395.0,57851.0,,3834.0
48135,2015,73276.0,4024624864.0,54924.0,,3950.0
48135,2016,67104.0,3504161392.0,52220.0,,3895.0
48135,2017,70917.0,3990050817.0,56264.0,,3912.0
48135,2018,78468.0,4854892217.0,61871.0,,4040.0
48135,2019,81031.0,5224224298.0,64472.0,,4218.0
48135,2020,69429.0,4222902480.0,60823.0,,4263.0
48135,2021,68736.0,4238957683.0,61670.0,,4262.0
48135,2022,74793.0,5165995281.0,69071.0,,4256.0
48135,2023,77908.0,5663517747.0,72695.0,,4250.0
48135,2024,79763.0,5984513416.0,75029.0,,4285.0
48139,2010,37655.0,1340409444.0,35598.0,25.0,2453.0
48139,2011,38664.0,1417726032.0,36668.0,24.0,2486.0
48139,2012,40497.0,1535755187.0,37923.0,24.0,2549.0
48139,2013,43005.0,1629083301.0,37882.0,25.0,2599.0
48139,2014,44724.0,1797104796.0,40182.0,,2645.0
48139,2015,46860.0,1913962215.0,40844.0,23.0,2692.0
48139,2016,48584.0,2024940131.0,41679.0,20.0,2795.0
48139,2017,49371.0,2128986936.0,43122.0,19.0,2934.0
48139,2018,51932.0,2304626690.0,44378.0,57.0,3067.0
48139,2019,52681.0,2416313638.0,45867.0,58.0,3232.0
48139,2020,52547.0,2555879348.0,48640.0,34.0,3348.0
48139,2021,55980.0,2846956133.0,50856.0,69.0,3602.0
48139,2022,59277.0,3150107231.0,53142.0,135.0,3788.0
48139,2023,60920.0,3379399239.0,55473.0,131.0,3878.0
48139,2024,62721.0,3632214178.0,57911.0,149.0,3919.0
48141,2010,270603.0,9027810081.0,33362.0,590.0,13658.0
48141,2011,273698.0,9317917862.0,34044.0,597.0,13893.0
48141,2012,276590.0,9613342369.0,34757.0,838.0,14159.0
48141,2013,281055.0,9769831413.0,34761.0,1669.0,14302.0
48141,2014,284500.0,10178983713.0,35779.0,1675.0,14404.0
48141,2015,291006.0,10621214654.0,36498.0,1897.0,14577.0
48141,2016,296977.0,10979206323.0,36970.0,1152.0,14810.0
48141,2017,300968.0,11395855731.0,37864.0,1061.0,15142.0
48141,2018,306358.0,11904302323.0,38858.0,1229.0,15397.0
48141,2019,311895.0,12473743711.0,39993.0,1321.0,15670.0
48141,2020,298737.0,12839146812.0,42978.0,1398.0,15858.0
48141,2021,306358.0,13749341463.0,44880.0,1354.0,16442.0
48141,2022,318183.0,14950346004.0,46987.0,1152.0,16810.0
48141,2023,325804.0,15792767989.0,48473.0,1280.0,16867.0
48141,2024,333908.0,16772157774.0,50230.0,866.0,16825.0
48157,2010,130712.0,6154567900.0,47085.0,249.0,9048.0
48157,2011,135858.0,6599507487.0,48577.0,101.0,9419.0
48157,2012,143560.0,7213603026.0,50248.0,95.0,9902.0
48157,2013,157046.0,8105785389.0,51614.0,110.0,10474.0
48157,2014,163123.0,8444231160.0,51766.0,122.0,11133.0
48157,2015,169860.0,8724669222.0,51364.0,124.0,11805.0
48157,2016,173591.0,8629139251.0,49710.0,159.0,12466.0
48157,2017,178763.0,9094937463.0,50877.0,260.0,13246.0
48157,2018,189321.0,9817913556.0,51859.0,264.0,13860.0
48157,2019,196218.0,10302567410.0,52506.0,242.0,14530.0
48157,2020,190182.0,10275059035.0,54028.0,264.0,15432.0
48157,2021,203242.0,11035175203.0,54296.0,331.0,16711.0
48157,2022,230396.0,13169654671.0,57161.0,351.0,17697.0
48157,2023,242521.0,14472037236.0,59673.0,375.0,18061.0
48157,2024,251283.0,15721854575.0,62566.0,268.0,18369.0
48187,2010,28932.0,1014940635.0,35080.0,,1806.0
48187,2011,29983.0,1095625701.0,36542.0,3.0,1838.0
48187,2012,30602.0,1153875580.0,37706.0,,1866.0
48187,2013,31484.0,1203474151.0,38225.0,,1911.0
48187,2014,33021.0,1309598628.0,39659.0,4.0,1969.0
48187,2015,34126.0,1386893906.0,40641.0,,2003.0
48187,2016,38573.0,1563724778.0,40539.0,,2074.0
48187,2017,40625.0,1713815358.0,42186.0,,2134.0
48187,2018,41670.0,1851715408.0,44438.0,,2206.0
48187,2019,41465.0,1910998093.0,46087.0,,2269.0
48187,2020,40859.0,1956737618.0,47890.0,,2339.0
48187,2021,42308.0,2140591907.0,50596.0,,2474.0
48187,2022,44814.0,2455391973.0,54791.0,,2588.0
48187,2023,47376.0,2708396157.0,57169.0,,2667.0
48187,2024,48527.0,2874511477.0,59236.0,,2729.0
48215,2010,219373.0,6530122887.0,29767.0,196.0,10879.0
48215,2011,224714.0,6796151196.0,30244.0,183.0,11204.0
48215,2012,228756.0,7007582517.0,30633.0,194.0,11495.0
48215,2013,234133.0,7261273105.0,31013.0,200.0,11676.0
48215,2014,239524.0,7663737661.0,31996.0,268.0,11878.0
48215,2015,245416.0,8000402851.0,32599.0,271.0,11976.0
48215,2016,249614.0,8236014038.0,32995.0,268.0,12196.0
48215,2017,255024.0,8571920798.0,33612.0,218.0,12365.0
48215,2018,261227.0,8976452257.0,34363.0,220.0,12612.0
48215,2019,266135.0,9369990453.0,35208.0,224.0,12750.0
48215,2020,257279.0,9600379874.0,37315.0,334.0,12998.0
48215,2021,267603.0,10467490602.0,39116.0,337.0,13306.0
48215,2022,280134.0,11427297879.0,40792.0,218.0,13746.0
48215,2023,287428.0,11983001127.0,41690.0,222.0,13995.0
48215,2024,291901.0,12523992874.0,42905.0,392.0,14062.0
48251,2010,38813.0,1397464130.0,36005.0,25.0,2694.0
48251,2011,40826.0,1535378286.0,37608.0,24.0,2767.0
48251,2012,43051.0,1666010999.0,38699.0,25.0,2813.0
48251,2013,42911.0,1670597642.0,38932.0,26.0,2880.0
48251,2014,44817.0,1865884721.0,41633.0,,2947.0
48251,2015,45380.0,1856506651.0,40910.0,,3001.0
48251,2016,44756.0,1809149622.0,40422.0,,3031.0
48251,2017,46572.0,1981677254.0,42551.0,,3131.0
48251,2018,47043.0,2111171401.0,44877.0,,3275.0
48251,2019,48391.0,2266991448.0,46847.0,,3374.0
48251,2020,48344.0,2373110205.0,49088.0,,3517.0
48251,2021,51556.0,2650878433.0,51418.0,84.0,3729.0
48251,2022,53917.0,2863975508.0,53119.0,102.0,3912.0
48251,2023,56301.0,3096711976.0,55003.0,125.0,3976.0
48251,2024,59977.0,3451685317.0,57550.0,,4062.0
48329,2010,67375.0,3504640115.0,52017.0,90.0,4742.0
48329,2011,73656.0,4104348786.0,55723.0,97.0,4823.0
48329,2012,79936.0,4839094470.0,60537.0,105.0,4994.0
48329,2013,84737.0,5292643054.0,62460.0,114.0,5146.0
48329,2014,91151.0,6250035207.0,68568.0,,5332.0
48329,2015,88748.0,5771253048.0,65029.0,25.0,5434.0
48329,2016,83625.0,5357482801.0,64066.0,,5443.0
48329,2017,89895.0,6278623780.0,69844.0,,5494.0
48329,2018,103858.0,7812226399.0,75220.0,,5777.0
48329,2019,107971.0,8487628335.0,78610.0,,6059.0
48329,2020,93679.0,7288756621.0,77806.0,,6200.0
48329,2021,97527.0,7813907940.0,80120.0,,6255.0
48329,2022,107461.0,9344272814.0,86955.0,23.0,6326.0
48329,2023,114762.0,10623773739.0,92572.0,,6385.0
48329,2024,118325.0,11497127714.0,97166.0,22.0,6420.0
48339,2010,127250.0,5482028449.0,43081.0,44.0,8597.0
48339,2011,133663.0,6078612209.0,45477.0,60.0,8844.0
48339,2012,141587.0,6799688263.0,48025.0,87.0,9233.0
48339,2013,149667.0,7441474632.0,49720.0,68.0,9626.0
48339,2014,157888.0,8163317173.0,51703.0,81.0,10005.0
48339,2015,165177.0,8662353860.0,52443.0,112.0,10470.0
48339,2016,168572.0,8823879824.0,52345.0,103.0,10873.0
48339,2017,175953.0,9508622356.0,54041.0,95.0,11324.0
48339,2018,186706.0,10494756872.0,56210.0,85.0,11815.0
48339,2019,192400.0,11226848150.0,58352.0,108.0,12344.0
48339,2020,186567.0,11404857792.0,61130.0,223.0,12968.0
48339,2021,196866.0,12555334730.0,63776.0,267.0,13792.0
48339,2022,211218.0,14136299009.0,66927.0,409.0,14668.0
48339,2023,222797.0,15535693889.0,69730.0,353.0,15093.0
48339,2024,227434.0,15979889896.0,70262.0,340.0,15222.0
48439,2010,744151.0,34902354866.0,46902.0,2117.0,37528.0
48439,2011,760993.0,36086521191.0,47420.0,1903.0,38061.0
48439,2012,781848.0,37944509329.0,48532.0,1927.0,38888.0
48439,2013,806713.0,39475361240.0,48934.0,1808.0,39495.0
48439,2014,822665.0,41886203607.0,50915.0,2088.0,40020.0
48439,2015,840593.0,44287841486.0,52686.0,2281.0,40946.0
48439,2016,855756.0,44816987864.0,52371.0,2196.0,41980.0
48439,2017,873867.0,47140500811.0,53945.0,2029.0,43221.0
48439,2018,897988.0,49956790714.0,55632.0,2000.0,44396.0
48439,2019,921867.0,53285792439.0,57802.0,1815.0,45652.0
48439,2020,887573.0,54076631909.0,60926.0,1929.0,46920.0
48439,2021,918623.0,58536068190.0,63722.0,1971.0,49102.0
48439,2022,969110.0,64793249902.0,66859.0,2064.0,50526.0
48439,2023,997214.0,69339698966.0,69533.0,2003.0,50864.0
48439,2024,1010352.0,73425813384.0,72674.0,2275.0,50573.0
49003,2010,17322.0,708656458.0,40912.0,39.0,1251.0
49003,2011,16611.0,593148515.0,35709.0,37.0,1244.0
49003,2012,16493.0,539249786.0,32695.0,39.0,1245.0
49003,2013,17205.0,583873274.0,33937.0,43.0,1242.0
49003,2014,17769.0,619293370.0,34852.0,43.0,1253.0
49003,2015,18757.0,669539571.0,35695.0,42.0,1273.0
49003,2016,19982.0,729915536.0,36528.0,43.0,1309.0
49003,2017,20364.0,758396995.0,37243.0,38.0,1361.0
49003,2018,21101.0,816476934.0,38694.0,36.0,1415.0
49003,2019,21684.0,875992435.0,40397.0,23.0,1442.0
49003,2020,21223.0,908082914.0,42787.0,22.0,1481.0
49003,2021,22611.0,1144061230.0,50598.0,23.0,1566.0
49003,2022,23262.0,1292938108.0,55583.0,25.0,1641.0
49003,2023,23960.0,1393493962.0,58158.0,26.0,1620.0
49003,2024,23942.0,1416794263.0,59175.0,26.0,1624.0
49005,2010,46486.0,1445818671.0,31102.0,45.0,3254.0
49005,2011,47235.0,1493345702.0,31615.0,43.0,3276.0
49005,2012,47868.0,1503970129.0,31419.0,44.0,3252.0
49005,2013,48688.0,1573483708.0,32318.0,45.0,3250.0
49005,2014,50290.0,1662270913.0,33054.0,43.0,3310.0
49005,2015,51794.0,1760032221.0,33982.0,41.0,3436.0
49005,2016,52930.0,1856308371.0,35071.0,42.0,3523.0
49005,2017,54388.0,1962601130.0,36086.0,234.0,3625.0
49005,2018,55723.0,2086338923.0,37441.0,260.0,3723.0
49005,2019,57358.0,2240916100.0,39069.0,236.0,3809.0
49005,2020,58296.0,2468117970.0,42338.0,218.0,3948.0
49005,2021,61737.0,2899058943.0,46958.0,150.0,4139.0
49005,2022,63580.0,3007977047.0,47310.0,73.0,4361.0
49005,2023,63191.0,3153511832.0,49905.0,68.0,4439.0
49005,2024,63167.0,3302435030.0,52281.0,46.0,4556.0
49011,2010,100022.0,3755280538.0,37544.0,455.0,7022.0
49011,2011,104738.0,4043009635.0,38601.0,432.0,7149.0
49011,2012,107623.0,4206265213.0,39083.0,348.0,7288.0
49011,2013,110281.0,4315054964.0,39128.0,343.0,7497.0
49011,2014,113935.0,4569404894.0,40106.0,347.0,7698.0
49011,2015,118284.0,4893654228.0,41372.0,166.0,7904.0
49011,2016,120916.0,5174140318.0,42791.0,284.0,8110.0
49011,2017,126008.0,5535846425.0,43932.0,282.0,8364.0
49011,2018,129895.0,5936370712.0,45701.0,261.0,8733.0
49011,2019,133055.0,6272850701.0,47145.0,112.0,9003.0
49011,2020,133033.0,6825906636.0,51310.0,264.0,9351.0
49011,2021,135416.0,7051228727.0,52071.0,409.0,9732.0
49011,2022,138795.0,7581607501.0,54625.0,259.0,10162.0
49011,2023,144110.0,8170701846.0,56698.0,264.0,10314.0
49011,2024,144747.0,8540475266.0,59003.0,266.0,10532.0
49021,2010,14522.0,413286558.0,28460.0,,1411.0
49021,2011,14563.0,419781324.0,28824.0,,1390.0
49021,2012,14584.0,428674981.0,29394.0,,1384.0
49021,2013,14720.0,435795583.0,29605.0,,1379.0
49021,2014,15363.0,473025673.0,30790.0,12.0,1410.0
49021,2015,15810.0,500491328.0,31657.0,,1431.0
49021,2016,16682.0,538202133.0,32262.0,,1490.0
49021,2017,17400.0,576244561.0,33118.0,,1554.0
49021,2018,18460.0,627761479.0,34007.0,,1662.0
49021,2019,19712.0,689030562.0,34955.0,,1735.0
49021,2020,20105.0,760828764.0,37843.0,,1829.0
49021,2021,21677.0,863959925.0,39857.0,,1971.0
49021,2022,22994.0,971828306.0,42264.0,17.0,2075.0
49021,2023,24157.0,1098418531.0,45469.0,17.0,2160.0
49021,2024,24829.0,1197732107.0,48239.0,19.0,2224.0
49045,2010,15628.0,638930455.0,40884.0,4.0,1004.0
49045,2011,15980.0,673858681.0,42169.0,4.0,1006.0
49045,2012,15814.0,672348234.0,42515.0,4.0,1002.0
49045,2013,15392.0,673055674.0,43727.0,4.0,1013.0
49045,2014,14917.0,642946400.0,43102.0,4.0,1036.0
49045,2015,14996.0,602578131.0,40182.0,4.0,1054.0
49045,2016,15798.0,622852037.0,39426.0,4.0,1075.0
49045,2017,16213.0,651532619.0,40185.0,3.0,1111.0
49045,2018,16072.0,656947545.0,40875.0,3.0,1160.0
49045,2019,16515.0,693959805.0,42020.0,3.0,1209.0
49045,2020,17502.0,787830228.0,45014.0,3.0,1257.0
49045,2021,19314.0,897104444.0,46448.0,2.0,1332.0
49045,2022,19310.0,925016205.0,47904.0,18.0,1476.0
49045,2023,19363.0,978398707.0,50528.0,17.0,1470.0
49045,2024,20615.0,1107792112.0,53737.0,20.0,1519.0
49049,2010,163367.0,5934985443.0,36329.0,3671.0,12568.0
49049,2011,169171.0,6320761795.0,37363.0,3785.0,12662.0
49049,2012,177554.0,6862813590.0,38652.0,3133.0,12939.0
49049,2013,186495.0,7339922183.0,39357.0,3639.0,13367.0
49049,2014,195152.0,7822766042.0,40085.0,3892.0,13805.0
49049,2015,208002.0,8656544138.0,41618.0,4124.0,14454.0
49049,2016,219775.0,9378520007.0,42673.0,4427.0,15092.0
49049,2017,230575.0,10123333371.0,43905.0,4663.0,15896.0
49049,2018,243379.0,11337481668.0,46584.0,4579.0,16881.0
49049,2019,251585.0,12585581452.0,50025.0,4426.0,17872.0
49049,2020,253406.0,13577408069.0,53580.0,4487.0,18760.0
49049,2021,273507.0,15335640950.0,56070.0,4698.0,20055.0
49049,2022,286446.0,16624323904.0,58036.0,4314.0,21356.0
49049,2023,290791.0,17522848932.0,60259.0,3875.0,21794.0
49049,2024,295152.0,18490812522.0,62648.0,3647.0,22527.0
49053,2010,45171.0,1342831572.0,29727.0,,4390.0
49053,2011,45903.0,1387666529.0,30231.0,41.0,4410.0
49053,2012,48279.0,1462397634.0,30290.0,75.0,4503.0
49053,2013,50751.0,1559706229.0,30733.0,92.0,4664.0
49053,2014,53720.0,1697508539.0,31599.0,130.0,4929.0
49053,2015,56348.0,1832047671.0,32513.0,101.0,5106.0
49053,2016,60188.0,2051516286.0,34085.0,179.0,5371.0
49053,2017,62897.0,2215560424.0,35225.0,135.0,5638.0
49053,2018,67486.0,2482892521.0,36791.0,138.0,5980.0
49053,2019,69835.0,2639017416.0,37789.0,186.0,6326.0
49053,2020,70585.0,2881211238.0,40819.0,124.0,6701.0
49053,2021,76159.0,3223965807.0,42332.0,157.0,7230.0
49053,2022,79903.0,3594820700.0,44990.0,242.0,7893.0
49053,2023,83440.0,3897837677.0,46715.0,256.0,8082.0
49053,2024,86508.0,4211884597.0,48688.0,258.0,8256.0
49057,2010,88265.0,3078172340.0,34874.0,15.0,5491.0
49057,2011,88691.0,3120721391.0,35187.0,24.0,5439.0
49057,2012,90392.0,3256698173.0,36028.0,,5437.0
49057,2013,93094.0,3410025634.0,36630.0,38.0,5525.0
49057,2014,95135.0,3604281305.0,37886.0,40.0,5583.0
49057,2015,98729.0,3840150138.0,38896.0,47.0,5706.0
49057,2016,102007.0,4043236656.0,39637.0,68.0,5850.0
49057,2017,103834.0,4231082590.0,40749.0,91.0,5988.0
49057,2018,106235.0,4486011756.0,42227.0,91.0,6215.0
49057,2019,109039.0,4725197024.0,43335.0,68.0,6381.0
49057,2020,107658.0,5027387019.0,46698.0,103.0,6576.0
49057,2021,112826.0,5616845144.0,49783.0,98.0,6902.0
49057,2022,116531.0,6211235565.0,53301.0,241.0,7229.0
49057,2023,120101.0,6663077138.0,55479.0,247.0,7309.0
49057,2024,121786.0,7146879824.0,58684.0,232.0,7433.0
51013,2010,162679.0,13075488110.0,80376.0,725.0,8034.0
51013,2011,168271.0,13663956050.0,81202.0,770.0,8241.0
51013,2012,165776.0,13405480811.0,80865.0,716.0,8535.0
51013,2013,165044.0,13319750920.0,80704.0,812.0,8694.0
51013,2014,164576.0,13562985242.0,82412.0,771.0,8661.0
51013,2015,170256.0,14489824018.0,85106.0,963.0,9221.0
51013,2016,172888.0,14862535640.0,85966.0,1011.0,9348.0
51013,2017,176659.0,15666993660.0,88685.0,1013.0,9226.0
51013,2018,178158.0,16526889128.0,92765.0,1196.0,9205.0
51013,2019,182197.0,17497660898.0,96037.0,1285.0,9132.0
51013,2020,174422.0,18158213977.0,104105.0,1355.0,9143.0
51013,2021,172234.0,18344688111.0,106510.0,1292.0,9448.0
51013,2022,174381.0,19472188588.0,111665.0,1233.0,10382.0
51013,2023,179263.0,21147897672.0,117971.0,1249.0,9932.0
51013,2024,179244.0,22021349114.0,122856.0,1246.0,9629.0
51015,2010,24592.0,916788532.0,37281.0,5.0,1573.0
51015,2011,24919.0,945330703.0,37936.0,41.0,1589.0
51015,2012,24770.0,963772096.0,38909.0,,1610.0
51015,2013,25351.0,1002574238.0,39548.0,,1632.0
51015,2014,25753.0,1045081718.0,40580.0,,1647.0
51015,2015,26267.0,1092582441.0,41596.0,,1728.0
51015,2016,27115.0,1136615593.0,41919.0,,1773.0
51015,2017,26793.0,1158474322.0,43238.0,33.0,1820.0
51015,2018,27582.0,1237393473.0,44862.0,28.0,1897.0
51015,2019,28508.0,1300506725.0,45618.0,35.0,1918.0
51015,2020,27428.0,1331800383.0,48557.0,44.0,1916.0
51015,2021,27532.0,1415037052.0,51395.0,39.0,1966.0
51015,2022,28800.0,1572289737.0,54594.0,28.0,2121.0
51015,2023,29740.0,1706007931.0,57364.0,39.0,2077.0
51015,2024,29861.0,1777188201.0,59516.0,32.0,2031.0
51019,2010,15638.0,483972059.0,30949.0,,1648.0
51019,2011,15252.0,486236168.0,31880.0,,1639.0
51019,2012,15540.0,507326044.0,32647.0,,1653.0
51019,2013,15382.0,513909432.0,33409.0,164.0,1652.0
51019,2014,18645.0,647426842.0,34724.0,144.0,1982.0
51019,2015,18896.0,673780775.0,35658.0,,2108.0
51019,2016,18876.0,685671749.0,36325.0,,2164.0
51019,2017,18735.0,690819732.0,36874.0,5.0,2192.0
51019,2018,18983.0,714384991.0,37634.0,4.0,2271.0
51019,2019,18846.0,731399991.0,38809.0,14.0,2282.0
51019,2020,18129.0,731419677.0,40346.0,14.0,2252.0
51019,2021,18219.0,759517579.0,41689.0,4.0,2287.0
51019,2022,18194.0,809390628.0,44486.0,72.0,2469.0
51019,2023,18619.0,888714087.0,47733.0,69.0,2378.0
51019,2024,18602.0,899220270.0,48340.0,63.0,2307.0
51033,2010,5309.0,184858317.0,34821.0,,467.0
51033,2011,5294.0,185652827.0,35070.0,,464.0
51033,2012,5337.0,185702176.0,34798.0,,463.0
51033,2013,5588.0,194305984.0,34773.0,,474.0
51033,2014,5512.0,197434331.0,35820.0,,482.0
51033,2015,5614.0,207687476.0,36996.0,,523.0
51033,2016,5725.0,215658038.0,37667.0,,553.0
51033,2017,5728.0,223226934.0,38971.0,,572.0
51033,2018,5858.0,228330515.0,38975.0,,604.0
51033,2019,5915.0,231536267.0,39146.0,,600.0
51033,2020,5592.0,237569309.0,42484.0,,601.0
51033,2021,5516.0,249628420.0,45253.0,,619.0
51033,2022,5495.0,259534935.0,47228.0,,836.0
51033,2023,6109.0,292567132.0,47892.0,,849.0
51033,2024,6591.0,317365347.0,48154.0,,754.0
51035,2010,6153.0,165602705.0,26916.0,,577.0
51035,2011,6031.0,162404054.0,26927.0,,564.0
51035,2012,6136.0,166846189.0,27191.0,,594.0
51035,2013,5994.0,167645143.0,27968.0,,587.0
51035,2014,6069.0,173064830.0,28515.0,,589.0
51035,2015,6256.0,184621345.0,29513.0,,605.0
51035,2016,6471.0,195802739.0,30257.0,,608.0
51035,2017,6573.0,202293081.0,30775.0,,601.0
51035,2018,6402.0,204425253.0,31931.0,,624.0
51035,2019,6214.0,199145305.0,32050.0,,618.0
51035,2020,5811.0,193203889.0,33247.0,,600.0
51035,2021,5895.0,209012511.0,35457.0,,615.0
51035,2022,5836.0,218438404.0,37431.0,,735.0
51035,2023,5734.0,223894382.0,39047.0,,720.0
51035,2024,5796.0,236889536.0,40868.0,,654.0
51041,2010,113322.0,4823722422.0,42566.0,238.0,7534.0
51041,2011,113833.0,4904802539.0,43088.0,422.0,7534.0
51041,2012,117645.0,5159465436.0,43856.0,382.0,7814.0
51041,2013,122389.0,5353403547.0,43741.0,388.0,7900.0
51041,2014,124399.0,5478377672.0,44039.0,272.0,8013.0
51041,2015,131126.0,5832100713.0,44477.0,402.0,8473.0
51041,2016,134066.0,6013852539.0,44857.0,355.0,8871.0
51041,2017,135816.0,6277939046.0,46224.0,241.0,9034.0
51041,2018,138428.0,6559889505.0,47389.0,252.0,9354.0
51041,2019,137108.0,6651812222.0,48515.0,250.0,9406.0
51041,2020,131601.0,6852625293.0,52071.0,221.0,9414.0
51041,2021,135766.0,7376119340.0,54330.0,210.0,9824.0
51041,2022,140474.0,8078005151.0,57505.0,567.0,10714.0
51041,2023,142921.0,8613084260.0,60265.0,687.0,10453.0
51041,2024,145905.0,9146102411.0,62685.0,763.0,10284.0
51059,2010,573551.0,42670924107.0,74398.0,5960.0,33861.0
51059,2011,581120.0,44283422700.0,76204.0,5755.0,34275.0
51059,2012,590490.0,45907046690.0,77744.0,5707.0,34820.0
51059,2013,586818.0,45835412673.0,78108.0,6229.0,34800.0
51059,2014,579539.0,45690428219.0,78839.0,6558.0,34763.0
51059,2015,586870.0,47502620982.0,80942.0,6964.0,36590.0
51059,2016,595313.0,48498252279.0,81467.0,6152.0,37312.0
51059,2017,601868.0,50624616221.0,84112.0,6227.0,37195.0
51059,2018,612537.0,52916489408.0,86389.0,6002.0,37276.0
51059,2019,622226.0,55615305634.0,89381.0,8125.0,36766.0
51059,2020,591639.0,57381712481.0,96988.0,8969.0,36839.0
51059,2021,607242.0,61024274964.0,100494.0,9771.0,37985.0
51059,2022,620691.0,64283370874.0,103567.0,10730.0,41142.0
51059,2023,629471.0,67688204245.0,107532.0,11069.0,39782.0
51059,2024,636430.0,72616362714.0,114100.0,11815.0,38934.0
51087,2010,170411.0,8142720676.0,47783.0,851.0,9610.0
51087,2011,172959.0,8448361175.0,48846.0,923.0,9756.0
51087,2012,178088.0,8732606832.0,49035.0,783.0,10151.0
51087,2013,179427.0,8933470633.0,49789.0,637.0,10203.0
51087,2014,179377.0,9119254798.0,50838.0,589.0,10326.0
51087,2015,187015.0,9639006294.0,51541.0,411.0,10996.0
51087,2016,189377.0,9810817906.0,51806.0,460.0,11493.0
51087,2017,192970.0,10252834578.0,53132.0,376.0,11576.0
51087,2018,191595.0,10357739962.0,54061.0,470.0,11830.0
51087,2019,192419.0,10719950804.0,55712.0,461.0,11840.0
51087,2020,180705.0,10860171056.0,60099.0,488.0,11837.0
51087,2021,183265.0,11526984936.0,62898.0,468.0,12142.0
51087,2022,188096.0,12391041726.0,65876.0,450.0,13028.0
51087,2023,186666.0,12656855527.0,67805.0,622.0,12790.0
51087,2024,187647.0,13236836668.0,70541.0,591.0,12661.0
51095,2010,26180.0,880137916.0,33618.0,,1615.0
51095,2011,26390.0,891762838.0,33792.0,,1651.0
51095,2012,26991.0,935327751.0,34653.0,5.0,1691.0
51095,2013,26779.0,966017109.0,36073.0,5.0,1694.0
51095,2014,27639.0,998751380.0,36136.0,,1710.0
51095,2015,27822.0,990737140.0,35609.0,,1849.0
51095,2016,28975.0,1089008424.0,37584.0,,1908.0
51095,2017,29563.0,1118971676.0,37851.0,,1908.0
51095,2018,30233.0,1169385892.0,38679.0,,1983.0
51095,2019,30395.0,1221352388.0,40182.0,61.0,1982.0
51095,2020,26039.0,1198725299.0,46035.0,7.0,1982.0
51095,2021,27600.0,1305179230.0,47289.0,58.0,2030.0
51095,2022,29076.0,1440687380.0,49550.0,119.0,2232.0
51095,2023,29332.0,1516542773.0,51703.0,123.0,2238.0
51095,2024,30184.0,1580415645.0,52359.0,115.0,2261.0
51107,2010,132340.0,7501187975.0,56681.0,587.0,9285.0
51107,2011,137434.0,7849212307.0,57113.0,779.0,9654.0
51107,2012,141249.0,8236288365.0,58310.0,880.0,9990.0
51107,2013,146358.0,8681374683.0,59316.0,780.0,10175.0
51107,2014,148593.0,8963952580.0,60326.0,1557.0,10467.0
51107,2015,154560.0,9469524969.0,61268.0,2109.0,11395.0
51107,2016,159753.0,9786620711.0,61261.0,2187.0,11987.0
51107,2017,164537.0,10388091191.0,63135.0,2186.0,12244.0
51107,2018,169077.0,11106435306.0,65689.0,2100.0,12575.0
51107,2019,175497.0,11699975992.0,66668.0,2394.0,12677.0
51107,2020,165166.0,12087623391.0,73185.0,2159.0,12933.0
51107,2021,172484.0,12943519988.0,75042.0,2265.0,13591.0
51107,2022,180628.0,14193053336.0,78576.0,2226.0,14965.0
51107,2023,189016.0,15212275379.0,80481.0,2042.0,14742.0
51107,2024,198113.0,16797557986.0,84788.0,2180.0,14735.0
51117,2010,12270.0,360836312.0,29409.0,,949.0
51117,2011,12203.0,360464719.0,29539.0,,967.0
51117,2012,11959.0,354147435.0,29615.0,,1004.0
51117,2013,11260.0,342158743.0,30388.0,,1000.0
51117,2014,11354.0,348210569.0,30668.0,,1024.0
51117,2015,11706.0,374301444.0,31977.0,,1052.0
51117,2016,11772.0,389248566.0,33065.0,,1097.0
51117,2017,11502.0,389324358.0,33848.0,,1086.0
51117,2018,11562.0,398118102.0,34434.0,106.0,1128.0
51117,2019,11419.0,404086133.0,35387.0,,1123.0
51117,2020,10907.0,421415894.0,38637.0,,1073.0
51117,2021,10966.0,456392392.0,41621.0,,1075.0
51117,2022,11419.0,503105523.0,44059.0,,1164.0
51117,2023,11646.0,543273621.0,46650.0,,1126.0
51117,2024,11719.0,594500067.0,50731.0,,1062.0
51153,2010,103877.0,4376941243.0,42136.0,105.0,7421.0
51153,2011,108137.0,4608639181.0,42619.0,111.0,7687.0
51153,2012,112954.0,4895054696.0,43337.0,314.0,7958.0
51153,2013,116645.0,5076965371.0,43525.0,348.0,8037.0
51153,2014,119463.0,5258641094.0,44019.0,374.0,8254.0
51153,2015,122607.0,5513115781.0,44966.0,401.0,8870.0
51153,2016,126283.0,5817089922.0,46064.0,252.0,9212.0
51153,2017,127892.0,6025108855.0,47111.0,354.0,9293.0
51153,2018,130335.0,6412562101.0,49200.0,355.0,9452.0
51153,2019,133237.0,6694356316.0,50244.0,224.0,9535.0
51153,2020,125254.0,6910642636.0,55173.0,365.0,9615.0
51153,2021,130075.0,7357975758.0,56567.0,416.0,9968.0
51153,2022,133867.0,7877569847.0,58846.0,606.0,10862.0
51153,2023,139621.0,8629416702.0,61806.0,669.0,10683.0
51153,2024,143345.0,9238180606.0,64447.0,653.0,10632.0
51173,2010,11513.0,361366869.0,31387.0,,791.0
51173,2011,11627.0,369600455.0,31788.0,,809.0
51173,2012,11606.0,372619247.0,32106.0,,832.0
51173,2013,11631.0,386289129.0,33213.0,,821.0
51173,2014,11849.0,408080093.0,34441.0,,818.0
51173,2015,12351.0,422490205.0,34207.0,,845.0
51173,2016,12793.0,434271007.0,33946.0,,887.0
51173,2017,12197.0,417196217.0,34205.0,,895.0
51173,2018,12169.0,421782200.0,34661.0,,937.0
51173,2019,12137.0,437869295.0,36076.0,,911.0
51173,2020,11359.0,433713967.0,38184.0,,879.0
51173,2021,11803.0,471941101.0,39986.0,,887.0
51173,2022,11690.0,506770941.0,43349.0,21.0,948.0
51173,2023,11835.0,542881523.0,45872.0,20.0,866.0
51173,2024,11649.0,562295921.0,48271.0,22.0,816.0
51510,2010,95948.0,6418516100.0,66896.0,664.0,6105.0
51510,2011,94568.0,6372960094.0,67390.0,652.0,6138.0
51510,2012,95584.0,6595349655.0,69001.0,603.0,6241.0
51510,2013,95203.0,6612940934.0,69462.0,554.0,6226.0
51510,2014,94946.0,6790914597.0,71524.0,754.0,6183.0
51510,2015,96328.0,6979141482.0,72452.0,816.0,6553.0
51510,2016,94885.0,7020455007.0,73989.0,817.0,6552.0
51510,2017,93774.0,7093303873.0,75642.0,819.0,6385.0
51510,2018,91915.0,7173714190.0,78047.0,761.0,6302.0
51510,2019,90924.0,7212908600.0,79329.0,754.0,6207.0
51510,2020,83919.0,7075437449.0,84313.0,777.0,6203.0
51510,2021,84081.0,7296189761.0,86776.0,784.0,6376.0
51510,2022,84602.0,7518219428.0,88866.0,381.0,6891.0
51510,2023,81319.0,7213756929.0,88710.0,387.0,6561.0
51510,2024,81341.0,7446105060.0,91541.0,387.0,6382.0
51550,2010,94844.0,3542660696.0,37352.0,628.0,5654.0
51550,2011,94677.0,3601722237.0,38042.0,39.0,5618.0
51550,2012,95303.0,3704290165.0,38869.0,,5704.0
51550,2013,95580.0,3736110745.0,39089.0,,5646.0
51550,2014,95718.0,3792520607.0,39622.0,,5643.0
51550,2015,97422.0,3969968171.0,40750.0,61.0,5879.0
51550,2016,98448.0,4051187547.0,41151.0,61.0,6018.0
51550,2017,99486.0,4249431953.0,42714.0,69.0,6049.0
51550,2018,101245.0,4433253424.0,43787.0,61.0,6190.0
51550,2019,102535.0,4628247220.0,45138.0,266.0,6216.0
51550,2020,99334.0,4823027682.0,48553.0,632.0,6276.0
51550,2021,100419.0,5145584049.0,51241.0,574.0,6469.0
51550,2022,103011.0,5533260797.0,53715.0,536.0,6950.0
51550,2023,104509.0,5883180241.0,56293.0,659.0,6848.0
51550,2024,104662.0,6156803426.0,58825.0,591.0,6889.0
51680,2010,50141.0,1950446916.0,38900.0,6.0,2448.0
51680,2011,50552.0,1986417207.0,39294.0,,2426.0
51680,2012,50776.0,2024154191.0,39864.0,,2469.0
51680,2013,50745.0,2063954355.0,40673.0,,2471.0
51680,2014,51172.0,2140963233.0,41839.0,7.0,2476.0
51680,2015,51380.0,2140945365.0,41669.0,,2573.0
51680,2016,51272.0,2154482004.0,42021.0,7.0,2635.0
51680,2017,51809.0,2227476154.0,42994.0,,2676.0
51680,2018,52395.0,2317628432.0,44234.0,5.0,2741.0
51680,2019,52414.0,2367379772.0,45167.0,3.0,2730.0
51680,2020,48666.0,2370564841.0,48711.0,11.0,2692.0
51680,2021,48686.0,2462873381.0,50587.0,12.0,2731.0
51680,2022,49133.0,2660404624.0,54147.0,28.0,2873.0
51680,2023,48524.0,2723485502.0,56127.0,30.0,2734.0
51680,2024,47689.0,2799575630.0,58705.0,31.0,2654.0
51700,2010,95481.0,4090203089.0,42838.0,107.0,3902.0
51700,2011,96309.0,4279972746.0,44440.0,115.0,3768.0
51700,2012,96261.0,4467650003.0,46412.0,155.0,3743.0
51700,2013,97302.0,4628390786.0,47567.0,166.0,3674.0
51700,2014,98179.0,4855826048.0,49459.0,150.0,3662.0
51700,2015,97536.0,4979654359.0,51054.0,171.0,3792.0
51700,2016,96225.0,4923559219.0,51167.0,167.0,3850.0
51700,2017,97754.0,5147323463.0,52656.0,145.0,3859.0
51700,2018,101887.0,5396527829.0,52966.0,140.0,3921.0
51700,2019,103520.0,5685298168.0,54920.0,142.0,3941.0
51700,2020,99479.0,5752336297.0,57825.0,126.0,4019.0
51700,2021,100381.0,6008068891.0,59852.0,135.0,4192.0
51700,2022,100346.0,6375732540.0,63538.0,14.0,4519.0
51700,2023,100986.0,6712591231.0,66471.0,10.0,4506.0
51700,2024,102308.0,6950388751.0,67936.0,11.0,4501.0
51710,2010,136257.0,6232647104.0,45742.0,473.0,5681.0
51710,2011,138035.0,6427916477.0,46567.0,518.0,5617.0
51710,2012,137771.0,6597570846.0,47888.0,,5617.0
51710,2013,136462.0,6533113787.0,47875.0,,5590.0
51710,2014,134423.0,6647083312.0,49449.0,130.0,5515.0
51710,2015,139830.0,7326505575.0,52396.0,512.0,5758.0
51710,2016,140246.0,7403619104.0,52790.0,214.0,5861.0
51710,2017,141959.0,7604987434.0,53572.0,217.0,5886.0
51710,2018,142754.0,7932728607.0,55569.0,496.0,6069.0
51710,2019,141016.0,8101489345.0,57451.0,438.0,6101.0
51710,2020,132792.0,8182208658.0,61617.0,,6108.0
51710,2021,133874.0,8652380974.0,64631.0,403.0,6202.0
51710,2022,137491.0,9286666948.0,67544.0,234.0,6656.0
51710,2023,140889.0,9870263475.0,70057.0,98.0,6520.0
51710,2024,144085.0,10436286841.0,72432.0,100.0,6441.0
51730,2010,14319.0,512976316.0,35824.0,,861.0
51730,2011,14247.0,522466030.0,36672.0,,852.0
51730,2012,13775.0,519510444.0,37713.0,,837.0
51730,2013,13327.0,507190856.0,38058.0,,842.0
51730,2014,12907.0,510708380.0,39567.0,,818.0
51730,2015,13009.0,503858332.0,38731.0,,865.0
51730,2016,13244.0,511857598.0,38649.0,,915.0
51730,2017,13016.0,511049963.0,39262.0,,931.0
51730,2018,13210.0,540936141.0,40948.0,,948.0
51730,2019,13180.0,548752685.0,41634.0,,945.0
51730,2020,12068.0,513490381.0,42550.0,,940.0
51730,2021,11934.0,530995206.0,44494.0,,977.0
51730,2022,12176.0,582897611.0,47874.0,17.0,1089.0
51730,2023,12052.0,618887916.0,51354.0,17.0,1011.0
51730,2024,11753.0,629300890.0,53542.0,17.0,996.0
51760,2010,148083.0,7714878459.0,52098.0,282.0,7147.0
51760,2011,149540.0,7945656647.0,53134.0,154.0,7082.0
51760,2012,148410.0,7995919054.0,53877.0,216.0,7100.0
51760,2013,147607.0,8035286905.0,54437.0,140.0,7004.0
51760,2014,148477.0,8298845651.0,55893.0,191.0,7014.0
51760,2015,149651.0,8723523606.0,58293.0,178.0,7393.0
51760,2016,153128.0,8937242422.0,58365.0,205.0,7730.0
51760,2017,154502.0,9301956138.0,60206.0,335.0,7685.0
51760,2018,155753.0,9606645500.0,61679.0,172.0,7902.0
51760,2019,158794.0,10161369809.0,63991.0,244.0,8017.0
51760,2020,147619.0,10374591778.0,70280.0,241.0,8001.0
51760,2021,148861.0,10901060025.0,73230.0,267.0,8296.0
51760,2022,154383.0,11928781720.0,77267.0,388.0,9155.0
51760,2023,160471.0,12803822585.0,79789.0,404.0,9087.0
51760,2024,165947.0,13838704677.0,83392.0,413.0,9205.0
51810,2010,164022.0,6035004733.0,36794.0,311.0,11257.0
51810,2011,162574.0,6183056429.0,38032.0,377.0,11202.0
51810,2012,164585.0,6493533783.0,39454.0,377.0,11356.0
51810,2013,169419.0,6597142323.0,38940.0,429.0,11184.0
51810,2014,171026.0,6802728320.0,39776.0,447.0,11169.0
51810,2015,173655.0,7073934964.0,40735.0,519.0,11744.0
51810,2016,176470.0,7235788286.0,41003.0,614.0,12115.0
51810,2017,178341.0,7462041082.0,41841.0,609.0,12178.0
51810,2018,178196.0,7623953602.0,42784.0,530.0,12322.0
51810,2019,179379.0,7965969282.0,44409.0,519.0,12310.0
51810,2020,167802.0,8121956151.0,48402.0,572.0,12432.0
51810,2021,171513.0,8650103264.0,50434.0,566.0,12920.0
51810,2022,174794.0,9267327421.0,53019.0,799.0,13978.0
51810,2023,178150.0,9800959696.0,55015.0,813.0,13750.0
51810,2024,179013.0,10379324527.0,57981.0,827.0,13794.0
53015,2010,35424.0,1393448903.0,39336.0,,3125.0
53015,2011,35272.0,1405328480.0,39843.0,,3070.0
53015,2012,35597.0,1482673235.0,41651.0,6.0,3195.0
53015,2013,35453.0,1549177848.0,43696.0,,3377.0
53015,2014,36843.0,1609132098.0,43675.0,4.0,3172.0
53015,2015,37342.0,1692745905.0,45331.0,,3006.0
53015,2016,37987.0,1740119231.0,45808.0,6.0,3012.0
53015,2017,38749.0,1845375511.0,47624.0,,3004.0
53015,2018,38927.0,1951516423.0,50133.0,9.0,3010.0
53015,2019,39477.0,2063773968.0,52278.0,,3146.0
53015,2020,38288.0,2140972280.0,55918.0,,3349.0
53015,2021,39570.0,2338124992.0,59088.0,15.0,3360.0
53015,2022,41009.0,2552796071.0,62250.0,,2990.0
53015,2023,41097.0,2649234189.0,64463.0,,2570.0
53015,2024,41235.0,2787470900.0,67600.0,,2712.0
53021,2010,28934.0,943714584.0,32616.0,31.0,2616.0
53021,2011,29642.0,997554461.0,33654.0,33.0,2625.0
53021,2012,30616.0,1051659885.0,34350.0,32.0,2761.0
53021,2013,31142.0,1100172217.0,35328.0,32.0,2967.0
53021,2014,31845.0,1142209206.0,35868.0,33.0,2819.0
53021,2015,33158.0,1224335487.0,36925.0,32.0,2697.0
53021,2016,33839.0,1289180382.0,38098.0,31.0,2677.0
53021,2017,33976.0,1351422394.0,39776.0,31.0,2676.0
53021,2018,34716.0,1471298301.0,42381.0,32.0,2719.0
53021,2019,34934.0,1538906015.0,44052.0,,2856.0
53021,2020,33613.0,1578556244.0,46963.0,,3069.0
53021,2021,34532.0,1716037630.0,49695.0,,3048.0
53021,2022,36286.0,1891331415.0,52123.0,,2697.0
53021,2023,36847.0,2029341731.0,55075.0,,2271.0
53021,2024,37554.0,2150592344.0,57266.0,,2379.0
53025,2010,34257.0,1127127521.0,32902.0,41.0,3423.0
53025,2011,35190.0,1183225327.0,33624.0,41.0,3389.0
53025,2012,36714.0,1266095390.0,34486.0,39.0,3512.0
53025,2013,37191.0,1304074331.0,35064.0,42.0,3662.0
53025,2014,38883.0,1395284325.0,35884.0,42.0,3403.0
53025,2015,38939.0,1455124117.0,37370.0,65.0,3274.0
53025,2016,38806.0,1497499421.0,38590.0,94.0,3301.0
53025,2017,39212.0,1571260532.0,40071.0,101.0,3257.0
53025,2018,40328.0,1701708187.0,42196.0,242.0,3259.0
53025,2019,39967.0,1766601176.0,44201.0,269.0,3330.0
53025,2020,39206.0,1951895501.0,49786.0,261.0,3548.0
53025,2021,39887.0,2087170876.0,52327.0,270.0,3441.0
53025,2022,41938.0,2347988929.0,55988.0,306.0,3060.0
53025,2023,42568.0,2568151645.0,60330.0,279.0,2594.0
53025,2024,43158.0,2743048285.0,63558.0,287.0,2694.0
56005,2010,27863.0,1528857092.0,54870.0,,1814.0
56005,2011,27457.0,1521214883.0,55403.0,,1781.0
56005,2012,27739.0,1543062478.0,55629.0,,1771.0
56005,2013,27334.0,1535527204.0,56177.0,,1751.0
56005,2014,28502.0,1642650221.0,57633.0,,1732.0
56005,2015,27899.0,1601698111.0,57411.0,,1797.0
56005,2016,24978.0,1351496194.0,54107.0,,1779.0
56005,2017,24306.0,1348757125.0,55491.0,,1789.0
56005,2018,24785.0,1431360127.0,57752.0,,1822.0
56005,2019,25178.0,1496953318.0,59455.0,,1842.0
56005,2020,23382.0,1365954451.0,58420.0,,1866.0
56005,2021,22921.0,1346582291.0,58748.0,,1911.0
56005,2022,24105.0,1531370498.0,63529.0,7.0,1985.0
56005,2023,24947.0,1657455391.0,66440.0,7.0,2014.0
56005,2024,24836.0,1660492822.0,66859.0,9.0,2041.0
56013,2010,16442.0,601102723.0,36560.0,,1580.0
56013,2011,16640.0,633073658.0,38045.0,,1561.0
56013,2012,16802.0,656717528.0,39085.0,,1573.0
56013,2013,16722.0,663937793.0,39703.0,,1572.0
56013,2014,16536.0,673705808.0,40743.0,,1544.0
56013,2015,16242.0,654209860.0,40280.0,,1650.0
56013,2016,15541.0,606498618.0,39025.0,,1675.0
56013,2017,15348.0,611584979.0,39849.0,3.0,1697.0
56013,2018,15159.0,625314261.0,41250.0,3.0,1732.0
56013,2019,15215.0,642462342.0,42227.0,,1731.0
56013,2020,14639.0,640836880.0,43775.0,,1758.0
56013,2021,14999.0,672169080.0,44816.0,4.0,1778.0
56013,2022,15281.0,719777945.0,47104.0,5.0,1848.0
56013,2023,15603.0,770496640.0,49382.0,5.0,1836.0
56013,2024,15557.0,819317081.0,52664.0,5.0,1849.0
56021,2010,42432.0,1654802240.0,38999.0,137.0,3261.0
56021,2011,43098.0,1734056381.0,40235.0,135.0,3319.0
56021,2012,43746.0,1833229568.0,41906.0,136.0,3431.0
56021,2013,45027.0,1897792787.0,42148.0,141.0,3494.0
56021,2014,45884.0,1968544690.0,42903.0,160.0,3540.0
56021,2015,46123.0,2018334941.0,43760.0,164.0,3603.0
56021,2016,45587.0,2013962245.0,44179.0,168.0,3589.0
56021,2017,45625.0,2073855075.0,45454.0,170.0,3618.0
56021,2018,46016.0,2169316700.0,47143.0,175.0,3659.0
56021,2019,46846.0,2285702712.0,48791.0,172.0,3782.0
56021,2020,45569.0,2316237454.0,50829.0,127.0,3981.0
56021,2021,46471.0,2459666864.0,52930.0,114.0,4190.0
56021,2022,46444.0,2583059928.0,55617.0,92.0,4500.0
56021,2023,47486.0,2788644207.0,58726.0,104.0,4658.0
56021,2024,48244.0,2941017221.0,60961.0,101.0,4736.0
56025,2010,37936.0,1675758757.0,44173.0,,3194.0
56025,2011,39262.0,1815585424.0,46243.0,,3251.0
56025,2012,40933.0,1969288907.0,48110.0,,3348.0
56025,2013,41747.0,2019706355.0,48379.0,,3353.0
56025,2014,42605.0,2176227692.0,51079.0,4.0,3390.0
56025,2015,41852.0,2077022713.0,49628.0,4.0,3509.0
56025,2016,38505.0,1765613559.0,45854.0,,3508.0
56025,2017,38081.0,1819534810.0,47781.0,,3530.0
56025,2018,38505.0,1933229880.0,50207.0,,3560.0
56025,2019,39132.0,2035513182.0,52017.0,,3545.0
56025,2020,36491.0,1853284384.0,50787.0,,3597.0
56025,2021,36750.0,1889985119.0,51428.0,9.0,3650.0
56025,2022,38184.0,2131688197.0,55827.0,6.0,3782.0
56025,2023,39441.0,2322392344.0,58882.0,12.0,3890.0
56025,2024,40029.0,2457527710.0,61394.0,,3966.0
56037,2010,23668.0,1214886166.0,51330.0,73.0,1690.0
56037,2011,24580.0,1332108127.0,54194.0,73.0,1691.0
56037,2012,24877.0,1388778526.0,55826.0,79.0,1703.0
56037,2013,24630.0,1385052659.0,56236.0,75.0,1703.0
56037,2014,24269.0,1420422178.0,58529.0,71.0,1689.0
56037,2015,23590.0,1375045314.0,58289.0,72.0,1685.0
56037,2016,22340.0,1257096313.0,56271.0,68.0,1630.0
56037,2017,22214.0,1288821054.0,58017.0,62.0,1620.0
56037,2018,22275.0,1310772101.0,58845.0,61.0,1616.0
56037,2019,22293.0,1343820804.0,60281.0,62.0,1613.0
56037,2020,20121.0,1192421971.0,59264.0,56.0,1621.0
56037,2021,19796.0,1175291258.0,59369.0,57.0,1635.0
56037,2022,20342.0,1291648532.0,63496.0,61.0,1668.0
56037,2023,20866.0,1407022362.0,67433.0,60.0,1689.0
56037,2024,20698.0,1412992702.0,68269.0,66.0,1732.0
