fips,year,total_employment,total_wages,avg_annual_wage,data_processing_employment,total_establishments
31001,2010,14653.0,468593135.0,31979.0,,1029.0
31001,2011,14627.0,477199127.0,32624.0,,1026.0
31001,2012,15226.0,512728128.0,33675.0,,1171.0
31001,2013,15285.0,517178037.0,33836.0,,1199.0
31001,2014,15309.0,535510238.0,34981.0,,1197.0
31001,2015,15370.0,551190872.0,35862.0,,1192.0
31001,2016,15513.0,568609053.0,36653.0,,1203.0
31001,2017,15449.0,587312019.0,38016.0,,1179.0
31001,2018,15339.0,604772747.0,39427.0,,1146.0
31001,2019,15394.0,625822700.0,40653.0,,1115.0
31001,2020,14968.0,639368818.0,42715.0,,1089.0
31001,2021,15028.0,672349118.0,44740.0,,1111.0
31001,2022,15440.0,733279474.0,47491.0,2.0,1126.0
31003,2010,1999.0,53687283.0,26856.0,,259.0
31003,2011,2008.0,56356162.0,28061.0,,264.0
31003,2012,2031.0,59373958.0,29233.0,,281.0
31003,2013,2079.0,62153196.0,29899.0,,293.0
31003,2014,2105.0,66089318.0,31400.0,,303.0
31003,2015,2130.0,69188054.0,32490.0,,304.0
31003,2016,2140.0,70828150.0,33099.0,,302.0
31003,2017,2164.0,76025718.0,35131.0,,293.0
31003,2018,2201.0,80813445.0,36721.0,,287.0
31003,2019,2193.0,82209028.0,37486.0,,287.0
31003,2020,2454.0,106268965.0,43307.0,,277.0
31003,2021,2226.0,91073987.0,40908.0,,291.0
31003,2022,2202.0,97080181.0,44097.0,,293.0
31005,2010,86.0,1754767.0,20464.0,,21.0
31005,2011,90.0,1718516.0,19148.0,,20.0
31005,2012,87.0,1753448.0,20155.0,,21.0
31005,2013,81.0,1773311.0,21938.0,,21.0
31005,2014,84.0,1929976.0,22930.0,,20.0
31005,2015,88.0,2266014.0,25653.0,,18.0
31005,2016,84.0,2391184.0,28438.0,,17.0
31005,2017,84.0,2410065.0,28691.0,,17.0
31005,2018,84.0,2397462.0,28598.0,,16.0
31005,2019,89.0,2396557.0,26953.0,,19.0
31005,2020,86.0,2522449.0,29474.0,,20.0
31005,2021,95.0,2584412.0,27228.0,,21.0
31005,2022,92.0,2522401.0,27442.0,,18.0
31007,2010,151.0,5013771.0,33277.0,,17.0
31007,2011,158.0,5329717.0,33822.0,,16.0
31007,2012,163.0,5319133.0,32583.0,,19.0
31007,2013,168.0,5882322.0,35031.0,,19.0
31007,2014,154.0,5535043.0,36020.0,,17.0
31007,2015,154.0,5714203.0,37065.0,,19.0
31007,2016,129.0,4459413.0,34636.0,,16.0
31007,2017,112.0,4050461.0,36219.0,,12.0
31007,2018,110.0,4059703.0,36767.0,,10.0
31007,2019,107.0,4017989.0,37669.0,,11.0
31007,2020,116.0,4487962.0,38857.0,,13.0
31007,2021,117.0,4460318.0,37987.0,,13.0
31007,2022,112.0,4782876.0,42832.0,,12.0
31009,2010,153.0,3923211.0,25726.0,,23.0
31009,2011,144.0,4163948.0,29017.0,,24.0
31009,2012,153.0,3920211.0,25664.0,,27.0
31009,2013,145.0,3896133.0,26901.0,,26.0
31009,2014,144.0,5017185.0,34821.0,,26.0
31009,2015,129.0,4089289.0,31618.0,,23.0
31009,2016,125.0,4084794.0,32788.0,,23.0
31009,2017,127.0,4479418.0,35179.0,,24.0
31009,2018,129.0,4544363.0,35137.0,,25.0
31009,2019,125.0,4565792.0,36453.0,,25.0
31009,2020,127.0,4792580.0,37886.0,,23.0
31009,2021,125.0,4880458.0,39122.0,,24.0
31009,2022,121.0,5100892.0,42098.0,,25.0
31011,2010,2222.0,63283106.0,28487.0,,247.0
31011,2011,2276.0,67435365.0,29627.0,,253.0
31011,2012,2317.0,70827355.0,30566.0,,264.0
31011,2013,2343.0,74394361.0,31749.0,,261.0
31011,2014,2354.0,76893710.0,32665.0,,267.0
31011,2015,2373.0,79148687.0,33350.0,,265.0
31011,2016,2371.0,81792494.0,34495.0,,267.0
31011,2017,2314.0,83078406.0,35908.0,,271.0
31011,2018,2373.0,88940380.0,37488.0,,271.0
31011,2019,2382.0,93782207.0,39366.0,,267.0
31011,2020,2329.0,96370641.0,41382.0,,262.0
31011,2021,2337.0,100602177.0,43054.0,,274.0
31011,2022,2382.0,109107689.0,45807.0,,273.0
31013,2010,3803.0,115032582.0,30251.0,,373.0
31013,2011,3830.0,122448973.0,31973.0,,373.0
31013,2012,3997.0,127744934.0,31961.0,,441.0
31013,2013,4020.0,132668531.0,32999.0,,457.0
31013,2014,4009.0,135560658.0,33818.0,,447.0
31013,2015,3912.0,134987965.0,34506.0,,435.0
31013,2016,3860.0,132919795.0,34432.0,,431.0
31013,2017,3816.0,137959900.0,36155.0,,435.0
31013,2018,3806.0,139693162.0,36707.0,,431.0
31013,2019,3754.0,141402416.0,37665.0,,414.0
31013,2020,3563.0,140474699.0,39423.0,,394.0
31013,2021,3631.0,147311261.0,40569.0,,407.0
31013,2022,3569.0,155191368.0,43488.0,,403.0
31015,2010,555.0,12160934.0,21908.0,,92.0
31015,2011,579.0,13088727.0,22612.0,,96.0
31015,2012,589.0,13536831.0,22986.0,,101.0
31015,2013,580.0,13823292.0,23833.0,,104.0
31015,2014,580.0,14677813.0,25314.0,,107.0
31015,2015,585.0,15959758.0,27289.0,,112.0
31015,2016,600.0,16897193.0,28170.0,,110.0
31015,2017,587.0,16982480.0,28947.0,,108.0
31015,2018,600.0,17670411.0,29475.0,,105.0
31015,2019,596.0,21367527.0,35847.0,,105.0
31015,2020,561.0,18039130.0,32146.0,,104.0
31015,2021,539.0,17994231.0,33379.0,,104.0
31015,2022,540.0,18273838.0,33851.0,,100.0
31017,2010,1227.0,32117629.0,26169.0,,156.0
31017,2011,1215.0,33125375.0,27258.0,,158.0
31017,2012,1229.0,34181315.0,27812.0,,169.0
31017,2013,1235.0,35804230.0,28993.0,,169.0
31017,2014,1238.0,37495925.0,30285.0,,169.0
31017,2015,1211.0,38939243.0,32168.0,,167.0
31017,2016,1200.0,39706257.0,33084.0,,166.0
31017,2017,1231.0,40999289.0,33301.0,,171.0
31017,2018,1238.0,42894510.0,34639.0,,175.0
31017,2019,1238.0,44827263.0,36219.0,,174.0
31017,2020,1225.0,46230684.0,37742.0,,173.0
31017,2021,1373.0,53475219.0,38952.0,,180.0
31017,2022,1379.0,56771027.0,41176.0,,179.0
31019,2010,25010.0,835692926.0,33415.0,,1570.0
31019,2011,25400.0,855142892.0,33667.0,,1591.0
31019,2012,26043.0,907467971.0,34845.0,,1771.0
31019,2013,26369.0,917263557.0,34786.0,,1824.0
31019,2014,26816.0,955324113.0,35625.0,,1891.0
31019,2015,26839.0,1006946671.0,37517.0,,1898.0
31019,2016,27079.0,1021700164.0,37731.0,,1916.0
31019,2017,27014.0,1055236717.0,39063.0,,1933.0
31019,2018,27375.0,1091589154.0,39875.0,,1938.0
31019,2019,27159.0,1119127269.0,41207.0,,1910.0
31019,2020,26088.0,1150807780.0,44112.0,,1877.0
31019,2021,26659.0,1223247870.0,45886.0,,1935.0
31019,2022,27017.0,1310063594.0,48490.0,,1953.0
31021,2010,1821.0,50032275.0,27483.0,,229.0
31021,2011,1787.0,51422752.0,28783.0,,236.0
31021,2012,1890.0,55820752.0,29528.0,,272.0
31021,2013,1925.0,58194470.0,30232.0,,269.0
31021,2014,1878.0,60688666.0,32316.0,,271.0
31021,2015,1906.0,63742752.0,33451.0,,283.0
31021,2016,1881.0,63446475.0,33729.0,,282.0
31021,2017,1827.0,63741263.0,34893.0,,274.0
31021,2018,1800.0,65333199.0,36306.0,,266.0
31021,2019,1786.0,65329569.0,36582.0,,260.0
31021,2020,1799.0,68742817.0,38219.0,,248.0
31021,2021,1830.0,72526859.0,39641.0,,259.0
31021,2022,1780.0,75108039.0,42194.0,,260.0
31023,2010,2506.0,78434186.0,31296.0,,224.0
31023,2011,2559.0,81440165.0,31825.0,,235.0
31023,2012,2581.0,86458840.0,33496.0,,277.0
31023,2013,2592.0,85798077.0,33103.0,,289.0
31023,2014,2696.0,99426608.0,36874.0,,286.0
31023,2015,2659.0,101484151.0,38165.0,,281.0
31023,2016,2556.0,97326468.0,38073.0,,281.0
31023,2017,2563.0,97401178.0,38008.0,,284.0
31023,2018,2538.0,101230666.0,39890.0,,279.0
31023,2019,2571.0,105383332.0,40989.0,,272.0
31023,2020,2461.0,109662462.0,44557.0,,276.0
31023,2021,2542.0,110826870.0,43600.0,,286.0
31023,2022,2596.0,127013844.0,48919.0,1.0,288.0
31025,2010,4800.0,144573960.0,30123.0,,605.0
31025,2011,4816.0,152082974.0,31580.0,,607.0
31025,2012,5010.0,163890658.0,32713.0,,650.0
31025,2013,5163.0,172573099.0,33424.0,,662.0
31025,2014,5500.0,182244090.0,33137.0,,673.0
31025,2015,5471.0,191412714.0,34987.0,,676.0
31025,2016,5647.0,203244151.0,35990.0,,687.0
31025,2017,5764.0,214174450.0,37155.0,,700.0
31025,2018,5814.0,219484175.0,37749.0,,697.0
31025,2019,5811.0,229645030.0,39518.0,,703.0
31025,2020,5595.0,241763632.0,43215.0,,673.0
31025,2021,5795.0,251406476.0,43383.0,,710.0
31025,2022,5728.0,269768888.0,47101.0,3.0,725.0
31027,2010,2571.0,72658783.0,28265.0,,342.0
31027,2011,2610.0,79289058.0,30382.0,,346.0
31027,2012,2672.0,83417603.0,31219.0,,371.0
31027,2013,2691.0,83878509.0,31165.0,,369.0
31027,2014,2734.0,87741479.0,32091.0,,370.0
31027,2015,2736.0,90423483.0,33050.0,,369.0
31027,2016,2658.0,89602919.0,33713.0,,361.0
31027,2017,2617.0,91155782.0,34829.0,,349.0
31027,2018,2614.0,93262166.0,35678.0,,346.0
31027,2019,2645.0,97536066.0,36870.0,,352.0
31027,2020,2574.0,99353032.0,38597.0,,342.0
31027,2021,2665.0,107027782.0,40163.0,,358.0
31027,2022,2671.0,110152352.0,41241.0,,353.0
31029,2010,1707.0,50556363.0,29619.0,,201.0
31029,2011,1769.0,55227347.0,31225.0,,209.0
31029,2012,1798.0,57435239.0,31951.0,,221.0
31029,2013,1843.0,60360531.0,32748.0,,226.0
31029,2014,1820.0,61585649.0,33843.0,,221.0
31029,2015,1859.0,63225521.0,34014.0,,229.0
31029,2016,1824.0,63208132.0,34661.0,,232.0
31029,2017,1853.0,65919246.0,35574.0,,232.0
31029,2018,1846.0,67837091.0,36755.0,,234.0
31029,2019,1831.0,71909944.0,39270.0,,233.0
31029,2020,1813.0,76454018.0,42174.0,,238.0
31029,2021,1763.0,74588866.0,42316.0,,240.0
31029,2022,1796.0,83592131.0,46554.0,,234.0
31031,2010,2250.0,53102936.0,23600.0,,303.0
31031,2011,2237.0,53706093.0,24006.0,,299.0
31031,2012,2284.0,57500705.0,25177.0,,315.0
31031,2013,2272.0,58120473.0,25584.0,,324.0
31031,2014,2270.0,62922266.0,27721.0,,335.0
31031,2015,2342.0,67202057.0,28695.0,,336.0
31031,2016,2389.0,69391939.0,29045.0,,341.0
31031,2017,2317.0,68956511.0,29768.0,,338.0
31031,2018,2293.0,72164845.0,31466.0,,332.0
31031,2019,2289.0,72772350.0,31792.0,,326.0
31031,2020,2183.0,73143337.0,33505.0,,311.0
31031,2021,2278.0,80071892.0,35146.0,,319.0
31031,2022,2215.0,82301027.0,37165.0,,320.0
31033,2010,5378.0,219550366.0,40821.0,,353.0
31033,2011,5532.0,237571546.0,42946.0,,354.0
31033,2012,5685.0,282478039.0,49685.0,,390.0
31033,2013,5751.0,298353522.0,51877.0,,399.0
31033,2014,5779.0,303941845.0,52591.0,,410.0
31033,2015,5849.0,293857185.0,50242.0,,424.0
31033,2016,5485.0,277776073.0,50643.0,,419.0
31033,2017,5068.0,316473868.0,62442.0,,408.0
31033,2018,4582.0,221339358.0,48310.0,,386.0
31033,2019,4166.0,168897088.0,40543.0,,380.0
31033,2020,3855.0,162993564.0,42280.0,,370.0
31033,2021,3854.0,163568420.0,42440.0,,386.0
31033,2022,3871.0,172106844.0,44461.0,,389.0
31035,2010,2435.0,80650911.0,33124.0,,248.0
31035,2011,2465.0,84255920.0,34187.0,,255.0
31035,2012,2468.0,87570710.0,35478.0,,275.0
31035,2013,2529.0,91789294.0,36289.0,,279.0
31035,2014,2586.0,94409860.0,36503.0,,294.0
31035,2015,2514.0,94127254.0,37445.0,,295.0
31035,2016,2420.0,97519731.0,40296.0,,291.0
31035,2017,2369.0,96788554.0,40852.0,,293.0
31035,2018,2341.0,98573181.0,42104.0,,291.0
31035,2019,2359.0,101884757.0,43194.0,,290.0
31035,2020,2253.0,106081093.0,47091.0,,284.0
31035,2021,2248.0,107448281.0,47803.0,,289.0
31035,2022,2054.0,100247670.0,48816.0,,285.0
31037,2010,4776.0,152291951.0,31886.0,,289.0
31037,2011,4771.0,154891926.0,32466.0,,292.0
31037,2012,4772.0,159236515.0,33372.0,,318.0
31037,2013,4803.0,168492183.0,35078.0,,320.0
31037,2014,4970.0,173259951.0,34863.0,,327.0
31037,2015,5077.0,185708955.0,36577.0,,336.0
31037,2016,5153.0,214105473.0,41553.0,,338.0
31037,2017,5187.0,213104213.0,41081.0,,329.0
31037,2018,5110.0,221725597.0,43393.0,,320.0
31037,2019,5053.0,230096852.0,45537.0,,311.0
31037,2020,4999.0,256231236.0,51259.0,,318.0
31037,2021,4851.0,259798232.0,53554.0,,324.0
31037,2022,4921.0,269388978.0,54746.0,,329.0
31039,2010,3758.0,111530782.0,29681.0,,427.0
31039,2011,3772.0,121282795.0,32151.0,,426.0
31039,2012,3792.0,124373338.0,32801.0,,458.0
31039,2013,3825.0,129437962.0,33844.0,,462.0
31039,2014,3878.0,134376129.0,34652.0,,460.0
31039,2015,3813.0,138862289.0,36415.0,,460.0
31039,2016,3723.0,138980904.0,37327.0,,458.0
31039,2017,3709.0,140986336.0,38008.0,,451.0
31039,2018,3698.0,147699987.0,39940.0,,437.0
31039,2019,3721.0,153509916.0,41251.0,,432.0
31039,2020,3714.0,162152366.0,43661.0,,420.0
31039,2021,3764.0,168162884.0,44678.0,,434.0
31039,2022,3735.0,180205117.0,48249.0,,426.0
31041,2010,3893.0,114429308.0,29395.0,,446.0
31041,2011,3910.0,118305113.0,30259.0,,449.0
31041,2012,4085.0,129156598.0,31618.0,,489.0
31041,2013,4161.0,138655524.0,33323.0,,503.0
31041,2014,4233.0,147108502.0,34757.0,,510.0
31041,2015,4440.0,159407353.0,35899.0,,513.0
31041,2016,4501.0,160510729.0,35660.0,,526.0
31041,2017,4569.0,167665354.0,36693.0,,523.0
31041,2018,4579.0,171639978.0,37481.0,,507.0
31041,2019,4508.0,176097031.0,39064.0,,505.0
31041,2020,4387.0,180640498.0,41180.0,,492.0
31041,2021,4467.0,192546109.0,43103.0,,506.0
31041,2022,4457.0,203290230.0,45611.0,,500.0
31043,2010,11511.0,403615584.0,35062.0,,497.0
31043,2011,11685.0,408287475.0,34940.0,,496.0
31043,2012,11771.0,414004126.0,35171.0,,548.0
31043,2013,11857.0,431909671.0,36425.0,,563.0
31043,2014,12102.0,468728743.0,38732.0,,569.0
31043,2015,12494.0,485381036.0,38851.0,,566.0
31043,2016,12469.0,515750270.0,41363.0,,571.0
31043,2017,12703.0,555358736.0,43718.0,,559.0
31043,2018,12761.0,590795668.0,46297.0,,525.0
31043,2019,12479.0,622285750.0,49866.0,,511.0
31043,2020,12018.0,635682466.0,52895.0,,502.0
31043,2021,12291.0,716218360.0,58271.0,,526.0
31043,2022,13183.0,780918286.0,59235.0,,530.0
31045,2010,3370.0,89839274.0,26656.0,,321.0
31045,2011,3298.0,91996977.0,27899.0,,326.0
31045,2012,3367.0,94762183.0,28147.0,,385.0
31045,2013,3353.0,95804482.0,28571.0,,387.0
31045,2014,3334.0,98514852.0,29551.0,,378.0
31045,2015,3350.0,101239985.0,30224.0,,379.0
31045,2016,3309.0,104217005.0,31496.0,,374.0
31045,2017,3331.0,105378833.0,31641.0,,364.0
31045,2018,3161.0,106531622.0,33705.0,,347.0
31045,2019,3043.0,105061093.0,34527.0,,328.0
31045,2020,2936.0,108713749.0,37025.0,,328.0
31045,2021,3094.0,113050328.0,36541.0,,339.0
31045,2022,3075.0,117403510.0,38175.0,,329.0
31047,2010,11156.0,342453782.0,30696.0,,782.0
31047,2011,10990.0,347102211.0,31585.0,,777.0
31047,2012,11235.0,360764325.0,32111.0,,859.0
31047,2013,11357.0,369154957.0,32504.0,,889.0
31047,2014,11557.0,385433044.0,33352.0,,894.0
31047,2015,11453.0,395452235.0,34528.0,,904.0
31047,2016,11436.0,409213761.0,35783.0,,906.0
31047,2017,11419.0,429431454.0,37608.0,,877.0
31047,2018,11418.0,450670718.0,39472.0,,847.0
31047,2019,11435.0,466506302.0,40796.0,,835.0
31047,2020,11354.0,495718231.0,43659.0,,813.0
31047,2021,11558.0,510138609.0,44136.0,,827.0
31047,2022,11717.0,574635368.0,49043.0,,819.0
31049,2010,530.0,13398374.0,25288.0,,70.0
31049,2011,542.0,13931574.0,25700.0,,74.0
31049,2012,663.0,17026572.0,25694.0,,87.0
31049,2013,618.0,17232269.0,27888.0,,86.0
31049,2014,587.0,16820791.0,28672.0,,88.0
31049,2015,582.0,16925643.0,29103.0,,86.0
31049,2016,592.0,17873139.0,30217.0,,85.0
31049,2017,580.0,17221391.0,29709.0,,86.0
31049,2018,525.0,16599567.0,31598.0,,82.0
31049,2019,525.0,17381845.0,33140.0,,82.0
31049,2020,512.0,17520611.0,34192.0,,79.0
31049,2021,529.0,18046225.0,34135.0,,85.0
31049,2022,574.0,19988178.0,34823.0,,85.0
31051,2010,1857.0,54300764.0,29237.0,,135.0
31051,2011,1835.0,52354078.0,28536.0,,135.0
31051,2012,1791.0,52236933.0,29165.0,,143.0
31051,2013,1766.0,53919408.0,30529.0,,149.0
31051,2014,1742.0,60102645.0,34509.0,,148.0
31051,2015,1687.0,54725781.0,32446.0,,148.0
31051,2016,1714.0,58300993.0,34013.0,,154.0
31051,2017,1729.0,59776918.0,34573.0,,150.0
31051,2018,1702.0,61969887.0,36406.0,,146.0
31051,2019,1746.0,66957052.0,38343.0,,149.0
31051,2020,1723.0,72538539.0,42102.0,,150.0
31051,2021,1775.0,77826604.0,43840.0,,159.0
31051,2022,1837.0,88061596.0,47949.0,,157.0
31053,2010,15946.0,517603250.0,32460.0,,1093.0
31053,2011,16201.0,516551417.0,31884.0,,1097.0
31053,2012,16474.0,530825006.0,32223.0,,1187.0
31053,2013,16613.0,552566420.0,33260.0,,1206.0
31053,2014,16832.0,578929308.0,34394.0,,1200.0
31053,2015,16964.0,603358919.0,35568.0,,1188.0
31053,2016,17096.0,623803644.0,36489.0,,1214.0
31053,2017,17387.0,652866921.0,37550.0,,1207.0
31053,2018,17314.0,689408539.0,39819.0,,1179.0
31053,2019,17378.0,719550361.0,41406.0,,1176.0
31053,2020,17535.0,792605421.0,45202.0,,1145.0
31053,2021,17799.0,827509938.0,46493.0,,1167.0
31053,2022,18357.0,913512097.0,49765.0,14.0,1154.0
31055,2010,310928.0,13433734978.0,43205.0,4598.0,15665.0
31055,2011,311961.0,13739058850.0,44041.0,4847.0,15823.0
31055,2012,316696.0,14267478450.0,45051.0,4965.0,17375.0
31055,2013,321258.0,14695985587.0,45745.0,4728.0,18079.0
31055,2014,327244.0,15312354928.0,46792.0,4676.0,18334.0
31055,2015,332191.0,16308004928.0,49092.0,5182.0,18477.0
31055,2016,336971.0,16754862817.0,49722.0,5238.0,18933.0
31055,2017,338872.0,17227471617.0,50838.0,5036.0,18959.0
31055,2018,339604.0,17740908838.0,52240.0,5025.0,18783.0
31055,2019,341763.0,18551064354.0,54281.0,4975.0,18777.0
31055,2020,326831.0,19177441458.0,58677.0,4287.0,18583.0
31055,2021,331137.0,20266589482.0,61203.0,2884.0,19588.0
31055,2022,337267.0,21989126355.0,65198.0,1394.0,19750.0
31057,2010,600.0,18013039.0,30005.0,,85.0
31057,2011,625.0,19667529.0,31468.0,,88.0
31057,2012,665.0,21155298.0,31820.0,,100.0
31057,2013,684.0,24477656.0,35786.0,,107.0
31057,2014,669.0,22061124.0,32972.0,,107.0
31057,2015,577.0,20919966.0,36256.0,,100.0
31057,2016,565.0,20135909.0,35655.0,,99.0
31057,2017,578.0,21198927.0,36671.0,,97.0
31057,2018,560.0,21588830.0,38534.0,,92.0
31057,2019,565.0,23421851.0,41491.0,,90.0
31057,2020,549.0,23104891.0,42117.0,,84.0
31057,2021,553.0,24011571.0,43427.0,,84.0
31057,2022,565.0,26695942.0,47256.0,,89.0
31059,2010,2140.0,62174165.0,29058.0,,256.0
31059,2011,2207.0,66784695.0,30260.0,,260.0
31059,2012,2228.0,71959737.0,32304.0,,285.0
31059,2013,2237.0,74978845.0,33525.0,,295.0
31059,2014,2250.0,78608755.0,34940.0,,305.0
31059,2015,2215.0,80704761.0,36437.0,,308.0
31059,2016,2176.0,81887758.0,37634.0,,300.0
31059,2017,2141.0,83408044.0,38967.0,,300.0
31059,2018,2187.0,86974616.0,39772.0,,297.0
31059,2019,2186.0,91641825.0,41927.0,,288.0
31059,2020,2122.0,93191636.0,43908.0,,279.0
31059,2021,2230.0,99906530.0,44801.0,,289.0
31059,2022,2273.0,112701940.0,49585.0,,291.0
31061,2010,816.0,21060347.0,25822.0,,116.0
31061,2011,824.0,21446676.0,26014.0,,117.0
31061,2012,824.0,22280890.0,27032.0,,128.0
31061,2013,793.0,22104856.0,27893.0,,130.0
31061,2014,790.0,22419519.0,28397.0,,131.0
31061,2015,764.0,23751114.0,31081.0,,131.0
31061,2016,753.0,23866832.0,31706.0,,130.0
31061,2017,739.0,23076158.0,31223.0,,121.0
31061,2018,737.0,22957667.0,31140.0,,122.0
31061,2019,735.0,23718379.0,32252.0,,120.0
31061,2020,709.0,24743949.0,34912.0,,119.0
31061,2021,740.0,26192977.0,35380.0,,128.0
31061,2022,791.0,29994238.0,37931.0,,132.0
31063,2010,776.0,21075586.0,27153.0,,84.0
31063,2011,764.0,20991511.0,27476.0,,82.0
31063,2012,780.0,21529133.0,27587.0,,93.0
31063,2013,777.0,22554441.0,29015.0,,95.0
31063,2014,760.0,23871348.0,31410.0,,89.0
31063,2015,769.0,25306207.0,32904.0,,87.0
31063,2016,807.0,26508918.0,32866.0,,91.0
31063,2017,816.0,27816305.0,34089.0,,93.0
31063,2018,798.0,27833606.0,34865.0,,92.0
31063,2019,872.0,29904230.0,34287.0,,92.0
31063,2020,797.0,29129285.0,36552.0,,92.0
31063,2021,813.0,29990232.0,36900.0,,92.0
31063,2022,783.0,29969726.0,38276.0,,96.0
31065,2010,1885.0,53949170.0,28624.0,,240.0
31065,2011,1902.0,56500475.0,29699.0,,242.0
31065,2012,1920.0,59242793.0,30852.0,,278.0
31065,2013,1966.0,61345500.0,31199.0,,278.0
31065,2014,2010.0,65714667.0,32701.0,,267.0
31065,2015,2060.0,68299047.0,33150.0,,251.0
31065,2016,2060.0,70542218.0,34247.0,,247.0
31065,2017,2049.0,70956362.0,34638.0,,247.0
31065,2018,1984.0,70410974.0,35485.0,,240.0
31065,2019,1917.0,73078051.0,38119.0,,235.0
31065,2020,1870.0,76075009.0,40675.0,,232.0
31065,2021,1855.0,78434442.0,42281.0,,236.0
31065,2022,1808.0,82749842.0,45764.0,,230.0
31067,2010,9159.0,267848851.0,29246.0,,720.0
31067,2011,8836.0,267337200.0,30255.0,,746.0
31067,2012,8958.0,276211124.0,30836.0,,827.0
31067,2013,8943.0,283163907.0,31662.0,,841.0
31067,2014,8984.0,296492318.0,33003.0,,840.0
31067,2015,9112.0,309723332.0,33990.0,,846.0
31067,2016,9226.0,320258573.0,34711.0,,842.0
31067,2017,9094.0,324180420.0,35649.0,,831.0
31067,2018,9031.0,332334578.0,36799.0,,789.0
31067,2019,8976.0,343449823.0,38262.0,,788.0
31067,2020,8546.0,347104448.0,40618.0,,778.0
31067,2021,8553.0,359710007.0,42055.0,,792.0
31067,2022,8474.0,384658208.0,45393.0,,787.0
31069,2010,588.0,14519187.0,24703.0,,74.0
31069,2011,570.0,14786974.0,25927.0,,72.0
31069,2012,586.0,15549585.0,26531.0,,80.0
31069,2013,573.0,15522693.0,27082.0,,83.0
31069,2014,538.0,15291359.0,28414.0,,80.0
31069,2015,558.0,16562090.0,29703.0,,82.0
31069,2016,559.0,17441040.0,31228.0,,89.0
31069,2017,568.0,19158517.0,33740.0,,88.0
31069,2018,562.0,18139118.0,32262.0,,89.0
31069,2019,500.0,16896638.0,33816.0,,79.0
31069,2020,479.0,16816912.0,35133.0,,78.0
31069,2021,506.0,17861077.0,35275.0,,84.0
31069,2022,508.0,18793632.0,37014.0,,82.0
31071,2010,812.0,18300600.0,22528.0,,105.0
31071,2011,810.0,19245265.0,23757.0,,105.0
31071,2012,839.0,20894254.0,24906.0,,109.0
31071,2013,843.0,22025609.0,26115.0,,112.0
31071,2014,843.0,22803864.0,27064.0,,118.0
31071,2015,848.0,24016061.0,28324.0,,119.0
31071,2016,811.0,22545665.0,27786.0,,122.0
31071,2017,819.0,23815332.0,29073.0,,123.0
31071,2018,834.0,24908455.0,29860.0,,125.0
31071,2019,808.0,25570792.0,31660.0,,122.0
31071,2020,800.0,27261731.0,34063.0,,118.0
31071,2021,776.0,27746656.0,35756.0,,122.0
31071,2022,770.0,29102841.0,37792.0,,117.0
31073,2010,430.0,12480132.0,29024.0,,72.0
31073,2011,431.0,12478682.0,28970.0,,70.0
31073,2012,438.0,13368748.0,30499.0,,75.0
31073,2013,461.0,14033398.0,30419.0,,76.0
31073,2014,440.0,14132520.0,32113.0,,77.0
31073,2015,408.0,13467267.0,33001.0,,73.0
31073,2016,395.0,13307254.0,33682.0,,67.0
31073,2017,373.0,12990941.0,34852.0,,66.0
31073,2018,386.0,13823689.0,35789.0,,70.0
31073,2019,417.0,15917780.0,38134.0,,76.0
31073,2020,412.0,16791244.0,40747.0,,78.0
31073,2021,488.0,19593889.0,40186.0,,82.0
31073,2022,498.0,21690082.0,43518.0,,81.0
31075,2010,245.0,5869879.0,24000.0,,50.0
31075,2011,258.0,6027190.0,23391.0,,54.0
31075,2012,257.0,6525562.0,25375.0,,56.0
31075,2013,268.0,6590612.0,24599.0,,54.0
31075,2014,265.0,6995288.0,26356.0,,50.0
31075,2015,264.0,7328403.0,27794.0,,50.0
31075,2016,281.0,7820436.0,27864.0,,49.0
31075,2017,298.0,8445504.0,28341.0,,54.0
31075,2018,294.0,8692753.0,29550.0,,58.0
31075,2019,287.0,8747162.0,30460.0,,56.0
31075,2020,285.0,8746951.0,30700.0,,57.0
31075,2021,286.0,8922284.0,31242.0,,59.0
31075,2022,274.0,9324839.0,34022.0,,56.0
31077,2010,691.0,16453578.0,23800.0,,109.0
31077,2011,679.0,16994412.0,25032.0,,112.0
31077,2012,641.0,17180212.0,26813.0,,116.0
31077,2013,637.0,17549531.0,27572.0,,115.0
31077,2014,624.0,17408262.0,27890.0,,116.0
31077,2015,621.0,18241964.0,29379.0,,116.0
31077,2016,616.0,18814893.0,30552.0,,118.0
31077,2017,615.0,19010209.0,30894.0,,121.0
31077,2018,617.0,19730301.0,31973.0,,121.0
31077,2019,615.0,20421097.0,33196.0,,123.0
31077,2020,618.0,22006370.0,35628.0,,121.0
31077,2021,621.0,23233154.0,37402.0,,125.0
31077,2022,627.0,23779154.0,37951.0,,124.0
31079,2010,33326.0,1102979988.0,33096.0,,1873.0
31079,2011,34114.0,1149075366.0,33684.0,,1900.0
31079,2012,34955.0,1194845107.0,34182.0,,2102.0
31079,2013,35298.0,1227863662.0,34786.0,,2145.0
31079,2014,35227.0,1275642854.0,36212.0,,2164.0
31079,2015,34560.0,1290158626.0,37331.0,,2165.0
31079,2016,34742.0,1315336331.0,37860.0,,2186.0
31079,2017,34927.0,1363864990.0,39049.0,,2172.0
31079,2018,34880.0,1396787818.0,40046.0,,2129.0
31079,2019,34721.0,1440938680.0,41501.0,,2105.0
31079,2020,33035.0,1493050805.0,45196.0,,2056.0
31079,2021,34129.0,1640570954.0,48069.0,,2063.0
31079,2022,34776.0,1762985483.0,50696.0,,2068.0
31081,2010,3173.0,104110797.0,32808.0,,323.0
31081,2011,3178.0,105651665.0,33246.0,,321.0
31081,2012,3231.0,112426461.0,34793.0,,348.0
31081,2013,3236.0,117041658.0,36167.0,,363.0
31081,2014,3333.0,123248177.0,36974.0,,376.0
31081,2015,3491.0,136632467.0,39137.0,,382.0
31081,2016,3537.0,150128700.0,42450.0,,385.0
31081,2017,3642.0,156821821.0,43060.0,,385.0
31081,2018,3637.0,157458893.0,43295.0,,378.0
31081,2019,3559.0,158105128.0,44426.0,,363.0
31081,2020,3498.0,167819787.0,47974.0,,362.0
31081,2021,3606.0,179408368.0,49755.0,,376.0
31081,2022,3666.0,191006634.0,52096.0,,377.0
31083,2010,903.0,22474974.0,24889.0,,126.0
31083,2011,891.0,23589857.0,26473.0,,127.0
31083,2012,889.0,23577660.0,26532.0,,137.0
31083,2013,865.0,23274801.0,26900.0,,138.0
31083,2014,844.0,23561160.0,27919.0,,144.0
31083,2015,860.0,25123031.0,29213.0,,148.0
31083,2016,840.0,25896874.0,30833.0,,150.0
31083,2017,852.0,26084809.0,30613.0,,151.0
31083,2018,859.0,27526339.0,32048.0,,149.0
31083,2019,854.0,27907454.0,32694.0,,144.0
31083,2020,807.0,28837604.0,35738.0,,131.0
31083,2021,843.0,30546379.0,36239.0,,133.0
31083,2022,860.0,32640820.0,37965.0,4.0,132.0
31085,2010,177.0,4440816.0,25030.0,,33.0
31085,2011,197.0,5218649.0,26491.0,,38.0
31085,2012,202.0,5770022.0,28541.0,,40.0
31085,2013,203.0,6121201.0,30117.0,,42.0
31085,2014,202.0,5813599.0,28745.0,,41.0
31085,2015,204.0,6311634.0,30965.0,,41.0
31085,2016,201.0,6335037.0,31583.0,,40.0
31085,2017,196.0,6210470.0,31686.0,,37.0
31085,2018,201.0,6387894.0,31860.0,,37.0
31085,2019,209.0,6710615.0,32159.0,,38.0
31085,2020,206.0,6904812.0,33546.0,,39.0
31085,2021,196.0,6785658.0,34577.0,,39.0
31085,2022,179.0,6507614.0,36338.0,,37.0
31087,2010,752.0,25583486.0,34028.0,,85.0
31087,2011,712.0,23963639.0,33661.0,,84.0
31087,2012,710.0,23538878.0,33134.0,,97.0
31087,2013,701.0,23979323.0,34232.0,,103.0
31087,2014,697.0,25341817.0,36341.0,,101.0
31087,2015,692.0,26456642.0,38218.0,,98.0
31087,2016,688.0,26273251.0,38192.0,,98.0
31087,2017,651.0,22542073.0,34618.0,,94.0
31087,2018,650.0,23585678.0,36267.0,,100.0
31087,2019,659.0,24248166.0,36809.0,,102.0
31087,2020,700.0,27912814.0,39894.0,,100.0
31087,2021,715.0,28640913.0,40053.0,,101.0
31087,2022,684.0,29497238.0,43146.0,,101.0
31089,2010,4356.0,121444258.0,27880.0,,472.0
31089,2011,4438.0,129059875.0,29080.0,,479.0
31089,2012,4516.0,136066468.0,30128.0,,538.0
31089,2013,4548.0,141597087.0,31133.0,,551.0
31089,2014,4548.0,150755165.0,33145.0,,562.0
31089,2015,4581.0,152216476.0,33230.0,,573.0
31089,2016,4594.0,156509751.0,34068.0,,574.0
31089,2017,4518.0,160141372.0,35443.0,,568.0
31089,2018,4487.0,163138375.0,36361.0,,561.0
31089,2019,4434.0,166058666.0,37451.0,,544.0
31089,2020,4279.0,172442098.0,40302.0,,525.0
31089,2021,4180.0,174883119.0,41841.0,,530.0
31089,2022,4163.0,182846406.0,43925.0,1.0,536.0
31091,2010,298.0,6106040.0,20513.0,,36.0
31091,2011,342.0,7441908.0,21739.0,,37.0
31091,2012,338.0,7409982.0,21907.0,,41.0
31091,2013,327.0,7275845.0,22267.0,,39.0
31091,2014,323.0,7605569.0,23583.0,,37.0
31091,2015,306.0,7606721.0,24886.0,,35.0
31091,2016,302.0,7528887.0,24965.0,,37.0
31091,2017,320.0,8059334.0,25185.0,,39.0
31091,2018,322.0,8728339.0,27072.0,,38.0
31091,2019,346.0,9063251.0,26232.0,,38.0
31091,2020,332.0,9645246.0,29037.0,,38.0
31091,2021,352.0,10451149.0,29677.0,,41.0
31091,2022,333.0,9984542.0,29946.0,,42.0
31093,2010,1429.0,38243017.0,26764.0,,180.0
31093,2011,1438.0,38476740.0,26760.0,,177.0
31093,2012,1456.0,41339485.0,28402.0,,184.0
31093,2013,1500.0,44259869.0,29513.0,,197.0
31093,2014,1555.0,46408612.0,29843.0,,200.0
31093,2015,1622.0,50820968.0,31340.0,,208.0
31093,2016,1608.0,52125416.0,32420.0,,210.0
31093,2017,1603.0,53504631.0,33369.0,,217.0
31093,2018,1610.0,54543494.0,33878.0,,224.0
31093,2019,1561.0,55622567.0,35635.0,,225.0
31093,2020,1528.0,57098834.0,37377.0,,219.0
31093,2021,1561.0,59948096.0,38400.0,,213.0
31093,2022,1646.0,65798879.0,39979.0,,214.0
31095,2010,3110.0,85550562.0,27510.0,,270.0
31095,2011,3241.0,95346359.0,29416.0,,268.0
31095,2012,3244.0,96051264.0,29609.0,,309.0
31095,2013,3270.0,97746112.0,29893.0,,318.0
31095,2014,3304.0,103862128.0,31440.0,,317.0
31095,2015,3343.0,111271183.0,33284.0,,319.0
31095,2016,3343.0,112654420.0,33696.0,,315.0
31095,2017,3323.0,115825808.0,34852.0,,304.0
31095,2018,3312.0,116742708.0,35244.0,,289.0
31095,2019,3286.0,124032119.0,37750.0,,276.0
31095,2020,3291.0,130588805.0,39686.0,,270.0
31095,2021,3294.0,138031532.0,41909.0,,281.0
31095,2022,3310.0,160332282.0,48441.0,,279.0
31097,2010,1888.0,60124947.0,31853.0,,155.0
31097,2011,1665.0,50872208.0,30558.0,,153.0
31097,2012,1641.0,52472030.0,31969.0,,167.0
31097,2013,1640.0,52357714.0,31921.0,,168.0
31097,2014,1661.0,54889243.0,33056.0,,163.0
31097,2015,1637.0,57940830.0,35398.0,,155.0
31097,2016,1597.0,58391342.0,36563.0,,153.0
31097,2017,1563.0,59448778.0,38033.0,,154.0
31097,2018,1552.0,61452991.0,39609.0,,152.0
31097,2019,1508.0,61508945.0,40800.0,,153.0
31097,2020,1464.0,61687317.0,42143.0,,146.0
31097,2021,1355.0,60972012.0,45001.0,,143.0
31097,2022,1387.0,71576226.0,51617.0,,140.0
31099,2010,2202.0,63074157.0,28642.0,,211.0
31099,2011,2259.0,65062627.0,28808.0,,219.0
31099,2012,2318.0,71696304.0,30931.0,,236.0
31099,2013,2285.0,73686500.0,32244.0,,239.0
31099,2014,2253.0,76150844.0,33801.0,,235.0
31099,2015,2249.0,77854625.0,34621.0,,236.0
31099,2016,2185.0,76999726.0,35239.0,,236.0
31099,2017,2217.0,80944601.0,36511.0,,234.0
31099,2018,2209.0,84309102.0,38171.0,,221.0
31099,2019,2219.0,86307886.0,38898.0,,209.0
31099,2020,2157.0,89017007.0,41269.0,,210.0
31099,2021,2152.0,89739788.0,41699.0,,216.0
31099,2022,2024.0,94971553.0,46921.0,,215.0
31101,2010,3151.0,87161210.0,27666.0,,385.0
31101,2011,3190.0,89904374.0,28188.0,,390.0
31101,2012,3243.0,92305626.0,28467.0,,440.0
31101,2013,3323.0,97157352.0,29241.0,,452.0
31101,2014,3349.0,99444355.0,29695.0,,459.0
31101,2015,3430.0,109870978.0,32034.0,,448.0
31101,2016,3380.0,111390346.0,32953.0,,444.0
31101,2017,3341.0,111003381.0,33225.0,,436.0
31101,2018,3279.0,113373643.0,34581.0,,415.0
31101,2019,3284.0,118557626.0,36099.0,,408.0
31101,2020,3199.0,120681557.0,37723.0,,401.0
31101,2021,3245.0,129988768.0,40057.0,,415.0
31101,2022,3283.0,137567527.0,41907.0,,415.0
31103,2010,125.0,2950410.0,23603.0,,31.0
31103,2011,134.0,3418099.0,25556.0,,32.0
31103,2012,132.0,3541400.0,26914.0,,31.0
31103,2013,150.0,3628988.0,24220.0,,33.0
31103,2014,155.0,4013520.0,25894.0,,33.0
31103,2015,162.0,4717444.0,29060.0,,35.0
31103,2016,151.0,3939101.0,26159.0,,34.0
31103,2017,146.0,3827417.0,26275.0,,34.0
31103,2018,143.0,4134736.0,28999.0,,32.0
31103,2019,136.0,4489872.0,32953.0,,31.0
31103,2020,137.0,4538285.0,33227.0,,32.0
31103,2021,141.0,4314232.0,30652.0,,35.0
31103,2022,120.0,3763163.0,31251.0,2.0,35.0
31105,2010,1409.0,40702374.0,28882.0,,160.0
31105,2011,1471.0,44461111.0,30225.0,,160.0
31105,2012,1526.0,56053097.0,36738.0,,177.0
31105,2013,1514.0,58006630.0,38322.0,,177.0
31105,2014,1586.0,64341619.0,40560.0,,177.0
31105,2015,1432.0,57898862.0,40435.0,,167.0
31105,2016,1352.0,48216847.0,35666.0,,159.0
31105,2017,1392.0,50571268.0,36341.0,,160.0
31105,2018,1441.0,53737642.0,37296.0,,157.0
31105,2019,1441.0,55003056.0,38172.0,,159.0
31105,2020,1368.0,55339204.0,40462.0,,164.0
31105,2021,1356.0,55625863.0,41030.0,,164.0
31105,2022,1372.0,60220181.0,43903.0,,163.0
31107,2010,2886.0,69639624.0,24127.0,,331.0
31107,2011,2871.0,72774071.0,25351.0,,341.0
31107,2012,2905.0,75290325.0,25915.0,,369.0
31107,2013,2911.0,79352367.0,27259.0,,369.0
31107,2014,2921.0,82908980.0,28380.0,,368.0
31107,2015,2950.0,87310690.0,29602.0,,367.0
31107,2016,2966.0,91797123.0,30947.0,,362.0
31107,2017,2949.0,93845273.0,31823.0,,349.0
31107,2018,2923.0,97780740.0,33456.0,,344.0
31107,2019,2892.0,101740757.0,35179.0,,335.0
31107,2020,2866.0,107031833.0,37351.0,,329.0
31107,2021,2863.0,107164193.0,37433.0,,340.0
31107,2022,2852.0,112789370.0,39543.0,1.0,337.0
31109,2010,152806.0,5689800350.0,37235.0,174.0,8079.0
31109,2011,153760.0,5881269459.0,38250.0,174.0,8106.0
31109,2012,157559.0,6169324374.0,39156.0,194.0,9261.0
31109,2013,160370.0,6342698377.0,39550.0,274.0,9684.0
31109,2014,162804.0,6611459567.0,40610.0,251.0,9907.0
31109,2015,166057.0,6959994796.0,41913.0,306.0,9929.0
31109,2016,168495.0,7197226692.0,42715.0,266.0,10147.0
31109,2017,168467.0,7420540377.0,44048.0,277.0,10263.0
31109,2018,171353.0,7766328973.0,45324.0,283.0,10200.0
31109,2019,172990.0,8057207087.0,46576.0,287.0,10071.0
31109,2020,165194.0,8286060425.0,50160.0,312.0,9819.0
31109,2021,167099.0,8791905345.0,52615.0,335.0,10370.0
31109,2022,169665.0,9332857889.0,55007.0,297.0,10521.0
31111,2010,14665.0,463660786.0,31617.0,,1168.0
31111,2011,14434.0,473125335.0,32779.0,,1171.0
31111,2012,14624.0,493507771.0,33746.0,,1314.0
31111,2013,14670.0,497102272.0,33885.0,,1370.0
31111,2014,14673.0,517178581.0,35248.0,,1374.0
31111,2015,14675.0,539205448.0,36744.0,,1352.0
31111,2016,14926.0,560333846.0,37541.0,,1334.0
31111,2017,14779.0,568206498.0,38446.0,,1321.0
31111,2018,14529.0,576949779.0,39710.0,,1287.0
31111,2019,14340.0,582227992.0,40602.0,,1255.0
31111,2020,13978.0,606384107.0,43382.0,,1202.0
31111,2021,14229.0,649182580.0,45623.0,,1237.0
31111,2022,14373.0,687201231.0,47811.0,15.0,1213.0
31113,2010,204.0,5009933.0,24579.0,,36.0
31113,2011,196.0,4974901.0,25328.0,,36.0
31113,2012,199.0,5129376.0,25776.0,,39.0
31113,2013,195.0,5198733.0,26672.0,,42.0
31113,2014,196.0,5266315.0,26869.0,,41.0
31113,2015,191.0,5455163.0,28536.0,,42.0
31113,2016,187.0,5619606.0,30051.0,,40.0
31113,2017,184.0,5661153.0,30851.0,,39.0
31113,2018,193.0,5879920.0,30453.0,,40.0
31113,2019,191.0,6010942.0,31402.0,,41.0
31113,2020,188.0,6240036.0,33280.0,,42.0
31113,2021,186.0,6381028.0,34353.0,,40.0
31113,2022,198.0,7154921.0,36182.0,,40.0
31115,2010,90.0,2058656.0,22916.0,,19.0
31115,2011,93.0,2076676.0,22330.0,,20.0
31115,2012,112.0,2254313.0,20083.0,,23.0
31115,2013,108.0,2221185.0,20630.0,,22.0
31115,2014,112.0,2369395.0,21203.0,,21.0
31115,2015,107.0,2428001.0,22692.0,,20.0
31115,2016,120.0,2702819.0,22492.0,,20.0
31115,2017,122.0,2874668.0,23611.0,,21.0
31115,2018,121.0,3001255.0,24736.0,,21.0
31115,2019,122.0,2999497.0,24637.0,,21.0
31115,2020,115.0,3239448.0,28169.0,,23.0
31115,2021,118.0,3336179.0,28333.0,,24.0
31115,2022,121.0,3638610.0,30133.0,,22.0
31117,2010,54.0,1288384.0,23859.0,,13.0
31117,2011,56.0,1367603.0,24568.0,,13.0
31117,2012,56.0,1423610.0,25309.0,,12.0
31117,2013,59.0,1575460.0,26703.0,,11.0
31117,2014,65.0,1821210.0,27911.0,,12.0
31117,2015,81.0,2384914.0,29504.0,,14.0
31117,2016,78.0,2370739.0,30329.0,,13.0
31117,2017,74.0,2270170.0,30887.0,,13.0
31117,2018,69.0,2224564.0,32318.0,,12.0
31117,2019,70.0,2376786.0,34198.0,,11.0
31117,2020,68.0,2247380.0,33253.0,,11.0
31117,2021,64.0,2655408.0,41545.0,,11.0
31117,2022,65.0,2711618.0,42041.0,,10.0
31119,2010,20545.0,655277082.0,31895.0,,1304.0
31119,2011,20702.0,681830192.0,32935.0,,1315.0
31119,2012,21062.0,708892395.0,33657.0,,1485.0
31119,2013,21342.0,736462361.0,34508.0,,1505.0
31119,2014,21642.0,776241042.0,35868.0,,1518.0
31119,2015,21636.0,806644211.0,37282.0,,1522.0
31119,2016,21672.0,823164913.0,37983.0,,1532.0
31119,2017,21668.0,853495277.0,39390.0,,1522.0
31119,2018,21733.0,891364020.0,41015.0,,1487.0
31119,2019,22082.0,927875101.0,42019.0,,1458.0
31119,2020,21278.0,955663366.0,44914.0,,1409.0
31119,2021,21577.0,1023938419.0,47455.0,,1447.0
31119,2022,21692.0,1098454197.0,50639.0,,1419.0
31121,2010,2139.0,60155609.0,28122.0,,263.0
31121,2011,2158.0,64264007.0,29776.0,,262.0
31121,2012,2271.0,70684960.0,31123.0,,289.0
31121,2013,2315.0,76004692.0,32828.0,,308.0
31121,2014,2381.0,80718759.0,33899.0,,307.0
31121,2015,2297.0,82184134.0,35774.0,,297.0
31121,2016,2263.0,82328017.0,36383.0,,292.0
31121,2017,2311.0,86531883.0,37437.0,,297.0
31121,2018,2322.0,91629918.0,39464.0,,286.0
31121,2019,2271.0,92532331.0,40744.0,,283.0
31121,2020,2126.0,84502181.0,39741.0,,277.0
31121,2021,2160.0,88282841.0,40881.0,,286.0
31121,2022,2240.0,102787605.0,45882.0,2.0,287.0
31123,2010,1435.0,42945486.0,29918.0,,175.0
31123,2011,1455.0,45700037.0,31413.0,,175.0
31123,2012,1554.0,49333324.0,31751.0,,197.0
31123,2013,1576.0,53599584.0,34021.0,,207.0
31123,2014,1536.0,51606585.0,33591.0,,204.0
31123,2015,1525.0,54689203.0,35870.0,,203.0
31123,2016,1527.0,54881874.0,35931.0,,200.0
31123,2017,1528.0,54478384.0,35661.0,,199.0
31123,2018,1535.0,56712583.0,36954.0,,197.0
31123,2019,1522.0,59113184.0,38829.0,,197.0
31123,2020,1471.0,61071095.0,41512.0,,188.0
31123,2021,1479.0,64123852.0,43349.0,,193.0
31123,2022,1504.0,67723686.0,45017.0,,192.0
31125,2010,959.0,26075980.0,27198.0,,134.0
31125,2011,1017.0,30115854.0,29622.0,,136.0
31125,2012,1070.0,32614367.0,30495.0,,151.0
31125,2013,1066.0,33169147.0,31103.0,,154.0
31125,2014,1105.0,35430077.0,32059.0,,154.0
31125,2015,1115.0,35930184.0,32212.0,,165.0
31125,2016,1053.0,34732632.0,32977.0,,158.0
31125,2017,1079.0,37119613.0,34407.0,,148.0
31125,2018,1063.0,35589139.0,33483.0,,139.0
31125,2019,1002.0,37118085.0,37044.0,,134.0
31125,2020,941.0,34839354.0,37030.0,,124.0
31125,2021,931.0,35062765.0,37661.0,,127.0
31125,2022,915.0,37168332.0,40632.0,3.0,123.0
31127,2010,3091.0,135383167.0,43806.0,,230.0
31127,2011,3203.0,149532166.0,46687.0,,220.0
31127,2012,3168.0,148465622.0,46860.0,,252.0
31127,2013,3110.0,146531773.0,47110.0,,250.0
31127,2014,3118.0,147300016.0,47237.0,,246.0
31127,2015,3147.0,148436083.0,47161.0,,241.0
31127,2016,3095.0,155170068.0,50132.0,,236.0
31127,2017,3076.0,155408500.0,50517.0,,238.0
31127,2018,3063.0,158762819.0,51827.0,,236.0
31127,2019,3016.0,156287556.0,51819.0,,235.0
31127,2020,2932.0,163784536.0,55853.0,,228.0
31127,2021,2964.0,162706022.0,54897.0,,236.0
31127,2022,2936.0,178321384.0,60745.0,,227.0
31129,2010,1427.0,36057948.0,25262.0,,188.0
31129,2011,1455.0,37819909.0,25990.0,,188.0
31129,2012,1452.0,39528681.0,27217.0,,203.0
31129,2013,1433.0,39675705.0,27692.0,,210.0
31129,2014,1427.0,43998201.0,30825.0,,212.0
31129,2015,1440.0,42033928.0,29183.0,,210.0
31129,2016,1438.0,43268330.0,30081.0,,204.0
31129,2017,1444.0,46239751.0,32018.0,,199.0
31129,2018,1474.0,48687199.0,33029.0,,194.0
31129,2019,1487.0,50336204.0,33853.0,,191.0
31129,2020,1499.0,52213516.0,34832.0,,185.0
31129,2021,1538.0,54770043.0,35611.0,,199.0
31129,2022,1545.0,59762302.0,38677.0,,200.0
31131,2010,6378.0,196689766.0,30838.0,,521.0
31131,2011,6397.0,202175646.0,31605.0,,527.0
31131,2012,6363.0,204502035.0,32140.0,,586.0
31131,2013,6307.0,207073177.0,32834.0,,588.0
31131,2014,6186.0,211298437.0,34158.0,,591.0
31131,2015,6221.0,221699916.0,35637.0,,583.0
31131,2016,6283.0,226841370.0,36104.0,,582.0
31131,2017,6119.0,228840535.0,37396.0,,566.0
31131,2018,6076.0,235212790.0,38712.0,,551.0
31131,2019,6268.0,252933895.0,40352.0,,540.0
31131,2020,6062.0,263302650.0,43436.0,,514.0
31131,2021,6253.0,279940493.0,44771.0,,534.0
31131,2022,6237.0,296578268.0,47552.0,,527.0
31133,2010,757.0,21518209.0,28435.0,,88.0
31133,2011,811.0,23107632.0,28493.0,,89.0
31133,2012,825.0,22957285.0,27844.0,,108.0
31133,2013,861.0,24581692.0,28567.0,,109.0
31133,2014,858.0,26214148.0,30570.0,,109.0
31133,2015,894.0,25331588.0,28338.0,,107.0
31133,2016,895.0,27213386.0,30415.0,,106.0
31133,2017,762.0,26143768.0,34291.0,,111.0
31133,2018,741.0,26089090.0,35208.0,,105.0
31133,2019,733.0,25978808.0,35434.0,,100.0
31133,2020,726.0,28264865.0,38941.0,,97.0
31133,2021,750.0,30736700.0,40978.0,,96.0
31133,2022,730.0,32274715.0,44227.0,,96.0
31135,2010,1032.0,34019454.0,32959.0,,148.0
31135,2011,1063.0,36253855.0,34105.0,,155.0
31135,2012,1120.0,39420517.0,35192.0,,165.0
31135,2013,1118.0,41163937.0,36830.0,,172.0
31135,2014,1169.0,43563044.0,37273.0,,175.0
31135,2015,1149.0,45078989.0,39236.0,,172.0
31135,2016,1136.0,45194725.0,39775.0,,172.0
31135,2017,1139.0,46067648.0,40431.0,,163.0
31135,2018,1145.0,47707417.0,41675.0,,160.0
31135,2019,1146.0,49023990.0,42775.0,,162.0
31135,2020,1142.0,51243078.0,44881.0,,163.0
31135,2021,1149.0,52395459.0,45617.0,,167.0
31135,2022,1142.0,56074540.0,49109.0,,163.0
31137,2010,4496.0,150403383.0,33456.0,,386.0
31137,2011,4513.0,154876324.0,34322.0,,391.0
31137,2012,4599.0,162219376.0,35272.0,,420.0
31137,2013,4691.0,169296281.0,36092.0,,442.0
31137,2014,4769.0,180419691.0,37832.0,,451.0
31137,2015,4755.0,185704683.0,39052.0,,456.0
31137,2016,4734.0,188134709.0,39739.0,,463.0
31137,2017,4750.0,194511044.0,40947.0,,459.0
31137,2018,4719.0,199187667.0,42210.0,,434.0
31137,2019,4739.0,207112240.0,43701.0,,429.0
31137,2020,4601.0,210986558.0,45858.0,,427.0
31137,2021,4583.0,224129294.0,48905.0,,436.0
31137,2022,4674.0,248368225.0,53136.0,11.0,434.0
31139,2010,2018.0,56075819.0,27782.0,,235.0
31139,2011,2006.0,58041064.0,28941.0,,233.0
31139,2012,1989.0,60170702.0,30256.0,,253.0
31139,2013,1999.0,61599355.0,30820.0,,259.0
31139,2014,2042.0,66662678.0,32643.0,,259.0
31139,2015,2019.0,68508090.0,33930.0,,252.0
31139,2016,2012.0,68580996.0,34087.0,,252.0
31139,2017,1987.0,68104773.0,34274.0,,264.0
31139,2018,1963.0,70470804.0,35909.0,,255.0
31139,2019,1917.0,70639993.0,36854.0,,245.0
31139,2020,1901.0,74504825.0,39194.0,,240.0
31139,2021,1897.0,78062782.0,41143.0,,247.0
31139,2022,1953.0,86834128.0,44456.0,,249.0
31141,2010,18607.0,628965268.0,33804.0,,1095.0
31141,2011,18694.0,652943569.0,34927.0,,1096.0
31141,2012,19196.0,677821716.0,35310.0,,1185.0
31141,2013,18964.0,687384943.0,36247.0,,1199.0
31141,2014,18687.0,707580177.0,37866.0,,1198.0
31141,2015,18614.0,737274087.0,39608.0,,1210.0
31141,2016,18430.0,745910163.0,40473.0,,1209.0
31141,2017,18839.0,785302593.0,41684.0,,1197.0
31141,2018,19019.0,819268622.0,43075.0,,1175.0
31141,2019,19211.0,844239023.0,43946.0,,1156.0
31141,2020,18729.0,868249716.0,46359.0,,1148.0
31141,2021,19297.0,924654439.0,47918.0,,1193.0
31141,2022,19621.0,998870998.0,50908.0,,1190.0
31143,2010,1411.0,38301695.0,27142.0,,166.0
31143,2011,1439.0,40874187.0,28410.0,,167.0
31143,2012,1443.0,43774976.0,30333.0,,179.0
31143,2013,1470.0,45223636.0,30763.0,,189.0
31143,2014,1473.0,46603408.0,31635.0,,184.0
31143,2015,1479.0,49063556.0,33181.0,,187.0
31143,2016,1460.0,49360101.0,33814.0,,188.0
31143,2017,1453.0,50813800.0,34972.0,,189.0
31143,2018,1473.0,52818043.0,35862.0,,186.0
31143,2019,1473.0,54095521.0,36714.0,,181.0
31143,2020,1423.0,55452923.0,38967.0,,177.0
31143,2021,1436.0,58292666.0,40596.0,,180.0
31143,2022,1428.0,61557909.0,43100.0,,179.0
31145,2010,5119.0,149706467.0,29248.0,,469.0
31145,2011,5167.0,158399727.0,30655.0,,466.0
31145,2012,5303.0,167189994.0,31525.0,,527.0
31145,2013,5402.0,171688100.0,31783.0,,532.0
31145,2014,5375.0,176214023.0,32783.0,,531.0
31145,2015,5242.0,176851017.0,33738.0,,520.0
31145,2016,5179.0,177332022.0,34243.0,,523.0
31145,2017,5058.0,181165804.0,35821.0,,502.0
31145,2018,5026.0,185645272.0,36935.0,,479.0
31145,2019,4999.0,188977697.0,37804.0,,475.0
31145,2020,4831.0,192919131.0,39938.0,,455.0
31145,2021,4841.0,203538083.0,42048.0,,460.0
31145,2022,4970.0,217455129.0,43756.0,,456.0
31147,2010,2346.0,61111099.0,26051.0,,286.0
31147,2011,2377.0,63226154.0,26600.0,,287.0
31147,2012,2459.0,67686891.0,27526.0,,325.0
31147,2013,2435.0,69378197.0,28488.0,,325.0
31147,2014,2440.0,72874068.0,29865.0,,327.0
31147,2015,2529.0,77346070.0,30582.0,,333.0
31147,2016,2504.0,77218587.0,30844.0,,330.0
31147,2017,2469.0,79365747.0,32145.0,,334.0
31147,2018,2482.0,82119192.0,33089.0,,329.0
31147,2019,2463.0,83591989.0,33946.0,,324.0
31147,2020,2399.0,87817618.0,36611.0,,317.0
31147,2021,2428.0,91353917.0,37625.0,,325.0
31147,2022,2358.0,94021902.0,39879.0,,320.0
31149,2010,465.0,11833683.0,25431.0,,64.0
31149,2011,460.0,13161948.0,28634.0,,66.0
31149,2012,460.0,13009682.0,28297.0,,71.0
31149,2013,449.0,13088395.0,29156.0,,70.0
31149,2014,449.0,13775729.0,30670.0,,67.0
31149,2015,443.0,14660769.0,33107.0,,66.0
31149,2016,471.0,15654599.0,33255.0,,65.0
31149,2017,478.0,16600546.0,34747.0,,61.0
31149,2018,486.0,16894959.0,34734.0,,61.0
31149,2019,459.0,16504090.0,35924.0,,61.0
31149,2020,458.0,17873786.0,39040.0,,58.0
31149,2021,462.0,18786319.0,40700.0,,59.0
31149,2022,471.0,19476523.0,41322.0,,60.0
31151,2010,6792.0,232283797.0,34200.0,,336.0
31151,2011,6761.0,235777437.0,34875.0,,337.0
31151,2012,6793.0,245102999.0,36080.0,,384.0
31151,2013,6877.0,251272030.0,36539.0,,388.0
31151,2014,6836.0,254499918.0,37228.0,,384.0
31151,2015,7033.0,275187867.0,39128.0,,389.0
31151,2016,7135.0,285486457.0,40015.0,,401.0
31151,2017,7167.0,293828755.0,40998.0,,404.0
31151,2018,7163.0,304197977.0,42467.0,,396.0
31151,2019,7009.0,304405735.0,43433.0,,392.0
31151,2020,6744.0,329472466.0,48856.0,,384.0
31151,2021,6674.0,322132020.0,48267.0,,405.0
31151,2022,6576.0,339420580.0,51617.0,1.0,406.0
31153,2010,59552.0,2184376714.0,36680.0,143.0,3036.0
31153,2011,60277.0,2269727435.0,37655.0,3.0,3068.0
31153,2012,61731.0,2412433133.0,39080.0,121.0,3352.0
31153,2013,63564.0,2526286601.0,39744.0,133.0,3512.0
31153,2014,65154.0,2659295865.0,40816.0,153.0,3690.0
31153,2015,67853.0,2878684793.0,42426.0,120.0,3791.0
31153,2016,69149.0,3013110550.0,43574.0,134.0,3881.0
31153,2017,70382.0,3162039793.0,44927.0,210.0,3958.0
31153,2018,71440.0,3354432284.0,46955.0,180.0,4030.0
31153,2019,73183.0,3567056624.0,48742.0,13.0,4122.0
31153,2020,71092.0,3731260785.0,52485.0,142.0,4166.0
31153,2021,72081.0,3988871373.0,55339.0,172.0,4424.0
31153,2022,73628.0,4138512058.0,56209.0,112.0,4559.0
31155,2010,4847.0,135694642.0,27993.0,,537.0
31155,2011,4753.0,137387115.0,28904.0,,540.0
31155,2012,4846.0,146759079.0,30287.0,,584.0
31155,2013,4924.0,152914392.0,31056.0,,595.0
31155,2014,5119.0,165169112.0,32269.0,,602.0
31155,2015,5313.0,178966905.0,33685.0,,595.0
31155,2016,5336.0,184246096.0,34527.0,,605.0
31155,2017,5339.0,190793550.0,35736.0,,608.0
31155,2018,5412.0,198207076.0,36623.0,,614.0
31155,2019,5502.0,212010563.0,38531.0,,620.0
31155,2020,5376.0,220863142.0,41081.0,,623.0
31155,2021,5504.0,233117187.0,42354.0,,648.0
31155,2022,5624.0,258761106.0,46010.0,,657.0
31157,2010,16662.0,536999388.0,32228.0,,1249.0
31157,2011,16673.0,563862876.0,33819.0,,1242.0
31157,2012,17013.0,591142350.0,34748.0,,1490.0
31157,2013,16946.0,586390991.0,34604.0,,1529.0
31157,2014,16761.0,602428016.0,35942.0,,1543.0
31157,2015,16903.0,618529283.0,36592.0,,1528.0
31157,2016,17199.0,647874367.0,37669.0,,1544.0
31157,2017,16726.0,635539943.0,37998.0,,1519.0
31157,2018,16623.0,649429459.0,39068.0,,1456.0
31157,2019,16287.0,646152363.0,39674.0,,1416.0
31157,2020,15771.0,656731942.0,41641.0,,1342.0
31157,2021,15759.0,679690930.0,43131.0,,1388.0
31157,2022,15779.0,719296103.0,45587.0,,1364.0
31159,2010,5775.0,189235458.0,32767.0,,455.0
31159,2011,5975.0,205309912.0,34361.0,,458.0
31159,2012,6179.0,218571661.0,35374.0,,500.0
31159,2013,6355.0,225958917.0,35554.0,,514.0
31159,2014,6285.0,232555318.0,37000.0,,524.0
31159,2015,6226.0,233354999.0,37481.0,,535.0
31159,2016,6243.0,239636423.0,38388.0,,546.0
31159,2017,6253.0,248462699.0,39735.0,,542.0
31159,2018,6164.0,257141384.0,41715.0,,523.0
31159,2019,6083.0,257369496.0,42308.0,,519.0
31159,2020,5678.0,254780192.0,44869.0,,518.0
31159,2021,5705.0,262823623.0,46066.0,,539.0
31159,2022,5833.0,289440273.0,49618.0,,537.0
31161,2010,1713.0,40888831.0,23877.0,,221.0
31161,2011,1689.0,41728633.0,24700.0,,221.0
31161,2012,1707.0,43197505.0,25310.0,,256.0
31161,2013,1711.0,44707644.0,26127.0,,266.0
31161,2014,1758.0,48266127.0,27449.0,,268.0
31161,2015,1737.0,48814273.0,28104.0,,271.0
31161,2016,1757.0,50251018.0,28609.0,,279.0
31161,2017,1754.0,51251030.0,29217.0,,271.0
31161,2018,1744.0,54207422.0,31087.0,,261.0
31161,2019,1696.0,56338299.0,33210.0,,255.0
31161,2020,1683.0,59803892.0,35538.0,,249.0
31161,2021,1694.0,62641763.0,36979.0,,255.0
31161,2022,1709.0,64593985.0,37800.0,,246.0
31163,2010,805.0,19142232.0,23787.0,,103.0
31163,2011,802.0,19540084.0,24364.0,,102.0
31163,2012,809.0,20191074.0,24953.0,,116.0
31163,2013,790.0,19897728.0,25187.0,,116.0
31163,2014,807.0,21130101.0,26192.0,,117.0
31163,2015,805.0,22321657.0,27735.0,,114.0
31163,2016,817.0,23743949.0,29071.0,,117.0
31163,2017,791.0,23552194.0,29763.0,,115.0
31163,2018,812.0,24357474.0,30006.0,,114.0
31163,2019,777.0,23731901.0,30536.0,,116.0
31163,2020,737.0,24137842.0,32763.0,,111.0
31163,2021,753.0,24969322.0,33178.0,,115.0
31163,2022,705.0,25392583.0,36031.0,,110.0
31165,2010,165.0,3977875.0,24084.0,,34.0
31165,2011,159.0,3971627.0,24953.0,,29.0
31165,2012,160.0,4111563.0,25671.0,,30.0
31165,2013,157.0,4309229.0,27447.0,,29.0
31165,2014,159.0,4554608.0,28675.0,,32.0
31165,2015,153.0,4667813.0,30559.0,,29.0
31165,2016,157.0,4994827.0,31814.0,,30.0
31165,2017,154.0,5108751.0,33120.0,,30.0
31165,2018,153.0,5043477.0,33036.0,,26.0
31165,2019,151.0,5176805.0,34246.0,,25.0
31165,2020,158.0,5562066.0,35129.0,,26.0
31165,2021,171.0,6175666.0,36115.0,,27.0
31165,2022,182.0,6618947.0,36468.0,,28.0
31167,2010,1392.0,62370768.0,44815.0,,119.0
31167,2011,1405.0,65761035.0,46805.0,,117.0
31167,2012,1449.0,70550169.0,48678.0,,120.0
31167,2013,1467.0,71438250.0,48697.0,,119.0
31167,2014,1359.0,75479737.0,55524.0,,118.0
31167,2015,1339.0,70697526.0,52818.0,,116.0
31167,2016,1285.0,71552862.0,55698.0,,114.0
31167,2017,1334.0,79968997.0,59958.0,,110.0
31167,2018,1332.0,88455489.0,66396.0,,107.0
31167,2019,1305.0,84389110.0,64654.0,,107.0
31167,2020,1321.0,85704936.0,64871.0,,102.0
31167,2021,1359.0,95753963.0,70463.0,,107.0
31167,2022,1336.0,103572299.0,77548.0,,106.0
31169,2010,2188.0,66794714.0,30523.0,,226.0
31169,2011,2297.0,74614533.0,32478.0,,235.0
31169,2012,2413.0,84157407.0,34878.0,,252.0
31169,2013,2480.0,89652683.0,36145.0,,254.0
31169,2014,2492.0,88942532.0,35688.0,,257.0
31169,2015,2459.0,86818604.0,35302.0,,257.0
31169,2016,2411.0,85077830.0,35291.0,,256.0
31169,2017,2388.0,86592207.0,36255.0,,258.0
31169,2018,2399.0,89668936.0,37380.0,,258.0
31169,2019,2287.0,89192219.0,38997.0,,254.0
31169,2020,2236.0,95794417.0,42842.0,,254.0
31169,2021,2177.0,99392231.0,45647.0,,268.0
31169,2022,2177.0,106989133.0,49155.0,,266.0
31171,2010,218.0,6557502.0,30069.0,,34.0
31171,2011,235.0,6799556.0,28955.0,,35.0
31171,2012,250.0,6671707.0,26696.0,,36.0
31171,2013,266.0,7618020.0,28639.0,,37.0
31171,2014,250.0,7833543.0,31397.0,,38.0
31171,2015,263.0,8110077.0,30827.0,,38.0
31171,2016,274.0,7779390.0,28383.0,,37.0
31171,2017,259.0,8277396.0,31949.0,,35.0
31171,2018,264.0,8861342.0,33619.0,,36.0
31171,2019,247.0,8788799.0,35630.0,,37.0
31171,2020,239.0,9928721.0,41543.0,,40.0
31171,2021,247.0,9549784.0,38598.0,,42.0
31171,2022,271.0,12332462.0,45437.0,,42.0
31173,2010,2773.0,98500675.0,35523.0,,151.0
31173,2011,2803.0,104788983.0,37380.0,,158.0
31173,2012,2923.0,112002337.0,38320.0,,185.0
31173,2013,2922.0,112098325.0,38365.0,,194.0
31173,2014,2909.0,116046921.0,39892.0,,199.0
31173,2015,2893.0,125472779.0,43369.0,,198.0
31173,2016,2933.0,120381166.0,41050.0,,196.0
31173,2017,2990.0,122789309.0,41061.0,,189.0
31173,2018,2932.0,123359064.0,42077.0,,182.0
31173,2019,3036.0,133964568.0,44127.0,,172.0
31173,2020,2955.0,147678041.0,49974.0,,173.0
31173,2021,3108.0,153167725.0,49287.0,,177.0
31173,2022,3158.0,167450239.0,53031.0,,169.0
31175,2010,1703.0,45568841.0,26766.0,,208.0
31175,2011,1710.0,46775722.0,27354.0,,207.0
31175,2012,1757.0,50956454.0,29005.0,,228.0
31175,2013,1749.0,52228107.0,29863.0,,239.0
31175,2014,1762.0,54516704.0,30943.0,,243.0
31175,2015,1747.0,56284084.0,32221.0,,243.0
31175,2016,1800.0,59402333.0,32995.0,,250.0
31175,2017,1825.0,61626692.0,33773.0,,251.0
31175,2018,1786.0,63716935.0,35676.0,,244.0
31175,2019,1825.0,64967004.0,35590.0,,244.0
31175,2020,1775.0,68932643.0,38844.0,,240.0
31175,2021,1751.0,68872716.0,39335.0,,248.0
31175,2022,1752.0,71602736.0,40865.0,8.0,247.0
31177,2010,7809.0,344558922.0,44125.0,,591.0
31177,2011,7778.0,363713502.0,46763.0,,572.0
31177,2012,8295.0,398566772.0,48047.0,,630.0
31177,2013,8341.0,422209127.0,50620.0,,649.0
31177,2014,8105.0,395811558.0,48837.0,,642.0
31177,2015,8171.0,428386729.0,52426.0,,633.0
31177,2016,8070.0,410587337.0,50880.0,,656.0
31177,2017,7867.0,399502418.0,50784.0,,665.0
31177,2018,7838.0,419938117.0,53576.0,,668.0
31177,2019,7721.0,395725028.0,51255.0,,663.0
31177,2020,7511.0,407564676.0,54264.0,,651.0
31177,2021,7700.0,437903194.0,56868.0,,689.0
31177,2022,7726.0,460241989.0,59569.0,,696.0
31179,2010,4115.0,112963495.0,27452.0,,281.0
31179,2011,4046.0,115955369.0,28663.0,,266.0
31179,2012,4222.0,122670767.0,29058.0,,285.0
31179,2013,4194.0,126391323.0,30136.0,,289.0
31179,2014,4082.0,129879787.0,31817.0,,286.0
31179,2015,4080.0,138476541.0,33939.0,,286.0
31179,2016,4122.0,143422625.0,34792.0,,285.0
31179,2017,4170.0,148774548.0,35682.0,,286.0
31179,2018,4185.0,151899328.0,36298.0,,280.0
31179,2019,4295.0,154497160.0,35973.0,,275.0
31179,2020,4216.0,156896259.0,37217.0,,281.0
31179,2021,4278.0,163386883.0,38191.0,,290.0
31179,2022,4137.0,171672947.0,41499.0,,288.0
31181,2010,971.0,24854403.0,25605.0,,112.0
31181,2011,990.0,26291960.0,26564.0,,113.0
31181,2012,1027.0,27783477.0,27055.0,,135.0
31181,2013,1032.0,28433693.0,27545.0,,142.0
31181,2014,1054.0,29690791.0,28170.0,,145.0
31181,2015,1065.0,30326693.0,28478.0,,147.0
31181,2016,1070.0,31390319.0,29339.0,,146.0
31181,2017,1045.0,31616445.0,30253.0,,139.0
31181,2018,1043.0,33067827.0,31712.0,,134.0
31181,2019,1048.0,34908719.0,33323.0,,130.0
31181,2020,1006.0,36804571.0,36603.0,,128.0
31181,2021,1016.0,37987481.0,37386.0,,134.0
31181,2022,1024.0,40437057.0,39493.0,,136.0
31183,2010,291.0,8341570.0,28682.0,,36.0
31183,2011,297.0,9066514.0,30493.0,,38.0
31183,2012,304.0,10748486.0,35376.0,,37.0
31183,2013,310.0,10055717.0,32455.0,,39.0
31183,2014,317.0,10850925.0,34203.0,,41.0
31183,2015,322.0,10748669.0,33381.0,,41.0
31183,2016,317.0,10669943.0,33712.0,,41.0
31183,2017,317.0,10650885.0,33608.0,,41.0
31183,2018,306.0,10610979.0,34686.0,,41.0
31183,2019,302.0,10861925.0,35937.0,,40.0
31183,2020,294.0,11390922.0,38745.0,,39.0
31183,2021,293.0,11148931.0,38019.0,,41.0
31183,2022,286.0,11805586.0,41218.0,,39.0
31185,2010,7251.0,223683805.0,30848.0,,570.0
31185,2011,7450.0,243623231.0,32700.0,,583.0
31185,2012,7785.0,258754516.0,33236.0,,634.0
31185,2013,7754.0,266825033.0,34413.0,,651.0
31185,2014,7737.0,273653461.0,35368.0,,665.0
31185,2015,7641.0,277152011.0,36272.0,4.0,660.0
31185,2016,7762.0,283596900.0,36535.0,,648.0
31185,2017,7809.0,290702382.0,37226.0,,634.0
31185,2018,7759.0,303096696.0,39063.0,,617.0
31185,2019,7650.0,308420562.0,40314.0,,614.0
31185,2020,7274.0,317624431.0,43666.0,,623.0
31185,2021,7328.0,339799721.0,46371.0,,637.0
31185,2022,7461.0,376697315.0,50488.0,,645.0
31999,2010,13495.0,753401974.0,55827.0,32.0,3741.0
31999,2011,12918.0,771601536.0,59729.0,38.0,3883.0
31999,2012,13439.0,834506340.0,62096.0,43.0,4154.0
31999,2013,14356.0,909929176.0,63384.0,41.0,4521.0
31999,2014,15994.0,1083654799.0,67753.0,49.0,4898.0
31999,2015,17668.0,1197178475.0,67761.0,34.0,5158.0
31999,2016,18153.0,1202727429.0,66256.0,36.0,5549.0
31999,2017,19917.0,1329712336.0,66763.0,46.0,5839.0
31999,2018,21680.0,1503400972.0,69346.0,89.0,6077.0
31999,2019,22467.0,1617155369.0,71978.0,129.0,6393.0
31999,2020,23905.0,1825719266.0,76375.0,194.0,6529.0
31999,2021,28933.0,2298547179.0,79444.0,400.0,8567.0
31999,2022,33058.0,2962933432.0,89629.0,424.0,10338.0
39001,2010,5919.0,177444116.0,29980.0,,480.0
39001,2011,5869.0,188458394.0,32110.0,,515.0
39001,2012,5509.0,178682283.0,32433.0,,488.0
39001,2013,5492.0,187327891.0,34108.0,,499.0
39001,2014,5570.0,192885763.0,34629.0,,515.0
39001,2015,5803.0,207429262.0,35745.0,,542.0
39001,2016,6042.0,219277227.0,36291.0,,572.0
39001,2017,6032.0,226314023.0,37517.0,,586.0
39001,2018,6070.0,231611066.0,38159.0,,603.0
39001,2019,5898.0,235359041.0,39902.0,,622.0
39001,2020,5806.0,246550404.0,42466.0,,641.0
39001,2021,6057.0,268987500.0,44412.0,,674.0
39001,2022,6249.0,284919832.0,45591.0,30.0,674.0
39003,2010,49342.0,1826350862.0,37014.0,,2596.0
39003,2011,49396.0,1884976993.0,38160.0,,2599.0
39003,2012,49889.0,1945773371.0,39002.0,,2571.0
39003,2013,50178.0,1972473731.0,39309.0,,2528.0
39003,2014,49814.0,2018900991.0,40528.0,5.0,2487.0
39003,2015,50014.0,2059014414.0,41169.0,,2463.0
39003,2016,50406.0,2129979362.0,42257.0,,2465.0
39003,2017,50931.0,2222882416.0,43645.0,,2487.0
39003,2018,50828.0,2299995153.0,45251.0,16.0,2489.0
39003,2019,50165.0,2317122537.0,46190.0,,2510.0
39003,2020,47761.0,2337103659.0,48933.0,,2525.0
39003,2021,48379.0,2458966589.0,50828.0,19.0,2529.0
39003,2022,49136.0,2617096566.0,53262.0,49.0,2562.0
39005,2010,17051.0,559202609.0,32795.0,,1093.0
39005,2011,17241.0,580910327.0,33693.0,,1082.0
39005,2012,17495.0,598933849.0,34234.0,,1075.0
39005,2013,17520.0,604196174.0,34486.0,,1090.0
39005,2014,17958.0,635602235.0,35394.0,,1091.0
39005,2015,18349.0,677678583.0,36933.0,,1119.0
39005,2016,18358.0,688126902.0,37484.0,,1128.0
39005,2017,18481.0,708897266.0,38359.0,,1140.0
39005,2018,18731.0,726583682.0,38791.0,,1141.0
39005,2019,19295.0,754844403.0,39122.0,,1171.0
39005,2020,18455.0,777612753.0,42135.0,,1169.0
39005,2021,18772.0,828692410.0,44145.0,,1181.0
39005,2022,18952.0,871556354.0,45987.0,72.0,1203.0
39007,2010,29416.0,952353068.0,32376.0,91.0,2145.0
39007,2011,30180.0,989403500.0,32784.0,90.0,2136.0
39007,2012,30109.0,997497357.0,33129.0,91.0,2105.0
39007,2013,30177.0,1007665326.0,33392.0,91.0,2086.0
39007,2014,30015.0,1044895106.0,34813.0,84.0,2053.0
39007,2015,30161.0,1069530648.0,35461.0,90.0,2047.0
39007,2016,30112.0,1066452697.0,35416.0,109.0,2052.0
39007,2017,30092.0,1107573920.0,36807.0,98.0,2081.0
39007,2018,30787.0,1148290192.0,37298.0,96.0,2095.0
39007,2019,30716.0,1172043160.0,38158.0,98.0,2124.0
39007,2020,28573.0,1160163107.0,40603.0,92.0,2127.0
39007,2021,28948.0,1227164341.0,42392.0,91.0,2156.0
39007,2022,29619.0,1337868006.0,45169.0,90.0,2199.0
39009,2010,19477.0,707331405.0,36316.0,,1210.0
39009,2011,19540.0,718288774.0,36760.0,,1208.0
39009,2012,19884.0,735823596.0,37007.0,,1194.0
39009,2013,19791.0,747340865.0,37762.0,,1185.0
39009,2014,20174.0,783240299.0,38824.0,,1177.0
39009,2015,20634.0,817828056.0,39635.0,,1176.0
39009,2016,21089.0,838637072.0,39767.0,,1196.0
39009,2017,21514.0,884400878.0,41108.0,12.0,1206.0
39009,2018,20775.0,862575078.0,41520.0,9.0,1230.0
39009,2019,20952.0,895214891.0,42727.0,,1252.0
39009,2020,19737.0,888499741.0,45017.0,6.0,1259.0
39009,2021,20156.0,924735800.0,45878.0,9.0,1304.0
39009,2022,20889.0,956407066.0,45785.0,50.0,1346.0
39011,2010,18288.0,629319151.0,34411.0,,1053.0
39011,2011,18623.0,660529828.0,35469.0,,1041.0
39011,2012,19190.0,711783279.0,37091.0,,1039.0
39011,2013,19523.0,742928531.0,38054.0,,1033.0
39011,2014,20316.0,793479803.0,39058.0,,1036.0
39011,2015,20942.0,858641523.0,41002.0,,1056.0
39011,2016,21127.0,877518025.0,41536.0,,1061.0
39011,2017,21339.0,911643428.0,42721.0,,1067.0
39011,2018,21681.0,974882026.0,44965.0,,1062.0
39011,2019,22071.0,1013332218.0,45913.0,,1073.0
39011,2020,20373.0,963669222.0,47302.0,,1066.0
39011,2021,20771.0,1021278217.0,49169.0,,1081.0
39011,2022,20940.0,1068657759.0,51034.0,44.0,1092.0
39013,2010,22506.0,713425066.0,31699.0,66.0,1591.0
39013,2011,22671.0,741049781.0,32687.0,71.0,1588.0
39013,2012,22577.0,767970778.0,34015.0,66.0,1590.0
39013,2013,22833.0,821404903.0,35975.0,65.0,1588.0
39013,2014,23682.0,912476264.0,38531.0,76.0,1568.0
39013,2015,23615.0,930238773.0,39391.0,75.0,1596.0
39013,2016,23084.0,863906481.0,37425.0,69.0,1624.0
39013,2017,23210.0,934910701.0,40281.0,67.0,1643.0
39013,2018,22615.0,938450400.0,41497.0,72.0,1649.0
39013,2019,22126.0,927673759.0,41926.0,72.0,1649.0
39013,2020,19742.0,817059535.0,41387.0,67.0,1637.0
39013,2021,20375.0,865468342.0,42478.0,66.0,1645.0
39013,2022,20806.0,957068108.0,45999.0,67.0,1657.0
39015,2010,8127.0,264688963.0,32569.0,,624.0
39015,2011,8065.0,264224375.0,32761.0,34.0,630.0
39015,2012,8099.0,264920620.0,32709.0,50.0,630.0
39015,2013,8194.0,274080167.0,33450.0,54.0,638.0
39015,2014,8146.0,279113592.0,34265.0,56.0,643.0
39015,2015,7921.0,271750332.0,34308.0,56.0,639.0
39015,2016,8081.0,279637658.0,34605.0,56.0,659.0
39015,2017,8125.0,288214796.0,35473.0,56.0,665.0
39015,2018,8127.0,291511409.0,35872.0,55.0,670.0
39015,2019,7848.0,270349739.0,34448.0,55.0,677.0
39015,2020,7512.0,276377130.0,36792.0,50.0,679.0
39015,2021,7686.0,297479376.0,38703.0,53.0,691.0
39015,2022,7841.0,315970712.0,40299.0,51.0,712.0
39017,2010,137975.0,5686643119.0,41215.0,41.0,7285.0
39017,2011,138752.0,5769680516.0,41583.0,58.0,7414.0
39017,2012,138754.0,5888890648.0,42441.0,53.0,7421.0
39017,2013,138994.0,5952433957.0,42825.0,72.0,7460.0
39017,2014,142924.0,6302539194.0,44097.0,75.0,7498.0
39017,2015,145219.0,6711922427.0,46219.0,53.0,7568.0
39017,2016,150345.0,7039725732.0,46824.0,66.0,7618.0
39017,2017,153926.0,7448744129.0,48392.0,52.0,7827.0
39017,2018,155213.0,7635717281.0,49195.0,45.0,7883.0
39017,2019,157990.0,7970024849.0,50446.0,45.0,8059.0
39017,2020,148967.0,8130258352.0,54577.0,67.0,8098.0
39017,2021,150387.0,8458000889.0,56242.0,59.0,8319.0
39017,2022,153980.0,9064584357.0,58869.0,213.0,8702.0
39019,2010,5486.0,157596025.0,28726.0,,504.0
39019,2011,5570.0,162912561.0,29251.0,,501.0
39019,2012,5950.0,190188538.0,31967.0,,530.0
39019,2013,6674.0,248129428.0,37180.0,,548.0
39019,2014,6766.0,247000175.0,36509.0,,548.0
39019,2015,6823.0,242976470.0,35612.0,,557.0
39019,2016,6650.0,245285058.0,36885.0,,557.0
39019,2017,6685.0,267033644.0,39948.0,,563.0
39019,2018,6113.0,225092313.0,36822.0,,554.0
39019,2019,6271.0,246099296.0,39247.0,,539.0
39019,2020,5792.0,234146188.0,40425.0,,539.0
39019,2021,5764.0,239528867.0,41557.0,,541.0
39019,2022,5778.0,255138532.0,44158.0,21.0,550.0
39021,2010,9294.0,320757985.0,34514.0,,703.0
39021,2011,9297.0,331297903.0,35635.0,,706.0
39021,2012,9636.0,356556405.0,37002.0,,682.0
39021,2013,10357.0,397678967.0,38398.0,,670.0
39021,2014,10533.0,410540418.0,38978.0,,664.0
39021,2015,10640.0,416089829.0,39105.0,,686.0
39021,2016,10699.0,418554801.0,39122.0,,693.0
39021,2017,10733.0,439542470.0,40954.0,,693.0
39021,2018,10858.0,454543012.0,41864.0,,688.0
39021,2019,10874.0,469890564.0,43213.0,44.0,695.0
39021,2020,10153.0,456269993.0,44938.0,37.0,695.0
39021,2021,9986.0,464224991.0,46486.0,34.0,701.0
39021,2022,10167.0,503183086.0,49491.0,33.0,721.0
39023,2010,47239.0,1597535887.0,33818.0,,2632.0
39023,2011,48108.0,1661760699.0,34542.0,12.0,2603.0
39023,2012,48227.0,1703989586.0,35333.0,12.0,2568.0
39023,2013,48531.0,1719370732.0,35428.0,11.0,2556.0
39023,2014,48930.0,1755025393.0,35868.0,14.0,2528.0
39023,2015,48609.0,1798001495.0,36989.0,,2520.0
39023,2016,47917.0,1826404798.0,38116.0,,2530.0
39023,2017,48153.0,1918601133.0,39844.0,,2540.0
39023,2018,47964.0,1961728435.0,40900.0,25.0,2502.0
39023,2019,47819.0,2009210047.0,42017.0,4.0,2511.0
39023,2020,44466.0,1993427338.0,44831.0,5.0,2511.0
39023,2021,45456.0,2158992273.0,47497.0,8.0,2550.0
39023,2022,46481.0,2292920537.0,49330.0,118.0,2593.0
39025,2010,51697.0,1938379716.0,37495.0,58.0,3833.0
39025,2011,52309.0,2004548026.0,38321.0,12.0,3850.0
39025,2012,53331.0,2100770724.0,39392.0,28.0,3828.0
39025,2013,53598.0,2109557379.0,39359.0,20.0,3810.0
39025,2014,55227.0,2272977963.0,41157.0,,3778.0
39025,2015,57556.0,2439302742.0,42381.0,,3878.0
39025,2016,58254.0,2462063778.0,42264.0,16.0,3918.0
39025,2017,58642.0,2507395805.0,42757.0,17.0,4024.0
39025,2018,59393.0,2626013141.0,44214.0,27.0,4073.0
39025,2019,59695.0,2727578267.0,45692.0,42.0,4153.0
39025,2020,56611.0,2771547388.0,48958.0,12.0,4196.0
39025,2021,58425.0,3032417800.0,51903.0,19.0,4343.0
39025,2022,60411.0,3322580908.0,55000.0,144.0,4649.0
39027,2010,16234.0,626880317.0,38616.0,30.0,838.0
39027,2011,15726.0,591770927.0,37631.0,34.0,846.0
39027,2012,15509.0,607325532.0,39159.0,36.0,847.0
39027,2013,15432.0,599204211.0,38828.0,38.0,833.0
39027,2014,15732.0,623487391.0,39631.0,36.0,815.0
39027,2015,16000.0,668749633.0,41797.0,36.0,825.0
39027,2016,16945.0,720207834.0,42503.0,37.0,820.0
39027,2017,17425.0,777585080.0,44625.0,32.0,827.0
39027,2018,17848.0,845917719.0,47395.0,42.0,843.0
39027,2019,18038.0,887869937.0,49222.0,45.0,867.0
39027,2020,17158.0,915875793.0,53380.0,44.0,877.0
39027,2021,18000.0,1019293558.0,56627.0,42.0,898.0
39027,2022,18505.0,1091292882.0,58973.0,45.0,930.0
39029,2010,28980.0,895642148.0,30905.0,64.0,2215.0
39029,2011,29659.0,943981477.0,31828.0,64.0,2246.0
39029,2012,30247.0,981937627.0,32464.0,64.0,2245.0
39029,2013,30494.0,1010151765.0,33127.0,65.0,2205.0
39029,2014,30840.0,1061555103.0,34422.0,65.0,2182.0
39029,2015,30659.0,1080667700.0,35248.0,69.0,2176.0
39029,2016,29637.0,1048850522.0,35390.0,67.0,2145.0
39029,2017,29458.0,1074503449.0,36476.0,68.0,2131.0
39029,2018,29596.0,1123237454.0,37952.0,67.0,2119.0
39029,2019,29755.0,1160080542.0,38987.0,84.0,2158.0
39029,2020,28063.0,1196523552.0,42637.0,71.0,2150.0
39029,2021,27971.0,1271164668.0,45445.0,68.0,2198.0
39029,2022,27969.0,1275357737.0,45599.0,69.0,2228.0
39031,2010,10790.0,364592791.0,33789.0,,743.0
39031,2011,10495.0,356691491.0,33988.0,,743.0
39031,2012,10331.0,358728845.0,34722.0,,739.0
39031,2013,10762.0,397370154.0,36923.0,,720.0
39031,2014,10595.0,402958969.0,38033.0,,716.0
39031,2015,10998.0,490532379.0,44603.0,,717.0
39031,2016,10288.0,377940053.0,36737.0,,723.0
39031,2017,10140.0,379297400.0,37407.0,,722.0
39031,2018,10155.0,395229793.0,38919.0,,719.0
39031,2019,10093.0,399589477.0,39591.0,,714.0
39031,2020,9337.0,403215165.0,43184.0,,703.0
39031,2021,9329.0,404986684.0,43410.0,,708.0
39031,2022,9539.0,437154963.0,45830.0,37.0,719.0
39033,2010,12893.0,407320564.0,31592.0,,958.0
39033,2011,13228.0,433311037.0,32756.0,,952.0
39033,2012,13596.0,474482714.0,34898.0,,949.0
39033,2013,13186.0,443993509.0,33671.0,,942.0
39033,2014,13240.0,460646946.0,34792.0,,928.0
39033,2015,13271.0,479132375.0,36103.0,,921.0
39033,2016,13424.0,480261915.0,35777.0,,919.0
39033,2017,13358.0,501832526.0,37569.0,,934.0
39033,2018,12488.0,486831282.0,38985.0,,925.0
39033,2019,12777.0,519457260.0,40654.0,,926.0
39033,2020,12328.0,532031310.0,43155.0,,917.0
39033,2021,12350.0,553138011.0,44787.0,,923.0
39033,2022,12454.0,585067145.0,46978.0,36.0,936.0
39035,2010,685369.0,32423597131.0,47308.0,3805.0,36017.0
39035,2011,687989.0,33536319799.0,48745.0,3777.0,35975.0
39035,2012,700914.0,35340930930.0,50421.0,3824.0,35741.0
39035,2013,707731.0,35988871664.0,50851.0,3782.0,35733.0
39035,2014,708513.0,37091060068.0,52351.0,4042.0,35397.0
39035,2015,714116.0,38238900436.0,53547.0,4151.0,35504.0
39035,2016,719480.0,38841905492.0,53986.0,4300.0,35607.0
39035,2017,720084.0,40232187524.0,55871.0,4450.0,35921.0
39035,2018,726917.0,41631033295.0,57271.0,4384.0,35951.0
39035,2019,732550.0,43168961959.0,58930.0,4306.0,36324.0
39035,2020,681602.0,43228822285.0,63422.0,4023.0,36608.0
39035,2021,690959.0,46008018267.0,66586.0,4103.0,37749.0
39035,2022,704809.0,48843147393.0,69300.0,5325.0,38864.0
39037,2010,16715.0,541797820.0,32414.0,38.0,1239.0
39037,2011,17050.0,571386733.0,33512.0,39.0,1230.0
39037,2012,17728.0,616027901.0,34749.0,44.0,1222.0
39037,2013,17878.0,619580672.0,34657.0,46.0,1231.0
39037,2014,17948.0,637959821.0,35544.0,53.0,1223.0
39037,2015,18328.0,675366540.0,36850.0,53.0,1212.0
39037,2016,18529.0,695034184.0,37512.0,57.0,1210.0
39037,2017,18520.0,730551614.0,39446.0,57.0,1218.0
39037,2018,18475.0,735740455.0,39824.0,58.0,1218.0
39037,2019,18271.0,737343584.0,40357.0,61.0,1234.0
39037,2020,17443.0,761512250.0,43656.0,60.0,1237.0
39037,2021,17960.0,806513540.0,44907.0,49.0,1241.0
39037,2022,18311.0,852255974.0,46543.0,47.0,1292.0
39039,2010,15115.0,547661211.0,36232.0,,858.0
39039,2011,15068.0,563256640.0,37381.0,,862.0
39039,2012,15308.0,598857655.0,39121.0,,859.0
39039,2013,15559.0,623385947.0,40065.0,,861.0
39039,2014,16025.0,671437786.0,41899.0,,857.0
39039,2015,15734.0,657831443.0,41810.0,,871.0
39039,2016,15625.0,669707477.0,42860.0,,859.0
39039,2017,15715.0,670276117.0,42651.0,,873.0
39039,2018,15706.0,671454425.0,42753.0,,866.0
39039,2019,15385.0,668314751.0,43440.0,,860.0
39039,2020,14361.0,653366358.0,45496.0,,861.0
39039,2021,14686.0,694427827.0,47284.0,,886.0
39039,2022,14850.0,735764219.0,49546.0,34.0,903.0
39041,2010,72153.0,3350301260.0,46433.0,131.0,4245.0
39041,2011,75658.0,3599421136.0,47575.0,108.0,4352.0
39041,2012,79668.0,3901372879.0,48971.0,118.0,4396.0
39041,2013,81466.0,4057314242.0,49804.0,124.0,4509.0
39041,2014,82151.0,4181344187.0,50898.0,195.0,4664.0
39041,2015,84274.0,4363221009.0,51774.0,191.0,4854.0
39041,2016,85181.0,4457210145.0,52327.0,196.0,5058.0
39041,2017,88120.0,4735700683.0,53741.0,244.0,5320.0
39041,2018,88543.0,4899065110.0,55330.0,281.0,5456.0
39041,2019,90527.0,5204264141.0,57489.0,266.0,5629.0
39041,2020,84743.0,5279365599.0,62299.0,239.0,5891.0
39041,2021,88890.0,5717166197.0,64317.0,238.0,6240.0
39041,2022,92493.0,6173572241.0,66747.0,271.0,6639.0
39043,2010,35536.0,1212897344.0,34132.0,,1999.0
39043,2011,36550.0,1258753613.0,34439.0,36.0,2016.0
39043,2012,36312.0,1272398205.0,35041.0,,2013.0
39043,2013,36597.0,1258637744.0,34392.0,,2001.0
39043,2014,36471.0,1279561474.0,35084.0,,1988.0
39043,2015,36848.0,1325681896.0,35977.0,,1966.0
39043,2016,36970.0,1368246920.0,37010.0,,1981.0
39043,2017,37403.0,1444636637.0,38623.0,,1981.0
39043,2018,37417.0,1443221944.0,38571.0,,1978.0
39043,2019,36615.0,1462725830.0,39949.0,,1985.0
39043,2020,32928.0,1430286010.0,43437.0,,1982.0
39043,2021,35451.0,1598955067.0,45103.0,,2004.0
39043,2022,36052.0,1684272502.0,46717.0,83.0,2054.0
39045,2010,39029.0,1268593990.0,32504.0,,2770.0
39045,2011,39324.0,1304836739.0,33182.0,,2813.0
39045,2012,40082.0,1349347990.0,33665.0,,2796.0
39045,2013,41003.0,1386723896.0,33820.0,,2761.0
39045,2014,41230.0,1427272938.0,34617.0,,2784.0
39045,2015,42154.0,1490361439.0,35355.0,,2844.0
39045,2016,42562.0,1542064074.0,36231.0,,2875.0
39045,2017,43697.0,1685394892.0,38570.0,,2950.0
39045,2018,43855.0,1686545089.0,38458.0,,2994.0
39045,2019,44048.0,1755657931.0,39858.0,4.0,3051.0
39045,2020,42120.0,1824734799.0,43322.0,7.0,3122.0
39045,2021,42924.0,1962976753.0,45732.0,7.0,3221.0
39045,2022,43983.0,2121111571.0,48225.0,120.0,3340.0
39047,2010,10737.0,314924434.0,29332.0,,673.0
39047,2011,10724.0,323825521.0,30196.0,,676.0
39047,2012,10914.0,339434647.0,31101.0,,666.0
39047,2013,11395.0,353261127.0,31003.0,,660.0
39047,2014,11251.0,361255453.0,32110.0,,668.0
39047,2015,11332.0,366915200.0,32377.0,,653.0
39047,2016,11842.0,389978369.0,32933.0,,664.0
39047,2017,11733.0,398997284.0,34006.0,,666.0
39047,2018,11541.0,413496061.0,35828.0,,653.0
39047,2019,11134.0,415187923.0,37290.0,,641.0
39047,2020,10609.0,432240793.0,40744.0,,633.0
39047,2021,10516.0,453785365.0,43152.0,,631.0
39047,2022,10764.0,490692599.0,45585.0,16.0,656.0
39049,2010,647397.0,29970185446.0,46293.0,3365.0,29218.0
39049,2011,657347.0,31250054958.0,47540.0,3520.0,29663.0
39049,2012,671692.0,33099350770.0,49278.0,3634.0,29780.0
39049,2013,689994.0,34192618732.0,49555.0,4631.0,29911.0
39049,2014,705790.0,35928853917.0,50906.0,4382.0,30148.0
39049,2015,721581.0,38115630441.0,52822.0,4546.0,30579.0
39049,2016,738559.0,39247216725.0,53140.0,4554.0,31376.0
39049,2017,749025.0,40943495262.0,54662.0,4703.0,32097.0
39049,2018,756883.0,42668279102.0,56374.0,5042.0,32580.0
39049,2019,765429.0,44379980416.0,57981.0,5183.0,33756.0
39049,2020,727016.0,45718355278.0,62885.0,4758.0,34674.0
39049,2021,743438.0,48628531917.0,65410.0,4815.0,36466.0
39049,2022,763679.0,51916032930.0,67982.0,4989.0,38346.0
39051,2010,17011.0,578424066.0,34003.0,43.0,1042.0
39051,2011,17000.0,599257957.0,35251.0,42.0,1043.0
39051,2012,17488.0,614746304.0,35152.0,43.0,1033.0
39051,2013,17599.0,629700159.0,35780.0,41.0,1038.0
39051,2014,17783.0,655026754.0,36835.0,43.0,1053.0
39051,2015,18367.0,701244253.0,38180.0,30.0,1075.0
39051,2016,18727.0,731023795.0,39035.0,30.0,1076.0
39051,2017,18633.0,755547235.0,40549.0,31.0,1076.0
39051,2018,18563.0,778252569.0,41925.0,42.0,1080.0
39051,2019,18264.0,791589565.0,43341.0,50.0,1074.0
39051,2020,17183.0,786928570.0,45797.0,51.0,1089.0
39051,2021,17729.0,857474332.0,48366.0,48.0,1101.0
39051,2022,17825.0,966372630.0,54216.0,47.0,1113.0
39053,2010,11261.0,400240616.0,35543.0,,705.0
39053,2011,10932.0,390203062.0,35695.0,,712.0
39053,2012,10913.0,422089724.0,38678.0,,715.0
39053,2013,10879.0,406731128.0,37388.0,,706.0
39053,2014,10914.0,392671666.0,35979.0,,692.0
39053,2015,10904.0,387764200.0,35561.0,,686.0
39053,2016,10965.0,385276193.0,35138.0,,694.0
39053,2017,11093.0,396618280.0,35755.0,,707.0
39053,2018,11140.0,433981322.0,38958.0,,708.0
39053,2019,11054.0,432749766.0,39148.0,,715.0
39053,2020,10552.0,429184801.0,40674.0,,706.0
39053,2021,10630.0,454162857.0,42726.0,,730.0
39053,2022,10926.0,488918163.0,44746.0,21.0,742.0
39055,2010,31783.0,1166281052.0,36696.0,6.0,2975.0
39055,2011,31742.0,1197643015.0,37731.0,,2962.0
39055,2012,32463.0,1237121159.0,38109.0,,2924.0
39055,2013,33069.0,1259021083.0,38073.0,10.0,2917.0
39055,2014,33463.0,1321122982.0,39480.0,9.0,2908.0
39055,2015,34038.0,1369315339.0,40229.0,8.0,2894.0
39055,2016,34310.0,1384231250.0,40345.0,8.0,2906.0
39055,2017,34753.0,1442920181.0,41519.0,9.0,2920.0
39055,2018,35288.0,1531167474.0,43391.0,4.0,2929.0
39055,2019,35803.0,1564438088.0,43696.0,8.0,2951.0
39055,2020,33767.0,1572973292.0,46583.0,9.0,2977.0
39055,2021,34593.0,1692123531.0,48915.0,9.0,3030.0
39055,2022,34941.0,1793628320.0,51334.0,194.0,3091.0
39057,2010,66929.0,3215871275.0,48049.0,604.0,3283.0
39057,2011,68023.0,3340768413.0,49112.0,514.0,3309.0
39057,2012,67809.0,3352251888.0,49437.0,382.0,3265.0
39057,2013,67936.0,3320345770.0,48874.0,332.0,3264.0
39057,2014,68622.0,3465492305.0,50501.0,305.0,3308.0
39057,2015,70937.0,3646978165.0,51411.0,265.0,3479.0
39057,2016,71731.0,3762013898.0,52446.0,230.0,3477.0
39057,2017,74204.0,3981624986.0,53658.0,313.0,3546.0
39057,2018,75963.0,4187519914.0,55126.0,382.0,3587.0
39057,2019,76486.0,4390725264.0,57406.0,352.0,3701.0
39057,2020,73770.0,4552362304.0,61711.0,212.0,3770.0
39057,2021,75021.0,4826246286.0,64332.0,144.0,3854.0
39057,2022,76173.0,5046971533.0,66257.0,334.0,4002.0
39059,2010,13513.0,441243438.0,32652.0,,947.0
39059,2011,13662.0,459488365.0,33633.0,,940.0
39059,2012,13948.0,489869791.0,35122.0,,941.0
39059,2013,14517.0,523525542.0,36063.0,,933.0
39059,2014,15340.0,580839197.0,37865.0,,952.0
39059,2015,15610.0,611342214.0,39164.0,,957.0
39059,2016,15099.0,577063888.0,38219.0,,951.0
39059,2017,15309.0,615301040.0,40191.0,,951.0
39059,2018,15334.0,638663593.0,41649.0,,951.0
39059,2019,15145.0,639011236.0,42194.0,,963.0
39059,2020,13982.0,623195833.0,44570.0,,964.0
39059,2021,14002.0,651047530.0,46498.0,,957.0
39059,2022,14281.0,678693823.0,47524.0,20.0,966.0
39061,2010,483074.0,24390369731.0,50490.0,534.0,23300.0
39061,2011,484110.0,25148483626.0,51948.0,602.0,23341.0
39061,2012,490070.0,26611014254.0,54300.0,610.0,23248.0
39061,2013,493751.0,26931659372.0,54545.0,740.0,23228.0
39061,2014,499116.0,28128454048.0,56357.0,728.0,23189.0
39061,2015,505396.0,28552668031.0,56496.0,798.0,23359.0
39061,2016,509034.0,29261092587.0,57484.0,752.0,23658.0
39061,2017,515161.0,30321396405.0,58858.0,755.0,23877.0
39061,2018,518172.0,31302968719.0,60410.0,871.0,23900.0
39061,2019,520766.0,32949630309.0,63271.0,1000.0,24391.0
39061,2020,487691.0,33186051924.0,68047.0,1481.0,24816.0
39061,2021,497285.0,34948226133.0,70278.0,1522.0,25599.0
39061,2022,510941.0,36856837732.0,72135.0,2046.0,26606.0
39063,2010,40143.0,1596704918.0,39775.0,,1798.0
39063,2011,40764.0,1685530675.0,41348.0,,1803.0
39063,2012,41562.0,1743051158.0,41938.0,12.0,1810.0
39063,2013,42568.0,1888391612.0,44362.0,11.0,1824.0
39063,2014,43597.0,1976245051.0,45330.0,8.0,1811.0
39063,2015,44559.0,2063916401.0,46319.0,5.0,1809.0
39063,2016,45397.0,2136147320.0,47055.0,7.0,1810.0
39063,2017,45734.0,2254004462.0,49285.0,4.0,1812.0
39063,2018,45606.0,2318174041.0,50831.0,5.0,1820.0
39063,2019,46090.0,2387067676.0,51792.0,5.0,1810.0
39063,2020,43561.0,2496034168.0,57300.0,5.0,1821.0
39063,2021,44140.0,2614345774.0,59229.0,,1863.0
39063,2022,44327.0,2772222244.0,62541.0,80.0,1908.0
39065,2010,7872.0,254102046.0,32281.0,,556.0
39065,2011,7857.0,259043549.0,32969.0,,551.0
39065,2012,8037.0,271917763.0,33833.0,,545.0
39065,2013,8129.0,278580567.0,34271.0,,539.0
39065,2014,8338.0,287567080.0,34491.0,,541.0
39065,2015,8351.0,288321313.0,34527.0,,542.0
39065,2016,8374.0,294955224.0,35222.0,,529.0
39065,2017,8369.0,299842826.0,35827.0,,516.0
39065,2018,8273.0,299886123.0,36251.0,,525.0
39065,2019,8204.0,306001198.0,37300.0,29.0,526.0
39065,2020,7828.0,305981199.0,39090.0,28.0,523.0
39065,2021,7806.0,314600141.0,40303.0,30.0,527.0
39065,2022,7623.0,340797307.0,44708.0,32.0,535.0
39067,2010,3275.0,101051824.0,30856.0,,332.0
39067,2011,3261.0,101644016.0,31170.0,,320.0
39067,2012,3428.0,116625120.0,34020.0,,325.0
39067,2013,3911.0,152910915.0,39101.0,,337.0
39067,2014,4068.0,164580406.0,40461.0,,348.0
39067,2015,3875.0,155808503.0,40212.0,,359.0
39067,2016,3634.0,138961467.0,38236.0,,355.0
39067,2017,3997.0,183131749.0,45813.0,,350.0
39067,2018,3858.0,185770733.0,48156.0,,343.0
39067,2019,3696.0,180508762.0,48842.0,,352.0
39067,2020,3409.0,165970041.0,48693.0,,342.0
39067,2021,3332.0,160501663.0,48166.0,,342.0
39067,2022,3433.0,181094821.0,52754.0,24.0,338.0
39069,2010,10874.0,377581586.0,34724.0,,678.0
39069,2011,11133.0,387443292.0,34800.0,,678.0
39069,2012,11232.0,403278543.0,35906.0,,670.0
39069,2013,11157.0,407071930.0,36487.0,,659.0
39069,2014,11065.0,413841946.0,37400.0,,653.0
39069,2015,11023.0,425906451.0,38637.0,,651.0
39069,2016,11094.0,442664728.0,39903.0,,657.0
39069,2017,11140.0,455120566.0,40855.0,,663.0
39069,2018,11023.0,461762465.0,41890.0,,667.0
39069,2019,10812.0,472522265.0,43705.0,,669.0
39069,2020,10271.0,488291687.0,47543.0,,664.0
39069,2021,10223.0,499719881.0,48883.0,,673.0
39069,2022,10443.0,523904587.0,50170.0,30.0,676.0
39071,2010,10072.0,308180102.0,30597.0,,773.0
39071,2011,10025.0,306867960.0,30610.0,,740.0
39071,2012,10319.0,321119200.0,31118.0,34.0,742.0
39071,2013,10284.0,327139606.0,31812.0,35.0,752.0
39071,2014,10444.0,333799701.0,31960.0,34.0,760.0
39071,2015,10240.0,324021909.0,31643.0,34.0,757.0
39071,2016,10266.0,331911916.0,32333.0,33.0,768.0
39071,2017,10461.0,357736651.0,34197.0,33.0,768.0
39071,2018,10570.0,372084851.0,35203.0,34.0,769.0
39071,2019,10387.0,380398754.0,36623.0,36.0,770.0
39071,2020,10225.0,409159559.0,40017.0,39.0,773.0
39071,2021,10367.0,403305745.0,38903.0,36.0,794.0
39071,2022,10706.0,430843545.0,40242.0,35.0,823.0
39073,2010,6649.0,199123310.0,29948.0,,537.0
39073,2011,6636.0,200970891.0,30285.0,,539.0
39073,2012,6570.0,203595158.0,30989.0,,532.0
39073,2013,6440.0,199185867.0,30928.0,,529.0
39073,2014,6467.0,201889827.0,31220.0,,525.0
39073,2015,6555.0,209003349.0,31883.0,,533.0
39073,2016,6824.0,217700080.0,31901.0,,538.0
39073,2017,6766.0,219187157.0,32395.0,,540.0
39073,2018,6569.0,215642834.0,32829.0,,532.0
39073,2019,6579.0,220669893.0,33541.0,,552.0
39073,2020,6473.0,227492343.0,35144.0,,564.0
39073,2021,6834.0,245378299.0,35905.0,4.0,577.0
39073,2022,6804.0,257384211.0,37828.0,20.0,581.0
39075,2010,16406.0,481517103.0,29349.0,,1111.0
39075,2011,17140.0,513823403.0,29978.0,,1139.0
39075,2012,17801.0,552154503.0,31017.0,,1141.0
39075,2013,18122.0,577029104.0,31841.0,,1157.0
39075,2014,18063.0,610083098.0,33776.0,,1256.0
39075,2015,19152.0,678410052.0,35423.0,,1319.0
39075,2016,19519.0,703794721.0,36056.0,,1335.0
39075,2017,19438.0,735231908.0,37825.0,,1387.0
39075,2018,19836.0,793017267.0,39979.0,,1406.0
39075,2019,19906.0,824742037.0,41433.0,,1447.0
39075,2020,19605.0,864870742.0,44115.0,,1466.0
39075,2021,20319.0,967074866.0,47594.0,,1483.0
39075,2022,21066.0,1054749114.0,50070.0,22.0,1525.0
39077,2010,20404.0,714994695.0,35041.0,76.0,1343.0
39077,2011,20364.0,725551088.0,35629.0,74.0,1339.0
39077,2012,20379.0,744033598.0,36509.0,78.0,1308.0
39077,2013,20136.0,747849313.0,37140.0,84.0,1299.0
39077,2014,20125.0,763886486.0,37957.0,80.0,1276.0
39077,2015,20300.0,795533876.0,39188.0,79.0,1266.0
39077,2016,21036.0,820142069.0,38988.0,79.0,1287.0
39077,2017,21032.0,846253455.0,40236.0,79.0,1291.0
39077,2018,21199.0,891370725.0,42049.0,81.0,1293.0
39077,2019,21292.0,912552837.0,42859.0,84.0,1324.0
39077,2020,19807.0,909167128.0,45902.0,67.0,1323.0
39077,2021,20660.0,977646899.0,47322.0,75.0,1344.0
39077,2022,21241.0,1052921315.0,49571.0,77.0,1382.0
39079,2010,10598.0,326830685.0,30839.0,22.0,708.0
39079,2011,10423.0,327438469.0,31415.0,21.0,723.0
39079,2012,10542.0,337377800.0,32002.0,22.0,712.0
39079,2013,10562.0,341557145.0,32338.0,23.0,722.0
39079,2014,10342.0,357438626.0,34563.0,24.0,726.0
39079,2015,10323.0,354850506.0,34374.0,19.0,718.0
39079,2016,10094.0,349347693.0,34609.0,19.0,712.0
39079,2017,10232.0,358364737.0,35022.0,24.0,719.0
39079,2018,10245.0,359341481.0,35075.0,32.0,717.0
39079,2019,10142.0,370972768.0,36579.0,32.0,727.0
39079,2020,10096.0,404099817.0,40025.0,26.0,736.0
39079,2021,9852.0,404133062.0,41020.0,26.0,720.0
39079,2022,9884.0,413195373.0,41807.0,26.0,736.0
39081,2010,22213.0,764714927.0,34427.0,,1503.0
39081,2011,22109.0,783744124.0,35450.0,,1478.0
39081,2012,21731.0,775965317.0,35707.0,,1451.0
39081,2013,21234.0,761971696.0,35885.0,,1443.0
39081,2014,21032.0,783615575.0,37258.0,,1414.0
39081,2015,20824.0,784652521.0,37680.0,,1424.0
39081,2016,20549.0,794853953.0,38681.0,,1415.0
39081,2017,20308.0,817301960.0,40245.0,,1417.0
39081,2018,20382.0,843714293.0,41396.0,,1394.0
39081,2019,20682.0,877773033.0,42441.0,,1387.0
39081,2020,19755.0,857269801.0,43396.0,,1388.0
39081,2021,20441.0,902328439.0,44144.0,,1387.0
39081,2022,20808.0,972325710.0,46729.0,70.0,1406.0
39083,2010,18719.0,672875703.0,35946.0,,1172.0
39083,2011,18705.0,706773554.0,37785.0,,1181.0
39083,2012,18985.0,745707073.0,39280.0,,1163.0
39083,2013,19422.0,776717958.0,39991.0,,1154.0
39083,2014,20127.0,813119339.0,40399.0,,1152.0
39083,2015,20424.0,827707590.0,40527.0,,1144.0
39083,2016,20300.0,790113789.0,38921.0,,1159.0
39083,2017,20161.0,832822754.0,41308.0,,1184.0
39083,2018,20273.0,873053799.0,43064.0,,1211.0
39083,2019,20361.0,911906956.0,44787.0,,1221.0
39083,2020,19182.0,877574608.0,45749.0,,1214.0
39083,2021,19529.0,907114710.0,46450.0,,1230.0
39083,2022,19804.0,997547460.0,50371.0,60.0,1276.0
39085,2010,92553.0,3596519919.0,38859.0,356.0,6493.0
39085,2011,93692.0,3917572240.0,41813.0,369.0,6510.0
39085,2012,93872.0,3850198538.0,41015.0,372.0,6405.0
39085,2013,93518.0,3833823440.0,40996.0,303.0,6343.0
39085,2014,94313.0,3984212477.0,42245.0,324.0,6279.0
39085,2015,94774.0,4085587947.0,43109.0,303.0,6243.0
39085,2016,94659.0,4092118538.0,43230.0,304.0,6262.0
39085,2017,95143.0,4236012128.0,44523.0,308.0,6291.0
39085,2018,95898.0,4361938757.0,45485.0,323.0,6244.0
39085,2019,97465.0,4651471435.0,47724.0,328.0,6322.0
39085,2020,90303.0,4516358326.0,50013.0,289.0,6356.0
39085,2021,91949.0,4812832793.0,52342.0,543.0,6496.0
39085,2022,93507.0,5051104653.0,54019.0,320.0,6605.0
39087,2010,12360.0,355505453.0,28762.0,,993.0
39087,2011,12366.0,362528152.0,29317.0,,1001.0
39087,2012,12322.0,370854665.0,30097.0,,996.0
39087,2013,12279.0,375687358.0,30595.0,,966.0
39087,2014,12517.0,406909835.0,32508.0,,965.0
39087,2015,12518.0,422638200.0,33762.0,,963.0
39087,2016,12553.0,423757195.0,33759.0,,951.0
39087,2017,12616.0,430232350.0,34101.0,,947.0
39087,2018,12489.0,438364316.0,35099.0,,959.0
39087,2019,13175.0,480063322.0,36439.0,,967.0
39087,2020,13250.0,516872341.0,39008.0,,966.0
39087,2021,13574.0,556100502.0,40967.0,,986.0
39087,2022,13467.0,586808234.0,43574.0,39.0,988.0
39089,2010,50308.0,1782902183.0,35440.0,98.0,3178.0
39089,2011,51759.0,1872728018.0,36182.0,101.0,3208.0
39089,2012,52566.0,1929252263.0,36702.0,84.0,3197.0
39089,2013,51088.0,1910971371.0,37406.0,89.0,3149.0
39089,2014,51992.0,2004331711.0,38551.0,119.0,3179.0
39089,2015,53101.0,2117930451.0,39885.0,110.0,3282.0
39089,2016,53504.0,2176098646.0,40671.0,93.0,3336.0
39089,2017,56229.0,2292177739.0,40765.0,81.0,3367.0
39089,2018,59960.0,2537000066.0,42312.0,83.0,3454.0
39089,2019,63633.0,2764192538.0,43440.0,98.0,3514.0
39089,2020,68244.0,3107654357.0,45538.0,128.0,3548.0
39089,2021,74622.0,3530054572.0,47306.0,190.0,3653.0
39089,2022,71363.0,3652712512.0,51185.0,148.0,3779.0
39091,2010,17542.0,695568132.0,39651.0,,932.0
39091,2011,17668.0,702700235.0,39773.0,,933.0
39091,2012,18232.0,755803482.0,41455.0,,926.0
39091,2013,18884.0,780676769.0,41340.0,,899.0
39091,2014,19317.0,807728478.0,41814.0,,897.0
39091,2015,19292.0,833145790.0,43186.0,,899.0
39091,2016,19751.0,868811057.0,43988.0,,916.0
39091,2017,19976.0,878467380.0,43975.0,,937.0
39091,2018,19818.0,912407633.0,46041.0,,923.0
39091,2019,19255.0,907782578.0,47146.0,,929.0
39091,2020,17824.0,862532133.0,48393.0,,944.0
39091,2021,18308.0,902447244.0,49293.0,,970.0
39091,2022,18907.0,994276233.0,52587.0,32.0,996.0
39093,2010,91578.0,3449260488.0,37665.0,16.0,6108.0
39093,2011,93413.0,3703738912.0,39649.0,28.0,6138.0
39093,2012,94371.0,3821432146.0,40494.0,30.0,6047.0
39093,2013,94718.0,3833110046.0,40469.0,38.0,6045.0
39093,2014,95795.0,3943319998.0,41164.0,26.0,6041.0
39093,2015,96774.0,4006228393.0,41398.0,,6088.0
39093,2016,97156.0,4027823704.0,41457.0,6.0,6181.0
39093,2017,98049.0,4121883910.0,42039.0,11.0,6209.0
39093,2018,98188.0,4259718787.0,43383.0,20.0,6183.0
39093,2019,98898.0,4363949957.0,44126.0,22.0,6261.0
39093,2020,91954.0,4351386952.0,47321.0,35.0,6319.0
39093,2021,94304.0,4637969252.0,49181.0,41.0,6478.0
39093,2022,95730.0,4905652928.0,51245.0,339.0,6678.0
39095,2010,197922.0,7994193760.0,40391.0,59.0,10358.0
39095,2011,199327.0,8292304458.0,41601.0,93.0,10331.0
39095,2012,201188.0,8632875170.0,42909.0,135.0,10137.0
39095,2013,202137.0,8674587200.0,42914.0,126.0,10075.0
39095,2014,204692.0,9067371990.0,44298.0,127.0,10004.0
39095,2015,207836.0,9441834562.0,45429.0,102.0,10039.0
39095,2016,209850.0,9665009332.0,46057.0,78.0,10064.0
39095,2017,206670.0,9686767384.0,46871.0,62.0,10164.0
39095,2018,209708.0,10163662587.0,48466.0,70.0,10129.0
39095,2019,209643.0,10515505781.0,50159.0,202.0,10164.0
39095,2020,192062.0,10225777987.0,53242.0,240.0,10199.0
39095,2021,194391.0,10772972513.0,55419.0,268.0,10533.0
39095,2022,196355.0,11407471165.0,58096.0,608.0,10797.0
39097,2010,13129.0,479039237.0,36487.0,45.0,819.0
39097,2011,13492.0,504470348.0,37391.0,44.0,847.0
39097,2012,14127.0,543927471.0,38504.0,47.0,843.0
39097,2013,14389.0,565521366.0,39303.0,47.0,835.0
39097,2014,14807.0,595217768.0,40199.0,46.0,839.0
39097,2015,15773.0,663388889.0,42059.0,44.0,828.0
39097,2016,17229.0,719910568.0,41784.0,46.0,841.0
39097,2017,17497.0,732739157.0,41877.0,46.0,837.0
39097,2018,17401.0,758513491.0,43590.0,38.0,860.0
39097,2019,17987.0,783983387.0,43586.0,50.0,864.0
39097,2020,17578.0,811243612.0,46152.0,47.0,881.0
39097,2021,19581.0,930982099.0,47545.0,50.0,919.0
39097,2022,22561.0,1034242963.0,45842.0,52.0,973.0
39099,2010,95796.0,3224088392.0,33656.0,,6105.0
39099,2011,96491.0,3331048207.0,34522.0,,6067.0
39099,2012,97588.0,3432959589.0,35178.0,123.0,5942.0
39099,2013,97880.0,3446664101.0,35213.0,,5980.0
39099,2014,98028.0,3526662686.0,35976.0,,5909.0
39099,2015,97706.0,3615837802.0,37007.0,142.0,5847.0
39099,2016,97614.0,3618924653.0,37074.0,174.0,5886.0
39099,2017,96556.0,3711743066.0,38441.0,184.0,5890.0
39099,2018,97098.0,3827232324.0,39416.0,174.0,5918.0
39099,2019,97653.0,3948311466.0,40432.0,197.0,5921.0
39099,2020,90587.0,3920436807.0,43278.0,398.0,5898.0
39099,2021,91747.0,4168473738.0,45434.0,395.0,6007.0
39099,2022,93370.0,4462916975.0,47798.0,377.0,6117.0
39101,2010,24326.0,873914023.0,35926.0,,1300.0
39101,2011,24236.0,882276061.0,36404.0,,1278.0
39101,2012,24115.0,895634638.0,37141.0,,1252.0
39101,2013,23586.0,884768429.0,37512.0,,1247.0
39101,2014,23706.0,897996610.0,37881.0,,1237.0
39101,2015,24022.0,923762380.0,38454.0,,1241.0
39101,2016,24151.0,954859064.0,39538.0,,1242.0
39101,2017,24252.0,987590268.0,40723.0,,1234.0
39101,2018,25034.0,1033389414.0,41280.0,,1240.0
39101,2019,24904.0,1062663244.0,42671.0,,1233.0
39101,2020,23311.0,1068013305.0,45817.0,,1223.0
39101,2021,23498.0,1131741121.0,48163.0,,1232.0
39101,2022,23257.0,1155427521.0,49681.0,23.0,1258.0
39103,2010,56310.0,2017125147.0,35822.0,,4286.0
39103,2011,56946.0,2086978790.0,36648.0,,4351.0
39103,2012,57950.0,2166291238.0,37382.0,,4365.0
39103,2013,58066.0,2207024617.0,38009.0,,4363.0
39103,2014,58785.0,2305706181.0,39223.0,,4389.0
39103,2015,58962.0,2374401012.0,40270.0,,4465.0
39103,2016,60041.0,2462249887.0,41010.0,19.0,4472.0
39103,2017,60639.0,2551716526.0,42081.0,17.0,4530.0
39103,2018,61127.0,2642594250.0,43231.0,20.0,4579.0
39103,2019,61330.0,2733631240.0,44572.0,33.0,4609.0
39103,2020,57050.0,2768004976.0,48519.0,44.0,4639.0
39103,2021,58711.0,3086641971.0,52573.0,51.0,4771.0
39103,2022,60476.0,3275231406.0,54157.0,267.0,4982.0
39105,2010,3502.0,100353519.0,28658.0,,352.0
39105,2011,3581.0,102431057.0,28601.0,,358.0
39105,2012,3560.0,100807300.0,28313.0,,346.0
39105,2013,3541.0,97662945.0,27580.0,,345.0
39105,2014,3547.0,104258995.0,29398.0,,337.0
39105,2015,3557.0,105364791.0,29623.0,,349.0
39105,2016,3488.0,104871372.0,30068.0,,342.0
39105,2017,3532.0,108941701.0,30841.0,,344.0
39105,2018,3645.0,114427064.0,31393.0,,352.0
39105,2019,3722.0,120379884.0,32340.0,,366.0
39105,2020,3519.0,120982879.0,34385.0,,367.0
39105,2021,3536.0,128185079.0,36251.0,,367.0
39105,2022,3485.0,134941720.0,38725.0,21.0,368.0
39107,2010,17172.0,557369178.0,32458.0,54.0,1045.0
39107,2011,17549.0,579360545.0,33014.0,57.0,1047.0
39107,2012,17995.0,621980035.0,34565.0,57.0,1046.0
39107,2013,18412.0,642261694.0,34883.0,57.0,1051.0
39107,2014,18857.0,688907442.0,36534.0,61.0,1072.0
39107,2015,19458.0,734044501.0,37724.0,65.0,1072.0
39107,2016,19853.0,746879887.0,37621.0,68.0,1083.0
39107,2017,20044.0,785115990.0,39170.0,65.0,1087.0
39107,2018,20621.0,828903954.0,40198.0,62.0,1106.0
39107,2019,20282.0,832613594.0,41052.0,63.0,1118.0
39107,2020,19481.0,837703017.0,43002.0,62.0,1141.0
39107,2021,19369.0,863751331.0,44595.0,60.0,1166.0
39107,2022,19769.0,940643403.0,47582.0,65.0,1200.0
39109,2010,37467.0,1328579390.0,35460.0,122.0,2269.0
39109,2011,38123.0,1398308121.0,36679.0,109.0,2267.0
39109,2012,38981.0,1484252206.0,38077.0,114.0,2271.0
39109,2013,39508.0,1472306282.0,37266.0,114.0,2256.0
39109,2014,39992.0,1524965644.0,38132.0,123.0,2272.0
39109,2015,40373.0,1582970126.0,39209.0,129.0,2294.0
39109,2016,40426.0,1636794980.0,40488.0,128.0,2296.0
39109,2017,40658.0,1689836719.0,41562.0,123.0,2305.0
39109,2018,40801.0,1755351289.0,43022.0,135.0,2315.0
39109,2019,40920.0,1817099432.0,44406.0,137.0,2328.0
39109,2020,39370.0,1858741118.0,47212.0,123.0,2356.0
39109,2021,40267.0,1981341927.0,49205.0,118.0,2416.0
39109,2022,41014.0,2123036943.0,51764.0,124.0,2505.0
39111,2010,3522.0,117963976.0,33493.0,,337.0
39111,2011,3646.0,137067255.0,37591.0,,341.0
39111,2012,3698.0,136154393.0,36814.0,,334.0
39111,2013,3614.0,122699292.0,33949.0,,337.0
39111,2014,3080.0,107487347.0,34903.0,,339.0
39111,2015,2886.0,94940819.0,32902.0,,340.0
39111,2016,2680.0,82164699.0,30657.0,,347.0
39111,2017,2713.0,89305382.0,32915.0,,351.0
39111,2018,2801.0,100410782.0,35852.0,,354.0
39111,2019,2909.0,114752097.0,39447.0,,371.0
39111,2020,3109.0,158957850.0,51121.0,,376.0
39111,2021,2931.0,136654180.0,46621.0,,374.0
39111,2022,2899.0,133174204.0,45937.0,7.0,374.0
39113,2010,239472.0,9863900523.0,41190.0,723.0,12285.0
39113,2011,241766.0,10125505905.0,41881.0,686.0,12272.0
39113,2012,243104.0,10368101742.0,42649.0,3454.0,12126.0
39113,2013,242220.0,10400132264.0,42937.0,3328.0,11983.0
39113,2014,245950.0,10750149292.0,43709.0,3217.0,11932.0
39113,2015,249350.0,11195642373.0,44899.0,3129.0,11939.0
39113,2016,252750.0,11402911464.0,45115.0,3136.0,11933.0
39113,2017,254680.0,11759927848.0,46175.0,2964.0,11873.0
39113,2018,254513.0,12124373099.0,47638.0,2775.0,11872.0
39113,2019,255736.0,12589094015.0,49227.0,2618.0,12091.0
39113,2020,240012.0,12677392602.0,52820.0,2437.0,12263.0
39113,2021,241329.0,13286916524.0,55057.0,2303.0,12525.0
39113,2022,245844.0,14090391580.0,57314.0,844.0,12900.0
39115,2010,2380.0,70338455.0,29556.0,,227.0
39115,2011,2464.0,75296897.0,30560.0,,224.0
39115,2012,2505.0,76129906.0,30390.0,,223.0
39115,2013,2520.0,77106120.0,30604.0,,219.0
39115,2014,2587.0,83094613.0,32126.0,,218.0
39115,2015,2651.0,89476858.0,33748.0,,217.0
39115,2016,2627.0,89214042.0,33958.0,,215.0
39115,2017,2666.0,97112613.0,36432.0,,215.0
39115,2018,2763.0,104181048.0,37701.0,,211.0
39115,2019,2706.0,105193159.0,38881.0,,210.0
39115,2020,2566.0,104571722.0,40753.0,,217.0
39115,2021,2685.0,111575886.0,41549.0,,218.0
39115,2022,2788.0,121695900.0,43651.0,13.0,225.0
39117,2010,4738.0,145192694.0,30646.0,34.0,455.0
39117,2011,4695.0,148081554.0,31541.0,32.0,455.0
39117,2012,4830.0,159207972.0,32960.0,31.0,445.0
39117,2013,4859.0,162682541.0,33480.0,32.0,448.0
39117,2014,4886.0,166590280.0,34097.0,33.0,444.0
39117,2015,5487.0,208090354.0,37927.0,33.0,447.0
39117,2016,5705.0,222039601.0,38922.0,32.0,443.0
39117,2017,5204.0,183545805.0,35268.0,31.0,457.0
39117,2018,5241.0,188268173.0,35922.0,36.0,472.0
39117,2019,5448.0,199590643.0,36638.0,40.0,484.0
39117,2020,5162.0,201436127.0,39027.0,41.0,500.0
39117,2021,5279.0,210165974.0,39810.0,41.0,525.0
39117,2022,5156.0,216942664.0,42080.0,44.0,550.0
39119,2010,31341.0,1033043508.0,32962.0,,1912.0
39119,2011,32062.0,1096029434.0,34185.0,,1916.0
39119,2012,32249.0,1106786475.0,34320.0,,1867.0
39119,2013,32112.0,1110543665.0,34584.0,,1848.0
39119,2014,31972.0,1157754723.0,36211.0,,1840.0
39119,2015,32130.0,1217637779.0,37897.0,,1840.0
39119,2016,33463.0,1257817989.0,37588.0,,1840.0
39119,2017,33391.0,1296099540.0,38816.0,,1838.0
39119,2018,33304.0,1344161120.0,40360.0,7.0,1851.0
39119,2019,33232.0,1385043124.0,41678.0,7.0,1877.0
39119,2020,32452.0,1465553480.0,45161.0,6.0,1896.0
39119,2021,33468.0,1576506344.0,47105.0,4.0,1903.0
39119,2022,34312.0,1698717873.0,49508.0,65.0,1927.0
39121,2010,2975.0,87084835.0,29268.0,,272.0
39121,2011,2940.0,91658652.0,31177.0,,277.0
39121,2012,2893.0,93549506.0,32338.0,,279.0
39121,2013,3459.0,146894305.0,42467.0,,286.0
39121,2014,3261.0,120080700.0,36826.0,,290.0
39121,2015,3161.0,119259346.0,37732.0,,283.0
39121,2016,3079.0,111127223.0,36096.0,,280.0
39121,2017,3005.0,114422693.0,38075.0,,275.0
39121,2018,3050.0,119482029.0,39174.0,,271.0
39121,2019,2973.0,119142985.0,40073.0,,276.0
39121,2020,2818.0,118355137.0,42006.0,,276.0
39121,2021,2920.0,126628925.0,43373.0,,278.0
39121,2022,2960.0,139173981.0,47012.0,20.0,285.0
39123,2010,13240.0,485675192.0,36682.0,,1114.0
39123,2011,13480.0,500129220.0,37100.0,,1107.0
39123,2012,13545.0,508951676.0,37574.0,,1094.0
39123,2013,13649.0,517629622.0,37923.0,,1091.0
39123,2014,13718.0,538156873.0,39231.0,,1094.0
39123,2015,13531.0,537365802.0,39715.0,,1105.0
39123,2016,13630.0,559004274.0,41014.0,,1109.0
39123,2017,13772.0,563291734.0,40900.0,,1126.0
39123,2018,13842.0,596128265.0,43068.0,,1143.0
39123,2019,13828.0,602198384.0,43548.0,39.0,1144.0
39123,2020,12962.0,600699976.0,46343.0,36.0,1152.0
39123,2021,13342.0,635945158.0,47666.0,31.0,1174.0
39123,2022,13675.0,690127717.0,50466.0,33.0,1203.0
39125,2010,4578.0,139504794.0,30475.0,,386.0
39125,2011,4709.0,151923267.0,32263.0,,388.0
39125,2012,4755.0,152998814.0,32176.0,,384.0
39125,2013,4595.0,146149746.0,31809.0,,379.0
39125,2014,4768.0,159139598.0,33374.0,,383.0
39125,2015,4832.0,167618161.0,34687.0,,391.0
39125,2016,4884.0,168539942.0,34508.0,,383.0
39125,2017,4885.0,172776053.0,35372.0,,395.0
39125,2018,4866.0,181107309.0,37216.0,,398.0
39125,2019,4733.0,181074016.0,38254.0,,403.0
39125,2020,4618.0,189203608.0,40971.0,,397.0
39125,2021,4687.0,202051298.0,43108.0,,411.0
39125,2022,4819.0,233277600.0,48406.0,20.0,419.0
39127,2010,5840.0,187461306.0,32098.0,,507.0
39127,2011,5869.0,191107576.0,32561.0,,511.0
39127,2012,5601.0,189007989.0,33747.0,,504.0
39127,2013,5790.0,195444398.0,33755.0,,522.0
39127,2014,5869.0,199479578.0,33988.0,,526.0
39127,2015,5548.0,179836076.0,32415.0,,525.0
39127,2016,5706.0,187804051.0,32913.0,,528.0
39127,2017,6015.0,230325552.0,38293.0,,540.0
39127,2018,6441.0,259528368.0,40295.0,,546.0
39127,2019,6634.0,261337286.0,39394.0,,559.0
39127,2020,5968.0,250064971.0,41902.0,,569.0
39127,2021,5966.0,259387523.0,43479.0,,587.0
39127,2022,6155.0,284658381.0,46249.0,32.0,591.0
39129,2010,13787.0,515430701.0,37386.0,,876.0
39129,2011,13630.0,538558032.0,39513.0,,888.0
39129,2012,13518.0,526064588.0,38915.0,,875.0
39129,2013,13838.0,537157823.0,38819.0,,872.0
39129,2014,13584.0,542332493.0,39925.0,,886.0
39129,2015,13773.0,560365572.0,40686.0,,902.0
39129,2016,13568.0,560945733.0,41344.0,,907.0
39129,2017,13646.0,600520326.0,44006.0,,907.0
39129,2018,14033.0,634631763.0,45223.0,,930.0
39129,2019,13913.0,637993905.0,45858.0,,958.0
39129,2020,13465.0,661278238.0,49111.0,,985.0
39129,2021,14301.0,728138668.0,50915.0,,1016.0
39129,2022,14841.0,805825517.0,54297.0,37.0,1052.0
39131,2010,9339.0,387009837.0,41442.0,,526.0
39131,2011,8695.0,372598360.0,42851.0,,525.0
39131,2012,8545.0,366044665.0,42835.0,,510.0
39131,2013,9037.0,416820591.0,46125.0,,503.0
39131,2014,9058.0,423449196.0,46748.0,,495.0
39131,2015,9236.0,431166853.0,46681.0,,502.0
39131,2016,9636.0,446483715.0,46337.0,,518.0
39131,2017,9725.0,465259817.0,47841.0,,521.0
39131,2018,9821.0,485444626.0,49428.0,,530.0
39131,2019,9689.0,484365693.0,49990.0,,544.0
39131,2020,9310.0,489438193.0,52570.0,,548.0
39131,2021,9615.0,515330834.0,53597.0,,548.0
39131,2022,10133.0,583385712.0,57576.0,23.0,572.0
39133,2010,49643.0,1856030214.0,37388.0,131.0,3225.0
39133,2011,50886.0,1953605158.0,38392.0,127.0,3237.0
39133,2012,51922.0,2058911077.0,39654.0,136.0,3238.0
39133,2013,52064.0,2089858812.0,40140.0,159.0,3207.0
39133,2014,53676.0,2191141706.0,40821.0,161.0,3187.0
39133,2015,54328.0,2301044420.0,42355.0,37.0,3234.0
39133,2016,54470.0,2287830847.0,42002.0,41.0,3263.0
39133,2017,54507.0,2377960724.0,43627.0,32.0,3320.0
39133,2018,54703.0,2446292517.0,44720.0,40.0,3344.0
39133,2019,55116.0,2529440333.0,45893.0,22.0,3378.0
39133,2020,51746.0,2501451175.0,48341.0,21.0,3388.0
39133,2021,52330.0,2702851715.0,51650.0,14.0,3505.0
39133,2022,54283.0,2876455676.0,52990.0,118.0,3663.0
39135,2010,10099.0,328317697.0,32510.0,,729.0
39135,2011,9907.0,320111252.0,32312.0,,730.0
39135,2012,10238.0,337254916.0,32941.0,,721.0
39135,2013,10329.0,340254241.0,32942.0,,719.0
39135,2014,10425.0,365324435.0,35043.0,,727.0
39135,2015,10446.0,360736172.0,34533.0,,731.0
39135,2016,10454.0,370836992.0,35473.0,,738.0
39135,2017,10802.0,390219062.0,36125.0,,749.0
39135,2018,10751.0,422376828.0,39287.0,,755.0
39135,2019,10632.0,437311601.0,41132.0,,759.0
39135,2020,10214.0,456252330.0,44667.0,,762.0
39135,2021,11002.0,524981016.0,47717.0,,776.0
39135,2022,11543.0,579062610.0,50165.0,44.0,787.0
39137,2010,10911.0,326537879.0,29927.0,,811.0
39137,2011,11331.0,348685196.0,30773.0,,829.0
39137,2012,11304.0,375667088.0,33233.0,,820.0
39137,2013,11387.0,389352155.0,34193.0,,810.0
39137,2014,11461.0,401760195.0,35054.0,,805.0
39137,2015,11549.0,423495384.0,36670.0,,804.0
39137,2016,11737.0,422283744.0,35980.0,,809.0
39137,2017,11759.0,437960262.0,37246.0,,807.0
39137,2018,11835.0,456481100.0,38570.0,,809.0
39137,2019,11923.0,470433483.0,39455.0,,818.0
39137,2020,11303.0,480818706.0,42537.0,,821.0
39137,2021,11894.0,516827768.0,43453.0,,839.0
39137,2022,12191.0,568892857.0,46666.0,28.0,846.0
39139,2010,50650.0,1676677863.0,33103.0,,2868.0
39139,2011,51434.0,1701680914.0,33085.0,,2826.0
39139,2012,50513.0,1724306895.0,34136.0,,2785.0
39139,2013,50273.0,1729888205.0,34410.0,,2740.0
39139,2014,50881.0,1802331013.0,35422.0,,2757.0
39139,2015,50603.0,1823297839.0,36031.0,,2712.0
39139,2016,50782.0,1846320770.0,36358.0,,2709.0
39139,2017,50121.0,1908879183.0,38086.0,,2735.0
39139,2018,50641.0,2002034146.0,39534.0,,2753.0
39139,2019,50079.0,2024050614.0,40417.0,5.0,2779.0
39139,2020,46601.0,2009853865.0,43129.0,,2795.0
39139,2021,47754.0,2146971291.0,44959.0,,2815.0
39139,2022,48078.0,2270382103.0,47223.0,163.0,2893.0
39141,2010,25185.0,985087707.0,39115.0,,1366.0
39141,2011,26316.0,1053868089.0,40047.0,,1356.0
39141,2012,26877.0,1083281379.0,40305.0,,1365.0
39141,2013,26391.0,1082460363.0,41017.0,,1366.0
39141,2014,27196.0,1132401867.0,41639.0,,1361.0
39141,2015,27742.0,1179878429.0,42531.0,,1360.0
39141,2016,27771.0,1167255259.0,42032.0,,1369.0
39141,2017,28146.0,1225084665.0,43526.0,,1372.0
39141,2018,29081.0,1293753970.0,44488.0,,1380.0
39141,2019,29507.0,1341737441.0,45472.0,,1421.0
39141,2020,27963.0,1343335771.0,48039.0,,1439.0
39141,2021,28725.0,1427973894.0,49711.0,,1450.0
39141,2022,29440.0,1585984339.0,53871.0,58.0,1480.0
39143,2010,25411.0,861485438.0,33902.0,,1434.0
39143,2011,25689.0,877345417.0,34152.0,,1440.0
39143,2012,25556.0,895253049.0,35031.0,,1443.0
39143,2013,25488.0,939800290.0,36872.0,,1425.0
39143,2014,25786.0,971910334.0,37691.0,,1417.0
39143,2015,26086.0,998505905.0,38277.0,,1417.0
39143,2016,25925.0,1000953096.0,38609.0,,1390.0
39143,2017,26256.0,1049763151.0,39982.0,,1395.0
39143,2018,26015.0,1070033197.0,41132.0,,1411.0
39143,2019,25564.0,1071051487.0,41898.0,,1406.0
39143,2020,23845.0,1064615438.0,44648.0,,1394.0
39143,2021,24786.0,1157869694.0,46714.0,,1456.0
39143,2022,24934.0,1225635145.0,49156.0,49.0,1460.0
39145,2010,23233.0,766066111.0,32974.0,,1483.0
39145,2011,23201.0,770698981.0,33218.0,,1493.0
39145,2012,23324.0,787773838.0,33775.0,,1503.0
39145,2013,22669.0,772411926.0,34073.0,,1447.0
39145,2014,23028.0,796147344.0,34574.0,,1440.0
39145,2015,23340.0,834291578.0,35745.0,,1426.0
39145,2016,23806.0,856307491.0,35971.0,,1425.0
39145,2017,23724.0,875523688.0,36905.0,,1429.0
39145,2018,23271.0,892880037.0,38369.0,,1422.0
39145,2019,23338.0,917536583.0,39316.0,,1431.0
39145,2020,22773.0,952451022.0,41824.0,,1412.0
39145,2021,23463.0,1049645500.0,44737.0,,1432.0
39145,2022,24081.0,1151985575.0,47838.0,57.0,1466.0
39147,2010,18563.0,590429864.0,31808.0,,1257.0
39147,2011,18792.0,603960460.0,32140.0,46.0,1255.0
39147,2012,18515.0,612157259.0,33063.0,52.0,1245.0
39147,2013,18306.0,607911895.0,33209.0,56.0,1211.0
39147,2014,18486.0,629386775.0,34047.0,59.0,1192.0
39147,2015,19025.0,657331449.0,34551.0,58.0,1176.0
39147,2016,19256.0,678650199.0,35244.0,56.0,1182.0
39147,2017,19360.0,700395347.0,36177.0,62.0,1159.0
39147,2018,19458.0,723305204.0,37174.0,67.0,1155.0
39147,2019,19581.0,746591545.0,38129.0,70.0,1172.0
39147,2020,18336.0,760912459.0,41499.0,64.0,1152.0
39147,2021,18574.0,809402116.0,43577.0,65.0,1172.0
39147,2022,18759.0,857508928.0,45712.0,62.0,1188.0
39149,2010,24843.0,1034811038.0,41653.0,,1067.0
39149,2011,25084.0,1055613231.0,42083.0,,1065.0
39149,2012,25666.0,1109390579.0,43225.0,,1051.0
39149,2013,26100.0,1148851457.0,44017.0,,1056.0
39149,2014,26258.0,1214655146.0,46258.0,,1047.0
39149,2015,27238.0,1293875728.0,47502.0,,1042.0
39149,2016,27233.0,1320173557.0,48477.0,,1035.0
39149,2017,27172.0,1340726434.0,49343.0,,1029.0
39149,2018,27427.0,1385116515.0,50503.0,,1027.0
39149,2019,27624.0,1417158865.0,51302.0,,1030.0
39149,2020,25854.0,1377796329.0,53292.0,,1053.0
39149,2021,26669.0,1465010892.0,54934.0,,1068.0
39149,2022,26917.0,1543543723.0,57345.0,46.0,1101.0
39151,2010,148817.0,5273145817.0,35434.0,,8744.0
39151,2011,151249.0,5584934412.0,36925.0,46.0,8764.0
39151,2012,154052.0,5774406968.0,37484.0,52.0,8799.0
39151,2013,155930.0,5924611806.0,37995.0,67.0,8781.0
39151,2014,158336.0,6190612879.0,39098.0,88.0,8730.0
39151,2015,158017.0,6243892201.0,39514.0,95.0,8604.0
39151,2016,158204.0,6217218019.0,39299.0,103.0,8610.0
39151,2017,159282.0,6511105024.0,40878.0,106.0,8570.0
39151,2018,160016.0,6741908179.0,42133.0,107.0,8608.0
39151,2019,159294.0,6898916485.0,43309.0,62.0,8673.0
39151,2020,149687.0,6854935642.0,45795.0,51.0,8679.0
39151,2021,152590.0,7322051754.0,47985.0,57.0,8925.0
39151,2022,154738.0,7825279392.0,50571.0,413.0,9166.0
39153,2010,252634.0,10661678274.0,42202.0,1129.0,14428.0
39153,2011,254006.0,10939743117.0,43069.0,1173.0,14378.0
39153,2012,255904.0,11332039471.0,44282.0,1214.0,14293.0
39153,2013,256668.0,11400750028.0,44418.0,1384.0,14132.0
39153,2014,260173.0,11894348576.0,45717.0,1389.0,14026.0
39153,2015,264051.0,12425391647.0,47057.0,1538.0,14085.0
39153,2016,266282.0,12698758023.0,47689.0,1781.0,14213.0
39153,2017,266989.0,12864802859.0,48185.0,1990.0,14321.0
39153,2018,266964.0,13221495421.0,49525.0,2208.0,14317.0
39153,2019,267461.0,13520192358.0,50550.0,1296.0,14489.0
39153,2020,251456.0,13556047596.0,53910.0,1225.0,14674.0
39153,2021,254952.0,14478953552.0,56791.0,1149.0,15095.0
39153,2022,258539.0,15218277563.0,58863.0,1164.0,15427.0
39155,2010,69719.0,2542971749.0,36475.0,65.0,4532.0
39155,2011,70706.0,2722508897.0,38505.0,64.0,4489.0
39155,2012,70217.0,2683699516.0,38220.0,,4404.0
39155,2013,69395.0,2610692063.0,37621.0,,4345.0
39155,2014,69322.0,2680492885.0,38668.0,,4311.0
39155,2015,69800.0,2789802976.0,39969.0,,4293.0
39155,2016,69189.0,2784262292.0,40241.0,,4285.0
39155,2017,66926.0,2671292556.0,39914.0,,4286.0
39155,2018,66676.0,2737476297.0,41056.0,,4279.0
39155,2019,63885.0,2562673540.0,40114.0,,4281.0
39155,2020,58082.0,2476394809.0,42636.0,,4240.0
39155,2021,59986.0,2687423611.0,44801.0,,4304.0
39155,2022,62497.0,2926666603.0,46829.0,200.0,4390.0
39157,2010,33387.0,1033336956.0,30951.0,,2300.0
39157,2011,33958.0,1080997194.0,31834.0,,2316.0
39157,2012,34845.0,1135256216.0,32580.0,,2315.0
39157,2013,35278.0,1178325178.0,33402.0,,2300.0
39157,2014,36075.0,1281277344.0,35517.0,11.0,2282.0
39157,2015,36608.0,1351409014.0,36916.0,,2300.0
39157,2016,36331.0,1353085177.0,37243.0,,2292.0
39157,2017,37029.0,1477274914.0,39895.0,,2316.0
39157,2018,36565.0,1432573551.0,39179.0,,2328.0
39157,2019,36835.0,1477493942.0,40111.0,,2327.0
39157,2020,34796.0,1467327803.0,42169.0,,2301.0
39157,2021,35659.0,1588677315.0,44552.0,,2347.0
39157,2022,36708.0,1719460636.0,46841.0,107.0,2390.0
39159,2010,25915.0,1371810737.0,52935.0,,1161.0
39159,2011,25991.0,1391470815.0,53537.0,,1168.0
39159,2012,27646.0,1454905972.0,52627.0,,1148.0
39159,2013,28925.0,1560207716.0,53940.0,,1120.0
39159,2014,30035.0,1650902013.0,54967.0,,1140.0
39159,2015,31051.0,1729398165.0,55695.0,,1207.0
39159,2016,31542.0,1794588257.0,56896.0,,1227.0
39159,2017,32978.0,1929777254.0,58517.0,,1273.0
39159,2018,34319.0,2008284542.0,58518.0,,1320.0
39159,2019,33532.0,2013122083.0,60036.0,,1333.0
39159,2020,32137.0,2047326304.0,63706.0,,1382.0
39159,2021,32701.0,2123326248.0,64932.0,,1450.0
39159,2022,33295.0,2360635857.0,70900.0,50.0,1518.0
39161,2010,9807.0,321742839.0,32807.0,,626.0
39161,2011,9965.0,339057835.0,34025.0,,629.0
39161,2012,9952.0,337475241.0,33912.0,,625.0
39161,2013,10275.0,355666172.0,34614.0,,610.0
39161,2014,10692.0,376721225.0,35235.0,,611.0
39161,2015,10795.0,380404168.0,35238.0,,626.0
39161,2016,10853.0,388127183.0,35764.0,,628.0
39161,2017,11075.0,415791333.0,37542.0,,629.0
39161,2018,11169.0,437043800.0,39129.0,,630.0
39161,2019,11789.0,470248053.0,39888.0,,640.0
39161,2020,10949.0,468255182.0,42769.0,,630.0
39161,2021,11060.0,496200788.0,44865.0,,642.0
39161,2022,11212.0,515390727.0,45967.0,19.0,641.0
39163,2010,2178.0,68224570.0,31324.0,,219.0
39163,2011,2227.0,74375586.0,33396.0,,220.0
39163,2012,2113.0,81750276.0,38698.0,,218.0
39163,2013,2192.0,67630760.0,30856.0,,217.0
39163,2014,2251.0,71856041.0,31927.0,,213.0
39163,2015,2241.0,74502604.0,33243.0,,200.0
39163,2016,2222.0,77485243.0,34869.0,,200.0
39163,2017,2204.0,77789729.0,35291.0,,205.0
39163,2018,2274.0,79965991.0,35168.0,,210.0
39163,2019,2343.0,83209053.0,35516.0,,221.0
39163,2020,2223.0,84047693.0,37804.0,,219.0
39163,2021,2215.0,86933985.0,39240.0,,215.0
39163,2022,2222.0,90794414.0,40871.0,7.0,214.0
39165,2010,73884.0,2937525215.0,39758.0,31.0,4168.0
39165,2011,74536.0,3035992228.0,40732.0,32.0,4235.0
39165,2012,75680.0,3190970706.0,42164.0,8.0,4280.0
39165,2013,80806.0,3416480136.0,42280.0,20.0,4332.0
39165,2014,83134.0,3651948876.0,43928.0,29.0,4445.0
39165,2015,87537.0,4002151860.0,45720.0,24.0,4645.0
39165,2016,91010.0,4512816898.0,49586.0,28.0,4782.0
39165,2017,91785.0,4549013768.0,49562.0,32.0,4914.0
39165,2018,94139.0,4915341220.0,52214.0,40.0,5141.0
39165,2019,97028.0,5398897538.0,55643.0,29.0,5249.0
39165,2020,91917.0,5505064843.0,59892.0,45.0,5427.0
39165,2021,96260.0,6019063531.0,62529.0,47.0,5745.0
39165,2022,99419.0,6282509291.0,63192.0,348.0,6093.0
39167,2010,23703.0,846015411.0,35692.0,,1631.0
39167,2011,23726.0,879891516.0,37086.0,3.0,1633.0
39167,2012,23816.0,930249659.0,39060.0,3.0,1603.0
39167,2013,24044.0,953120652.0,39641.0,,1592.0
39167,2014,24687.0,1043542309.0,42271.0,,1581.0
39167,2015,25154.0,1087542546.0,43236.0,,1606.0
39167,2016,24941.0,1086397134.0,43558.0,,1627.0
39167,2017,25031.0,1128305757.0,45076.0,,1645.0
39167,2018,25208.0,1165396191.0,46232.0,,1612.0
39167,2019,25399.0,1225302454.0,48242.0,,1620.0
39167,2020,23700.0,1188539884.0,50149.0,,1606.0
39167,2021,24232.0,1276003250.0,52657.0,9.0,1619.0
39167,2022,24796.0,1365743737.0,55079.0,60.0,1636.0
39169,2010,41622.0,1505935318.0,36181.0,22.0,2599.0
39169,2011,42037.0,1568185120.0,37305.0,,2620.0
39169,2012,43173.0,1632751005.0,37819.0,,2634.0
39169,2013,43684.0,1700726430.0,38933.0,,2615.0
39169,2014,44557.0,1794160247.0,40267.0,,2616.0
39169,2015,45900.0,1892299279.0,41226.0,,2650.0
39169,2016,47407.0,1992659986.0,42033.0,,2715.0
39169,2017,48118.0,2130079390.0,44268.0,,2721.0
39169,2018,48426.0,2207664396.0,45588.0,,2732.0
39169,2019,49335.0,2332379165.0,47277.0,,2723.0
39169,2020,45623.0,2260606313.0,49550.0,,2735.0
39169,2021,46515.0,2439736363.0,52451.0,,2822.0
39169,2022,47351.0,2568240982.0,54239.0,129.0,2917.0
39171,2010,15409.0,524044893.0,34010.0,,884.0
39171,2011,15490.0,540793367.0,34912.0,,884.0
39171,2012,16207.0,572604252.0,35330.0,,868.0
39171,2013,16331.0,584001823.0,35761.0,,874.0
39171,2014,16749.0,610330892.0,36440.0,,879.0
39171,2015,17310.0,650625411.0,37587.0,,882.0
39171,2016,17332.0,660369406.0,38102.0,,894.0
39171,2017,17353.0,677835532.0,39061.0,,892.0
39171,2018,17532.0,707346597.0,40347.0,,885.0
39171,2019,17559.0,734153301.0,41810.0,,890.0
39171,2020,16336.0,718391305.0,43975.0,,885.0
39171,2021,16420.0,756691166.0,46083.0,8.0,898.0
39171,2022,16549.0,800828002.0,48391.0,46.0,910.0
39173,2010,55365.0,2163924031.0,39085.0,124.0,2896.0
39173,2011,57304.0,2263730112.0,39504.0,134.0,2911.0
39173,2012,59380.0,2317823829.0,39034.0,135.0,2893.0
39173,2013,59756.0,2419088529.0,40482.0,137.0,2902.0
39173,2014,61219.0,2593333911.0,42362.0,156.0,2914.0
39173,2015,63202.0,2695612178.0,42651.0,137.0,2943.0
39173,2016,65646.0,2828565861.0,43088.0,148.0,2960.0
39173,2017,66704.0,2943002415.0,44121.0,147.0,3024.0
39173,2018,66051.0,3076214012.0,46573.0,162.0,3043.0
39173,2019,67860.0,3172527657.0,46751.0,172.0,3091.0
39173,2020,64239.0,3164865098.0,49267.0,167.0,3097.0
39173,2021,66989.0,3435025268.0,51277.0,158.0,3186.0
39173,2022,72022.0,3779428511.0,52476.0,164.0,3302.0
39175,2010,7738.0,257969760.0,33339.0,,574.0
39175,2011,7927.0,269681103.0,34020.0,,569.0
39175,2012,8312.0,301241271.0,36243.0,27.0,569.0
39175,2013,8607.0,309468124.0,35955.0,34.0,572.0
39175,2014,8815.0,328461414.0,37262.0,34.0,577.0
39175,2015,8916.0,350158920.0,39275.0,34.0,573.0
39175,2016,9250.0,364495354.0,39406.0,35.0,576.0
39175,2017,9212.0,380646857.0,41322.0,35.0,584.0
39175,2018,9509.0,419196768.0,44083.0,37.0,575.0
39175,2019,9772.0,442363760.0,45270.0,39.0,561.0
39175,2020,9090.0,437751398.0,48160.0,39.0,550.0
39175,2021,9419.0,465328879.0,49404.0,36.0,557.0
39175,2022,9941.0,508228516.0,51124.0,37.0,573.0
39999,2010,65119.0,4251943922.0,65295.0,498.0,13471.0
39999,2011,76041.0,5148837779.0,67711.0,600.0,15212.0
39999,2012,86616.0,6010619447.0,69394.0,651.0,16147.0
39999,2013,98347.0,6884016028.0,69997.0,756.0,17490.0
39999,2014,106399.0,7637165101.0,71779.0,899.0,18360.0
39999,2015,107843.0,8008579961.0,74261.0,1013.0,18334.0
39999,2016,111883.0,8538230428.0,76314.0,1106.0,18140.0
39999,2017,117198.0,9526957963.0,81289.0,1134.0,18131.0
39999,2018,120533.0,9916143662.0,82269.0,1354.0,18140.0
39999,2019,121223.0,10196129192.0,84110.0,1542.0,18258.0
39999,2020,119111.0,10632133331.0,89262.0,1935.0,18677.0
39999,2021,135918.0,12694322150.0,93397.0,2239.0,20155.0
39999,2022,170375.0,16694028375.0,97984.0,2038.0,23515.0
51001,2010,13308.0,413847367.0,31098.0,,946.0
51001,2011,12800.0,394235736.0,30801.0,,932.0
51001,2012,12654.0,413759083.0,32699.0,,949.0
51001,2013,12715.0,420516286.0,33073.0,,948.0
51001,2014,12660.0,434889932.0,34351.0,,974.0
51001,2015,12894.0,456005395.0,35365.0,,1079.0
51001,2016,13051.0,468950090.0,35931.0,,1141.0
51001,2017,13292.0,499616135.0,37587.0,,1152.0
51001,2018,13464.0,527140053.0,39151.0,,1167.0
51001,2019,13214.0,525592554.0,39776.0,,1130.0
51001,2020,12144.0,538211481.0,44321.0,,1074.0
51001,2021,11817.0,557909668.0,47213.0,,1061.0
51001,2022,12107.0,598834864.0,49462.0,17.0,1482.0
51003,2010,48526.0,2261134693.0,46596.0,101.0,2947.0
51003,2011,49729.0,2328827898.0,46830.0,109.0,2971.0
51003,2012,50134.0,2451881659.0,48906.0,112.0,3036.0
51003,2013,50213.0,2474097547.0,49272.0,,3100.0
51003,2014,50562.0,2530332970.0,50044.0,,3141.0
51003,2015,52026.0,2691723979.0,51738.0,97.0,3359.0
51003,2016,53600.0,2796680195.0,52177.0,99.0,3510.0
51003,2017,56126.0,2994779153.0,53358.0,93.0,3674.0
51003,2018,56453.0,3078875068.0,54538.0,74.0,3814.0
51003,2019,58217.0,3212223130.0,55177.0,,3773.0
51003,2020,55139.0,3271007190.0,59323.0,69.0,3733.0
51003,2021,56359.0,3559522512.0,63158.0,64.0,3912.0
51003,2022,54699.0,3663017380.0,66966.0,60.0,4391.0
51005,2010,4272.0,151219265.0,35396.0,,311.0
51005,2011,4214.0,156114737.0,37047.0,,314.0
51005,2012,4277.0,179412586.0,41949.0,,323.0
51005,2013,4038.0,130480270.0,32316.0,,324.0
51005,2014,3849.0,125999321.0,32740.0,,316.0
51005,2015,3844.0,129133794.0,33594.0,,331.0
51005,2016,3793.0,129756262.0,34211.0,,354.0
51005,2017,3754.0,128167376.0,34145.0,,355.0
51005,2018,3770.0,129103237.0,34246.0,,362.0
51005,2019,3730.0,131142156.0,35162.0,,360.0
51005,2020,3470.0,128997211.0,37180.0,,361.0
51005,2021,3428.0,132563123.0,38669.0,,377.0
51005,2022,3505.0,148901671.0,42487.0,4.0,497.0
51007,2010,2393.0,75529399.0,31568.0,,317.0
51007,2011,2350.0,72851787.0,31004.0,,306.0
51007,2012,2345.0,76834278.0,32759.0,,316.0
51007,2013,2309.0,80230091.0,34745.0,,312.0
51007,2014,2314.0,82695100.0,35733.0,,310.0
51007,2015,2385.0,85565249.0,35883.0,,333.0
51007,2016,2462.0,85143662.0,34588.0,,368.0
51007,2017,2491.0,88108379.0,35377.0,,391.0
51007,2018,2506.0,88912416.0,35481.0,,414.0
51007,2019,2513.0,94078283.0,37444.0,,416.0
51007,2020,2472.0,98784241.0,39965.0,,404.0
51007,2021,2496.0,106162128.0,42527.0,,398.0
51007,2022,2523.0,111055190.0,44019.0,,443.0
51009,2010,8857.0,294491259.0,33249.0,,701.0
51009,2011,8917.0,293015941.0,32859.0,,702.0
51009,2012,9044.0,300216024.0,33195.0,,708.0
51009,2013,8927.0,297182563.0,33290.0,,692.0
51009,2014,8834.0,299620779.0,33915.0,,683.0
51009,2015,8459.0,278011207.0,32866.0,,719.0
51009,2016,8409.0,299369605.0,35601.0,,742.0
51009,2017,8267.0,301706784.0,36496.0,,766.0
51009,2018,8109.0,306931527.0,37850.0,,787.0
51009,2019,7975.0,305716159.0,38333.0,,778.0
51009,2020,7565.0,306108931.0,40462.0,,768.0
51009,2021,7626.0,311232827.0,40815.0,,777.0
51009,2022,7729.0,334340136.0,43256.0,21.0,871.0
51011,2010,3199.0,86943085.0,27175.0,5.0,359.0
51011,2011,3155.0,86309725.0,27356.0,,366.0
51011,2012,3034.0,80720937.0,26609.0,,369.0
51011,2013,3034.0,81554995.0,26883.0,,365.0
51011,2014,3023.0,81353067.0,26914.0,,380.0
51011,2015,3068.0,86454425.0,28179.0,,418.0
51011,2016,3194.0,90768533.0,28415.0,,465.0
51011,2017,3281.0,94548315.0,28821.0,,485.0
51011,2018,3272.0,97937967.0,29936.0,,512.0
51011,2019,3242.0,98893606.0,30505.0,,506.0
51011,2020,3227.0,105769491.0,32781.0,,488.0
51011,2021,3326.0,117298064.0,35265.0,,479.0
51011,2022,3465.0,132041329.0,38104.0,1.0,579.0
51013,2010,162679.0,13075488110.0,80376.0,725.0,8034.0
51013,2011,168271.0,13663956050.0,81202.0,770.0,8241.0
51013,2012,165776.0,13405480811.0,80865.0,716.0,8535.0
51013,2013,165044.0,13319750920.0,80704.0,812.0,8694.0
51013,2014,164576.0,13562985242.0,82412.0,771.0,8661.0
51013,2015,170256.0,14489824018.0,85106.0,963.0,9221.0
51013,2016,172888.0,14862535640.0,85966.0,1011.0,9348.0
51013,2017,176659.0,15666993660.0,88685.0,1013.0,9226.0
51013,2018,178158.0,16526889128.0,92765.0,1196.0,9205.0
51013,2019,182197.0,17497660898.0,96037.0,1285.0,9132.0
51013,2020,174422.0,18158213977.0,104105.0,1355.0,9143.0
51013,2021,172234.0,18344688111.0,106510.0,1292.0,9448.0
51013,2022,174381.0,19472188588.0,111665.0,1233.0,10382.0
51015,2010,24592.0,916788532.0,37281.0,5.0,1573.0
51015,2011,24919.0,945330703.0,37936.0,41.0,1589.0
51015,2012,24770.0,963772096.0,38909.0,,1610.0
51015,2013,25351.0,1002574238.0,39548.0,,1632.0
51015,2014,25753.0,1045081718.0,40580.0,,1647.0
51015,2015,26267.0,1092582441.0,41596.0,,1728.0
51015,2016,27115.0,1136615593.0,41919.0,,1773.0
51015,2017,26793.0,1158474322.0,43238.0,33.0,1820.0
51015,2018,27582.0,1237393473.0,44862.0,28.0,1897.0
51015,2019,28508.0,1300506725.0,45618.0,35.0,1918.0
51015,2020,27428.0,1331800383.0,48557.0,44.0,1916.0
51015,2021,27532.0,1415037052.0,51395.0,39.0,1966.0
51015,2022,28800.0,1572289737.0,54594.0,28.0,2121.0
51017,2010,2076.0,65429325.0,31513.0,,164.0
51017,2011,2183.0,69418784.0,31805.0,,159.0
51017,2012,2223.0,72032057.0,32398.0,,167.0
51017,2013,2259.0,78047312.0,34553.0,,167.0
51017,2014,2334.0,81128341.0,34758.0,,166.0
51017,2015,2327.0,83785675.0,36011.0,,217.0
51017,2016,2308.0,88256010.0,38239.0,,235.0
51017,2017,2292.0,88380199.0,38567.0,,223.0
51017,2018,2246.0,83594937.0,37221.0,,212.0
51017,2019,2205.0,88621263.0,40194.0,,197.0
51017,2020,1783.0,81790869.0,45862.0,,173.0
51017,2021,1880.0,90592169.0,48189.0,,176.0
51017,2022,2102.0,106142029.0,50488.0,,319.0
51019,2010,15638.0,483972059.0,30949.0,,1648.0
51019,2011,15252.0,486236168.0,31880.0,,1639.0
51019,2012,15540.0,507326044.0,32647.0,,1653.0
51019,2013,15382.0,513909432.0,33409.0,164.0,1652.0
51019,2014,18645.0,647426842.0,34724.0,144.0,1982.0
51019,2015,18896.0,673780775.0,35658.0,,2108.0
51019,2016,18876.0,685671749.0,36325.0,,2164.0
51019,2017,18735.0,690819732.0,36874.0,5.0,2192.0
51019,2018,18983.0,714384991.0,37634.0,4.0,2271.0
51019,2019,18846.0,731399991.0,38809.0,14.0,2282.0
51019,2020,18129.0,731419677.0,40346.0,14.0,2252.0
51019,2021,18219.0,759517579.0,41689.0,4.0,2287.0
51019,2022,18194.0,809390628.0,44486.0,72.0,2469.0
51021,2010,1910.0,71801000.0,37584.0,,116.0
51021,2011,1877.0,73035270.0,38909.0,,117.0
51021,2012,1927.0,72969103.0,37867.0,,121.0
51021,2013,1941.0,75881339.0,39101.0,,120.0
51021,2014,1980.0,78542717.0,39671.0,,122.0
51021,2015,1924.0,79630749.0,41392.0,,134.0
51021,2016,1907.0,79525662.0,41698.0,,139.0
51021,2017,1924.0,81953405.0,42601.0,,131.0
51021,2018,1961.0,86828481.0,44281.0,,132.0
51021,2019,1961.0,87450602.0,44602.0,,125.0
51021,2020,1845.0,86386065.0,46832.0,,120.0
51021,2021,1829.0,88539485.0,48398.0,,120.0
51021,2022,1840.0,96771179.0,52586.0,,213.0
51023,2010,8961.0,317288715.0,35408.0,,782.0
51023,2011,9162.0,329514869.0,35967.0,,779.0
51023,2012,9621.0,354697143.0,36866.0,,793.0
51023,2013,10052.0,365502483.0,36362.0,,802.0
51023,2014,10124.0,381080653.0,37643.0,,791.0
51023,2015,10465.0,401997710.0,38413.0,,824.0
51023,2016,10286.0,396261814.0,38526.0,29.0,845.0
51023,2017,10354.0,413716495.0,39957.0,29.0,860.0
51023,2018,10764.0,451164719.0,41914.0,29.0,886.0
51023,2019,11424.0,485872450.0,42530.0,29.0,887.0
51023,2020,10545.0,475045043.0,45048.0,28.0,871.0
51023,2021,10668.0,504607534.0,47303.0,28.0,908.0
51023,2022,10900.0,560164542.0,51392.0,27.0,1027.0
51025,2010,4155.0,120978231.0,29113.0,,405.0
51025,2011,4061.0,117154558.0,28848.0,,417.0
51025,2012,4066.0,122443024.0,30115.0,,434.0
51025,2013,4141.0,129557537.0,31288.0,,449.0
51025,2014,3980.0,128951876.0,32404.0,,476.0
51025,2015,3960.0,131474814.0,33199.0,,548.0
51025,2016,3940.0,135073822.0,34281.0,,597.0
51025,2017,3785.0,134669392.0,35579.0,,638.0
51025,2018,3605.0,124329162.0,34489.0,,667.0
51025,2019,3523.0,129667317.0,36802.0,,631.0
51025,2020,3274.0,123561800.0,37737.0,,574.0
51025,2021,3114.0,127519375.0,40947.0,,577.0
51025,2022,3153.0,143354687.0,45471.0,14.0,712.0
51027,2010,7977.0,348721909.0,43717.0,,590.0
51027,2011,8270.0,382140492.0,46209.0,,585.0
51027,2012,8392.0,385545264.0,45942.0,,601.0
51027,2013,7689.0,349850471.0,45500.0,,576.0
51027,2014,7344.0,340316860.0,46343.0,,566.0
51027,2015,6872.0,307253972.0,44712.0,,577.0
51027,2016,6489.0,268554142.0,41384.0,,590.0
51027,2017,6591.0,287380293.0,43601.0,,584.0
51027,2018,6625.0,302865022.0,45713.0,,579.0
51027,2019,6451.0,323797965.0,50193.0,,550.0
51027,2020,5680.0,275854706.0,48570.0,,531.0
51027,2021,5611.0,285064329.0,50802.0,,525.0
51027,2022,5872.0,324326894.0,55230.0,10.0,645.0
51029,2010,3097.0,98664676.0,31855.0,,326.0
51029,2011,3093.0,101039611.0,32665.0,,323.0
51029,2012,3198.0,108026819.0,33781.0,,337.0
51029,2013,3170.0,106717475.0,33665.0,,349.0
51029,2014,3168.0,110296438.0,34819.0,,361.0
51029,2015,3228.0,115088882.0,35651.0,,397.0
51029,2016,3286.0,118975472.0,36205.0,,413.0
51029,2017,3245.0,119224794.0,36736.0,,422.0
51029,2018,3244.0,120168214.0,37049.0,,437.0
51029,2019,3245.0,125564869.0,38700.0,,436.0
51029,2020,3110.0,124888544.0,40164.0,,431.0
51029,2021,2962.0,125425601.0,42345.0,,443.0
51029,2022,2956.0,134508544.0,45500.0,,562.0
51031,2010,16005.0,617687347.0,38594.0,,1255.0
51031,2011,15648.0,620609383.0,39660.0,,1218.0
51031,2012,15714.0,634602196.0,40385.0,,1240.0
51031,2013,16127.0,655447390.0,40644.0,,1242.0
51031,2014,16351.0,677904505.0,41460.0,,1265.0
51031,2015,16661.0,715655814.0,42954.0,,1336.0
51031,2016,16716.0,738347388.0,44170.0,,1398.0
51031,2017,17052.0,806305512.0,47284.0,,1439.0
51031,2018,17177.0,815112522.0,47453.0,,1493.0
51031,2019,17453.0,839711763.0,48113.0,,1516.0
51031,2020,16848.0,845415837.0,50180.0,,1484.0
51031,2021,17180.0,889248374.0,51761.0,,1523.0
51031,2022,17793.0,951044990.0,53451.0,42.0,1972.0
51033,2010,5309.0,184858317.0,34821.0,,467.0
51033,2011,5294.0,185652827.0,35070.0,,464.0
51033,2012,5337.0,185702176.0,34798.0,,463.0
51033,2013,5588.0,194305984.0,34773.0,,474.0
51033,2014,5512.0,197434331.0,35820.0,,482.0
51033,2015,5614.0,207687476.0,36996.0,,523.0
51033,2016,5725.0,215658038.0,37667.0,,553.0
51033,2017,5728.0,223226934.0,38971.0,,572.0
51033,2018,5858.0,228330515.0,38975.0,,604.0
51033,2019,5915.0,231536267.0,39146.0,,600.0
51033,2020,5592.0,237569309.0,42484.0,,601.0
51033,2021,5516.0,249628420.0,45253.0,,619.0
51033,2022,5495.0,259534935.0,47228.0,,836.0
51035,2010,6153.0,165602705.0,26916.0,,577.0
51035,2011,6031.0,162404054.0,26927.0,,564.0
51035,2012,6136.0,166846189.0,27191.0,,594.0
51035,2013,5994.0,167645143.0,27968.0,,587.0
51035,2014,6069.0,173064830.0,28515.0,,589.0
51035,2015,6256.0,184621345.0,29513.0,,605.0
51035,2016,6471.0,195802739.0,30257.0,,608.0
51035,2017,6573.0,202293081.0,30775.0,,601.0
51035,2018,6402.0,204425253.0,31931.0,,624.0
51035,2019,6214.0,199145305.0,32050.0,,618.0
51035,2020,5811.0,193203889.0,33247.0,,600.0
51035,2021,5895.0,209012511.0,35457.0,,615.0
51035,2022,5836.0,218438404.0,37431.0,,735.0
51036,2010,1382.0,50542675.0,36581.0,,173.0
51036,2011,1431.0,52554381.0,36721.0,,170.0
51036,2012,1506.0,55706115.0,36983.0,,178.0
51036,2013,1513.0,56292959.0,37214.0,,185.0
51036,2014,1566.0,58839161.0,37571.0,,197.0
51036,2015,1557.0,62791085.0,40328.0,,215.0
51036,2016,1560.0,64782930.0,41519.0,,220.0
51036,2017,1722.0,76384297.0,44366.0,,226.0
51036,2018,1714.0,79380036.0,46315.0,,226.0
51036,2019,1664.0,78051416.0,46913.0,,226.0
51036,2020,1645.0,81532546.0,49564.0,,225.0
51036,2021,1606.0,80933773.0,50389.0,,225.0
51036,2022,1713.0,93519595.0,54602.0,,242.0
51037,2010,2610.0,72718370.0,27861.0,,276.0
51037,2011,2592.0,71537024.0,27602.0,,283.0
51037,2012,2655.0,75451220.0,28422.0,,296.0
51037,2013,2711.0,80091690.0,29542.0,,299.0
51037,2014,2758.0,83371672.0,30233.0,,303.0
51037,2015,2817.0,92329573.0,32781.0,,330.0
51037,2016,2909.0,99766738.0,34299.0,,348.0
51037,2017,2903.0,97714313.0,33657.0,,356.0
51037,2018,2821.0,97076215.0,34411.0,,363.0
51037,2019,2792.0,98509575.0,35281.0,,358.0
51037,2020,2622.0,97310345.0,37119.0,,343.0
51037,2021,2866.0,112387919.0,39215.0,,347.0
51037,2022,3022.0,132097914.0,43717.0,,639.0
51041,2010,113322.0,4823722422.0,42566.0,238.0,7534.0
51041,2011,113833.0,4904802539.0,43088.0,422.0,7534.0
51041,2012,117645.0,5159465436.0,43856.0,382.0,7814.0
51041,2013,122389.0,5353403547.0,43741.0,388.0,7900.0
51041,2014,124399.0,5478377672.0,44039.0,272.0,8013.0
51041,2015,131126.0,5832100713.0,44477.0,402.0,8473.0
51041,2016,134066.0,6013852539.0,44857.0,355.0,8871.0
51041,2017,135816.0,6277939046.0,46224.0,241.0,9034.0
51041,2018,138428.0,6559889505.0,47389.0,252.0,9354.0
51041,2019,137108.0,6651812222.0,48515.0,250.0,9406.0
51041,2020,131601.0,6852625293.0,52071.0,221.0,9414.0
51041,2021,135766.0,7376119340.0,54330.0,210.0,9824.0
51041,2022,140474.0,8078005151.0,57505.0,567.0,10714.0
51043,2010,3806.0,140133465.0,36817.0,,448.0
51043,2011,3794.0,144903890.0,38193.0,,441.0
51043,2012,3719.0,149341645.0,40152.0,,440.0
51043,2013,3744.0,156921794.0,41911.0,,441.0
51043,2014,3797.0,155820635.0,41034.0,,419.0
51043,2015,3752.0,162757671.0,43376.0,,438.0
51043,2016,3842.0,164024993.0,42695.0,,456.0
51043,2017,3995.0,173671114.0,43468.0,,458.0
51043,2018,3870.0,171415202.0,44293.0,,466.0
51043,2019,3953.0,173589785.0,43918.0,,466.0
51043,2020,3654.0,165882482.0,45393.0,,453.0
51043,2021,3664.0,174865037.0,47732.0,,460.0
51043,2022,3828.0,191668763.0,50069.0,,561.0
51045,2010,670.0,19048372.0,28430.0,,83.0
51045,2011,650.0,19097101.0,29365.0,,79.0
51045,2012,645.0,19234697.0,29814.0,,75.0
51045,2013,658.0,21282669.0,32344.0,,74.0
51045,2014,666.0,22459435.0,33744.0,,75.0
51045,2015,667.0,22714925.0,34038.0,,90.0
51045,2016,692.0,23728222.0,34298.0,,102.0
51045,2017,708.0,24368192.0,34439.0,,113.0
51045,2018,733.0,24736058.0,33727.0,,126.0
51045,2019,739.0,25523444.0,34530.0,,124.0
51045,2020,723.0,26266171.0,36325.0,,122.0
51045,2021,746.0,29018363.0,38916.0,,126.0
51045,2022,772.0,32896256.0,42603.0,,165.0
51047,2010,14499.0,524678547.0,36188.0,23.0,1165.0
51047,2011,14546.0,536720625.0,36897.0,96.0,1177.0
51047,2012,15006.0,563435057.0,37549.0,97.0,1219.0
51047,2013,15446.0,587672005.0,38047.0,96.0,1241.0
51047,2014,15337.0,595282132.0,38813.0,102.0,1262.0
51047,2015,15575.0,615287074.0,39504.0,103.0,1343.0
51047,2016,15481.0,634244641.0,40969.0,105.0,1406.0
51047,2017,15769.0,655585584.0,41575.0,104.0,1447.0
51047,2018,15951.0,678380345.0,42530.0,100.0,1488.0
51047,2019,16058.0,707518333.0,44059.0,110.0,1485.0
51047,2020,15517.0,722673373.0,46574.0,109.0,1471.0
51047,2021,15896.0,781318762.0,49151.0,106.0,1540.0
51047,2022,16252.0,835840519.0,51430.0,124.0,1684.0
51049,2010,1272.0,35144670.0,27640.0,,167.0
51049,2011,1267.0,34917952.0,27567.0,,173.0
51049,2012,1243.0,35314190.0,28412.0,,180.0
51049,2013,1279.0,35829537.0,28006.0,,185.0
51049,2014,1287.0,37628597.0,29247.0,,192.0
51049,2015,1330.0,39663955.0,29815.0,,210.0
51049,2016,1359.0,43786104.0,32209.0,,217.0
51049,2017,1361.0,46483117.0,34145.0,,217.0
51049,2018,1306.0,44048953.0,33728.0,,233.0
51049,2019,1250.0,42863176.0,34304.0,,232.0
51049,2020,1204.0,43790360.0,36363.0,,230.0
51049,2021,1267.0,51477946.0,40646.0,,232.0
51049,2022,1297.0,57909315.0,44666.0,8.0,293.0
51051,2010,3813.0,144316797.0,37849.0,,336.0
51051,2011,3715.0,150228565.0,40437.0,,339.0
51051,2012,3593.0,146063896.0,40650.0,,355.0
51051,2013,3823.0,150925651.0,39477.0,,357.0
51051,2014,3791.0,146967128.0,38763.0,,353.0
51051,2015,3610.0,140262351.0,38849.0,,370.0
51051,2016,3321.0,123470355.0,37177.0,,365.0
51051,2017,3292.0,126926002.0,38552.0,,344.0
51051,2018,3258.0,129548365.0,39763.0,,345.0
51051,2019,3416.0,138261166.0,40472.0,,336.0
51051,2020,3318.0,138564051.0,41756.0,,322.0
51051,2021,3407.0,152924882.0,44889.0,,321.0
51051,2022,3224.0,169202160.0,52486.0,9.0,369.0
51053,2010,7742.0,292432016.0,37773.0,,388.0
51053,2011,7702.0,294992720.0,38302.0,,393.0
51053,2012,7824.0,306701513.0,39199.0,,411.0
51053,2013,7995.0,301639465.0,37730.0,,409.0
51053,2014,8009.0,311068632.0,38839.0,,402.0
51053,2015,8351.0,318488853.0,38139.0,,430.0
51053,2016,8470.0,334439978.0,39484.0,,462.0
51053,2017,8717.0,363386452.0,41686.0,,473.0
51053,2018,8893.0,382741934.0,43040.0,,486.0
51053,2019,8856.0,399384164.0,45098.0,,488.0
51053,2020,8873.0,454975415.0,51274.0,,482.0
51053,2021,8686.0,489210705.0,56323.0,,491.0
51053,2022,9061.0,587871164.0,64876.0,,608.0
51057,2010,3984.0,117770855.0,29558.0,,357.0
51057,2011,3935.0,115376865.0,29324.0,,348.0
51057,2012,4060.0,118320115.0,29145.0,,354.0
51057,2013,4005.0,123711563.0,30888.0,,338.0
51057,2014,4040.0,125936316.0,31170.0,,339.0
51057,2015,3908.0,124070856.0,31752.0,,361.0
51057,2016,3979.0,128838769.0,32380.0,,370.0
51057,2017,3803.0,125907067.0,33107.0,,367.0
51057,2018,3714.0,125156707.0,33699.0,,368.0
51057,2019,3652.0,128073766.0,35072.0,,359.0
51057,2020,3476.0,134108791.0,38581.0,,355.0
51057,2021,3478.0,138747517.0,39891.0,,364.0
51057,2022,3516.0,151426384.0,43071.0,,442.0
51059,2010,573551.0,42670924107.0,74398.0,5960.0,33861.0
51059,2011,581120.0,44283422700.0,76204.0,5755.0,34275.0
51059,2012,590490.0,45907046690.0,77744.0,5707.0,34820.0
51059,2013,586818.0,45835412673.0,78108.0,6229.0,34800.0
51059,2014,579539.0,45690428219.0,78839.0,6558.0,34763.0
51059,2015,586870.0,47502620982.0,80942.0,6964.0,36590.0
51059,2016,595313.0,48498252279.0,81467.0,6152.0,37312.0
51059,2017,601868.0,50624616221.0,84112.0,6227.0,37195.0
51059,2018,612537.0,52916489408.0,86389.0,6002.0,37276.0
51059,2019,622226.0,55615305634.0,89381.0,8125.0,36766.0
51059,2020,591639.0,57381712481.0,96988.0,8969.0,36839.0
51059,2021,607242.0,61024274964.0,100494.0,9771.0,37985.0
51059,2022,620691.0,64283370874.0,103567.0,10730.0,41142.0
51061,2010,20145.0,833575694.0,41379.0,28.0,2223.0
51061,2011,20781.0,890306129.0,42842.0,22.0,2261.0
51061,2012,21387.0,922054063.0,43113.0,,2311.0
51061,2013,21213.0,907683300.0,42789.0,11.0,2288.0
51061,2014,21076.0,939795472.0,44590.0,14.0,2284.0
51061,2015,21549.0,992895630.0,46076.0,17.0,2402.0
51061,2016,22054.0,1037130719.0,47026.0,18.0,2458.0
51061,2017,22116.0,1056801653.0,47785.0,11.0,2450.0
51061,2018,22417.0,1104268120.0,49260.0,12.0,2489.0
51061,2019,22249.0,1127959683.0,50697.0,95.0,2438.0
51061,2020,21370.0,1173338014.0,54907.0,84.0,2427.0
51061,2021,21813.0,1256893182.0,57622.0,97.0,2503.0
51061,2022,22350.0,1376862586.0,61606.0,234.0,2885.0
51063,2010,2784.0,71867231.0,25818.0,,390.0
51063,2011,2850.0,74955077.0,26302.0,,394.0
51063,2012,2907.0,77202263.0,26557.0,,408.0
51063,2013,2894.0,79299254.0,27404.0,,403.0
51063,2014,2933.0,83028089.0,28309.0,,397.0
51063,2015,3011.0,87226774.0,28969.0,,410.0
51063,2016,3116.0,90808844.0,29140.0,,441.0
51063,2017,3306.0,96879420.0,29309.0,,466.0
51063,2018,3464.0,102764893.0,29663.0,,489.0
51063,2019,3530.0,108266341.0,30673.0,,481.0
51063,2020,3379.0,112596148.0,33320.0,,468.0
51063,2021,3499.0,119673799.0,34202.0,,476.0
51063,2022,3553.0,134082089.0,37743.0,,549.0
51065,2010,4079.0,134899809.0,33073.0,,492.0
51065,2011,4239.0,142094757.0,33522.0,,480.0
51065,2012,4127.0,142365545.0,34497.0,,489.0
51065,2013,4155.0,147073928.0,35400.0,,494.0
51065,2014,4321.0,156813457.0,36292.0,,492.0
51065,2015,4436.0,168601963.0,38009.0,,533.0
51065,2016,4190.0,160061022.0,38204.0,,544.0
51065,2017,4197.0,162676575.0,38763.0,,557.0
51065,2018,4299.0,172611608.0,40154.0,,586.0
51065,2019,4277.0,179941668.0,42076.0,,596.0
51065,2020,4167.0,185724270.0,44567.0,,597.0
51065,2021,4403.0,206962579.0,47008.0,,631.0
51065,2022,4855.0,257366955.0,53016.0,,717.0
51067,2010,12761.0,372544063.0,29194.0,,1307.0
51067,2011,13006.0,380461486.0,29252.0,,1313.0
51067,2012,13409.0,410277664.0,30597.0,,1337.0
51067,2013,14094.0,423706761.0,30062.0,,1330.0
51067,2014,14567.0,449632067.0,30866.0,,1346.0
51067,2015,14572.0,462608987.0,31747.0,,1441.0
51067,2016,14689.0,475696653.0,32385.0,,1494.0
51067,2017,15072.0,496647698.0,32951.0,,1510.0
51067,2018,15227.0,516130085.0,33897.0,,1566.0
51067,2019,15085.0,528268428.0,35018.0,,1536.0
51067,2020,14772.0,554668364.0,37549.0,,1499.0
51067,2021,15184.0,601602420.0,39620.0,,1527.0
51067,2022,15628.0,669278646.0,42825.0,12.0,1698.0
51069,2010,22933.0,876118690.0,38204.0,9.0,1643.0
51069,2011,24548.0,941248408.0,38343.0,12.0,1664.0
51069,2012,25192.0,991375958.0,39353.0,4.0,1685.0
51069,2013,27179.0,1074828334.0,39547.0,,1685.0
51069,2014,28096.0,1128488486.0,40166.0,,1723.0
51069,2015,29128.0,1213408768.0,41659.0,,1818.0
51069,2016,30204.0,1279030085.0,42346.0,,1889.0
51069,2017,31265.0,1376825802.0,44037.0,,1939.0
51069,2018,31997.0,1456072038.0,45507.0,,1995.0
51069,2019,32899.0,1564943008.0,47568.0,,1954.0
51069,2020,33604.0,1717556831.0,51111.0,,1921.0
51069,2021,34715.0,1880007518.0,54156.0,,1980.0
51069,2022,36844.0,2112491541.0,57336.0,,2187.0
51071,2010,4681.0,168023698.0,35894.0,,362.0
51071,2011,4816.0,174754431.0,36287.0,,355.0
51071,2012,4794.0,178276841.0,37191.0,,366.0
51071,2013,4670.0,173022264.0,37051.0,,366.0
51071,2014,4571.0,176892074.0,38702.0,,356.0
51071,2015,4590.0,176430247.0,38441.0,,373.0
51071,2016,4691.0,180058290.0,38382.0,,392.0
51071,2017,4552.0,176018566.0,38671.0,,377.0
51071,2018,4606.0,186614500.0,40514.0,,385.0
51071,2019,4517.0,186397773.0,41264.0,,389.0
51071,2020,4538.0,200938124.0,44279.0,,384.0
51071,2021,5373.0,287979200.0,53599.0,,387.0
51071,2022,5227.0,257122280.0,49190.0,,448.0
51073,2010,9344.0,272077553.0,29119.0,,962.0
51073,2011,9419.0,275162479.0,29212.0,,971.0
51073,2012,9478.0,277064867.0,29233.0,,970.0
51073,2013,9493.0,283625050.0,29877.0,,950.0
51073,2014,9278.0,285490644.0,30772.0,,932.0
51073,2015,9303.0,294465001.0,31653.0,5.0,959.0
51073,2016,9341.0,306140351.0,32776.0,,980.0
51073,2017,9335.0,316426454.0,33895.0,,985.0
51073,2018,9521.0,329142785.0,34571.0,,1000.0
51073,2019,9502.0,344207921.0,36226.0,,1017.0
51073,2020,9212.0,357547566.0,38813.0,,1006.0
51073,2021,9417.0,386546666.0,41046.0,,1022.0
51073,2022,9560.0,417426147.0,43663.0,,1181.0
51075,2010,10792.0,687769385.0,63733.0,,755.0
51075,2011,11048.0,770595544.0,69753.0,,751.0
51075,2012,11785.0,864474708.0,73353.0,,761.0
51075,2013,12479.0,950494005.0,76166.0,4.0,754.0
51075,2014,13943.0,1114859468.0,79958.0,,754.0
51075,2015,15040.0,1297715924.0,86283.0,4.0,806.0
51075,2016,15399.0,1338038045.0,86892.0,,819.0
51075,2017,16158.0,1554959195.0,96235.0,,833.0
51075,2018,16366.0,1577259945.0,96377.0,,837.0
51075,2019,17570.0,1754419160.0,99851.0,,834.0
51075,2020,18165.0,1921038482.0,105757.0,,834.0
51075,2021,19046.0,2129476806.0,111807.0,,866.0
51075,2022,20161.0,2243920060.0,111300.0,,1096.0
51077,2010,2350.0,59488366.0,25318.0,,366.0
51077,2011,2325.0,60828395.0,26161.0,,369.0
51077,2012,2333.0,61306925.0,26284.0,,371.0
51077,2013,2336.0,63843760.0,27334.0,,358.0
51077,2014,2490.0,71952963.0,28900.0,,353.0
51077,2015,2554.0,76176229.0,29832.0,,364.0
51077,2016,2650.0,79179202.0,29878.0,,389.0
51077,2017,2875.0,84257303.0,29309.0,,396.0
51077,2018,2980.0,87439621.0,29347.0,,423.0
51077,2019,3217.0,94020389.0,29222.0,,409.0
51077,2020,3171.0,94688165.0,29858.0,,374.0
51077,2021,3068.0,98679973.0,32163.0,,378.0
51077,2022,3174.0,110178967.0,34710.0,22.0,411.0
51079,2010,3317.0,107150737.0,32304.0,,414.0
51079,2011,3505.0,114254990.0,32602.0,,399.0
51079,2012,3424.0,112253177.0,32786.0,,411.0
51079,2013,3369.0,108931215.0,32334.0,,412.0
51079,2014,3347.0,110453272.0,32997.0,,420.0
51079,2015,3566.0,118709317.0,33290.0,,465.0
51079,2016,3669.0,125256950.0,34140.0,,493.0
51079,2017,3719.0,127737464.0,34345.0,,501.0
51079,2018,3680.0,128763975.0,34986.0,,519.0
51079,2019,3754.0,135042205.0,35974.0,,509.0
51079,2020,3627.0,135464939.0,37353.0,,505.0
51079,2021,3710.0,145689430.0,39272.0,,515.0
51079,2022,3832.0,156266763.0,40779.0,,581.0
51081,2010,4451.0,137801708.0,30961.0,,157.0
51081,2011,4513.0,142260583.0,31524.0,,163.0
51081,2012,4387.0,137880527.0,31428.0,,171.0
51081,2013,4476.0,143177464.0,31987.0,,171.0
51081,2014,4279.0,155096003.0,36249.0,,171.0
51081,2015,4502.0,166234331.0,36922.0,,205.0
51081,2016,4603.0,173512835.0,37699.0,,222.0
51081,2017,4599.0,180846100.0,39321.0,,226.0
51081,2018,4530.0,189232202.0,41778.0,,239.0
51081,2019,4365.0,192471013.0,44096.0,,231.0
51081,2020,4274.0,201835464.0,47226.0,,222.0
51081,2021,4218.0,214783415.0,50926.0,,225.0
51081,2022,4075.0,216950078.0,53236.0,,340.0
51083,2010,12295.0,385636579.0,31364.0,,902.0
51083,2011,12085.0,378925556.0,31354.0,,928.0
51083,2012,12048.0,385587941.0,32004.0,,972.0
51083,2013,12041.0,401843436.0,33374.0,,969.0
51083,2014,11962.0,408820699.0,34175.0,,973.0
51083,2015,12180.0,417788847.0,34302.0,,1010.0
51083,2016,12105.0,427198874.0,35291.0,,1042.0
51083,2017,12147.0,438250874.0,36079.0,,1045.0
51083,2018,11857.0,442329482.0,37305.0,,1081.0
51083,2019,12154.0,463523916.0,38138.0,,1046.0
51083,2020,11286.0,454047031.0,40231.0,,1037.0
51083,2021,11443.0,482691228.0,42183.0,,1040.0
51083,2022,11812.0,534135908.0,45220.0,17.0,1121.0
51085,2010,44335.0,1638420730.0,36956.0,57.0,3396.0
51085,2011,44741.0,1669170755.0,37307.0,53.0,3405.0
51085,2012,45506.0,1723985049.0,37885.0,39.0,3520.0
51085,2013,46857.0,1774564348.0,37872.0,60.0,3502.0
51085,2014,48167.0,1887825272.0,39193.0,50.0,3504.0
51085,2015,49596.0,2007142808.0,40470.0,49.0,3650.0
51085,2016,50324.0,2088979513.0,41511.0,42.0,3752.0
51085,2017,51241.0,2195261886.0,42842.0,41.0,3754.0
51085,2018,52764.0,2267021540.0,42966.0,35.0,3844.0
51085,2019,54469.0,2391655016.0,43909.0,43.0,3834.0
51085,2020,50934.0,2422047366.0,47553.0,58.0,3793.0
51085,2021,53222.0,2690106179.0,50545.0,81.0,3903.0
51085,2022,56384.0,3045627075.0,54016.0,226.0,4358.0
51087,2010,170411.0,8142720676.0,47783.0,851.0,9610.0
51087,2011,172959.0,8448361175.0,48846.0,923.0,9756.0
51087,2012,178088.0,8732606832.0,49035.0,783.0,10151.0
51087,2013,179427.0,8933470633.0,49789.0,637.0,10203.0
51087,2014,179377.0,9119254798.0,50838.0,589.0,10326.0
51087,2015,187015.0,9639006294.0,51541.0,411.0,10996.0
51087,2016,189377.0,9810817906.0,51806.0,460.0,11493.0
51087,2017,192970.0,10252834578.0,53132.0,376.0,11576.0
51087,2018,191595.0,10357739962.0,54061.0,470.0,11830.0
51087,2019,192419.0,10719950804.0,55712.0,461.0,11840.0
51087,2020,180705.0,10860171056.0,60099.0,488.0,11837.0
51087,2021,183265.0,11526984936.0,62898.0,468.0,12142.0
51087,2022,188096.0,12391041726.0,65876.0,450.0,13028.0
51089,2010,13545.0,425442276.0,31409.0,12.0,1056.0
51089,2011,12875.0,396498092.0,30797.0,13.0,1112.0
51089,2012,13075.0,406641794.0,31101.0,12.0,1225.0
51089,2013,14894.0,450832193.0,30269.0,11.0,1328.0
51089,2014,14920.0,464290427.0,31119.0,12.0,1438.0
51089,2015,15142.0,476867135.0,31492.0,12.0,1557.0
51089,2016,15546.0,496982079.0,31968.0,12.0,1660.0
51089,2017,16054.0,520035909.0,32392.0,13.0,1656.0
51089,2018,16111.0,540195146.0,33529.0,12.0,1729.0
51089,2019,16017.0,549888810.0,34331.0,11.0,1677.0
51089,2020,15073.0,548676596.0,36402.0,12.0,1608.0
51089,2021,15542.0,592642743.0,38132.0,12.0,1664.0
51089,2022,15470.0,649519921.0,41985.0,13.0,1839.0
51091,2010,511.0,12850344.0,25168.0,,106.0
51091,2011,507.0,12554150.0,24782.0,,104.0
51091,2012,532.0,13481186.0,25356.0,,111.0
51091,2013,531.0,13692126.0,25765.0,,116.0
51091,2014,534.0,14003882.0,26241.0,,113.0
51091,2015,498.0,14124484.0,28362.0,,117.0
51091,2016,500.0,15134530.0,30254.0,,115.0
51091,2017,504.0,15413966.0,30588.0,,112.0
51091,2018,472.0,14950540.0,31675.0,,112.0
51091,2019,462.0,14519948.0,31417.0,,106.0
51091,2020,438.0,14561002.0,33276.0,,101.0
51091,2021,447.0,15171694.0,33960.0,,99.0
51091,2022,475.0,16657944.0,35094.0,,170.0
51093,2010,10083.0,407500125.0,40414.0,4.0,735.0
51093,2011,9682.0,375566830.0,38790.0,,732.0
51093,2012,10060.0,393065199.0,39071.0,,741.0
51093,2013,10445.0,459849695.0,44027.0,,724.0
51093,2014,10530.0,409310478.0,38871.0,,716.0
51093,2015,10703.0,450219285.0,42066.0,,742.0
51093,2016,10806.0,460261257.0,42594.0,,758.0
51093,2017,10726.0,478182562.0,44582.0,,768.0
51093,2018,10865.0,513227886.0,47239.0,,819.0
51093,2019,10804.0,483425837.0,44745.0,,847.0
51093,2020,10516.0,553307280.0,52617.0,,863.0
51093,2021,10644.0,551373874.0,51803.0,,901.0
51093,2022,10513.0,572648266.0,54469.0,1.0,994.0
51095,2010,26180.0,880137916.0,33618.0,,1615.0
51095,2011,26390.0,891762838.0,33792.0,,1651.0
51095,2012,26991.0,935327751.0,34653.0,5.0,1691.0
51095,2013,26779.0,966017109.0,36073.0,5.0,1694.0
51095,2014,27639.0,998751380.0,36136.0,,1710.0
51095,2015,27822.0,990737140.0,35609.0,,1849.0
51095,2016,28975.0,1089008424.0,37584.0,,1908.0
51095,2017,29563.0,1118971676.0,37851.0,,1908.0
51095,2018,30233.0,1169385892.0,38679.0,,1983.0
51095,2019,30395.0,1221352388.0,40182.0,61.0,1982.0
51095,2020,26039.0,1198725299.0,46035.0,7.0,1982.0
51095,2021,27600.0,1305179230.0,47289.0,58.0,2030.0
51095,2022,29076.0,1440687380.0,49550.0,119.0,2232.0
51097,2010,874.0,31840105.0,36451.0,,160.0
51097,2011,910.0,32732333.0,35970.0,,152.0
51097,2012,928.0,33440829.0,36055.0,,160.0
51097,2013,899.0,32766965.0,36448.0,,159.0
51097,2014,885.0,32279915.0,36478.0,,158.0
51097,2015,919.0,33761323.0,36744.0,,164.0
51097,2016,927.0,34771438.0,37520.0,,171.0
51097,2017,1072.0,41587127.0,38809.0,,176.0
51097,2018,1093.0,41625445.0,38089.0,,184.0
51097,2019,1067.0,41499783.0,38891.0,,176.0
51097,2020,1084.0,44769001.0,41297.0,,164.0
51097,2021,1108.0,48478968.0,43757.0,,172.0
51097,2022,1072.0,50324860.0,46934.0,,246.0
51099,2010,9818.0,686841390.0,69959.0,,529.0
51099,2011,10220.0,708608497.0,69337.0,,511.0
51099,2012,10094.0,703664076.0,69711.0,,536.0
51099,2013,10539.0,733419426.0,69593.0,,551.0
51099,2014,10774.0,778038824.0,72215.0,,560.0
51099,2015,10914.0,792791980.0,72641.0,,605.0
51099,2016,11418.0,832985225.0,72954.0,,625.0
51099,2017,11361.0,860071873.0,75704.0,,615.0
51099,2018,11684.0,897436210.0,76810.0,,623.0
51099,2019,11973.0,944035014.0,78850.0,,623.0
51099,2020,12318.0,1008608748.0,81882.0,,615.0
51099,2021,12770.0,1074782638.0,84165.0,,633.0
51099,2022,13009.0,1126664942.0,86608.0,,716.0
51101,2010,3397.0,130680641.0,38468.0,,362.0
51101,2011,3309.0,130534149.0,39452.0,,360.0
51101,2012,3377.0,133475538.0,39520.0,,353.0
51101,2013,3414.0,138505551.0,40574.0,,336.0
51101,2014,3479.0,148952991.0,42814.0,,339.0
51101,2015,3677.0,159189041.0,43298.0,,383.0
51101,2016,3854.0,165784204.0,43018.0,,413.0
51101,2017,3936.0,171804452.0,43653.0,,416.0
51101,2018,4004.0,178532120.0,44591.0,,437.0
51101,2019,4039.0,182568356.0,45204.0,,450.0
51101,2020,3830.0,183421874.0,47895.0,,441.0
51101,2021,3828.0,190159811.0,49679.0,,443.0
51101,2022,3968.0,210972468.0,53166.0,,520.0
51103,2010,4615.0,141413822.0,30643.0,17.0,545.0
51103,2011,4626.0,145138158.0,31372.0,23.0,533.0
51103,2012,4631.0,150273795.0,32452.0,26.0,497.0
51103,2013,4553.0,151207145.0,33211.0,,481.0
51103,2014,4499.0,152422512.0,33882.0,,480.0
51103,2015,4443.0,152379653.0,34300.0,,492.0
51103,2016,4509.0,158654848.0,35188.0,,490.0
51103,2017,4530.0,165089726.0,36446.0,,487.0
51103,2018,4522.0,165761290.0,36657.0,,490.0
51103,2019,4616.0,169620957.0,36743.0,,491.0
51103,2020,4372.0,172296713.0,39406.0,,490.0
51103,2021,4375.0,183405177.0,41926.0,,497.0
51103,2022,4470.0,197993532.0,44299.0,,594.0
51105,2010,5304.0,165696962.0,31240.0,,478.0
51105,2011,5306.0,170949657.0,32216.0,,472.0
51105,2012,5057.0,160128982.0,31667.0,,492.0
51105,2013,4729.0,152030921.0,32151.0,,485.0
51105,2014,4445.0,139583532.0,31401.0,,500.0
51105,2015,4467.0,141686758.0,31719.0,,531.0
51105,2016,4474.0,145864323.0,32600.0,,554.0
51105,2017,4371.0,143290417.0,32779.0,,559.0
51105,2018,4274.0,139810686.0,32714.0,,578.0
51105,2019,4187.0,140693379.0,33601.0,,548.0
51105,2020,4101.0,148682621.0,36260.0,,527.0
51105,2021,4062.0,154625069.0,38064.0,,523.0
51105,2022,4063.0,164891618.0,40583.0,5.0,577.0
51107,2010,132340.0,7501187975.0,56681.0,587.0,9285.0
51107,2011,137434.0,7849212307.0,57113.0,779.0,9654.0
51107,2012,141249.0,8236288365.0,58310.0,880.0,9990.0
51107,2013,146358.0,8681374683.0,59316.0,780.0,10175.0
51107,2014,148593.0,8963952580.0,60326.0,1557.0,10467.0
51107,2015,154560.0,9469524969.0,61268.0,2109.0,11395.0
51107,2016,159753.0,9786620711.0,61261.0,2187.0,11987.0
51107,2017,164537.0,10388091191.0,63135.0,2186.0,12244.0
51107,2018,169077.0,11106435306.0,65689.0,2100.0,12575.0
51107,2019,175497.0,11699975992.0,66668.0,2394.0,12677.0
51107,2020,165166.0,12087623391.0,73185.0,2159.0,12933.0
51107,2021,172484.0,12943519988.0,75042.0,2265.0,13591.0
51107,2022,180628.0,14193053336.0,78576.0,2226.0,14965.0
51109,2010,7326.0,353614223.0,48266.0,,682.0
51109,2011,8222.0,384386854.0,46749.0,,694.0
51109,2012,8242.0,381357633.0,46272.0,,754.0
51109,2013,8390.0,387758149.0,46218.0,,770.0
51109,2014,8753.0,410124061.0,46854.0,,804.0
51109,2015,9477.0,451407324.0,47630.0,,877.0
51109,2016,9140.0,437026749.0,47813.0,,930.0
51109,2017,9693.0,463727712.0,47843.0,,923.0
51109,2018,9731.0,492803610.0,50644.0,,971.0
51109,2019,9659.0,481304163.0,49829.0,,981.0
51109,2020,9571.0,475308420.0,49663.0,,989.0
51109,2021,9894.0,517177021.0,52274.0,,1031.0
51109,2022,10350.0,566435208.0,54727.0,,1156.0
51111,2010,2508.0,77355539.0,30847.0,,250.0
51111,2011,2462.0,73199745.0,29727.0,,249.0
51111,2012,2444.0,77266041.0,31616.0,,256.0
51111,2013,2435.0,77167668.0,31691.0,,255.0
51111,2014,2508.0,79021982.0,31512.0,,257.0
51111,2015,2512.0,81328713.0,32374.0,,282.0
51111,2016,2555.0,83919294.0,32852.0,,302.0
51111,2017,2589.0,85547154.0,33045.0,,310.0
51111,2018,2565.0,86473538.0,33714.0,,322.0
51111,2019,2466.0,88950293.0,36067.0,,317.0
51111,2020,2345.0,89576072.0,38201.0,,312.0
51111,2021,2223.0,124373238.0,55957.0,,321.0
51111,2022,2197.0,96653310.0,44003.0,,377.0
51113,2010,2975.0,91474155.0,30745.0,,346.0
51113,2011,3014.0,93414248.0,30994.0,,344.0
51113,2012,3058.0,100037080.0,32716.0,,335.0
51113,2013,3029.0,94896977.0,31334.0,,329.0
51113,2014,3051.0,98838765.0,32396.0,,330.0
51113,2015,3127.0,103860697.0,33218.0,,357.0
51113,2016,3097.0,109859996.0,35471.0,,365.0
51113,2017,3152.0,112116955.0,35567.0,,364.0
51113,2018,3053.0,109471338.0,35859.0,,364.0
51113,2019,3114.0,114611374.0,36802.0,,363.0
51113,2020,3050.0,121920200.0,39975.0,,363.0
51113,2021,3124.0,129370230.0,41415.0,,368.0
51113,2022,3141.0,138125159.0,43971.0,,498.0
51115,2010,1534.0,38608860.0,25173.0,,230.0
51115,2011,1488.0,38414695.0,25825.0,,225.0
51115,2012,1468.0,36971946.0,25191.0,,216.0
51115,2013,1422.0,36640984.0,25773.0,,207.0
51115,2014,1437.0,38963391.0,27124.0,,200.0
51115,2015,1458.0,40144959.0,27526.0,,209.0
51115,2016,1493.0,41267469.0,27645.0,,215.0
51115,2017,1476.0,41315636.0,27998.0,,220.0
51115,2018,1533.0,43793239.0,28559.0,,227.0
51115,2019,1573.0,45903888.0,29192.0,,225.0
51115,2020,1496.0,47375730.0,31670.0,,217.0
51115,2021,1485.0,50891551.0,34278.0,,220.0
51115,2022,1554.0,57028050.0,36703.0,,248.0
51117,2010,12270.0,360836312.0,29409.0,,949.0
51117,2011,12203.0,360464719.0,29539.0,,967.0
51117,2012,11959.0,354147435.0,29615.0,,1004.0
51117,2013,11260.0,342158743.0,30388.0,,1000.0
51117,2014,11354.0,348210569.0,30668.0,,1024.0
51117,2015,11706.0,374301444.0,31977.0,,1052.0
51117,2016,11772.0,389248566.0,33065.0,,1097.0
51117,2017,11502.0,389324358.0,33848.0,,1086.0
51117,2018,11562.0,398118102.0,34434.0,106.0,1128.0
51117,2019,11419.0,404086133.0,35387.0,,1123.0
51117,2020,10907.0,421415894.0,38637.0,,1073.0
51117,2021,10966.0,456392392.0,41621.0,,1075.0
51117,2022,11419.0,503105523.0,44059.0,,1164.0
51119,2010,3219.0,93149353.0,28938.0,,398.0
51119,2011,3199.0,93392521.0,29195.0,,391.0
51119,2012,3210.0,93156364.0,29020.0,,383.0
51119,2013,3221.0,98359519.0,30535.0,,364.0
51119,2014,3142.0,100717112.0,32058.0,,346.0
51119,2015,3210.0,104436017.0,32539.0,,365.0
51119,2016,3287.0,109705459.0,33377.0,,385.0
51119,2017,3463.0,118319868.0,34169.0,,386.0
51119,2018,3333.0,126990178.0,38100.0,,385.0
51119,2019,3342.0,118579629.0,35483.0,,389.0
51119,2020,3116.0,116642337.0,37432.0,,377.0
51119,2021,3179.0,125835509.0,39579.0,,376.0
51119,2022,3263.0,138181015.0,42347.0,,462.0
51121,2010,39117.0,1434868326.0,36681.0,,2186.0
51121,2011,39221.0,1456202567.0,37128.0,16.0,2151.0
51121,2012,39656.0,1534131776.0,38686.0,14.0,2168.0
51121,2013,40373.0,1563062290.0,38715.0,9.0,2149.0
51121,2014,40626.0,1629032459.0,40099.0,9.0,2142.0
51121,2015,41394.0,1696516433.0,40984.0,10.0,2217.0
51121,2016,41878.0,1754495673.0,41896.0,59.0,2285.0
51121,2017,42147.0,1816784960.0,43106.0,61.0,2299.0
51121,2018,42052.0,1910280711.0,45426.0,62.0,2347.0
51121,2019,42181.0,1966131994.0,46612.0,61.0,2345.0
51121,2020,40109.0,2016383450.0,50273.0,65.0,2331.0
51121,2021,41184.0,2179741655.0,52927.0,77.0,2381.0
51121,2022,42447.0,2372629181.0,55896.0,65.0,2624.0
51125,2010,3401.0,96278667.0,28312.0,,504.0
51125,2011,3463.0,100065617.0,28898.0,,502.0
51125,2012,3638.0,105868690.0,29105.0,,514.0
51125,2013,3811.0,110112190.0,28891.0,,517.0
51125,2014,3951.0,118178332.0,29908.0,,533.0
51125,2015,4279.0,149026074.0,34827.0,,556.0
51125,2016,3972.0,129655623.0,32643.0,,571.0
51125,2017,3941.0,133252403.0,33815.0,,569.0
51125,2018,4013.0,139245702.0,34702.0,,573.0
51125,2019,4024.0,143393714.0,35633.0,,555.0
51125,2020,3649.0,140274608.0,38445.0,,544.0
51125,2021,3697.0,151501925.0,40976.0,,546.0
51125,2022,3883.0,166283974.0,42825.0,,633.0
51127,2010,3755.0,123613909.0,32917.0,,430.0
51127,2011,3755.0,121621928.0,32394.0,,415.0
51127,2012,3795.0,130638249.0,34428.0,,429.0
51127,2013,3887.0,129575431.0,33337.0,,414.0
51127,2014,3933.0,137103303.0,34863.0,,411.0
51127,2015,4135.0,146919829.0,35534.0,,428.0
51127,2016,4320.0,157487158.0,36460.0,,456.0
51127,2017,4196.0,155024532.0,36945.0,,466.0
51127,2018,4372.0,163072422.0,37298.0,,491.0
51127,2019,4854.0,199404824.0,41080.0,,500.0
51127,2020,4980.0,223061782.0,44792.0,,519.0
51127,2021,5207.0,228043379.0,43798.0,,533.0
51127,2022,5356.0,250872430.0,46838.0,,594.0
51131,2010,5163.0,151199326.0,29287.0,,443.0
51131,2011,5075.0,153275548.0,30202.0,,430.0
51131,2012,5002.0,151480406.0,30284.0,,455.0
51131,2013,4913.0,149765083.0,30485.0,,476.0
51131,2014,5065.0,156424005.0,30883.0,,497.0
51131,2015,5301.0,167908313.0,31677.0,,563.0
51131,2016,5197.0,164542946.0,31659.0,,584.0
51131,2017,4833.0,150585638.0,31156.0,,583.0
51131,2018,4485.0,139433036.0,31090.0,,600.0
51131,2019,4359.0,141241026.0,32402.0,,597.0
51131,2020,4153.0,144864784.0,34884.0,,580.0
51131,2021,4269.0,163932624.0,38402.0,,592.0
51131,2022,4426.0,175966154.0,39758.0,,659.0
51133,2010,2650.0,78757937.0,29718.0,,394.0
51133,2011,2528.0,79672301.0,31515.0,,379.0
51133,2012,2516.0,79576920.0,31625.0,,373.0
51133,2013,2433.0,80540824.0,33100.0,,361.0
51133,2014,2411.0,84203108.0,34929.0,,341.0
51133,2015,2424.0,89598191.0,36967.0,,349.0
51133,2016,2491.0,94196223.0,37816.0,,363.0
51133,2017,2453.0,98657733.0,40218.0,,366.0
51133,2018,2517.0,108548443.0,43126.0,,382.0
51133,2019,2585.0,126588117.0,48970.0,,372.0
51133,2020,2505.0,127170204.0,50760.0,,370.0
51133,2021,2433.0,128785969.0,52937.0,,375.0
51133,2022,2379.0,129989560.0,54650.0,,414.0
51135,2010,5370.0,164797492.0,30688.0,,355.0
51135,2011,5317.0,166505393.0,31317.0,,359.0
51135,2012,5190.0,164413409.0,31676.0,,365.0
51135,2013,5613.0,178038399.0,31718.0,,372.0
51135,2014,5632.0,182521845.0,32411.0,,373.0
51135,2015,5838.0,194565332.0,33325.0,,401.0
51135,2016,5717.0,194642698.0,34049.0,,423.0
51135,2017,5636.0,196168243.0,34804.0,,436.0
51135,2018,5792.0,202352111.0,34936.0,,445.0
51135,2019,5781.0,214744551.0,37144.0,,446.0
51135,2020,5473.0,215178859.0,39319.0,,433.0
51135,2021,5487.0,243214784.0,44326.0,,444.0
51135,2022,5471.0,269191886.0,49201.0,10.0,509.0
51137,2010,8797.0,296618244.0,33717.0,,842.0
51137,2011,8207.0,267064705.0,32541.0,,832.0
51137,2012,8508.0,287276621.0,33764.0,,856.0
51137,2013,9028.0,310695126.0,34415.0,,874.0
51137,2014,9065.0,315901834.0,34850.0,,858.0
51137,2015,9179.0,322865848.0,35174.0,,865.0
51137,2016,9735.0,347909489.0,35736.0,,899.0
51137,2017,9765.0,356128404.0,36470.0,,914.0
51137,2018,9813.0,364683675.0,37162.0,,944.0
51137,2019,9990.0,387933221.0,38834.0,,938.0
51137,2020,9403.0,393690900.0,41868.0,,930.0
51137,2021,9616.0,426734188.0,44380.0,,967.0
51137,2022,9546.0,438720619.0,45959.0,14.0,1056.0
51139,2010,5491.0,151322101.0,27561.0,,502.0
51139,2011,5574.0,151711692.0,27220.0,,509.0
51139,2012,5360.0,147685504.0,27553.0,,513.0
51139,2013,5272.0,145667401.0,27633.0,,519.0
51139,2014,5328.0,151243805.0,28388.0,,527.0
51139,2015,5412.0,159461594.0,29463.0,,554.0
51139,2016,5531.0,168476046.0,30460.0,,584.0
51139,2017,5515.0,173663380.0,31490.0,,579.0
51139,2018,5561.0,182491679.0,32814.0,,609.0
51139,2019,5498.0,185861911.0,33803.0,,589.0
51139,2020,5187.0,188401515.0,36325.0,,580.0
51139,2021,5373.0,205903642.0,38323.0,,593.0
51139,2022,5422.0,215778788.0,39801.0,,638.0
51141,2010,5033.0,124065295.0,24650.0,,391.0
51141,2011,4949.0,124985171.0,25255.0,,393.0
51141,2012,5020.0,129383034.0,25775.0,,410.0
51141,2013,4849.0,128850921.0,26571.0,,410.0
51141,2014,4896.0,133445567.0,27255.0,,412.0
51141,2015,4991.0,135494354.0,27150.0,,456.0
51141,2016,5432.0,144765251.0,26649.0,,496.0
51141,2017,4832.0,138903203.0,28746.0,,518.0
51141,2018,4583.0,134518578.0,29351.0,,554.0
51141,2019,4427.0,132784019.0,29995.0,,551.0
51141,2020,4093.0,129567120.0,31654.0,,530.0
51141,2021,4150.0,141608743.0,34123.0,,530.0
51141,2022,4141.0,153536270.0,37075.0,7.0,561.0
51143,2010,11193.0,327315874.0,29244.0,27.0,1054.0
51143,2011,11632.0,338937764.0,29137.0,26.0,1112.0
51143,2012,11818.0,349906174.0,29608.0,26.0,1202.0
51143,2013,11875.0,356496276.0,30022.0,28.0,1229.0
51143,2014,11908.0,368099451.0,30913.0,28.0,1248.0
51143,2015,12422.0,394508528.0,31759.0,26.0,1290.0
51143,2016,12136.0,397637769.0,32765.0,27.0,1322.0
51143,2017,12100.0,418150632.0,34557.0,27.0,1348.0
51143,2018,12419.0,446147153.0,35925.0,28.0,1423.0
51143,2019,12089.0,449277660.0,37165.0,28.0,1403.0
51143,2020,11669.0,453996719.0,38908.0,28.0,1377.0
51143,2021,12159.0,502558213.0,41332.0,28.0,1410.0
51143,2022,12456.0,543158066.0,43606.0,30.0,1535.0
51145,2010,6230.0,226761751.0,36401.0,,724.0
51145,2011,6562.0,246279576.0,37532.0,,715.0
51145,2012,7124.0,287815431.0,40401.0,,735.0
51145,2013,7537.0,308199769.0,40889.0,,736.0
51145,2014,7954.0,347706239.0,43716.0,,739.0
51145,2015,6805.0,259135647.0,38081.0,,763.0
51145,2016,6987.0,273357757.0,39125.0,,800.0
51145,2017,6905.0,270736057.0,39211.0,,814.0
51145,2018,7029.0,276934504.0,39401.0,,814.0
51145,2019,7389.0,304120091.0,41156.0,,817.0
51145,2020,7311.0,322282855.0,44085.0,,820.0
51145,2021,7498.0,344614635.0,45962.0,,856.0
51145,2022,7652.0,374541249.0,48947.0,,918.0
51147,2010,8761.0,267253579.0,30506.0,,587.0
51147,2011,8832.0,265176290.0,30025.0,,585.0
51147,2012,8815.0,274552843.0,31147.0,,605.0
51147,2013,8538.0,276249213.0,32355.0,,593.0
51147,2014,8426.0,278046302.0,32999.0,,601.0
51147,2015,8744.0,294052242.0,33627.0,,624.0
51147,2016,8971.0,307643414.0,34293.0,,659.0
51147,2017,9162.0,322730469.0,35226.0,,693.0
51147,2018,9419.0,334865098.0,35552.0,,707.0
51147,2019,9371.0,346848768.0,37013.0,,726.0
51147,2020,8633.0,344500596.0,39904.0,,727.0
51147,2021,8756.0,369414755.0,42191.0,,734.0
51147,2022,8625.0,381626798.0,44248.0,,780.0
51149,2010,13097.0,611569725.0,46695.0,4.0,551.0
51149,2011,13827.0,673633371.0,48720.0,4.0,564.0
51149,2012,14022.0,689040195.0,49141.0,4.0,578.0
51149,2013,14096.0,683106968.0,48460.0,6.0,558.0
51149,2014,14839.0,726070781.0,48929.0,6.0,569.0
51149,2015,15005.0,741691173.0,49430.0,6.0,587.0
51149,2016,14930.0,753422427.0,50465.0,5.0,613.0
51149,2017,14901.0,775812554.0,52063.0,3.0,616.0
51149,2018,14970.0,781912376.0,52233.0,4.0,622.0
51149,2019,15034.0,814445355.0,54172.0,4.0,644.0
51149,2020,14434.0,824501369.0,57122.0,3.0,641.0
51149,2021,14405.0,838008089.0,58175.0,2.0,666.0
51149,2022,14554.0,873011688.0,59984.0,2.0,712.0
51153,2010,103877.0,4376941243.0,42136.0,105.0,7421.0
51153,2011,108137.0,4608639181.0,42619.0,111.0,7687.0
51153,2012,112954.0,4895054696.0,43337.0,314.0,7958.0
51153,2013,116645.0,5076965371.0,43525.0,348.0,8037.0
51153,2014,119463.0,5258641094.0,44019.0,374.0,8254.0
51153,2015,122607.0,5513115781.0,44966.0,401.0,8870.0
51153,2016,126283.0,5817089922.0,46064.0,252.0,9212.0
51153,2017,127892.0,6025108855.0,47111.0,354.0,9293.0
51153,2018,130335.0,6412562101.0,49200.0,355.0,9452.0
51153,2019,133237.0,6694356316.0,50244.0,224.0,9535.0
51153,2020,125254.0,6910642636.0,55173.0,365.0,9615.0
51153,2021,130075.0,7357975758.0,56567.0,416.0,9968.0
51153,2022,133867.0,7877569847.0,58846.0,606.0,10862.0
51155,2010,11250.0,365904422.0,32524.0,,748.0
51155,2011,12255.0,424915804.0,34674.0,,738.0
51155,2012,12886.0,443152110.0,34392.0,,747.0
51155,2013,13122.0,470847220.0,35882.0,,749.0
51155,2014,13642.0,515547646.0,37792.0,,748.0
51155,2015,14342.0,535012020.0,37305.0,,749.0
51155,2016,13548.0,494881913.0,36529.0,,770.0
51155,2017,13350.0,511200289.0,38292.0,,801.0
51155,2018,14193.0,573287592.0,40391.0,,845.0
51155,2019,14671.0,607722166.0,41424.0,,849.0
51155,2020,13052.0,540574342.0,41417.0,,818.0
51155,2021,13772.0,621111408.0,45100.0,,836.0
51155,2022,14912.0,731820818.0,49077.0,12.0,904.0
51157,2010,1342.0,54744092.0,40798.0,,244.0
51157,2011,1350.0,57641144.0,42692.0,,253.0
51157,2012,1420.0,63150863.0,44488.0,,266.0
51157,2013,1395.0,62918155.0,45111.0,,262.0
51157,2014,1397.0,66341545.0,47500.0,,260.0
51157,2015,1440.0,77157076.0,53597.0,,272.0
51157,2016,1524.0,78872265.0,51765.0,,284.0
51157,2017,1535.0,83070647.0,54124.0,,279.0
51157,2018,1399.0,53238838.0,38053.0,,279.0
51157,2019,1421.0,55322188.0,38930.0,,275.0
51157,2020,1369.0,55522031.0,40559.0,,270.0
51157,2021,1493.0,63657904.0,42638.0,,276.0
51157,2022,1596.0,70563377.0,44208.0,4.0,319.0
51159,2010,3350.0,98163760.0,29306.0,,250.0
51159,2011,3300.0,98099497.0,29725.0,,241.0
51159,2012,2617.0,91755242.0,35063.0,,225.0
51159,2013,2599.0,92240928.0,35494.0,,207.0
51159,2014,2751.0,96643150.0,35125.0,,204.0
51159,2015,2795.0,101258974.0,36225.0,,221.0
51159,2016,2861.0,105543212.0,36891.0,,225.0
51159,2017,2854.0,106319411.0,37250.0,,223.0
51159,2018,2896.0,110680518.0,38215.0,,222.0
51159,2019,2895.0,112922737.0,39002.0,,224.0
51159,2020,2841.0,116415793.0,40978.0,,233.0
51159,2021,2746.0,117870502.0,42924.0,,252.0
51159,2022,2753.0,125113417.0,45453.0,,280.0
51161,2010,34284.0,1204381212.0,35130.0,,2224.0
51161,2011,34328.0,1227908185.0,35770.0,,2254.0
51161,2012,34584.0,1267131364.0,36640.0,,2274.0
51161,2013,34515.0,1288701273.0,37338.0,,2294.0
51161,2014,35269.0,1335263751.0,37859.0,,2308.0
51161,2015,37406.0,1470328757.0,39307.0,,2425.0
51161,2016,38238.0,1532346522.0,40074.0,,2482.0
51161,2017,38182.0,1564442910.0,40973.0,,2516.0
51161,2018,38460.0,1621701978.0,42166.0,,2551.0
51161,2019,39219.0,1709030363.0,43576.0,,2521.0
51161,2020,37230.0,1744742616.0,46865.0,,2496.0
51161,2021,37551.0,1860055805.0,49534.0,,2596.0
51161,2022,38227.0,1964613739.0,51394.0,72.0,2776.0
51163,2010,6086.0,170160672.0,27961.0,,471.0
51163,2011,5987.0,171686148.0,28676.0,,464.0
51163,2012,5890.0,167929381.0,28509.0,,463.0
51163,2013,5559.0,158048177.0,28431.0,,449.0
51163,2014,5387.0,163504688.0,30351.0,,447.0
51163,2015,5613.0,174760300.0,31134.0,,452.0
51163,2016,5740.0,176660709.0,30778.0,,473.0
51163,2017,6095.0,190259201.0,31214.0,,485.0
51163,2018,6202.0,199659963.0,32192.0,,509.0
51163,2019,6366.0,211772683.0,33269.0,,505.0
51163,2020,5844.0,206582057.0,35347.0,,517.0
51163,2021,5937.0,221476587.0,37307.0,,533.0
51163,2022,5980.0,240534377.0,40222.0,,610.0
51165,2010,27650.0,971612266.0,35140.0,,1553.0
51165,2011,27917.0,1008426938.0,36122.0,,1582.0
51165,2012,28229.0,1057812583.0,37472.0,,1582.0
51165,2013,30027.0,1177191048.0,39204.0,,1570.0
51165,2014,30100.0,1215444912.0,40380.0,,1578.0
51165,2015,30502.0,1266790998.0,41532.0,,1654.0
51165,2016,31921.0,1337412362.0,41898.0,,1720.0
51165,2017,32472.0,1358287929.0,41830.0,,1764.0
51165,2018,33018.0,1424374335.0,43140.0,,1851.0
51165,2019,33839.0,1511197010.0,44658.0,,1860.0
51165,2020,32791.0,1565518296.0,47742.0,11.0,1852.0
51165,2021,33793.0,1695383348.0,50170.0,11.0,1930.0
51165,2022,33229.0,1760500641.0,52980.0,1.0,2098.0
51167,2010,7000.0,232170864.0,33166.0,,594.0
51167,2011,6798.0,227659114.0,33491.0,,593.0
51167,2012,6760.0,231105776.0,34186.0,,612.0
51167,2013,6702.0,235653313.0,35163.0,,609.0
51167,2014,6494.0,232928107.0,35867.0,,603.0
51167,2015,7023.0,264780000.0,37700.0,,631.0
51167,2016,6992.0,267470970.0,38253.0,,639.0
51167,2017,6876.0,271667494.0,39507.0,,623.0
51167,2018,6748.0,269869327.0,39991.0,,632.0
51167,2019,6743.0,276727215.0,41038.0,,618.0
51167,2020,6458.0,271124847.0,41982.0,,578.0
51167,2021,6309.0,270944426.0,42943.0,,580.0
51167,2022,6430.0,289843358.0,45074.0,11.0,622.0
51169,2010,4848.0,142831303.0,29462.0,,422.0
51169,2011,4838.0,144950516.0,29962.0,,418.0
51169,2012,4746.0,142195663.0,29960.0,,429.0
51169,2013,4594.0,136939950.0,29807.0,,420.0
51169,2014,4655.0,143583498.0,30847.0,,422.0
51169,2015,4785.0,149014052.0,31142.0,,434.0
51169,2016,4627.0,144688276.0,31273.0,,447.0
51169,2017,4605.0,151333445.0,32865.0,,432.0
51169,2018,4866.0,158910182.0,32654.0,,453.0
51169,2019,5052.0,169421906.0,33536.0,,440.0
51169,2020,4657.0,167954169.0,36067.0,,422.0
51169,2021,4634.0,179212694.0,38674.0,,419.0
51169,2022,4760.0,192345644.0,40409.0,8.0,436.0
51171,2010,13191.0,396628947.0,30069.0,,1069.0
51171,2011,13368.0,407589948.0,30490.0,,1042.0
51171,2012,13189.0,416637192.0,31591.0,,1062.0
51171,2013,13208.0,420464968.0,31834.0,,1063.0
51171,2014,13720.0,441351360.0,32169.0,,1060.0
51171,2015,13861.0,465053537.0,33550.0,,1112.0
51171,2016,13754.0,479307952.0,34848.0,,1187.0
51171,2017,13781.0,501294198.0,36375.0,,1207.0
51171,2018,14265.0,535940654.0,37569.0,,1226.0
51171,2019,14182.0,550064809.0,38787.0,,1191.0
51171,2020,13446.0,556510776.0,41388.0,,1147.0
51171,2021,13272.0,582325901.0,43877.0,,1172.0
51171,2022,13418.0,612542290.0,45649.0,,1259.0
51173,2010,11513.0,361366869.0,31387.0,,791.0
51173,2011,11627.0,369600455.0,31788.0,,809.0
51173,2012,11606.0,372619247.0,32106.0,,832.0
51173,2013,11631.0,386289129.0,33213.0,,821.0
51173,2014,11849.0,408080093.0,34441.0,,818.0
51173,2015,12351.0,422490205.0,34207.0,,845.0
51173,2016,12793.0,434271007.0,33946.0,,887.0
51173,2017,12197.0,417196217.0,34205.0,,895.0
51173,2018,12169.0,421782200.0,34661.0,,937.0
51173,2019,12137.0,437869295.0,36076.0,,911.0
51173,2020,11359.0,433713967.0,38184.0,,879.0
51173,2021,11803.0,471941101.0,39986.0,,887.0
51173,2022,11690.0,506770941.0,43349.0,21.0,948.0
51175,2010,3762.0,115703112.0,30757.0,,295.0
51175,2011,3604.0,111875188.0,31044.0,,285.0
51175,2012,3760.0,124657409.0,33154.0,,288.0
51175,2013,3570.0,115396508.0,32325.0,,293.0
51175,2014,3566.0,116277838.0,32604.0,,300.0
51175,2015,3752.0,122593744.0,32673.0,,319.0
51175,2016,3709.0,125658477.0,33883.0,,339.0
51175,2017,3652.0,129626430.0,35494.0,,342.0
51175,2018,3623.0,130816040.0,36110.0,,357.0
51175,2019,3659.0,135196778.0,36948.0,,348.0
51175,2020,3509.0,139575465.0,39775.0,,341.0
51175,2021,3457.0,147341063.0,42626.0,,355.0
51175,2022,3691.0,177648058.0,48134.0,49.0,373.0
51177,2010,30072.0,1017011116.0,33819.0,,2440.0
51177,2011,30093.0,1066424690.0,35438.0,44.0,2462.0
51177,2012,31017.0,1125761087.0,36295.0,17.0,2579.0
51177,2013,31940.0,1191020208.0,37289.0,43.0,2646.0
51177,2014,32965.0,1233279517.0,37411.0,40.0,2683.0
51177,2015,34341.0,1310511046.0,38162.0,,2863.0
51177,2016,35000.0,1322795028.0,37794.0,24.0,2977.0
51177,2017,35773.0,1387516660.0,38787.0,48.0,3018.0
51177,2018,36447.0,1450945067.0,39810.0,36.0,3166.0
51177,2019,35999.0,1485309291.0,41260.0,45.0,3164.0
51177,2020,34385.0,1601957397.0,46589.0,163.0,3164.0
51177,2021,35656.0,1720616132.0,48257.0,148.0,3279.0
51177,2022,36509.0,1823219639.0,49939.0,101.0,3579.0
51179,2010,35603.0,1556708362.0,43725.0,67.0,2299.0
51179,2011,37297.0,1698107860.0,45529.0,66.0,2305.0
51179,2012,38080.0,1775827990.0,46634.0,62.0,2360.0
51179,2013,39452.0,1842396570.0,46699.0,37.0,2378.0
51179,2014,40375.0,1935792284.0,47945.0,31.0,2416.0
51179,2015,41423.0,2004707155.0,48396.0,35.0,2555.0
51179,2016,42575.0,2082855678.0,48922.0,43.0,2667.0
51179,2017,43007.0,2180880515.0,50710.0,29.0,2712.0
51179,2018,44077.0,2288184809.0,51913.0,15.0,2794.0
51179,2019,45252.0,2431398731.0,53730.0,7.0,2841.0
51179,2020,44339.0,2593585945.0,58495.0,7.0,2879.0
51179,2021,45799.0,2786113676.0,60834.0,47.0,3056.0
51179,2022,46727.0,2950225200.0,63138.0,93.0,3371.0
51181,2010,2255.0,163990824.0,72731.0,,106.0
51181,2011,2343.0,168085637.0,71747.0,,102.0
51181,2012,2233.0,163693657.0,73309.0,,102.0
51181,2013,2117.0,146519016.0,69200.0,,99.0
51181,2014,2227.0,161724147.0,72620.0,,94.0
51181,2015,2498.0,197843137.0,79203.0,,95.0
51181,2016,2326.0,168493960.0,72437.0,,99.0
51181,2017,2385.0,177773368.0,74528.0,,107.0
51181,2018,2445.0,199360541.0,81552.0,,120.0
51181,2019,2154.0,173787957.0,80675.0,,125.0
51181,2020,2060.0,168701750.0,81901.0,,129.0
51181,2021,2022.0,178584763.0,88314.0,,136.0
51181,2022,2099.0,183928747.0,87637.0,,150.0
51183,2010,3508.0,112244283.0,31996.0,,236.0
51183,2011,3512.0,112598117.0,32057.0,,238.0
51183,2012,3479.0,117366534.0,33732.0,,244.0
51183,2013,3609.0,128196828.0,35521.0,,234.0
51183,2014,3692.0,132806279.0,35971.0,,231.0
51183,2015,3814.0,137547864.0,36060.0,,251.0
51183,2016,3762.0,135907269.0,36129.0,,267.0
51183,2017,3618.0,136792429.0,37810.0,,275.0
51183,2018,3581.0,137647990.0,38442.0,,281.0
51183,2019,3632.0,145770727.0,40140.0,,282.0
51183,2020,3509.0,155017483.0,44182.0,,271.0
51183,2021,3139.0,149221896.0,47536.0,,262.0
51183,2022,3188.0,159961797.0,50172.0,,339.0
51185,2010,16699.0,519618207.0,31117.0,,1251.0
51185,2011,16533.0,534870942.0,32352.0,,1235.0
51185,2012,16300.0,525806737.0,32257.0,,1223.0
51185,2013,15886.0,514424801.0,32383.0,,1191.0
51185,2014,15565.0,505271628.0,32463.0,,1154.0
51185,2015,15355.0,497901702.0,32427.0,3.0,1156.0
51185,2016,14685.0,473212097.0,32223.0,3.0,1147.0
51185,2017,14819.0,513734466.0,34668.0,,1126.0
51185,2018,14745.0,538948457.0,36550.0,,1125.0
51185,2019,14445.0,518746427.0,35912.0,,1098.0
51185,2020,13671.0,494430925.0,36166.0,,1044.0
51185,2021,13576.0,518435173.0,38189.0,,1030.0
51185,2022,13861.0,574785798.0,41468.0,22.0,1081.0
51187,2010,11494.0,380141056.0,33073.0,,955.0
51187,2011,11582.0,383427658.0,33105.0,30.0,972.0
51187,2012,11750.0,408090323.0,34730.0,30.0,1011.0
51187,2013,12060.0,469112821.0,38899.0,34.0,1009.0
51187,2014,12362.0,474893540.0,38415.0,36.0,1011.0
51187,2015,12027.0,446621795.0,37136.0,40.0,1040.0
51187,2016,12076.0,450707081.0,37322.0,39.0,1080.0
51187,2017,12284.0,468950544.0,38175.0,39.0,1082.0
51187,2018,12704.0,502818312.0,39580.0,36.0,1106.0
51187,2019,12711.0,518689663.0,40806.0,36.0,1094.0
51187,2020,12394.0,537987490.0,43408.0,36.0,1077.0
51187,2021,13156.0,601444658.0,45718.0,35.0,1113.0
51187,2022,13360.0,645395299.0,48307.0,,1222.0
51191,2010,19417.0,702602851.0,36184.0,,1509.0
51191,2011,19821.0,728780091.0,36768.0,,1483.0
51191,2012,20063.0,751133701.0,37439.0,,1529.0
51191,2013,20559.0,744448390.0,36211.0,,1545.0
51191,2014,20390.0,740351534.0,36310.0,7.0,1518.0
51191,2015,20431.0,734836321.0,35966.0,8.0,1538.0
51191,2016,20645.0,730955147.0,35405.0,7.0,1565.0
51191,2017,20706.0,746353827.0,36045.0,6.0,1565.0
51191,2018,20684.0,754774559.0,36491.0,7.0,1579.0
51191,2019,20106.0,748490412.0,37228.0,,1520.0
51191,2020,18250.0,718774996.0,39386.0,,1485.0
51191,2021,18722.0,771899748.0,41230.0,,1496.0
51191,2022,19457.0,861816101.0,44293.0,28.0,1626.0
51193,2010,3507.0,95497832.0,27233.0,16.0,369.0
51193,2011,3574.0,97319414.0,27230.0,17.0,373.0
51193,2012,3415.0,95295525.0,27909.0,16.0,378.0
51193,2013,3342.0,96065349.0,28749.0,16.0,372.0
51193,2014,3277.0,96071396.0,29317.0,17.0,363.0
51193,2015,3377.0,98239614.0,29091.0,18.0,367.0
51193,2016,3424.0,102924452.0,30060.0,17.0,389.0
51193,2017,3477.0,104974436.0,30189.0,19.0,397.0
51193,2018,3435.0,108622717.0,31624.0,17.0,403.0
51193,2019,3424.0,109238217.0,31903.0,16.0,412.0
51193,2020,3210.0,113815594.0,35454.0,14.0,420.0
51193,2021,3280.0,122353981.0,37298.0,12.0,432.0
51193,2022,3248.0,130558572.0,40199.0,13.0,481.0
51195,2010,15444.0,620386815.0,40170.0,38.0,1054.0
51195,2011,15893.0,625978631.0,39387.0,39.0,1039.0
51195,2012,14288.0,519248951.0,36341.0,38.0,1042.0
51195,2013,13117.0,443883344.0,33840.0,37.0,1010.0
51195,2014,12449.0,425650078.0,34193.0,34.0,976.0
51195,2015,12246.0,415609450.0,33938.0,33.0,975.0
51195,2016,11471.0,386077214.0,33658.0,,973.0
51195,2017,11621.0,397414785.0,34198.0,,943.0
51195,2018,11559.0,399400029.0,34554.0,,949.0
51195,2019,11677.0,405428601.0,34719.0,,919.0
51195,2020,11026.0,408400546.0,37040.0,32.0,872.0
51195,2021,10993.0,444456119.0,40430.0,31.0,844.0
51195,2022,11153.0,479985618.0,43037.0,29.0,885.0
51197,2010,11334.0,327875398.0,28930.0,,874.0
51197,2011,11556.0,338927137.0,29330.0,,889.0
51197,2012,11539.0,347960305.0,30156.0,,903.0
51197,2013,11402.0,347960839.0,30517.0,,874.0
51197,2014,11419.0,357653186.0,31321.0,,858.0
51197,2015,11588.0,373106490.0,32197.0,,863.0
51197,2016,11697.0,382172432.0,32673.0,,890.0
51197,2017,11608.0,391977612.0,33769.0,,896.0
51197,2018,11443.0,394817586.0,34504.0,,917.0
51197,2019,11275.0,402510129.0,35701.0,,905.0
51197,2020,10799.0,413649123.0,38303.0,,880.0
51197,2021,11076.0,446103759.0,40276.0,,904.0
51197,2022,11504.0,499091310.0,43384.0,1.0,966.0
51199,2010,20971.0,706279952.0,33680.0,,1526.0
51199,2011,21319.0,710564623.0,33330.0,,1532.0
51199,2012,20804.0,701345309.0,33712.0,,1534.0
51199,2013,21106.0,720350574.0,34130.0,,1520.0
51199,2014,20874.0,753348718.0,36091.0,,1494.0
51199,2015,21759.0,839294731.0,38572.0,,1527.0
51199,2016,21738.0,814811259.0,37483.0,32.0,1587.0
51199,2017,21599.0,818980205.0,37917.0,33.0,1580.0
51199,2018,21700.0,845140049.0,38947.0,31.0,1598.0
51199,2019,21481.0,873233785.0,40652.0,26.0,1604.0
51199,2020,19458.0,823201119.0,42306.0,26.0,1615.0
51199,2021,20083.0,883602991.0,43997.0,23.0,1656.0
51199,2022,21386.0,1014214050.0,47425.0,81.0,1766.0
51510,2010,95948.0,6418516100.0,66896.0,664.0,6105.0
51510,2011,94568.0,6372960094.0,67390.0,652.0,6138.0
51510,2012,95584.0,6595349655.0,69001.0,603.0,6241.0
51510,2013,95203.0,6612940934.0,69462.0,554.0,6226.0
51510,2014,94946.0,6790914597.0,71524.0,754.0,6183.0
51510,2015,96328.0,6979141482.0,72452.0,816.0,6553.0
51510,2016,94885.0,7020455007.0,73989.0,817.0,6552.0
51510,2017,93774.0,7093303873.0,75642.0,819.0,6385.0
51510,2018,91915.0,7173714190.0,78047.0,761.0,6302.0
51510,2019,90924.0,7212908600.0,79329.0,754.0,6207.0
51510,2020,83919.0,7075437449.0,84313.0,777.0,6203.0
51510,2021,84081.0,7296189761.0,86776.0,784.0,6376.0
51510,2022,84602.0,7518219428.0,88866.0,381.0,6891.0
51515,2010,3284.0,108804525.0,33131.0,,307.0
51515,2011,3245.0,108561627.0,33457.0,,300.0
51515,2012,3125.0,104922439.0,33575.0,,295.0
51515,2013,3047.0,104562248.0,34316.0,,287.0
51520,2010,12083.0,368550806.0,30501.0,,676.0
51520,2011,11824.0,359450763.0,30400.0,,670.0
51520,2012,11970.0,386414791.0,32281.0,,721.0
51520,2013,10345.0,337142075.0,32591.0,,676.0
51520,2014,10032.0,335201098.0,33412.0,,661.0
51520,2015,9776.0,359355086.0,36758.0,,654.0
51520,2016,9498.0,349650052.0,36812.0,,664.0
51520,2017,9085.0,320744637.0,35307.0,,631.0
51520,2018,9082.0,323075127.0,35574.0,,626.0
51520,2019,9034.0,322657067.0,35717.0,,608.0
51520,2020,9018.0,343000864.0,38035.0,,604.0
51520,2021,9108.0,364613415.0,40033.0,,606.0
51520,2022,9602.0,401406440.0,41804.0,29.0,664.0
51530,2010,2122.0,60815409.0,28656.0,,132.0
51530,2011,2169.0,62080929.0,28620.0,,129.0
51530,2012,2217.0,66042644.0,29784.0,,127.0
51530,2013,2537.0,79536180.0,31353.0,,124.0
51530,2014,2582.0,87424381.0,33866.0,,117.0
51530,2015,2598.0,86489603.0,33288.0,,123.0
51530,2016,2475.0,84571539.0,34166.0,,134.0
51530,2017,2491.0,87399775.0,35089.0,,132.0
51530,2018,2533.0,84564556.0,33382.0,,136.0
51530,2019,2672.0,92247932.0,34529.0,,141.0
51530,2020,2284.0,79288759.0,34716.0,,136.0
51530,2021,1935.0,77032291.0,39813.0,,141.0
51530,2022,2200.0,92063979.0,41846.0,,149.0
51540,2010,34673.0,1476716186.0,42590.0,36.0,2218.0
51540,2011,34508.0,1533570614.0,44441.0,42.0,2275.0
51540,2012,35477.0,1579143349.0,44512.0,39.0,2308.0
51540,2013,35966.0,1676842949.0,46624.0,46.0,2308.0
51540,2014,37352.0,1822641156.0,48797.0,40.0,2299.0
51540,2015,39237.0,2014956463.0,51353.0,39.0,2453.0
51540,2016,39564.0,2034241743.0,51416.0,56.0,2512.0
51540,2017,39470.0,2147090115.0,54397.0,55.0,2483.0
51540,2018,40556.0,2287819285.0,56411.0,93.0,2550.0
51540,2019,41324.0,2271655413.0,54971.0,105.0,2507.0
51540,2020,36537.0,2264933240.0,61990.0,175.0,2469.0
51540,2021,37624.0,2523918173.0,67083.0,154.0,2511.0
51540,2022,41653.0,2763642546.0,66350.0,122.0,2692.0
51550,2010,94844.0,3542660696.0,37352.0,628.0,5654.0
51550,2011,94677.0,3601722237.0,38042.0,39.0,5618.0
51550,2012,95303.0,3704290165.0,38869.0,,5704.0
51550,2013,95580.0,3736110745.0,39089.0,,5646.0
51550,2014,95718.0,3792520607.0,39622.0,,5643.0
51550,2015,97422.0,3969968171.0,40750.0,61.0,5879.0
51550,2016,98448.0,4051187547.0,41151.0,61.0,6018.0
51550,2017,99486.0,4249431953.0,42714.0,69.0,6049.0
51550,2018,101245.0,4433253424.0,43787.0,61.0,6190.0
51550,2019,102535.0,4628247220.0,45138.0,266.0,6216.0
51550,2020,99334.0,4823027682.0,48553.0,632.0,6276.0
51550,2021,100419.0,5145584049.0,51241.0,574.0,6469.0
51550,2022,103011.0,5533260797.0,53715.0,536.0,6950.0
51570,2010,10021.0,267395003.0,26683.0,,719.0
51570,2011,10647.0,295887250.0,27790.0,,722.0
51570,2012,11018.0,318246480.0,28885.0,,719.0
51570,2013,10402.0,296008760.0,28458.0,,711.0
51570,2014,10673.0,302589157.0,28351.0,,719.0
51570,2015,10998.0,325736230.0,29618.0,,732.0
51570,2016,10905.0,335575243.0,30773.0,,748.0
51570,2017,10689.0,340869497.0,31891.0,,747.0
51570,2018,10733.0,339190361.0,31603.0,,744.0
51570,2019,10558.0,344665337.0,32646.0,,745.0
51570,2020,9545.0,339086311.0,35524.0,,731.0
51570,2021,9906.0,370484481.0,37400.0,,746.0
51570,2022,9615.0,377081552.0,39218.0,16.0,795.0
51580,2010,3716.0,161803151.0,43542.0,,267.0
51580,2011,3765.0,170149121.0,45197.0,,267.0
51580,2012,3819.0,173295146.0,45372.0,,268.0
51580,2013,3836.0,176124893.0,45917.0,,254.0
51580,2014,3908.0,179911307.0,46041.0,,250.0
51580,2015,4056.0,197828742.0,48777.0,,257.0
51580,2016,4063.0,199135628.0,49011.0,,263.0
51580,2017,4076.0,202370589.0,49645.0,,267.0
51580,2018,3992.0,213870294.0,53579.0,,277.0
51580,2019,3975.0,209719507.0,52755.0,,275.0
51580,2020,3712.0,198362831.0,53436.0,,269.0
51580,2021,3707.0,201131220.0,54262.0,,275.0
51580,2022,3673.0,214172146.0,58306.0,,286.0
51590,2010,25876.0,850048886.0,32851.0,,1443.0
51590,2011,26562.0,871348619.0,32804.0,,1444.0
51590,2012,26418.0,878961602.0,33271.0,,1508.0
51590,2013,26295.0,872010183.0,33163.0,,1542.0
51590,2014,26324.0,879816523.0,33422.0,,1555.0
51590,2015,26268.0,908131401.0,34571.0,,1642.0
51590,2016,26956.0,948866563.0,35200.0,,1729.0
51590,2017,26760.0,949858845.0,35496.0,,1765.0
51590,2018,26267.0,981543096.0,37369.0,,1832.0
51590,2019,25314.0,969666419.0,38306.0,,1830.0
51590,2020,23887.0,960142949.0,40196.0,,1815.0
51590,2021,23784.0,1013743764.0,42623.0,,1868.0
51590,2022,23962.0,1090012185.0,45490.0,,2011.0
51595,2010,3816.0,101727018.0,26662.0,,263.0
51595,2011,3821.0,102152260.0,26737.0,,254.0
51595,2012,3706.0,98884987.0,26681.0,,250.0
51595,2013,3425.0,93986556.0,27438.0,,244.0
51595,2014,3432.0,95167658.0,27733.0,,244.0
51595,2015,3282.0,95664612.0,29149.0,,255.0
51595,2016,3274.0,99092521.0,30268.0,,266.0
51595,2017,3422.0,110579979.0,32318.0,,260.0
51595,2018,3417.0,103358834.0,30251.0,,270.0
51595,2019,3305.0,103148963.0,31211.0,,279.0
51595,2020,3037.0,103862853.0,34203.0,,287.0
51595,2021,3299.0,113317919.0,34353.0,,287.0
51595,2022,3382.0,125302885.0,37053.0,,299.0
51600,2010,19877.0,1139225280.0,57313.0,85.0,1641.0
51600,2011,19509.0,1108704547.0,56831.0,63.0,1656.0
51600,2012,19731.0,1117849855.0,56656.0,63.0,1644.0
51600,2013,19490.0,1033533805.0,53030.0,39.0,1619.0
51600,2014,19664.0,1054128601.0,53606.0,23.0,1620.0
51600,2015,19567.0,1050249763.0,53675.0,45.0,1725.0
51600,2016,19227.0,1045032006.0,54351.0,45.0,1756.0
51600,2017,19200.0,1040390278.0,54188.0,38.0,1721.0
51600,2018,19714.0,1098251804.0,55708.0,37.0,1710.0
51600,2019,19665.0,1130637590.0,57494.0,41.0,1690.0
51600,2020,18024.0,1135225149.0,62983.0,,1685.0
51600,2021,18862.0,1220483620.0,64707.0,,1740.0
51600,2022,21750.0,1470039084.0,67588.0,11.0,1897.0
51610,2010,12395.0,789394327.0,63687.0,24.0,973.0
51610,2011,11713.0,738358955.0,63040.0,56.0,992.0
51610,2012,11200.0,686994144.0,61340.0,13.0,996.0
51610,2013,10125.0,614615983.0,60706.0,13.0,973.0
51610,2014,11032.0,695874350.0,63077.0,15.0,995.0
51610,2015,11545.0,724965930.0,62796.0,16.0,1039.0
51610,2016,11701.0,770641985.0,65860.0,16.0,1038.0
51610,2017,12102.0,844218315.0,69758.0,8.0,1041.0
51610,2018,12447.0,869627439.0,69868.0,15.0,1047.0
51610,2019,12249.0,879900727.0,71835.0,17.0,1014.0
51610,2020,10899.0,846908717.0,77705.0,22.0,999.0
51610,2021,11443.0,904346586.0,79030.0,38.0,1036.0
51610,2022,11553.0,885180116.0,76621.0,81.0,1099.0
51620,2010,4033.0,115917542.0,28743.0,,311.0
51620,2011,4097.0,120975243.0,29525.0,,303.0
51620,2012,4353.0,133307483.0,30622.0,,314.0
51620,2013,4385.0,135169183.0,30828.0,,327.0
51620,2014,4291.0,133916200.0,31207.0,,332.0
51620,2015,4519.0,140677021.0,31129.0,,348.0
51620,2016,4412.0,132404561.0,30010.0,,354.0
51620,2017,4245.0,128678816.0,30315.0,,344.0
51620,2018,4356.0,132692819.0,30463.0,,353.0
51620,2019,4277.0,131905435.0,30839.0,,341.0
51620,2020,4200.0,136778247.0,32570.0,,348.0
51620,2021,3966.0,134837000.0,34000.0,,338.0
51620,2022,3910.0,140715321.0,35989.0,,352.0
51630,2010,25137.0,972090255.0,38671.0,69.0,1678.0
51630,2011,25002.0,970516404.0,38818.0,70.0,1670.0
51630,2012,25024.0,997613209.0,39866.0,,1652.0
51630,2013,24398.0,970016568.0,39759.0,,1624.0
51630,2014,23701.0,964327151.0,40687.0,,1611.0
51630,2015,23520.0,988679282.0,42035.0,,1664.0
51630,2016,23947.0,1011589839.0,42243.0,,1691.0
51630,2017,24901.0,1085467373.0,43592.0,,1687.0
51630,2018,25008.0,1152320516.0,46077.0,,1681.0
51630,2019,24717.0,1204898102.0,48747.0,,1680.0
51630,2020,22608.0,1180176164.0,52201.0,,1658.0
51630,2021,22797.0,1242413443.0,54499.0,67.0,1689.0
51630,2022,23583.0,1321288315.0,56028.0,105.0,1824.0
51640,2010,6254.0,176551681.0,28232.0,,388.0
51640,2011,6225.0,177277390.0,28479.0,,375.0
51640,2012,6043.0,173132664.0,28651.0,,377.0
51640,2013,6073.0,170870677.0,28135.0,,360.0
51640,2014,6029.0,177301846.0,29409.0,,360.0
51640,2015,6292.0,185738283.0,29521.0,,389.0
51640,2016,6283.0,184613608.0,29383.0,,403.0
51640,2017,6015.0,183764097.0,30551.0,,403.0
51640,2018,5861.0,186220350.0,31773.0,,417.0
51640,2019,5816.0,184954041.0,31800.0,,407.0
51640,2020,5362.0,181173522.0,33786.0,,408.0
51640,2021,5438.0,193143179.0,35516.0,,412.0
51640,2022,5634.0,216735302.0,38467.0,11.0,429.0
51650,2010,56082.0,2403586191.0,42858.0,14.0,2654.0
51650,2011,54534.0,2379303851.0,43629.0,12.0,2633.0
51650,2012,54960.0,2369077363.0,43106.0,14.0,2674.0
51650,2013,54948.0,2370963234.0,43150.0,45.0,2659.0
51650,2014,53954.0,2447771146.0,45368.0,40.0,2678.0
51650,2015,53838.0,2419072772.0,44932.0,41.0,2767.0
51650,2016,53937.0,2438781023.0,45215.0,46.0,2837.0
51650,2017,54447.0,2590159350.0,47572.0,36.0,2822.0
51650,2018,54195.0,2545404184.0,46967.0,83.0,2860.0
51650,2019,53534.0,2642922208.0,49369.0,31.0,2862.0
51650,2020,49695.0,2617333941.0,52668.0,27.0,2871.0
51650,2021,49882.0,2784628595.0,55825.0,24.0,3012.0
51650,2022,49284.0,2788430969.0,56578.0,86.0,3229.0
51660,2010,30363.0,1061652725.0,34965.0,,1568.0
51660,2011,31365.0,1090673487.0,34773.0,,1565.0
51660,2012,31443.0,1123163823.0,35721.0,,1586.0
51660,2013,29921.0,1036927316.0,34655.0,,1557.0
51660,2014,30204.0,1050620719.0,34785.0,,1531.0
51660,2015,30608.0,1105007220.0,36102.0,,1604.0
51660,2016,31363.0,1112149335.0,35460.0,,1650.0
51660,2017,31560.0,1167934598.0,37007.0,,1673.0
51660,2018,31373.0,1214888744.0,38724.0,,1695.0
51660,2019,31668.0,1266205402.0,39984.0,,1698.0
51660,2020,28864.0,1317741119.0,45653.0,66.0,1720.0
51660,2021,29632.0,1332512011.0,44968.0,,1749.0
51660,2022,31491.0,1470667097.0,46701.0,,1835.0
51670,2010,7905.0,370642622.0,46889.0,,504.0
51670,2011,7820.0,371468654.0,47503.0,,488.0
51670,2012,7865.0,387176081.0,49227.0,,496.0
51670,2013,7971.0,389922554.0,48921.0,,499.0
51670,2014,8025.0,401020014.0,49970.0,,487.0
51670,2015,7870.0,408219058.0,51871.0,,496.0
51670,2016,7650.0,413392450.0,54039.0,,510.0
51670,2017,7766.0,413992266.0,53311.0,,511.0
51670,2018,7940.0,436893838.0,55022.0,,521.0
51670,2019,7804.0,424281610.0,54370.0,,528.0
51670,2020,7484.0,437789131.0,58497.0,,531.0
51670,2021,7380.0,443074423.0,60038.0,,537.0
51670,2022,7380.0,465053151.0,63019.0,41.0,588.0
51678,2010,4904.0,176443238.0,35979.0,,368.0
51678,2011,4896.0,178701965.0,36503.0,,365.0
51678,2012,4972.0,184890314.0,37186.0,,370.0
51678,2013,4813.0,181251223.0,37656.0,,363.0
51678,2014,4775.0,184345136.0,38606.0,,350.0
51678,2015,4791.0,190943790.0,39854.0,,356.0
51678,2016,4850.0,197187307.0,40656.0,,352.0
51678,2017,4599.0,193976248.0,42176.0,,324.0
51678,2018,4447.0,192220479.0,43227.0,,311.0
51678,2019,4396.0,198053797.0,45049.0,,296.0
51678,2020,4193.0,203458855.0,48522.0,,289.0
51678,2021,4484.0,219116891.0,48862.0,,294.0
51678,2022,4928.0,239682624.0,48640.0,39.0,316.0
51680,2010,50141.0,1950446916.0,38900.0,6.0,2448.0
51680,2011,50552.0,1986417207.0,39294.0,,2426.0
51680,2012,50776.0,2024154191.0,39864.0,,2469.0
51680,2013,50745.0,2063954355.0,40673.0,,2471.0
51680,2014,51172.0,2140963233.0,41839.0,7.0,2476.0
51680,2015,51380.0,2140945365.0,41669.0,,2573.0
51680,2016,51272.0,2154482004.0,42021.0,7.0,2635.0
51680,2017,51809.0,2227476154.0,42994.0,,2676.0
51680,2018,52395.0,2317628432.0,44234.0,5.0,2741.0
51680,2019,52414.0,2367379772.0,45167.0,3.0,2730.0
51680,2020,48666.0,2370564841.0,48711.0,11.0,2692.0
51680,2021,48686.0,2462873381.0,50587.0,12.0,2731.0
51680,2022,49133.0,2660404624.0,54147.0,28.0,2873.0
51683,2010,23743.0,1353973738.0,57027.0,,1521.0
51683,2011,24218.0,1385137933.0,57196.0,,1483.0
51683,2012,24247.0,1405404391.0,57962.0,,1495.0
51683,2013,22966.0,1355080512.0,59004.0,,1465.0
51683,2014,22992.0,1374482134.0,59781.0,,1476.0
51683,2015,22771.0,1363853753.0,59895.0,,1566.0
51683,2016,22621.0,1358097018.0,60037.0,,1589.0
51683,2017,22358.0,1399847682.0,62611.0,,1570.0
51683,2018,22303.0,1396700306.0,62624.0,,1593.0
51683,2019,23204.0,1532660086.0,66053.0,3.0,1562.0
51683,2020,22409.0,1619555146.0,72274.0,,1537.0
51683,2021,23194.0,1731647277.0,74661.0,14.0,1572.0
51683,2022,23902.0,1843392473.0,77124.0,28.0,1668.0
51685,2010,2824.0,121942182.0,43184.0,,249.0
51685,2011,2902.0,126180544.0,43486.0,,261.0
51685,2012,2733.0,121154970.0,44329.0,,260.0
51685,2013,2743.0,123910676.0,45179.0,,266.0
51685,2014,2848.0,139167015.0,48871.0,,263.0
51685,2015,2984.0,132543176.0,44422.0,,283.0
51685,2016,3282.0,148661374.0,45298.0,,283.0
51685,2017,3508.0,161407890.0,46017.0,,301.0
51685,2018,3653.0,178918040.0,48975.0,,316.0
51685,2019,3741.0,184096402.0,49208.0,,314.0
51685,2020,3738.0,196327631.0,52526.0,,304.0
51685,2021,3974.0,211374639.0,53184.0,9.0,319.0
51685,2022,4411.0,233434764.0,52917.0,12.0,345.0
51690,2010,11197.0,319222595.0,28509.0,,740.0
51690,2011,11292.0,325109299.0,28790.0,,786.0
51690,2012,11168.0,329993377.0,29547.0,,833.0
51690,2013,10144.0,305071728.0,30073.0,40.0,880.0
51690,2014,9825.0,307818150.0,31329.0,,919.0
51690,2015,9626.0,314768807.0,32699.0,,994.0
51690,2016,9060.0,308343772.0,34032.0,,1044.0
51690,2017,8970.0,299319054.0,33367.0,,1032.0
51690,2018,9254.0,307067218.0,33181.0,,1076.0
51690,2019,9150.0,303902021.0,33212.0,,1024.0
51690,2020,8861.0,317533099.0,35835.0,,967.0
51690,2021,8951.0,338969523.0,37869.0,,972.0
51690,2022,9423.0,383239945.0,40670.0,17.0,1057.0
51700,2010,95481.0,4090203089.0,42838.0,107.0,3902.0
51700,2011,96309.0,4279972746.0,44440.0,115.0,3768.0
51700,2012,96261.0,4467650003.0,46412.0,155.0,3743.0
51700,2013,97302.0,4628390786.0,47567.0,166.0,3674.0
51700,2014,98179.0,4855826048.0,49459.0,150.0,3662.0
51700,2015,97536.0,4979654359.0,51054.0,171.0,3792.0
51700,2016,96225.0,4923559219.0,51167.0,167.0,3850.0
51700,2017,97754.0,5147323463.0,52656.0,145.0,3859.0
51700,2018,101887.0,5396527829.0,52966.0,140.0,3921.0
51700,2019,103520.0,5685298168.0,54920.0,142.0,3941.0
51700,2020,99479.0,5752336297.0,57825.0,126.0,4019.0
51700,2021,100381.0,6008068891.0,59852.0,135.0,4192.0
51700,2022,100346.0,6375732540.0,63538.0,14.0,4519.0
51710,2010,136257.0,6232647104.0,45742.0,473.0,5681.0
51710,2011,138035.0,6427916477.0,46567.0,518.0,5617.0
51710,2012,137771.0,6597570846.0,47888.0,,5617.0
51710,2013,136462.0,6533113787.0,47875.0,,5590.0
51710,2014,134423.0,6647083312.0,49449.0,130.0,5515.0
51710,2015,139830.0,7326505575.0,52396.0,512.0,5758.0
51710,2016,140246.0,7403619104.0,52790.0,214.0,5861.0
51710,2017,141959.0,7604987434.0,53572.0,217.0,5886.0
51710,2018,142754.0,7932728607.0,55569.0,496.0,6069.0
51710,2019,141016.0,8101489345.0,57451.0,438.0,6101.0
51710,2020,132792.0,8182208658.0,61617.0,,6108.0
51710,2021,133874.0,8652380974.0,64631.0,403.0,6202.0
51710,2022,137491.0,9286666948.0,67544.0,234.0,6656.0
51720,2010,4155.0,154638194.0,37217.0,,271.0
51720,2011,4179.0,158631109.0,37957.0,,261.0
51720,2012,4142.0,157773603.0,38093.0,,274.0
51720,2013,3805.0,140623244.0,36956.0,,257.0
51720,2014,3749.0,137959938.0,36804.0,,252.0
51720,2015,3714.0,139205676.0,37479.0,,263.0
51720,2016,3627.0,131895660.0,36365.0,,267.0
51720,2017,3518.0,126446616.0,35941.0,,252.0
51720,2018,3424.0,129002844.0,37671.0,,246.0
51720,2019,3412.0,138012388.0,40454.0,,241.0
51720,2020,3178.0,132529192.0,41700.0,,236.0
51720,2021,3098.0,127898926.0,41284.0,,231.0
51720,2022,3020.0,130491541.0,43206.0,,237.0
51730,2010,14319.0,512976316.0,35824.0,,861.0
51730,2011,14247.0,522466030.0,36672.0,,852.0
51730,2012,13775.0,519510444.0,37713.0,,837.0
51730,2013,13327.0,507190856.0,38058.0,,842.0
51730,2014,12907.0,510708380.0,39567.0,,818.0
51730,2015,13009.0,503858332.0,38731.0,,865.0
51730,2016,13244.0,511857598.0,38649.0,,915.0
51730,2017,13016.0,511049963.0,39262.0,,931.0
51730,2018,13210.0,540936141.0,40948.0,,948.0
51730,2019,13180.0,548752685.0,41634.0,,945.0
51730,2020,12068.0,513490381.0,42550.0,,940.0
51730,2021,11934.0,530995206.0,44494.0,,977.0
51730,2022,12176.0,582897611.0,47874.0,17.0,1089.0
51735,2010,1796.0,53828314.0,29967.0,,241.0
51735,2011,1771.0,54274544.0,30642.0,,236.0
51735,2012,1729.0,53912249.0,31178.0,,233.0
51735,2013,1653.0,49103358.0,29704.0,,219.0
51735,2014,1613.0,49688047.0,30797.0,,204.0
51735,2015,1659.0,52186716.0,31457.0,,213.0
51735,2016,1740.0,54083309.0,31087.0,,223.0
51735,2017,1814.0,57989160.0,31963.0,,223.0
51735,2018,1841.0,61689075.0,33508.0,,235.0
51735,2019,1802.0,61601317.0,34190.0,,246.0
51735,2020,1717.0,61940029.0,36069.0,,249.0
51735,2021,1758.0,65720658.0,37382.0,,261.0
51735,2022,1833.0,73681301.0,40203.0,,284.0
51740,2010,42296.0,1933485064.0,45714.0,,1851.0
51740,2011,43282.0,2025931364.0,46808.0,,1835.0
51740,2012,43920.0,2077039818.0,47291.0,,1847.0
51740,2013,44647.0,2098696129.0,47006.0,,1832.0
51740,2014,44093.0,2178783252.0,49414.0,,1816.0
51740,2015,44750.0,2260159526.0,50507.0,,1886.0
51740,2016,43715.0,2225177817.0,50902.0,,1882.0
51740,2017,43638.0,2311153791.0,52961.0,,1831.0
51740,2018,44343.0,2423157291.0,54646.0,,1847.0
51740,2019,44682.0,2536837229.0,56775.0,,1837.0
51740,2020,43184.0,2515028778.0,58239.0,,1850.0
51740,2021,43115.0,2639058389.0,61210.0,,1873.0
51740,2022,42783.0,2797888472.0,65397.0,30.0,1986.0
51750,2010,5954.0,234245388.0,39346.0,,347.0
51750,2011,6072.0,243686430.0,40133.0,,349.0
51750,2012,6132.0,255435456.0,41657.0,,349.0
51750,2013,5994.0,244654777.0,40817.0,,326.0
51750,2014,5784.0,241799183.0,41806.0,,314.0
51750,2015,5816.0,246368457.0,42360.0,,319.0
51750,2016,5957.0,255143918.0,42833.0,,329.0
51750,2017,5895.0,255797049.0,43396.0,,337.0
51750,2018,5900.0,261221226.0,44272.0,,343.0
51750,2019,5961.0,265497257.0,44537.0,,345.0
51750,2020,5463.0,263925523.0,48311.0,,347.0
51750,2021,5750.0,282548607.0,49139.0,,352.0
51750,2022,5968.0,296632851.0,49704.0,18.0,369.0
51760,2010,148083.0,7714878459.0,52098.0,282.0,7147.0
51760,2011,149540.0,7945656647.0,53134.0,154.0,7082.0
51760,2012,148410.0,7995919054.0,53877.0,216.0,7100.0
51760,2013,147607.0,8035286905.0,54437.0,140.0,7004.0
51760,2014,148477.0,8298845651.0,55893.0,191.0,7014.0
51760,2015,149651.0,8723523606.0,58293.0,178.0,7393.0
51760,2016,153128.0,8937242422.0,58365.0,205.0,7730.0
51760,2017,154502.0,9301956138.0,60206.0,335.0,7685.0
51760,2018,155753.0,9606645500.0,61679.0,172.0,7902.0
51760,2019,158794.0,10161369809.0,63991.0,244.0,8017.0
51760,2020,147619.0,10374591778.0,70280.0,241.0,8001.0
51760,2021,148861.0,10901060025.0,73230.0,267.0,8296.0
51760,2022,154383.0,11928781720.0,77267.0,388.0,9155.0
51770,2010,65552.0,2547823328.0,38867.0,,3286.0
51770,2011,65620.0,2603111552.0,39670.0,,3251.0
51770,2012,66193.0,2686183201.0,40581.0,4.0,3247.0
51770,2013,66969.0,2792480827.0,41698.0,8.0,3170.0
51770,2014,66992.0,2846464687.0,42490.0,14.0,3148.0
51770,2015,66795.0,2963347025.0,44365.0,4.0,3236.0
51770,2016,67358.0,3054607410.0,45349.0,4.0,3285.0
51770,2017,66383.0,3036768336.0,45746.0,4.0,3318.0
51770,2018,66361.0,3101882760.0,46743.0,3.0,3395.0
51770,2019,65803.0,3177781836.0,48292.0,,3431.0
51770,2020,61814.0,3208726197.0,51909.0,,3405.0
51770,2021,62715.0,3416628867.0,54479.0,27.0,3441.0
51770,2022,63889.0,3644199619.0,57039.0,61.0,3669.0
51775,2010,22558.0,966420754.0,42843.0,,1028.0
51775,2011,22347.0,995678660.0,44555.0,15.0,1007.0
51775,2012,22682.0,1031466151.0,45474.0,,1013.0
51775,2013,22132.0,1013602164.0,45799.0,,998.0
51775,2014,21900.0,1011548234.0,46190.0,,994.0
51775,2015,20525.0,968598221.0,47191.0,,1038.0
51775,2016,20321.0,955247947.0,47007.0,,1058.0
51775,2017,20159.0,957039989.0,47474.0,,1059.0
51775,2018,20008.0,979785415.0,48971.0,,1069.0
51775,2019,19418.0,964052908.0,49647.0,,1051.0
51775,2020,18674.0,973013678.0,52105.0,,1030.0
51775,2021,18612.0,1014772792.0,54522.0,,1048.0
51775,2022,18667.0,1077117889.0,57702.0,18.0,1119.0
51790,2010,11132.0,332167446.0,29838.0,,829.0
51790,2011,11216.0,333208712.0,29708.0,,814.0
51790,2012,11403.0,352680495.0,30930.0,,846.0
51790,2013,11186.0,351100240.0,31386.0,,829.0
51790,2014,10980.0,353442455.0,32191.0,,820.0
51790,2015,11180.0,368667598.0,32974.0,,852.0
51790,2016,11099.0,378195772.0,34076.0,,858.0
51790,2017,11244.0,396454067.0,35258.0,,876.0
51790,2018,11274.0,424461850.0,37649.0,,903.0
51790,2019,11264.0,425120151.0,37743.0,,883.0
51790,2020,10572.0,419472341.0,39676.0,,873.0
51790,2021,10876.0,450958288.0,41464.0,,898.0
51790,2022,11176.0,494667877.0,44264.0,32.0,962.0
51800,2010,25095.0,989385814.0,39426.0,4.0,1593.0
51800,2011,24775.0,994808988.0,40153.0,,1598.0
51800,2012,26673.0,1163424711.0,43618.0,,1617.0
51800,2013,26888.0,1205079251.0,44819.0,,1630.0
51800,2014,27125.0,1261750462.0,46517.0,,1636.0
51800,2015,28482.0,1338428623.0,46992.0,,1740.0
51800,2016,29850.0,1379743527.0,46222.0,,1791.0
51800,2017,30826.0,1431550866.0,46440.0,,1827.0
51800,2018,31737.0,1487863552.0,46881.0,,1890.0
51800,2019,32603.0,1625834701.0,49868.0,,1897.0
51800,2020,32063.0,1761267664.0,54931.0,,1885.0
51800,2021,33419.0,1922886493.0,57538.0,,1980.0
51800,2022,34816.0,2019215609.0,57996.0,41.0,2257.0
51810,2010,164022.0,6035004733.0,36794.0,311.0,11257.0
51810,2011,162574.0,6183056429.0,38032.0,377.0,11202.0
51810,2012,164585.0,6493533783.0,39454.0,377.0,11356.0
51810,2013,169419.0,6597142323.0,38940.0,429.0,11184.0
51810,2014,171026.0,6802728320.0,39776.0,447.0,11169.0
51810,2015,173655.0,7073934964.0,40735.0,519.0,11744.0
51810,2016,176470.0,7235788286.0,41003.0,614.0,12115.0
51810,2017,178341.0,7462041082.0,41841.0,609.0,12178.0
51810,2018,178196.0,7623953602.0,42784.0,530.0,12322.0
51810,2019,179379.0,7965969282.0,44409.0,519.0,12310.0
51810,2020,167802.0,8121956151.0,48402.0,572.0,12432.0
51810,2021,171513.0,8650103264.0,50434.0,566.0,12920.0
51810,2022,174794.0,9267327421.0,53019.0,799.0,13978.0
51820,2010,9139.0,286533190.0,31352.0,,608.0
51820,2011,9229.0,300207867.0,32528.0,,599.0
51820,2012,9535.0,324138654.0,33995.0,,623.0
51820,2013,9666.0,331806216.0,34328.0,,621.0
51820,2014,9688.0,340555597.0,35152.0,,634.0
51820,2015,9769.0,346349813.0,35455.0,,687.0
51820,2016,9716.0,355781483.0,36620.0,,727.0
51820,2017,9655.0,373210403.0,38654.0,,746.0
51820,2018,9492.0,356731750.0,37583.0,,765.0
51820,2019,9348.0,355901667.0,38071.0,,763.0
51820,2020,8913.0,370781779.0,41601.0,,747.0
51820,2021,9002.0,392122767.0,43558.0,,756.0
51820,2022,9269.0,417878667.0,45081.0,16.0,806.0
51830,2010,14197.0,455342094.0,32074.0,,604.0
51830,2011,13388.0,442433354.0,33048.0,,584.0
51830,2012,13709.0,470900738.0,34349.0,,572.0
51830,2013,13599.0,476565030.0,35043.0,,549.0
51830,2014,12880.0,477661964.0,37087.0,,535.0
51830,2015,13110.0,495663268.0,37808.0,,520.0
51830,2016,13064.0,517341531.0,39602.0,,520.0
51830,2017,13016.0,550724496.0,42312.0,,524.0
51830,2018,13008.0,556892849.0,42812.0,,534.0
51830,2019,12780.0,554019541.0,43352.0,,528.0
51830,2020,10838.0,512607677.0,47297.0,,529.0
51830,2021,11208.0,565395380.0,50448.0,,542.0
51830,2022,10931.0,564524701.0,51645.0,,578.0
51840,2010,25494.0,1062785732.0,41688.0,,1476.0
51840,2011,25324.0,1078969294.0,42606.0,17.0,1459.0
51840,2012,25374.0,1096880967.0,43229.0,4.0,1430.0
51840,2013,24752.0,1095039909.0,44240.0,,1405.0
51840,2014,24603.0,1112254559.0,45207.0,,1428.0
51840,2015,24682.0,1131023777.0,45824.0,,1463.0
51840,2016,24890.0,1164651249.0,46793.0,,1511.0
51840,2017,25214.0,1203088644.0,47715.0,,1491.0
51840,2018,25617.0,1229460981.0,47995.0,,1512.0
51840,2019,25510.0,1280761221.0,50206.0,,1505.0
51840,2020,24146.0,1315258522.0,54472.0,,1489.0
51840,2021,24725.0,1388353091.0,56151.0,,1509.0
51840,2022,24650.0,1424031443.0,57769.0,62.0,1578.0
51999,2010,66469.0,5012996788.0,75419.0,272.0,11817.0
51999,2011,72568.0,5500247962.0,75794.0,360.0,12928.0
51999,2012,73846.0,5832915504.0,78988.0,447.0,14261.0
51999,2013,77132.0,6039395314.0,78299.0,349.0,14180.0
51999,2014,81804.0,6570763871.0,80323.0,383.0,15650.0
51999,2015,90369.0,7289877513.0,80668.0,447.0,17581.0
51999,2016,100712.0,8149046933.0,80914.0,630.0,20279.0
51999,2017,110952.0,9069849095.0,81746.0,725.0,24875.0
51999,2018,124929.0,10664429786.0,85364.0,813.0,28352.0
51999,2019,135751.0,12007724067.0,88454.0,1396.0,31171.0
51999,2020,145230.0,13608326393.0,93702.0,1853.0,34837.0
51999,2021,170474.0,16755437497.0,98287.0,2480.0,41744.0
51999,2022,199536.0,20461798366.0,102547.0,2616.0,47290.0
