fips,county_name,state,year,median_income,poverty_rate,pct_bachelors,pop_density,unemployment_acs,median_age
39143,"Sandusky County, Ohio",OH,2010,48056.0,,13.1,150.11537161417382,6.6,40.3
39145,"Scioto County, Ohio",OH,2010,32812.0,,12.7,129.4577518458727,12.2,38.6
39147,"Seneca County, Ohio",OH,2010,42573.0,,16.1,103.60854115776752,9.0,38.9
39149,"Shelby County, Ohio",OH,2010,48475.0,,14.0,121.04666735345626,7.0,37.4
39151,"Stark County, Ohio",OH,2010,44941.0,,20.4,654.2132756208009,8.8,40.6
39153,"Summit County, Ohio",OH,2010,47926.0,,29.2,1315.7926612127628,8.6,39.5
39155,"Trumbull County, Ohio",OH,2010,42296.0,,16.3,344.24794653300995,9.0,42.0
39157,"Tuscarawas County, Ohio",OH,2010,42081.0,,14.3,163.04158170144294,7.3,40.5
39159,"Union County, Ohio",OH,2010,68452.0,,27.3,117.44514879828793,5.9,36.1
39161,"Van Wert County, Ohio",OH,2010,44415.0,,14.1,70.94952951240377,9.3,39.3
39163,"Vinton County, Ohio",OH,2010,34242.0,,9.2,32.702007954214764,9.7,38.9
39165,"Warren County, Ohio",OH,2010,71274.0,,35.9,517.6283608227648,6.3,37.0
39167,"Washington County, Ohio",OH,2010,41654.0,,16.0,98.20973647650061,8.3,42.0
39169,"Wayne County, Ohio",OH,2010,48375.0,,19.1,206.27301550679627,6.4,37.8
39171,"Williams County, Ohio",OH,2010,44538.0,,12.9,90.74311795749536,10.7,39.7
39173,"Wood County, Ohio",OH,2010,53298.0,,29.3,203.01800823770742,9.6,34.6
39175,"Wyandot County, Ohio",OH,2010,47216.0,,13.4,55.70452149164739,7.4,40.6
39001,"Adams County, Ohio",OH,2010,32791.0,,10.7,48.945659322591254,11.4,39.0
39003,"Allen County, Ohio",OH,2010,43632.0,,15.8,264.7803351178129,10.1,38.1
39005,"Ashland County, Ohio",OH,2010,44542.0,,17.5,126.1055304300132,8.3,39.1
39007,"Ashtabula County, Ohio",OH,2010,42139.0,,12.9,145.09583843137477,9.4,40.6
39009,"Athens County, Ohio",OH,2010,31559.0,,27.3,127.97730142719857,11.3,25.9
39011,"Auglaize County, Ohio",OH,2010,52018.0,,15.5,114.65963108015188,6.7,39.1
39013,"Belmont County, Ohio",OH,2010,38320.0,,14.1,132.30488210521173,6.7,43.1
39015,"Brown County, Ohio",OH,2010,45887.0,,9.8,91.14214685941786,9.7,39.1
39017,"Butler County, Ohio",OH,2010,54788.0,,25.9,779.0917509067058,8.0,35.7
39019,"Carroll County, Ohio",OH,2010,43148.0,,12.0,73.45949945769514,6.9,42.2
39021,"Champaign County, Ohio",OH,2010,49246.0,,15.3,93.56883276727376,7.9,38.8
39023,"Clark County, Ohio",OH,2010,44141.0,,16.2,351.17681296724174,9.3,40.2
39025,"Clermont County, Ohio",OH,2010,58472.0,,24.8,431.57150433091743,6.9,37.8
39027,"Clinton County, Ohio",OH,2010,46261.0,,14.7,103.77485436631918,10.5,37.7
39029,"Columbiana County, Ohio",OH,2010,39502.0,,12.4,204.18411143091873,9.8,41.6
39031,"Coshocton County, Ohio",OH,2010,39469.0,,11.6,65.68579473322127,10.6,40.6
39033,"Crawford County, Ohio",OH,2010,41228.0,,10.5,110.24276604958858,10.3,41.3
39035,"Cuyahoga County, Ohio",OH,2010,43603.0,,28.2,2829.820367401484,10.5,39.7
39037,"Darke County, Ohio",OH,2010,44280.0,,11.3,88.52169028025321,8.9,40.0
39039,"Defiance County, Ohio",OH,2010,44480.0,,16.3,95.07595090533479,9.4,38.6
39041,"Delaware County, Ohio",OH,2010,87908.0,,49.5,374.83724362344776,4.2,36.5
39043,"Erie County, Ohio",OH,2010,46593.0,,20.1,308.22800929610645,8.0,42.5
39045,"Fairfield County, Ohio",OH,2010,56796.0,,24.4,285.4064021095833,6.9,37.4
39047,"Fayette County, Ohio",OH,2010,39599.0,,13.1,71.15102089029213,10.3,38.8
39049,"Franklin County, Ohio",OH,2010,49087.0,,35.0,2143.276792439009,8.0,33.4
39051,"Fulton County, Ohio",OH,2010,50717.0,,14.9,105.45398042160875,9.9,38.9
39053,"Gallia County, Ohio",OH,2010,37409.0,,14.3,66.32585257111012,9.0,39.4
39055,"Geauga County, Ohio",OH,2010,65663.0,,34.0,233.83403988498657,6.0,42.1
39057,"Greene County, Ohio",OH,2010,56679.0,,34.5,386.74046508478835,6.6,36.6
39059,"Guernsey County, Ohio",OH,2010,37573.0,,11.2,77.26317079428783,8.2,40.0
39061,"Hamilton County, Ohio",OH,2010,48234.0,,32.5,1978.73741696616,7.8,36.9
39063,"Hancock County, Ohio",OH,2010,49070.0,,24.4,140.53545381828445,6.3,37.7
39065,"Hardin County, Ohio",OH,2010,41343.0,,15.1,68.26498825180475,8.4,34.4
39067,"Harrison County, Ohio",OH,2010,35363.0,,9.0,39.43767693764587,7.0,43.5
39069,"Henry County, Ohio",OH,2010,48367.0,,13.1,68.61854282348982,9.1,38.8
39071,"Highland County, Ohio",OH,2010,39844.0,,9.7,78.9174881211534,12.1,38.3
39073,"Hocking County, Ohio",OH,2010,39586.0,,10.2,69.62874007058282,8.4,40.0
39075,"Holmes County, Ohio",OH,2010,43533.0,,9.4,99.5428430806508,5.7,29.3
39077,"Huron County, Ohio",OH,2010,47058.0,,12.1,121.75287408861071,9.1,37.3
39079,"Jackson County, Ohio",OH,2010,34044.0,,12.0,78.90604553781732,11.9,39.0
39081,"Jefferson County, Ohio",OH,2010,37527.0,,14.1,171.61695955150884,8.3,43.8
39083,"Knox County, Ohio",OH,2010,45655.0,,19.0,114.55968517542374,7.2,38.0
39085,"Lake County, Ohio",OH,2010,54896.0,,24.2,1000.6455271077768,6.4,41.9
39087,"Lawrence County, Ohio",OH,2010,36461.0,,12.9,138.17372566404865,7.1,39.9
39089,"Licking County, Ohio",OH,2010,53291.0,,22.1,239.89086012130235,7.7,38.6
39091,"Logan County, Ohio",OH,2010,46493.0,,14.3,100.338926862462,8.7,38.9
39093,"Lorain County, Ohio",OH,2010,52066.0,,20.6,610.7706671885447,9.2,39.5
39095,"Lucas County, Ohio",OH,2010,42072.0,,23.0,1307.3134253657302,12.1,36.6
39097,"Madison County, Ohio",OH,2010,50533.0,,15.6,91.9766258635421,6.1,38.7
39099,"Mahoning County, Ohio",OH,2010,40123.0,,20.4,587.8640446379967,10.4,42.4
39101,"Marion County, Ohio",OH,2010,40511.0,,12.0,164.75733396730115,7.9,39.3
39103,"Medina County, Ohio",OH,2010,66193.0,,29.5,403.6867256049238,5.9,39.8
39105,"Meigs County, Ohio",OH,2010,33407.0,,10.3,54.98463155251545,14.1,41.2
39107,"Mercer County, Ohio",OH,2010,49719.0,,15.4,88.56798725043086,6.2,38.5
39109,"Miami County, Ohio",OH,2010,51507.0,,20.0,251.6844148272783,6.2,40.1
39111,"Monroe County, Ohio",OH,2010,37030.0,,9.2,32.36834656139804,7.1,44.4
39113,"Montgomery County, Ohio",OH,2010,43965.0,,24.3,1167.1395531818507,9.8,38.7
39115,"Morgan County, Ohio",OH,2010,34962.0,,8.7,36.292162352975076,7.7,42.0
39117,"Morrow County, Ohio",OH,2010,49891.0,,13.6,85.72293873450634,5.9,39.1
39119,"Muskingum County, Ohio",OH,2010,39538.0,,14.2,129.33792393604054,10.8,39.2
39121,"Noble County, Ohio",OH,2010,39500.0,,9.1,36.76773564616142,8.6,46.2
39123,"Ottawa County, Ohio",OH,2010,53463.0,,18.9,163.14231421571705,7.1,45.3
39125,"Paulding County, Ohio",OH,2010,46459.0,,10.7,47.25587426609194,8.7,40.1
39127,"Perry County, Ohio",OH,2010,42388.0,,8.9,87.86470360401437,10.9,37.7
39129,"Pickaway County, Ohio",OH,2010,49262.0,,13.5,109.98587469175705,7.6,37.8
39131,"Pike County, Ohio",OH,2010,35912.0,,12.6,65.12644168964437,17.8,38.3
39133,"Portage County, Ohio",OH,2010,50447.0,,24.9,328.15215272719814,9.2,36.9
39135,"Preble County, Ohio",OH,2010,49780.0,,12.0,100.18716438879277,7.8,40.3
39137,"Putnam County, Ohio",OH,2010,56573.0,,18.1,71.80070625683875,5.0,38.0
39139,"Richland County, Ohio",OH,2010,42664.0,,14.9,254.38839158608073,8.9,40.1
39141,"Ross County, Ohio",OH,2010,42626.0,,13.1,112.5084522451775,11.4,39.0
51001,"Accomack County, Virginia",VA,2010,41372.0,,18.0,75.8172960293067,9.2,43.9
51003,"Albemarle County, Virginia",VA,2010,64847.0,,51.6,134.1245738904496,4.2,37.6
51005,"Alleghany County, Virginia",VA,2010,43160.0,,14.9,36.73763693200649,6.2,44.7
51007,"Amelia County, Virginia",VA,2010,50135.0,,13.1,35.22343538946421,7.0,41.5
51009,"Amherst County, Virginia",VA,2010,44757.0,,15.6,68.18057143821656,5.7,41.1
51011,"Appomattox County, Virginia",VA,2010,49224.0,,11.8,43.84185456460338,7.7,43.3
51013,"Arlington County, Virginia",VA,2010,94880.0,,70.1,7595.761049351849,3.2,33.9
51015,"Augusta County, Virginia",VA,2010,50612.0,,19.1,75.69327683300348,4.6,42.3
51017,"Bath County, Virginia",VA,2010,50589.0,,11.5,9.030578115728966,2.7,47.0
51019,"Bedford County, Virginia",VA,2010,54110.0,,24.2,89.06281245724269,5.0,43.2
51021,"Bland County, Virginia",VA,2010,41552.0,,12.0,19.217057969920397,5.6,44.6
51023,"Botetourt County, Virginia",VA,2010,64724.0,,22.9,60.72133255492577,3.8,43.6
51025,"Brunswick County, Virginia",VA,2010,35184.0,,11.9,31.27152378698559,8.4,40.0
51027,"Buchanan County, Virginia",VA,2010,29183.0,,8.9,48.640360820436946,12.8,42.6
51029,"Buckingham County, Virginia",VA,2010,34720.0,,12.4,29.112026265348337,6.0,43.4
51031,"Campbell County, Virginia",VA,2010,43478.0,,16.3,107.65748489190334,5.9,40.4
51033,"Caroline County, Virginia",VA,2010,57690.0,,15.5,52.798546731568194,8.5,38.7
51035,"Carroll County, Virginia",VA,2010,36142.0,,11.7,63.16035589707295,8.4,44.7
51036,"Charles City County, Virginia",VA,2010,46337.0,,10.9,39.39289561019349,8.4,45.6
51037,"Charlotte County, Virginia",VA,2010,34881.0,,15.1,26.60236989160439,10.5,42.8
51041,"Chesterfield County, Virginia",VA,2010,71321.0,,35.7,728.75708962801,5.5,36.9
51043,"Clarke County, Virginia",VA,2010,73244.0,,29.2,79.64963935134398,4.2,43.8
51045,"Craig County, Virginia",VA,2010,51291.0,,13.6,15.76663070180251,1.9,43.2
51047,"Culpeper County, Virginia",VA,2010,65132.0,,21.6,120.65023326221626,5.6,37.1
51049,"Cumberland County, Virginia",VA,2010,40143.0,,12.5,33.12894572298756,7.6,40.7
51051,"Dickenson County, Virginia",VA,2010,29080.0,,8.6,48.3157866067889,9.4,43.2
51053,"Dinwiddie County, Virginia",VA,2010,51459.0,,13.1,54.474623228269884,7.5,40.1
51057,"Essex County, Virginia",VA,2010,46235.0,,16.6,42.36112460411526,4.9,44.0
51059,"Fairfax County, Virginia",VA,2010,105416.0,,58.0,2681.579761700778,4.3,37.3
51061,"Fauquier County, Virginia",VA,2010,83877.0,,30.8,99.6089469964228,4.7,40.4
51063,"Floyd County, Virginia",VA,2010,42044.0,,19.3,39.45679310516824,6.6,43.6
51065,"Fluvanna County, Virginia",VA,2010,68223.0,,25.8,88.14525089075185,4.7,41.1
51067,"Franklin County, Virginia",VA,2010,45555.0,,15.2,79.5499630761211,7.5,43.3
51069,"Frederick County, Virginia",VA,2010,61973.0,,23.1,183.55985331671246,5.2,38.7
51071,"Giles County, Virginia",VA,2010,41186.0,,16.1,48.16305735336932,6.4,42.4
51073,"Gloucester County, Virginia",VA,2010,59331.0,,19.2,168.08227354115974,4.1,41.9
51075,"Goochland County, Virginia",VA,2010,79574.0,,30.7,74.94264774189888,4.6,44.1
51077,"Grayson County, Virginia",VA,2010,32178.0,,10.3,35.888497798702986,5.8,46.0
51079,"Greene County, Virginia",VA,2010,54307.0,,20.0,115.94964956042757,4.3,38.7
51081,"Greensville County, Virginia",VA,2010,38574.0,,5.5,41.25977637546702,10.0,40.0
51083,"Halifax County, Virginia",VA,2010,34705.0,,13.2,44.40457803360763,9.2,43.9
51085,"Hanover County, Virginia",VA,2010,76425.0,,33.0,212.0754620145159,3.8,40.4
51087,"Henrico County, Virginia",VA,2010,60114.0,,38.9,1284.0611961057023,6.6,37.1
51089,"Henry County, Virginia",VA,2010,34086.0,,10.9,143.4807284406213,11.0,43.6
51091,"Highland County, Virginia",VA,2010,43481.0,,21.4,5.768818512246996,0.6,52.4
51093,"Isle of Wight County, Virginia",VA,2010,62242.0,,25.1,110.11609674200548,4.9,42.6
51095,"James City County, Virginia",VA,2010,73903.0,,45.0,452.47297924074826,3.9,44.3
51097,"King and Queen County, Virginia",VA,2010,44442.0,,9.9,21.976906161847253,4.9,42.5
51099,"King George County, Virginia",VA,2010,76241.0,,30.5,126.89558420736189,5.6,36.0
51101,"King William County, Virginia",VA,2010,64946.0,,19.8,56.620787850023724,5.2,39.1
51103,"Lancaster County, Virginia",VA,2010,45209.0,,27.7,86.10265104346391,5.7,53.4
51105,"Lee County, Virginia",VA,2010,31352.0,,12.0,58.41820211402506,6.7,40.7
51107,"Loudoun County, Virginia",VA,2010,115574.0,,57.2,565.506129081045,3.8,34.3
51109,"Louisa County, Virginia",VA,2010,54257.0,,17.9,65.14128961492545,5.9,42.3
51111,"Lunenburg County, Virginia",VA,2010,37424.0,,10.0,30.03937919851749,9.9,43.0
51113,"Madison County, Virginia",VA,2010,56608.0,,20.7,41.61078849044718,6.0,43.3
51115,"Mathews County, Virginia",VA,2010,47435.0,,20.6,104.8061365832082,4.8,48.9
51117,"Mecklenburg County, Virginia",VA,2010,36431.0,,13.4,52.41240344788985,9.3,45.1
51119,"Middlesex County, Virginia",VA,2010,50207.0,,27.5,83.10442722320263,2.7,50.4
51121,"Montgomery County, Virginia",VA,2010,43229.0,,39.4,239.18241578712,6.4,26.0
51125,"Nelson County, Virginia",VA,2010,48118.0,,22.9,31.84101796089178,4.8,46.4
51127,"New Kent County, Virginia",VA,2010,70590.0,,22.6,84.05741900159498,6.1,41.9
51131,"Northampton County, Virginia",VA,2010,35760.0,,18.8,59.38255743651754,5.6,46.3
51133,"Northumberland County, Virginia",VA,2010,51944.0,,22.3,64.87421120815748,2.9,52.6
51135,"Nottoway County, Virginia",VA,2010,37344.0,,11.6,50.31648589331722,8.8,41.9
51137,"Orange County, Virginia",VA,2010,54916.0,,21.5,95.96045479333173,8.0,42.1
51139,"Page County, Virginia",VA,2010,41617.0,,11.1,77.78827885852894,9.0,42.4
51141,"Patrick County, Virginia",VA,2010,35813.0,,9.5,38.60202006816384,11.7,45.4
51143,"Pittsylvania County, Virginia",VA,2010,39224.0,,12.8,65.16698090717985,9.4,43.4
51145,"Powhatan County, Virginia",VA,2010,73593.0,,21.9,106.67865735082744,3.2,40.3
51147,"Prince Edward County, Virginia",VA,2010,36191.0,,18.5,64.93287535791237,6.6,31.4
51149,"Prince George County, Virginia",VA,2010,64171.0,,17.2,132.39140430086456,7.4,36.6
51153,"Prince William County, Virginia",VA,2010,91098.0,,37.5,1131.7172548738874,4.9,33.3
51155,"Pulaski County, Virginia",VA,2010,41163.0,,13.9,109.31437379431526,9.2,43.1
51157,"Rappahannock County, Virginia",VA,2010,62117.0,,37.4,27.690598110912557,3.6,46.8
51159,"Richmond County, Virginia",VA,2010,42182.0,,9.8,48.715779358464154,3.1,42.7
51161,"Roanoke County, Virginia",VA,2010,59446.0,,32.6,365.5307565815732,4.0,42.5
51163,"Rockbridge County, Virginia",VA,2010,44417.0,,21.8,37.24291459291283,4.4,45.3
51165,"Rockingham County, Virginia",VA,2010,49930.0,,21.9,88.1654151795328,4.1,39.8
51167,"Russell County, Virginia",VA,2010,32780.0,,10.7,60.909267534486105,5.8,42.4
51169,"Scott County, Virginia",VA,2010,34250.0,,10.3,43.361010176792135,6.4,44.3
51171,"Shenandoah County, Virginia",VA,2010,50171.0,,17.5,81.61722881677849,5.4,42.8
51173,"Smyth County, Virginia",VA,2010,34864.0,,14.6,71.73267765373029,6.7,42.3
51175,"Southampton County, Virginia",VA,2010,45426.0,,12.6,30.86302311764431,4.8,42.6
51177,"Spotsylvania County, Virginia",VA,2010,76574.0,,29.9,299.47286080137116,6.4,35.7
51179,"Stafford County, Virginia",VA,2010,93065.0,,35.4,462.79601047528837,5.6,34.2
51181,"Surry County, Virginia",VA,2010,55030.0,,13.6,25.2340033482823,9.4,43.5
51183,"Sussex County, Virginia",VA,2010,37978.0,,10.0,24.81916503816607,10.9,41.0
51185,"Tazewell County, Virginia",VA,2010,35215.0,,14.3,86.17343014817142,7.3,43.4
51187,"Warren County, Virginia",VA,2010,60522.0,,21.4,172.62123888031985,5.9,39.1
51191,"Washington County, Virginia",VA,2010,40422.0,,20.5,96.79735848451425,6.5,43.0
51193,"Westmoreland County, Virginia",VA,2010,52990.0,,15.9,75.1637407010108,8.2,45.7
51195,"Wise County, Virginia",VA,2010,33608.0,,11.3,102.85544318857822,8.3,39.4
51197,"Wythe County, Virginia",VA,2010,38948.0,,14.0,62.78790870047104,8.1,42.6
51199,"York County, Virginia",VA,2010,81055.0,,41.5,619.3091197341153,3.8,39.3
51510,"Alexandria city, Virginia",VA,2010,80847.0,,60.4,8948.577167726817,3.9,35.7
51515,"Bedford city, Virginia",VA,2010,32262.0,,20.8,,3.4,43.1
51520,"Bristol city, Virginia",VA,2010,32079.0,,19.7,1375.4952995105275,10.5,41.0
51530,"Buena Vista city, Virginia",VA,2010,39955.0,,16.5,1033.3954644299472,8.1,38.5
51540,"Charlottesville city, Virginia",VA,2010,42240.0,,46.7,4125.622254758419,4.5,27.7
51550,"Chesapeake city, Virginia",VA,2010,67855.0,,27.9,647.8478738742997,4.9,36.5
51570,"Colonial Heights city, Virginia",VA,2010,50571.0,,20.0,2323.713259741987,6.4,42.1
51580,"Covington city, Virginia",VA,2010,35277.0,,10.4,1095.0813677089047,4.5,43.5
51590,"Danville city, Virginia",VA,2010,29936.0,,16.2,1023.1324625557867,12.8,42.8
51595,"Emporia city, Virginia",VA,2010,32788.0,,15.4,843.279258400927,11.9,39.5
51600,"Fairfax city, Virginia",VA,2010,97900.0,,53.2,3534.9358974358975,4.7,39.6
51610,"Falls Church city, Virginia",VA,2010,114409.0,,71.0,5603.616813294233,6.1,40.4
51620,"Franklin city, Virginia",VA,2010,33174.0,,19.0,1032.8621481213002,12.4,39.7
51630,"Fredericksburg city, Virginia",VA,2010,43558.0,,31.9,2236.842105263158,10.3,28.7
51640,"Galax city, Virginia",VA,2010,22333.0,,12.7,842.1563865954346,8.5,45.9
51650,"Hampton city, Virginia",VA,2010,49815.0,,21.8,2701.9684809856008,7.9,35.4
51660,"Harrisonburg city, Virginia",VA,2010,37235.0,,33.3,2734.067708633716,6.7,22.5
51670,"Hopewell city, Virginia",VA,2010,37789.0,,10.9,2173.652694610779,14.6,36.1
51678,"Lexington city, Virginia",VA,2010,31571.0,,44.4,2797.1188475390154,1.4,22.4
51680,"Lynchburg city, Virginia",VA,2010,37058.0,,28.3,1505.3495589676577,9.9,31.6
51683,"Manassas city, Virginia",VA,2010,75173.0,,28.3,3664.22838565478,6.5,32.1
51685,"Manassas Park city, Virginia",VA,2010,70299.0,,21.9,4349.044166117337,4.0,30.6
51690,"Martinsville city, Virginia",VA,2010,32408.0,,20.4,1280.4855786783498,11.8,43.4
51700,"Newport News city, Virginia",VA,2010,49562.0,,23.5,2635.5216048935335,7.9,32.0
51710,"Norfolk city, Virginia",VA,2010,42677.0,,23.7,4545.152510558423,9.6,29.5
51720,"Norton city, Virginia",VA,2010,33944.0,,20.6,519.727163300789,2.4,40.4
51730,"Petersburg city, Virginia",VA,2010,36449.0,,15.2,1421.786971830986,14.2,39.6
51735,"Poquoson city, Virginia",VA,2010,84315.0,,36.0,787.8491892947842,3.8,42.3
51740,"Portsmouth city, Virginia",VA,2010,45488.0,,18.7,2906.3691781027596,7.4,35.3
51750,"Radford city, Virginia",VA,2010,29155.0,,35.1,1686.4406779661017,11.3,21.7
51760,"Richmond city, Virginia",VA,2010,38266.0,,32.6,3368.0100125156446,10.5,32.6
51770,"Roanoke city, Virginia",VA,2010,36422.0,,21.9,2252.839773288493,6.7,38.7
51775,"Salem city, Virginia",VA,2010,48828.0,,29.1,1697.623148467103,6.6,40.0
51790,"Staunton city, Virginia",VA,2010,42724.0,,28.5,1195.0803212851404,5.3,42.8
51800,"Suffolk city, Virginia",VA,2010,65104.0,,25.1,206.7942679627217,6.6,37.5
51810,"Virginia Beach city, Virginia",VA,2010,64618.0,,31.9,1781.5897974444574,5.3,34.6
51820,"Waynesboro city, Virginia",VA,2010,40977.0,,21.8,1395.123580494322,10.8,38.6
51830,"Williamsburg city, Virginia",VA,2010,50794.0,,43.3,1501.5663459386888,6.1,23.1
51840,"Winchester city, Virginia",VA,2010,44873.0,,29.7,2823.126291743718,6.8,37.0
31001,"Adams County, Nebraska",NE,2010,44443.0,,21.5,55.259074624427896,5.5,37.5
31003,"Antelope County, Nebraska",NE,2010,37058.0,,16.5,7.8655368853080585,3.0,45.2
31005,"Arthur County, Nebraska",NE,2010,43250.0,,17.9,0.5956775622525001,0.0,39.4
31007,"Banner County, Nebraska",NE,2010,34063.0,,25.1,0.9650969989504571,1.8,46.4
31009,"Blaine County, Nebraska",NE,2010,39000.0,,19.8,0.7584168084301053,1.9,48.4
31011,"Boone County, Nebraska",NE,2010,40703.0,,15.8,8.08834989214077,2.7,45.0
31013,"Box Butte County, Nebraska",NE,2010,44404.0,,19.5,10.57502389888447,4.7,40.9
31015,"Boyd County, Nebraska",NE,2010,34906.0,,13.2,3.902321575745229,1.4,47.0
31017,"Brown County, Nebraska",NE,2010,28038.0,,16.8,2.613488614294276,2.9,48.1
31019,"Buffalo County, Nebraska",NE,2010,47120.0,,32.0,46.92838404494846,4.3,32.0
31021,"Burt County, Nebraska",NE,2010,43817.0,,18.3,14.166392045338963,5.8,45.9
31023,"Butler County, Nebraska",NE,2010,44595.0,,15.7,14.330826322079423,2.7,44.0
31025,"Cass County, Nebraska",NE,2010,62039.0,,23.5,45.296736144628035,5.0,40.7
31027,"Cedar County, Nebraska",NE,2010,40497.0,,15.1,12.03116810132875,2.9,43.3
31029,"Chase County, Nebraska",NE,2010,38314.0,,14.6,4.390559681759891,4.1,44.8
31031,"Cherry County, Nebraska",NE,2010,43431.0,,22.6,0.9702658726470256,1.7,43.9
31033,"Cheyenne County, Nebraska",NE,2010,49493.0,,27.1,8.402117711587213,3.5,41.3
31035,"Clay County, Nebraska",NE,2010,42909.0,,16.4,11.452255765880526,4.6,43.1
31037,"Colfax County, Nebraska",NE,2010,48133.0,,12.7,24.780940951834946,6.4,35.3
31039,"Cuming County, Nebraska",NE,2010,44278.0,,15.7,16.20095281163566,2.8,43.4
31041,"Custer County, Nebraska",NE,2010,42364.0,,18.0,4.271247719943438,3.2,44.7
31043,"Dakota County, Nebraska",NE,2010,43729.0,,10.8,78.22882138370491,5.1,33.0
31045,"Dawes County, Nebraska",NE,2010,34937.0,,36.5,6.551889836012979,4.4,32.9
31047,"Dawson County, Nebraska",NE,2010,41830.0,,14.7,23.932465927453386,4.8,36.0
31049,"Deuel County, Nebraska",NE,2010,37148.0,,18.2,4.462874928100653,1.6,49.3
31051,"Dixon County, Nebraska",NE,2010,42388.0,,13.0,12.602129759929428,4.5,40.1
31053,"Dodge County, Nebraska",NE,2010,42849.0,,17.3,69.21807634949826,7.6,40.1
31055,"Douglas County, Nebraska",NE,2010,51878.0,,35.8,1548.8178868712987,6.2,33.6
31057,"Dundy County, Nebraska",NE,2010,37031.0,,25.9,2.1344427071214054,3.1,48.9
31059,"Fillmore County, Nebraska",NE,2010,43167.0,,17.6,10.34636782180541,2.1,45.4
31061,"Franklin County, Nebraska",NE,2010,37220.0,,16.3,5.607694124511997,3.7,47.9
31063,"Frontier County, Nebraska",NE,2010,42009.0,,19.8,2.88109038189838,4.2,43.0
31065,"Furnas County, Nebraska",NE,2010,37938.0,,16.3,6.872173676042785,2.5,46.8
31067,"Gage County, Nebraska",NE,2010,43311.0,,19.1,26.532043158758885,6.4,42.8
31069,"Garden County, Nebraska",NE,2010,32962.0,,20.2,1.2079525497474148,4.8,51.3
31071,"Garfield County, Nebraska",NE,2010,38709.0,,13.8,3.6551736251383202,1.0,47.3
31073,"Gosper County, Nebraska",NE,2010,41442.0,,16.4,4.491929587148454,2.9,45.4
31075,"Grant County, Nebraska",NE,2010,39261.0,,17.3,0.8507242739563826,2.7,46.6
31077,"Greeley County, Nebraska",NE,2010,41181.0,,12.5,4.461128339045754,2.1,42.3
31079,"Hall County, Nebraska",NE,2010,46138.0,,16.3,104.13623968227823,4.6,35.7
31081,"Hamilton County, Nebraska",NE,2010,50702.0,,21.8,16.89693973547804,5.0,41.7
31083,"Harlan County, Nebraska",NE,2010,44656.0,,16.9,6.251513191415552,2.0,48.0
31085,"Hayes County, Nebraska",NE,2010,45595.0,,16.6,1.437462661030878,1.8,46.4
31087,"Hitchcock County, Nebraska",NE,2010,35549.0,,13.7,4.120049074362308,3.9,48.3
31089,"Holt County, Nebraska",NE,2010,43452.0,,16.1,4.34381239903714,1.9,45.4
31091,"Hooker County, Nebraska",NE,2010,38750.0,,22.1,0.9567918353763382,1.9,51.4
31093,"Howard County, Nebraska",NE,2010,45453.0,,13.9,11.068995921579099,4.5,42.6
31095,"Jefferson County, Nebraska",NE,2010,42665.0,,14.7,13.518585424200865,6.7,46.1
31097,"Johnson County, Nebraska",NE,2010,42083.0,,11.8,13.85627866781892,5.8,43.1
31099,"Kearney County, Nebraska",NE,2010,54518.0,,25.0,12.691697514542568,1.9,42.5
31101,"Keith County, Nebraska",NE,2010,42898.0,,19.5,7.870070374779608,3.6,46.0
31103,"Keya Paha County, Nebraska",NE,2010,32000.0,,14.0,0.9572150732916298,0.0,53.9
31105,"Kimball County, Nebraska",NE,2010,42010.0,,19.8,4.00654661733593,3.2,45.7
31107,"Knox County, Nebraska",NE,2010,36798.0,,17.5,7.904781752422092,3.7,45.8
31109,"Lancaster County, Nebraska",NE,2010,50849.0,,35.3,333.6210735695669,5.3,32.4
31111,"Lincoln County, Nebraska",NE,2010,45181.0,,19.0,14.104924068108605,5.4,39.1
31113,"Logan County, Nebraska",NE,2010,45192.0,,18.8,1.1950278430974002,2.8,45.1
31115,"Loup County, Nebraska",NE,2010,34219.0,,10.0,1.1268435426541337,1.3,47.0
31117,"McPherson County, Nebraska",NE,2010,50625.0,,24.3,0.5690976485443786,0.4,36.6
31119,"Madison County, Nebraska",NE,2010,44089.0,,20.0,60.63336721257654,3.9,36.8
31121,"Merrick County, Nebraska",NE,2010,46116.0,,13.5,15.975076909815929,6.1,42.1
31123,"Morrill County, Nebraska",NE,2010,37717.0,,21.0,3.5610529930471335,5.0,43.3
31125,"Nance County, Nebraska",NE,2010,41610.0,,11.6,8.503208800764495,5.3,44.7
31127,"Nemaha County, Nebraska",NE,2010,42534.0,,23.0,17.79432810394303,5.9,41.7
31129,"Nuckolls County, Nebraska",NE,2010,31761.0,,12.4,7.968286809642619,4.0,48.6
31131,"Otoe County, Nebraska",NE,2010,47493.0,,21.5,25.567517347124404,4.5,42.9
31133,"Pawnee County, Nebraska",NE,2010,41969.0,,14.8,6.41883662935684,3.1,48.6
31135,"Perkins County, Nebraska",NE,2010,47000.0,,18.4,3.377058868147531,2.1,42.6
31137,"Phelps County, Nebraska",NE,2010,45221.0,,22.7,17.106652587117214,2.5,42.0
31139,"Pierce County, Nebraska",NE,2010,48318.0,,14.3,12.748386826666945,2.4,41.9
31141,"Platte County, Nebraska",NE,2010,49523.0,,18.9,46.99206290334545,4.6,38.3
31143,"Polk County, Nebraska",NE,2010,48444.0,,16.1,12.337264145566952,4.6,44.7
31145,"Red Willow County, Nebraska",NE,2010,41927.0,,21.6,15.437806657126998,5.9,42.9
31147,"Richardson County, Nebraska",NE,2010,35165.0,,15.2,15.32144222701829,6.0,47.1
31149,"Rock County, Nebraska",NE,2010,39159.0,,23.3,1.6374208687355758,0.3,48.7
31151,"Saline County, Nebraska",NE,2010,45469.0,,15.3,24.558365748587693,4.8,35.9
31153,"Sarpy County, Nebraska",NE,2010,68280.0,,36.1,639.1405327991063,4.8,32.7
31155,"Saunders County, Nebraska",NE,2010,57699.0,,23.7,27.429873098615623,3.2,41.6
31157,"Scotts Bluff County, Nebraska",NE,2010,39004.0,,19.5,49.443759396869694,4.4,39.0
31159,"Seward County, Nebraska",NE,2010,55877.0,,27.3,29.09892725268187,4.0,37.8
31161,"Sheridan County, Nebraska",NE,2010,33608.0,,22.6,2.2688492083813863,5.0,46.3
31163,"Sherman County, Nebraska",NE,2010,38631.0,,15.7,5.556213362834518,2.6,47.2
31165,"Sioux County, Nebraska",NE,2010,42386.0,,26.0,0.6483697371973588,1.6,48.9
31167,"Stanton County, Nebraska",NE,2010,47713.0,,12.0,14.515631138800023,5.5,39.4
31169,"Thayer County, Nebraska",NE,2010,39159.0,,16.1,9.170330790666547,1.1,48.3
31171,"Thomas County, Nebraska",NE,2010,48250.0,,16.2,1.0609379758257704,0.7,47.0
31173,"Thurston County, Nebraska",NE,2010,39048.0,,13.2,17.54898573112728,14.6,28.9
31175,"Valley County, Nebraska",NE,2010,38588.0,,17.1,7.540766609400964,1.1,47.0
31177,"Washington County, Nebraska",NE,2010,61940.0,,29.1,51.667235105409056,3.4,40.2
31179,"Wayne County, Nebraska",NE,2010,45000.0,,28.0,21.61357909851981,5.8,28.3
31181,"Webster County, Nebraska",NE,2010,38015.0,,12.7,6.635786632064329,2.0,47.4
31183,"Wheeler County, Nebraska",NE,2010,37222.0,,23.5,1.3056714124026614,0.0,45.8
31185,"York County, Nebraska",NE,2010,47689.0,,21.5,24.254598172957678,1.3,40.6
39159,"Union County, Ohio",OH,2011,68279.0,,27.4,119.36983363404121,5.9,36.5
39131,"Pike County, Ohio",OH,2011,39669.0,,12.6,65.15142567717963,19.3,38.7
39125,"Paulding County, Ohio",OH,2011,43683.0,,11.1,47.10218881698224,9.7,40.7
39061,"Hamilton County, Ohio",OH,2011,49218.0,,32.9,1976.3422930536474,8.6,37.0
39049,"Franklin County, Ohio",OH,2011,50045.0,,35.5,2166.856054558739,8.3,33.4
39101,"Marion County, Ohio",OH,2011,41337.0,,12.4,164.69047017627278,9.4,39.4
39157,"Tuscarawas County, Ohio",OH,2011,42846.0,,15.0,163.1349920424964,7.9,40.7
39169,"Wayne County, Ohio",OH,2011,49261.0,,19.2,206.3991896018126,6.8,38.1
39015,"Brown County, Ohio",OH,2011,46046.0,,10.4,91.28513736280571,11.5,39.4
39017,"Butler County, Ohio",OH,2011,55497.0,,26.5,784.883521533726,8.6,35.9
39067,"Harrison County, Ohio",OH,2011,36920.0,,8.6,39.43022039067335,7.1,43.6
39083,"Knox County, Ohio",OH,2011,48734.0,,20.0,115.36273142289518,8.2,38.1
39089,"Licking County, Ohio",OH,2011,54699.0,,22.4,241.9452923169804,7.7,38.9
39139,"Richland County, Ohio",OH,2011,43098.0,,15.1,252.89614661559247,9.4,40.6
39163,"Vinton County, Ohio",OH,2011,34399.0,,7.9,32.63410612086526,11.3,39.5
39019,"Carroll County, Ohio",OH,2011,43323.0,,12.0,73.2694393480178,7.3,42.8
39063,"Hancock County, Ohio",OH,2011,49888.0,,24.2,140.86858325883404,7.6,37.9
39025,"Clermont County, Ohio",OH,2011,60219.0,,25.4,434.7070001767721,7.1,38.3
39045,"Fairfield County, Ohio",OH,2011,58249.0,,24.9,287.8213198774697,7.6,37.8
39039,"Defiance County, Ohio",OH,2011,46864.0,,16.5,94.94713816988698,10.2,39.0
39071,"Highland County, Ohio",OH,2011,40423.0,,10.4,78.88675137953729,13.1,38.6
39069,"Henry County, Ohio",OH,2011,48932.0,,14.4,68.15461166798875,9.9,39.1
39081,"Jefferson County, Ohio",OH,2011,39453.0,,14.2,170.71282257353155,8.8,43.7
39133,"Portage County, Ohio",OH,2011,51441.0,,24.5,329.7319477641797,9.9,37.2
39137,"Putnam County, Ohio",OH,2011,59378.0,,18.6,71.5913989190623,5.2,38.6
39013,"Belmont County, Ohio",OH,2011,39712.0,,13.5,132.19776481930066,7.6,43.3
39027,"Clinton County, Ohio",OH,2011,47264.0,,14.6,103.48126273759515,11.6,37.8
39047,"Fayette County, Ohio",OH,2011,39263.0,,13.4,71.25437726553483,12.0,39.3
39127,"Perry County, Ohio",OH,2011,42860.0,,9.5,88.30840282986954,11.2,38.0
39129,"Pickaway County, Ohio",OH,2011,51418.0,,14.1,110.74600780483134,7.6,38.4
39097,"Madison County, Ohio",OH,2011,54366.0,,16.4,92.63568720562284,6.0,38.6
39119,"Muskingum County, Ohio",OH,2011,40590.0,,13.9,129.40714412546308,11.2,39.5
39143,"Sandusky County, Ohio",OH,2011,47277.0,,13.4,149.6352689309877,7.5,40.5
39161,"Van Wert County, Ohio",OH,2011,45111.0,,13.9,70.58535989245998,9.7,39.7
39167,"Washington County, Ohio",OH,2011,43185.0,,15.0,98.01985524720953,8.8,42.3
39011,"Auglaize County, Ohio",OH,2011,52838.0,,16.1,114.56745094522009,7.1,39.7
39037,"Darke County, Ohio",OH,2011,45055.0,,10.9,88.45815596670802,10.0,40.3
39123,"Ottawa County, Ohio",OH,2011,53614.0,,19.8,162.96563854513474,7.3,45.9
39065,"Hardin County, Ohio",OH,2011,39945.0,,13.9,68.31389476593979,10.5,34.4
39079,"Jackson County, Ohio",OH,2011,37243.0,,14.0,78.93221669719969,10.8,38.9
39077,"Huron County, Ohio",OH,2011,48358.0,,12.3,121.51112357108177,9.4,37.3
39009,"Athens County, Ohio",OH,2011,33546.0,,28.4,128.1897530795562,11.9,26.3
39001,"Adams County, Ohio",OH,2011,34232.0,,10.9,48.89941631042421,14.5,39.5
39103,"Medina County, Ohio",OH,2011,65578.0,,30.1,406.5102572498327,6.7,40.1
39095,"Lucas County, Ohio",OH,2011,41949.0,,23.0,1303.3742268071587,13.1,36.8
39121,"Noble County, Ohio",OH,2011,40239.0,,7.9,36.82803533561802,9.7,42.5
39147,"Seneca County, Ohio",OH,2011,41761.0,,16.0,103.26372984214902,10.7,38.8
39151,"Stark County, Ohio",OH,2011,45347.0,,20.7,653.8586564452904,9.7,40.9
39031,"Coshocton County, Ohio",OH,2011,40727.0,,11.5,65.55813244253423,11.0,40.8
39041,"Delaware County, Ohio",OH,2011,90022.0,,50.0,384.8406962023888,4.5,36.8
39055,"Geauga County, Ohio",OH,2011,66229.0,,34.3,233.51428050392082,5.9,42.8
39073,"Hocking County, Ohio",OH,2011,42227.0,,12.1,69.77588649789129,8.9,41.1
39085,"Lake County, Ohio",OH,2011,55968.0,,24.8,1002.0717930823919,7.1,42.2
39141,"Ross County, Ohio",OH,2011,44577.0,,14.1,112.98874291534985,13.8,39.5
39035,"Cuyahoga County, Ohio",OH,2011,44088.0,,28.6,2811.1287786164376,11.1,39.9
39075,"Holmes County, Ohio",OH,2011,44746.0,,9.3,100.00662546259926,5.9,29.4
39109,"Miami County, Ohio",OH,2011,51438.0,,19.7,252.1075172008334,7.2,40.4
39111,"Monroe County, Ohio",OH,2011,38811.0,,9.0,32.27618531432471,6.1,44.7
39155,"Trumbull County, Ohio",OH,2011,42441.0,,16.6,342.02015528206556,8.9,42.4
39173,"Wood County, Ohio",OH,2011,53610.0,,30.1,203.45711498763694,9.6,34.9
39005,"Ashland County, Ohio",OH,2011,45641.0,,18.4,126.08188904150718,10.0,39.4
39105,"Meigs County, Ohio",OH,2011,33708.0,,10.9,55.0288071201715,13.9,41.1
39021,"Champaign County, Ohio",OH,2011,48335.0,,14.9,93.45694178638614,10.6,39.5
39057,"Greene County, Ohio",OH,2011,57553.0,,34.7,389.15849975456945,7.5,36.9
39087,"Lawrence County, Ohio",OH,2011,38639.0,,13.8,138.05241810085292,7.4,40.0
39115,"Morgan County, Ohio",OH,2011,35855.0,,8.5,36.22972628990505,8.5,42.5
39175,"Wyandot County, Ohio",OH,2011,47958.0,,14.2,55.69469055910971,8.2,41.2
39043,"Erie County, Ohio",OH,2011,47466.0,,20.0,307.30874534398777,8.8,43.0
39091,"Logan County, Ohio",OH,2011,47378.0,,14.4,100.24732500774255,10.5,39.3
39153,"Summit County, Ohio",OH,2011,48790.0,,29.4,1313.4161674253196,9.4,40.0
39149,"Shelby County, Ohio",OH,2011,50527.0,,14.1,121.1423273337356,7.5,37.7
39171,"Williams County, Ohio",OH,2011,44604.0,,12.7,90.29857842438074,10.9,39.8
39029,"Columbiana County, Ohio",OH,2011,41003.0,,13.0,203.41143449071942,10.8,42.0
39051,"Fulton County, Ohio",OH,2011,51851.0,,15.1,105.32079408652672,10.2,39.2
39053,"Gallia County, Ohio",OH,2011,36918.0,,14.5,66.34943090476497,9.3,39.7
39099,"Mahoning County, Ohio",OH,2011,40570.0,,20.9,583.5674430360059,11.1,42.5
39145,"Scioto County, Ohio",OH,2011,33596.0,,13.2,129.7871817354891,12.0,38.6
39117,"Morrow County, Ohio",OH,2011,50252.0,,13.9,85.88298443370907,7.4,39.4
39135,"Preble County, Ohio",OH,2011,48874.0,,11.1,99.93258310428875,8.7,40.6
39003,"Allen County, Ohio",OH,2011,43323.0,,15.7,264.48720018879874,10.9,38.1
39033,"Crawford County, Ohio",OH,2011,41336.0,,11.0,109.50605546236056,10.6,41.6
39059,"Guernsey County, Ohio",OH,2011,38179.0,,11.5,77.01042021698254,9.7,40.4
39107,"Mercer County, Ohio",OH,2011,51236.0,,14.5,88.48149085192465,6.7,39.1
39023,"Clark County, Ohio",OH,2011,44037.0,,16.6,349.685166940891,10.1,40.3
39093,"Lorain County, Ohio",OH,2011,52194.0,,21.0,612.5768547058727,10.0,39.9
39113,"Montgomery County, Ohio",OH,2011,44585.0,,24.4,1164.8592936831176,10.4,39.0
39165,"Warren County, Ohio",OH,2011,71961.0,,36.5,524.7828372281884,6.9,37.2
39007,"Ashtabula County, Ohio",OH,2011,41501.0,,13.1,144.82378462454437,10.7,40.9
51095,"James City County, Virginia",VA,2011,75938.0,,45.6,462.5363673417757,4.6,44.6
51167,"Russell County, Virginia",VA,2011,32555.0,,10.5,60.96839864505284,7.6,42.6
51173,"Smyth County, Virginia",VA,2011,34533.0,,14.3,71.47793726741095,7.0,43.1
51515,"Bedford city, Virginia",VA,2011,34647.0,,20.8,,7.1,44.1
51678,"Lexington city, Virginia",VA,2011,33670.0,,43.6,2800.3201280512203,1.7,21.6
51031,"Campbell County, Virginia",VA,2011,45992.0,,16.1,108.27552080952769,7.0,40.9
51089,"Henry County, Virginia",VA,2011,33695.0,,11.3,142.60195474838565,12.3,43.9
51099,"King George County, Virginia",VA,2011,82173.0,,29.5,129.8294252566415,5.7,36.4
51103,"Lancaster County, Virginia",VA,2011,46625.0,,25.6,85.69756800144029,7.6,53.7
51105,"Lee County, Virginia",VA,2011,32588.0,,11.8,58.351593328096506,7.9,40.9
51115,"Mathews County, Virginia",VA,2011,54118.0,,22.7,104.75957677130984,5.8,49.9
51147,"Prince Edward County, Virginia",VA,2011,36789.0,,19.7,65.8673052413801,7.6,31.6
51149,"Prince George County, Virginia",VA,2011,62924.0,,16.8,133.86497425963475,8.0,37.1
51165,"Rockingham County, Virginia",VA,2011,51775.0,,22.6,89.00209346084735,4.7,40.2
51169,"Scott County, Virginia",VA,2011,35846.0,,11.6,43.31621960072934,6.9,44.6
51181,"Surry County, Virginia",VA,2011,53505.0,,11.5,25.18739984728391,10.0,44.7
51011,"Appomattox County, Virginia",VA,2011,47992.0,,13.9,44.34151946000287,9.4,42.5
51067,"Franklin County, Virginia",VA,2011,47606.0,,17.6,80.53894383226422,7.7,43.8
51117,"Mecklenburg County, Virginia",VA,2011,36069.0,,12.7,52.418800275063575,8.8,45.3
51121,"Montgomery County, Virginia",VA,2011,44231.0,,40.7,241.38483689934264,6.4,26.1
51015,"Augusta County, Virginia",VA,2011,51719.0,,19.1,76.02934211859693,4.8,42.7
51049,"Cumberland County, Virginia",VA,2011,45184.0,,14.1,33.37434532093561,9.3,41.2
51075,"Goochland County, Virginia",VA,2011,81288.0,,37.1,76.16592619907883,4.2,44.9
51083,"Halifax County, Virginia",VA,2011,34889.0,,14.1,44.32753558321746,10.6,44.1
51113,"Madison County, Virginia",VA,2011,59734.0,,21.4,41.532818942233924,5.9,44.5
51153,"Prince William County, Virginia",VA,2011,95531.0,,37.7,1167.582384804448,5.4,33.4
51175,"Southampton County, Virginia",VA,2011,46733.0,,12.7,30.996535357378885,6.4,43.4
51025,"Brunswick County, Virginia",VA,2011,34170.0,,13.5,30.999551422203538,11.8,40.4
51033,"Caroline County, Virginia",VA,2011,58707.0,,17.6,53.538075291592314,10.6,38.4
51131,"Northampton County, Virginia",VA,2011,36965.0,,21.0,59.00940900846433,8.5,46.5
51141,"Patrick County, Virginia",VA,2011,36057.0,,10.6,38.4570787279948,11.4,45.8
51163,"Rockbridge County, Virginia",VA,2011,45489.0,,22.0,37.388754876010616,4.2,46.0
51171,"Shenandoah County, Virginia",VA,2011,50535.0,,18.0,82.28444789097759,5.7,42.6
51720,"Norton city, Virginia",VA,2011,36944.0,,23.0,526.1468503410458,5.5,39.9
51790,"Staunton city, Virginia",VA,2011,42757.0,,27.9,1196.536144578313,5.8,42.9
51065,"Fluvanna County, Virginia",VA,2011,68615.0,,28.1,89.15877499416614,5.5,41.1
51007,"Amelia County, Virginia",VA,2011,51540.0,,13.7,35.54423683025664,7.6,41.4
51750,"Radford city, Virginia",VA,2011,29101.0,,36.0,1692.2281934683754,9.8,21.9
51840,"Winchester city, Virginia",VA,2011,46065.0,,29.2,2840.9659523550527,8.8,36.0
51001,"Accomack County, Virginia",VA,2011,41595.0,,17.4,75.00495196041993,7.6,44.2
51045,"Craig County, Virginia",VA,2011,54120.0,,15.0,15.720912654146018,1.9,43.6
51063,"Floyd County, Virginia",VA,2011,40761.0,,19.3,39.78756861622953,6.0,43.8
51071,"Giles County, Virginia",VA,2011,43012.0,,16.7,48.14066244149329,7.6,42.9
51077,"Grayson County, Virginia",VA,2011,31599.0,,11.9,35.54217549260387,5.0,46.6
51135,"Nottoway County, Virginia",VA,2011,37507.0,,11.9,50.399185724736796,8.6,42.1
51157,"Rappahannock County, Virginia",VA,2011,64113.0,,37.2,27.86328893427237,3.5,47.3
51036,"Charles City County, Virginia",VA,2011,47093.0,,12.4,39.49130950623561,8.3,46.4
51047,"Culpeper County, Virginia",VA,2011,66458.0,,21.8,122.43826924446249,6.2,37.4
51053,"Dinwiddie County, Virginia",VA,2011,50583.0,,13.0,55.000535835486595,9.5,40.7
51079,"Greene County, Virginia",VA,2011,58550.0,,21.6,117.28984847416109,4.7,39.1
51085,"Hanover County, Virginia",VA,2011,77506.0,,33.7,213.07198487680327,4.3,40.8
51111,"Lunenburg County, Virginia",VA,2011,35210.0,,9.6,29.94672226082928,8.3,43.5
51137,"Orange County, Virginia",VA,2011,56837.0,,21.9,97.4410545388445,9.2,42.5
51595,"Emporia city, Virginia",VA,2011,30481.0,,16.0,847.3348783314021,14.1,39.5
51197,"Wythe County, Virginia",VA,2011,40920.0,,14.9,63.028193405375454,9.3,42.9
51570,"Colonial Heights city, Virginia",VA,2011,51396.0,,21.2,2319.3243782417876,7.6,42.3
51660,"Harrisonburg city, Virginia",VA,2011,37850.0,,35.1,2781.5906338312475,6.5,22.6
51021,"Bland County, Virginia",VA,2011,42864.0,,10.8,19.211465926280088,5.1,44.9
51023,"Botetourt County, Virginia",VA,2011,65633.0,,22.9,60.885758836527025,4.4,44.3
51029,"Buckingham County, Virginia",VA,2011,36378.0,,13.5,29.36563938974126,8.1,41.7
51520,"Bristol city, Virginia",VA,2011,32122.0,,20.5,1376.5830160826665,11.5,41.1
51580,"Covington city, Virginia",VA,2011,36242.0,,10.7,1093.8014262205156,4.9,43.8
51830,"Williamsburg city, Virginia",VA,2011,50742.0,,47.3,1537.3685388230028,6.5,23.3
51810,"Virginia Beach city, Virginia",VA,2011,65910.0,,32.3,1785.6065837702217,5.8,34.7
51035,"Carroll County, Virginia",VA,2011,35841.0,,12.6,63.196164669800986,8.5,44.9
51191,"Washington County, Virginia",VA,2011,41526.0,,21.0,97.34262544258392,6.1,43.1
51193,"Westmoreland County, Virginia",VA,2011,52258.0,,14.9,75.81347077958888,9.9,46.1
51139,"Page County, Virginia",VA,2011,43435.0,,12.1,77.73989503936829,9.8,42.8
51155,"Pulaski County, Virginia",VA,2011,40987.0,,14.7,109.1173996917199,10.0,43.6
51510,"Alexandria city, Virginia",VA,2011,82899.0,,60.1,9170.940743220623,4.5,35.6
51590,"Danville city, Virginia",VA,2011,31011.0,,16.9,1014.8608547328084,13.8,42.9
51650,"Hampton city, Virginia",VA,2011,51083.0,,22.5,2684.518373136939,8.3,35.5
51009,"Amherst County, Virginia",VA,2011,44383.0,,16.2,68.23120840911297,7.5,42.0
51017,"Bath County, Virginia",VA,2011,52500.0,,13.3,8.970109712359363,2.2,46.4
51027,"Buchanan County, Virginia",VA,2011,30606.0,,9.4,48.07160726572723,9.5,43.4
51700,"Newport News city, Virginia",VA,2011,50942.0,,23.5,2623.737117511487,8.8,32.2
51179,"Stafford County, Virginia",VA,2011,94658.0,,35.9,471.9117401236976,6.2,34.3
51680,"Lynchburg city, Virginia",VA,2011,37733.0,,30.1,1528.2791571381902,10.4,31.0
51760,"Richmond city, Virginia",VA,2011,39201.0,,32.9,3390.32123487693,11.0,32.4
51690,"Martinsville city, Virginia",VA,2011,32440.0,,18.7,1267.0682730923695,12.9,43.3
51057,"Essex County, Virginia",VA,2011,44581.0,,16.2,42.858530708998,6.4,44.0
51185,"Tazewell County, Virginia",VA,2011,36436.0,,13.9,86.36811355632614,8.1,43.6
51530,"Buena Vista city, Virginia",VA,2011,35426.0,,15.5,1032.4634979807395,7.7,38.3
51685,"Manassas Park city, Virginia",VA,2011,70137.0,,22.5,4534.937376400791,4.9,30.6
51730,"Petersburg city, Virginia",VA,2011,36289.0,,13.9,1423.2834507042255,14.0,39.4
51183,"Sussex County, Virginia",VA,2011,40088.0,,10.1,24.778367528446065,9.5,40.2
51600,"Fairfax city, Virginia",VA,2011,99300.0,,52.7,3570.0320512820513,4.4,38.5
51683,"Manassas city, Virginia",VA,2011,73091.0,,27.6,3739.8150970232655,7.3,31.9
51770,"Roanoke city, Virginia",VA,2011,37753.0,,22.4,2263.9166529479553,7.1,38.6
51800,"Suffolk city, Virginia",VA,2011,65351.0,,25.3,209.10161338811503,7.3,37.8
51037,"Charlotte County, Virginia",VA,2011,37173.0,,15.2,26.511899952871474,8.8,42.9
51041,"Chesterfield County, Virginia",VA,2011,72886.0,,36.0,739.070993091007,6.0,37.2
51081,"Greensville County, Virginia",VA,2011,42000.0,,7.8,41.30381028835439,8.5,41.3
51093,"Isle of Wight County, Virginia",VA,2011,64925.0,,25.2,111.16144257725264,6.3,43.5
51620,"Franklin city, Virginia",VA,2011,33956.0,,20.1,1035.399299263018,13.8,40.1
51540,"Charlottesville city, Virginia",VA,2011,43980.0,,48.5,4173.548072230356,5.7,27.6
51087,"Henrico County, Virginia",VA,2011,61206.0,,39.2,1300.288862736707,7.0,37.3
51101,"King William County, Virginia",VA,2011,64982.0,,18.8,57.420320543244124,6.7,39.3
51109,"Louisa County, Virginia",VA,2011,56502.0,,18.1,66.13311463356004,5.5,42.8
51119,"Middlesex County, Virginia",VA,2011,53615.0,,25.3,83.28857515537482,4.1,50.3
51159,"Richmond County, Virginia",VA,2011,46456.0,,9.7,48.62177378079988,4.6,42.8
51177,"Spotsylvania County, Virginia",VA,2011,78299.0,,29.7,302.7014638326707,6.9,36.1
51043,"Clarke County, Virginia",VA,2011,77048.0,,30.7,80.0361501253318,4.8,44.2
51097,"King and Queen County, Virginia",VA,2011,48170.0,,11.3,22.040368206784727,5.5,45.3
51127,"New Kent County, Virginia",VA,2011,71198.0,,22.9,86.10945794748494,7.7,42.4
51051,"Dickenson County, Virginia",VA,2011,30556.0,,8.9,48.185661414249005,9.8,43.6
51107,"Loudoun County, Virginia",VA,2011,120096.0,,57.6,588.1455312581194,4.3,34.6
51161,"Roanoke County, Virginia",VA,2011,62895.0,,32.8,367.2869070996376,4.6,42.6
51091,"Highland County, Virginia",VA,2011,43045.0,,22.1,5.670062120179303,0.9,54.8
51073,"Gloucester County, Virginia",VA,2011,62067.0,,20.0,168.683715164593,5.2,41.9
51145,"Powhatan County, Virginia",VA,2011,76235.0,,24.3,107.25128938286409,4.2,41.7
51061,"Fauquier County, Virginia",VA,2011,87958.0,,32.3,100.32191656095581,5.5,40.8
51550,"Chesapeake city, Virginia",VA,2011,70115.0,,28.1,652.4836315503344,6.0,36.7
51003,"Albemarle County, Virginia",VA,2011,65934.0,,51.8,135.99140563408432,4.3,37.9
51019,"Bedford County, Virginia",VA,2011,56021.0,,24.8,89.82323471524948,6.0,43.4
51195,"Wise County, Virginia",VA,2011,34717.0,,12.7,102.87775133848899,8.5,39.4
51740,"Portsmouth city, Virginia",VA,2011,46340.0,,19.1,2884.778234887841,8.2,35.3
51005,"Alleghany County, Virginia",VA,2011,44329.0,,15.3,36.55849448689125,7.3,45.1
51640,"Galax city, Virginia",VA,2011,24711.0,,13.0,844.9490043710539,3.8,45.0
51133,"Northumberland County, Virginia",VA,2011,51256.0,,22.2,64.93689665259727,5.2,53.1
51187,"Warren County, Virginia",VA,2011,61379.0,,21.7,173.92135025186744,5.9,39.8
51630,"Fredericksburg city, Virginia",VA,2011,44498.0,,31.6,2298.086124401914,9.7,29.3
51013,"Arlington County, Virginia",VA,2011,99651.0,,70.7,7808.55483324999,3.4,33.8
51670,"Hopewell city, Virginia",VA,2011,36477.0,,10.6,2179.061232373962,17.5,35.8
51069,"Frederick County, Virginia",VA,2011,66440.0,,24.2,187.0502378157261,5.5,38.8
51199,"York County, Virginia",VA,2011,83747.0,,41.6,623.5399734497216,4.5,39.7
51125,"Nelson County, Virginia",VA,2011,47426.0,,24.6,31.96847550159853,5.7,47.2
51143,"Pittsylvania County, Virginia",VA,2011,40333.0,,12.7,65.21548436898544,10.0,43.9
51610,"Falls Church city, Virginia",VA,2011,120332.0,,72.0,5786.901270772239,6.3,38.8
51735,"Poquoson city, Virginia",VA,2011,86611.0,,36.7,787.7189555251678,4.7,42.9
51820,"Waynesboro city, Virginia",VA,2011,43605.0,,21.1,1403.2064128256513,9.9,38.7
51775,"Salem city, Virginia",VA,2011,48050.0,,30.1,1703.961419221495,6.9,39.9
51710,"Norfolk city, Virginia",VA,2011,43914.0,,24.7,4541.398404504927,10.4,29.6
51059,"Fairfax County, Virginia",VA,2011,108439.0,,58.2,2722.961170883405,4.7,37.4
31083,"Harlan County, Nebraska",NE,2011,45396.0,,17.5,6.213570481294243,1.9,48.3
31185,"York County, Nebraska",NE,2011,48655.0,,22.4,24.111369233725174,1.5,41.4
31019,"Buffalo County, Nebraska",NE,2011,49851.0,,31.5,47.3466774080271,4.3,32.3
31037,"Colfax County, Nebraska",NE,2011,46685.0,,12.7,25.07488211987455,7.5,35.2
31087,"Hitchcock County, Nebraska",NE,2011,36920.0,,12.8,4.098920617570706,4.6,48.5
31141,"Platte County, Nebraska",NE,2011,51273.0,,17.6,47.41933091016987,4.7,39.1
31143,"Polk County, Nebraska",NE,2011,50298.0,,16.1,12.293951503518583,4.0,45.1
31013,"Box Butte County, Nebraska",NE,2011,44118.0,,21.1,10.585252993405023,4.8,40.9
31017,"Brown County, Nebraska",NE,2011,29856.0,,17.8,2.581556892503087,2.6,46.9
31161,"Sheridan County, Nebraska",NE,2011,34588.0,,21.2,2.2483648348857073,4.8,46.1
31109,"Lancaster County, Nebraska",NE,2011,51059.0,,35.9,337.80345550950915,5.9,32.5
31129,"Nuckolls County, Nebraska",NE,2011,32444.0,,13.0,7.890047030800393,4.2,49.2
31007,"Banner County, Nebraska",NE,2011,27167.0,,23.5,0.9423099864752379,1.8,48.3
31063,"Frontier County, Nebraska",NE,2011,47552.0,,19.4,2.851335531088176,5.2,43.7
31055,"Douglas County, Nebraska",NE,2011,52929.0,,35.7,1567.794195590168,6.7,33.6
31147,"Richardson County, Nebraska",NE,2011,39512.0,,15.4,15.214527372920823,6.9,47.2
31089,"Holt County, Nebraska",NE,2011,46292.0,,16.6,4.32640232930152,1.5,45.7
31065,"Furnas County, Nebraska",NE,2011,38650.0,,17.2,6.851315196653744,2.9,47.3
31151,"Saline County, Nebraska",NE,2011,45347.0,,14.1,24.683787959816115,6.3,35.8
31173,"Thurston County, Nebraska",NE,2011,39568.0,,13.3,17.582015529086547,13.7,28.9
31177,"Washington County, Nebraska",NE,2011,64737.0,,27.4,51.798018755914114,3.5,40.8
31031,"Cherry County, Nebraska",NE,2011,41929.0,,22.9,0.9647291661283758,1.6,46.2
31053,"Dodge County, Nebraska",NE,2011,44744.0,,17.3,69.27477994280497,6.6,40.0
31069,"Garden County, Nebraska",NE,2011,35861.0,,19.9,1.1803924673017214,3.9,51.6
31123,"Morrill County, Nebraska",NE,2011,42075.0,,21.3,3.5477104557038293,5.6,42.6
31127,"Nemaha County, Nebraska",NE,2011,41424.0,,23.6,17.77959973194363,6.5,41.8
31171,"Thomas County, Nebraska",NE,2011,51375.0,,18.7,1.034274190719038,0.7,46.4
31043,"Dakota County, Nebraska",NE,2011,43294.0,,10.8,78.71316351087499,4.9,33.0
31003,"Antelope County, Nebraska",NE,2011,40474.0,,15.5,7.8130377515437655,3.0,46.1
31029,"Chase County, Nebraska",NE,2011,40465.0,,15.9,4.401740124035826,3.5,44.2
31035,"Clay County, Nebraska",NE,2011,45590.0,,16.8,11.410318912297807,4.6,43.4
31041,"Custer County, Nebraska",NE,2011,43657.0,,19.1,4.2561055818580105,4.1,44.8
31061,"Franklin County, Nebraska",NE,2011,40556.0,,16.5,5.559067479889409,3.8,48.3
31081,"Hamilton County, Nebraska",NE,2011,54980.0,,22.3,16.8508236335799,3.5,41.9
31095,"Jefferson County, Nebraska",NE,2011,42979.0,,13.6,13.36249381772008,5.5,46.0
31101,"Keith County, Nebraska",NE,2011,42705.0,,19.7,7.85688452206935,3.1,47.2
31115,"Loup County, Nebraska",NE,2011,36250.0,,14.7,1.1871784724970322,0.0,44.9
31135,"Perkins County, Nebraska",NE,2011,52266.0,,18.0,3.3578131421138373,2.3,42.9
31155,"Saunders County, Nebraska",NE,2011,58348.0,,22.8,27.552715347803794,3.0,41.7
31157,"Scotts Bluff County, Nebraska",NE,2011,40939.0,,19.6,49.66009020994906,6.0,38.9
31103,"Keya Paha County, Nebraska",NE,2011,38125.0,,14.4,0.9869663525966399,0.0,54.1
31105,"Kimball County, Nebraska",NE,2011,43191.0,,19.8,3.985536933972868,4.6,45.6
31111,"Lincoln County, Nebraska",NE,2011,49521.0,,19.2,14.117403885903267,5.6,38.7
31139,"Pierce County, Nebraska",NE,2011,51205.0,,14.5,12.676864678350944,3.7,42.0
31165,"Sioux County, Nebraska",NE,2011,42386.0,,24.7,0.6464343051460234,3.0,48.0
31021,"Burt County, Nebraska",NE,2011,45813.0,,18.6,14.038235425744427,4.2,46.7
31025,"Cass County, Nebraska",NE,2011,63608.0,,23.7,45.26802871460688,5.4,41.2
31039,"Cuming County, Nebraska",NE,2011,46847.0,,17.6,16.11506655308647,2.2,43.1
31051,"Dixon County, Nebraska",NE,2011,44840.0,,15.1,12.593728340089475,4.9,40.4
31057,"Dundy County, Nebraska",NE,2011,40278.0,,21.7,2.1616261343644187,1.9,47.3
31075,"Grant County, Nebraska",NE,2011,39531.0,,15.5,0.863594535287039,2.1,47.3
31077,"Greeley County, Nebraska",NE,2011,42396.0,,14.9,4.440068724541997,2.9,41.2
31079,"Hall County, Nebraska",NE,2011,47469.0,,16.6,105.69007485495709,5.4,35.5
31085,"Hayes County, Nebraska",NE,2011,45536.0,,14.8,1.3729521416090045,1.5,46.5
31131,"Otoe County, Nebraska",NE,2011,50000.0,,22.2,25.58375997297227,4.5,43.4
31145,"Red Willow County, Nebraska",NE,2011,42627.0,,20.4,15.395966003073895,4.9,42.5
31027,"Cedar County, Nebraska",NE,2011,42857.0,,16.1,11.940657404855695,2.7,43.9
31045,"Dawes County, Nebraska",NE,2011,36396.0,,37.2,6.574089921805569,5.6,33.0
31097,"Johnson County, Nebraska",NE,2011,43643.0,,11.1,13.827029183008708,6.1,43.1
31033,"Cheyenne County, Nebraska",NE,2011,50143.0,,26.3,8.40797051524739,3.8,40.3
31047,"Dawson County, Nebraska",NE,2011,45038.0,,15.4,23.94825967687963,5.2,36.1
31071,"Garfield County, Nebraska",NE,2011,38973.0,,13.3,3.697328438691093,1.7,47.0
31117,"McPherson County, Nebraska",NE,2011,57917.0,,22.7,0.47832133650662495,1.2,43.5
31125,"Nance County, Nebraska",NE,2011,43399.0,,12.7,8.473770261640677,5.6,44.6
31167,"Stanton County, Nebraska",NE,2011,49236.0,,14.1,14.4220875194103,4.5,39.3
31175,"Valley County, Nebraska",NE,2011,42897.0,,18.4,7.486199904244234,1.3,48.8
31009,"Blaine County, Nebraska",NE,2011,39688.0,,14.3,0.8231425471829529,1.0,45.2
31049,"Deuel County, Nebraska",NE,2011,37500.0,,18.1,4.471968916746808,2.9,49.9
31113,"Logan County, Nebraska",NE,2011,45625.0,,19.8,1.2563562514675013,0.0,45.8
31169,"Thayer County, Nebraska",NE,2011,43198.0,,16.9,9.116305656780067,1.7,48.7
31001,"Adams County, Nebraska",NE,2011,47469.0,,22.4,55.356718044859164,5.3,37.7
31011,"Boone County, Nebraska",NE,2011,41691.0,,12.8,8.028630398969911,3.2,45.3
31149,"Rock County, Nebraska",NE,2011,39977.0,,22.1,1.5878321083256552,0.6,49.2
31163,"Sherman County, Nebraska",NE,2011,41250.0,,15.8,5.538540928474357,3.3,49.5
31093,"Howard County, Nebraska",NE,2011,46358.0,,15.5,11.06197021804271,5.0,43.1
31073,"Gosper County, Nebraska",NE,2011,42875.0,,16.3,4.465737577893944,2.1,45.8
31153,"Sarpy County, Nebraska",NE,2011,69018.0,,35.5,654.6549573500321,4.9,32.9
31015,"Boyd County, Nebraska",NE,2011,37375.0,,13.7,3.8800966783038704,1.8,49.0
31059,"Fillmore County, Nebraska",NE,2011,44031.0,,16.8,10.280323478242734,2.2,45.7
31091,"Hooker County, Nebraska",NE,2011,39125.0,,26.5,0.9956181707249432,1.8,49.8
31159,"Seward County, Nebraska",NE,2011,59088.0,,26.5,29.118177204556993,3.4,38.0
31181,"Webster County, Nebraska",NE,2011,38538.0,,16.5,6.613174515100545,3.7,47.3
31023,"Butler County, Nebraska",NE,2011,48804.0,,15.5,14.293212604698637,2.6,44.1
31005,"Arthur County, Nebraska",NE,2011,43194.0,,21.9,0.6264402532608452,0.0,37.7
31067,"Gage County, Nebraska",NE,2011,45573.0,,19.7,26.33473523743307,6.7,43.3
31099,"Kearney County, Nebraska",NE,2011,54611.0,,25.5,12.683949225461651,2.1,42.3
31119,"Madison County, Nebraska",NE,2011,45077.0,,20.9,60.45523923286217,4.0,37.1
31137,"Phelps County, Nebraska",NE,2011,44570.0,,22.1,17.02513940606532,3.1,43.8
31179,"Wayne County, Nebraska",NE,2011,46418.0,,29.1,21.516495227085947,7.0,27.7
31107,"Knox County, Nebraska",NE,2011,38965.0,,17.7,7.855162601956077,3.4,46.1
31121,"Merrick County, Nebraska",NE,2011,49262.0,,14.7,15.942240163855361,5.3,42.4
31133,"Pawnee County, Nebraska",NE,2011,44477.0,,13.7,6.384039900249377,4.5,48.9
31183,"Wheeler County, Nebraska",NE,2011,39653.0,,23.5,1.210049671148139,1.5,45.1
39159,"Union County, Ohio",OH,2012,65866.0,7.3,27.8,120.79192327201054,6.2,36.8
39131,"Pike County, Ohio",OH,2012,39735.0,22.0,12.7,65.07647371457385,19.1,39.8
39125,"Paulding County, Ohio",OH,2012,44099.0,14.0,12.5,46.8788646487447,9.5,40.5
39061,"Hamilton County, Ohio",OH,2012,49104.0,17.1,33.2,1976.6555584881366,9.2,37.1
39049,"Franklin County, Ohio",OH,2012,50700.0,17.7,36.0,2192.8000045077447,8.5,33.5
39101,"Marion County, Ohio",OH,2012,40966.0,19.6,12.1,164.71771098002506,9.5,40.0
39157,"Tuscarawas County, Ohio",OH,2012,43869.0,13.6,14.7,163.08388072380677,8.7,40.8
39169,"Wayne County, Ohio",OH,2012,49241.0,11.8,19.4,206.64432784355856,6.6,38.4
39015,"Brown County, Ohio",OH,2012,45807.0,12.8,10.4,91.2401974903124,12.0,39.9
39017,"Butler County, Ohio",OH,2012,56253.0,13.6,26.8,788.8747417067503,9.0,36.1
39067,"Harrison County, Ohio",OH,2012,37088.0,19.4,7.8,39.31588667042808,7.1,44.2
39083,"Knox County, Ohio",OH,2012,49323.0,14.6,20.4,115.68242755932931,7.9,39.0
39089,"Licking County, Ohio",OH,2012,54247.0,12.4,22.0,243.4472844714526,7.9,39.1
39139,"Richland County, Ohio",OH,2012,42894.0,14.8,15.0,250.96773802720773,9.8,41.0
39163,"Vinton County, Ohio",OH,2012,34432.0,21.4,7.9,32.48860219225919,10.5,39.5
39019,"Carroll County, Ohio",OH,2012,43127.0,15.0,11.4,73.05403789038346,7.8,43.2
39063,"Hancock County, Ohio",OH,2012,49350.0,13.6,24.6,141.23747235684374,8.5,38.4
39025,"Clermont County, Ohio",OH,2012,60590.0,10.3,25.4,436.501237404985,7.8,38.6
39045,"Fairfield County, Ohio",OH,2012,58971.0,11.4,25.8,289.7465129420162,8.0,38.2
39039,"Defiance County, Ohio",OH,2012,46377.0,14.6,16.4,94.72596913355207,11.0,39.1
39071,"Highland County, Ohio",OH,2012,39641.0,17.6,11.1,78.56672765800494,14.1,39.0
39069,"Henry County, Ohio",OH,2012,49423.0,12.5,13.3,67.89740631234827,10.1,39.6
39081,"Jefferson County, Ohio",OH,2012,40115.0,16.8,14.8,169.9066950240613,9.1,43.9
39133,"Portage County, Ohio",OH,2012,51969.0,15.1,24.6,330.6859798319673,10.7,37.4
39137,"Putnam County, Ohio",OH,2012,60693.0,7.5,19.7,71.38209158128585,5.1,38.8
39013,"Belmont County, Ohio",OH,2012,41676.0,14.6,13.9,131.8895677159776,8.2,43.5
39027,"Clinton County, Ohio",OH,2012,46443.0,15.4,13.9,103.15097215528061,12.1,38.4
39047,"Fayette County, Ohio",OH,2012,38864.0,19.3,13.4,71.19531647968186,12.1,39.4
39127,"Perry County, Ohio",OH,2012,42222.0,18.2,10.1,88.46038820005197,11.5,38.3
39129,"Pickaway County, Ohio",OH,2012,53750.0,13.5,15.9,111.31660641464563,7.9,38.4
39097,"Madison County, Ohio",OH,2012,54647.0,11.1,17.6,92.76878754180854,6.3,39.0
39119,"Muskingum County, Ohio",OH,2012,40398.0,17.3,13.8,129.4056393387365,10.3,39.6
39143,"Sandusky County, Ohio",OH,2012,46785.0,13.9,13.3,149.0326910735194,8.0,40.9
39161,"Van Wert County, Ohio",OH,2012,44602.0,10.4,15.0,70.40938531101064,9.8,40.2
39167,"Washington County, Ohio",OH,2012,43829.0,15.6,15.9,97.71129824961153,8.9,42.7
39011,"Auglaize County, Ohio",OH,2012,52267.0,7.9,16.4,114.43790048531596,7.4,40.2
39037,"Darke County, Ohio",OH,2012,44311.0,12.0,11.5,88.2391297805391,9.7,40.8
39123,"Ottawa County, Ohio",OH,2012,53850.0,10.0,20.3,162.7182926063195,6.6,46.5
39065,"Hardin County, Ohio",OH,2012,40732.0,18.0,14.0,68.01407657059018,10.6,34.8
39079,"Jackson County, Ohio",OH,2012,36903.0,24.8,14.0,78.83229045228522,11.7,39.1
39077,"Huron County, Ohio",OH,2012,48335.0,14.7,12.4,121.13529293458718,9.8,37.6
39009,"Athens County, Ohio",OH,2012,33836.0,32.2,28.3,128.24931896339478,11.7,26.4
39001,"Adams County, Ohio",OH,2012,34282.0,23.1,10.7,48.853173298257154,16.1,39.8
39103,"Medina County, Ohio",OH,2012,65768.0,7.3,29.9,408.8995819274993,6.4,40.5
39095,"Lucas County, Ohio",OH,2012,41436.0,20.5,22.9,1298.9286439794737,13.6,37.1
39121,"Noble County, Ohio",OH,2012,39544.0,14.1,8.9,36.790348029707644,10.4,44.5
39147,"Seneca County, Ohio",OH,2012,42375.0,14.9,15.7,102.77192001829316,11.2,38.8
39151,"Stark County, Ohio",OH,2012,45689.0,14.5,20.7,652.9043136641374,10.2,41.2
39031,"Coshocton County, Ohio",OH,2012,41885.0,17.0,11.8,65.39146222969282,10.1,41.3
39041,"Delaware County, Ohio",OH,2012,90499.0,4.7,49.8,393.67072325887347,4.4,37.2
39055,"Geauga County, Ohio",OH,2012,66127.0,8.3,34.8,233.53676358540199,6.2,43.3
39073,"Hocking County, Ohio",OH,2012,40556.0,16.7,12.8,69.70943327265522,10.3,41.9
39085,"Lake County, Ohio",OH,2012,56231.0,9.3,24.8,1002.6300867972259,7.6,42.5
39141,"Ross County, Ohio",OH,2012,44089.0,19.1,13.7,112.80446220504203,14.4,39.8
39035,"Cuyahoga County, Ohio",OH,2012,43861.0,17.7,29.1,2795.2608314323147,11.7,40.2
39075,"Holmes County, Ohio",OH,2012,44091.0,15.6,8.3,100.56742354689408,6.1,29.7
39109,"Miami County, Ohio",OH,2012,52292.0,12.3,20.3,252.52569977934718,8.3,40.8
39111,"Monroe County, Ohio",OH,2012,41677.0,16.3,10.5,32.210355852129474,6.4,45.0
39155,"Trumbull County, Ohio",OH,2012,42488.0,16.8,16.4,339.65646391123784,9.6,42.8
39173,"Wood County, Ohio",OH,2012,53441.0,13.8,29.4,204.57189522362037,10.0,35.1
39005,"Ashland County, Ohio",OH,2012,44996.0,16.3,19.2,125.77927926862999,10.8,39.5
39105,"Meigs County, Ohio",OH,2012,34704.0,21.6,11.4,55.01950700066496,14.1,41.5
39021,"Champaign County, Ohio",OH,2012,50214.0,14.8,15.2,93.20052495518533,10.3,39.7
39057,"Greene County, Ohio",OH,2012,57992.0,13.4,35.4,391.56686228567145,8.0,37.0
39087,"Lawrence County, Ohio",OH,2012,40244.0,16.0,14.9,137.7193737000792,8.1,40.0
39115,"Morgan County, Ohio",OH,2012,37152.0,18.0,7.7,36.12166387305307,9.2,43.2
39175,"Wyandot County, Ohio",OH,2012,46129.0,9.4,13.2,55.60866989940498,8.4,41.4
39043,"Erie County, Ohio",OH,2012,46906.0,12.9,20.3,306.2303014867403,8.7,43.3
39091,"Logan County, Ohio",OH,2012,47345.0,15.6,15.3,99.9245375196835,10.8,39.6
39153,"Summit County, Ohio",OH,2012,49227.0,14.8,29.4,1312.4931866577194,10.0,40.2
39149,"Shelby County, Ohio",OH,2012,51159.0,11.7,13.8,121.06874273352072,8.5,38.3
39171,"Williams County, Ohio",OH,2012,43176.0,13.7,12.9,89.80887177292826,12.0,40.6
39029,"Columbiana County, Ohio",OH,2012,41870.0,16.1,13.0,202.28343895758172,11.0,42.3
39051,"Fulton County, Ohio",OH,2012,53039.0,10.3,16.7,105.15554437448051,10.4,39.6
39053,"Gallia County, Ohio",OH,2012,39399.0,19.0,15.3,66.18438256918098,10.1,39.8
39099,"Mahoning County, Ohio",OH,2012,41112.0,17.5,21.0,579.2441091842289,11.3,42.9
39145,"Scioto County, Ohio",OH,2012,34783.0,23.0,14.0,129.67737177228364,11.8,38.7
39117,"Morrow County, Ohio",OH,2012,51534.0,13.8,13.5,85.919918056602,7.8,39.6
39135,"Preble County, Ohio",OH,2012,48899.0,10.7,11.9,99.56956905045895,8.4,41.0
39003,"Allen County, Ohio",OH,2012,43194.0,18.8,16.5,263.5208486007775,11.1,38.1
39033,"Crawford County, Ohio",OH,2012,41877.0,14.7,11.2,108.57272279273046,10.1,42.2
39059,"Guernsey County, Ohio",OH,2012,39293.0,18.5,12.7,76.69831154955251,11.4,40.8
39107,"Mercer County, Ohio",OH,2012,52234.0,8.2,16.1,88.36904553386658,7.1,39.4
39023,"Clark County, Ohio",OH,2012,43684.0,17.7,17.0,348.41525208061944,10.9,40.6
39093,"Lorain County, Ohio",OH,2012,51756.0,14.2,21.2,613.8346624916418,10.2,40.1
39113,"Montgomery County, Ohio",OH,2012,43895.0,16.8,24.4,1160.9945572893523,11.1,39.2
39165,"Warren County, Ohio",OH,2012,72055.0,6.4,36.9,530.9707618072526,7.5,37.5
39007,"Ashtabula County, Ohio",OH,2012,41075.0,18.0,13.0,144.2340973154984,11.1,41.1
51095,"James City County, Virginia",VA,2012,76767.0,8.7,45.3,470.41420118343194,5.8,44.9
51167,"Russell County, Virginia",VA,2012,32637.0,20.4,9.7,60.76355158344667,8.2,42.9
51173,"Smyth County, Virginia",VA,2012,34394.0,20.2,14.3,71.11244019138756,7.5,43.3
51515,"Bedford city, Virginia",VA,2012,35863.0,21.2,21.3,,6.3,44.7
51678,"Lexington city, Virginia",VA,2012,36511.0,22.9,46.9,2797.1188475390154,2.9,21.7
51031,"Campbell County, Virginia",VA,2012,45432.0,13.6,16.5,108.89554398090647,7.5,41.4
51089,"Henry County, Virginia",VA,2012,34373.0,17.5,11.2,141.15563971324778,12.5,44.5
51099,"King George County, Virginia",VA,2012,82195.0,5.6,30.6,132.15645667713275,6.7,36.5
51103,"Lancaster County, Virginia",VA,2012,49516.0,10.0,25.8,85.29998649723193,8.1,54.2
51105,"Lee County, Virginia",VA,2012,31729.0,24.1,12.1,58.63410645462104,9.1,41.4
51115,"Mathews County, Virginia",VA,2012,55590.0,8.6,25.8,104.3521784171992,4.9,50.3
51147,"Prince Edward County, Virginia",VA,2012,36743.0,19.7,20.7,65.77300497791087,10.0,33.4
51149,"Prince George County, Virginia",VA,2012,63031.0,6.0,17.6,135.72295377286673,9.8,37.6
51165,"Rockingham County, Virginia",VA,2012,51721.0,10.7,23.3,89.84936260648232,5.5,40.3
51169,"Scott County, Virginia",VA,2012,37544.0,19.3,11.1,43.03814477433948,8.5,44.7
51181,"Surry County, Virginia",VA,2012,52955.0,9.0,15.7,25.051174228980923,9.5,45.3
51011,"Appomattox County, Virginia",VA,2012,50092.0,16.4,13.9,44.73646416774379,8.3,42.3
51067,"Franklin County, Virginia",VA,2012,45049.0,14.4,17.9,81.10510997523927,8.8,44.3
51117,"Mecklenburg County, Virginia",VA,2012,35399.0,21.1,13.7,52.050982712574566,9.3,45.9
51121,"Montgomery County, Virginia",VA,2012,44166.0,24.4,41.0,243.45283794368316,6.2,26.5
51015,"Augusta County, Virginia",VA,2012,50971.0,9.3,19.9,76.16997251502988,4.8,43.3
51049,"Cumberland County, Virginia",VA,2012,43137.0,14.4,15.0,33.45166300248089,9.1,41.8
51075,"Goochland County, Virginia",VA,2012,82683.0,4.9,37.4,76.21911221895621,5.5,45.3
51083,"Halifax County, Virginia",VA,2012,35191.0,20.3,14.2,44.19546281112004,9.6,44.6
51113,"Madison County, Virginia",VA,2012,54510.0,12.8,18.4,41.386236191593014,7.7,44.7
51153,"Prince William County, Virginia",VA,2012,96160.0,6.2,37.7,1205.0820865249243,5.7,33.5
51175,"Southampton County, Virginia",VA,2012,46703.0,17.3,12.2,31.001542066368934,7.6,43.9
51025,"Brunswick County, Virginia",VA,2012,33859.0,26.5,12.3,30.679895590868792,11.1,41.0
51033,"Caroline County, Virginia",VA,2012,58044.0,10.0,16.7,54.06143396484015,10.9,38.6
51131,"Northampton County, Virginia",VA,2012,34304.0,22.4,19.6,58.60792019347038,8.8,47.3
51141,"Patrick County, Virginia",VA,2012,35599.0,16.9,9.4,38.33284329356419,11.5,46.1
51163,"Rockbridge County, Virginia",VA,2012,45859.0,12.0,22.5,37.47760010594374,4.4,46.8
51171,"Shenandoah County, Virginia",VA,2012,49953.0,12.2,18.4,82.81389311504707,5.0,42.7
51720,"Norton city, Virginia",VA,2012,38983.0,20.6,20.2,531.0953591012438,5.6,39.8
51550,"Chesapeake city, Virginia",VA,2012,70244.0,8.3,28.4,659.5628383009904,6.6,36.7
51003,"Albemarle County, Virginia",VA,2012,67797.0,8.9,52.2,138.0817019953586,4.4,38.2
51019,"Bedford County, Virginia",VA,2012,56906.0,8.8,24.7,90.4481492006357,6.3,44.0
51195,"Wise County, Virginia",VA,2012,35120.0,24.1,12.7,102.52082093991672,10.4,39.5
51740,"Portsmouth city, Virginia",VA,2012,46269.0,17.5,19.0,2876.370078976607,9.8,35.3
51005,"Alleghany County, Virginia",VA,2012,46133.0,10.5,16.1,36.49355535053698,5.8,46.1
51640,"Galax city, Virginia",VA,2012,24059.0,28.3,15.0,842.8848955803787,7.0,44.7
51790,"Staunton city, Virginia",VA,2012,42918.0,15.3,29.8,1200.1004016064255,5.8,42.6
51065,"Fluvanna County, Virginia",VA,2012,71181.0,6.7,28.6,89.68121009901886,6.0,41.1
51007,"Amelia County, Virginia",VA,2012,50596.0,10.1,14.5,35.665240882485364,8.0,41.6
51750,"Radford city, Virginia",VA,2012,29757.0,35.2,29.5,1706.3869367507234,10.3,21.9
51840,"Winchester city, Virginia",VA,2012,45959.0,20.4,29.5,2864.135755466116,8.2,35.6
51001,"Accomack County, Virginia",VA,2012,40780.0,20.2,17.6,74.4552287138034,7.0,44.5
51045,"Craig County, Virginia",VA,2012,47691.0,8.3,14.1,15.80625300977147,4.3,45.0
51063,"Floyd County, Virginia",VA,2012,44038.0,12.8,18.2,40.081591292728454,7.0,44.2
51071,"Giles County, Virginia",VA,2012,45231.0,14.1,16.1,48.00629297023716,6.8,43.0
51077,"Grayson County, Virginia",VA,2012,31931.0,18.8,11.2,35.164163563724436,6.8,47.0
51135,"Nottoway County, Virginia",VA,2012,38209.0,16.8,11.1,50.494608607143995,12.9,43.0
51157,"Rappahannock County, Virginia",VA,2012,57837.0,10.6,34.1,27.93086360428273,4.4,48.0
51036,"Charles City County, Virginia",VA,2012,48208.0,11.4,14.0,39.507711822242634,8.6,47.1
51047,"Culpeper County, Virginia",VA,2012,65567.0,8.4,22.3,123.66985155081792,6.5,37.9
51053,"Dinwiddie County, Virginia",VA,2012,51582.0,12.9,14.1,55.421265921259966,10.0,40.8
51079,"Greene County, Virginia",VA,2012,58804.0,8.1,22.8,118.32866294317941,4.5,39.5
51085,"Hanover County, Virginia",VA,2012,76719.0,5.1,34.1,213.76912318818887,5.0,41.2
51111,"Lunenburg County, Virginia",VA,2012,34455.0,22.4,10.4,29.73824415103081,9.8,43.8
51137,"Orange County, Virginia",VA,2012,59501.0,11.1,22.4,98.58448800567614,9.8,42.7
51595,"Emporia city, Virginia",VA,2012,29093.0,33.0,13.3,843.7137891077637,18.9,39.2
51133,"Northumberland County, Virginia",VA,2012,51911.0,9.3,22.2,64.71749759705797,9.6,53.5
51187,"Warren County, Virginia",VA,2012,61693.0,9.8,20.7,175.05836521479796,7.4,39.8
51630,"Fredericksburg city, Virginia",VA,2012,45951.0,17.2,33.3,2385.8373205741627,10.5,28.8
51013,"Arlington County, Virginia",VA,2012,102459.0,7.2,71.2,8042.351040504674,3.6,33.7
51670,"Hopewell city, Virginia",VA,2012,37029.0,19.8,10.1,2173.1697894533513,17.9,35.9
51069,"Frederick County, Virginia",VA,2012,67694.0,7.3,26.2,189.76121606738718,6.0,39.2
51199,"York County, Virginia",VA,2012,82454.0,5.4,41.1,625.583771858615,4.6,39.6
51125,"Nelson County, Virginia",VA,2012,48888.0,11.5,23.9,31.864385176688014,6.7,47.7
51143,"Pittsylvania County, Virginia",VA,2012,42229.0,15.2,13.9,65.34345094906827,8.8,44.3
51610,"Falls Church city, Virginia",VA,2012,122844.0,4.1,72.8,6011.730205278593,5.7,36.9
51735,"Poquoson city, Virginia",VA,2012,85033.0,4.1,35.1,788.5654750276747,4.5,43.3
51820,"Waynesboro city, Virginia",VA,2012,43884.0,18.3,22.3,1404.809619238477,7.9,38.2
51775,"Salem city, Virginia",VA,2012,47776.0,12.5,30.0,1708.0261798139854,7.8,39.8
51710,"Norfolk city, Virginia",VA,2012,44164.0,18.2,25.4,4562.2900046926325,11.6,29.6
51059,"Fairfax County, Virginia",VA,2012,109383.0,5.6,58.2,2771.6414207932567,5.0,37.5
51197,"Wythe County, Virginia",VA,2012,40564.0,14.0,14.5,63.2165246605708,9.3,42.9
51570,"Colonial Heights city, Virginia",VA,2012,51612.0,7.3,19.2,2317.595424923527,7.5,41.6
51660,"Harrisonburg city, Virginia",VA,2012,36853.0,35.0,35.6,2828.4791510467735,6.8,22.7
51021,"Bland County, Virginia",VA,2012,42658.0,14.2,11.3,19.0884409661933,8.2,44.2
51023,"Botetourt County, Virginia",VA,2012,66053.0,6.7,22.7,61.10376222112195,5.0,45.0
51029,"Buckingham County, Virginia",VA,2012,37843.0,24.7,13.7,29.451902357221847,7.4,41.4
51520,"Bristol city, Virginia",VA,2012,30636.0,22.4,19.2,1378.8361432678114,12.8,40.8
51580,"Covington city, Virginia",VA,2012,36067.0,21.3,8.5,1079.3563722801243,5.2,43.8
51830,"Williamsburg city, Virginia",VA,2012,50865.0,18.4,49.5,1589.5054822107852,8.0,24.1
51810,"Virginia Beach city, Virginia",VA,2012,65980.0,7.4,32.3,1796.0224416993906,6.3,34.8
51035,"Carroll County, Virginia",VA,2012,33600.0,18.9,12.1,63.168781490656016,9.4,45.0
51191,"Washington County, Virginia",VA,2012,42844.0,12.4,21.7,97.45488628689239,6.4,43.2
51193,"Westmoreland County, Virginia",VA,2012,48672.0,13.3,14.4,76.17104035303454,11.5,46.5
51139,"Page County, Virginia",VA,2012,43745.0,14.8,11.6,77.53668299889362,10.0,43.0
51155,"Pulaski County, Virginia",VA,2012,43072.0,14.7,15.4,109.02047592695075,9.6,44.2
51510,"Alexandria city, Virginia",VA,2012,83996.0,8.0,60.5,9396.518245731502,5.1,35.7
51590,"Danville city, Virginia",VA,2012,30505.0,26.1,16.4,1009.0660560319649,15.5,42.7
51650,"Hampton city, Virginia",VA,2012,51584.0,14.7,22.6,2671.3627795806533,9.7,35.5
51009,"Amherst County, Virginia",VA,2012,45020.0,11.7,16.7,68.15103320519367,7.7,42.4
51017,"Bath County, Virginia",VA,2012,51528.0,13.9,16.1,8.905862033779162,3.1,45.4
51027,"Buchanan County, Virginia",VA,2012,29821.0,25.0,7.6,47.86876508887271,10.4,43.9
51700,"Newport News city, Virginia",VA,2012,50744.0,14.5,23.9,2621.1569960428474,9.2,32.3
51179,"Stafford County, Virginia",VA,2012,96355.0,4.9,35.5,480.8454523504393,6.7,34.5
51680,"Lynchburg city, Virginia",VA,2012,37774.0,24.3,30.7,1544.7770336491344,10.6,30.3
51760,"Richmond city, Virginia",VA,2012,39445.0,26.7,33.8,3426.750104297038,11.0,32.2
51690,"Martinsville city, Virginia",VA,2012,28840.0,28.0,17.9,1264.5125958378972,15.7,44.1
51057,"Essex County, Virginia",VA,2012,42446.0,12.7,14.8,43.25101521363204,7.5,43.8
51185,"Tazewell County, Virginia",VA,2012,36080.0,18.1,13.3,86.44328833769282,7.5,43.4
51530,"Buena Vista city, Virginia",VA,2012,35921.0,19.9,15.3,1037.4339857098478,6.7,38.0
51685,"Manassas Park city, Virginia",VA,2012,71810.0,5.4,22.0,4749.176005273566,4.3,31.0
51730,"Petersburg city, Virginia",VA,2012,35126.0,24.9,14.3,1418.3978873239437,16.6,39.8
51183,"Sussex County, Virginia",VA,2012,39603.0,15.3,9.5,24.672294003174045,10.5,40.5
51600,"Fairfax city, Virginia",VA,2012,98563.0,6.0,53.2,3639.74358974359,5.4,38.5
51683,"Manassas city, Virginia",VA,2012,70634.0,12.7,27.9,3854.8206847505844,7.5,32.3
51770,"Roanoke city, Virginia",VA,2012,38265.0,21.1,22.9,2275.158157145881,7.7,38.4
51800,"Suffolk city, Virginia",VA,2012,66479.0,11.6,25.7,210.98306443531413,7.3,38.2
51037,"Charlotte County, Virginia",VA,2012,33562.0,16.7,14.6,26.396182589375883,8.4,43.5
51041,"Chesterfield County, Virginia",VA,2012,72363.0,6.4,36.4,748.2656680188711,6.9,37.5
51081,"Greensville County, Virginia",VA,2012,38423.0,21.2,8.1,41.076866275781015,10.5,42.1
51093,"Isle of Wight County, Virginia",VA,2012,64491.0,10.5,25.8,111.63026434578774,7.7,43.7
51620,"Franklin city, Virginia",VA,2012,33447.0,23.2,20.8,1030.6874471426847,13.7,40.1
51540,"Charlottesville city, Virginia",VA,2012,44535.0,27.3,48.1,4218.936066373842,6.4,28.1
51087,"Henrico County, Virginia",VA,2012,61300.0,10.5,39.5,1316.2554830426875,7.7,37.5
51101,"King William County, Virginia",VA,2012,63151.0,7.8,19.7,57.905881493921356,6.3,39.3
51109,"Louisa County, Virginia",VA,2012,55765.0,9.9,18.5,66.82799814967063,6.2,43.1
51119,"Middlesex County, Virginia",VA,2012,55625.0,8.2,28.8,83.28857515537482,5.4,51.2
51159,"Richmond County, Virginia",VA,2012,48958.0,14.1,10.3,48.22486134177294,6.4,43.2
51177,"Spotsylvania County, Virginia",VA,2012,79402.0,7.9,29.0,306.05462716610367,7.1,36.4
51043,"Clarke County, Virginia",VA,2012,80186.0,7.9,31.2,80.38855700749717,5.9,44.7
51097,"King and Queen County, Virginia",VA,2012,49410.0,8.1,12.6,22.11017645621595,5.7,44.7
51127,"New Kent County, Virginia",VA,2012,70978.0,5.9,23.2,87.89011355250315,8.7,42.0
51051,"Dickenson County, Virginia",VA,2012,32622.0,20.4,10.0,48.046457719904005,10.1,43.5
51107,"Loudoun County, Virginia",VA,2012,122068.0,3.5,57.9,610.7364592099088,4.4,34.8
51161,"Roanoke County, Virginia",VA,2012,61686.0,6.2,32.6,368.919328831202,4.7,42.9
51091,"Highland County, Virginia",VA,2012,50136.0,10.8,23.7,5.580940498069433,1.7,56.5
51073,"Gloucester County, Virginia",VA,2012,60752.0,9.1,21.1,169.05100775905606,6.4,41.9
51145,"Powhatan County, Virginia",VA,2012,76495.0,4.5,25.2,107.6202335108877,4.7,42.1
51061,"Fauquier County, Virginia",VA,2012,88687.0,5.3,32.0,101.07346672963021,5.9,41.0
31083,"Harlan County, Nebraska",NE,2012,44801.0,11.2,16.6,6.177434566892998,2.2,49.9
31185,"York County, Nebraska",NE,2012,47220.0,10.0,23.9,23.976873766397095,1.9,42.2
31019,"Buffalo County, Nebraska",NE,2012,50307.0,13.5,31.6,47.85069508995889,3.9,32.3
31037,"Colfax County, Nebraska",NE,2012,48561.0,17.1,12.4,25.39311594642983,7.9,34.4
31087,"Hitchcock County, Nebraska",NE,2012,40000.0,12.8,13.7,4.082017852137425,3.5,49.1
31141,"Platte County, Nebraska",NE,2012,51395.0,9.9,17.3,47.76351902677843,5.3,38.7
31143,"Polk County, Nebraska",NE,2012,52012.0,7.6,18.7,12.24380002325205,3.5,45.1
31013,"Box Butte County, Nebraska",NE,2012,44025.0,19.9,17.5,10.549916121424932,4.5,40.5
31017,"Brown County, Nebraska",NE,2012,33333.0,12.8,19.6,2.6061197554193862,1.9,46.7
31161,"Sheridan County, Nebraska",NE,2012,37813.0,17.3,20.3,2.225422336570547,4.3,46.6
31109,"Lancaster County, Nebraska",NE,2012,51810.0,14.3,35.9,341.975091963451,6.1,32.6
31129,"Nuckolls County, Nebraska",NE,2012,33875.0,16.7,12.6,7.80659126670202,3.3,49.3
31007,"Banner County, Nebraska",NE,2012,32292.0,18.0,20.8,1.0428409238659104,3.6,45.2
31063,"Frontier County, Nebraska",NE,2012,51328.0,11.2,19.2,2.763097007995847,3.8,44.8
31055,"Douglas County, Nebraska",NE,2012,53295.0,14.0,36.2,1587.806021316945,6.8,33.6
31147,"Richardson County, Nebraska",NE,2012,38977.0,15.9,15.6,15.14023060990394,7.0,47.7
31089,"Holt County, Nebraska",NE,2012,47768.0,8.7,16.5,4.318526345373502,1.2,45.9
31065,"Furnas County, Nebraska",NE,2012,40759.0,16.1,16.9,6.844362370190731,4.7,47.1
31151,"Saline County, Nebraska",NE,2012,46434.0,15.6,14.9,24.87192127665875,7.0,36.0
31173,"Thurston County, Nebraska",NE,2012,41961.0,25.8,14.8,17.597260051221593,14.9,28.6
31177,"Washington County, Nebraska",NE,2012,65803.0,6.3,29.0,51.80314752652215,2.6,41.0
31031,"Cherry County, Nebraska",NE,2012,45172.0,11.1,21.0,0.9600313545367941,1.1,47.1
31053,"Dodge County, Nebraska",NE,2012,46475.0,11.7,17.5,69.15948263641467,6.4,40.2
31069,"Garden County, Nebraska",NE,2012,40125.0,7.3,19.5,1.179219697835947,6.0,51.4
31123,"Morrill County, Nebraska",NE,2012,42025.0,14.7,20.7,3.506278366058832,6.6,43.1
31127,"Nemaha County, Nebraska",NE,2012,41929.0,9.5,24.6,17.73295988727886,7.6,41.5
31171,"Thomas County, Nebraska",NE,2012,56429.0,7.3,20.0,1.166189759141819,1.7,38.9
31043,"Dakota County, Nebraska",NE,2012,44928.0,16.0,10.4,78.96668634306558,5.2,32.8
31003,"Antelope County, Nebraska",NE,2012,40397.0,12.7,15.8,7.764038560030426,2.8,46.5
31029,"Chase County, Nebraska",NE,2012,43125.0,12.4,14.1,4.431927318180852,4.1,43.7
31035,"Clay County, Nebraska",NE,2012,45711.0,8.7,17.9,11.352655738621571,4.2,43.8
31041,"Custer County, Nebraska",NE,2012,44306.0,8.4,19.6,4.233586504705322,3.2,44.7
31061,"Franklin County, Nebraska",NE,2012,42054.0,12.5,16.7,5.550384150492518,3.9,48.8
31081,"Hamilton County, Nebraska",NE,2012,56809.0,8.5,22.7,16.778882514618804,3.3,42.9
31095,"Jefferson County, Nebraska",NE,2012,43407.0,13.7,12.9,13.280063418792027,7.0,47.0
31101,"Keith County, Nebraska",NE,2012,43662.0,11.3,20.3,7.802257417983997,3.5,48.2
31115,"Loup County, Nebraska",NE,2012,37708.0,23.4,13.5,0.9476133098855234,0.0,47.5
31135,"Perkins County, Nebraska",NE,2012,53299.0,5.6,20.5,3.336303213017356,2.8,45.1
31155,"Saunders County, Nebraska",NE,2012,58785.0,8.3,23.9,27.63416509998291,3.2,41.9
31157,"Scotts Bluff County, Nebraska",NE,2012,43113.0,15.1,20.4,49.80340937361414,6.5,38.7
31103,"Keya Paha County, Nebraska",NE,2012,33472.0,18.6,14.9,0.9598021410572828,0.0,53.7
31105,"Kimball County, Nebraska",NE,2012,43542.0,10.8,17.3,3.9802845131321027,5.3,46.8
31111,"Lincoln County, Nebraska",NE,2012,49382.0,9.6,18.4,14.122473811882347,5.8,38.7
31139,"Pierce County, Nebraska",NE,2012,52096.0,6.0,16.9,12.61406474324421,3.9,41.9
31165,"Sioux County, Nebraska",NE,2012,43558.0,9.2,26.1,0.6106288121963186,3.7,47.5
31021,"Burt County, Nebraska",NE,2012,47786.0,8.3,17.3,13.891770717636385,3.9,47.2
31025,"Cass County, Nebraska",NE,2012,64979.0,5.6,24.3,45.23932128458573,5.6,40.9
31039,"Cuming County, Nebraska",NE,2012,47325.0,11.7,18.1,16.020416390603692,2.5,43.4
31051,"Dixon County, Nebraska",NE,2012,45814.0,10.9,16.3,12.564323370649639,5.1,41.0
31057,"Dundy County, Nebraska",NE,2012,39596.0,8.6,21.6,2.170324831082183,3.0,47.4
31075,"Grant County, Nebraska",NE,2012,40982.0,17.7,18.3,0.7825118889039042,2.7,47.3
31077,"Greeley County, Nebraska",NE,2012,44219.0,12.1,15.2,4.413744206412301,1.6,46.1
31079,"Hall County, Nebraska",NE,2012,48044.0,13.7,16.8,107.39764636980911,5.2,35.6
31085,"Hayes County, Nebraska",NE,2012,47150.0,6.3,17.6,1.4542914921844103,2.6,45.5
31131,"Otoe County, Nebraska",NE,2012,50917.0,12.2,21.2,25.548026196106967,5.1,42.7
31145,"Red Willow County, Nebraska",NE,2012,45206.0,9.6,22.3,15.359704102894536,4.3,42.4
31027,"Cedar County, Nebraska",NE,2012,43718.0,10.6,16.2,11.897428415495432,2.6,44.5
31045,"Dawes County, Nebraska",NE,2012,36974.0,24.0,36.1,6.571225394606524,5.6,34.9
31097,"Johnson County, Nebraska",NE,2012,42689.0,14.3,12.3,13.795120654124842,8.2,43.7
31033,"Cheyenne County, Nebraska",NE,2012,50694.0,12.3,25.3,8.392920448692651,3.8,40.3
31047,"Dawson County, Nebraska",NE,2012,45208.0,13.0,15.3,23.95418233291447,5.8,36.5
31071,"Garfield County, Nebraska",NE,2012,39241.0,13.8,13.3,3.6990848892557917,3.2,49.1
31117,"McPherson County, Nebraska",NE,2012,51563.0,12.9,24.9,0.4050020075530547,2.9,49.0
31125,"Nance County, Nebraska",NE,2012,40714.0,14.1,12.1,8.446596225526383,5.8,44.9
31167,"Stanton County, Nebraska",NE,2012,50962.0,9.3,15.6,14.356606985837496,3.6,39.0
31175,"Valley County, Nebraska",NE,2012,44762.0,14.0,19.2,7.607654828625342,1.1,47.3
31009,"Blaine County, Nebraska",NE,2012,41364.0,19.3,18.9,0.8217354659057171,1.0,41.3
31049,"Deuel County, Nebraska",NE,2012,40093.0,12.7,17.3,4.460601430939113,4.3,49.1
31113,"Logan County, Nebraska",NE,2012,44444.0,7.8,14.8,1.2686219331415214,0.0,50.5
31169,"Thayer County, Nebraska",NE,2012,43077.0,11.0,16.6,9.053566791621574,1.9,48.8
31001,"Adams County, Nebraska",NE,2012,49017.0,12.4,21.2,55.56620756505715,5.4,37.8
31011,"Boone County, Nebraska",NE,2012,44491.0,8.8,14.2,7.971824051807388,3.6,45.7
31149,"Rock County, Nebraska",NE,2012,41619.0,7.4,19.2,1.5273338206255522,1.2,49.4
31163,"Sherman County, Nebraska",NE,2012,43000.0,10.3,14.1,5.536773685038341,3.5,48.6
31093,"Howard County, Nebraska",NE,2012,48293.0,9.5,15.4,11.054944514506323,4.9,43.2
31073,"Gosper County, Nebraska",NE,2012,44241.0,10.8,16.6,4.408988224509173,3.0,45.4
31153,"Sarpy County, Nebraska",NE,2012,69269.0,6.6,35.8,669.5183976547768,5.2,33.0
31015,"Boyd County, Nebraska",NE,2012,38281.0,9.9,15.4,3.750451443229278,1.4,50.8
31059,"Fillmore County, Nebraska",NE,2012,45970.0,8.8,18.5,10.196899044268829,1.8,45.9
31091,"Hooker County, Nebraska",NE,2012,38750.0,12.2,24.8,0.9554051805424594,2.9,47.8
31159,"Seward County, Nebraska",NE,2012,60676.0,6.8,26.8,29.275676810807976,3.8,38.3
31181,"Webster County, Nebraska",NE,2012,39722.0,15.3,16.7,6.562732100335181,4.6,47.5
31023,"Butler County, Nebraska",NE,2012,50569.0,9.3,14.1,14.267566888302646,3.1,44.4
31005,"Arthur County, Nebraska",NE,2012,45769.0,5.1,27.3,0.6851690270040495,2.4,37.4
31067,"Gage County, Nebraska",NE,2012,46164.0,12.0,19.3,26.083402528125188,6.2,43.6
31099,"Kearney County, Nebraska",NE,2012,54485.0,4.9,27.1,12.618088768273854,2.9,41.9
31119,"Madison County, Nebraska",NE,2012,45717.0,14.0,21.0,60.71369943872223,4.2,37.2
31137,"Phelps County, Nebraska",NE,2012,47871.0,10.6,21.1,17.01402397228552,2.4,43.9
31179,"Wayne County, Nebraska",NE,2012,46612.0,15.9,33.8,21.543588400509353,6.6,29.4
31107,"Knox County, Nebraska",NE,2012,41372.0,13.6,17.8,7.801934786001626,3.5,46.6
31121,"Merrick County, Nebraska",NE,2012,49609.0,12.2,15.1,15.964815426703252,6.4,43.3
31133,"Pawnee County, Nebraska",NE,2012,43634.0,14.3,14.2,6.386359682189874,4.9,49.3
31183,"Wheeler County, Nebraska",NE,2012,39602.0,15.3,22.2,1.260468407445978,2.4,47.3
39159,"Union County, Ohio",OH,2013,65086.0,7.8,27.0,122.01945993019254,6.3,37.1
39131,"Pike County, Ohio",OH,2013,42165.0,23.5,12.2,64.92884106095639,18.9,40.1
39125,"Paulding County, Ohio",OH,2013,44861.0,13.7,12.1,46.68435650221523,9.4,40.6
39061,"Hamilton County, Ohio",OH,2013,48593.0,18.0,33.7,1979.4453475149664,9.8,37.2
39049,"Franklin County, Ohio",OH,2013,50877.0,18.1,36.4,2219.7337801009357,8.7,33.6
39101,"Marion County, Ohio",OH,2013,42572.0,18.5,12.4,164.244711569417,10.1,40.2
39157,"Tuscarawas County, Ohio",OH,2013,43739.0,14.6,15.2,163.07683088674614,9.4,40.8
39169,"Wayne County, Ohio",OH,2013,49135.0,12.4,20.0,206.83539147315466,6.8,38.7
39015,"Brown County, Ohio",OH,2013,44341.0,14.1,11.0,91.1135487587403,12.3,40.3
39017,"Butler County, Ohio",OH,2013,56610.0,13.6,27.4,792.3493753804735,9.1,36.2
39067,"Harrison County, Ohio",OH,2013,39002.0,18.4,9.2,39.186639856237775,7.6,44.9
39083,"Knox County, Ohio",OH,2013,49750.0,14.2,21.2,115.9374232871994,7.6,39.3
39089,"Licking County, Ohio",OH,2013,55114.0,12.0,21.9,244.81006759697374,8.2,39.4
39139,"Richland County, Ohio",OH,2013,41835.0,15.7,14.9,249.1524088953147,10.2,41.2
39163,"Vinton County, Ohio",OH,2013,36705.0,20.6,8.5,32.41100009700262,9.4,39.8
39019,"Carroll County, Ohio",OH,2013,43779.0,15.5,11.0,72.70179315378144,8.9,43.7
39063,"Hancock County, Ohio",OH,2013,49589.0,14.0,25.7,141.6063614548534,8.6,38.4
39039,"Defiance County, Ohio",OH,2013,47593.0,13.9,16.5,94.57042167942642,11.1,39.2
39071,"Highland County, Ohio",OH,2013,39091.0,19.5,11.4,78.46005308416082,15.5,39.6
39069,"Henry County, Ohio",OH,2013,49439.0,13.5,13.8,67.70029566596956,9.4,39.8
39081,"Jefferson County, Ohio",OH,2013,40577.0,16.6,14.7,168.88984720330095,8.8,44.1
39133,"Portage County, Ohio",OH,2013,52697.0,16.1,25.1,335.2181450744248,11.1,36.9
39137,"Putnam County, Ohio",OH,2013,61192.0,6.9,19.9,71.16242249411452,4.9,39.4
39013,"Belmont County, Ohio",OH,2013,41534.0,14.6,14.4,131.52875159501397,9.0,43.5
39027,"Clinton County, Ohio",OH,2013,46048.0,16.5,14.5,102.78887581318764,11.9,39.0
39047,"Fayette County, Ohio",OH,2013,37619.0,20.1,13.7,71.12395136344286,11.8,40.4
39127,"Perry County, Ohio",OH,2013,41446.0,19.6,10.2,88.37459000720705,11.6,38.8
39129,"Pickaway County, Ohio",OH,2013,54003.0,13.3,16.1,111.62385181993025,8.2,38.6
39097,"Madison County, Ohio",OH,2013,54956.0,11.0,17.6,92.78596177873571,6.5,39.6
39119,"Muskingum County, Ohio",OH,2013,40524.0,18.1,14.2,129.21904578464094,10.1,39.8
39143,"Sandusky County, Ohio",OH,2013,46140.0,14.3,13.7,148.4864517962209,8.6,41.1
39161,"Van Wert County, Ohio",OH,2013,45355.0,12.5,15.4,70.10876206770133,10.7,41.1
39167,"Washington County, Ohio",OH,2013,42834.0,15.3,16.0,97.47236436942025,9.2,43.0
39011,"Auglaize County, Ohio",OH,2013,52239.0,8.8,17.1,114.36814254536758,7.2,40.2
39037,"Darke County, Ohio",OH,2013,43425.0,13.7,11.9,88.055214662382,10.0,40.7
39123,"Ottawa County, Ohio",OH,2013,53202.0,11.0,20.3,162.43168540737483,6.9,46.7
39065,"Hardin County, Ohio",OH,2013,40415.0,18.1,13.4,67.80143955261171,11.7,35.1
39079,"Jackson County, Ohio",OH,2013,36356.0,24.6,15.2,78.59437082153649,11.5,39.4
39077,"Huron County, Ohio",OH,2013,49404.0,13.5,13.1,120.6517918995293,9.7,38.0
39009,"Athens County, Ohio",OH,2013,33823.0,31.7,28.2,128.68414991541644,12.4,26.8
39001,"Adams County, Ohio",OH,2013,35678.0,22.7,10.6,48.6510742080456,15.4,40.4
39103,"Medina County, Ohio",OH,2013,65951.0,7.4,29.6,411.0777349107147,6.3,40.9
39095,"Lucas County, Ohio",OH,2013,41556.0,20.8,23.4,1293.9619564097354,13.8,37.4
39121,"Noble County, Ohio",OH,2013,38290.0,15.2,9.7,36.78029808146488,11.3,44.4
39147,"Seneca County, Ohio",OH,2013,43764.0,15.5,15.3,102.31096173320316,11.4,39.2
39151,"Stark County, Ohio",OH,2013,45641.0,15.0,21.1,652.4784229876666,10.6,41.5
39031,"Coshocton County, Ohio",OH,2013,41274.0,16.9,12.3,65.35954665702107,10.4,41.3
39041,"Delaware County, Ohio",OH,2013,89757.0,4.9,50.5,401.98624835551186,4.4,37.5
39055,"Geauga County, Ohio",OH,2013,67663.0,8.1,35.9,233.849028605974,6.0,43.5
39073,"Hocking County, Ohio",OH,2013,42089.0,15.9,12.7,69.46260700749261,10.5,41.9
39085,"Lake County, Ohio",OH,2013,56018.0,9.2,24.9,1002.5297683953416,7.8,42.7
39141,"Ross County, Ohio",OH,2013,43264.0,19.7,13.7,112.89297498715838,14.8,39.9
39035,"Cuyahoga County, Ohio",OH,2013,43804.0,18.3,29.7,2783.251059138997,12.1,40.4
39075,"Holmes County, Ohio",OH,2013,45477.0,15.8,8.5,101.37194400537608,6.2,29.9
39109,"Miami County, Ohio",OH,2013,52040.0,13.0,19.7,253.04227825868773,8.9,40.9
39025,"Clermont County, Ohio",OH,2013,60365.0,10.2,25.6,438.43247304224855,7.5,39.0
39045,"Fairfield County, Ohio",OH,2013,58786.0,11.9,26.0,291.6736886976693,8.2,38.7
39111,"Monroe County, Ohio",OH,2013,40573.0,19.0,10.4,32.13794344371471,6.7,45.1
39155,"Trumbull County, Ohio",OH,2013,42880.0,17.4,17.0,337.79592655569235,10.0,43.1
39173,"Wood County, Ohio",OH,2013,52069.0,14.7,29.5,206.3072580619027,10.3,35.1
39005,"Ashland County, Ohio",OH,2013,46548.0,16.3,19.3,125.8525675729987,10.9,39.9
39105,"Meigs County, Ohio",OH,2013,35469.0,21.9,12.2,55.007881851281795,15.9,41.8
39021,"Champaign County, Ohio",OH,2013,49157.0,13.4,17.0,92.9044800682535,11.5,40.3
39057,"Greene County, Ohio",OH,2013,58080.0,13.9,36.0,393.1434208903687,8.5,37.5
39087,"Lawrence County, Ohio",OH,2013,41552.0,18.3,14.9,137.42823554840945,9.1,40.6
39115,"Morgan County, Ohio",OH,2013,37865.0,20.2,10.5,36.040016713653806,10.4,43.6
39175,"Wyandot County, Ohio",OH,2013,44448.0,11.1,12.0,55.500529641490466,8.1,41.4
39043,"Erie County, Ohio",OH,2013,46498.0,13.3,21.0,304.9648212409665,8.8,43.6
39091,"Logan County, Ohio",OH,2013,47542.0,15.9,14.8,99.62355999703385,10.9,40.0
39153,"Summit County, Ohio",OH,2013,49669.0,15.4,29.6,1312.0183724045708,10.3,40.4
39149,"Shelby County, Ohio",OH,2013,50427.0,11.4,14.5,120.9657242932199,8.9,38.4
39171,"Williams County, Ohio",OH,2013,43089.0,13.7,12.8,89.43802595920695,11.9,41.5
39029,"Columbiana County, Ohio",OH,2013,42300.0,16.9,12.6,201.30584282886238,10.8,42.6
39051,"Fulton County, Ohio",OH,2013,52856.0,11.4,16.3,105.07168631165109,9.9,39.6
39053,"Gallia County, Ohio",OH,2013,39226.0,17.7,15.2,66.14579984138213,9.1,40.1
39099,"Mahoning County, Ohio",OH,2013,41058.0,17.6,20.8,576.0386694144179,11.6,43.1
39145,"Scioto County, Ohio",OH,2013,35379.0,23.3,14.2,129.3987494775832,11.7,39.0
39117,"Morrow County, Ohio",OH,2013,51484.0,13.6,14.1,86.01102099307126,9.1,40.6
39135,"Preble County, Ohio",OH,2013,48405.0,12.2,11.3,99.12169456846115,8.6,41.1
39003,"Allen County, Ohio",OH,2013,42823.0,18.6,17.2,263.0637568470606,11.4,38.1
39033,"Crawford County, Ohio",OH,2013,40783.0,16.6,11.8,107.88827883500171,11.5,42.4
39059,"Guernsey County, Ohio",OH,2013,38841.0,20.3,12.9,76.466623520356,11.4,41.3
39107,"Mercer County, Ohio",OH,2013,52535.0,9.4,16.2,88.25011298592055,7.6,39.5
39023,"Clark County, Ohio",OH,2013,43136.0,18.6,17.6,347.11762082458796,11.5,41.0
39093,"Lorain County, Ohio",OH,2013,51816.0,14.6,22.2,615.0822773455975,10.3,40.4
39113,"Montgomery County, Ohio",OH,2013,43401.0,17.7,24.6,1162.7437677603386,11.5,39.1
39165,"Warren County, Ohio",OH,2013,72487.0,6.3,37.9,536.2718501745024,7.8,37.9
39007,"Ashtabula County, Ohio",OH,2013,40516.0,18.7,12.6,143.62589325520213,11.1,41.4
51095,"James City County, Virginia",VA,2013,76960.0,8.7,45.8,479.07208815303096,6.4,45.1
51167,"Russell County, Virginia",VA,2013,33872.0,19.3,10.5,60.495349760519005,7.9,43.3
51173,"Smyth County, Virginia",VA,2013,37239.0,18.4,15.0,70.83776360092149,8.1,43.6
51515,"Bedford city, Virginia",VA,2013,35593.0,18.7,25.0,,6.6,46.5
51678,"Lexington city, Virginia",VA,2013,36505.0,25.2,41.7,2811.5246098439375,3.7,21.6
51031,"Campbell County, Virginia",VA,2013,47162.0,14.7,17.1,109.23337711915772,7.7,41.7
51089,"Henry County, Virginia",VA,2013,34984.0,17.1,11.2,139.79563280859733,13.1,45.0
51099,"King George County, Virginia",VA,2013,81753.0,7.1,31.1,134.45008573273657,7.3,36.3
51103,"Lancaster County, Virginia",VA,2013,49248.0,11.7,28.3,84.78988192579477,8.5,54.5
51105,"Lee County, Virginia",VA,2013,31308.0,26.8,11.7,58.56290395931811,11.2,41.7
51115,"Mathews County, Virginia",VA,2013,55192.0,10.1,27.2,104.0960994517582,5.7,50.6
51147,"Prince Edward County, Virginia",VA,2013,37436.0,19.8,21.9,66.19878495539311,8.4,31.1
51149,"Prince George County, Virginia",VA,2013,63074.0,8.1,17.9,137.41510955672302,10.9,37.3
51165,"Rockingham County, Virginia",VA,2013,52195.0,10.4,23.4,90.47540036409038,5.9,40.6
51169,"Scott County, Virginia",VA,2013,38355.0,18.3,10.9,42.81232562002288,9.5,44.9
51181,"Surry County, Virginia",VA,2013,47292.0,11.5,16.7,24.81457183929679,11.0,45.2
51011,"Appomattox County, Virginia",VA,2013,50167.0,17.7,15.0,45.0416487146345,7.4,42.5
51067,"Franklin County, Virginia",VA,2013,45624.0,14.0,19.1,81.37009310609461,8.3,44.4
51117,"Mecklenburg County, Virginia",VA,2013,36261.0,19.6,13.7,51.612800051174624,9.6,46.4
51121,"Montgomery County, Virginia",VA,2013,45543.0,24.5,42.4,245.34247389794933,6.3,26.8
51015,"Augusta County, Virginia",VA,2013,52027.0,9.5,19.9,76.23615152511597,5.6,43.5
51049,"Cumberland County, Virginia",VA,2013,40557.0,16.3,14.0,33.42476989585644,9.2,42.4
51075,"Goochland County, Virginia",VA,2013,80976.0,5.6,38.0,76.46376791039219,5.6,45.8
51083,"Halifax County, Virginia",VA,2013,34659.0,21.3,15.2,43.94843781145634,9.8,44.9
51113,"Madison County, Virginia",VA,2013,53459.0,13.3,21.8,41.320741771093886,7.2,45.2
51153,"Prince William County, Virginia",VA,2013,98071.0,6.3,38.1,1242.8353258405518,6.4,33.5
51175,"Southampton County, Virginia",VA,2013,46150.0,16.0,13.6,30.78124687080688,6.9,44.8
51025,"Brunswick County, Virginia",VA,2013,36293.0,24.0,12.2,30.411455334720273,11.6,41.4
51033,"Caroline County, Virginia",VA,2013,57218.0,12.7,16.8,54.52980205285543,12.3,38.8
51131,"Northampton County, Virginia",VA,2013,33635.0,24.3,20.2,58.28200574365176,11.3,47.2
51141,"Patrick County, Virginia",VA,2013,34864.0,17.1,10.7,38.192043134542836,10.9,46.9
51163,"Rockbridge County, Virginia",VA,2013,48313.0,12.6,23.2,37.45748420482681,3.4,47.3
51171,"Shenandoah County, Virginia",VA,2013,49625.0,11.7,19.8,83.19572349969198,5.7,43.3
51720,"Norton city, Virginia",VA,2013,39416.0,18.1,20.5,534.7064330613882,8.0,40.1
51790,"Staunton city, Virginia",VA,2013,38501.0,18.0,28.0,1204.2670682730923,7.2,42.3
51065,"Fluvanna County, Virginia",VA,2013,68288.0,7.1,28.8,90.06781207660988,5.0,41.5
51007,"Amelia County, Virginia",VA,2013,52885.0,8.3,14.0,35.77217469608284,7.2,42.9
51750,"Radford city, Virginia",VA,2013,30714.0,37.7,32.1,1726.436544026457,8.6,22.1
51840,"Winchester city, Virginia",VA,2013,44200.0,20.1,28.6,2892.0918089850975,7.2,35.6
51001,"Accomack County, Virginia",VA,2013,39328.0,20.5,17.2,74.0880046826628,6.4,44.8
51045,"Craig County, Virginia",VA,2013,47806.0,8.7,14.6,15.84587531774043,6.0,44.7
51063,"Floyd County, Virginia",VA,2013,44618.0,12.7,16.0,40.351987147008714,8.2,44.5
51071,"Giles County, Virginia",VA,2013,45141.0,13.3,16.6,47.89991713882606,6.7,43.2
51077,"Grayson County, Virginia",VA,2013,30710.0,19.1,10.9,34.80652353520377,8.4,47.5
51135,"Nottoway County, Virginia",VA,2013,36607.0,16.8,12.0,50.45325869143421,13.2,42.4
51157,"Rappahannock County, Virginia",VA,2013,56438.0,10.8,32.4,27.960896790954003,4.2,48.7
51036,"Charles City County, Virginia",VA,2013,48428.0,11.8,13.9,39.39289561019349,8.1,47.4
51047,"Culpeper County, Virginia",VA,2013,64423.0,9.1,22.6,124.81967999957804,6.9,38.1
51053,"Dinwiddie County, Virginia",VA,2013,52027.0,13.2,12.8,55.52247929095073,10.1,40.9
51079,"Greene County, Virginia",VA,2013,59358.0,12.0,24.1,119.123804882428,6.0,40.0
51085,"Hanover County, Virginia",VA,2013,75070.0,5.1,35.5,214.5475230205335,5.3,41.5
51111,"Lunenburg County, Virginia",VA,2013,35237.0,22.6,11.9,29.555246699096596,9.9,44.1
51137,"Orange County, Virginia",VA,2013,60287.0,12.6,22.2,99.49043913708888,9.6,42.7
51595,"Emporia city, Virginia",VA,2013,32155.0,29.0,16.0,836.1819235225956,18.6,42.6
51197,"Wythe County, Virginia",VA,2013,41275.0,14.4,15.0,63.37022028262677,9.8,43.2
51570,"Colonial Heights city, Virginia",VA,2013,50835.0,9.3,20.5,2324.9102274238594,8.3,41.1
51660,"Harrisonburg city, Virginia",VA,2013,38048.0,33.5,35.1,2879.404809965973,7.6,22.9
51021,"Bland County, Virginia",VA,2013,42139.0,16.6,14.7,18.998968267948364,8.1,43.9
51023,"Botetourt County, Virginia",VA,2013,65935.0,7.7,24.9,61.1074571937422,5.5,45.7
51029,"Buckingham County, Virginia",VA,2013,38648.0,23.0,11.9,29.54679162145049,10.8,42.0
51520,"Bristol city, Virginia",VA,2013,32221.0,21.0,19.6,1376.1945458783312,12.7,41.7
51580,"Covington city, Virginia",VA,2013,34319.0,21.3,8.3,1075.1508502468457,5.8,44.3
51830,"Williamsburg city, Virginia",VA,2013,48616.0,19.5,49.8,1631.1255314388004,8.4,24.0
51810,"Virginia Beach city, Virginia",VA,2013,65219.0,7.9,32.9,1806.7406823224624,6.5,34.9
51035,"Carroll County, Virginia",VA,2013,32853.0,18.1,12.8,63.14771750669834,8.3,45.4
51191,"Washington County, Virginia",VA,2013,41897.0,12.1,22.3,97.65624303938218,7.1,43.5
51193,"Westmoreland County, Virginia",VA,2013,49157.0,12.9,14.9,76.45011904450433,10.8,46.8
51139,"Page County, Virginia",VA,2013,42906.0,15.1,11.4,77.33347095841894,11.4,43.5
51155,"Pulaski County, Virginia",VA,2013,44312.0,13.9,16.2,108.70469204818674,9.0,44.3
51510,"Alexandria city, Virginia",VA,2013,85706.0,8.4,61.4,9620.622698359557,5.0,35.7
51590,"Danville city, Virginia",VA,2013,30786.0,27.4,17.2,1004.6498586349511,15.6,42.4
51650,"Hampton city, Virginia",VA,2013,50705.0,14.9,22.5,2661.374633217388,10.7,35.5
51009,"Amherst County, Virginia",VA,2013,44945.0,11.4,17.4,68.03077039931472,7.5,42.8
51017,"Bath County, Virginia",VA,2013,51365.0,16.4,20.2,8.85484181843606,1.6,46.0
51027,"Buchanan County, Virginia",VA,2013,29848.0,25.9,8.3,47.568479121176324,11.4,44.8
51700,"Newport News city, Virginia",VA,2013,51027.0,15.2,23.9,2623.969038542376,9.8,32.5
51179,"Stafford County, Virginia",VA,2013,97110.0,5.1,36.2,489.9054623799707,6.6,34.6
51680,"Lynchburg city, Virginia",VA,2013,38138.0,24.7,31.2,1561.3157464880758,11.7,29.5
51760,"Richmond city, Virginia",VA,2013,40496.0,25.6,34.8,3468.969545264915,11.3,32.6
51690,"Martinsville city, Virginia",VA,2013,28116.0,27.2,16.7,1260.3139832055494,14.0,43.5
51057,"Essex County, Virginia",VA,2013,44885.0,11.1,14.7,43.44531447335186,7.0,44.1
51185,"Tazewell County, Virginia",VA,2013,35693.0,18.3,12.9,86.092472691315,8.6,43.5
51530,"Buena Vista city, Virginia",VA,2013,36591.0,20.6,14.9,1040.5405405405406,7.9,37.6
51685,"Manassas Park city, Virginia",VA,2013,71227.0,7.0,26.0,4985.168094924193,4.5,32.3
51730,"Petersburg city, Virginia",VA,2013,34424.0,26.7,14.9,1422.799295774648,16.6,39.5
51183,"Sussex County, Virginia",VA,2013,39635.0,15.3,10.3,24.492784960406016,6.5,40.7
51600,"Fairfax city, Virginia",VA,2013,97242.0,7.2,51.9,3690.224358974359,5.7,39.4
51683,"Manassas city, Virginia",VA,2013,71036.0,11.7,28.7,3994.4122726810933,7.2,32.4
51770,"Roanoke city, Virginia",VA,2013,38145.0,22.4,23.6,2289.574563157028,8.5,38.2
51800,"Suffolk city, Virginia",VA,2013,66085.0,11.4,26.2,212.55135785148812,8.6,38.1
51037,"Charlotte County, Virginia",VA,2013,33015.0,17.9,15.6,26.253113849054063,7.1,43.8
51041,"Chesterfield County, Virginia",VA,2013,72088.0,6.7,36.3,756.612657199662,7.4,37.9
51081,"Greensville County, Virginia",VA,2013,39697.0,21.6,7.2,40.9108922964363,8.7,41.6
51093,"Isle of Wight County, Virginia",VA,2013,63942.0,12.0,25.5,112.05157039453886,7.7,44.2
51620,"Franklin city, Virginia",VA,2013,31928.0,23.0,20.6,1031.6539809109581,12.3,39.9
51540,"Charlottesville city, Virginia",VA,2013,44601.0,27.5,49.9,4261.883845778429,5.7,28.5
51087,"Henrico County, Virginia",VA,2013,61048.0,10.7,39.7,1332.2520594843265,7.9,37.6
51101,"King William County, Virginia",VA,2013,62670.0,9.5,19.2,58.263663247051944,5.8,39.8
51109,"Louisa County, Virginia",VA,2013,54518.0,10.3,18.8,67.4360212262674,8.2,43.4
51119,"Middlesex County, Virginia",VA,2013,53309.0,9.4,27.4,83.25788383334611,6.6,51.0
51159,"Richmond County, Virginia",VA,2013,47083.0,12.8,12.3,47.73394332508173,10.5,43.7
51177,"Spotsylvania County, Virginia",VA,2013,78345.0,7.6,28.2,309.7042440186143,7.0,36.5
51043,"Clarke County, Virginia",VA,2013,77597.0,6.7,31.3,80.66138814207682,6.3,45.3
51097,"King and Queen County, Virginia",VA,2013,48372.0,9.2,14.1,22.275177773053382,6.1,45.1
51127,"New Kent County, Virginia",VA,2013,70618.0,5.9,23.2,89.4660413740567,8.6,42.9
51051,"Dickenson County, Virginia",VA,2013,33318.0,20.9,10.5,47.6591083095527,10.0,43.6
51107,"Loudoun County, Virginia",VA,2013,122238.0,3.6,57.9,633.0287859339431,4.5,34.9
51161,"Roanoke County, Virginia",VA,2013,60795.0,6.6,33.1,370.48389929275027,5.6,43.3
51091,"Highland County, Virginia",VA,2013,49625.0,10.2,20.9,5.482184106001739,2.3,58.2
51073,"Gloucester County, Virginia",VA,2013,60519.0,9.2,22.0,169.2667921583031,5.8,42.4
51145,"Powhatan County, Virginia",VA,2013,76548.0,5.4,27.6,108.02376615091352,6.4,42.6
51061,"Fauquier County, Virginia",VA,2013,88409.0,5.6,33.2,101.87594329577125,6.4,41.5
51550,"Chesapeake city, Virginia",VA,2013,69743.0,8.5,29.3,666.5474980499681,7.5,36.6
51003,"Albemarle County, Virginia",VA,2013,67725.0,10.2,52.2,139.68065379362417,4.5,38.7
51019,"Bedford County, Virginia",VA,2013,57596.0,8.2,25.0,91.007283213876,6.9,44.5
51195,"Wise County, Virginia",VA,2013,36218.0,21.9,13.1,102.00773349196906,10.7,39.6
51740,"Portsmouth city, Virginia",VA,2013,46166.0,18.4,19.5,2879.823428725864,10.6,35.2
51005,"Alleghany County, Virginia",VA,2013,44848.0,12.6,16.4,36.365916358392376,7.1,46.6
51640,"Galax city, Virginia",VA,2013,30325.0,25.3,14.5,847.1345313258863,7.4,43.1
51133,"Northumberland County, Virginia",VA,2013,51342.0,11.1,22.1,64.43018931004221,9.8,54.0
51187,"Warren County, Virginia",VA,2013,61610.0,9.3,20.5,176.31187761245496,8.2,40.1
51630,"Fredericksburg city, Virginia",VA,2013,47040.0,18.6,35.1,2481.4354066985647,11.0,28.8
51013,"Arlington County, Virginia",VA,2013,103208.0,8.0,71.7,8264.838250567373,3.9,33.8
51670,"Hopewell city, Virginia",VA,2013,37933.0,20.1,10.2,2166.2159551864015,16.5,36.2
51069,"Frederick County, Virginia",VA,2013,68424.0,7.1,27.5,192.3172812760962,7.0,39.4
51199,"York County, Virginia",VA,2013,82073.0,5.7,42.0,628.0573409609673,5.1,39.5
51125,"Nelson County, Virginia",VA,2013,48789.0,14.2,26.7,31.736927635981264,9.1,47.9
51143,"Pittsylvania County, Virginia",VA,2013,42143.0,14.5,13.7,65.094741708746,9.3,44.7
51610,"Falls Church city, Virginia",VA,2013,120000.0,4.0,74.4,6222.385141739981,4.9,37.0
51735,"Poquoson city, Virginia",VA,2013,81892.0,5.6,37.2,789.0212932213324,4.4,43.6
51820,"Waynesboro city, Virginia",VA,2013,44847.0,19.9,19.1,1409.4188376753507,8.6,38.7
51775,"Salem city, Virginia",VA,2013,48733.0,11.7,30.8,1718.9114708921804,7.2,40.1
51710,"Norfolk city, Virginia",VA,2013,44747.0,19.2,25.3,4581.698732989207,11.9,29.8
51059,"Fairfax County, Virginia",VA,2013,110292.0,5.9,58.6,2815.8871262668754,5.2,37.4
31083,"Harlan County, Nebraska",NE,2013,45920.0,12.1,15.3,6.224411255614617,2.2,50.0
31185,"York County, Nebraska",NE,2013,49633.0,8.9,24.9,24.03800806972804,2.4,40.7
31019,"Buffalo County, Nebraska",NE,2013,50963.0,13.6,31.6,48.42391192084443,4.0,32.3
31037,"Colfax County, Nebraska",NE,2013,51765.0,15.5,14.4,25.495145112195644,7.7,34.8
31087,"Hitchcock County, Nebraska",NE,2013,39702.0,15.5,13.8,4.06229795913193,3.8,49.1
31141,"Platte County, Nebraska",NE,2013,51213.0,10.7,18.5,47.99347229434019,5.3,38.7
31143,"Polk County, Nebraska",NE,2013,52848.0,8.3,20.3,12.177691253809803,3.2,45.7
31013,"Box Butte County, Nebraska",NE,2013,46373.0,23.9,17.6,10.519228837863272,4.0,40.6
31017,"Brown County, Nebraska",NE,2013,33647.0,15.6,21.8,2.5930195618640264,0.9,46.7
31161,"Sheridan County, Nebraska",NE,2013,38548.0,16.0,22.6,2.208215462834177,3.3,46.5
31109,"Lancaster County, Nebraska",NE,2013,51574.0,15.2,36.1,346.0918070445018,6.4,32.7
31129,"Nuckolls County, Nebraska",NE,2013,37594.0,11.1,13.7,7.757908737644636,3.5,49.7
31007,"Banner County, Nebraska",NE,2013,36875.0,15.4,15.8,1.093776598810518,6.3,49.2
31063,"Frontier County, Nebraska",NE,2013,50227.0,12.0,16.5,2.6348433407104843,3.3,45.0
31055,"Douglas County, Nebraska",NE,2013,53325.0,14.3,36.4,1607.4930991063304,6.7,33.7
31147,"Richardson County, Nebraska",NE,2013,38582.0,17.2,18.8,15.020630942608468,7.4,46.7
31151,"Saline County, Nebraska",NE,2013,44109.0,16.8,15.1,24.993859537575272,6.3,35.6
31173,"Thurston County, Nebraska",NE,2013,41400.0,26.9,15.8,17.569311760640677,14.2,28.6
31177,"Washington County, Nebraska",NE,2013,65409.0,7.7,28.9,51.88777224155484,2.4,40.8
31031,"Cherry County, Nebraska",NE,2013,45464.0,13.0,21.3,0.9622124813471713,1.8,45.1
31053,"Dodge County, Nebraska",NE,2013,48626.0,10.7,18.7,69.32014281745035,6.7,40.1
31069,"Garden County, Nebraska",NE,2013,39400.0,9.4,20.8,1.1528323848560278,4.7,53.1
31123,"Morrill County, Nebraska",NE,2013,43886.0,13.8,18.3,3.4817000077948506,6.4,43.6
31127,"Nemaha County, Nebraska",NE,2013,42672.0,10.4,24.9,17.691229499947223,7.9,40.9
31171,"Thomas County, Nebraska",NE,2013,55089.0,7.7,22.7,1.0300641193863962,1.8,48.4
31043,"Dakota County, Nebraska",NE,2013,47069.0,16.9,11.1,79.15966640935991,6.9,32.6
31003,"Antelope County, Nebraska",NE,2013,43518.0,11.0,16.7,7.69987295209629,2.1,46.5
31029,"Chase County, Nebraska",NE,2013,45610.0,12.8,18.2,4.454288202732724,2.0,43.3
31035,"Clay County, Nebraska",NE,2013,46784.0,9.0,17.6,11.303729409441733,4.2,43.7
31041,"Custer County, Nebraska",NE,2013,44873.0,9.6,21.0,4.221162186276253,2.6,44.8
31061,"Franklin County, Nebraska",NE,2013,43011.0,12.9,17.5,5.524334162301846,5.0,49.2
31081,"Hamilton County, Nebraska",NE,2013,56065.0,10.1,24.1,16.76781465016325,3.0,42.9
31095,"Jefferson County, Nebraska",NE,2013,44843.0,13.6,13.5,13.264278874316442,7.0,46.6
31101,"Keith County, Nebraska",NE,2013,41970.0,11.2,20.4,7.76740909296403,3.9,48.5
31115,"Loup County, Nebraska",NE,2013,38125.0,25.8,12.6,1.0310174776095302,0.0,45.7
31135,"Perkins County, Nebraska",NE,2013,58625.0,5.8,22.3,3.338567416080144,1.7,45.1
31155,"Saunders County, Nebraska",NE,2013,59870.0,8.0,24.4,27.773030251239106,3.5,41.8
31157,"Scotts Bluff County, Nebraska",NE,2013,43444.0,13.7,20.0,49.86830861753794,6.3,38.9
31103,"Keya Paha County, Nebraska",NE,2013,36923.0,15.5,17.2,0.9028866502129157,0.2,53.3
31105,"Kimball County, Nebraska",NE,2013,42180.0,13.0,16.4,3.9697796714505715,5.5,45.8
31111,"Lincoln County, Nebraska",NE,2013,48158.0,11.4,19.4,14.089714290171365,5.6,39.1
31139,"Pierce County, Nebraska",NE,2013,51924.0,5.6,18.8,12.579175890407136,4.8,41.9
31165,"Sioux County, Nebraska",NE,2013,42014.0,9.3,27.0,0.5946614977728015,1.4,49.9
31021,"Burt County, Nebraska",NE,2013,46817.0,9.7,18.3,13.726997921014837,3.2,47.3
31025,"Cass County, Nebraska",NE,2013,64697.0,6.4,23.6,45.253674999596306,5.7,41.5
31039,"Cuming County, Nebraska",NE,2013,47500.0,11.6,17.5,15.941541255201376,2.5,43.5
31051,"Dixon County, Nebraska",NE,2013,47325.0,11.2,16.5,12.50341307680998,5.8,41.0
31057,"Dundy County, Nebraska",NE,2013,47431.0,8.1,22.2,2.168150156902742,4.1,47.8
31075,"Grant County, Nebraska",NE,2013,44167.0,18.8,17.7,0.7902340457022979,3.0,47.1
31077,"Greeley County, Nebraska",NE,2013,44950.0,12.1,15.0,4.399704463409797,1.8,46.3
31079,"Hall County, Nebraska",NE,2013,48712.0,13.7,17.1,108.77029228206959,6.5,35.7
31085,"Hayes County, Nebraska",NE,2013,49125.0,5.9,19.8,1.6015437647778172,1.9,45.8
31131,"Otoe County, Nebraska",NE,2013,50881.0,10.5,23.2,25.544777670937396,5.2,42.1
31145,"Red Willow County, Nebraska",NE,2013,42345.0,12.7,19.5,15.36249347983141,5.2,42.4
31089,"Holt County, Nebraska",NE,2013,44427.0,10.2,19.0,4.32557327836173,1.2,45.8
31065,"Furnas County, Nebraska",NE,2013,39603.0,16.2,16.8,6.841581239605525,4.5,47.0
31027,"Cedar County, Nebraska",NE,2013,48038.0,10.1,16.6,11.87446301489779,2.9,44.6
31045,"Dawes County, Nebraska",NE,2013,40359.0,19.3,40.6,6.568360867407481,4.3,34.7
31097,"Johnson County, Nebraska",NE,2013,42364.0,13.7,12.8,13.77916638968291,8.1,44.2
31033,"Cheyenne County, Nebraska",NE,2013,51529.0,14.0,25.3,8.379542611755104,2.4,39.9
31047,"Dawson County, Nebraska",NE,2013,46078.0,14.8,16.0,23.943324130183928,6.4,36.7
31071,"Garfield County, Nebraska",NE,2013,41892.0,13.0,13.8,3.4198092494686736,4.4,50.5
31117,"McPherson County, Nebraska",NE,2013,54926.0,13.6,26.3,0.444571169210537,2.2,43.7
31125,"Nance County, Nebraska",NE,2013,44286.0,12.6,13.2,8.39451265630732,5.1,45.4
31167,"Stanton County, Nebraska",NE,2013,51493.0,8.5,17.7,14.377654300200183,3.7,39.5
31175,"Valley County, Nebraska",NE,2013,40445.0,15.2,17.8,7.491480553130369,0.9,47.3
31009,"Blaine County, Nebraska",NE,2013,42917.0,17.7,16.0,0.8245496284601888,2.7,41.0
31049,"Deuel County, Nebraska",NE,2013,44922.0,13.5,21.8,4.437866459323725,3.3,49.0
31113,"Logan County, Nebraska",NE,2013,44417.0,12.1,19.9,1.3790130682077035,1.0,47.4
31169,"Thayer County, Nebraska",NE,2013,44422.0,13.4,16.3,9.039624821586353,1.6,49.5
31001,"Adams County, Nebraska",NE,2013,49440.0,12.8,20.4,55.686930339408526,6.2,38.0
31011,"Boone County, Nebraska",NE,2013,45246.0,9.7,13.8,7.925213715674037,1.9,45.9
31149,"Rock County, Nebraska",NE,2013,43500.0,10.0,19.1,1.4241891989729176,2.0,49.7
31163,"Sherman County, Nebraska",NE,2013,41835.0,13.5,17.7,5.5297047112942765,3.0,48.6
31093,"Howard County, Nebraska",NE,2013,49088.0,10.3,17.8,11.07953447688368,5.2,43.2
31073,"Gosper County, Nebraska",NE,2013,45893.0,8.0,18.0,4.376248212941036,4.5,45.3
31153,"Sarpy County, Nebraska",NE,2013,69965.0,6.6,36.2,683.4410607263304,5.5,33.2
31015,"Boyd County, Nebraska",NE,2013,41279.0,10.5,16.1,3.8763925287303107,1.9,51.9
31059,"Fillmore County, Nebraska",NE,2013,48464.0,8.8,18.2,10.1117366012538,2.6,46.4
31091,"Hooker County, Nebraska",NE,2013,39327.0,12.8,24.7,0.9748183482167619,3.4,51.1
31159,"Seward County, Nebraska",NE,2013,59435.0,8.8,26.1,29.441926395184016,4.5,38.7
31181,"Webster County, Nebraska",NE,2013,41045.0,15.5,17.2,6.543598770596595,5.1,47.6
31023,"Butler County, Nebraska",NE,2013,50247.0,9.4,14.1,14.248760029612253,3.9,44.4
31005,"Arthur County, Nebraska",NE,2013,40568.0,6.9,31.7,0.7089401973286797,4.0,37.5
31067,"Gage County, Nebraska",NE,2013,47654.0,11.7,20.0,25.902536933576524,5.3,43.9
31099,"Kearney County, Nebraska",NE,2013,56466.0,4.9,26.4,12.625837057354772,4.0,41.0
31119,"Madison County, Nebraska",NE,2013,46566.0,14.2,20.8,61.113614216708406,4.6,37.0
31137,"Phelps County, Nebraska",NE,2013,50000.0,9.1,21.7,17.017729116878787,2.1,43.3
31179,"Wayne County, Nebraska",NE,2013,52147.0,15.0,33.1,21.44650452907549,6.5,29.9
31107,"Knox County, Nebraska",NE,2013,42230.0,14.0,17.0,7.773967628466236,4.0,47.0
31121,"Merrick County, Nebraska",NE,2013,50859.0,12.6,17.0,16.012018249021565,6.1,42.9
31133,"Pawnee County, Nebraska",NE,2013,37321.0,21.5,11.6,6.40027837383286,5.6,49.4
31183,"Wheeler County, Nebraska",NE,2013,38807.0,16.0,17.5,1.510823511821455,2.3,44.2
39159,"Union County, Ohio",OH,2014,64758.0,7.9,26.0,122.96211543940022,5.6,37.6
39131,"Pike County, Ohio",OH,2014,39989.0,24.2,11.4,64.74032551864487,16.1,40.5
39125,"Paulding County, Ohio",OH,2014,45404.0,14.0,12.7,46.328958901149036,7.7,40.6
39061,"Hamilton County, Ohio",OH,2014,48927.0,18.4,34.3,1981.3964731738722,9.6,37.1
39049,"Franklin County, Ohio",OH,2014,51890.0,18.0,36.7,2249.349663891273,8.1,33.8
39101,"Marion County, Ohio",OH,2014,42904.0,19.1,12.5,163.86829319029437,9.7,40.4
39157,"Tuscarawas County, Ohio",OH,2014,44656.0,14.3,14.7,163.23192730208024,7.9,40.9
39169,"Wayne County, Ohio",OH,2014,49244.0,13.4,20.2,207.2463585254935,6.0,38.7
39015,"Brown County, Ohio",OH,2014,44899.0,14.6,11.4,90.82756775196458,11.0,40.4
39139,"Richland County, Ohio",OH,2014,42042.0,16.3,15.9,247.99334446627506,9.8,41.2
39067,"Harrison County, Ohio",OH,2014,41819.0,17.9,9.5,39.017624791527375,6.7,45.4
39083,"Knox County, Ohio",OH,2014,48953.0,15.5,21.4,116.20003082784173,7.7,38.5
39089,"Licking County, Ohio",OH,2014,55777.0,12.4,22.6,246.04976063373812,7.3,39.7
39163,"Vinton County, Ohio",OH,2014,37984.0,22.7,8.7,32.29944708507129,12.1,40.5
39019,"Carroll County, Ohio",OH,2014,45660.0,15.9,10.6,72.32167293442673,7.8,43.9
39063,"Hancock County, Ohio",OH,2014,50166.0,14.8,24.9,141.70234790382534,8.0,38.9
39025,"Clermont County, Ohio",OH,2014,60552.0,10.5,26.2,440.71504330917446,6.5,39.2
39045,"Fairfield County, Ohio",OH,2014,60704.0,10.9,26.2,293.5711240867229,7.3,39.1
39039,"Defiance County, Ohio",OH,2014,48853.0,13.5,16.3,94.28849191882368,8.6,39.3
39071,"Highland County, Ohio",OH,2014,39855.0,20.3,11.2,78.22681545660335,14.2,39.7
39069,"Henry County, Ohio",OH,2014,52526.0,12.7,14.8,67.4839547126271,7.7,40.8
39081,"Jefferson County, Ohio",OH,2014,40816.0,17.5,15.2,167.86564867540255,9.2,44.3
39133,"Portage County, Ohio",OH,2014,53027.0,16.0,25.5,331.455360531796,10.2,37.6
39137,"Putnam County, Ohio",OH,2014,61036.0,6.7,20.2,70.99041745415963,3.9,39.6
39013,"Belmont County, Ohio",OH,2014,43045.0,14.5,14.9,131.15853922090028,9.0,43.7
39027,"Clinton County, Ohio",OH,2014,45909.0,16.9,15.2,102.44145905253089,10.6,39.4
39047,"Fayette County, Ohio",OH,2014,40576.0,18.2,13.8,71.05750797935826,10.0,40.6
39127,"Perry County, Ohio",OH,2014,41892.0,18.8,11.0,88.2495697833473,11.0,39.5
39129,"Pickaway County, Ohio",OH,2014,55678.0,12.8,16.4,112.28223483125444,7.4,38.8
39097,"Madison County, Ohio",OH,2014,54331.0,11.6,15.7,93.01137363840502,7.3,39.9
39119,"Muskingum County, Ohio",OH,2014,40937.0,19.2,14.6,129.33190478913423,9.7,40.1
39143,"Sandusky County, Ohio",OH,2014,46099.0,14.7,14.1,148.19006187445805,8.0,41.2
39161,"Van Wert County, Ohio",OH,2014,46436.0,13.3,15.4,69.93034339484296,9.7,41.5
39167,"Washington County, Ohio",OH,2014,43512.0,16.6,16.6,97.2714067350872,8.6,43.5
39011,"Auglaize County, Ohio",OH,2014,52773.0,9.2,18.2,114.27097970043948,6.5,40.5
39037,"Darke County, Ohio",OH,2014,43323.0,13.9,11.6,87.83953238745231,8.7,41.2
39123,"Ottawa County, Ohio",OH,2014,53599.0,10.3,21.4,162.16470883849487,6.5,47.0
39065,"Hardin County, Ohio",OH,2014,42670.0,18.9,14.5,67.67385734182463,10.5,35.2
39079,"Jackson County, Ohio",OH,2014,37393.0,23.6,17.3,78.39927672432252,11.8,39.6
39077,"Huron County, Ohio",OH,2014,49315.0,13.9,13.1,120.23736244090826,8.1,38.3
39009,"Athens County, Ohio",OH,2014,33773.0,31.6,28.8,128.74173026979375,11.5,27.0
39001,"Adams County, Ohio",OH,2014,34733.0,25.3,9.8,48.54146114216815,15.3,40.7
39103,"Medina County, Ohio",OH,2014,66296.0,7.5,29.9,413.0684433561588,5.9,41.1
39095,"Lucas County, Ohio",OH,2014,41751.0,21.1,24.2,1290.005093283637,12.3,37.6
39121,"Noble County, Ohio",OH,2014,37126.0,13.7,9.5,36.58432409073093,10.8,49.6
39147,"Seneca County, Ohio",OH,2014,44947.0,17.1,14.7,101.81007792735734,9.7,39.1
39151,"Stark County, Ohio",OH,2014,46290.0,15.0,21.5,652.0299340304034,9.6,41.6
39031,"Coshocton County, Ohio",OH,2014,41569.0,18.1,12.1,65.19287644417966,9.0,41.3
39041,"Delaware County, Ohio",OH,2014,91936.0,4.9,51.1,410.2950036895206,4.1,37.7
39055,"Geauga County, Ohio",OH,2014,70487.0,7.9,36.0,234.37113572037043,5.0,43.8
39073,"Hocking County, Ohio",OH,2014,42792.0,16.8,13.7,69.08999428027597,9.7,42.2
39085,"Lake County, Ohio",OH,2014,56809.0,9.2,26.0,1001.4480743228507,7.2,42.9
39141,"Ross County, Ohio",OH,2014,43450.0,19.4,15.0,112.53021768340282,14.2,40.2
39035,"Cuyahoga County, Ohio",OH,2014,44203.0,18.5,30.3,2772.2714457876123,11.4,40.4
39075,"Holmes County, Ohio",OH,2014,47625.0,14.4,7.8,102.16463328064512,5.5,30.1
39109,"Miami County, Ohio",OH,2014,51847.0,12.8,19.7,253.72612976943378,8.5,41.2
39017,"Butler County, Ohio",OH,2014,56998.0,13.8,28.1,795.5732180981042,8.2,36.2
39111,"Monroe County, Ohio",OH,2014,41394.0,18.8,10.3,32.01506178095027,8.4,45.3
39155,"Trumbull County, Ohio",OH,2014,43226.0,17.3,17.4,335.8609677059251,8.6,43.4
39173,"Wood County, Ohio",OH,2014,52758.0,14.8,30.8,207.62619863180169,8.9,35.0
39005,"Ashland County, Ohio",OH,2014,47034.0,15.4,19.7,125.7769151297794,10.6,40.0
39105,"Meigs County, Ohio",OH,2014,35970.0,23.0,11.9,54.78700401300157,14.1,42.1
39021,"Champaign County, Ohio",OH,2014,49840.0,12.6,16.0,92.37532897113913,10.2,40.6
39057,"Greene County, Ohio",OH,2014,58775.0,14.3,36.9,394.89649602596,8.1,37.6
39087,"Lawrence County, Ohio",OH,2014,42981.0,17.4,14.8,136.9672668082657,8.5,40.9
39115,"Morgan County, Ohio",OH,2014,38696.0,19.5,10.7,35.96557371537801,9.0,43.5
39175,"Wyandot County, Ohio",OH,2014,46904.0,11.3,13.0,55.385016184172684,7.7,41.6
39043,"Erie County, Ohio",OH,2014,48204.0,12.7,21.1,304.0972907580147,8.6,43.8
39091,"Logan County, Ohio",OH,2014,48416.0,16.9,14.8,99.37492639136676,8.7,40.1
39153,"Summit County, Ohio",OH,2014,50082.0,14.7,29.9,1311.7082896270042,9.5,40.6
39149,"Shelby County, Ohio",OH,2014,51266.0,11.4,15.6,120.59289565213125,6.9,39.1
39171,"Williams County, Ohio",OH,2014,42455.0,14.5,13.7,89.12898778110588,9.8,41.5
39029,"Columbiana County, Ohio",OH,2014,43707.0,16.2,13.6,200.44856622367774,9.8,42.8
39051,"Fulton County, Ohio",OH,2014,52872.0,12.0,16.7,104.9237014948933,8.6,39.7
39053,"Gallia County, Ohio",OH,2014,37494.0,19.9,14.7,65.94002529312156,9.0,40.3
39099,"Mahoning County, Ohio",OH,2014,41350.0,17.9,21.5,573.0640990745782,10.9,43.2
39145,"Scioto County, Ohio",OH,2014,36945.0,24.5,14.4,128.69072105810915,11.1,39.4
39117,"Morrow County, Ohio",OH,2014,51444.0,13.4,13.8,86.1562932431168,8.3,41.0
39135,"Preble County, Ohio",OH,2014,48147.0,12.8,12.2,98.73746540758935,8.0,41.8
39003,"Allen County, Ohio",OH,2014,43648.0,18.4,17.2,262.23652014060536,11.1,38.2
39033,"Crawford County, Ohio",OH,2014,41377.0,16.3,12.6,107.11174605386947,9.3,42.5
39059,"Guernsey County, Ohio",OH,2014,40420.0,18.7,13.2,76.19663994914352,11.6,41.9
39107,"Mercer County, Ohio",OH,2014,52033.0,8.8,15.9,88.20253996674214,6.2,39.8
39023,"Clark County, Ohio",OH,2014,43011.0,19.0,18.2,345.958571547356,10.8,41.1
39093,"Lorain County, Ohio",OH,2014,52610.0,14.6,22.3,616.6010241857886,9.6,40.7
39113,"Montgomery County, Ohio",OH,2014,43281.0,18.5,24.8,1159.2063309714295,10.6,39.4
39165,"Warren County, Ohio",OH,2014,73177.0,5.8,38.7,542.1234745047044,7.0,38.2
39007,"Ashtabula County, Ohio",OH,2014,40304.0,19.0,13.4,142.92937853509707,9.6,41.6
51095,"James City County, Virginia",VA,2014,76705.0,8.5,46.1,490.74477504954393,5.8,45.2
51167,"Russell County, Virginia",VA,2014,34768.0,18.7,11.9,60.0687610342876,8.8,43.6
51173,"Smyth County, Virginia",VA,2014,37880.0,19.3,14.9,70.60960482013114,7.6,43.9
51540,"Charlottesville city, Virginia",VA,2014,47218.0,27.5,49.3,4344.07027818448,5.0,29.1
51031,"Campbell County, Virginia",VA,2014,47055.0,14.8,18.9,108.96708511606556,6.8,42.3
51087,"Henrico County, Virginia",VA,2014,61438.0,10.7,39.7,1347.5040119824541,7.6,37.8
51099,"King George County, Virginia",VA,2014,83071.0,5.8,31.8,136.82165363974437,7.3,36.7
51103,"Lancaster County, Virginia",VA,2014,49456.0,10.9,28.7,84.19726043838986,8.3,55.3
51105,"Lee County, Virginia",VA,2014,31264.0,26.0,11.1,58.29417196091672,11.7,42.4
51115,"Mathews County, Virginia",VA,2014,63157.0,9.1,29.0,103.86330039226641,4.3,50.7
51119,"Middlesex County, Virginia",VA,2014,54452.0,9.8,28.3,82.9970075961022,6.0,51.5
51149,"Prince George County, Virginia",VA,2014,61071.0,10.1,18.5,138.65878752704057,10.6,37.2
51159,"Richmond County, Virginia",VA,2014,47199.0,12.9,12.9,47.37881114279447,10.8,44.0
51169,"Scott County, Virginia",VA,2014,36579.0,19.1,11.6,42.515588053606855,8.5,45.2
51177,"Spotsylvania County, Virginia",VA,2014,78505.0,8.1,28.3,314.3902025848754,6.5,36.6
51011,"Appomattox County, Virginia",VA,2014,47927.0,18.2,15.3,45.289985159653405,7.3,42.5
51067,"Franklin County, Virginia",VA,2014,44827.0,14.5,19.8,81.60901232243958,7.1,44.7
51049,"Cumberland County, Virginia",VA,2014,41484.0,18.5,16.4,33.33400566099895,10.3,43.5
51097,"King and Queen County, Virginia",VA,2014,47804.0,11.3,16.8,22.443352192137688,5.0,45.5
51121,"Montgomery County, Virginia",VA,2014,44810.0,25.6,44.3,247.66380507022157,6.0,27.0
51127,"New Kent County, Virginia",VA,2014,73030.0,5.4,24.6,91.35144142642893,7.4,43.3
51051,"Dickenson County, Virginia",VA,2014,33106.0,20.2,10.2,47.24452339378607,9.5,43.5
51083,"Halifax County, Virginia",VA,2014,35093.0,20.2,14.6,43.66228013857858,9.3,45.0
51107,"Loudoun County, Virginia",VA,2014,123966.0,3.8,58.0,657.1476214667136,4.3,35.1
51153,"Prince William County, Virginia",VA,2014,98514.0,6.5,38.1,1278.9390793900782,5.8,33.7
51175,"Southampton County, Virginia",VA,2014,49690.0,14.5,14.8,30.647734631072304,6.6,45.3
51091,"Highland County, Virginia",VA,2014,44132.0,12.5,19.4,5.438827641191532,1.9,58.6
51033,"Caroline County, Virginia",VA,2014,58417.0,12.5,19.3,55.09867017595091,11.6,39.1
51073,"Gloucester County, Virginia",VA,2014,60980.0,8.6,22.9,169.58817317845828,5.9,42.9
51141,"Patrick County, Virginia",VA,2014,34753.0,20.2,11.2,38.026395888635356,10.4,46.9
51145,"Powhatan County, Virginia",VA,2014,75447.0,5.4,28.0,108.35043543093443,4.5,42.9
51171,"Shenandoah County, Virginia",VA,2014,47936.0,12.8,19.8,83.73697791091543,5.7,43.4
51061,"Fauquier County, Virginia",VA,2014,92078.0,5.8,34.3,102.97317567755256,5.4,41.5
51790,"Staunton city, Virginia",VA,2014,39982.0,18.2,31.5,1211.44578313253,6.4,41.9
51065,"Fluvanna County, Virginia",VA,2014,64641.0,6.5,29.6,90.36385863602642,6.3,41.5
51007,"Amelia County, Virginia",VA,2014,55870.0,9.6,15.6,35.91850517784781,6.0,43.3
51750,"Radford city, Virginia",VA,2014,30284.0,39.6,34.9,1756.2009094667217,9.4,21.9
51840,"Winchester city, Virginia",VA,2014,44731.0,15.6,28.1,2940.3894267377354,7.2,35.9
51001,"Accomack County, Virginia",VA,2014,39389.0,20.5,18.3,73.81203025926017,7.5,44.9
51045,"Craig County, Virginia",VA,2014,46658.0,10.4,13.1,15.867210406646794,6.6,46.1
51063,"Floyd County, Virginia",VA,2014,47543.0,10.6,16.7,40.564628546976685,6.5,44.7
51071,"Giles County, Virginia",VA,2014,45919.0,13.3,17.0,47.659171836158826,5.4,43.0
51077,"Grayson County, Virginia",VA,2014,28892.0,20.2,10.8,34.5303711081182,9.2,47.9
51135,"Nottoway County, Virginia",VA,2014,35911.0,20.9,12.2,50.1160978402621,10.9,41.9
51157,"Rappahannock County, Virginia",VA,2014,59753.0,10.7,32.0,27.953388494286184,3.3,49.3
51036,"Charles City County, Virginia",VA,2014,48088.0,13.6,11.8,39.11405623807415,10.0,47.9
51047,"Culpeper County, Virginia",VA,2014,65235.0,9.7,21.4,126.34926830297452,7.2,38.4
51053,"Dinwiddie County, Virginia",VA,2014,52328.0,13.7,13.7,55.55423250497136,10.2,41.4
51079,"Greene County, Virginia",VA,2014,63739.0,11.3,24.5,120.33575509628271,6.3,39.9
51085,"Hanover County, Virginia",VA,2014,77550.0,5.5,36.3,215.31950746964455,5.2,41.8
51111,"Lunenburg County, Virginia",VA,2014,37881.0,19.9,12.5,29.342135742413713,7.4,44.4
51137,"Orange County, Virginia",VA,2014,63538.0,12.6,24.0,100.3846627457649,9.5,42.6
51595,"Emporia city, Virginia",VA,2014,30240.0,34.6,15.0,823.0011587485516,17.2,43.2
51197,"Wythe County, Virginia",VA,2014,40185.0,15.1,15.2,63.337749376558605,10.1,43.5
51550,"Chesapeake city, Virginia",VA,2014,70176.0,9.1,29.4,674.1437587160517,7.6,36.6
51660,"Harrisonburg city, Virginia",VA,2014,38807.0,32.5,35.6,2931.0225503200877,6.8,23.0
51003,"Albemarle County, Virginia",VA,2014,67958.0,9.7,52.1,141.411463596087,4.4,38.5
51019,"Bedford County, Virginia",VA,2014,56043.0,10.2,26.3,99.46928315072674,7.0,44.9
51029,"Buckingham County, Virginia",VA,2014,38484.0,22.2,11.2,29.45362761657146,11.2,42.3
51195,"Wise County, Virginia",VA,2014,37357.0,22.7,12.8,101.30874479476502,11.1,39.7
51580,"Covington city, Virginia",VA,2014,38176.0,21.9,9.0,1070.213933077345,5.1,44.1
51740,"Portsmouth city, Virginia",VA,2014,46239.0,18.2,19.5,2883.006516320831,10.5,35.1
51810,"Virginia Beach city, Virginia",VA,2014,67001.0,8.3,33.5,1820.928151420177,6.2,34.9
51005,"Alleghany County, Virginia",VA,2014,45183.0,14.2,16.9,36.12631333805075,6.2,46.8
51640,"Galax city, Virginia",VA,2014,30430.0,25.8,12.4,847.6202039825157,8.2,43.4
51193,"Westmoreland County, Virginia",VA,2014,48750.0,12.7,16.5,76.38907058074531,10.5,46.8
51133,"Northumberland County, Virginia",VA,2014,50774.0,12.2,23.6,64.3570562915291,8.7,54.7
51155,"Pulaski County, Virginia",VA,2014,45635.0,13.6,16.4,108.27322496631118,7.7,44.8
51187,"Warren County, Virginia",VA,2014,60560.0,9.9,19.7,177.73780621350718,7.8,40.5
51017,"Bath County, Virginia",VA,2014,46153.0,9.3,19.8,8.775477039013458,4.1,49.8
51590,"Danville city, Virginia",VA,2014,32173.0,26.1,17.2,997.8269504871837,14.7,42.1
51630,"Fredericksburg city, Virginia",VA,2014,49454.0,19.2,37.7,2548.5167464114834,10.4,28.7
51009,"Amherst County, Virginia",VA,2014,44765.0,11.2,18.3,68.01600128280326,7.6,43.1
51670,"Hopewell city, Virginia",VA,2014,39156.0,17.7,10.9,2161.000579486189,13.7,36.6
51700,"Newport News city, Virginia",VA,2014,51000.0,15.2,24.1,2628.8538752554755,9.6,32.7
51069,"Frederick County, Virginia",VA,2014,68719.0,5.9,28.2,194.55383833371658,6.4,39.6
51680,"Lynchburg city, Virginia",VA,2014,39391.0,24.6,32.3,1584.9803985625613,9.6,29.0
51199,"York County, Virginia",VA,2014,80900.0,6.2,42.0,628.4966621142809,5.6,39.7
51690,"Martinsville city, Virginia",VA,2014,27746.0,25.9,16.6,1254.5637093829866,14.2,43.4
51125,"Nelson County, Virginia",VA,2014,50131.0,14.1,29.0,31.63496160341586,6.2,48.1
51143,"Pittsylvania County, Virginia",VA,2014,42311.0,14.5,14.0,64.96883910576128,8.3,45.0
51530,"Buena Vista city, Virginia",VA,2014,32789.0,22.9,14.0,1038.0552966759865,7.8,37.2
51610,"Falls Church city, Virginia",VA,2014,120500.0,4.6,75.1,6390.029325513197,5.0,36.7
51730,"Petersburg city, Virginia",VA,2014,33927.0,27.5,14.9,1427.7728873239437,15.1,39.3
51735,"Poquoson city, Virginia",VA,2014,83460.0,6.2,35.8,788.1096568340171,4.7,43.7
51600,"Fairfax city, Virginia",VA,2014,100584.0,8.8,53.5,3767.1474358974356,5.5,39.0
51820,"Waynesboro city, Virginia",VA,2014,45499.0,20.7,19.0,1414.629258517034,7.8,38.2
51770,"Roanoke city, Virginia",VA,2014,39530.0,21.9,24.1,2303.5441311352038,8.0,38.3
51800,"Suffolk city, Virginia",VA,2014,66822.0,11.1,26.1,214.1421986170959,8.9,38.3
51710,"Norfolk city, Virginia",VA,2014,44150.0,20.5,25.6,4593.993430314406,11.6,29.9
51041,"Chesterfield County, Virginia",VA,2014,72514.0,7.2,36.6,765.8380282687849,7.4,38.0
51059,"Fairfax County, Virginia",VA,2014,112102.0,6.0,59.2,2856.8082021170217,5.1,37.4
51093,"Isle of Wight County, Virginia",VA,2014,65910.0,11.3,26.1,112.51088901911716,8.3,44.5
51620,"Franklin city, Virginia",VA,2014,33133.0,25.8,19.8,1031.0498973057872,14.0,37.4
51678,"Lexington city, Virginia",VA,2014,36840.0,19.3,44.8,2846.738695478191,5.1,21.6
51089,"Henry County, Virginia",VA,2014,34344.0,17.8,11.5,138.51147244286008,11.9,45.5
51101,"King William County, Virginia",VA,2014,63560.0,11.7,19.1,58.57763498959512,5.8,40.3
51109,"Louisa County, Virginia",VA,2014,57126.0,9.6,19.2,68.16120489569677,8.0,43.7
51147,"Prince Edward County, Virginia",VA,2014,37238.0,22.3,22.4,66.12448777811433,8.0,30.9
51165,"Rockingham County, Virginia",VA,2014,53728.0,10.9,23.7,91.01671120713495,6.0,40.8
51181,"Surry County, Virginia",VA,2014,51527.0,11.4,18.8,24.681931105685983,10.1,46.2
51043,"Clarke County, Virginia",VA,2014,75508.0,9.5,32.2,81.12747466365037,6.2,45.3
51117,"Mecklenburg County, Virginia",VA,2014,37756.0,19.9,15.2,51.03548639874623,7.9,46.9
51015,"Augusta County, Virginia",VA,2014,54018.0,9.3,21.2,76.21650463149666,5.0,44.0
51075,"Goochland County, Virginia",VA,2014,82460.0,6.2,38.3,76.68360345921873,5.2,46.6
51113,"Madison County, Virginia",VA,2014,51641.0,13.8,23.1,41.19287171202416,6.8,45.1
51161,"Roanoke County, Virginia",VA,2014,60950.0,7.9,34.0,371.96066222839534,5.6,43.4
51025,"Brunswick County, Virginia",VA,2014,37028.0,23.5,13.3,29.954047266677733,9.8,41.6
51131,"Northampton County, Virginia",VA,2014,34656.0,23.8,20.4,57.880516928657805,9.1,48.0
51163,"Rockbridge County, Virginia",VA,2014,48550.0,13.2,23.5,37.49436335687452,3.3,47.7
51720,"Norton city, Virginia",VA,2014,36148.0,14.8,20.5,536.9800722214792,11.3,39.4
51570,"Colonial Heights city, Virginia",VA,2014,52529.0,10.6,19.6,2333.0230083787737,7.2,40.3
51021,"Bland County, Virginia",VA,2014,43508.0,13.5,14.2,18.808838784177873,8.3,44.3
51023,"Botetourt County, Virginia",VA,2014,63011.0,7.2,25.4,61.16103429673586,5.3,46.1
51520,"Bristol city, Virginia",VA,2014,33616.0,19.6,20.4,1367.0266490560173,11.0,41.6
51830,"Williamsburg city, Virginia",VA,2014,48057.0,20.5,48.6,1611.2105616469007,6.2,24.8
51035,"Carroll County, Virginia",VA,2014,33495.0,18.5,13.0,62.94129046391318,7.8,45.9
51191,"Washington County, Virginia",VA,2014,42458.0,12.3,23.5,97.70791866612734,7.5,44.1
51139,"Page County, Virginia",VA,2014,43063.0,17.2,12.4,77.10767980233597,11.0,44.0
51510,"Alexandria city, Virginia",VA,2014,87319.0,8.7,61.5,9803.950451958486,4.7,35.8
51650,"Hampton city, Virginia",VA,2014,49879.0,15.5,23.3,2660.3447270748725,10.5,35.5
51013,"Arlington County, Virginia",VA,2014,105120.0,8.8,72.0,8469.16951955995,3.6,33.8
51027,"Buchanan County, Virginia",VA,2014,29678.0,24.0,8.6,47.09716935730849,11.2,45.3
51179,"Stafford County, Virginia",VA,2014,98721.0,5.4,37.1,500.2581675674672,5.9,34.7
51760,"Richmond city, Virginia",VA,2014,41331.0,25.5,35.4,3522.119315811431,10.7,32.6
51057,"Essex County, Virginia",VA,2014,42143.0,12.4,13.7,43.39091068063031,7.9,44.3
51185,"Tazewell County, Virginia",VA,2014,36248.0,19.5,12.8,85.45059571195335,8.9,43.1
51685,"Manassas Park city, Virginia",VA,2014,73460.0,9.3,26.3,4941.331575477917,3.7,32.9
51183,"Sussex County, Virginia",VA,2014,36972.0,22.5,9.0,24.321435419581988,6.2,37.8
51683,"Manassas city, Virginia",VA,2014,71215.0,12.3,29.1,4108.097124860306,8.0,32.6
51775,"Salem city, Virginia",VA,2014,50590.0,11.6,30.7,1730.6234929383395,5.9,40.5
51037,"Charlotte County, Virginia",VA,2014,34820.0,19.3,15.4,26.086901636033126,6.4,44.1
51081,"Greensville County, Virginia",VA,2014,38933.0,20.0,8.5,40.345225877036995,8.8,42.0
31117,"McPherson County, Nebraska",NE,2014,57763.0,11.5,25.6,0.4957783195908083,1.5,46.0
31033,"Cheyenne County, Nebraska",NE,2014,54094.0,13.5,23.8,8.39793713754423,2.6,39.8
31047,"Dawson County, Nebraska",NE,2014,48104.0,13.9,15.1,23.89298155388778,5.8,36.3
31071,"Garfield County, Nebraska",NE,2014,41776.0,12.0,12.8,3.4321044034215653,4.9,50.5
31125,"Nance County, Nebraska",NE,2014,46220.0,11.4,14.4,8.30393253592634,3.5,46.0
31167,"Stanton County, Nebraska",NE,2014,53532.0,10.3,19.4,14.293465042749434,2.6,39.3
31175,"Valley County, Nebraska",NE,2014,42708.0,13.3,17.4,7.514363364970288,1.2,46.5
31035,"Clay County, Nebraska",NE,2014,50682.0,10.1,17.5,11.226845177873418,3.7,43.8
31041,"Custer County, Nebraska",NE,2014,44336.0,11.5,20.3,4.200972668829015,2.1,44.2
31061,"Franklin County, Nebraska",NE,2014,45707.0,14.5,17.8,5.489600844714284,3.9,49.6
31081,"Hamilton County, Nebraska",NE,2014,58382.0,9.1,24.8,16.782571802770654,2.8,42.8
31095,"Jefferson County, Nebraska",NE,2014,44449.0,14.0,13.2,13.162556254362674,6.2,46.0
31101,"Keith County, Nebraska",NE,2014,42326.0,11.9,22.0,7.728793381455417,3.5,48.5
31115,"Loup County, Nebraska",NE,2014,55125.0,20.2,14.4,0.9919772288876546,0.0,48.3
31135,"Perkins County, Nebraska",NE,2014,56333.0,8.1,20.7,3.3261142992348125,1.6,44.3
31155,"Saunders County, Nebraska",NE,2014,60487.0,8.5,24.5,27.86249145445223,3.6,41.3
31157,"Scotts Bluff County, Nebraska",NE,2014,46443.0,13.8,21.2,49.81557798184985,5.9,38.6
31103,"Keya Paha County, Nebraska",NE,2014,39028.0,15.3,15.8,0.9585086071744563,0.2,52.5
31105,"Kimball County, Nebraska",NE,2014,42219.0,12.6,15.9,3.9498204722556625,6.1,46.1
31111,"Lincoln County, Nebraska",NE,2014,49250.0,12.6,19.9,14.060854711521213,4.7,39.1
31139,"Pierce County, Nebraska",NE,2014,52178.0,5.3,20.4,12.561731463988599,4.7,41.8
31165,"Sioux County, Nebraska",NE,2014,40625.0,10.9,25.1,0.618854398414494,1.6,49.5
31021,"Burt County, Nebraska",NE,2014,46988.0,9.3,16.5,13.60901246170558,2.4,47.9
31025,"Cass County, Nebraska",NE,2014,65560.0,5.8,24.5,45.42053693659426,4.4,41.5
31039,"Cuming County, Nebraska",NE,2014,49872.0,11.8,18.1,15.917002324187322,2.7,43.8
31051,"Dixon County, Nebraska",NE,2014,49634.0,11.0,16.6,12.392094263930604,5.2,41.8
31057,"Dundy County, Nebraska",NE,2014,47636.0,9.3,21.8,2.1377047183905673,4.2,47.5
31075,"Grant County, Nebraska",NE,2014,45268.0,13.4,18.6,0.8352799603595951,3.6,48.0
31077,"Greeley County, Nebraska",NE,2014,43226.0,11.7,15.1,4.3874196882826055,2.8,46.2
31079,"Hall County, Nebraska",NE,2014,49178.0,15.7,17.7,110.21980636541664,6.4,35.9
31085,"Hayes County, Nebraska",NE,2014,48750.0,7.0,19.0,1.6057509725662005,2.0,47.4
31131,"Otoe County, Nebraska",NE,2014,51316.0,10.4,22.0,25.582135710387483,5.2,42.0
31145,"Red Willow County, Nebraska",NE,2014,43627.0,11.3,19.6,15.331810333525802,5.7,42.1
31027,"Cedar County, Nebraska",NE,2014,49507.0,10.8,16.5,11.801514095352342,2.5,44.8
31045,"Dawes County, Nebraska",NE,2014,41267.0,16.9,39.1,6.5461607816148915,3.1,34.7
31097,"Johnson County, Nebraska",NE,2014,44057.0,11.7,13.2,13.768530213388287,3.9,43.6
31083,"Harlan County, Nebraska",NE,2014,46859.0,11.8,14.5,6.255126782855677,2.9,49.7
31185,"York County, Nebraska",NE,2014,50922.0,9.6,24.1,24.099142373058985,2.4,41.2
31019,"Buffalo County, Nebraska",NE,2014,52562.0,12.3,32.8,48.94342194955692,4.1,32.5
31037,"Colfax County, Nebraska",NE,2014,52086.0,13.6,14.1,25.536442631672283,7.6,34.9
31087,"Hitchcock County, Nebraska",NE,2014,35938.0,14.6,15.3,4.06229795913193,4.1,48.9
31141,"Platte County, Nebraska",NE,2014,55391.0,9.3,20.6,48.19375417253913,5.0,38.1
31143,"Polk County, Nebraska",NE,2014,54375.0,8.4,19.5,12.09790480793123,2.9,45.8
31013,"Box Butte County, Nebraska",NE,2014,49367.0,20.3,15.5,10.515509167128526,4.6,40.8
31017,"Brown County, Nebraska",NE,2014,34645.0,15.7,19.6,2.5299748803788575,0.8,47.1
31161,"Sheridan County, Nebraska",NE,2014,40489.0,17.2,24.1,2.188550464278325,2.2,46.0
31109,"Lancaster County, Nebraska",NE,2014,51916.0,14.9,36.2,350.6920689955717,6.0,32.8
31129,"Nuckolls County, Nebraska",NE,2014,42404.0,10.8,16.1,7.704010223331102,3.2,49.6
31007,"Banner County, Nebraska",NE,2014,46875.0,15.0,13.6,1.0562450488513335,6.7,49.3
31063,"Frontier County, Nebraska",NE,2014,48713.0,13.1,16.9,2.606114519238563,3.0,44.5
31055,"Douglas County, Nebraska",NE,2014,53444.0,14.7,36.6,1626.9779753497935,6.5,33.8
31147,"Richardson County, Nebraska",NE,2014,40765.0,18.1,21.7,14.926400901709007,5.7,47.3
31089,"Holt County, Nebraska",NE,2014,45782.0,11.6,20.1,4.324329701952042,1.4,45.5
31065,"Furnas County, Nebraska",NE,2014,40765.0,16.9,18.1,6.824894456094292,4.3,46.8
31151,"Saline County, Nebraska",NE,2014,46814.0,13.0,14.3,24.939858307740813,5.3,36.0
31173,"Thurston County, Nebraska",NE,2014,40494.0,30.6,15.6,17.617586080734988,15.3,28.6
31177,"Washington County, Nebraska",NE,2014,68207.0,9.0,29.8,51.96470380067546,1.8,41.0
31031,"Cherry County, Nebraska",NE,2014,46817.0,11.4,20.4,0.9645613871429621,4.0,44.4
31053,"Dodge County, Nebraska",NE,2014,47991.0,12.0,18.6,69.446780842502,6.8,39.8
31069,"Garden County, Nebraska",NE,2014,41410.0,11.7,22.0,1.1369999970680764,3.7,51.3
31123,"Morrill County, Nebraska",NE,2014,45000.0,14.0,17.0,3.4536104554931577,5.1,41.9
31127,"Nemaha County, Nebraska",NE,2014,47875.0,9.3,27.1,17.70841260061319,8.8,39.8
31171,"Thomas County, Nebraska",NE,2014,52105.0,7.9,24.2,1.0483077618278445,0.5,44.5
31043,"Dakota County, Nebraska",NE,2014,48508.0,16.7,11.9,79.09155579772661,7.2,32.6
31003,"Antelope County, Nebraska",NE,2014,45417.0,12.6,18.3,7.619374280324374,1.9,46.7
31029,"Chase County, Nebraska",NE,2014,48450.0,12.1,19.0,4.460996468098285,1.0,43.3
31009,"Blaine County, Nebraska",NE,2014,48214.0,16.3,15.7,0.8358062786780752,0.3,39.4
31049,"Deuel County, Nebraska",NE,2014,50764.0,14.3,18.5,4.435592962162187,3.0,47.3
31113,"Logan County, Nebraska",NE,2014,45179.0,12.0,20.4,1.2896488160112705,1.4,45.0
31169,"Thayer County, Nebraska",NE,2014,45213.0,13.7,17.8,9.05182404536717,1.4,48.9
31001,"Adams County, Nebraska",NE,2014,51342.0,11.8,22.3,55.73841505199956,6.7,38.1
31011,"Boone County, Nebraska",NE,2014,47450.0,10.7,15.4,7.871320514519848,2.8,46.1
31149,"Rock County, Nebraska",NE,2014,48854.0,8.0,20.1,1.4241891989729176,2.2,50.6
31163,"Sherman County, Nebraska",NE,2014,46301.0,11.9,14.5,5.5137995203701315,3.5,49.2
31093,"Howard County, Nebraska",NE,2014,48750.0,10.0,18.7,11.091829458072358,5.1,43.6
31073,"Gosper County, Nebraska",NE,2014,50063.0,7.6,18.0,4.358786873438029,6.8,45.1
31153,"Sarpy County, Nebraska",NE,2014,70121.0,6.8,36.6,696.9941327419876,5.1,33.5
31015,"Boyd County, Nebraska",NE,2014,40083.0,12.1,18.6,3.8282385842740334,1.2,51.2
31059,"Fillmore County, Nebraska",NE,2014,52063.0,8.4,19.7,10.023098140156526,2.3,47.0
31091,"Hooker County, Nebraska",NE,2014,38011.0,16.4,23.6,0.9540185257085807,2.8,57.2
31159,"Seward County, Nebraska",NE,2014,59503.0,9.0,26.8,29.643175892060274,4.3,38.5
31181,"Webster County, Nebraska",NE,2014,41107.0,12.6,18.5,6.49315635583123,4.7,47.6
31023,"Butler County, Nebraska",NE,2014,49241.0,8.9,14.0,14.211146312231467,4.1,44.5
31005,"Arthur County, Nebraska",NE,2014,41103.0,7.1,31.6,0.665592769089648,2.4,38.4
31067,"Gage County, Nebraska",NE,2014,49021.0,11.4,20.5,25.707577916076016,4.3,44.4
31099,"Kearney County, Nebraska",NE,2014,55670.0,5.9,24.9,12.707194092704404,4.8,41.0
31119,"Madison County, Nebraska",NE,2014,47622.0,15.0,21.3,61.302220312876564,3.7,37.1
31137,"Phelps County, Nebraska",NE,2014,51396.0,6.3,23.8,17.02328683376869,1.4,41.8
31179,"Wayne County, Nebraska",NE,2014,53808.0,14.9,36.4,21.42166912010404,4.5,29.6
31107,"Knox County, Nebraska",NE,2014,43709.0,13.8,18.9,7.734272308093425,4.3,47.4
31121,"Merrick County, Nebraska",NE,2014,49637.0,11.1,16.0,15.987390689551141,5.1,43.1
31133,"Pawnee County, Nebraska",NE,2014,38462.0,18.1,14.5,6.388679464130372,6.3,48.3
31183,"Wheeler County, Nebraska",NE,2014,44107.0,13.1,18.6,1.4743133924333647,3.1,48.3
39105,"Meigs County, Ohio",OH,2015,37813.0,22.8,12.9,54.57542629422788,12.1,42.3
39021,"Champaign County, Ohio",OH,2015,50974.0,12.4,15.5,91.82752937721014,9.1,41.2
39057,"Greene County, Ohio",OH,2015,60113.0,13.6,37.1,397.0219485006976,7.6,37.7
39087,"Lawrence County, Ohio",OH,2015,42874.0,18.3,14.7,136.36514017640326,8.0,41.2
39115,"Morgan County, Ohio",OH,2015,37067.0,21.4,11.1,35.81188494474409,9.3,43.9
39175,"Wyandot County, Ohio",OH,2015,47555.0,11.8,14.1,55.21789033103207,6.6,42.0
39043,"Erie County, Ohio",OH,2015,48011.0,12.4,21.2,303.00292891025435,7.7,44.0
39091,"Logan County, Ohio",OH,2015,49783.0,14.5,15.7,99.20044666809159,7.6,40.7
39153,"Summit County, Ohio",OH,2015,50765.0,14.8,30.3,1312.636115438004,8.4,40.7
39149,"Shelby County, Ohio",OH,2015,54550.0,10.3,16.3,120.35251929142935,6.7,38.9
39171,"Williams County, Ohio",OH,2015,42492.0,14.9,13.9,88.87462558836114,7.1,41.6
39029,"Columbiana County, Ohio",OH,2015,44497.0,15.4,13.9,199.25477095110702,9.0,43.2
39051,"Fulton County, Ohio",OH,2015,55120.0,10.8,17.2,104.785582332586,6.7,39.8
39053,"Gallia County, Ohio",OH,2015,37319.0,20.9,15.1,65.51561528733416,7.5,41.0
39099,"Mahoning County, Ohio",OH,2015,41375.0,18.0,22.2,570.0044715763279,9.5,43.3
39145,"Scioto County, Ohio",OH,2015,35903.0,25.3,14.4,127.86632685673078,9.6,39.5
39117,"Morrow County, Ohio",OH,2015,51993.0,11.7,13.9,86.16860445074778,7.0,41.2
39135,"Preble County, Ohio",OH,2015,47818.0,13.3,11.8,98.25423241385488,7.3,41.9
39003,"Allen County, Ohio",OH,2015,44103.0,17.5,17.4,261.3273050217988,9.2,38.1
39033,"Crawford County, Ohio",OH,2015,40795.0,16.4,12.6,106.33770215985624,8.1,42.6
39059,"Guernsey County, Ohio",OH,2015,40930.0,19.9,13.5,75.87495739620951,11.7,42.2
39107,"Mercer County, Ohio",OH,2015,53099.0,8.4,15.7,88.36255830397862,5.5,40.1
39023,"Clark County, Ohio",OH,2015,43625.0,18.3,18.1,344.75920751265505,10.0,41.0
39093,"Lorain County, Ohio",OH,2015,52457.0,14.4,22.8,618.0015330169447,8.8,41.0
39113,"Montgomery County, Ohio",OH,2015,43829.0,18.6,25.7,1156.9564171314248,9.4,39.4
39165,"Warren County, Ohio",OH,2015,74379.0,5.6,39.6,547.8355965094524,6.1,38.7
39007,"Ashtabula County, Ohio",OH,2015,40544.0,20.1,13.3,142.11891457652902,8.9,41.8
39159,"Union County, Ohio",OH,2015,67382.0,8.7,26.2,123.84223606224768,4.2,38.1
39131,"Pike County, Ohio",OH,2015,40283.0,23.1,11.8,64.49502818648048,13.4,40.8
39125,"Paulding County, Ohio",OH,2015,45550.0,12.8,12.7,46.021588002929626,6.6,41.0
39061,"Hamilton County, Ohio",OH,2015,49013.0,18.3,35.0,1983.6707308951252,8.8,37.0
39049,"Franklin County, Ohio",OH,2015,52341.0,17.5,37.6,2283.4751707777923,7.0,33.8
39101,"Marion County, Ohio",OH,2015,42966.0,18.8,12.4,163.30366562161038,9.6,40.4
39157,"Tuscarawas County, Ohio",OH,2015,45310.0,14.0,14.4,163.3746865025582,7.0,41.0
39169,"Wayne County, Ohio",OH,2015,50383.0,13.2,21.2,207.95473594465645,4.8,38.8
39015,"Brown County, Ohio",OH,2015,45568.0,14.9,12.1,90.38429719146224,9.9,40.8
39017,"Butler County, Ohio",OH,2015,57540.0,13.9,28.4,798.5398393223071,7.2,36.4
39067,"Harrison County, Ohio",OH,2015,43173.0,17.3,8.6,38.85606627378949,5.6,45.9
39083,"Knox County, Ohio",OH,2015,48533.0,15.3,21.8,116.08775658945116,6.6,38.7
39089,"Licking County, Ohio",OH,2015,56549.0,12.7,22.8,247.19567074573544,7.2,39.7
39139,"Richland County, Ohio",OH,2015,41877.0,17.0,15.7,246.98168718587638,8.7,41.3
39163,"Vinton County, Ohio",OH,2015,40680.0,20.7,9.1,32.09331651954603,12.0,41.0
39019,"Carroll County, Ohio",OH,2015,47075.0,15.4,11.4,71.87059694079247,7.1,44.5
39063,"Hancock County, Ohio",OH,2015,50895.0,13.9,25.8,141.9620759422199,6.9,39.2
39025,"Clermont County, Ohio",OH,2015,60805.0,10.7,27.1,442.5601025278416,5.5,39.5
39039,"Defiance County, Ohio",OH,2015,50663.0,13.4,16.7,93.9822578685138,8.4,39.7
39071,"Highland County, Ohio",OH,2015,39858.0,20.2,12.1,78.05324326865359,11.5,40.1
39069,"Henry County, Ohio",OH,2015,53835.0,11.4,16.1,67.34213119876927,6.7,41.2
39081,"Jefferson County, Ohio",OH,2015,41942.0,17.6,15.1,166.74589095470984,8.8,44.3
39133,"Portage County, Ohio",OH,2015,52552.0,15.6,26.0,332.16113909377214,8.7,37.6
39137,"Putnam County, Ohio",OH,2015,60524.0,5.8,19.4,70.84120826287344,3.4,39.7
39013,"Belmont County, Ohio",OH,2015,43833.0,14.6,15.1,130.72067382410592,8.5,43.9
39027,"Clinton County, Ohio",OH,2015,46787.0,15.9,15.8,102.49283758755759,9.2,39.3
39047,"Fayette County, Ohio",OH,2015,40503.0,18.4,14.1,70.79665617517429,8.6,41.1
39127,"Perry County, Ohio",OH,2015,42017.0,19.3,11.0,88.31085420680796,9.5,40.0
39129,"Pickaway County, Ohio",OH,2015,57439.0,12.6,17.1,112.75307843935295,6.9,39.1
39097,"Madison County, Ohio",OH,2015,57406.0,9.4,17.1,93.2904549884718,5.9,40.2
39119,"Muskingum County, Ohio",OH,2015,41130.0,18.6,15.1,129.43573507326806,8.3,40.3
39143,"Sandusky County, Ohio",OH,2015,47209.0,14.3,14.5,147.42826629042293,7.6,41.3
39161,"Van Wert County, Ohio",OH,2015,48060.0,12.8,15.7,69.8423561041183,7.5,41.5
39167,"Washington County, Ohio",OH,2015,43509.0,16.4,17.5,97.07836081864127,6.8,43.6
39011,"Auglaize County, Ohio",OH,2015,54274.0,8.9,17.5,114.28592783042842,5.0,41.0
39037,"Darke County, Ohio",OH,2015,44632.0,13.3,12.3,87.5369084203029,7.6,41.8
39123,"Ottawa County, Ohio",OH,2015,53914.0,10.7,21.7,161.6071989446573,5.5,47.3
39065,"Hardin County, Ohio",OH,2015,42703.0,18.7,13.5,67.48248402564403,9.6,35.4
39079,"Jackson County, Ohio",OH,2015,39460.0,23.5,17.2,78.16611548618876,11.5,39.5
39077,"Huron County, Ohio",OH,2015,48745.0,13.5,13.1,119.73151471935608,7.2,38.8
39009,"Athens County, Ohio",OH,2015,33872.0,33.0,29.1,129.0077912176061,10.9,28.0
39001,"Adams County, Ohio",OH,2015,35560.0,24.6,10.5,48.34792557272827,13.4,41.0
39103,"Medina County, Ohio",OH,2015,66952.0,7.4,30.8,414.82425295047193,5.0,41.4
39095,"Lucas County, Ohio",OH,2015,41777.0,21.1,24.2,1284.393648999155,11.1,37.7
39121,"Noble County, Ohio",OH,2015,41708.0,12.7,9.3,36.451162276514275,7.0,50.2
39147,"Seneca County, Ohio",OH,2015,45444.0,16.9,14.2,101.49974774330069,8.1,39.0
39151,"Stark County, Ohio",OH,2015,47137.0,14.7,21.9,651.8369794790227,8.5,41.8
39031,"Coshocton County, Ohio",OH,2015,41701.0,16.1,12.1,65.11486059987091,7.8,41.5
39045,"Fairfield County, Ohio",OH,2015,60567.0,10.3,26.0,295.6430362931607,6.9,39.0
39041,"Delaware County, Ohio",OH,2015,91955.0,4.5,51.8,418.4457978955065,3.2,37.8
39055,"Geauga County, Ohio",OH,2015,72430.0,7.5,37.0,234.5085323294221,4.1,44.2
39073,"Hocking County, Ohio",OH,2015,42170.0,17.4,15.1,68.62244837415065,9.5,42.6
39085,"Lake County, Ohio",OH,2015,58029.0,8.9,26.3,1000.7283988310725,6.0,43.2
39141,"Ross County, Ohio",OH,2015,43345.0,19.3,14.7,112.21389331452798,11.3,40.6
39035,"Cuyahoga County, Ohio",OH,2015,44190.0,18.7,30.5,2762.8141055223955,10.6,40.4
39075,"Holmes County, Ohio",OH,2015,51996.0,12.7,7.8,102.7798548077196,4.2,30.4
39109,"Miami County, Ohio",OH,2015,51569.0,12.8,20.6,254.64121164712276,7.6,41.4
39111,"Monroe County, Ohio",OH,2015,41528.0,19.4,9.9,31.92070621847043,7.4,45.6
39155,"Trumbull County, Ohio",OH,2015,43073.0,17.3,17.3,333.8823266747668,7.4,43.6
39173,"Wood County, Ohio",OH,2015,53577.0,14.3,31.1,208.8349574341907,7.2,34.8
39005,"Ashland County, Ohio",OH,2015,48003.0,14.9,20.4,125.74618132472156,7.8,39.9
51095,"James City County, Virginia",VA,2015,75710.0,8.1,47.0,496.6549073072004,5.1,45.4
51167,"Russell County, Virginia",VA,2015,35045.0,20.7,12.4,59.64850778418834,8.0,43.8
51173,"Smyth County, Virginia",VA,2015,37983.0,18.7,15.0,70.2950558213716,6.4,44.3
51540,"Charlottesville city, Virginia",VA,2015,49775.0,25.8,49.8,4400.585651537335,4.3,29.8
51031,"Campbell County, Virginia",VA,2015,47699.0,13.4,19.3,109.32280353810658,6.0,42.4
51087,"Henrico County, Virginia",VA,2015,61934.0,10.7,40.7,1364.5618915159944,6.7,37.9
51099,"King George County, Virginia",VA,2015,81688.0,5.5,32.3,138.80352728973213,7.4,36.6
51103,"Lancaster County, Virginia",VA,2015,50374.0,11.3,27.9,83.48461434594091,7.9,55.6
51105,"Lee County, Virginia",VA,2015,31086.0,25.4,12.0,57.89451924534543,12.0,42.8
51115,"Mathews County, Virginia",VA,2015,63845.0,7.0,29.2,103.36278241435905,3.3,51.1
51119,"Middlesex County, Virginia",VA,2015,54654.0,9.5,24.2,82.22972454538478,6.3,52.7
51149,"Prince George County, Virginia",VA,2015,61857.0,10.0,21.3,140.87479554687914,10.6,37.1
51159,"Richmond County, Virginia",VA,2015,47288.0,10.5,12.7,46.94534097912032,8.7,43.7
51169,"Scott County, Virginia",VA,2015,37240.0,20.2,11.7,42.12180423905477,9.4,45.4
51177,"Spotsylvania County, Virginia",VA,2015,78125.0,8.2,29.3,318.10459079449544,6.2,36.7
51011,"Appomattox County, Virginia",VA,2015,48823.0,17.7,17.7,45.50241754033223,6.6,42.3
51067,"Franklin County, Virginia",VA,2015,46870.0,14.9,20.5,81.54385253616368,6.2,45.0
51097,"King and Queen County, Virginia",VA,2015,48292.0,13.4,18.1,22.54806456628452,5.5,45.9
51121,"Montgomery County, Virginia",VA,2015,46663.0,24.8,45.7,249.36732093049707,5.6,27.5
51127,"New Kent County, Virginia",VA,2015,73041.0,7.0,24.6,93.12733592020378,6.1,43.1
51083,"Halifax County, Virginia",VA,2015,35240.0,19.2,15.5,43.42014672306663,7.5,45.3
51107,"Loudoun County, Virginia",VA,2015,123453.0,4.0,58.2,680.8282500029084,4.0,35.3
51153,"Prince William County, Virginia",VA,2015,98657.0,6.7,38.8,1304.2898561099578,5.4,34.0
51175,"Southampton County, Virginia",VA,2015,48962.0,15.7,15.0,30.724504168919683,7.2,45.4
51091,"Highland County, Virginia",VA,2015,43914.0,12.6,21.6,5.405105946339148,1.1,59.0
51033,"Caroline County, Virginia",VA,2015,59227.0,13.3,19.2,55.652368482430504,8.6,39.1
51073,"Gloucester County, Virginia",VA,2015,61121.0,7.4,22.1,169.87741609659795,4.7,43.6
51141,"Patrick County, Virginia",VA,2015,33982.0,21.2,12.6,37.817266240677164,8.3,48.0
51145,"Powhatan County, Virginia",VA,2015,77896.0,4.9,27.9,108.40423978293788,4.9,43.7
51171,"Shenandoah County, Virginia",VA,2015,49406.0,12.2,19.0,84.08928532767541,6.0,43.8
51061,"Fauquier County, Virginia",VA,2015,91609.0,5.6,33.5,104.11053188764093,5.0,41.5
51790,"Staunton city, Virginia",VA,2015,40842.0,17.7,31.3,1214.508032128514,5.6,42.3
51065,"Fluvanna County, Virginia",VA,2015,63938.0,6.6,31.5,90.60417878425868,5.2,41.6
51007,"Amelia County, Virginia",VA,2015,56850.0,11.6,14.5,35.95508779828906,5.0,45.8
51750,"Radford city, Virginia",VA,2015,29912.0,39.0,35.5,1762.8152128978916,8.8,22.3
51840,"Winchester city, Virginia",VA,2015,45363.0,16.0,28.3,2955.2920700533014,6.7,37.0
51001,"Accomack County, Virginia",VA,2015,39412.0,19.6,18.8,73.70075024982361,6.8,45.3
51045,"Craig County, Virginia",VA,2015,44330.0,11.8,14.7,15.885497625709391,4.1,47.1
51063,"Floyd County, Virginia",VA,2015,48005.0,10.0,18.2,40.751017922257255,5.7,45.2
51071,"Giles County, Virginia",VA,2015,46390.0,11.3,15.8,47.3288468859875,4.8,43.9
51077,"Grayson County, Virginia",VA,2015,29942.0,21.4,10.0,35.25017825412814,9.0,47.6
51135,"Nottoway County, Virginia",VA,2015,36284.0,24.1,15.2,49.9729635166513,10.8,41.5
51157,"Rappahannock County, Virginia",VA,2015,57210.0,9.9,35.1,27.89707626927755,2.9,49.1
51036,"Charles City County, Virginia",VA,2015,49563.0,13.2,13.0,38.917228445989906,8.2,48.6
51047,"Culpeper County, Virginia",VA,2015,66697.0,9.3,21.9,127.70480000632932,7.3,38.9
51053,"Dinwiddie County, Virginia",VA,2015,51397.0,14.8,15.3,55.78642788249723,9.7,42.4
51079,"Greene County, Virginia",VA,2015,61550.0,9.9,23.7,121.43869391524044,7.4,40.1
51085,"Hanover County, Virginia",VA,2015,78645.0,6.0,35.7,216.7116456313379,4.4,41.9
51111,"Lunenburg County, Virginia",VA,2015,39506.0,20.5,12.2,29.089645587213344,7.3,44.7
51137,"Orange County, Virginia",VA,2015,65166.0,12.1,25.1,101.43134415001848,7.9,42.6
51595,"Emporia city, Virginia",VA,2015,28601.0,34.9,18.1,821.5527230590961,19.1,43.4
51197,"Wythe County, Virginia",VA,2015,41360.0,15.1,16.0,63.18838320864506,9.6,43.6
51550,"Chesapeake city, Virginia",VA,2015,68620.0,9.7,29.6,681.332285437398,7.5,36.5
51660,"Harrisonburg city, Virginia",VA,2015,38750.0,32.5,35.8,2963.7233981198456,6.5,23.5
51003,"Albemarle County, Virginia",VA,2015,68449.0,10.2,51.7,143.11173786073576,3.8,38.6
51019,"Bedford County, Virginia",VA,2015,56316.0,9.7,26.7,100.59544483386483,5.8,45.3
51029,"Buckingham County, Virginia",VA,2015,40331.0,19.1,10.4,29.446726579173014,11.2,42.2
51195,"Wise County, Virginia",VA,2015,37407.0,22.4,14.0,100.46103509815586,11.0,39.8
51580,"Covington city, Virginia",VA,2015,34746.0,25.5,9.3,1048.8206253428414,7.3,43.7
51049,"Cumberland County, Virginia",VA,2015,39301.0,20.5,14.5,33.14239227629978,10.1,44.3
51051,"Dickenson County, Virginia",VA,2015,33624.0,21.4,11.0,46.793624470798996,8.4,43.4
51740,"Portsmouth city, Virginia",VA,2015,45676.0,18.2,20.8,2886.8502447373953,11.6,34.9
51810,"Virginia Beach city, Virginia",VA,2015,66634.0,8.3,33.8,1831.8261871585423,6.1,35.0
51005,"Alleghany County, Virginia",VA,2015,45007.0,17.0,15.7,35.97628154026674,5.1,47.2
51640,"Galax city, Virginia",VA,2015,30604.0,26.8,11.6,834.8712967459932,6.4,45.6
51193,"Westmoreland County, Virginia",VA,2015,47911.0,13.3,18.3,76.55913415835971,9.7,46.6
51133,"Northumberland County, Virginia",VA,2015,51885.0,11.0,25.4,64.2734756989427,8.7,55.1
51155,"Pulaski County, Virginia",VA,2015,47495.0,13.5,17.8,107.95431451449011,7.4,45.2
51187,"Warren County, Virginia",VA,2015,61454.0,9.8,20.7,179.31751142839835,7.2,40.4
51590,"Danville city, Virginia",VA,2015,32315.0,23.7,17.9,991.8919550435779,12.7,41.8
51630,"Fredericksburg city, Virginia",VA,2015,51762.0,16.5,37.3,2621.531100478469,8.9,29.4
51009,"Amherst County, Virginia",VA,2015,47558.0,13.0,18.3,67.82822251572911,6.6,43.6
51017,"Bath County, Virginia",VA,2015,43646.0,7.7,21.8,8.660209145090155,6.0,48.3
51670,"Hopewell city, Virginia",VA,2015,39064.0,19.0,12.3,2151.7288004635893,12.8,36.9
51700,"Newport News city, Virginia",VA,2015,50077.0,15.7,24.0,2628.2885677426834,9.1,32.8
51069,"Frederick County, Virginia",VA,2015,69098.0,6.5,29.1,196.88479552688588,5.2,40.1
51680,"Lynchburg city, Virginia",VA,2015,39589.0,24.8,33.1,1595.842861809866,8.0,28.7
51199,"York County, Virginia",VA,2015,81749.0,6.4,42.2,634.8286169979085,5.8,39.5
51690,"Martinsville city, Virginia",VA,2015,29587.0,23.6,17.8,1243.5195326761593,11.5,42.4
51143,"Pittsylvania County, Virginia",VA,2015,41824.0,16.1,14.1,64.80268894936341,7.7,45.5
51530,"Buena Vista city, Virginia",VA,2015,29097.0,28.4,16.4,1035.4147250698975,7.3,33.8
51610,"Falls Church city, Virginia",VA,2015,120522.0,2.7,78.8,6504.398826979473,4.2,37.7
51730,"Petersburg city, Virginia",VA,2015,31798.0,28.0,15.9,1413.8644366197184,13.0,39.5
51735,"Poquoson city, Virginia",VA,2015,83735.0,4.2,37.1,786.4166178290031,4.5,43.8
51600,"Fairfax city, Virginia",VA,2015,105297.0,7.0,54.9,3750.3205128205127,5.4,39.3
51820,"Waynesboro city, Virginia",VA,2015,45643.0,18.3,18.4,1412.8256513026051,4.9,38.5
51770,"Roanoke city, Virginia",VA,2015,39930.0,21.2,23.6,2322.0526328167257,8.3,38.0
51800,"Suffolk city, Virginia",VA,2015,65499.0,11.5,26.4,215.91341817817414,8.0,38.3
51710,"Norfolk city, Virginia",VA,2015,44480.0,21.0,26.1,4607.2641952135145,10.9,30.0
51041,"Chesterfield County, Virginia",VA,2015,72609.0,7.4,36.9,774.9028349067074,6.8,38.2
51059,"Fairfax County, Virginia",VA,2015,112552.0,6.0,59.9,2886.6019983581446,4.9,37.4
51125,"Nelson County, Virginia",VA,2015,47118.0,14.7,28.2,31.562735663682037,5.7,48.4
51093,"Isle of Wight County, Virginia",VA,2015,65741.0,11.7,26.9,113.2141216719198,8.3,44.5
51620,"Franklin city, Virginia",VA,2015,32399.0,21.2,26.2,1021.7470097861545,13.7,38.0
51678,"Lexington city, Virginia",VA,2015,34017.0,20.2,43.8,2829.53181272509,2.7,21.4
51089,"Henry County, Virginia",VA,2015,35293.0,18.3,11.4,137.51762124330784,10.0,46.0
51101,"King William County, Virginia",VA,2015,62031.0,11.8,18.4,58.76747836880727,5.4,40.7
51109,"Louisa County, Virginia",VA,2015,57829.0,10.0,20.6,68.65206737946093,8.1,43.7
51147,"Prince Edward County, Virginia",VA,2015,41697.0,21.0,24.4,65.78729289661833,7.0,32.1
51165,"Rockingham County, Virginia",VA,2015,53744.0,11.1,23.8,91.5344867961341,5.4,41.5
51181,"Surry County, Virginia",VA,2015,53673.0,12.9,21.2,24.459668254770584,10.7,47.5
51043,"Clarke County, Virginia",VA,2015,71295.0,11.1,31.0,81.275258194881,6.0,45.7
51117,"Mecklenburg County, Virginia",VA,2015,37356.0,19.8,15.6,50.46297036669812,6.9,47.2
51015,"Augusta County, Virginia",VA,2015,54558.0,9.5,22.0,76.57428490477461,4.7,44.2
51075,"Goochland County, Virginia",VA,2015,79330.0,5.7,37.4,77.01690251711703,5.0,47.2
51113,"Madison County, Virginia",VA,2015,47736.0,12.4,23.2,41.00262601438383,6.6,44.6
51161,"Roanoke County, Virginia",VA,2015,60519.0,8.3,34.2,373.71282149528236,5.1,43.5
51025,"Brunswick County, Virginia",VA,2015,36919.0,22.2,13.1,29.899299582857967,10.5,41.7
51131,"Northampton County, Virginia",VA,2015,35055.0,23.0,20.6,57.549879081015725,9.5,48.3
51163,"Rockbridge County, Virginia",VA,2015,48901.0,13.9,25.5,37.62344038904153,4.1,48.3
51720,"Norton city, Virginia",VA,2015,27731.0,24.0,19.6,535.9101243814364,11.1,39.3
51570,"Colonial Heights city, Virginia",VA,2015,50304.0,11.4,21.7,2329.432105333156,8.3,40.0
51021,"Bland County, Virginia",VA,2015,45294.0,10.8,14.1,18.627097365867844,8.7,44.8
51023,"Botetourt County, Virginia",VA,2015,60454.0,8.2,26.2,61.25340861224219,4.6,46.4
51520,"Bristol city, Virginia",VA,2015,35368.0,20.4,23.3,1361.5103721544558,10.7,41.8
51830,"Williamsburg city, Virginia",VA,2015,48639.0,22.4,52.4,1650.7048556724098,8.5,24.6
51035,"Carroll County, Virginia",VA,2015,35000.0,16.9,14.5,62.888630504019005,6.7,46.1
51191,"Washington County, Virginia",VA,2015,43310.0,12.8,23.3,97.57605672201899,6.9,44.7
51139,"Page County, Virginia",VA,2015,43895.0,16.4,12.8,76.90769334980533,9.3,44.1
51510,"Alexandria city, Virginia",VA,2015,89134.0,8.3,61.4,9997.65651155005,4.5,36.0
51650,"Hampton city, Virginia",VA,2015,49190.0,15.3,23.2,2663.7842249470473,9.8,35.4
51013,"Arlington County, Virginia",VA,2015,105763.0,9.0,72.9,8614.263184213563,3.7,33.9
51027,"Buchanan County, Virginia",VA,2015,29679.0,26.1,9.9,46.705405545148295,10.6,45.5
51179,"Stafford County, Virginia",VA,2015,97144.0,5.2,36.8,509.4444753997883,5.5,34.7
51760,"Richmond city, Virginia",VA,2015,40758.0,25.5,36.0,3566.7083854818525,10.0,32.9
51057,"Essex County, Virginia",VA,2015,42760.0,13.9,15.2,43.33262090271437,8.5,44.8
51185,"Tazewell County, Virginia",VA,2015,37664.0,17.7,13.5,84.5619912450293,8.0,43.1
51685,"Manassas Park city, Virginia",VA,2015,73528.0,7.9,28.3,5149.967040210943,4.4,32.7
51183,"Sussex County, Virginia",VA,2015,39194.0,20.5,9.6,24.20108276590797,6.9,38.5
51683,"Manassas city, Virginia",VA,2015,72890.0,9.7,28.8,4139.286802804023,7.5,33.3
51775,"Salem city, Virginia",VA,2015,50068.0,11.2,28.4,1733.7237340682052,4.8,40.5
51037,"Charlotte County, Virginia",VA,2015,35079.0,21.3,14.0,25.905961758567294,4.9,44.6
51081,"Greensville County, Virginia",VA,2015,38012.0,19.7,8.6,39.833755042729834,6.4,42.9
31009,"Blaine County, Nebraska",NE,2015,48875.0,19.2,18.3,0.7753017837569351,0.7,40.4
31049,"Deuel County, Nebraska",NE,2015,50962.0,12.9,17.3,4.424225476354493,4.3,47.1
31113,"Logan County, Nebraska",NE,2015,48281.0,11.0,22.0,1.4911564435130316,0.9,44.8
31169,"Thayer County, Nebraska",NE,2015,45741.0,12.0,19.3,9.030911090314339,1.7,48.9
31001,"Adams County, Nebraska",NE,2015,50635.0,11.8,23.0,55.82008045817844,5.5,37.8
31011,"Boone County, Nebraska",NE,2015,50306.0,10.1,16.6,7.826166751390663,1.2,45.6
31149,"Rock County, Nebraska",NE,2015,48456.0,12.1,18.0,1.3894770666859733,1.7,52.0
31163,"Sherman County, Nebraska",NE,2015,46366.0,13.5,14.7,5.490825355701923,3.1,49.5
31093,"Howard County, Nebraska",NE,2015,50030.0,10.4,19.2,11.14803508636346,4.0,43.3
31073,"Gosper County, Nebraska",NE,2015,54375.0,5.7,19.4,4.312950857242637,5.1,46.7
31153,"Sarpy County, Nebraska",NE,2015,70543.0,6.4,36.7,710.5892037412694,4.4,33.7
31015,"Boyd County, Nebraska",NE,2015,40224.0,11.0,18.1,3.7763804902441964,1.1,50.8
31059,"Fillmore County, Nebraska",NE,2015,52316.0,9.4,18.5,9.901437507277913,3.4,47.5
31091,"Hooker County, Nebraska",NE,2015,37317.0,18.9,23.1,0.9443119418714294,2.9,57.9
31159,"Seward County, Nebraska",NE,2015,59662.0,9.4,26.1,29.746425633935917,3.5,38.2
31181,"Webster County, Nebraska",NE,2015,40256.0,12.8,19.8,6.430538185777674,4.7,47.5
31023,"Butler County, Nebraska",NE,2015,51027.0,8.5,15.2,14.115402304353104,4.2,44.7
31005,"Arthur County, Nebraska",NE,2015,39375.0,8.0,32.7,0.6264402532608452,4.0,39.9
31067,"Gage County, Nebraska",NE,2015,50010.0,9.7,19.7,25.624191830277606,4.3,44.6
31099,"Kearney County, Nebraska",NE,2015,51934.0,6.3,24.1,12.68588629773188,3.8,40.8
31119,"Madison County, Nebraska",NE,2015,50218.0,15.0,20.2,61.31619113481494,3.1,37.5
31137,"Phelps County, Nebraska",NE,2015,50404.0,7.9,22.7,17.073306285777804,1.7,42.0
31179,"Wayne County, Nebraska",NE,2015,54159.0,13.6,37.8,21.279429959631173,3.0,30.1
31107,"Knox County, Nebraska",NE,2015,45411.0,13.5,19.1,7.718935479767566,3.3,47.6
31121,"Merrick County, Nebraska",NE,2015,51012.0,8.9,16.8,15.958658536835646,5.2,43.8
31133,"Pawnee County, Nebraska",NE,2015,41161.0,16.6,16.3,6.323725569796439,4.6,49.1
31183,"Wheeler County, Nebraska",NE,2015,46394.0,7.2,18.4,1.472574815319646,2.9,47.8
31083,"Harlan County, Nebraska",NE,2015,46766.0,13.2,16.1,6.247899599975428,1.7,49.5
31185,"York County, Nebraska",NE,2015,51802.0,10.8,26.1,24.148049815723745,2.0,41.3
31019,"Buffalo County, Nebraska",NE,2015,53624.0,13.1,32.7,49.53213112722315,3.5,32.5
31037,"Colfax County, Nebraska",NE,2015,51367.0,13.3,13.4,25.560735290187953,6.4,34.2
31087,"Hitchcock County, Nebraska",NE,2015,39231.0,17.4,15.1,4.055255140201396,3.0,48.2
31141,"Platte County, Nebraska",NE,2015,56318.0,8.5,20.1,48.42667457903717,4.5,38.0
31143,"Polk County, Nebraska",NE,2015,57312.0,7.6,19.6,12.015838749313266,1.9,45.4
31013,"Box Butte County, Nebraska",NE,2015,51691.0,17.0,15.9,10.517369002495899,3.9,40.8
31017,"Brown County, Nebraska",NE,2015,36078.0,16.5,16.3,2.5201497352123376,0.7,47.6
31161,"Sheridan County, Nebraska",NE,2015,41985.0,16.5,24.5,2.1688854657224734,1.4,46.1
31109,"Lancaster County, Nebraska",NE,2015,51830.0,14.7,36.7,355.8904963339983,5.1,32.9
31129,"Nuckolls County, Nebraska",NE,2015,40488.0,11.8,17.3,7.634463753249125,2.9,49.2
31007,"Banner County, Nebraska",NE,2015,48897.0,11.7,17.4,1.0991382488046872,5.4,50.4
31147,"Richardson County, Nebraska",NE,2015,42750.0,19.4,20.7,14.86116471954784,3.4,47.0
31089,"Holt County, Nebraska",NE,2015,46728.0,11.8,20.9,4.310235835975588,0.9,45.5
31065,"Furnas County, Nebraska",NE,2015,39934.0,17.2,17.3,6.795692584949634,3.4,46.8
31151,"Saline County, Nebraska",NE,2015,51738.0,11.2,14.2,25.014763239446676,3.4,36.6
31173,"Thurston County, Nebraska",NE,2015,41266.0,30.6,13.9,17.648075125005082,14.4,28.6
31177,"Washington County, Nebraska",NE,2015,65370.0,9.5,29.6,51.946753103547316,1.4,41.2
31031,"Cherry County, Nebraska",NE,2015,48750.0,11.4,19.7,0.9680847458366484,2.6,43.9
31053,"Dodge County, Nebraska",NE,2015,49068.0,11.4,18.9,69.41464880629485,5.1,39.4
31069,"Garden County, Nebraska",NE,2015,45845.0,10.2,23.5,1.0689793680531734,3.1,52.3
31123,"Morrill County, Nebraska",NE,2015,45910.0,11.7,17.8,3.4227119479612953,4.0,41.3
31127,"Nemaha County, Nebraska",NE,2015,49656.0,8.6,27.8,17.595495081951118,8.0,39.1
31171,"Thomas County, Nebraska",NE,2015,51000.0,8.2,27.5,0.9472660498444379,0.0,44.0
31043,"Dakota County, Nebraska",NE,2015,49786.0,17.2,11.2,78.69802781940092,7.4,33.7
31003,"Antelope County, Nebraska",NE,2015,45609.0,12.7,17.7,7.566875146560081,1.6,46.5
31029,"Chase County, Nebraska",NE,2015,52422.0,8.9,18.2,4.357018354932085,0.7,44.9
31035,"Clay County, Nebraska",NE,2015,51470.0,9.3,19.0,11.151708315204381,2.8,43.2
31041,"Custer County, Nebraska",NE,2015,46468.0,11.3,21.0,4.193983989712664,2.3,43.8
31061,"Franklin County, Nebraska",NE,2015,45905.0,13.1,18.7,5.392347555469108,3.5,49.9
31081,"Hamilton County, Nebraska",NE,2015,59311.0,8.7,25.2,16.786261090922505,2.5,42.9
31095,"Jefferson County, Nebraska",NE,2015,43008.0,12.5,13.7,13.036279898557995,4.0,45.5
31101,"Keith County, Nebraska",NE,2015,41781.0,11.6,20.7,7.672282584125741,2.8,49.1
31115,"Loup County, Nebraska",NE,2015,55417.0,12.4,18.6,0.972457104526717,0.7,51.8
31135,"Perkins County, Nebraska",NE,2015,55893.0,6.9,22.0,3.3102648777953,1.7,44.1
31155,"Saunders County, Nebraska",NE,2015,60854.0,9.7,24.6,27.923912579046316,3.5,41.4
31157,"Scotts Bluff County, Nebraska",NE,2015,45992.0,13.7,21.5,49.59924716877049,5.5,38.8
31103,"Keya Paha County, Nebraska",NE,2015,38625.0,14.9,15.5,0.9197025906896605,1.1,52.8
31105,"Kimball County, Nebraska",NE,2015,40242.0,13.6,17.4,3.9078011055295385,5.1,45.7
31111,"Lincoln County, Nebraska",NE,2015,50194.0,12.8,20.0,13.999235611160078,4.2,40.1
31139,"Pierce County, Nebraska",NE,2015,54482.0,6.0,20.5,12.532075939077085,4.7,41.3
31165,"Sioux County, Nebraska",NE,2015,41215.0,12.5,26.6,0.6043386580294785,1.3,48.1
31021,"Burt County, Nebraska",NE,2015,47429.0,9.5,17.0,13.521540483252167,3.3,47.4
31025,"Cass County, Nebraska",NE,2015,65619.0,6.2,25.1,45.50127658352876,3.8,41.5
31039,"Cuming County, Nebraska",NE,2015,50013.0,12.0,18.8,15.911743981827167,3.3,43.6
31051,"Dixon County, Nebraska",NE,2015,51223.0,11.9,18.3,12.320682195291004,4.5,41.9
31057,"Dundy County, Nebraska",NE,2015,42500.0,7.6,19.6,2.1909842357868734,4.0,46.2
31075,"Grant County, Nebraska",NE,2015,44750.0,13.3,20.4,0.9897230963274709,3.5,48.5
31063,"Frontier County, Nebraska",NE,2015,49634.0,12.6,18.3,2.6399734874018987,2.4,44.4
31055,"Douglas County, Nebraska",NE,2015,54659.0,14.6,37.1,1647.192002622493,5.7,34.0
31077,"Greeley County, Nebraska",NE,2015,42904.0,10.0,14.4,4.345300459275093,1.9,46.0
31079,"Hall County, Nebraska",NE,2015,49252.0,15.3,18.3,111.26118706418492,6.0,35.8
31085,"Hayes County, Nebraska",NE,2015,44500.0,6.3,19.7,1.5202044142024116,1.8,48.0
31131,"Otoe County, Nebraska",NE,2015,50275.0,10.9,21.5,25.73156786818784,4.6,41.8
31145,"Red Willow County, Nebraska",NE,2015,42931.0,10.6,17.7,15.266259975509271,4.1,41.8
31027,"Cedar County, Nebraska",NE,2015,52250.0,10.2,17.7,11.719108834384338,2.2,44.8
31045,"Dawes County, Nebraska",NE,2015,41038.0,17.8,33.2,6.542580122616086,2.6,33.7
31097,"Johnson County, Nebraska",NE,2015,45429.0,11.8,14.7,13.739280728578077,3.6,42.3
31033,"Cheyenne County, Nebraska",NE,2015,53814.0,11.6,23.4,8.425528926227917,1.6,39.9
31047,"Dawson County, Nebraska",NE,2015,48329.0,15.3,14.9,23.758734683764718,4.8,36.2
31071,"Garfield County, Nebraska",NE,2015,43179.0,10.2,16.2,3.3952189415628893,3.5,51.4
31117,"McPherson County, Nebraska",NE,2015,54306.0,14.8,24.5,0.5039249116967606,0.9,46.9
31125,"Nance County, Nebraska",NE,2015,42500.0,13.8,16.5,8.240526451659655,3.2,45.9
31167,"Stanton County, Nebraska",NE,2015,53416.0,11.6,18.3,14.2209687377224,2.6,38.8
31175,"Valley County, Nebraska",NE,2015,44612.0,12.9,19.2,7.487960120539612,1.4,46.0
39021,"Champaign County, Ohio",OH,2016,53673.0,11.2,16.5,91.3193578390122,7.2,41.6
39057,"Greene County, Ohio",OH,2016,61116.0,12.8,37.6,397.3435471117785,6.5,38.0
39087,"Lawrence County, Ohio",OH,2016,44256.0,18.4,14.1,135.6505283495775,7.6,41.4
39115,"Morgan County, Ohio",OH,2016,38941.0,20.3,12.2,35.67740727043941,8.4,43.8
39175,"Wyandot County, Ohio",OH,2016,50723.0,11.1,14.6,54.952455152514624,5.5,41.7
39043,"Erie County, Ohio",OH,2016,48276.0,12.8,21.6,301.6777562000573,7.7,44.5
39091,"Logan County, Ohio",OH,2016,51136.0,14.0,15.6,98.9910710001614,5.9,41.2
39153,"Summit County, Ohio",OH,2016,51562.0,14.3,30.7,1311.4854176306285,7.3,40.8
39149,"Shelby County, Ohio",OH,2016,56169.0,9.5,17.1,120.0630865305842,5.8,39.5
39171,"Williams County, Ohio",OH,2016,45044.0,14.4,14.2,88.59886844482479,5.8,41.6
39029,"Columbiana County, Ohio",OH,2016,45389.0,15.8,13.9,197.8316165867983,8.4,43.4
39051,"Fulton County, Ohio",OH,2016,55860.0,11.2,17.0,104.73872047394605,6.2,40.0
39053,"Gallia County, Ohio",OH,2016,39423.0,21.4,15.4,65.11049664544618,7.2,40.5
39099,"Mahoning County, Ohio",OH,2016,41872.0,18.1,22.8,566.274107628898,8.9,43.4
39145,"Scioto County, Ohio",OH,2016,37936.0,24.0,15.0,126.79936736349556,9.0,39.7
39117,"Morrow County, Ohio",OH,2016,53032.0,11.0,13.5,86.25724514569083,5.4,41.5
39135,"Preble County, Ohio",OH,2016,51356.0,13.5,13.5,97.96900708584575,6.6,42.2
39003,"Allen County, Ohio",OH,2016,45575.0,16.1,17.4,260.00571364692144,7.6,38.2
39033,"Crawford County, Ohio",OH,2016,40563.0,15.7,12.7,105.74036925129298,7.7,42.9
39059,"Guernsey County, Ohio",OH,2016,41566.0,19.8,13.6,75.59157038529145,9.3,42.3
39107,"Mercer County, Ohio",OH,2016,55220.0,8.3,16.8,88.41229373311968,4.7,40.0
39023,"Clark County, Ohio",OH,2016,44154.0,17.9,18.0,343.1163811457958,8.9,41.2
39093,"Lorain County, Ohio",OH,2016,53459.0,14.0,23.5,619.9157656114944,8.2,41.2
39113,"Montgomery County, Ohio",OH,2016,45394.0,18.5,26.1,1154.7845349852932,8.7,39.4
39165,"Warren County, Ohio",OH,2016,76200.0,5.4,41.0,553.4854406903372,5.0,39.1
39007,"Ashtabula County, Ohio",OH,2016,41158.0,19.6,13.1,141.26144655709498,8.1,42.2
39105,"Meigs County, Ohio",OH,2016,39640.0,22.8,13.4,54.27782247001874,11.2,42.8
39159,"Union County, Ohio",OH,2016,71282.0,7.9,29.1,124.96554790982933,3.7,38.2
39131,"Pike County, Ohio",OH,2016,41128.0,20.7,12.3,64.27244357025725,11.1,40.8
39125,"Paulding County, Ohio",OH,2016,48003.0,11.0,13.0,45.762243807557,6.1,41.3
39061,"Hamilton County, Ohio",OH,2016,50399.0,17.8,35.6,1988.039180379224,7.9,37.0
39049,"Franklin County, Ohio",OH,2016,54037.0,17.1,38.4,2314.197330288101,6.3,33.9
39101,"Marion County, Ohio",OH,2016,43557.0,17.4,12.3,162.50377656597476,8.0,40.5
39157,"Tuscarawas County, Ohio",OH,2016,46992.0,13.6,15.0,163.1667163092693,5.7,40.9
39169,"Wayne County, Ohio",OH,2016,51363.0,12.7,21.5,208.63247108360116,4.3,38.8
39015,"Brown County, Ohio",OH,2016,47999.0,16.7,12.4,90.000265553792,8.0,41.1
39017,"Butler County, Ohio",OH,2016,59652.0,13.6,29.1,800.8977030120636,6.1,36.5
39067,"Harrison County, Ohio",OH,2016,44000.0,18.1,9.7,38.57768852014883,4.6,46.2
39083,"Knox County, Ohio",OH,2016,48619.0,15.6,21.9,115.84798448712556,6.1,39.0
39089,"Licking County, Ohio",OH,2016,57571.0,12.6,23.3,248.762138660985,6.6,39.8
39139,"Richland County, Ohio",OH,2016,42849.0,16.5,16.4,246.12551415815375,8.3,41.2
39163,"Vinton County, Ohio",OH,2016,41080.0,21.3,9.6,31.836259579008633,10.7,41.0
39019,"Carroll County, Ohio",OH,2016,48545.0,14.0,11.4,71.22946083748086,6.7,44.7
39063,"Hancock County, Ohio",OH,2016,51604.0,13.5,25.8,142.42130522749727,5.5,38.9
39025,"Clermont County, Ohio",OH,2016,61265.0,10.5,27.6,444.34329149726005,5.0,39.7
39045,"Fairfield County, Ohio",OH,2016,61473.0,10.2,26.4,297.72684464623836,6.0,39.3
39039,"Defiance County, Ohio",OH,2016,50822.0,13.6,15.8,93.54235022481468,6.8,39.9
39071,"Highland County, Ohio",OH,2016,40593.0,20.7,12.0,77.94295260756053,9.6,40.2
39069,"Henry County, Ohio",OH,2016,54941.0,10.2,16.0,67.04165765246027,5.3,41.4
39081,"Jefferson County, Ohio",OH,2016,42327.0,17.2,15.4,165.65308582685654,8.3,44.5
39133,"Portage County, Ohio",OH,2016,52427.0,15.0,27.3,331.95391922528495,7.9,37.7
39137,"Putnam County, Ohio",OH,2016,60245.0,7.8,19.4,70.70028847110315,2.9,39.4
39013,"Belmont County, Ohio",OH,2016,44719.0,15.1,16.4,130.09676261493968,7.8,44.1
39027,"Clinton County, Ohio",OH,2016,48675.0,15.2,16.5,102.39986690512832,6.6,39.4
39047,"Fayette County, Ohio",OH,2016,41954.0,18.6,14.5,70.67361287131394,6.9,41.3
39127,"Perry County, Ohio",OH,2016,43674.0,20.6,12.0,88.1196468056107,9.6,39.8
39129,"Pickaway County, Ohio",OH,2016,58706.0,12.2,17.3,113.3296623492702,6.0,39.3
39097,"Madison County, Ohio",OH,2016,58326.0,10.6,16.4,93.46434413735955,6.4,40.2
39119,"Muskingum County, Ohio",OH,2016,42464.0,17.4,15.1,129.39811540510362,7.6,40.2
39143,"Sandusky County, Ohio",OH,2016,49032.0,13.2,14.8,146.65177368547396,6.3,41.5
39161,"Van Wert County, Ohio",OH,2016,50547.0,12.3,17.2,69.65904924844189,5.8,41.4
39167,"Washington County, Ohio",OH,2016,44763.0,15.7,18.4,96.76663913388842,4.7,43.6
39011,"Auglaize County, Ohio",OH,2016,55914.0,8.8,17.8,114.28094512043211,4.0,41.2
39037,"Darke County, Ohio",OH,2016,47043.0,12.4,13.1,87.25100400934959,6.1,42.0
39123,"Ottawa County, Ohio",OH,2016,54580.0,11.1,21.3,160.8965701363151,5.3,47.8
39065,"Hardin County, Ohio",OH,2016,44842.0,15.6,14.4,67.30386893054211,8.2,35.8
39079,"Jackson County, Ohio",OH,2016,40330.0,23.0,16.9,77.840165592063,11.2,40.3
39077,"Huron County, Ohio",OH,2016,48838.0,12.9,13.5,119.25817126906833,6.7,39.4
39009,"Athens County, Ohio",OH,2016,34221.0,31.2,29.1,129.263924518112,9.4,28.2
39001,"Adams County, Ohio",OH,2016,34709.0,24.5,10.9,48.14582648251672,9.9,42.1
39103,"Medina County, Ohio",OH,2016,69319.0,6.6,31.5,416.51362650608127,4.1,41.8
39095,"Lucas County, Ohio",OH,2016,42917.0,20.7,25.1,1280.0923268062757,9.6,37.9
39121,"Noble County, Ohio",OH,2016,41398.0,11.9,9.5,36.252675798719636,6.9,47.9
39147,"Seneca County, Ohio",OH,2016,48415.0,15.6,14.7,101.1041221285384,6.8,39.4
39151,"Stark County, Ohio",OH,2016,48714.0,14.1,22.6,651.4597620227199,7.6,41.7
39031,"Coshocton County, Ohio",OH,2016,43380.0,14.0,12.1,65.01024844500238,6.4,41.2
39041,"Delaware County, Ohio",OH,2016,94234.0,4.9,52.5,426.4860193118762,2.7,38.0
39055,"Geauga County, Ohio",OH,2016,74165.0,6.9,37.3,234.87325787345023,4.0,44.2
39073,"Hocking County, Ohio",OH,2016,43382.0,16.6,14.1,68.09082257226196,9.1,42.7
39085,"Lake County, Ohio",OH,2016,59958.0,8.5,27.0,999.9825533214114,5.3,43.3
39141,"Ross County, Ohio",OH,2016,44587.0,18.8,15.3,112.00929819520985,9.9,40.4
39035,"Cuyahoga County, Ohio",OH,2016,45289.0,18.5,30.9,2753.01775329115,9.7,40.4
39075,"Holmes County, Ohio",OH,2016,53619.0,12.9,7.7,103.40927375464965,3.4,30.6
39109,"Miami County, Ohio",OH,2016,53432.0,11.1,21.1,255.49479608679502,6.4,41.4
39111,"Monroe County, Ohio",OH,2016,41368.0,18.8,10.7,31.6903031007871,6.5,46.3
39155,"Trumbull County, Ohio",OH,2016,43811.0,17.5,18.0,331.5121638696588,6.9,43.8
39173,"Wood County, Ohio",OH,2016,55985.0,13.7,31.7,209.69858805305574,6.3,34.7
39005,"Ashland County, Ohio",OH,2016,48509.0,15.4,19.6,126.11025870771441,5.7,40.0
51810,"Virginia Beach city, Virginia",VA,2016,67719.0,8.2,34.2,1837.722649689649,5.8,35.4
51005,"Alleghany County, Virginia",VA,2016,45538.0,18.3,16.3,35.647107297367505,4.6,48.0
51640,"Galax city, Virginia",VA,2016,31110.0,25.0,9.6,832.6857697911607,6.6,45.1
51193,"Westmoreland County, Virginia",VA,2016,51566.0,11.1,21.2,76.43267662628747,6.6,46.5
51133,"Northumberland County, Virginia",VA,2016,54440.0,11.0,27.1,64.1063145137699,7.6,55.5
51155,"Pulaski County, Virginia",VA,2016,49469.0,13.5,18.2,107.6072649051554,6.7,45.6
51187,"Warren County, Virginia",VA,2016,63734.0,10.4,20.0,180.83663797723173,6.5,40.8
51590,"Danville city, Virginia",VA,2016,33721.0,22.5,18.2,989.7890039021428,11.8,41.5
51630,"Fredericksburg city, Virginia",VA,2016,53980.0,16.6,42.3,2665.3588516746413,7.4,29.5
51009,"Amherst County, Virginia",VA,2016,47002.0,14.1,18.9,67.51385132141395,5.5,43.9
51017,"Bath County, Virginia",VA,2016,44985.0,8.4,15.4,8.612968204957653,8.7,47.2
51670,"Hopewell city, Virginia",VA,2016,40814.0,20.5,14.4,2156.847595132316,10.8,36.5
51700,"Newport News city, Virginia",VA,2016,50089.0,16.1,24.7,2632.3906709765324,8.3,32.9
51069,"Frederick County, Virginia",VA,2016,68929.0,5.9,28.8,199.25932201338546,5.1,40.3
51680,"Lynchburg city, Virginia",VA,2016,40728.0,24.3,33.3,1608.032505717086,7.2,28.6
51199,"York County, Virginia",VA,2016,83410.0,6.2,43.2,639.1072230127882,6.1,39.5
51690,"Martinsville city, Virginia",VA,2016,31719.0,24.1,18.3,1236.856516976999,10.0,42.7
51125,"Nelson County, Virginia",VA,2016,50994.0,14.6,30.1,31.505379770363998,3.8,48.7
51143,"Pittsylvania County, Virginia",VA,2016,43087.0,15.1,14.6,64.38782955264328,6.7,46.0
51530,"Buena Vista city, Virginia",VA,2016,29109.0,27.6,16.2,1026.7163715439578,6.1,35.1
51610,"Falls Church city, Virginia",VA,2016,115244.0,2.7,80.2,6645.650048875856,5.3,38.9
51730,"Petersburg city, Virginia",VA,2016,32169.0,29.4,16.6,1408.318661971831,13.7,38.8
51735,"Poquoson city, Virginia",VA,2016,84643.0,4.7,39.8,785.830565865729,3.2,43.4
51600,"Fairfax city, Virginia",VA,2016,104065.0,6.2,54.7,3785.25641025641,5.5,39.6
51820,"Waynesboro city, Virginia",VA,2016,45097.0,16.0,22.6,1427.254509018036,5.1,39.5
51770,"Roanoke city, Virginia",VA,2016,39201.0,22.2,22.9,2335.9986830036923,7.4,38.1
51800,"Suffolk city, Virginia",VA,2016,65435.0,11.5,26.6,218.11053211744664,7.3,38.4
51710,"Norfolk city, Virginia",VA,2016,45268.0,21.0,26.6,4612.36977944627,9.7,30.2
51041,"Chesterfield County, Virginia",VA,2016,73869.0,7.4,37.7,783.5520630168168,6.4,38.6
51059,"Fairfax County, Virginia",VA,2016,114329.0,6.0,60.3,2897.253600190271,4.7,37.6
51023,"Botetourt County, Virginia",VA,2016,61470.0,8.3,27.3,61.32176560571687,4.1,46.9
51520,"Bristol city, Virginia",VA,2016,35801.0,20.6,23.4,1347.2146686349156,8.7,42.0
51830,"Williamsburg city, Virginia",VA,2016,50091.0,22.8,56.7,1676.8852092190646,9.1,24.4
51035,"Carroll County, Virginia",VA,2016,37048.0,15.7,12.8,62.62954350133967,5.3,46.7
51191,"Washington County, Virginia",VA,2016,43835.0,14.3,24.8,97.22501884378458,6.4,45.3
51139,"Page County, Virginia",VA,2016,45030.0,16.0,12.9,76.63674396250576,8.6,44.7
51510,"Alexandria city, Virginia",VA,2016,89200.0,9.8,62.1,10142.149313692667,4.0,36.2
51650,"Hampton city, Virginia",VA,2016,49890.0,15.6,24.0,2658.1100250675267,8.9,35.6
51013,"Arlington County, Virginia",VA,2016,108706.0,8.7,73.7,8696.84963649652,3.4,34.1
51027,"Buchanan County, Virginia",VA,2016,30335.0,23.9,9.9,46.05312874114554,9.7,45.9
51179,"Stafford County, Virginia",VA,2016,97528.0,5.1,37.3,518.370758344013,4.9,35.0
51760,"Richmond city, Virginia",VA,2016,41187.0,25.4,36.7,3617.4050896954527,9.1,33.2
51057,"Essex County, Virginia",VA,2016,47527.0,13.4,16.7,43.25101521363204,6.2,45.0
51185,"Tazewell County, Virginia",VA,2016,38238.0,17.8,14.6,83.59242932124882,8.3,43.7
51685,"Manassas Park city, Virginia",VA,2016,75027.0,8.7,30.4,5216.54581410679,4.6,33.1
51183,"Sussex County, Virginia",VA,2016,37917.0,18.5,11.3,23.933859077241927,6.6,42.2
51683,"Manassas city, Virginia",VA,2016,74371.0,8.7,30.1,4180.534389921771,6.0,33.4
51775,"Salem city, Virginia",VA,2016,52351.0,9.4,26.9,1742.3355149844988,5.0,40.6
51037,"Charlotte County, Virginia",VA,2016,33837.0,24.7,13.0,25.735541641419243,7.0,44.7
51081,"Greensville County, Virginia",VA,2016,40559.0,17.8,8.5,39.623747150497756,6.6,41.2
51095,"James City County, Virginia",VA,2016,80226.0,7.9,47.8,505.27765674851366,4.9,45.9
51167,"Russell County, Virginia",VA,2016,38370.0,17.0,13.1,59.07409128154011,6.6,44.1
51173,"Smyth County, Virginia",VA,2016,38906.0,17.7,14.8,69.80551125287967,7.3,44.3
51540,"Charlottesville city, Virginia",VA,2016,50727.0,25.9,50.0,4444.899951195705,3.9,30.3
51093,"Isle of Wight County, Virginia",VA,2016,66835.0,10.9,27.4,114.1232557771196,8.1,44.4
51620,"Franklin city, Virginia",VA,2016,38333.0,16.7,22.4,1016.4310740606501,14.6,38.7
51678,"Lexington city, Virginia",VA,2016,34464.0,18.4,44.9,2815.5262104841936,3.9,21.5
51089,"Henry County, Virginia",VA,2016,34992.0,19.0,11.6,136.54730862479764,9.4,46.2
51101,"King William County, Virginia",VA,2016,64297.0,12.1,18.6,58.98287758752875,3.9,40.9
51109,"Louisa County, Virginia",VA,2016,54662.0,12.0,21.9,69.38735109999656,8.1,44.0
51147,"Prince Edward County, Virginia",VA,2016,42283.0,18.0,23.2,65.94446000240036,6.6,31.5
51165,"Rockingham County, Virginia",VA,2016,55029.0,11.6,24.6,92.28996845099195,5.2,41.6
51181,"Surry County, Virginia",VA,2016,56632.0,11.9,22.8,24.129858863089666,8.2,48.2
51043,"Clarke County, Virginia",VA,2016,71986.0,11.3,30.0,81.32073005064429,4.8,45.4
51117,"Mecklenburg County, Virginia",VA,2016,40040.0,17.8,17.1,49.90964481617118,6.1,48.2
51015,"Augusta County, Virginia",VA,2016,56802.0,9.2,23.3,76.86071593280349,4.9,44.5
51075,"Goochland County, Virginia",VA,2016,82326.0,5.0,36.1,77.93170205900812,5.1,47.7
51113,"Madison County, Virginia",VA,2016,48271.0,11.7,25.6,40.924656466170575,5.3,44.6
51161,"Roanoke County, Virginia",VA,2016,60380.0,8.0,34.1,373.80062902118556,4.8,43.7
51025,"Brunswick County, Virginia",VA,2016,38858.0,21.9,12.4,29.268818191772304,6.8,42.6
51131,"Northampton County, Virginia",VA,2016,37011.0,21.9,21.5,57.238134824667476,7.0,48.4
51163,"Rockbridge County, Virginia",VA,2016,52478.0,14.7,25.1,37.633498339599996,4.8,48.5
51720,"Norton city, Virginia",VA,2016,26000.0,26.5,17.3,532.0315634612813,13.6,39.6
51570,"Colonial Heights city, Virginia",VA,2016,49639.0,12.9,21.9,2334.618965287937,8.4,40.6
51021,"Bland County, Virginia",VA,2016,47800.0,9.7,16.2,18.487296274860128,6.5,44.9
51031,"Campbell County, Virginia",VA,2016,47005.0,12.5,20.4,109.42017897207313,4.3,42.8
51087,"Henrico County, Virginia",VA,2016,63699.0,10.6,40.8,1377.6441639028565,6.3,38.1
51099,"King George County, Virginia",VA,2016,84342.0,5.6,34.5,140.62395617609727,6.5,37.0
51103,"Lancaster County, Virginia",VA,2016,50118.0,10.0,29.7,82.92950054761225,5.4,56.4
51105,"Lee County, Virginia",VA,2016,31577.0,26.1,11.6,57.21694711262398,12.3,43.2
51115,"Mathews County, Virginia",VA,2016,64049.0,9.6,26.6,102.99030391917216,2.0,51.5
51119,"Middlesex County, Virginia",VA,2016,53093.0,10.9,23.4,82.3141256809637,5.3,53.1
51149,"Prince George County, Virginia",VA,2016,64805.0,9.6,22.1,141.94511234557666,9.4,37.0
51159,"Richmond County, Virginia",VA,2016,44919.0,16.7,13.4,46.31341459593269,6.3,43.5
51169,"Scott County, Virginia",VA,2016,38017.0,20.1,12.6,41.763479630552396,7.8,45.7
51177,"Spotsylvania County, Virginia",VA,2016,79742.0,8.5,29.6,321.81648779807284,5.6,37.3
51011,"Appomattox County, Virginia",VA,2016,52134.0,17.3,19.6,45.81957010866964,4.5,42.8
51067,"Franklin County, Virginia",VA,2016,48720.0,14.6,20.6,81.42077293986476,6.4,45.4
51097,"King and Queen County, Virginia",VA,2016,48852.0,14.2,19.2,22.655950042678224,6.0,45.8
51121,"Montgomery County, Virginia",VA,2016,49712.0,24.0,46.0,251.33192192262058,4.6,27.9
51127,"New Kent County, Virginia",VA,2016,75303.0,5.0,26.0,95.4650415406956,4.9,44.0
51049,"Cumberland County, Virginia",VA,2016,37489.0,22.8,15.1,32.83984482677478,8.5,44.4
51051,"Dickenson County, Virginia",VA,2016,31226.0,21.5,10.7,46.31246387512823,7.2,43.4
51083,"Halifax County, Virginia",VA,2016,37001.0,18.8,15.8,43.174344619440866,5.4,45.7
51107,"Loudoun County, Virginia",VA,2016,125672.0,4.0,58.8,702.7502336457658,3.9,35.5
51153,"Prince William County, Virginia",VA,2016,98546.0,7.0,39.5,1323.2574510225022,5.4,34.4
51175,"Southampton County, Virginia",VA,2016,51032.0,14.7,16.1,30.5259047123145,5.8,45.6
51091,"Highland County, Virginia",VA,2016,44877.0,12.6,22.4,5.371384251486766,1.3,59.8
51033,"Caroline County, Virginia",VA,2016,57294.0,13.1,18.8,56.204170561833116,7.1,39.8
51073,"Gloucester County, Virginia",VA,2016,62878.0,7.6,22.6,169.9692392452137,4.2,44.3
51141,"Patrick County, Virginia",VA,2016,35999.0,22.2,13.6,37.643336632474316,7.7,48.4
51145,"Powhatan County, Virginia",VA,2016,77684.0,5.6,28.5,108.7078500549573,4.6,44.3
51171,"Shenandoah County, Virginia",VA,2016,50450.0,10.6,19.4,84.35105564292166,5.5,44.8
51061,"Fauquier County, Virginia",VA,2016,91221.0,6.0,33.5,104.97782386873952,4.0,41.6
51790,"Staunton city, Virginia",VA,2016,42948.0,15.8,33.7,1216.5662650602408,5.0,42.6
51065,"Fluvanna County, Virginia",VA,2016,66425.0,6.9,31.0,90.71563160662726,5.3,42.6
51007,"Amelia County, Virginia",VA,2016,58269.0,11.6,14.1,36.00011256190905,4.0,44.3
51750,"Radford city, Virginia",VA,2016,31457.0,39.3,34.1,1776.1471682513436,9.2,22.7
51840,"Winchester city, Virginia",VA,2016,46466.0,14.6,31.3,2974.9809637767867,5.1,37.0
51001,"Accomack County, Virginia",VA,2016,38503.0,19.5,18.3,73.57834223944342,7.0,45.4
51045,"Craig County, Virginia",VA,2016,40500.0,12.9,13.0,15.833683838365365,5.6,47.0
51063,"Floyd County, Virginia",VA,2016,47288.0,11.8,17.7,40.91903088025664,6.9,45.8
51071,"Giles County, Virginia",VA,2016,47675.0,11.8,15.9,47.228069782545404,4.7,43.6
51077,"Grayson County, Virginia",VA,2016,31002.0,19.8,10.7,34.3606052717951,7.1,48.2
51135,"Nottoway County, Virginia",VA,2016,36849.0,21.3,15.2,49.75031012436783,8.3,41.9
51157,"Rappahannock County, Virginia",VA,2016,58026.0,9.2,32.4,27.840764044268916,2.4,49.1
51036,"Charles City County, Virginia",VA,2016,54167.0,14.6,12.7,38.74227040858169,7.3,49.2
51047,"Culpeper County, Virginia",VA,2016,66160.0,9.2,22.3,129.09725280666268,6.4,38.9
51053,"Dinwiddie County, Virginia",VA,2016,51579.0,15.9,16.9,55.875733796930255,9.3,42.2
51079,"Greene County, Virginia",VA,2016,61615.0,11.0,24.4,122.38132185934965,7.8,40.4
51085,"Hanover County, Virginia",VA,2016,81170.0,6.2,36.7,218.54858369722814,3.8,42.4
51111,"Lunenburg County, Virginia",VA,2016,39911.0,20.6,11.8,28.839471855455177,6.2,45.2
51137,"Orange County, Virginia",VA,2016,66990.0,9.2,25.9,102.24347509953736,7.7,42.1
51595,"Emporia city, Virginia",VA,2016,27169.0,33.0,15.3,806.0544611819236,18.8,39.5
51197,"Wythe County, Virginia",VA,2016,42888.0,16.2,16.6,63.14725339429205,7.5,43.9
51550,"Chesapeake city, Virginia",VA,2016,69978.0,9.5,30.4,688.9935471671354,6.3,36.7
51660,"Harrisonburg city, Virginia",VA,2016,40494.0,33.1,36.2,2997.8084087894345,5.9,24.0
51003,"Albemarle County, Virginia",VA,2016,70342.0,9.7,51.5,144.7481650917732,3.2,38.9
51019,"Bedford County, Virginia",VA,2016,56725.0,9.2,27.8,101.21378127203646,4.7,45.6
51029,"Buckingham County, Virginia",VA,2016,43514.0,17.6,11.9,29.381166723887766,8.7,42.4
51195,"Wise County, Virginia",VA,2016,36352.0,21.2,14.4,99.33075550267698,10.4,40.0
51580,"Covington city, Virginia",VA,2016,34703.0,21.4,11.3,1033.095629914061,5.2,43.0
51740,"Portsmouth city, Virginia",VA,2016,47050.0,18.2,21.1,2884.928380529113,10.9,35.0
31009,"Blaine County, Nebraska",NE,2016,50350.0,16.2,25.1,0.8161071407967738,1.0,43.6
31049,"Deuel County, Nebraska",NE,2016,51786.0,10.5,17.8,4.3923965160929495,4.7,47.4
31113,"Logan County, Nebraska",NE,2016,51346.0,11.8,20.8,1.4543593984909708,0.9,43.3
31169,"Thayer County, Nebraska",NE,2016,45590.0,12.0,19.6,8.99779891148069,1.4,48.3
31001,"Adams County, Nebraska",NE,2016,51201.0,11.2,22.6,55.98696194037005,5.4,37.7
31011,"Boone County, Nebraska",NE,2016,51890.0,7.5,17.7,7.797035291307318,1.5,45.4
31149,"Rock County, Nebraska",NE,2016,48750.0,10.4,17.5,1.3954277179351637,1.6,52.4
31163,"Sherman County, Nebraska",NE,2016,46299.0,13.3,15.9,5.46078221728965,2.2,49.7
31093,"Howard County, Nebraska",NE,2016,52247.0,9.5,20.3,11.179650752277206,3.3,43.3
31073,"Gosper County, Nebraska",NE,2016,60711.0,5.8,20.9,4.315133524680513,4.6,46.9
31153,"Sarpy County, Nebraska",NE,2016,72269.0,6.2,38.4,724.3144715897876,3.7,33.9
31015,"Boyd County, Nebraska",NE,2016,42463.0,12.5,19.6,3.71526202228046,1.0,51.4
31059,"Fillmore County, Nebraska",NE,2016,52070.0,10.1,19.5,9.86493931741433,2.7,47.5
31091,"Hooker County, Nebraska",NE,2016,38616.0,16.2,23.7,0.9276720838648844,1.9,59.5
31159,"Seward County, Nebraska",NE,2016,61563.0,9.0,27.2,29.947675130812176,3.5,38.1
31181,"Webster County, Nebraska",NE,2016,40313.0,10.4,20.8,6.374877590174513,3.0,47.6
31023,"Butler County, Nebraska",NE,2016,51166.0,8.7,17.4,14.028206868606736,4.5,44.1
31005,"Arthur County, Nebraska",NE,2016,40375.0,8.0,26.8,0.6110589077566727,3.7,41.0
31083,"Harlan County, Nebraska",NE,2016,44630.0,15.9,16.5,6.2605471700158635,1.9,49.8
31185,"York County, Nebraska",NE,2016,55156.0,9.4,28.3,24.177743620198775,1.4,40.1
31019,"Buffalo County, Nebraska",NE,2016,54098.0,13.6,33.5,49.99070459193158,3.3,32.6
31037,"Colfax County, Nebraska",NE,2016,52712.0,12.0,13.9,25.50486217560191,5.4,33.9
31087,"Hitchcock County, Nebraska",NE,2016,41131.0,16.2,14.7,4.036943810982009,2.8,48.0
31141,"Platte County, Nebraska",NE,2016,58473.0,8.7,21.4,48.51717231659373,4.6,38.4
31143,"Polk County, Nebraska",NE,2016,57991.0,8.1,21.5,11.94972997987102,3.9,45.6
31013,"Box Butte County, Nebraska",NE,2016,54444.0,14.0,15.7,10.488541554301612,4.2,40.5
31017,"Brown County, Nebraska",NE,2016,37328.0,17.3,18.7,2.4742990577685786,0.4,47.7
31161,"Sheridan County, Nebraska",NE,2016,42802.0,16.8,25.1,2.1545464042754983,2.1,45.9
31109,"Lancaster County, Nebraska",NE,2016,53730.0,14.3,37.3,360.2209271921687,4.4,33.0
31129,"Nuckolls County, Nebraska",NE,2016,41576.0,12.8,16.6,7.566655944919196,2.9,49.0
31007,"Banner County, Nebraska",NE,2016,50833.0,12.0,17.0,1.062947111344045,7.3,47.9
31063,"Frontier County, Nebraska",NE,2016,51192.0,11.0,18.7,2.666650250197254,2.6,44.9
31055,"Douglas County, Nebraska",NE,2016,56003.0,14.2,37.6,1664.3423701084844,4.9,34.1
31147,"Richardson County, Nebraska",NE,2016,45929.0,18.0,19.1,14.76693467864838,4.6,47.4
31089,"Holt County, Nebraska",NE,2016,49607.0,9.7,21.2,4.294483868119551,1.3,45.3
31065,"Furnas County, Nebraska",NE,2016,40445.0,15.6,16.8,6.7442416691233324,3.7,46.2
31151,"Saline County, Nebraska",NE,2016,49332.0,11.9,14.6,25.007795338822877,3.4,36.6
31173,"Thurston County, Nebraska",NE,2016,42979.0,31.5,15.9,17.75732753363958,15.3,28.4
31177,"Washington County, Nebraska",NE,2016,65565.0,9.2,30.6,52.15446831317299,1.5,41.2
31031,"Cherry County, Nebraska",NE,2016,53059.0,8.0,19.1,0.9699303146761984,2.3,43.7
31053,"Dodge County, Nebraska",NE,2016,49830.0,11.8,18.9,69.3277032965579,4.3,39.1
31069,"Garden County, Nebraska",NE,2016,49805.0,11.6,21.9,1.1317225344720925,2.3,50.2
31123,"Morrill County, Nebraska",NE,2016,43942.0,12.3,19.0,3.4009425449274833,3.5,41.6
31127,"Nemaha County, Nebraska",NE,2016,52736.0,10.8,28.8,17.43102826129114,6.5,37.8
31171,"Thomas County, Nebraska",NE,2016,54286.0,9.6,23.8,0.9472660498444379,1.8,41.9
31043,"Dakota County, Nebraska",NE,2016,52336.0,16.0,13.0,78.31585160968079,6.8,34.1
31003,"Antelope County, Nebraska",NE,2016,46381.0,11.8,18.6,7.491043064456103,1.8,46.1
31029,"Chase County, Nebraska",NE,2016,53496.0,9.8,18.5,4.540377608257428,1.5,43.3
31035,"Clay County, Nebraska",NE,2016,51613.0,9.9,18.6,11.031139861154067,2.8,43.6
31041,"Custer County, Nebraska",NE,2016,47083.0,10.9,21.4,4.186995310596313,2.3,43.7
31061,"Franklin County, Nebraska",NE,2016,46531.0,13.1,18.8,5.341984244967142,3.4,50.2
31081,"Hamilton County, Nebraska",NE,2016,59760.0,9.0,25.3,16.819464684289166,2.1,42.5
31095,"Jefferson County, Nebraska",NE,2016,44616.0,11.7,14.9,12.897726674827862,3.2,45.7
31101,"Keith County, Nebraska",NE,2016,43100.0,12.8,21.6,7.631783179372806,4.0,48.7
31115,"Loup County, Nebraska",NE,2016,56750.0,10.0,21.9,0.9618097639662054,0.3,51.0
31135,"Perkins County, Nebraska",NE,2016,56797.0,6.8,23.1,3.295547557887182,1.9,43.9
31155,"Saunders County, Nebraska",NE,2016,64475.0,9.2,26.1,27.96797555973338,2.9,41.1
31157,"Scotts Bluff County, Nebraska",NE,2016,46632.0,13.5,21.4,49.484321424322076,5.3,39.6
31103,"Keya Paha County, Nebraska",NE,2016,43333.0,10.5,18.8,0.9520409377603236,0.7,52.5
31105,"Kimball County, Nebraska",NE,2016,40344.0,10.3,15.6,3.900447716352467,5.4,46.6
31111,"Lincoln County, Nebraska",NE,2016,52179.0,12.0,21.7,13.952826288736185,3.1,40.2
31139,"Pierce County, Nebraska",NE,2016,53125.0,6.6,21.4,12.523353725867816,4.0,41.7
31165,"Sioux County, Nebraska",NE,2016,46667.0,11.0,29.1,0.6164351083503248,0.0,47.4
31021,"Burt County, Nebraska",NE,2016,47137.0,10.0,17.8,13.413726184228192,2.8,47.4
31025,"Cass County, Nebraska",NE,2016,65385.0,7.0,24.9,45.68608066428993,3.5,42.0
31039,"Cuming County, Nebraska",NE,2016,49181.0,12.4,20.0,15.87143002373265,2.5,44.0
31051,"Dixon County, Nebraska",NE,2016,52813.0,11.9,19.0,12.200961962571673,3.4,42.4
31057,"Dundy County, Nebraska",NE,2016,44583.0,8.5,19.5,1.982215514560531,3.7,48.3
31075,"Grant County, Nebraska",NE,2016,45625.0,16.6,22.0,0.8327059080934638,4.9,50.9
31077,"Greeley County, Nebraska",NE,2016,48220.0,8.7,16.6,4.294406390891014,1.6,45.8
31079,"Hall County, Nebraska",NE,2016,51355.0,14.8,19.0,111.83403795823496,5.3,35.7
31085,"Hayes County, Nebraska",NE,2016,44602.0,7.9,20.6,1.4206338298773458,1.7,47.7
31131,"Otoe County, Nebraska",NE,2016,52108.0,10.8,20.7,25.809532472257594,3.8,41.8
31145,"Red Willow County, Nebraska",NE,2016,42457.0,11.8,18.2,15.17978929046619,5.0,41.5
31027,"Cedar County, Nebraska",NE,2016,54391.0,10.4,17.6,11.694792527869188,1.8,44.5
31045,"Dawes County, Nebraska",NE,2016,42685.0,16.0,34.7,6.503909005428995,1.9,34.1
31097,"Johnson County, Nebraska",NE,2016,47938.0,12.5,16.0,13.739280728578077,3.3,42.1
31033,"Cheyenne County, Nebraska",NE,2016,54215.0,10.0,24.4,8.436398418739675,2.4,40.5
31047,"Dawson County, Nebraska",NE,2016,49943.0,15.2,15.2,23.615603829589393,4.7,36.3
31071,"Garfield County, Nebraska",NE,2016,45227.0,7.3,18.5,3.4566947113273496,3.0,51.0
31117,"McPherson County, Nebraska",NE,2016,53750.0,18.4,24.5,0.4946145207185294,0.0,48.0
31125,"Nance County, Nebraska",NE,2016,42429.0,12.4,17.3,8.16806235535487,3.2,45.8
31167,"Stanton County, Nebraska",NE,2016,58553.0,9.5,19.2,14.082991899122561,3.3,41.1
31175,"Valley County, Nebraska",NE,2016,44657.0,12.8,20.6,7.463317092404315,1.8,46.1
31067,"Gage County, Nebraska",NE,2016,48731.0,10.4,20.1,25.57721375377146,3.6,44.8
31099,"Kearney County, Nebraska",NE,2016,55068.0,6.9,23.9,12.683949225461651,3.6,40.1
31119,"Madison County, Nebraska",NE,2016,48673.0,14.9,19.7,61.34064007320711,3.1,36.8
31137,"Phelps County, Nebraska",NE,2016,51264.0,8.3,23.3,17.110357731710483,1.2,41.7
31179,"Wayne County, Nebraska",NE,2016,55141.0,12.1,36.3,21.254594550659718,2.3,30.7
31107,"Knox County, Nebraska",NE,2016,47692.0,12.5,20.2,7.714424647907019,3.0,47.3
31121,"Merrick County, Nebraska",NE,2016,50464.0,10.0,16.0,15.993547579418749,5.3,43.8
31133,"Pawnee County, Nebraska",NE,2016,40139.0,20.2,16.2,6.251812329641014,3.0,49.5
31183,"Wheeler County, Nebraska",NE,2016,47452.0,5.1,16.6,1.3995545765434654,0.6,50.0
39105,"Meigs County, Ohio",OH,2017,42105.0,22.5,13.0,54.01974415371238,10.4,42.8
39159,"Union County, Ohio",OH,2017,78848.0,7.4,30.8,126.66325426916404,2.8,38.3
39021,"Champaign County, Ohio",OH,2017,54495.0,11.1,16.1,90.92307728170186,7.3,42.1
39131,"Pike County, Ohio",OH,2017,43562.0,20.0,13.3,64.25654466909845,9.9,41.0
39125,"Paulding County, Ohio",OH,2017,49866.0,10.7,14.0,45.507702282469054,5.0,41.5
39057,"Greene County, Ohio",OH,2017,65032.0,12.3,38.8,398.552564446669,5.7,38.1
39061,"Hamilton County, Ohio",OH,2017,52389.0,17.0,36.3,1994.7928871479774,7.0,36.9
39049,"Franklin County, Ohio",OH,2017,56319.0,16.7,38.7,2354.370728207401,5.7,34.0
39087,"Lawrence County, Ohio",OH,2017,45466.0,18.6,14.5,134.6668342916631,6.5,41.5
39101,"Marion County, Ohio",OH,2017,44708.0,16.6,13.5,162.1645047374234,7.9,40.8
39115,"Morgan County, Ohio",OH,2017,40276.0,21.5,13.0,35.47569075898239,5.5,44.2
39157,"Tuscarawas County, Ohio",OH,2017,49460.0,13.8,15.1,163.0821182645416,4.9,40.9
39169,"Wayne County, Ohio",OH,2017,54037.0,13.0,21.0,208.9352889116403,4.0,38.7
39175,"Wyandot County, Ohio",OH,2017,49767.0,11.3,15.0,54.53709825279751,4.2,41.3
39015,"Brown County, Ohio",OH,2017,49188.0,17.8,12.8,89.46915796977997,6.5,41.6
39017,"Butler County, Ohio",OH,2017,62188.0,12.9,29.6,805.3219126990251,5.4,36.4
39043,"Erie County, Ohio",OH,2017,51033.0,13.0,22.4,299.93075674126897,6.5,44.6
39067,"Harrison County, Ohio",OH,2017,46223.0,15.7,10.9,38.269484578618105,4.9,46.0
39083,"Knox County, Ohio",OH,2017,51211.0,13.8,22.7,115.9754823510606,5.8,38.9
39089,"Licking County, Ohio",OH,2017,59747.0,11.8,24.6,250.10440677171331,5.9,39.9
39139,"Richland County, Ohio",OH,2017,44138.0,15.6,17.2,245.40867117503691,7.5,41.4
39163,"Vinton County, Ohio",OH,2017,41541.0,21.1,10.3,31.87021049568338,10.6,41.9
39019,"Carroll County, Ohio",OH,2017,51748.0,14.8,12.3,70.51230069029832,4.7,45.0
39063,"Hancock County, Ohio",OH,2017,52831.0,12.1,27.1,142.11264292099938,4.5,38.9
39025,"Clermont County, Ohio",OH,2017,64183.0,9.8,28.3,446.71645748630016,4.4,39.9
39045,"Fairfield County, Ohio",OH,2017,63424.0,9.9,26.6,300.4292526245873,5.1,39.2
39039,"Defiance County, Ohio",OH,2017,55295.0,11.0,16.2,93.11216429699843,5.0,40.0
39071,"Highland County, Ohio",OH,2017,42333.0,21.6,12.3,77.80192520485134,7.3,40.3
39069,"Henry County, Ohio",OH,2017,58070.0,9.0,17.4,66.0152400182688,4.5,41.2
39081,"Jefferson County, Ohio",OH,2017,43161.0,17.6,14.9,165.02092501298623,7.9,44.7
39133,"Portage County, Ohio",OH,2017,53816.0,14.5,27.5,332.5365968752885,7.2,37.8
39137,"Putnam County, Ohio",OH,2017,61161.0,7.2,19.0,70.53657283066416,2.9,39.6
39013,"Belmont County, Ohio",OH,2017,46484.0,14.1,16.1,129.45969665136332,6.8,44.2
39027,"Clinton County, Ohio",OH,2017,49997.0,14.7,17.5,102.43656585871882,6.6,39.8
39047,"Fayette County, Ohio",OH,2017,44289.0,17.7,15.8,70.5259609066815,6.3,41.1
39127,"Perry County, Ohio",OH,2017,46477.0,19.2,11.7,88.20789637539406,7.6,39.9
39129,"Pickaway County, Ohio",OH,2017,60314.0,12.0,17.3,113.87033445856974,5.2,39.4
39091,"Logan County, Ohio",OH,2017,53051.0,13.7,15.1,98.84930622500033,5.8,41.0
39097,"Madison County, Ohio",OH,2017,62897.0,10.2,16.7,93.8829661624597,5.4,40.4
39153,"Summit County, Ohio",OH,2017,53291.0,13.6,31.6,1311.3546014588426,6.4,40.8
39119,"Muskingum County, Ohio",OH,2017,43325.0,16.6,15.7,129.31083777496215,6.9,40.2
39143,"Sandusky County, Ohio",OH,2017,50370.0,13.6,15.2,145.88997810143886,5.4,41.7
39149,"Shelby County, Ohio",OH,2017,57673.0,8.9,17.1,119.94780399024758,5.3,39.3
39161,"Van Wert County, Ohio",OH,2017,50974.0,12.7,16.4,69.07491140168642,5.3,41.4
39167,"Washington County, Ohio",OH,2017,46021.0,15.5,18.7,96.31883590147696,4.2,43.8
39171,"Williams County, Ohio",OH,2017,47593.0,13.5,14.6,88.10203014310845,5.0,41.4
39011,"Auglaize County, Ohio",OH,2017,59516.0,9.0,18.5,114.04924910560356,3.4,41.1
39029,"Columbiana County, Ohio",OH,2017,45498.0,15.4,13.9,196.61714139612005,7.5,43.8
39037,"Darke County, Ohio",OH,2017,50064.0,11.6,14.2,86.80626381453331,5.1,41.8
39123,"Ottawa County, Ohio",OH,2017,56193.0,10.5,22.3,160.0642314215717,4.9,48.3
39051,"Fulton County, Ohio",OH,2017,57774.0,10.6,17.3,104.31943015979894,5.9,40.2
39065,"Hardin County, Ohio",OH,2017,46404.0,16.6,15.5,67.14226479687848,6.8,35.6
39079,"Jackson County, Ohio",OH,2017,43397.0,20.6,15.8,77.61890033546668,10.8,40.2
39053,"Gallia County, Ohio",OH,2017,42002.0,20.9,16.2,64.73967376160162,5.8,40.6
39077,"Huron County, Ohio",OH,2017,49710.0,14.2,13.7,118.83764725958521,5.8,39.2
39099,"Mahoning County, Ohio",OH,2017,43251.0,17.6,23.2,563.4599307877751,8.2,43.5
39009,"Athens County, Ohio",OH,2017,37191.0,30.2,29.6,130.17726807030363,8.7,28.6
39001,"Adams County, Ohio",OH,2017,36320.0,23.8,12.1,47.82897621396471,7.5,42.2
39145,"Scioto County, Ohio",OH,2017,38978.0,23.9,15.2,125.98808479951488,7.9,39.8
39103,"Medina County, Ohio",OH,2017,71595.0,6.2,32.1,418.45688063816556,3.6,41.9
39095,"Lucas County, Ohio",OH,2017,44820.0,19.8,25.6,1275.9823707616079,8.5,37.9
39117,"Morrow County, Ohio",OH,2017,52767.0,9.7,13.6,86.01840771764984,4.3,41.8
39121,"Noble County, Ohio",OH,2017,42171.0,12.9,10.6,36.42603740590736,4.8,48.7
39135,"Preble County, Ohio",OH,2017,52661.0,12.4,14.4,97.4197715368695,5.8,42.3
39147,"Seneca County, Ohio",OH,2017,49153.0,15.2,15.3,100.81012511206369,5.9,39.5
39151,"Stark County, Ohio",OH,2017,50117.0,14.0,22.8,650.60971899907,6.7,41.8
39003,"Allen County, Ohio",OH,2017,47905.0,15.0,17.7,258.7462271298861,7.2,38.6
39031,"Coshocton County, Ohio",OH,2017,43251.0,15.0,12.6,64.89854394065121,6.7,41.4
39033,"Crawford County, Ohio",OH,2017,41726.0,16.2,14.7,105.10819192306352,6.4,43.0
39041,"Delaware County, Ohio",OH,2017,100229.0,5.1,53.8,435.57555393582714,2.6,38.4
39055,"Geauga County, Ohio",OH,2017,77104.0,6.5,38.0,234.56099285287823,3.5,44.4
39059,"Guernsey County, Ohio",OH,2017,42744.0,20.2,13.9,75.4690246508404,8.5,42.4
39073,"Hocking County, Ohio",OH,2017,48073.0,14.2,14.1,67.75143645766336,7.4,42.7
39085,"Lake County, Ohio",OH,2017,61137.0,8.3,27.2,1001.8798796179177,4.8,43.5
39107,"Mercer County, Ohio",OH,2017,57052.0,7.4,16.6,88.05982090920689,3.9,39.8
39141,"Ross County, Ohio",OH,2017,45792.0,18.2,16.0,111.91062820858835,7.6,40.5
39023,"Clark County, Ohio",OH,2017,46275.0,16.6,18.6,341.46599576191113,7.7,41.2
39035,"Cuyahoga County, Ohio",OH,2017,46720.0,18.3,31.5,2750.1547425586873,8.9,40.4
39075,"Holmes County, Ohio",OH,2017,58728.0,12.0,8.5,103.66009483876464,2.8,30.8
39093,"Lorain County, Ohio",OH,2017,54987.0,13.7,23.7,622.5944680920462,7.0,41.5
39109,"Miami County, Ohio",OH,2017,54568.0,9.9,21.0,256.02859384878025,5.5,41.5
39111,"Monroe County, Ohio",OH,2017,43299.0,19.7,11.4,31.244857073265997,5.9,45.8
39113,"Montgomery County, Ohio",OH,2017,47045.0,17.9,26.8,1153.1068535670238,8.0,39.3
39155,"Trumbull County, Ohio",OH,2017,45380.0,17.2,18.7,328.9769794904069,5.9,44.0
39165,"Warren County, Ohio",OH,2017,79397.0,5.1,41.9,557.6804749057736,4.5,39.1
39173,"Wood County, Ohio",OH,2017,58033.0,13.4,32.2,209.83793558255368,5.5,34.6
39005,"Ashland County, Ohio",OH,2017,50893.0,14.2,20.2,126.00623659828788,4.2,40.4
39007,"Ashtabula County, Ohio",OH,2017,43017.0,19.8,13.4,140.47377244621953,7.4,42.5
51093,"Isle of Wight County, Virginia",VA,2017,67767.0,10.3,26.9,114.32282180021224,7.0,44.4
51095,"James City County, Virginia",VA,2017,80772.0,7.5,47.9,513.2046831297699,4.9,45.9
51167,"Russell County, Virginia",VA,2017,40083.0,17.6,13.6,58.55035858794908,6.8,44.8
51620,"Franklin city, Virginia",VA,2017,38760.0,16.6,25.3,1006.886553098949,14.8,38.7
51173,"Smyth County, Virginia",VA,2017,40544.0,17.4,14.5,69.32925748715222,6.3,44.6
51540,"Charlottesville city, Virginia",VA,2017,54739.0,24.5,51.4,4537.530502684236,3.6,30.9
51678,"Lexington city, Virginia",VA,2017,37309.0,21.4,38.5,2846.3385354141656,4.1,21.6
51031,"Campbell County, Virginia",VA,2017,48823.0,11.7,21.5,109.61294258625178,3.4,42.8
51087,"Henrico County, Virginia",VA,2017,66447.0,10.4,42.1,1386.8535358938695,5.8,38.3
51089,"Henry County, Virginia",VA,2017,36779.0,19.2,12.8,135.88561295772732,8.7,46.8
51099,"King George County, Virginia",VA,2017,84770.0,5.7,34.2,142.31634266372728,4.9,37.1
51101,"King William County, Virginia",VA,2017,67423.0,10.9,19.0,59.61447190683071,3.7,41.3
51103,"Lancaster County, Virginia",VA,2017,51495.0,11.0,31.9,81.37668221985507,4.4,56.3
51105,"Lee County, Virginia",VA,2017,32590.0,26.2,11.1,56.107566298710545,11.4,43.8
51109,"Louisa County, Virginia",VA,2017,56946.0,11.8,23.2,70.32261583243611,7.7,44.5
51115,"Mathews County, Virginia",VA,2017,63622.0,10.6,26.9,102.78078476562955,1.4,52.6
51119,"Middlesex County, Virginia",VA,2017,50483.0,10.2,22.1,82.17601473183457,6.3,53.5
51147,"Prince Edward County, Virginia",VA,2017,44147.0,21.4,24.9,65.44724043138083,5.2,30.8
51149,"Prince George County, Virginia",VA,2017,68461.0,12.3,23.0,142.09586119046364,8.5,37.1
51159,"Richmond County, Virginia",VA,2017,47341.0,17.4,13.4,46.33952725639499,6.4,44.0
51165,"Rockingham County, Virginia",VA,2017,57651.0,10.2,24.8,92.55591682170515,4.6,41.8
51169,"Scott County, Virginia",VA,2017,38725.0,17.7,13.3,41.599247518322144,6.2,46.3
51177,"Spotsylvania County, Virginia",VA,2017,81434.0,8.0,30.4,324.25288730780346,5.5,37.7
51181,"Surry County, Virginia",VA,2017,54656.0,13.6,19.1,23.91118089686645,7.7,49.3
51011,"Appomattox County, Virginia",VA,2017,54875.0,14.4,20.6,46.26238690219733,3.5,43.5
51043,"Clarke County, Virginia",VA,2017,72129.0,10.4,31.5,81.4571456179341,3.3,46.0
51067,"Franklin County, Virginia",VA,2017,51208.0,14.8,20.7,81.4888287166418,5.4,46.0
51097,"King and Queen County, Virginia",VA,2017,51495.0,15.6,18.9,22.376717044953338,4.4,45.1
51117,"Mecklenburg County, Virginia",VA,2017,41126.0,16.9,18.2,49.50984311781357,5.0,47.9
51121,"Montgomery County, Virginia",VA,2017,53424.0,23.8,46.3,252.5339475296435,4.3,28.2
51127,"New Kent County, Virginia",VA,2017,78429.0,5.1,26.9,97.71228604756351,5.1,44.0
51015,"Augusta County, Virginia",VA,2017,59544.0,8.8,23.4,76.9227587547592,4.1,44.6
51049,"Cumberland County, Virginia",VA,2017,43020.0,21.8,16.7,32.933970699960334,7.0,44.5
51051,"Dickenson County, Virginia",VA,2017,29916.0,23.0,9.3,45.94024530111877,5.6,43.9
51075,"Goochland County, Virginia",VA,2017,86652.0,5.3,38.9,78.53093121629337,3.4,48.4
51083,"Halifax County, Virginia",VA,2017,39233.0,18.7,15.9,42.83804820900761,4.9,45.9
51107,"Loudoun County, Virginia",VA,2017,129588.0,3.7,59.8,726.2563549709348,3.8,35.8
51113,"Madison County, Virginia",VA,2017,52287.0,9.8,26.9,40.880993519171156,5.6,45.2
51153,"Prince William County, Virginia",VA,2017,101059.0,7.0,39.8,1344.533729448541,5.0,34.7
51161,"Roanoke County, Virginia",VA,2017,62134.0,8.0,34.7,372.85869374331463,4.8,43.7
51175,"Southampton County, Virginia",VA,2017,53681.0,11.7,19.0,30.188786306984692,4.3,45.8
51091,"Highland County, Virginia",VA,2017,45094.0,10.6,25.0,5.330436479166014,0.5,60.5
51025,"Brunswick County, Virginia",VA,2017,40871.0,20.9,13.1,29.025102696058518,7.8,43.4
51033,"Caroline County, Virginia",VA,2017,60925.0,11.9,19.2,56.67633110400236,6.3,40.2
51073,"Gloucester County, Virginia",VA,2017,63881.0,8.7,22.8,170.03351544924476,3.3,44.6
51131,"Northampton County, Virginia",VA,2017,41468.0,20.3,23.2,56.67132708585248,4.4,48.4
51141,"Patrick County, Virginia",VA,2017,37757.0,20.2,14.3,37.18366552508106,6.6,49.2
51145,"Powhatan County, Virginia",VA,2017,80441.0,5.5,28.4,109.00761715897649,4.0,44.6
51163,"Rockbridge County, Virginia",VA,2017,53918.0,15.6,25.8,37.616735088669216,5.0,48.6
51171,"Shenandoah County, Virginia",VA,2017,53934.0,10.3,19.2,84.3451510493447,5.2,44.2
51061,"Fauquier County, Virginia",VA,2017,94775.0,6.2,35.3,105.5657922758544,4.0,41.6
51720,"Norton city, Virginia",VA,2017,26971.0,25.7,17.0,540.7248896616289,13.5,37.2
51790,"Staunton city, Virginia",VA,2017,46435.0,13.3,33.8,1218.524096385542,3.9,42.0
51065,"Fluvanna County, Virginia",VA,2017,67964.0,6.1,32.3,90.9350543506654,4.8,42.6
51007,"Amelia County, Virginia",VA,2017,58535.0,13.0,14.5,36.02543899144529,3.3,46.5
51750,"Radford city, Virginia",VA,2017,36082.0,37.5,34.4,1796.1967755270773,7.5,22.7
51840,"Winchester city, Virginia",VA,2017,49330.0,12.5,32.5,2993.146959643207,4.3,37.6
51001,"Accomack County, Virginia",VA,2017,42260.0,19.8,19.6,73.08871019792262,5.4,46.0
51045,"Craig County, Virginia",VA,2017,53526.0,9.3,19.2,15.63862016836433,4.1,47.5
51063,"Floyd County, Virginia",VA,2017,48396.0,12.0,19.4,40.937407297537824,5.5,46.0
51071,"Giles County, Virginia",VA,2017,49734.0,11.3,17.0,47.216872326607394,4.8,44.4
51077,"Grayson County, Virginia",VA,2017,32048.0,20.2,12.8,35.55575675950971,7.4,47.4
51135,"Nottoway County, Virginia",VA,2017,38410.0,21.5,13.7,49.41951079868953,5.8,41.3
51157,"Rappahannock County, Virginia",VA,2017,62541.0,8.9,33.6,27.626777589236106,2.9,49.5
51036,"Charles City County, Virginia",VA,2017,55069.0,13.2,12.8,38.39235433376526,6.2,49.8
51047,"Culpeper County, Virginia",VA,2017,69693.0,8.9,23.4,131.32043028901307,5.9,38.8
51053,"Dinwiddie County, Virginia",VA,2017,54640.0,14.8,16.6,55.63361554002294,8.3,42.9
51079,"Greene County, Virginia",VA,2017,62952.0,9.4,26.7,123.202113538574,6.3,39.6
51085,"Hanover County, Virginia",VA,2017,84955.0,5.8,37.9,220.7276755355776,3.4,42.6
51111,"Lunenburg County, Virginia",VA,2017,39537.0,18.6,10.6,28.651841556636555,4.5,45.4
51137,"Orange County, Virginia",VA,2017,67196.0,8.9,25.6,103.39277232773736,6.5,41.9
51595,"Emporia city, Virginia",VA,2017,27426.0,30.9,15.3,795.9154113557358,20.4,35.9
51197,"Wythe County, Virginia",VA,2017,46119.0,15.2,18.3,62.88099196453311,6.2,44.4
51550,"Chesapeake city, Virginia",VA,2017,72214.0,9.6,31.5,695.5409270333514,5.8,36.6
51570,"Colonial Heights city, Virginia",VA,2017,50952.0,13.2,23.6,2338.3428647426517,10.2,40.1
51660,"Harrisonburg city, Virginia",VA,2017,43009.0,29.0,34.9,3060.384105196378,5.3,24.8
51003,"Albemarle County, Virginia",VA,2017,72265.0,9.8,52.3,145.88353190686107,3.2,38.6
51021,"Bland County, Virginia",VA,2017,46927.0,8.3,14.2,18.241246354686552,6.7,45.3
51019,"Bedford County, Virginia",VA,2017,59405.0,8.9,28.3,101.72160651700293,4.4,45.9
51023,"Botetourt County, Virginia",VA,2017,64733.0,7.7,28.3,61.24232369438143,3.8,47.2
51029,"Buckingham County, Virginia",VA,2017,46610.0,16.6,11.4,29.412221392180776,8.4,42.7
51195,"Wise County, Virginia",VA,2017,38255.0,19.9,13.9,98.00465992464802,9.6,40.3
51520,"Bristol city, Virginia",VA,2017,37844.0,21.3,23.0,1326.7811358868773,7.7,42.3
51580,"Covington city, Virginia",VA,2017,35546.0,19.9,14.6,1037.6668495154506,5.6,44.2
51740,"Portsmouth city, Virginia",VA,2017,48727.0,17.7,21.9,2868.8627969130052,9.7,35.2
51830,"Williamsburg city, Virginia",VA,2017,54606.0,21.5,55.2,1657.7534123965092,7.3,24.5
51810,"Virginia Beach city, Virginia",VA,2017,70500.0,8.0,34.8,1839.0465955386294,5.3,35.6
51005,"Alleghany County, Virginia",VA,2017,46020.0,19.3,15.8,34.684216654873126,4.4,46.9
51035,"Carroll County, Virginia",VA,2017,41145.0,14.6,14.5,62.70116104679574,3.8,47.0
51640,"Galax city, Virginia",VA,2017,31311.0,21.2,10.3,824.1864983001457,5.5,46.6
51191,"Washington County, Virginia",VA,2017,44844.0,14.6,23.4,97.0379174366038,6.4,45.5
51193,"Westmoreland County, Virginia",VA,2017,55688.0,9.5,21.1,76.72919773597411,7.3,47.6
51133,"Northumberland County, Virginia",VA,2017,56677.0,13.5,26.4,64.0122863471102,7.8,56.5
51139,"Page County, Virginia",VA,2017,46140.0,17.0,13.2,76.427080746143,7.8,45.0
51155,"Pulaski County, Virginia",VA,2017,49691.0,13.9,18.5,107.33525304919037,6.9,46.2
51187,"Warren County, Virginia",VA,2017,65353.0,9.8,20.9,181.69405909681868,6.0,40.6
51510,"Alexandria city, Virginia",VA,2017,93370.0,10.5,61.8,10358.888516906594,3.9,36.4
51590,"Danville city, Virginia",VA,2017,34951.0,21.5,18.9,979.2976143187607,10.1,40.6
51630,"Fredericksburg city, Virginia",VA,2017,57258.0,16.3,42.9,2692.3444976076557,5.6,29.9
51650,"Hampton city, Virginia",VA,2017,52021.0,14.9,25.6,2647.7332348768973,7.8,35.8
51009,"Amherst County, Virginia",VA,2017,49677.0,13.4,19.9,67.13407403969094,5.6,43.9
51013,"Arlington County, Virginia",VA,2017,112138.0,8.2,74.1,8829.249528791785,3.2,34.4
51017,"Bath County, Virginia",VA,2017,44483.0,9.3,15.9,8.424004444427649,9.1,47.3
51670,"Hopewell city, Virginia",VA,2017,40712.0,21.2,15.1,2158.87579679351,10.0,36.5
51027,"Buchanan County, Virginia",VA,2017,30828.0,26.5,10.8,44.96533785154339,8.6,46.3
51700,"Newport News city, Virginia",VA,2017,51082.0,16.4,24.8,2620.3452724347358,7.5,33.2
51069,"Frederick County, Virginia",VA,2017,71037.0,5.6,27.7,202.80053735461775,4.1,40.5
51179,"Stafford County, Virginia",VA,2017,103005.0,4.7,38.7,524.3550454114894,4.3,35.2
51680,"Lynchburg city, Virginia",VA,2017,41971.0,22.3,33.6,1617.874060764456,7.4,28.3
51199,"York County, Virginia",VA,2017,86781.0,5.2,43.6,641.7527003925239,6.4,39.6
51760,"Richmond city, Virginia",VA,2017,42356.0,25.2,37.5,3686.141009595328,8.8,33.5
51690,"Martinsville city, Virginia",VA,2017,33545.0,24.0,20.9,1209.9306316173786,8.3,41.5
51125,"Nelson County, Virginia",VA,2017,53834.0,14.9,30.8,31.573357125407597,3.7,49.7
51057,"Essex County, Virginia",VA,2017,50629.0,12.3,18.9,43.068373909495406,5.6,44.8
51143,"Pittsylvania County, Virginia",VA,2017,44356.0,14.7,14.1,63.952330384942044,6.7,46.4
51185,"Tazewell County, Virginia",VA,2017,40309.0,15.6,15.2,82.28554466056657,7.8,44.3
51530,"Buena Vista city, Virginia",VA,2017,33672.0,20.8,16.3,1008.8536812674744,4.7,36.4
51610,"Falls Church city, Virginia",VA,2017,114795.0,2.9,78.1,6765.884652981428,4.2,39.7
51685,"Manassas Park city, Virginia",VA,2017,79131.0,10.3,31.4,5312.129202373105,6.0,34.1
51730,"Petersburg city, Virginia",VA,2017,33939.0,27.6,17.5,1410.0792253521126,12.2,38.3
51735,"Poquoson city, Virginia",VA,2017,88328.0,4.9,41.5,782.8351891645505,4.7,42.2
51183,"Sussex County, Virginia",VA,2017,44608.0,17.8,11.7,23.652356260173878,5.5,40.4
51600,"Fairfax city, Virginia",VA,2017,106870.0,7.8,56.9,3778.846153846154,4.1,39.0
51820,"Waynesboro city, Virginia",VA,2017,42112.0,17.4,22.3,1444.2217768871076,4.4,40.0
51683,"Manassas city, Virginia",VA,2017,77551.0,8.8,29.7,4203.901249619019,7.4,33.5
51770,"Roanoke city, Virginia",VA,2017,41483.0,21.6,23.2,2341.7135062674915,6.6,38.4
51775,"Salem city, Virginia",VA,2017,53990.0,8.9,27.7,1758.2500861178091,4.7,41.1
51800,"Suffolk city, Virginia",VA,2017,68089.0,11.2,27.2,220.60577212145503,6.7,38.1
51710,"Norfolk city, Virginia",VA,2017,47137.0,21.0,27.3,4612.895354293759,8.5,30.4
51037,"Charlotte County, Virginia",VA,2017,38350.0,22.7,11.9,25.617720325860095,6.8,45.2
51041,"Chesterfield County, Virginia",VA,2017,76969.0,7.2,38.4,792.4185253573739,5.6,38.8
51059,"Fairfax County, Virginia",VA,2017,117515.0,6.1,60.7,2920.5694834804267,4.5,37.9
51081,"Greensville County, Virginia",VA,2017,42121.0,17.0,7.5,39.3121225362179,5.7,41.1
31083,"Harlan County, Nebraska",NE,2017,46750.0,12.9,18.7,6.2677743528961125,2.0,49.5
31185,"York County, Nebraska",NE,2017,59966.0,9.7,28.1,24.160276676389934,2.4,40.9
31009,"Blaine County, Nebraska",NE,2017,52000.0,9.8,24.2,0.7063548011723801,1.1,46.8
31019,"Buffalo County, Nebraska",NE,2017,55053.0,14.4,33.6,50.43688417921547,3.1,32.9
31037,"Colfax County, Nebraska",NE,2017,54876.0,8.2,14.4,25.78908628023525,3.5,33.7
31049,"Deuel County, Nebraska",NE,2017,53438.0,11.1,18.1,4.321918104085247,4.1,46.1
31087,"Hitchcock County, Nebraska",NE,2017,41582.0,14.2,17.4,4.028492428265368,3.1,47.1
31113,"Logan County, Nebraska",NE,2017,50278.0,9.7,22.7,1.6103087797749422,1.1,38.9
31141,"Platte County, Nebraska",NE,2017,58679.0,8.6,21.5,48.77234626511387,3.9,38.3
31143,"Polk County, Nebraska",NE,2017,63667.0,7.6,20.9,11.954289205349795,4.6,45.5
31169,"Thayer County, Nebraska",NE,2017,48151.0,10.9,20.7,8.94551652384861,1.2,48.2
31013,"Box Butte County, Nebraska",NE,2017,56328.0,10.9,17.4,10.41507805729037,5.1,40.5
31017,"Brown County, Nebraska",NE,2017,42773.0,16.0,18.2,2.503774493268138,0.6,48.9
31001,"Adams County, Nebraska",NE,2017,51721.0,12.4,23.5,56.03667131804415,4.2,37.9
31161,"Sheridan County, Nebraska",NE,2017,41209.0,15.8,25.8,2.147172029817054,1.5,46.1
31109,"Lancaster County, Nebraska",NE,2017,55747.0,14.0,37.9,365.77276162572036,3.9,33.2
31011,"Boone County, Nebraska",NE,2017,53854.0,7.3,19.8,7.8028615833239865,1.7,45.0
31129,"Nuckolls County, Nebraska",NE,2017,42055.0,10.8,19.1,7.507541445349514,1.7,49.4
31149,"Rock County, Nebraska",NE,2017,52361.0,9.7,18.9,1.369641562522005,1.4,51.9
31007,"Banner County, Nebraska",NE,2017,55000.0,8.9,17.4,0.9758202989387954,3.2,48.1
31063,"Frontier County, Nebraska",NE,2017,52090.0,10.9,19.5,2.692300983654327,3.2,45.5
31163,"Sherman County, Nebraska",NE,2017,48704.0,10.7,18.3,5.386557992976975,1.7,49.3
31055,"Douglas County, Nebraska",NE,2017,58640.0,13.5,37.9,1684.112166712111,4.4,34.3
31147,"Richardson County, Nebraska",NE,2017,46839.0,16.3,19.4,14.578474596849455,4.0,47.6
31093,"Howard County, Nebraska",NE,2017,53648.0,10.2,20.1,11.214779269959147,4.0,43.3
31089,"Holt County, Nebraska",NE,2017,52050.0,8.9,21.0,4.266710661636538,1.1,44.1
31065,"Furnas County, Nebraska",NE,2017,43400.0,13.5,18.2,6.694181318589633,2.5,46.1
31073,"Gosper County, Nebraska",NE,2017,61769.0,5.7,24.1,4.406805557071297,4.6,49.5
31151,"Saline County, Nebraska",NE,2017,50932.0,11.6,13.4,24.953794108988415,2.8,36.0
31153,"Sarpy County, Nebraska",NE,2017,75752.0,5.3,39.5,735.7717943225774,3.3,34.2
31173,"Thurston County, Nebraska",NE,2017,44701.0,30.5,16.0,17.925017277125086,15.4,28.1
31177,"Washington County, Nebraska",NE,2017,66485.0,9.8,30.8,52.34936159627856,1.7,41.2
31015,"Boyd County, Nebraska",NE,2017,48750.0,9.8,20.2,3.7949012381119953,1.6,52.1
31031,"Cherry County, Nebraska",NE,2017,53226.0,9.0,20.1,0.9717758835157483,2.6,43.8
31053,"Dodge County, Nebraska",NE,2017,51748.0,13.2,19.0,69.1330209595382,4.4,39.1
31059,"Fillmore County, Nebraska",NE,2017,56750.0,9.9,19.2,9.738064657412348,2.5,47.5
31069,"Garden County, Nebraska",NE,2017,48125.0,11.7,24.2,1.121753994013012,1.4,51.7
31091,"Hooker County, Nebraska",NE,2017,41607.0,17.4,25.6,0.9484719063730657,1.0,58.0
31123,"Morrill County, Nebraska",NE,2017,44201.0,9.4,18.9,3.4430768733800226,3.7,42.9
31127,"Nemaha County, Nebraska",NE,2017,55536.0,11.5,28.0,17.28374454129713,5.7,38.0
31159,"Seward County, Nebraska",NE,2017,63095.0,9.2,28.1,29.82867542831143,2.5,38.3
31171,"Thomas County, Nebraska",NE,2017,53173.0,12.4,29.0,0.9023586222962571,1.9,42.1
31043,"Dakota County, Nebraska",NE,2017,52401.0,16.8,12.6,77.68015256777005,7.3,33.8
31181,"Webster County, Nebraska",NE,2017,43831.0,11.3,22.8,6.256598824517797,2.1,46.1
31003,"Antelope County, Nebraska",NE,2017,46949.0,11.5,18.6,7.473543353201339,1.9,45.9
31029,"Chase County, Nebraska",NE,2017,54568.0,8.0,19.4,4.25192219753829,2.3,44.4
31023,"Butler County, Nebraska",NE,2017,52448.0,7.8,18.7,13.8572354259668,4.4,43.5
31035,"Clay County, Nebraska",NE,2017,54167.0,11.1,17.8,10.945518785089352,3.0,43.5
31005,"Arthur County, Nebraska",NE,2017,41250.0,10.9,29.9,0.5886860415687853,0.6,43.3
31041,"Custer County, Nebraska",NE,2017,48836.0,11.9,21.7,4.20718482804355,2.5,43.5
31061,"Franklin County, Nebraska",NE,2017,49453.0,13.3,20.0,5.2429942898425885,2.6,50.7
31067,"Gage County, Nebraska",NE,2017,52223.0,9.1,20.3,25.405743774524023,3.2,44.2
31081,"Hamilton County, Nebraska",NE,2017,61944.0,7.2,25.7,16.876648650642856,2.0,42.3
31095,"Jefferson County, Nebraska",NE,2017,46576.0,10.6,14.7,12.760927289372793,2.1,45.7
31099,"Kearney County, Nebraska",NE,2017,53207.0,9.4,22.3,12.682012153191422,3.4,40.6
31101,"Keith County, Nebraska",NE,2017,45078.0,13.1,22.0,7.656271191548999,2.8,49.7
31115,"Loup County, Nebraska",NE,2017,58625.0,8.9,22.9,0.9529369801657792,0.7,52.8
31119,"Madison County, Nebraska",NE,2017,49865.0,16.0,20.4,61.23061985044236,3.2,36.9
31135,"Perkins County, Nebraska",NE,2017,58125.0,4.8,22.9,3.2876228471674254,1.1,43.3
31137,"Phelps County, Nebraska",NE,2017,56408.0,7.1,26.0,16.975119954056208,0.7,42.1
31155,"Saunders County, Nebraska",NE,2017,65015.0,9.0,26.5,27.977322252606392,2.2,41.0
31157,"Scotts Bluff County, Nebraska",NE,2017,47975.0,13.2,22.1,49.36263534196494,5.2,39.5
31179,"Wayne County, Nebraska",NE,2017,58093.0,13.5,32.4,21.243305728399967,2.0,31.7
31103,"Keya Paha County, Nebraska",NE,2017,48864.0,7.7,20.6,0.9313443956350992,1.2,50.2
31105,"Kimball County, Nebraska",NE,2017,43017.0,11.4,17.5,3.874185612148639,6.0,46.0
31107,"Knox County, Nebraska",NE,2017,48072.0,12.3,20.8,7.664805497441005,3.1,47.2
31111,"Lincoln County, Nebraska",NE,2017,55875.0,12.6,22.2,13.871707473070893,2.7,40.4
31121,"Merrick County, Nebraska",NE,2017,53536.0,10.0,17.6,16.067430257830026,3.3,43.5
31139,"Pierce County, Nebraska",NE,2017,55417.0,6.8,22.5,12.5163759553004,3.8,41.7
31165,"Sioux County, Nebraska",NE,2017,45375.0,12.4,26.6,0.6077256641193155,0.0,51.6
31021,"Burt County, Nebraska",NE,2017,50174.0,12.3,19.1,13.316083045489497,3.5,46.6
31025,"Cass County, Nebraska",NE,2017,68284.0,6.3,26.8,45.77579138310604,2.8,41.9
31039,"Cuming County, Nebraska",NE,2017,50734.0,8.0,21.2,15.843385531145161,2.6,44.0
31051,"Dixon County, Nebraska",NE,2017,57036.0,10.3,18.8,12.108546344332192,3.3,42.2
31057,"Dundy County, Nebraska",NE,2017,44653.0,10.5,21.1,2.1931589099663142,3.6,43.6
31075,"Grant County, Nebraska",NE,2017,45833.0,21.1,23.0,0.8777518227507609,4.5,48.6
31077,"Greeley County, Nebraska",NE,2017,47218.0,9.8,17.3,4.275101744262571,1.7,45.9
31079,"Hall County, Nebraska",NE,2017,53807.0,13.5,19.8,112.06830286059409,5.4,35.8
31085,"Hayes County, Nebraska",NE,2017,44946.0,9.0,17.2,1.3420992844941955,1.6,42.7
31131,"Otoe County, Nebraska",NE,2017,54605.0,10.0,21.4,25.7851685334858,3.0,41.7
31145,"Red Willow County, Nebraska",NE,2017,42882.0,11.7,18.7,15.160263651908075,4.9,40.8
31027,"Cedar County, Nebraska",NE,2017,57208.0,9.7,18.4,11.565105559788394,1.6,44.1
31045,"Dawes County, Nebraska",NE,2017,46146.0,14.3,37.0,6.42513450745529,1.0,34.0
31097,"Johnson County, Nebraska",NE,2017,49564.0,10.1,17.3,13.827029183008708,2.2,41.1
31033,"Cheyenne County, Nebraska",NE,2017,58770.0,10.9,26.3,8.371181463669139,2.5,40.7
31047,"Dawson County, Nebraska",NE,2017,51238.0,13.7,15.8,23.616590938928532,4.2,35.8
31071,"Garfield County, Nebraska",NE,2017,46509.0,7.2,19.5,3.4391302056803608,1.9,51.4
31117,"McPherson County, Nebraska",NE,2017,60714.0,16.0,25.2,0.5027611128244817,0.0,48.5
31125,"Nance County, Nebraska",NE,2017,45428.0,11.7,18.3,8.082011240992939,2.0,45.4
31133,"Pawnee County, Nebraska",NE,2017,42176.0,20.5,15.9,6.2726903671054925,2.7,50.1
31167,"Stanton County, Nebraska",NE,2017,57534.0,9.5,17.6,14.078314718153075,3.1,41.0
31175,"Valley County, Nebraska",NE,2017,50270.0,11.5,20.3,7.484439687948855,1.5,46.0
31183,"Wheeler County, Nebraska",NE,2017,49706.0,2.6,19.1,1.4708362382059275,0.4,50.2
39029,"Columbiana County, Ohio",OH,2018,46306.0,14.6,14.8,195.52486572153174,6.7,44.0
39051,"Fulton County, Ohio",OH,2018,60231.0,9.4,17.2,104.34162788231261,4.8,40.8
39053,"Gallia County, Ohio",OH,2018,42113.0,22.5,15.3,64.7225258825799,5.2,40.6
39099,"Mahoning County, Ohio",OH,2018,44682.0,17.6,24.1,561.5327785986468,8.0,43.5
39145,"Scioto County, Ohio",OH,2018,39731.0,23.6,15.0,125.17844119020889,7.9,39.9
39117,"Morrow County, Ohio",OH,2018,56010.0,10.2,13.5,86.11935962022386,3.6,41.7
39135,"Preble County, Ohio",OH,2018,55374.0,11.6,15.8,97.13454620886037,4.9,42.6
39003,"Allen County, Ohio",OH,2018,50552.0,14.8,17.8,257.4668670583413,6.0,39.0
39033,"Crawford County, Ohio",OH,2018,42892.0,15.0,14.8,104.58552562807067,5.3,43.0
39059,"Guernsey County, Ohio",OH,2018,43975.0,20.2,14.2,75.20095585672871,7.0,42.5
39107,"Mercer County, Ohio",OH,2018,59417.0,6.9,16.7,88.23930093610727,2.6,39.9
39023,"Clark County, Ohio",OH,2018,48502.0,15.8,18.6,340.6546612678487,7.3,41.1
39093,"Lorain County, Ohio",OH,2018,56965.0,13.7,24.0,625.2609390544221,6.3,41.8
39113,"Montgomery County, Ohio",OH,2018,49314.0,17.4,27.4,1153.2087282784692,7.2,39.3
39165,"Warren County, Ohio",OH,2018,83330.0,4.6,42.3,564.3965154311992,3.6,39.3
39007,"Ashtabula County, Ohio",OH,2018,44823.0,20.3,14.1,139.78153082255682,7.3,42.4
39105,"Meigs County, Ohio",OH,2018,43591.0,22.4,12.8,53.84769194284147,8.3,43.6
39021,"Champaign County, Ohio",OH,2018,57103.0,11.0,14.9,90.59439752534448,6.0,42.4
39057,"Greene County, Ohio",OH,2018,67109.0,12.2,39.0,400.93674663107316,5.5,38.1
39087,"Lawrence County, Ohio",OH,2018,44372.0,18.6,14.3,133.7074017463878,6.2,41.6
39115,"Morgan County, Ohio",OH,2018,41731.0,19.1,11.3,35.305192279060385,5.0,44.3
39175,"Wyandot County, Ohio",OH,2018,52940.0,9.5,15.7,54.33310640264059,3.8,42.1
39043,"Erie County, Ohio",OH,2018,52270.0,12.0,22.7,299.00353379389384,5.4,44.8
39091,"Logan County, Ohio",OH,2018,55150.0,13.4,16.0,98.8144102803453,4.9,40.8
39153,"Summit County, Ohio",OH,2018,55448.0,13.1,32.1,1312.5464821351136,5.6,40.9
39149,"Shelby County, Ohio",OH,2018,61042.0,9.1,17.4,119.69025788949554,4.5,39.4
39171,"Williams County, Ohio",OH,2018,49491.0,13.7,15.0,87.80487804878048,4.4,41.2
39159,"Union County, Ohio",OH,2018,82775.0,6.9,33.0,128.9006135367184,2.5,38.4
39131,"Pike County, Ohio",OH,2018,43729.0,19.4,13.8,64.08165675635162,8.4,40.8
39125,"Paulding County, Ohio",OH,2018,51933.0,10.3,14.1,45.31799680622426,4.6,42.0
39061,"Hamilton County, Ohio",OH,2018,54976.0,16.2,37.1,2003.0167214675623,6.1,36.8
39049,"Franklin County, Ohio",OH,2018,58762.0,16.3,39.3,2395.364911338293,5.2,34.0
39101,"Marion County, Ohio",OH,2018,45464.0,16.0,13.1,161.8202800354626,6.7,41.3
39157,"Tuscarawas County, Ohio",OH,2018,51170.0,13.2,15.8,163.0733059682158,4.1,41.0
39169,"Wayne County, Ohio",OH,2018,56348.0,12.4,21.9,209.4634176236371,3.9,38.5
39015,"Brown County, Ohio",OH,2018,52356.0,15.9,14.2,89.22403139254365,5.6,41.8
39017,"Butler County, Ohio",OH,2018,63358.0,13.0,29.8,810.8778969570698,5.1,36.5
39067,"Harrison County, Ohio",OH,2018,48462.0,17.0,10.1,38.045788169442574,5.6,46.0
39083,"Knox County, Ohio",OH,2018,55131.0,14.2,22.8,116.48927971318689,5.3,38.9
39089,"Licking County, Ohio",OH,2018,62715.0,11.4,26.2,252.4709602638817,4.9,39.7
39139,"Richland County, Ohio",OH,2018,47346.0,14.3,17.8,244.98664248920193,6.5,41.3
39163,"Vinton County, Ohio",OH,2018,42114.0,20.9,11.5,31.79503346590358,9.8,42.2
39019,"Carroll County, Ohio",OH,2018,52394.0,13.1,13.6,69.8863693957609,4.6,45.3
39063,"Hancock County, Ohio",OH,2018,55644.0,11.6,26.7,142.45518279772267,4.3,39.2
39025,"Clermont County, Ohio",OH,2018,64822.0,9.5,28.0,449.0365918331271,4.2,39.8
39045,"Fairfield County, Ohio",OH,2018,66175.0,9.4,27.2,303.1732971161758,4.4,39.3
39039,"Defiance County, Ohio",OH,2018,57665.0,10.8,16.7,93.0343905699356,4.6,40.6
39071,"Highland County, Ohio",OH,2018,43297.0,20.9,12.6,77.75853215786391,6.5,40.4
39069,"Henry County, Ohio",OH,2018,59083.0,9.7,18.0,65.66188312780943,4.2,41.3
39081,"Jefferson County, Ohio",OH,2018,44819.0,18.1,15.3,163.88646587801745,8.0,44.8
39133,"Portage County, Ohio",OH,2018,56618.0,13.1,28.7,333.6937454478309,6.3,37.9
39137,"Putnam County, Ohio",OH,2018,62001.0,6.7,20.3,70.39565303889387,2.9,40.0
39013,"Belmont County, Ohio",OH,2018,49361.0,13.6,16.2,128.67604913864548,6.1,44.5
39027,"Clinton County, Ohio",OH,2018,51354.0,13.0,18.7,102.50262397518172,6.1,39.9
39047,"Fayette County, Ohio",OH,2018,46478.0,17.0,16.1,70.4915087816006,6.0,40.7
39127,"Perry County, Ohio",OH,2018,48811.0,19.4,12.3,88.2127991292709,7.5,39.9
39129,"Pickaway County, Ohio",OH,2018,62214.0,11.7,18.6,114.55864397040868,4.1,39.4
39097,"Madison County, Ohio",OH,2018,65264.0,10.2,16.9,94.43254174412962,4.8,40.7
39119,"Muskingum County, Ohio",OH,2018,45276.0,16.3,15.5,129.5260222768627,6.6,40.2
39143,"Sandusky County, Ohio",OH,2018,51701.0,13.6,16.0,145.25310719517154,5.0,41.8
39161,"Van Wert County, Ohio",OH,2018,52754.0,11.1,16.2,69.12134913845779,4.4,40.9
39167,"Washington County, Ohio",OH,2018,48572.0,15.1,19.2,96.00236718599182,4.0,44.1
39011,"Auglaize County, Ohio",OH,2018,61758.0,8.7,18.9,114.0641972355925,3.5,41.3
39037,"Darke County, Ohio",OH,2018,52691.0,10.1,14.7,86.49695202490545,4.7,41.8
39123,"Ottawa County, Ohio",OH,2018,57918.0,10.4,22.4,159.82866386079527,4.7,49.0
39065,"Hardin County, Ohio",OH,2018,48773.0,16.7,16.6,67.06996821076581,5.9,35.5
39079,"Jackson County, Ohio",OH,2018,45340.0,19.6,15.3,77.38098070471794,10.5,40.1
39077,"Huron County, Ohio",OH,2018,51559.0,13.6,13.6,118.75638658142422,4.9,39.6
39009,"Athens County, Ohio",OH,2018,37778.0,30.6,29.7,130.91787055936337,7.7,28.9
39001,"Adams County, Ohio",OH,2018,36894.0,22.6,12.9,47.74676641455662,7.1,42.0
39103,"Medina County, Ohio",OH,2018,74243.0,6.4,33.3,420.5804611610172,3.2,41.9
39095,"Lucas County, Ohio",OH,2018,46924.0,19.1,26.3,1272.96467380904,7.5,37.9
39121,"Noble County, Ohio",OH,2018,47456.0,15.4,10.3,36.28785061756932,4.8,49.7
39147,"Seneca County, Ohio",OH,2018,49936.0,14.7,15.2,100.67583017861227,4.9,39.4
39151,"Stark County, Ohio",OH,2018,52190.0,13.9,22.8,649.2225322242792,6.0,41.9
39031,"Coshocton County, Ohio",OH,2018,44491.0,16.4,12.5,64.84889749427292,6.2,41.4
39041,"Delaware County, Ohio",OH,2018,104322.0,4.6,54.4,444.565798707878,2.7,38.6
39055,"Geauga County, Ohio",OH,2018,79956.0,6.1,38.1,234.72586878374025,2.9,44.6
39073,"Hocking County, Ohio",OH,2018,50000.0,13.6,14.8,67.62802332508205,5.9,42.9
39085,"Lake County, Ohio",OH,2018,63475.0,8.3,27.9,1003.4108256640642,4.4,43.7
39141,"Ross County, Ohio",OH,2018,48403.0,17.9,16.6,111.8032520466767,7.6,40.9
39035,"Cuyahoga County, Ohio",OH,2018,48435.0,18.1,31.9,2742.2415471193826,8.3,40.3
39075,"Holmes County, Ohio",OH,2018,62111.0,11.1,8.9,103.78077290753693,2.2,31.3
39109,"Miami County, Ohio",OH,2018,57544.0,9.4,22.6,257.7972601661415,4.6,41.6
39111,"Monroe County, Ohio",OH,2018,43956.0,16.6,11.9,30.91790407769632,6.5,46.3
39155,"Trumbull County, Ohio",OH,2018,45975.0,17.5,18.5,326.4741522825558,5.2,44.2
39173,"Wood County, Ohio",OH,2018,59789.0,13.3,33.1,210.5379138702642,4.8,34.8
39005,"Ashland County, Ohio",OH,2018,52730.0,13.3,21.1,126.42705331369521,4.1,40.3
51095,"James City County, Virginia",VA,2018,83048.0,7.8,49.6,521.1106269940548,4.0,46.4
51167,"Russell County, Virginia",VA,2018,39482.0,19.5,13.5,57.880909943318606,6.8,45.4
51173,"Smyth County, Virginia",VA,2018,40425.0,19.2,14.3,68.79984051036682,5.8,44.9
51540,"Charlottesville city, Virginia",VA,2018,58933.0,24.6,52.6,4591.70326988775,4.1,31.3
51031,"Campbell County, Virginia",VA,2018,50258.0,11.8,22.5,109.63678963130481,3.7,42.8
51087,"Henrico County, Virginia",VA,2018,68572.0,10.0,42.9,1393.5679897293248,5.3,38.5
51099,"King George County, Virginia",VA,2018,87321.0,5.7,34.6,144.13120448927785,4.0,37.3
51103,"Lancaster County, Virginia",VA,2018,50739.0,9.2,30.9,81.04661455598396,3.4,56.7
51105,"Lee County, Virginia",VA,2018,32718.0,24.0,11.4,55.43229102067629,10.3,44.4
51115,"Mathews County, Virginia",VA,2018,67009.0,10.8,28.0,102.38502636449348,2.7,52.9
51119,"Middlesex County, Virginia",VA,2018,51917.0,8.4,21.8,82.09928642676283,4.4,53.4
51149,"Prince George County, Virginia",VA,2018,67001.0,9.3,24.0,142.81191820367678,7.4,37.0
51159,"Richmond County, Virginia",VA,2018,49831.0,14.2,15.7,46.36563991685729,1.9,45.8
51169,"Scott County, Virginia",VA,2018,39144.0,18.6,14.4,41.074824523586905,5.6,46.9
51177,"Spotsylvania County, Virginia",VA,2018,85330.0,8.0,31.5,327.3743684792682,5.3,38.1
51011,"Appomattox County, Virginia",VA,2018,56176.0,13.5,19.8,46.60646751878979,3.8,42.9
51067,"Franklin County, Virginia",VA,2018,52639.0,16.4,20.5,81.42511692561648,5.0,46.6
51097,"King and Queen County, Virginia",VA,2018,54516.0,16.5,19.8,22.376717044953338,5.9,45.7
51121,"Montgomery County, Virginia",VA,2018,54641.0,24.3,45.8,253.32237292779834,4.7,28.5
51127,"New Kent County, Virginia",VA,2018,79698.0,4.8,28.4,100.47373056871474,4.5,43.7
51049,"Cumberland County, Virginia",VA,2018,46221.0,19.4,17.5,32.89699267835172,7.0,45.5
51051,"Dickenson County, Virginia",VA,2018,29226.0,24.3,10.0,45.271462334809094,5.6,44.3
51083,"Halifax County, Virginia",VA,2018,42289.0,15.1,15.9,42.53110130348489,4.2,46.1
51107,"Loudoun County, Virginia",VA,2018,136268.0,3.7,60.8,746.7803419565747,3.5,36.0
51153,"Prince William County, Virginia",VA,2018,103445.0,6.8,40.1,1362.3887417376573,4.7,34.9
51175,"Southampton County, Virginia",VA,2018,54611.0,10.2,17.8,29.93845085748236,4.3,46.1
51091,"Highland County, Virginia",VA,2018,46147.0,12.3,23.1,5.33284517165547,0.6,59.3
51033,"Caroline County, Virginia",VA,2018,64715.0,8.3,20.1,57.23571809171291,5.4,40.0
51073,"Gloucester County, Virginia",VA,2018,66701.0,8.5,22.8,170.6120012855241,2.9,44.7
51141,"Patrick County, Virginia",VA,2018,40486.0,18.7,13.9,36.97867705827056,5.7,49.6
51145,"Powhatan County, Virginia",VA,2018,83914.0,5.3,28.8,109.81468243902815,2.4,45.1
51171,"Shenandoah County, Virginia",VA,2018,54921.0,10.8,20.1,84.72107684041261,4.9,44.4
51061,"Fauquier County, Virginia",VA,2018,97469.0,6.1,35.9,106.6599382093044,3.4,41.4
51790,"Staunton city, Virginia",VA,2018,48049.0,13.7,34.0,1227.5100401606426,3.2,42.5
51065,"Fluvanna County, Virginia",VA,2018,74931.0,4.9,34.5,91.53759617159555,5.2,43.3
51007,"Amelia County, Virginia",VA,2018,58526.0,13.4,15.9,36.17176947321026,2.8,46.0
51750,"Radford city, Virginia",VA,2018,36743.0,35.9,39.1,1822.0338983050847,5.9,22.9
51840,"Winchester city, Virginia",VA,2018,53797.0,15.0,33.9,3022.8434678559775,3.8,37.3
51001,"Accomack County, Virginia",VA,2018,43210.0,19.9,18.5,72.870601379427,4.2,45.9
51045,"Craig County, Virginia",VA,2018,55484.0,8.5,18.5,15.583758511176539,1.4,48.3
51063,"Floyd County, Virginia",VA,2018,49729.0,11.4,22.3,41.12642187528713,2.4,47.0
51071,"Giles County, Virginia",VA,2018,52478.0,11.3,18.2,47.068506035428754,4.6,44.5
51077,"Grayson County, Virginia",VA,2018,33969.0,20.6,12.5,35.78890184139344,6.5,47.7
51135,"Nottoway County, Virginia",VA,2018,42869.0,20.2,12.7,49.30182257705398,3.7,41.7
51157,"Rappahannock County, Virginia",VA,2018,68438.0,8.9,32.9,27.52541558422056,3.9,50.1
51036,"Charles City County, Virginia",VA,2018,59192.0,13.1,13.3,38.24473348970208,5.0,50.3
51047,"Culpeper County, Virginia",VA,2018,73116.0,8.2,24.7,133.04781018336598,5.3,38.8
51053,"Dinwiddie County, Virginia",VA,2018,55880.0,12.8,17.2,56.179373906002546,7.0,43.2
51079,"Greene County, Virginia",VA,2018,64979.0,6.0,27.8,124.46536323238023,5.0,40.1
51085,"Hanover County, Virginia",VA,2018,88652.0,5.6,39.2,223.36012112243546,3.0,42.9
51111,"Lunenburg County, Virginia",VA,2018,41868.0,17.9,10.6,28.44104702339588,4.4,45.5
51137,"Orange County, Virginia",VA,2018,68481.0,8.6,24.3,104.4101349251491,5.8,42.1
51595,"Emporia city, Virginia",VA,2018,30857.0,29.0,13.4,779.4032444959444,23.3,38.4
51197,"Wythe County, Virginia",VA,2018,48043.0,15.6,18.5,62.64720144084234,6.6,44.9
51550,"Chesapeake city, Virginia",VA,2018,75790.0,9.0,32.5,702.6614980972415,5.1,36.7
51660,"Harrisonburg city, Virginia",VA,2018,43893.0,28.2,36.0,3079.243324297826,4.5,25.1
51003,"Albemarle County, Virginia",VA,2018,75394.0,9.8,53.5,147.61850564629853,2.9,38.8
51019,"Bedford County, Virginia",VA,2018,61541.0,9.1,28.9,102.49650047888183,4.0,46.2
51029,"Buckingham County, Virginia",VA,2018,46261.0,17.1,11.3,29.33630998079786,6.9,42.7
51195,"Wise County, Virginia",VA,2018,38345.0,22.0,14.5,96.73061669641086,9.2,40.7
51580,"Covington city, Virginia",VA,2018,39432.0,15.2,15.3,1020.6619125982812,4.9,42.8
51740,"Portsmouth city, Virginia",VA,2018,50224.0,17.2,21.3,2862.106243055764,9.2,35.2
51810,"Virginia Beach city, Virginia",VA,2018,74186.0,7.6,35.2,1839.3653232430133,4.9,35.9
51005,"Alleghany County, Virginia",VA,2018,47794.0,20.2,15.4,34.22964270039322,5.6,47.4
51640,"Galax city, Virginia",VA,2018,31938.0,25.5,12.4,805.9737736765419,6.4,45.1
51193,"Westmoreland County, Virginia",VA,2018,54268.0,12.0,20.3,76.91234312725116,7.7,47.9
51133,"Northumberland County, Virginia",VA,2018,58677.0,13.9,28.5,63.85034894897405,6.4,57.3
51155,"Pulaski County, Virginia",VA,2018,52638.0,13.4,19.4,107.03510203571172,6.1,46.3
51187,"Warren County, Virginia",VA,2018,68189.0,10.4,21.1,183.82829210100792,6.1,40.7
51590,"Danville city, Virginia",VA,2018,36301.0,21.9,18.4,969.9745309250649,9.2,41.1
51630,"Fredericksburg city, Virginia",VA,2018,63274.0,14.1,42.1,2724.306220095694,5.4,30.3
51009,"Amherst County, Virginia",VA,2018,49170.0,13.9,19.2,67.266996088294,6.1,44.3
51017,"Bath County, Virginia",VA,2018,46137.0,11.3,14.9,8.301178000083144,8.8,47.6
51670,"Hopewell city, Virginia",VA,2018,40497.0,21.0,13.5,2164.187753525208,8.3,36.5
51700,"Newport News city, Virginia",VA,2018,51884.0,15.5,25.5,2611.2133818434822,6.7,33.3
51069,"Frederick County, Virginia",VA,2018,73250.0,6.2,28.1,206.1142241640142,3.7,40.6
51680,"Lynchburg city, Virginia",VA,2018,43374.0,21.8,34.8,1636.1278993792878,6.2,28.2
51199,"York County, Virginia",VA,2018,90367.0,4.7,45.4,645.486930195689,6.0,39.5
51690,"Martinsville city, Virginia",VA,2018,33224.0,25.5,21.3,1195.7831325301206,7.8,40.8
51125,"Nelson County, Virginia",VA,2018,62446.0,12.4,32.1,31.465018215806857,3.9,50.1
51143,"Pittsylvania County, Virginia",VA,2018,45382.0,15.6,13.9,63.64892575151986,6.2,46.7
51530,"Buena Vista city, Virginia",VA,2018,34273.0,20.1,15.9,993.9422180801491,2.4,37.5
51610,"Falls Church city, Virginia",VA,2018,124796.0,2.7,78.5,6875.366568914957,3.9,38.8
51730,"Petersburg city, Virginia",VA,2018,36135.0,25.8,18.0,1400.8362676056338,11.3,38.7
51735,"Poquoson city, Virginia",VA,2018,96831.0,4.5,42.8,783.9421762062904,5.3,43.2
51600,"Fairfax city, Virginia",VA,2018,111574.0,8.7,58.7,3824.5192307692305,4.0,38.1
51820,"Waynesboro city, Virginia",VA,2018,45738.0,17.4,25.0,1464.6626586506345,4.5,39.4
51770,"Roanoke city, Virginia",VA,2018,43028.0,20.5,23.8,2342.8658780367346,6.8,38.7
51800,"Suffolk city, Virginia",VA,2018,70664.0,10.8,28.1,223.369075057621,6.2,38.2
51710,"Norfolk city, Virginia",VA,2018,49146.0,19.7,28.0,4609.8920694509625,8.2,30.5
51041,"Chesterfield County, Virginia",VA,2018,80214.0,7.1,39.9,801.5163893781906,4.9,38.8
51059,"Fairfax County, Virginia",VA,2018,121133.0,6.2,61.1,2924.4695297695007,4.2,37.9
51093,"Isle of Wight County, Virginia",VA,2018,71376.0,10.0,28.2,115.21611733215072,7.9,44.4
51620,"Franklin city, Virginia",VA,2018,40375.0,16.2,21.1,992.0260964117434,15.0,38.9
51678,"Lexington city, Virginia",VA,2018,36466.0,21.6,39.5,2845.1380552220885,4.2,21.7
51089,"Henry County, Virginia",VA,2018,36683.0,20.3,12.8,134.9231465328978,8.3,47.2
51101,"King William County, Virginia",VA,2018,68720.0,10.1,20.4,60.22781205505458,3.0,41.4
51109,"Louisa County, Virginia",VA,2018,59343.0,12.3,23.4,71.46796162788583,6.3,44.7
51147,"Prince Edward County, Virginia",VA,2018,46189.0,19.9,28.1,65.5986923696799,6.4,30.8
51165,"Rockingham County, Virginia",VA,2018,59817.0,9.5,25.9,93.48673611920135,3.7,41.6
51181,"Surry County, Virginia",VA,2018,54844.0,12.7,17.6,23.66023896841358,7.2,49.6
51043,"Clarke County, Virginia",VA,2018,77936.0,10.0,32.2,81.65040100492801,3.8,46.6
51117,"Mecklenburg County, Virginia",VA,2018,42025.0,18.9,18.4,49.33073195694936,4.3,48.4
51015,"Augusta County, Virginia",VA,2018,61305.0,9.2,23.5,77.24434738189632,3.6,44.8
51075,"Goochland County, Virginia",VA,2018,89741.0,5.3,39.2,79.71520659222988,3.2,48.3
51113,"Madison County, Virginia",VA,2018,54197.0,8.3,24.2,40.977675758955584,5.5,44.8
51161,"Roanoke County, Virginia",VA,2018,65467.0,7.4,34.8,373.5132589364114,3.7,43.6
51025,"Brunswick County, Virginia",VA,2018,41927.0,21.4,14.3,29.431295188914827,7.1,43.2
51131,"Northampton County, Virginia",VA,2018,43553.0,19.1,21.6,56.477667775090694,3.1,48.5
51163,"Rockbridge County, Virginia",VA,2018,54805.0,13.8,26.5,37.73240152009159,5.9,48.7
51720,"Norton city, Virginia",VA,2018,28071.0,29.4,16.9,533.6364852213454,13.8,37.3
51570,"Colonial Heights city, Virginia",VA,2018,53716.0,13.5,23.2,2339.8058252427186,9.1,40.3
51021,"Bland County, Virginia",VA,2018,50511.0,8.4,17.4,18.025952674534672,7.1,46.1
51023,"Botetourt County, Virginia",VA,2018,68410.0,8.0,28.7,61.37719019502066,3.9,47.0
51520,"Bristol city, Virginia",VA,2018,37904.0,22.7,24.1,1308.6007303239842,5.9,42.2
51830,"Williamsburg city, Virginia",VA,2018,56163.0,22.4,56.7,1654.508838666368,7.5,24.6
51035,"Carroll County, Virginia",VA,2018,43532.0,15.0,13.1,62.6400754933185,3.5,47.4
51191,"Washington County, Virginia",VA,2018,46262.0,15.0,22.5,96.94703961025886,5.9,45.9
51139,"Page County, Virginia",VA,2018,47951.0,18.3,13.9,76.60448808306533,6.5,45.1
51510,"Alexandria city, Virginia",VA,2018,96733.0,10.6,62.1,10479.07599598259,3.3,36.5
51650,"Hampton city, Virginia",VA,2018,54550.0,15.8,26.8,2634.6748022774527,7.2,36.1
51013,"Arlington County, Virginia",VA,2018,117374.0,7.2,74.6,8916.528830249645,2.9,34.5
51027,"Buchanan County, Virginia",VA,2018,30806.0,27.7,10.6,44.0247069726004,8.1,46.5
51179,"Stafford County, Virginia",VA,2018,106773.0,4.5,39.8,534.9529169220483,4.0,35.3
51760,"Richmond city, Virginia",VA,2018,45117.0,24.5,38.5,3734.451397580309,7.6,33.8
51057,"Essex County, Virginia",VA,2018,52681.0,13.7,16.5,42.885732605358776,5.1,46.0
51185,"Tazewell County, Virginia",VA,2018,40978.0,16.1,15.3,81.11166153614846,7.6,44.9
51685,"Manassas Park city, Virginia",VA,2018,80667.0,9.7,29.2,5412.986156888596,6.3,35.3
51183,"Sussex County, Virginia",VA,2018,45801.0,17.5,12.6,23.430009832199843,8.7,39.8
51683,"Manassas city, Virginia",VA,2018,78462.0,8.6,29.7,4211.82566290765,5.7,33.7
51775,"Salem city, Virginia",VA,2018,57185.0,9.1,29.1,1758.1122976231484,5.2,41.3
51037,"Charlotte County, Virginia",VA,2018,39212.0,24.1,10.2,25.447300208712043,5.8,45.8
51081,"Greensville County, Virginia",VA,2018,44534.0,16.7,9.0,39.49164541183564,6.6,39.8
31131,"Otoe County, Nebraska",NE,2018,54828.0,11.2,21.8,25.819278047766314,2.8,41.5
31145,"Red Willow County, Nebraska",NE,2018,46859.0,9.7,18.8,15.071003589928118,3.2,41.1
31027,"Cedar County, Nebraska",NE,2018,58978.0,9.1,19.4,11.51377113492308,1.2,43.6
31045,"Dawes County, Nebraska",NE,2018,51748.0,14.4,37.0,6.370708490673457,1.2,34.9
31097,"Johnson County, Nebraska",NE,2018,52794.0,9.4,16.0,13.819052050787743,2.0,40.6
31033,"Cheyenne County, Nebraska",NE,2018,56538.0,10.0,26.2,8.237403094293683,2.8,41.0
31047,"Dawson County, Nebraska",NE,2018,53769.0,13.1,15.6,23.497150708892573,3.7,35.9
31071,"Garfield County, Nebraska",NE,2018,48545.0,7.5,22.2,3.4689898652802413,0.2,51.4
31117,"McPherson County, Nebraska",NE,2018,48882.0,17.0,24.9,0.5283646880146173,0.0,50.9
31125,"Nance County, Nebraska",NE,2018,45833.0,11.3,19.8,8.04804369585007,3.3,44.3
31167,"Stanton County, Nebraska",NE,2018,62687.0,8.8,16.6,14.012834184580269,2.9,41.2
31175,"Valley County, Nebraska",NE,2018,55170.0,10.6,22.8,7.435153631678261,1.7,45.5
31009,"Blaine County, Nebraska",NE,2018,50870.0,12.5,22.7,0.6753990130731922,0.0,46.6
31049,"Deuel County, Nebraska",NE,2018,48500.0,10.2,15.8,4.306003623954475,4.8,47.0
31113,"Logan County, Nebraska",NE,2018,51607.0,7.9,19.7,1.5524848518831327,0.0,38.9
31169,"Thayer County, Nebraska",NE,2018,50734.0,8.4,19.8,8.884520404944519,1.1,47.0
31001,"Adams County, Nebraska",NE,2018,51536.0,13.0,24.9,56.07040268146586,3.3,37.4
31011,"Boone County, Nebraska",NE,2018,54063.0,6.1,20.6,7.7387723711406275,1.7,44.6
31149,"Rock County, Nebraska",NE,2018,52604.0,7.4,20.9,1.3388965310678542,0.4,50.9
31163,"Sherman County, Nebraska",NE,2018,51172.0,11.4,18.2,5.375954532360879,1.8,49.9
31093,"Howard County, Nebraska",NE,2018,54399.0,10.5,20.5,11.249907787641085,3.3,43.1
31073,"Gosper County, Nebraska",NE,2018,62545.0,5.1,26.4,4.398074887319794,2.9,50.4
31153,"Sarpy County, Nebraska",NE,2018,79549.0,5.4,40.1,749.0560728430372,3.0,34.4
31015,"Boyd County, Nebraska",NE,2018,50729.0,10.6,18.2,3.781936714604536,1.5,52.3
31059,"Fillmore County, Nebraska",NE,2018,55625.0,10.0,19.9,9.68766239521978,2.1,47.7
31091,"Hooker County, Nebraska",NE,2018,39115.0,17.0,23.9,0.958178490210217,0.4,55.9
31159,"Seward County, Nebraska",NE,2018,67591.0,7.5,29.2,29.97217506956233,2.1,37.9
31181,"Webster County, Nebraska",NE,2018,42298.0,11.0,22.6,6.2113745905902285,2.4,45.2
31023,"Butler County, Nebraska",NE,2018,55562.0,7.5,19.9,13.792266277763625,3.1,43.9
31005,"Arthur County, Nebraska",NE,2018,43854.0,10.3,27.9,0.5844911291585565,1.0,47.1
31067,"Gage County, Nebraska",NE,2018,51662.0,9.8,20.2,25.362289053755838,3.4,44.0
31099,"Kearney County, Nebraska",NE,2018,56952.0,10.6,22.7,12.691697514542568,2.8,40.1
31119,"Madison County, Nebraska",NE,2018,52857.0,15.8,22.4,61.40874783015672,3.0,36.8
31137,"Phelps County, Nebraska",NE,2018,57241.0,8.8,25.9,16.895459345300953,0.7,42.6
31179,"Wayne County, Nebraska",NE,2018,62623.0,14.2,34.5,21.14847962141806,1.9,31.8
31107,"Knox County, Nebraska",NE,2018,49752.0,10.9,21.7,7.632327508045068,3.2,46.9
31121,"Merrick County, Nebraska",NE,2018,54197.0,10.6,17.4,16.014070545644103,2.7,43.6
31133,"Pawnee County, Nebraska",NE,2018,46314.0,15.6,17.5,6.207736472771559,3.3,50.0
31183,"Wheeler County, Nebraska",NE,2018,52083.0,9.2,17.3,1.4291103874766813,0.4,49.8
31083,"Harlan County, Nebraska",NE,2018,50344.0,11.2,21.4,6.211763685574182,1.4,47.9
31185,"York County, Nebraska",NE,2018,59779.0,10.1,28.1,24.102635761820753,2.9,40.2
31019,"Buffalo County, Nebraska",NE,2018,56952.0,14.1,34.7,50.63931751048315,3.0,33.3
31037,"Colfax County, Nebraska",NE,2018,56528.0,12.4,14.5,26.138900562860897,3.2,34.3
31087,"Hitchcock County, Nebraska",NE,2018,42902.0,12.7,18.6,4.004546843901553,4.1,46.8
31141,"Platte County, Nebraska",NE,2018,62617.0,8.3,22.2,49.051257325124254,3.8,38.5
31143,"Polk County, Nebraska",NE,2018,61962.0,7.8,21.1,11.979364945483061,5.3,45.2
31013,"Box Butte County, Nebraska",NE,2018,56412.0,11.9,18.2,10.311857194401151,5.2,40.7
31017,"Brown County, Nebraska",NE,2018,41550.0,15.2,19.8,2.446461146463439,0.6,51.1
31161,"Sheridan County, Nebraska",NE,2018,41719.0,18.0,23.6,2.144304217527659,2.4,45.9
31109,"Lancaster County, Nebraska",NE,2018,58009.0,13.1,38.8,370.23452620167365,3.4,33.3
31129,"Nuckolls County, Nebraska",NE,2018,42049.0,12.2,19.1,7.432778990011388,1.4,49.3
31007,"Banner County, Nebraska",NE,2018,59625.0,9.7,20.7,0.9329270989854418,1.2,48.5
31063,"Frontier County, Nebraska",NE,2018,51855.0,10.3,20.0,2.676910543580083,3.8,45.5
31055,"Douglas County, Nebraska",NE,2018,61688.0,12.7,38.9,1700.3066723446495,4.2,34.5
31147,"Richardson County, Nebraska",NE,2018,48096.0,13.2,18.2,14.513238414688288,3.4,48.0
31089,"Holt County, Nebraska",NE,2018,57468.0,8.4,21.2,4.246813439081544,1.1,43.2
31065,"Furnas County, Nebraska",NE,2018,47989.0,10.9,18.9,6.655245490396757,2.1,46.5
31151,"Saline County, Nebraska",NE,2018,51143.0,13.5,14.3,24.889341028218254,3.1,35.8
31173,"Thurston County, Nebraska",NE,2018,48149.0,28.3,16.7,18.140981340704908,15.0,27.8
31177,"Washington County, Nebraska",NE,2018,70753.0,8.1,30.3,51.84930646199453,2.4,41.4
31031,"Cherry County, Nebraska",NE,2018,53684.0,10.5,21.2,0.971440325544921,1.6,43.6
31053,"Dodge County, Nebraska",NE,2018,53101.0,13.7,18.6,69.33526377566547,4.6,39.0
31069,"Garden County, Nebraska",NE,2018,44471.0,9.1,24.9,1.0906756031699958,1.4,50.3
31123,"Morrill County, Nebraska",NE,2018,45121.0,8.7,18.1,3.3995380673123985,5.6,42.5
31127,"Nemaha County, Nebraska",NE,2018,51922.0,12.4,28.1,17.192919580634154,4.5,39.3
31171,"Thomas County, Nebraska",NE,2018,50682.0,10.7,24.0,0.9051653365180184,1.7,41.1
31043,"Dakota County, Nebraska",NE,2018,55017.0,16.6,12.5,76.87796091964461,5.4,33.8
31003,"Antelope County, Nebraska",NE,2018,48716.0,12.6,19.1,7.433877341023873,2.0,45.3
31029,"Chase County, Nebraska",NE,2018,55833.0,8.4,20.8,4.174777145834335,2.5,45.6
31035,"Clay County, Nebraska",NE,2018,56316.0,11.4,18.4,10.889602980312395,3.6,42.5
31041,"Custer County, Nebraska",NE,2018,49891.0,11.2,20.9,4.2048552683380995,2.9,43.2
31061,"Franklin County, Nebraska",NE,2018,49235.0,13.8,16.6,5.220417633410673,1.6,50.7
31081,"Hamilton County, Nebraska",NE,2018,64042.0,4.9,26.0,16.9301433288447,2.5,41.5
31095,"Jefferson County, Nebraska",NE,2018,43295.0,12.0,15.3,12.606589521167074,1.7,45.7
31101,"Keith County, Nebraska",NE,2018,48901.0,11.7,20.7,7.628015792884161,3.7,49.5
31115,"Loup County, Nebraska",NE,2018,53125.0,8.2,23.2,1.0381157046498712,0.7,56.9
31135,"Perkins County, Nebraska",NE,2018,62469.0,5.5,25.8,3.2910191517616068,1.1,42.7
31155,"Saunders County, Nebraska",NE,2018,66718.0,8.4,25.4,28.072124423175527,2.4,40.8
31157,"Scotts Bluff County, Nebraska",NE,2018,50157.0,13.4,22.4,49.01921017620145,5.1,39.5
31103,"Keya Paha County, Nebraska",NE,2018,49688.0,6.1,22.9,1.0244788351986092,0.0,45.4
31105,"Kimball County, Nebraska",NE,2018,43856.0,9.5,18.2,3.8521254446174242,7.3,45.6
31111,"Lincoln County, Nebraska",NE,2018,56794.0,12.2,22.1,13.818668247443588,2.7,40.3
31139,"Pierce County, Nebraska",NE,2018,56620.0,7.3,22.3,12.484975987747035,2.3,41.5
31165,"Sioux County, Nebraska",NE,2018,46875.0,10.7,26.6,0.612564244247654,1.1,47.0
31021,"Burt County, Nebraska",NE,2018,51482.0,11.7,18.1,13.279466868462487,2.9,46.2
31025,"Cass County, Nebraska",NE,2018,71139.0,6.4,27.4,46.114897900230915,3.0,41.6
31039,"Cuming County, Nebraska",NE,2018,55190.0,7.0,23.2,15.75925205338269,3.5,43.6
31051,"Dixon County, Nebraska",NE,2018,56775.0,12.5,20.5,12.068639600092416,3.3,42.0
31057,"Dundy County, Nebraska",NE,2018,44350.0,10.3,19.4,2.1996829325046376,1.6,42.3
31075,"Grant County, Nebraska",NE,2018,39479.0,19.9,25.2,0.9240847635411237,4.3,45.3
31077,"Greeley County, Nebraska",NE,2018,47128.0,9.5,17.4,4.229472579504432,1.4,45.7
31079,"Hall County, Nebraska",NE,2018,54742.0,13.0,20.9,112.26962426105895,4.5,36.0
31085,"Hayes County, Nebraska",NE,2018,45515.0,12.4,18.1,1.3224656481484078,1.0,44.4
39105,"Meigs County, Ohio",OH,2019,44899.0,19.6,13.1,53.65703949295749,7.8,43.6
39021,"Champaign County, Ohio",OH,2019,60112.0,10.1,16.1,90.5501073454098,5.0,41.9
39057,"Greene County, Ohio",OH,2019,68720.0,11.6,39.2,402.6076085878919,5.4,38.3
39087,"Lawrence County, Ohio",OH,2019,45118.0,18.1,14.9,132.74135242493819,5.6,41.8
39115,"Morgan County, Ohio",OH,2019,42341.0,19.2,10.2,35.15630628250878,4.6,44.5
39175,"Wyandot County, Ohio",OH,2019,55767.0,7.4,17.2,54.07012895725756,2.7,42.1
39043,"Erie County, Ohio",OH,2019,54226.0,11.7,23.2,297.58683263824776,5.0,44.8
39091,"Logan County, Ohio",OH,2019,56754.0,11.4,16.5,98.83403924921376,4.5,41.4
39153,"Summit County, Ohio",OH,2019,57181.0,13.2,32.5,1311.3933618060385,5.4,41.0
39149,"Shelby County, Ohio",OH,2019,63806.0,8.8,18.7,119.57252252915175,4.5,39.5
39171,"Williams County, Ohio",OH,2019,53183.0,11.2,15.2,87.51961203822565,3.8,41.4
39029,"Columbiana County, Ohio",OH,2019,48345.0,14.3,14.9,193.99643177413017,6.6,44.1
39051,"Fulton County, Ohio",OH,2019,63092.0,7.8,17.6,104.21337437445585,4.0,41.1
39053,"Gallia County, Ohio",OH,2019,44858.0,20.7,15.9,64.49317300066448,4.2,40.7
39099,"Mahoning County, Ohio",OH,2019,46042.0,17.5,24.2,558.8522630064547,7.7,43.5
39145,"Scioto County, Ohio",OH,2019,41330.0,22.6,15.7,124.62611346483213,7.7,39.9
39117,"Morrow County, Ohio",OH,2019,59452.0,9.7,13.8,86.28432980247898,3.2,42.2
39135,"Preble County, Ohio",OH,2019,58957.0,10.1,16.3,96.8658215196617,3.6,42.7
39003,"Allen County, Ohio",OH,2019,53131.0,13.9,18.9,256.3067483138531,5.4,39.2
39033,"Crawford County, Ohio",OH,2019,44971.0,14.9,14.4,104.08774820426794,5.3,43.0
39059,"Guernsey County, Ohio",OH,2019,45917.0,19.9,14.6,74.88884718929869,5.9,42.2
39107,"Mercer County, Ohio",OH,2019,62952.0,6.4,18.3,88.40796891319438,2.5,39.6
39023,"Clark County, Ohio",OH,2019,50873.0,14.9,18.7,339.465375922515,6.7,41.1
39093,"Lorain County, Ohio",OH,2019,58427.0,13.5,24.9,627.2118662034999,5.5,41.8
39113,"Montgomery County, Ohio",OH,2019,51542.0,16.6,27.9,1152.419741151531,6.4,39.2
39165,"Warren County, Ohio",OH,2019,87125.0,4.6,43.0,570.7936934984443,3.0,39.4
39007,"Ashtabula County, Ohio",OH,2019,46700.0,19.9,14.3,139.34567498543586,6.9,42.5
39159,"Union County, Ohio",OH,2019,86715.0,5.9,35.5,131.33947410476677,1.9,38.0
39131,"Pike County, Ohio",OH,2019,42832.0,18.7,12.6,63.595604635211075,6.4,40.8
39125,"Paulding County, Ohio",OH,2019,55330.0,9.9,15.6,45.166712692256894,4.1,42.1
39061,"Hamilton County, Ohio",OH,2019,57212.0,15.8,37.9,2006.8449730764394,5.4,36.8
39049,"Franklin County, Ohio",OH,2019,61305.0,15.7,40.0,2423.589028900279,4.9,34.1
39101,"Marion County, Ohio",OH,2019,47498.0,14.8,12.5,161.70884038374865,6.6,41.3
39157,"Tuscarawas County, Ohio",OH,2019,53243.0,12.8,17.4,162.7366762485702,4.2,41.0
39169,"Wayne County, Ohio",OH,2019,58300.0,11.3,22.2,209.266946532826,3.5,38.7
39015,"Brown County, Ohio",OH,2019,54575.0,15.3,14.9,89.00546019450793,4.9,42.1
39017,"Butler County, Ohio",OH,2019,66117.0,12.5,30.2,814.5754559250971,4.6,36.7
39067,"Harrison County, Ohio",OH,2019,49689.0,16.0,11.6,37.80717866632201,5.3,46.3
39083,"Knox County, Ohio",OH,2019,57749.0,13.1,23.0,116.99546526254093,4.4,39.4
39089,"Licking County, Ohio",OH,2019,64589.0,10.5,26.1,254.60598716053144,4.4,39.7
39139,"Richland County, Ohio",OH,2019,49547.0,13.5,18.3,244.53432466323525,5.3,41.1
39163,"Vinton County, Ohio",OH,2019,45673.0,19.0,12.8,31.727131632554077,7.0,42.9
39019,"Carroll County, Ohio",OH,2019,55267.0,12.3,13.3,69.26297223601918,5.2,45.5
39063,"Hancock County, Ohio",OH,2019,58450.0,10.8,27.1,142.73184962122994,3.6,39.3
39025,"Clermont County, Ohio",OH,2019,66968.0,9.0,28.6,451.376613045784,3.7,40.0
39045,"Fairfield County, Ohio",OH,2019,67609.0,9.2,27.6,306.2405202581464,4.0,39.2
39039,"Defiance County, Ohio",OH,2019,59931.0,10.2,18.0,92.74516952242071,4.3,40.4
39071,"Highland County, Ohio",OH,2019,44169.0,19.4,13.4,77.7748045504842,6.7,40.8
39069,"Henry County, Ohio",OH,2019,59695.0,8.4,17.2,65.40227398379847,3.1,41.1
39081,"Jefferson County, Ohio",OH,2019,46581.0,17.5,15.8,162.62459448598955,6.0,44.8
39133,"Portage County, Ohio",OH,2019,57618.0,12.8,29.0,333.42087175962496,5.5,38.0
39137,"Putnam County, Ohio",OH,2019,64822.0,7.6,20.9,70.27545674591333,3.0,39.8
39013,"Belmont County, Ohio",OH,2019,50904.0,12.3,16.7,127.83414485639707,5.3,44.6
39027,"Clinton County, Ohio",OH,2019,52815.0,14.8,18.9,102.65186638644977,5.6,39.4
39047,"Fayette County, Ohio",OH,2019,47308.0,16.2,16.3,70.42998712967042,5.8,41.4
39127,"Perry County, Ohio",OH,2019,50150.0,19.1,12.2,88.30350007599267,7.1,40.2
39129,"Pickaway County, Ohio",OH,2019,63633.0,12.1,18.4,115.24096818214466,4.2,39.7
39097,"Madison County, Ohio",OH,2019,68022.0,9.1,17.5,94.74811834766666,4.2,40.8
39119,"Muskingum County, Ohio",OH,2019,47254.0,16.0,16.1,129.60878554682444,6.1,40.3
39143,"Sandusky County, Ohio",OH,2019,54089.0,11.6,16.1,144.5917412540478,4.6,42.2
39161,"Van Wert County, Ohio",OH,2019,54254.0,11.1,16.6,69.0724673102774,3.9,41.2
39167,"Washington County, Ohio",OH,2019,50021.0,14.2,18.8,95.61469300952254,4.0,44.3
39011,"Auglaize County, Ohio",OH,2019,64074.0,8.4,18.9,113.9271727106939,3.0,41.1
39037,"Darke County, Ohio",OH,2019,55620.0,10.5,15.8,86.12744983297164,3.3,41.9
39123,"Ottawa County, Ohio",OH,2019,59099.0,10.1,23.1,159.52635215779884,3.8,49.3
39065,"Hardin County, Ohio",OH,2019,50506.0,13.9,16.2,66.82118289973101,5.1,35.9
39079,"Jackson County, Ohio",OH,2019,47550.0,18.8,14.5,77.20492017796388,7.9,40.1
39077,"Huron County, Ohio",OH,2019,52560.0,13.2,14.4,118.5166675808493,4.3,39.8
39009,"Athens County, Ohio",OH,2019,40905.0,30.2,30.2,130.8801454995989,7.2,29.6
39001,"Adams County, Ohio",OH,2019,39079.0,20.7,13.2,47.57207059081443,5.4,42.0
39103,"Medina County, Ohio",OH,2019,76600.0,6.0,33.9,422.29593458897443,2.8,42.2
39095,"Lucas County, Ohio",OH,2019,48736.0,18.7,26.3,1269.205065020329,7.2,37.8
39121,"Noble County, Ohio",OH,2019,46897.0,15.6,9.9,36.220013466930645,5.3,50.4
39147,"Seneca County, Ohio",OH,2019,52500.0,12.8,16.8,100.45079542526125,4.4,39.9
39151,"Stark County, Ohio",OH,2019,53860.0,13.6,22.8,647.3607815528495,5.4,42.1
39031,"Coshocton County, Ohio",OH,2019,46606.0,14.4,13.2,64.86840145535011,5.5,41.3
39041,"Delaware County, Ohio",OH,2019,106908.0,4.8,54.3,453.8787354986043,2.8,38.8
39055,"Geauga County, Ohio",OH,2019,82303.0,5.8,38.0,234.43109060432025,2.5,44.8
39073,"Hocking County, Ohio",OH,2019,52363.0,13.3,14.4,67.37882373044674,4.9,43.1
39085,"Lake County, Ohio",OH,2019,64466.0,8.1,27.4,1002.9833820386443,4.2,43.8
39141,"Ross County, Ohio",OH,2019,51092.0,17.3,15.8,111.65379603752942,6.1,41.0
39035,"Cuyahoga County, Ohio",OH,2019,50366.0,17.5,32.5,2728.392361513612,7.6,40.4
39075,"Holmes County, Ohio",OH,2019,63753.0,10.0,9.7,103.88015484652588,2.1,31.5
39109,"Miami County, Ohio",OH,2019,61041.0,9.2,23.3,259.2018616504436,4.9,41.3
39111,"Monroe County, Ohio",OH,2019,45289.0,17.1,12.5,30.59314539753315,5.2,46.5
39155,"Trumbull County, Ohio",OH,2019,47280.0,17.2,18.7,324.1654681031094,4.8,44.3
39173,"Wood County, Ohio",OH,2019,62390.0,12.9,33.5,210.88466237389858,4.5,34.9
39005,"Ashland County, Ohio",OH,2019,52823.0,13.8,20.9,126.56653750588079,3.5,40.4
51181,"Surry County, Virginia",VA,2019,57962.0,15.9,20.6,23.38420284711542,5.7,49.8
51043,"Clarke County, Virginia",VA,2019,80026.0,7.6,32.2,81.98007195921174,4.4,47.0
51117,"Mecklenburg County, Virginia",VA,2019,43207.0,19.0,20.2,49.140426348531136,3.9,48.4
51015,"Augusta County, Virginia",VA,2019,62711.0,8.7,22.7,77.63521716021732,3.5,45.1
51075,"Goochland County, Virginia",VA,2019,93994.0,5.2,41.8,81.07322296643252,3.6,48.3
51113,"Madison County, Virginia",VA,2019,57895.0,6.6,23.4,41.07435799874001,5.1,45.6
51161,"Roanoke County, Virginia",VA,2019,68948.0,6.9,35.6,374.47115921899194,3.2,43.8
51025,"Brunswick County, Virginia",VA,2019,44434.0,20.4,13.6,29.175217312983676,9.6,43.3
51131,"Northampton County, Virginia",VA,2019,47227.0,18.0,22.6,56.1375831318017,4.0,49.0
51163,"Rockbridge County, Virginia",VA,2019,54600.0,14.2,26.7,37.83465735076935,4.9,49.0
51720,"Norton city, Virginia",VA,2019,29000.0,28.2,22.8,530.9616156212385,10.6,37.5
51570,"Colonial Heights city, Virginia",VA,2019,54550.0,12.1,25.5,2317.8614177417207,8.1,40.6
51021,"Bland County, Virginia",VA,2019,48531.0,10.3,14.2,17.86098738714557,5.4,46.4
51023,"Botetourt County, Virginia",VA,2019,71110.0,6.5,28.3,61.60073603854596,3.2,47.2
51520,"Bristol city, Virginia",VA,2019,37500.0,22.6,25.4,1313.9616191438117,6.1,42.2
51830,"Williamsburg city, Virginia",VA,2019,57463.0,20.7,56.8,1670.0604162004922,5.8,24.9
51035,"Carroll County, Virginia",VA,2019,44835.0,14.6,15.0,62.77277859225182,2.7,47.6
51191,"Washington County, Virginia",VA,2019,48495.0,14.6,22.8,96.35009702544401,5.2,46.3
51139,"Page County, Virginia",VA,2019,51792.0,15.1,13.7,76.730286012883,6.5,45.4
51510,"Alexandria city, Virginia",VA,2019,100939.0,10.3,63.1,10553.264144626715,3.0,36.8
51650,"Hampton city, Virginia",VA,2019,56287.0,15.2,26.9,2624.1425545558773,6.1,36.2
51013,"Arlington County, Virginia",VA,2019,120071.0,6.8,75.3,8980.420817786668,2.7,34.7
51027,"Buchanan County, Virginia",VA,2019,31956.0,28.4,11.8,43.32867989515844,7.2,46.8
51179,"Stafford County, Virginia",VA,2019,111108.0,4.4,39.9,545.2090414368233,3.7,35.5
51760,"Richmond city, Virginia",VA,2019,47250.0,23.2,39.6,3781.7605340008345,6.5,34.0
51057,"Essex County, Virginia",VA,2019,51954.0,16.8,17.4,42.73806516797171,6.8,46.3
51185,"Tazewell County, Virginia",VA,2019,42099.0,17.5,14.9,80.1922161332791,6.5,45.2
51685,"Manassas Park city, Virginia",VA,2019,88046.0,6.4,27.9,5598.549769281477,4.5,34.7
51183,"Sussex County, Virginia",VA,2019,49487.0,13.1,12.7,23.207663404225805,7.1,41.0
51683,"Manassas city, Virginia",VA,2019,81493.0,8.0,29.6,4183.074265975821,5.0,34.2
51775,"Salem city, Virginia",VA,2019,57165.0,9.1,27.9,1744.1956596624182,4.4,41.2
51037,"Charlotte County, Virginia",VA,2019,40573.0,23.7,10.9,25.331582845216456,6.0,46.2
51081,"Greensville County, Virginia",VA,2019,50300.0,15.3,9.2,39.03775738668889,4.9,40.7
51093,"Isle of Wight County, Virginia",VA,2019,73991.0,10.5,27.0,116.02388456847807,6.4,44.3
51620,"Franklin city, Virginia",VA,2019,40417.0,14.7,19.1,984.2938262655553,13.6,39.4
51678,"Lexington city, Virginia",VA,2019,42632.0,27.4,46.7,2897.5590236094436,2.6,22.3
51089,"Henry County, Virginia",VA,2019,37952.0,18.1,13.9,134.1908351227014,7.8,47.6
51101,"King William County, Virginia",VA,2019,66987.0,8.4,21.0,60.92512139023766,4.0,40.3
51109,"Louisa County, Virginia",VA,2019,60975.0,11.8,24.1,72.80116837391196,5.4,44.8
51147,"Prince Edward County, Virginia",VA,2019,47202.0,18.6,26.8,65.45295559886382,6.6,31.5
51165,"Rockingham County, Virginia",VA,2019,61864.0,8.8,26.3,94.47521678910883,3.1,41.5
51095,"James City County, Virginia",VA,2019,87678.0,7.3,50.4,526.4726138104542,4.3,46.5
51167,"Russell County, Virginia",VA,2019,39758.0,21.1,12.2,57.31705256755729,6.4,45.7
51173,"Smyth County, Virginia",VA,2019,40932.0,18.9,14.6,68.15302144249513,5.7,45.0
51540,"Charlottesville city, Virginia",VA,2019,59471.0,24.1,54.9,4596.974133723768,4.2,31.6
51031,"Campbell County, Virginia",VA,2019,49664.0,11.0,22.5,109.74608858779787,3.7,43.0
51087,"Henrico County, Virginia",VA,2019,70307.0,9.1,43.7,1401.6689847009734,4.4,38.8
51099,"King George County, Virginia",VA,2019,94274.0,5.1,36.0,146.01843810541789,3.1,37.4
51103,"Lancaster County, Virginia",VA,2019,53711.0,9.8,31.5,80.4464915307638,4.1,57.3
51105,"Lee County, Virginia",VA,2019,32888.0,25.5,11.2,55.0050760488587,9.1,44.9
51115,"Mathews County, Virginia",VA,2019,64237.0,11.4,27.9,102.29190674069676,4.4,54.5
51119,"Middlesex County, Virginia",VA,2019,57438.0,10.0,21.5,81.90746566408347,5.5,53.9
51149,"Prince George County, Virginia",VA,2019,71912.0,8.1,23.6,143.64103685055514,5.2,37.0
51159,"Richmond County, Virginia",VA,2019,49517.0,17.3,17.7,46.39697510941205,2.1,47.3
51169,"Scott County, Virginia",VA,2019,39820.0,15.5,13.3,40.87513320530694,5.0,47.3
51177,"Spotsylvania County, Virginia",VA,2019,88628.0,7.0,31.7,330.91437226590136,5.2,38.2
51011,"Appomattox County, Virginia",VA,2019,58696.0,13.2,20.9,46.995428215807365,3.3,42.6
51067,"Franklin County, Virginia",VA,2019,56254.0,14.5,21.9,81.35850914409001,4.7,47.2
51097,"King and Queen County, Virginia",VA,2019,63982.0,12.4,23.6,22.3449860224846,3.0,46.7
51121,"Montgomery County, Virginia",VA,2019,57977.0,23.5,45.5,253.6920281144742,4.1,29.0
51127,"New Kent County, Virginia",VA,2019,87904.0,6.9,26.9,103.24945842359607,3.5,43.3
51049,"Cumberland County, Virginia",VA,2019,47469.0,17.8,14.9,33.024734934817836,4.7,45.6
51051,"Dickenson County, Virginia",VA,2019,29932.0,25.7,10.7,44.654124212061696,4.9,44.7
51083,"Halifax County, Virginia",VA,2019,42669.0,13.9,15.4,42.25350390287271,3.2,46.5
51107,"Loudoun County, Virginia",VA,2019,142299.0,3.4,61.3,766.1525813494447,3.2,36.2
51153,"Prince William County, Virginia",VA,2019,107132.0,6.6,41.1,1376.3303266757346,4.6,35.2
51175,"Southampton County, Virginia",VA,2019,61348.0,9.0,18.4,29.839985580678107,4.2,46.9
51091,"Highland County, Virginia",VA,2019,48587.0,10.1,22.5,5.3087582467609105,3.7,60.9
51033,"Caroline County, Virginia",VA,2019,65103.0,8.8,19.9,57.60927482587894,3.7,40.1
51073,"Gloucester County, Virginia",VA,2019,70537.0,8.8,23.3,170.89206188880217,3.1,44.9
51141,"Patrick County, Virginia",VA,2019,43073.0,14.2,15.2,36.74884150457393,5.2,49.9
51145,"Powhatan County, Virginia",VA,2019,89090.0,5.4,29.2,110.74088592708742,2.4,45.1
51171,"Shenandoah County, Virginia",VA,2019,57252.0,11.5,20.5,85.0733842571726,4.2,44.5
51061,"Fauquier County, Virginia",VA,2019,100783.0,5.8,36.4,107.60593462285144,3.2,41.3
51790,"Staunton city, Virginia",VA,2019,52611.0,11.1,33.4,1226.5060240963855,3.7,42.8
51065,"Fluvanna County, Virginia",VA,2019,76873.0,5.5,33.9,92.62426118968922,2.4,43.4
51750,"Radford city, Virginia",VA,2019,36297.0,36.3,38.0,1828.3381562629186,4.5,23.4
51840,"Winchester city, Virginia",VA,2019,58818.0,16.3,35.1,3034.5915370390517,3.2,38.1
51001,"Accomack County, Virginia",VA,2019,46073.0,19.0,19.5,72.71703496640457,3.9,45.9
51045,"Craig County, Virginia",VA,2019,55708.0,8.9,23.6,15.574614901645239,1.9,46.3
51063,"Floyd County, Virginia",VA,2019,51521.0,10.3,22.1,41.226179569099266,2.3,47.2
51071,"Giles County, Virginia",VA,2019,54520.0,10.2,18.1,46.95093274807964,4.9,44.7
51077,"Grayson County, Virginia",VA,2019,36544.0,20.9,13.7,35.63271727197618,5.5,48.1
51135,"Nottoway County, Virginia",VA,2019,45535.0,18.3,14.8,49.08871147301123,4.1,40.6
51157,"Rappahannock County, Virginia",VA,2019,74284.0,8.8,35.8,27.698106407580376,4.3,50.1
51036,"Charles City County, Virginia",VA,2019,57198.0,13.2,14.7,38.348614824413204,3.0,50.8
51047,"Culpeper County, Virginia",VA,2019,77935.0,7.8,25.7,134.76464119286788,5.1,39.2
51053,"Dinwiddie County, Virginia",VA,2019,60346.0,12.1,18.6,56.53064383610578,6.4,43.2
51079,"Greene County, Virginia",VA,2019,67398.0,6.4,29.0,125.16431864671972,4.9,39.6
51085,"Hanover County, Virginia",VA,2019,89390.0,5.3,39.8,225.68676677515793,2.7,42.7
51111,"Lunenburg County, Virginia",VA,2019,44303.0,16.4,11.3,28.4503127171647,4.5,45.3
51137,"Orange County, Virginia",VA,2019,71548.0,8.2,25.1,105.5770234374542,5.7,42.0
51595,"Emporia city, Virginia",VA,2019,27063.0,27.0,13.8,788.2387022016222,23.4,35.4
51197,"Wythe County, Virginia",VA,2019,49364.0,14.8,19.0,62.439387642006096,5.6,45.3
51550,"Chesapeake city, Virginia",VA,2019,78640.0,8.6,33.2,709.0493298981256,4.7,36.9
51660,"Harrisonburg city, Virginia",VA,2019,46679.0,28.3,36.3,3072.4378568544903,4.9,25.4
51003,"Albemarle County, Virginia",VA,2019,79880.0,9.1,55.1,149.07588358742603,2.6,39.1
51019,"Bedford County, Virginia",VA,2019,64199.0,8.9,29.2,103.11220569816761,3.6,46.3
51029,"Buckingham County, Virginia",VA,2019,49025.0,15.8,12.5,29.431199245026505,7.0,43.5
51195,"Wise County, Virginia",VA,2019,38888.0,22.1,15.0,95.39460638508824,9.4,41.4
51580,"Covington city, Virginia",VA,2019,40655.0,13.2,15.6,1023.5874931431705,3.1,42.4
51740,"Portsmouth city, Virginia",VA,2019,52175.0,16.8,21.9,2855.6800096093207,7.8,35.3
51810,"Virginia Beach city, Virginia",VA,2019,76610.0,7.3,36.0,1839.6350159159538,4.6,36.2
51005,"Alleghany County, Virginia",VA,2019,47673.0,19.7,15.0,33.9407755076449,4.4,48.1
51640,"Galax city, Virginia",VA,2019,33575.0,23.8,14.8,791.2821758135017,7.3,45.0
51193,"Westmoreland County, Virginia",VA,2019,53853.0,14.9,19.2,77.4050914418775,6.2,48.6
51133,"Northumberland County, Virginia",VA,2019,62632.0,14.6,28.9,63.6779639767646,4.6,58.9
51155,"Pulaski County, Virginia",VA,2019,53866.0,14.8,20.0,106.87252023674411,5.8,47.0
51187,"Warren County, Virginia",VA,2019,69116.0,9.9,21.7,184.0286676887375,5.3,41.3
51590,"Danville city, Virginia",VA,2019,37203.0,22.4,17.6,959.6467042082389,8.5,40.9
51630,"Fredericksburg city, Virginia",VA,2019,65641.0,15.5,40.9,2738.947368421053,4.8,30.4
51009,"Amherst County, Virginia",VA,2019,52888.0,14.0,19.1,67.04123959304755,5.8,44.8
51017,"Bath County, Virginia",VA,2019,49738.0,10.9,15.9,8.13866916602734,8.0,47.8
51670,"Hopewell city, Virginia",VA,2019,39030.0,23.6,14.8,2168.8236430365077,6.9,36.2
51700,"Newport News city, Virginia",VA,2019,53215.0,15.3,26.3,2604.371711432257,6.2,33.5
51069,"Frederick County, Virginia",VA,2019,78002.0,6.2,28.3,209.16891572972514,3.2,40.7
51680,"Lynchburg city, Virginia",VA,2019,46409.0,19.5,35.6,1645.0710552107155,5.8,28.3
51199,"York County, Virginia",VA,2019,92069.0,4.9,47.1,649.2593618382725,5.6,39.6
51690,"Martinsville city, Virginia",VA,2019,34371.0,23.9,21.0,1173.0558598028479,6.0,40.9
51125,"Nelson County, Virginia",VA,2019,64313.0,13.0,30.4,31.505379770363998,3.5,51.4
51143,"Pittsylvania County, Virginia",VA,2019,47690.0,16.1,14.5,63.215490560916734,5.8,47.2
51530,"Buena Vista city, Virginia",VA,2019,32455.0,25.5,15.9,1007.1450761105934,2.3,35.5
51610,"Falls Church city, Virginia",VA,2019,127610.0,3.2,77.6,6905.180840664712,3.9,38.7
51730,"Petersburg city, Virginia",VA,2019,38679.0,24.1,19.8,1380.3697183098593,11.7,38.1
51735,"Poquoson city, Virginia",VA,2019,97118.0,5.6,42.2,787.26313733151,2.0,42.4
51600,"Fairfax city, Virginia",VA,2019,116979.0,9.3,60.8,3770.99358974359,4.1,38.2
51820,"Waynesboro city, Virginia",VA,2019,45011.0,16.8,27.1,1478.9579158316633,4.7,39.2
51770,"Roanoke city, Virginia",VA,2019,44230.0,20.8,23.4,2333.6469038827872,6.3,38.5
51800,"Suffolk city, Virginia",VA,2019,74884.0,10.4,29.5,225.70648361559273,6.2,38.0
51710,"Norfolk city, Virginia",VA,2019,51590.0,18.7,28.8,4591.290473955889,7.6,30.7
51007,"Amelia County, Virginia",VA,2019,57946.0,10.7,17.1,36.45036019810896,3.4,45.1
51041,"Chesterfield County, Virginia",VA,2019,82599.0,6.8,40.5,811.206925049468,4.9,38.9
51059,"Fairfax County, Virginia",VA,2019,124831.0,6.1,61.6,2930.4359612399335,3.9,38.0
31009,"Blaine County, Nebraska",NE,2019,51094.0,13.0,23.0,0.6711777692414846,0.0,53.2
31049,"Deuel County, Nebraska",NE,2019,47287.0,8.8,15.9,4.1627733027775315,4.9,48.7
31113,"Logan County, Nebraska",NE,2019,52708.0,11.3,19.6,1.6243267016881082,0.4,38.6
31169,"Thayer County, Nebraska",NE,2019,51821.0,9.7,18.8,8.813067808514012,1.6,46.5
31001,"Adams County, Nebraska",NE,2019,53023.0,12.5,24.3,56.077504021133585,2.5,37.7
31011,"Boone County, Nebraska",NE,2019,54979.0,5.8,21.1,7.689248888998941,1.7,44.8
31149,"Rock County, Nebraska",NE,2019,56250.0,5.3,23.2,1.4023701443925525,0.3,46.2
31163,"Sherman County, Nebraska",NE,2019,50781.0,12.4,20.2,5.360049341436734,3.1,49.7
31093,"Howard County, Nebraska",NE,2019,59348.0,7.9,21.1,11.27098489825025,3.5,43.1
31073,"Gosper County, Nebraska",NE,2019,64053.0,5.4,29.5,4.393709552444042,1.9,53.4
31153,"Sarpy County, Nebraska",NE,2019,82032.0,5.9,39.8,761.1559800252834,2.9,34.6
31015,"Boyd County, Nebraska",NE,2019,47778.0,9.1,16.7,3.587468861992648,1.4,54.3
31059,"Fillmore County, Nebraska",NE,2019,60313.0,8.8,21.4,9.640736151109458,1.9,47.0
31091,"Hooker County, Nebraska",NE,2019,41125.0,15.3,26.4,0.9609517998779744,3.4,53.3
31159,"Seward County, Nebraska",NE,2019,70389.0,6.5,28.9,30.04917487706281,1.9,38.0
31181,"Webster County, Nebraska",NE,2019,46188.0,10.8,23.0,6.15223520776187,2.1,45.1
31023,"Butler County, Nebraska",NE,2019,58979.0,7.2,21.4,13.72729712956045,1.8,43.3
31005,"Arthur County, Nebraska",NE,2019,42813.0,13.3,26.2,0.597075866389243,0.5,45.5
31067,"Gage County, Nebraska",NE,2019,53110.0,10.7,20.8,25.361114601843184,3.4,43.8
31099,"Kearney County, Nebraska",NE,2019,60266.0,9.9,26.7,12.647144852327294,2.8,39.6
31119,"Madison County, Nebraska",NE,2019,53188.0,14.9,23.0,61.262054199803714,3.1,36.6
31137,"Phelps County, Nebraska",NE,2019,59040.0,9.6,23.5,16.858407899368274,0.7,42.4
31179,"Wayne County, Nebraska",NE,2019,56456.0,12.2,32.4,21.069457865599798,2.5,32.0
31107,"Knox County, Nebraska",NE,2019,52332.0,9.3,21.6,7.601653851393351,2.9,45.6
31121,"Merrick County, Nebraska",NE,2019,55649.0,12.0,17.8,16.003809062531424,2.1,43.6
31133,"Pawnee County, Nebraska",NE,2019,46452.0,18.9,17.1,6.145102360378124,2.9,50.0
31183,"Wheeler County, Nebraska",NE,2019,51591.0,13.2,19.4,1.3613058800416564,0.0,49.4
31083,"Harlan County, Nebraska",NE,2019,49835.0,10.5,22.4,6.170207384012748,1.1,45.3
31185,"York County, Nebraska",NE,2019,60298.0,9.8,28.4,24.00831426525301,2.7,39.9
31019,"Buffalo County, Nebraska",NE,2019,59431.0,13.5,34.6,50.82419284873272,2.7,33.5
31037,"Colfax County, Nebraska",NE,2019,58872.0,12.7,15.4,26.027154333688816,2.1,33.7
31087,"Hitchcock County, Nebraska",NE,2019,49962.0,11.3,17.6,3.965107057890563,2.7,46.2
31141,"Platte County, Nebraska",NE,2019,62305.0,8.7,21.8,49.21593353608783,3.0,38.4
31143,"Polk County, Nebraska",NE,2019,67719.0,7.7,21.8,11.910976563301427,5.0,45.1
31013,"Box Butte County, Nebraska",NE,2019,54004.0,14.1,17.1,10.20119699004244,5.0,39.4
31017,"Brown County, Nebraska",NE,2019,43098.0,13.0,20.7,2.4685677230881087,0.5,49.4
31161,"Sheridan County, Nebraska",NE,2019,45371.0,17.1,22.8,2.143075155117918,1.7,46.7
31109,"Lancaster County, Nebraska",NE,2019,60527.0,12.5,39.5,373.8927672133731,3.2,33.5
31129,"Nuckolls County, Nebraska",NE,2019,43388.0,11.2,20.9,7.378880475697856,1.9,49.2
31007,"Banner County, Nebraska",NE,2019,51750.0,5.8,23.3,0.9677778239475416,0.5,48.9
31063,"Frontier County, Nebraska",NE,2019,54659.0,9.0,21.5,2.708717453066853,5.5,45.2
31055,"Douglas County, Nebraska",NE,2019,64629.0,12.0,39.7,1717.539758644882,4.0,34.7
31147,"Richardson County, Nebraska",NE,2019,47917.0,12.2,19.0,14.426256838473401,3.4,47.7
31089,"Holt County, Nebraska",NE,2019,60387.0,7.8,22.4,4.218625707128636,1.1,42.8
31065,"Furnas County, Nebraska",NE,2019,48838.0,11.0,17.4,6.6010134439852495,1.8,46.9
31151,"Saline County, Nebraska",NE,2019,51502.0,15.3,17.8,24.857985475411148,3.9,35.5
31173,"Thurston County, Nebraska",NE,2019,51034.0,25.5,16.4,18.245152241961055,13.3,27.5
31177,"Washington County, Nebraska",NE,2019,71430.0,7.9,29.9,52.213449175165465,2.6,41.2
31031,"Cherry County, Nebraska",NE,2019,56651.0,7.8,22.9,0.9695947567053711,0.3,43.1
31053,"Dodge County, Nebraska",NE,2019,54085.0,12.5,19.0,69.30124161968143,4.5,38.9
31069,"Garden County, Nebraska",NE,2019,43750.0,7.7,22.5,1.0930211421015443,1.0,50.4
31123,"Morrill County, Nebraska",NE,2019,46194.0,8.7,19.5,3.357403738859859,6.9,42.3
31127,"Nemaha County, Nebraska",NE,2019,51828.0,11.6,27.8,17.116822991970583,4.1,39.3
31171,"Thomas County, Nebraska",NE,2019,59432.0,8.4,24.7,0.9051653365180184,1.1,41.8
31043,"Dakota County, Nebraska",NE,2019,59231.0,16.2,13.0,76.33307602657827,3.8,33.4
31003,"Antelope County, Nebraska",NE,2019,49912.0,11.1,18.4,7.39771127109736,2.2,44.9
31029,"Chase County, Nebraska",NE,2019,57009.0,9.7,21.0,4.229561312986419,2.5,43.5
31035,"Clay County, Nebraska",NE,2019,57173.0,10.5,19.9,10.838929282233277,3.5,42.5
31041,"Custer County, Nebraska",NE,2019,52184.0,11.5,24.0,4.203302228534466,2.6,43.1
31061,"Franklin County, Nebraska",NE,2019,49282.0,14.6,17.3,5.187420981702488,0.7,50.8
31081,"Hamilton County, Nebraska",NE,2019,64210.0,5.2,25.0,16.998395159653946,3.0,41.9
31095,"Jefferson County, Nebraska",NE,2019,44510.0,11.2,17.8,12.529420637064215,1.7,46.5
31101,"Keith County, Nebraska",NE,2019,50735.0,12.4,20.5,7.598818547597162,3.4,49.3
31115,"Loup County, Nebraska",NE,2019,51000.0,8.6,25.3,1.0736068398515761,0.6,53.2
31135,"Perkins County, Nebraska",NE,2019,65543.0,5.0,28.1,3.284226542573244,1.4,42.9
31155,"Saunders County, Nebraska",NE,2019,68682.0,8.1,25.4,28.26039352247479,2.3,41.2
31157,"Scotts Bluff County, Nebraska",NE,2019,49745.0,13.6,22.9,48.774485943905425,5.1,39.5
31103,"Keya Paha County, Nebraska",NE,2019,56500.0,7.5,25.0,0.9830857509481603,0.0,45.3
31105,"Kimball County, Nebraska",NE,2019,53403.0,10.8,16.1,3.8164089829002186,5.9,46.3
31111,"Lincoln County, Nebraska",NE,2019,59795.0,9.9,23.2,13.752369215409455,3.2,41.1
31139,"Pierce County, Nebraska",NE,2019,64511.0,8.0,23.2,12.462298233402937,2.2,41.6
31165,"Sioux County, Nebraska",NE,2019,48269.0,8.5,30.6,0.589822917644463,1.7,44.1
31021,"Burt County, Nebraska",NE,2019,54203.0,12.3,21.3,13.242850691435477,3.9,45.7
31025,"Cass County, Nebraska",NE,2019,71846.0,6.8,27.7,46.44862177422683,3.2,41.7
31039,"Cuming County, Nebraska",NE,2019,56768.0,6.9,23.8,15.690893602700683,2.9,42.6
31051,"Dixon County, Nebraska",NE,2019,56905.0,9.5,21.2,12.011930016172732,2.5,40.8
31057,"Dundy County, Nebraska",NE,2019,41716.0,10.6,23.3,2.080075852635379,1.7,43.3
31075,"Grant County, Nebraska",NE,2019,46500.0,15.9,26.8,0.9292328680733862,2.5,38.8
31077,"Greeley County, Nebraska",NE,2019,47869.0,10.2,16.3,4.180333478995666,1.5,45.5
31079,"Hall County, Nebraska",NE,2019,57104.0,11.8,21.5,112.12686908618386,4.0,35.9
31085,"Hayes County, Nebraska",NE,2019,51726.0,11.1,18.3,1.2523455183420236,1.5,45.7
31131,"Otoe County, Nebraska",NE,2019,59167.0,11.0,23.4,25.90536396476,2.3,41.4
31145,"Red Willow County, Nebraska",NE,2019,48808.0,11.7,19.1,15.01800542812752,3.3,40.7
31027,"Cedar County, Nebraska",NE,2019,61869.0,7.2,21.0,11.479998486985371,1.1,42.7
31045,"Dawes County, Nebraska",NE,2019,50750.0,14.7,36.9,6.309121155894015,2.2,34.9
31097,"Johnson County, Nebraska",NE,2019,54712.0,8.5,17.5,13.723326464136143,1.6,40.9
31033,"Cheyenne County, Nebraska",NE,2019,53871.0,9.6,25.4,8.030046621761727,2.4,40.4
31047,"Dawson County, Nebraska",NE,2019,53721.0,12.7,15.8,23.42706594581362,3.5,35.7
31071,"Garfield County, Nebraska",NE,2019,53000.0,9.2,25.5,3.5146575799624116,0.2,50.9
31117,"McPherson County, Nebraska",NE,2019,48125.0,17.2,22.0,0.4597005545501626,0.0,54.8
31125,"Nance County, Nebraska",NE,2019,49032.0,11.4,18.3,8.025398665754826,3.2,44.8
31167,"Stanton County, Nebraska",NE,2019,63986.0,6.2,17.8,13.930983517614264,1.7,42.1
31175,"Valley County, Nebraska",NE,2019,55324.0,9.4,24.2,7.4034697383614505,1.1,46.2
39037,"Darke County, Ohio",OH,2020,54799.0,11.0,15.4,85.91678342490077,2.7,41.8
39043,"Erie County, Ohio",OH,2020,58408.0,11.9,24.9,296.1502339944605,5.7,44.9
39049,"Franklin County, Ohio",OH,2020,62352.0,15.1,40.4,2450.5509778989026,4.8,34.2
39055,"Geauga County, Ohio",OH,2020,83730.0,5.9,37.8,233.9664402537091,2.8,44.8
39061,"Hamilton County, Ohio",OH,2020,59190.0,14.8,38.9,2012.2740850552655,5.4,36.8
39067,"Harrison County, Ohio",OH,2020,49454.0,16.3,12.4,37.61082292937904,5.9,46.1
39071,"Highland County, Ohio",OH,2020,47973.0,19.0,13.8,77.8905193424507,4.8,40.9
39077,"Huron County, Ohio",OH,2020,55041.0,12.0,14.7,118.37852442797562,4.7,40.1
39083,"Knox County, Ohio",OH,2020,61590.0,12.1,22.6,117.55683645449372,4.2,39.4
39089,"Licking County, Ohio",OH,2020,67736.0,9.8,27.6,257.0370164134772,3.7,40.0
39095,"Lucas County, Ohio",OH,2020,49946.0,18.7,26.7,1266.899838958026,7.2,38.1
39099,"Mahoning County, Ohio",OH,2020,47092.0,17.6,24.6,555.1850843767012,7.9,43.5
39105,"Meigs County, Ohio",OH,2020,43445.0,20.3,12.1,53.41523638578756,8.3,43.3
39111,"Monroe County, Ohio",OH,2020,46241.0,14.6,12.1,30.34079912578474,4.7,47.0
39117,"Morrow County, Ohio",OH,2020,61769.0,9.1,14.7,86.54286516272954,2.7,42.7
39123,"Ottawa County, Ohio",OH,2020,59306.0,8.8,23.9,159.23189270682832,3.7,49.6
39129,"Pickaway County, Ohio",OH,2020,61629.0,13.8,18.6,115.93925319415516,4.4,39.5
39133,"Portage County, Ohio",OH,2020,59485.0,11.3,29.9,333.3490628943076,5.8,38.3
39139,"Richland County, Ohio",OH,2020,49186.0,13.7,17.8,244.4192259307348,5.7,41.5
39145,"Scioto County, Ohio",OH,2020,41866.0,23.0,15.6,123.64437961468175,6.9,40.1
39151,"Stark County, Ohio",OH,2020,55045.0,13.3,23.5,645.8171451418042,5.1,42.1
39157,"Tuscarawas County, Ohio",OH,2020,54451.0,12.9,17.9,162.43705817349297,5.5,41.0
39163,"Vinton County, Ohio",OH,2020,45034.0,20.0,12.8,31.634979144436898,5.8,43.2
39001,"Adams County, Ohio",OH,2020,40067.0,20.2,15.5,47.416214512769926,6.6,42.3
39003,"Allen County, Ohio",OH,2020,51892.0,12.9,18.7,255.39504900073283,5.6,39.4
39005,"Ashland County, Ohio",OH,2020,55422.0,12.5,22.0,126.55944508932897,3.8,40.7
39007,"Ashtabula County, Ohio",OH,2020,47925.0,19.2,14.9,138.75598767638985,7.2,42.7
39009,"Athens County, Ohio",OH,2020,42414.0,27.9,31.8,130.93574032451494,5.8,30.0
39011,"Auglaize County, Ohio",OH,2020,66193.0,7.9,19.2,113.87734561073077,3.3,40.4
39013,"Belmont County, Ohio",OH,2020,51574.0,11.7,16.2,126.70659447838581,5.6,44.5
39015,"Brown County, Ohio",OH,2020,57200.0,16.8,14.3,88.8747260199819,4.4,42.3
39017,"Butler County, Ohio",OH,2020,69023.0,11.5,31.3,819.0982671845393,4.9,36.9
39019,"Carroll County, Ohio",OH,2020,52574.0,13.0,13.2,68.91579576900854,3.7,46.1
39021,"Champaign County, Ohio",OH,2020,59909.0,10.6,15.9,90.587404339039,5.8,41.6
39023,"Clark County, Ohio",OH,2020,51504.0,15.3,18.9,338.6666397901617,6.8,41.5
39025,"Clermont County, Ohio",OH,2020,69720.0,9.2,28.9,454.33975605444584,4.2,40.2
39027,"Clinton County, Ohio",OH,2020,54683.0,14.4,20.0,102.75707005340921,5.6,39.8
39029,"Columbiana County, Ohio",OH,2020,49407.0,13.8,14.5,192.72555680679503,6.0,44.3
39031,"Coshocton County, Ohio",OH,2020,48552.0,17.4,14.9,64.82052809634247,6.1,41.1
39033,"Crawford County, Ohio",OH,2020,46391.0,13.6,15.3,103.54517081232298,5.5,43.1
39035,"Cuyahoga County, Ohio",OH,2020,51741.0,17.1,33.5,2715.32180984272,7.4,40.4
39039,"Defiance County, Ohio",OH,2020,62110.0,10.0,18.4,92.4146311824037,4.4,40.7
39041,"Delaware County, Ohio",OH,2020,111411.0,4.8,55.5,463.62493709762225,2.5,39.2
39045,"Fairfield County, Ohio",OH,2020,70906.0,9.0,29.0,309.7042816214448,3.9,39.6
39047,"Fayette County, Ohio",OH,2020,48637.0,15.7,15.2,70.40291760282113,4.9,40.6
39051,"Fulton County, Ohio",OH,2020,61290.0,8.8,17.0,104.04812466240963,4.4,41.3
39053,"Gallia County, Ohio",OH,2020,48975.0,17.5,17.4,64.29382890703707,4.5,40.7
39057,"Greene County, Ohio",OH,2020,70055.0,10.9,39.7,405.9082259121431,5.1,38.3
39059,"Guernsey County, Ohio",OH,2020,46352.0,19.0,15.1,74.66864782270696,5.0,42.6
39063,"Hancock County, Ohio",OH,2020,57384.0,10.4,27.6,142.5963393403284,3.7,39.3
39065,"Hardin County, Ohio",OH,2020,50214.0,14.3,16.0,66.7531390539779,5.1,36.6
39069,"Henry County, Ohio",OH,2020,60425.0,8.2,17.6,65.0657436119324,4.5,41.6
39073,"Hocking County, Ohio",OH,2020,54774.0,14.5,13.9,67.17946405473847,3.8,42.9
39075,"Holmes County, Ohio",OH,2020,64453.0,9.7,10.4,104.00556538858338,2.3,32.1
39079,"Jackson County, Ohio",OH,2020,48915.0,17.0,14.8,77.18112821488901,6.9,40.1
39081,"Jefferson County, Ohio",OH,2020,46849.0,16.8,17.5,161.5758936009644,5.6,44.9
39085,"Lake County, Ohio",OH,2020,65814.0,8.2,28.3,1002.1154097788633,4.8,43.9
39087,"Lawrence County, Ohio",OH,2020,46584.0,19.4,15.8,132.11716987249474,5.0,41.6
39091,"Logan County, Ohio",OH,2020,60417.0,10.7,17.1,98.83185825267282,4.5,41.2
39093,"Lorain County, Ohio",OH,2020,58798.0,13.4,25.3,630.1963566384526,4.9,41.9
39097,"Madison County, Ohio",OH,2020,68663.0,9.4,18.1,94.99070444426316,3.8,41.1
39101,"Marion County, Ohio",OH,2020,49225.0,13.7,12.9,161.41166797917813,6.1,41.6
39103,"Medina County, Ohio",OH,2020,77784.0,5.8,33.9,424.9913395878118,2.9,42.5
39107,"Mercer County, Ohio",OH,2020,65566.0,5.6,19.4,88.73233040759266,2.5,39.4
39109,"Miami County, Ohio",OH,2020,62347.0,8.5,22.6,260.93116960747415,4.2,41.2
39113,"Montgomery County, Ohio",OH,2020,53064.0,16.0,28.3,1153.1090211140759,6.3,39.1
39115,"Morgan County, Ohio",OH,2020,43791.0,17.2,10.4,34.95699115809292,4.0,44.8
39119,"Muskingum County, Ohio",OH,2020,48350.0,15.6,17.5,129.46131644761988,5.3,40.5
39121,"Noble County, Ohio",OH,2020,50070.0,15.2,11.0,36.204938544566495,4.8,51.2
39125,"Paulding County, Ohio",OH,2020,56531.0,10.3,15.9,45.00582323772017,4.5,42.2
39127,"Perry County, Ohio",OH,2020,52978.0,16.5,13.0,88.4358744306677,6.1,40.7
39131,"Pike County, Ohio",OH,2020,44115.0,18.6,14.2,63.400275278117206,5.0,40.7
39135,"Preble County, Ohio",OH,2020,61339.0,9.2,18.2,96.63481257631545,3.2,43.1
39137,"Putnam County, Ohio",OH,2020,67790.0,7.8,23.2,70.12003050499023,3.2,40.2
39141,"Ross County, Ohio",OH,2020,51508.0,16.3,16.2,111.46226018114648,6.0,41.2
39143,"Sandusky County, Ohio",OH,2020,55245.0,12.2,16.5,144.0332544593211,4.5,42.4
39147,"Seneca County, Ohio",OH,2020,52897.0,12.7,17.3,100.26931578546204,4.2,40.4
39149,"Shelby County, Ohio",OH,2020,64522.0,10.0,19.3,119.23158054815622,5.2,39.8
39153,"Summit County, Ohio",OH,2020,59253.0,12.8,32.8,1310.1239604353757,5.8,40.9
39155,"Trumbull County, Ohio",OH,2020,47799.0,17.3,19.2,322.18682707195103,4.8,44.4
39159,"Union County, Ohio",OH,2020,88565.0,5.2,35.5,134.0354225389627,2.8,38.1
39161,"Van Wert County, Ohio",OH,2020,55991.0,9.4,17.2,68.9551509226445,5.1,41.2
39165,"Warren County, Ohio",OH,2020,89410.0,4.9,43.7,579.2834064474985,3.4,39.6
39167,"Washington County, Ohio",OH,2020,51808.0,13.2,18.7,95.28398320184057,4.6,44.4
39169,"Wayne County, Ohio",OH,2020,61424.0,10.7,22.5,209.20205699824618,3.3,38.6
39171,"Williams County, Ohio",OH,2020,52855.0,11.0,15.1,87.38648789996671,3.8,41.4
39173,"Wood County, Ohio",OH,2020,63189.0,13.1,34.3,211.71426627044437,4.9,35.1
39175,"Wyandot County, Ohio",OH,2020,57925.0,7.2,19.3,53.84155977575642,3.3,43.0
51001,"Accomack County, Virginia",VA,2020,46178.0,19.8,19.7,72.46554214507798,3.8,45.8
51005,"Alleghany County, Virginia",VA,2020,48513.0,15.7,14.6,33.65638687602447,4.6,48.0
51007,"Amelia County, Virginia",VA,2020,63918.0,10.7,18.2,36.4981990094552,4.4,45.0
51011,"Appomattox County, Virginia",VA,2020,55457.0,13.5,21.5,47.31557278950644,2.8,42.7
51013,"Arlington County, Virginia",VA,2020,122604.0,6.4,75.8,9094.66476901181,2.8,34.8
51017,"Bath County, Virginia",VA,2020,55481.0,18.7,17.4,8.027180547314636,6.4,48.9
51019,"Bedford County, Virginia",VA,2020,67136.0,8.1,30.9,103.88709966004652,3.4,46.6
51023,"Botetourt County, Virginia",VA,2020,72719.0,6.2,26.9,61.77994221062823,2.8,47.4
51025,"Brunswick County, Virginia",VA,2020,46111.0,19.5,14.8,28.850263318698627,6.9,44.6
51029,"Buckingham County, Virginia",VA,2020,48603.0,16.2,12.6,29.479506506815635,5.8,42.9
51031,"Campbell County, Virginia",VA,2020,52319.0,10.5,23.5,110.10578151734774,3.8,43.1
51035,"Carroll County, Virginia",VA,2020,44518.0,16.0,14.8,63.004482415786185,4.4,48.3
51036,"Charles City County, Virginia",VA,2020,60096.0,12.7,16.2,38.08071032963188,3.1,51.3
51037,"Charlotte County, Virginia",VA,2020,40924.0,24.1,13.9,25.148539015687067,5.5,46.1
51043,"Clarke County, Virginia",VA,2020,86154.0,6.0,34.7,82.40637060699244,3.0,48.1
51045,"Craig County, Virginia",VA,2020,57792.0,11.9,21.7,15.553279812738877,1.7,47.9
51049,"Cumberland County, Virginia",VA,2020,50565.0,10.5,16.5,33.17600865958033,2.3,44.9
51051,"Dickenson County, Virginia",VA,2020,30116.0,23.4,11.4,43.95205340579995,4.9,45.2
51057,"Essex County, Virginia",VA,2020,51125.0,15.0,16.2,42.59039773058465,8.0,46.7
51059,"Fairfax County, Virginia",VA,2020,127866.0,5.9,62.1,2939.583807519289,4.1,38.1
51063,"Floyd County, Virginia",VA,2020,51250.0,10.1,21.7,41.38894212216117,3.1,47.6
51065,"Fluvanna County, Virginia",VA,2020,78885.0,4.7,35.6,93.59599048471529,2.5,43.6
51069,"Frederick County, Virginia",VA,2020,80011.0,5.8,26.8,213.1361419390756,3.3,40.7
51071,"Giles County, Virginia",VA,2020,57279.0,9.8,19.5,46.91734038026561,4.1,44.7
51075,"Goochland County, Virginia",VA,2020,97146.0,4.4,43.8,83.22548390413752,3.7,48.6
51077,"Grayson County, Virginia",VA,2020,41558.0,16.4,16.0,35.42673472390416,4.3,48.4
51081,"Greensville County, Virginia",VA,2020,49756.0,13.7,11.3,38.62451605036125,5.3,39.7
51083,"Halifax County, Virginia",VA,2020,43714.0,15.2,16.1,41.93921962112235,3.9,46.3
51087,"Henrico County, Virginia",VA,2020,72295.0,8.8,44.3,1412.543061945009,4.1,39.1
51089,"Henry County, Virginia",VA,2020,38511.0,15.6,15.1,133.46898530407924,6.3,48.1
51093,"Isle of Wight County, Virginia",VA,2020,77870.0,9.4,28.0,117.54438760156485,6.0,44.4
51095,"James City County, Virginia",VA,2020,91675.0,6.6,51.0,534.3153101238246,4.1,46.8
51097,"King and Queen County, Virginia",VA,2020,65385.0,13.0,25.8,22.246619852831518,3.5,48.0
51099,"King George County, Virginia",VA,2020,96711.0,5.3,35.5,148.52361547197543,3.9,38.1
51101,"King William County, Virginia",VA,2020,73284.0,7.2,24.1,62.00941915227629,4.1,41.0
51103,"Lancaster County, Virginia",VA,2020,59736.0,14.6,33.9,80.16143309378423,9.9,57.2
51105,"Lee County, Virginia",VA,2020,35006.0,27.5,9.6,54.48828374424064,9.7,45.4
51107,"Loudoun County, Virginia",VA,2020,147111.0,3.2,61.6,785.8874079474461,3.6,36.5
51109,"Louisa County, Virginia",VA,2020,67027.0,11.4,25.2,74.04145464976052,5.2,45.3
51111,"Lunenburg County, Virginia",VA,2020,45884.0,14.9,12.5,28.478109798471163,3.8,44.5
51113,"Madison County, Virginia",VA,2020,63482.0,9.6,24.5,41.19287171202416,4.1,46.4
51115,"Mathews County, Virginia",VA,2020,74489.0,8.5,29.1,101.96598805740825,4.5,53.7
51117,"Mecklenburg County, Virginia",VA,2020,50224.0,17.0,23.1,49.13722793494427,3.4,48.5
51119,"Middlesex County, Virginia",VA,2020,57060.0,9.7,26.9,81.65426225734673,5.2,54.7
51121,"Montgomery County, Virginia",VA,2020,59126.0,23.5,46.0,254.60970357790032,3.5,29.6
51125,"Nelson County, Virginia",VA,2020,62203.0,11.5,30.9,31.465018215806857,3.1,51.3
51127,"New Kent County, Virginia",VA,2020,97688.0,4.8,32.1,106.22039183945533,3.1,43.9
51131,"Northampton County, Virginia",VA,2020,50819.0,16.5,26.1,55.85890266021766,4.4,49.8
51133,"Northumberland County, Virginia",VA,2020,59437.0,13.8,32.6,63.47423628233525,6.0,59.3
51135,"Nottoway County, Virginia",VA,2020,49983.0,16.9,15.5,48.786539012055094,4.3,40.8
51137,"Orange County, Virginia",VA,2020,74446.0,10.7,25.7,107.01657685338839,5.5,42.7
51139,"Page County, Virginia",VA,2020,51878.0,13.4,14.3,76.96897952074214,5.2,45.3
51141,"Patrick County, Virginia",VA,2020,46941.0,12.9,14.9,36.56662953407571,3.7,50.4
51145,"Powhatan County, Virginia",VA,2020,93833.0,4.8,30.6,112.42419351119516,1.4,45.5
51147,"Prince Edward County, Virginia",VA,2020,44253.0,23.2,25.5,65.41580701022443,5.9,32.1
51149,"Prince George County, Virginia",VA,2020,75123.0,7.1,23.4,144.31186921030218,6.5,37.1
51155,"Pulaski County, Virginia",VA,2020,53689.0,13.5,19.7,106.65678669580633,4.9,47.1
51157,"Rappahannock County, Virginia",VA,2020,82077.0,7.7,34.1,27.630531737570013,4.2,49.2
51161,"Roanoke County, Virginia",VA,2020,70076.0,6.6,36.0,375.5887095486693,3.3,43.5
51163,"Rockbridge County, Virginia",VA,2020,54133.0,12.5,27.6,38.099516715475666,4.8,49.0
51167,"Russell County, Virginia",VA,2020,38564.0,18.2,10.2,56.88624019057112,6.6,46.3
51169,"Scott County, Virginia",VA,2020,41540.0,14.8,15.0,40.61198857093801,3.7,47.6
51173,"Smyth County, Virginia",VA,2020,41088.0,18.7,14.9,67.64797093744463,5.5,45.4
51175,"Southampton County, Virginia",VA,2020,63034.0,7.8,19.3,29.754871527847314,4.7,46.7
51179,"Stafford County, Virginia",VA,2020,112247.0,5.5,41.3,557.8833974108951,3.8,35.7
51181,"Surry County, Virginia",VA,2020,56525.0,16.3,20.4,23.154770226815653,4.8,50.0
51185,"Tazewell County, Virginia",VA,2020,42207.0,17.0,15.2,79.41733761765335,7.1,45.3
51187,"Warren County, Virginia",VA,2020,70109.0,10.8,20.8,185.87398705480504,5.8,41.5
51193,"Westmoreland County, Virginia",VA,2020,53790.0,15.7,18.3,77.93708519749178,12.7,48.1
51195,"Wise County, Virginia",VA,2020,41285.0,21.1,14.8,94.26928415625619,9.2,41.6
51199,"York County, Virginia",VA,2020,93356.0,4.8,49.5,653.1463989991119,5.3,39.6
51510,"Alexandria city, Virginia",VA,2020,102227.0,9.4,65.1,10599.866086374288,3.3,36.8
51530,"Buena Vista city, Virginia",VA,2020,36634.0,16.9,19.1,1006.057781919851,1.8,35.6
51540,"Charlottesville city, Virginia",VA,2020,59598.0,23.1,55.7,4608.78477306003,4.0,32.3
51570,"Colonial Heights city, Virginia",VA,2020,60522.0,9.9,26.6,2298.5769384226624,6.1,40.3
51580,"Covington city, Virginia",VA,2020,41024.0,11.6,15.1,1033.6441762662278,2.7,42.1
51590,"Danville city, Virginia",VA,2020,37147.0,23.0,18.4,950.253522443162,7.1,40.9
51600,"Fairfax city, Virginia",VA,2020,109708.0,9.8,60.3,3735.8974358974356,4.0,38.0
51610,"Falls Church city, Virginia",VA,2020,146922.0,2.0,79.1,6993.646138807429,4.4,39.2
51630,"Fredericksburg city, Virginia",VA,2020,69528.0,13.9,42.4,2780.7655502392345,5.8,30.7
51640,"Galax city, Virginia",VA,2020,35184.0,24.1,17.1,777.3190869354055,8.3,42.3
51660,"Harrisonburg city, Virginia",VA,2020,49117.0,25.5,35.2,3088.8747909337335,4.7,25.8
51670,"Hopewell city, Virginia",VA,2020,43262.0,24.7,12.8,2173.073208421866,8.4,36.1
51680,"Lynchburg city, Virginia",VA,2020,49201.0,17.1,36.0,1653.2587389741914,6.3,28.5
51683,"Manassas city, Virginia",VA,2020,86227.0,7.0,31.3,4169.257340241797,4.4,34.7
51690,"Martinsville city, Virginia",VA,2020,36166.0,26.4,21.7,1154.2533771449434,3.9,41.7
51700,"Newport News city, Virginia",VA,2020,54511.0,14.8,28.0,2603.052660569076,5.7,33.8
51720,"Norton city, Virginia",VA,2020,30518.0,31.6,20.2,530.8278721412331,8.6,43.7
51730,"Petersburg city, Virginia",VA,2020,43029.0,22.6,20.3,1355.2376760563382,12.6,37.2
51740,"Portsmouth city, Virginia",VA,2020,53213.0,15.7,20.8,2851.5960481667216,6.3,35.5
51750,"Radford city, Virginia",VA,2020,34576.0,39.3,40.7,1843.0136420008268,6.5,23.7
51770,"Roanoke city, Virginia",VA,2020,45664.0,20.1,24.8,2331.130500223419,6.7,38.2
51775,"Salem city, Virginia",VA,2020,63411.0,8.7,30.3,1742.3355149844988,4.9,41.2
51790,"Staunton city, Virginia",VA,2020,52292.0,12.2,31.1,1237.9518072289156,3.7,41.5
51800,"Suffolk city, Virginia",VA,2020,79899.0,9.2,29.6,228.9382703677723,6.2,38.1
51810,"Virginia Beach city, Virginia",VA,2020,78136.0,7.2,37.3,1842.4177539503846,4.4,36.4
51820,"Waynesboro city, Virginia",VA,2020,43480.0,14.9,28.9,1489.6459585838343,4.6,40.8
51830,"Williamsburg city, Virginia",VA,2020,59288.0,15.2,50.6,1682.0317744461847,5.2,25.7
51840,"Winchester city, Virginia",VA,2020,61102.0,15.3,34.3,3036.2232133144785,5.3,37.3
51003,"Albemarle County, Virginia",VA,2020,84643.0,7.7,58.7,151.0384858814777,3.4,39.4
51009,"Amherst County, Virginia",VA,2020,57368.0,10.9,21.3,67.056008709559,4.9,44.9
51015,"Augusta County, Virginia",VA,2020,65076.0,8.9,22.3,78.3331989072191,2.9,45.1
51021,"Bland County, Virginia",VA,2020,50365.0,11.3,13.4,17.710002208857237,4.3,46.1
51027,"Buchanan County, Virginia",VA,2020,34302.0,24.9,11.8,42.50537929498423,6.5,47.6
51033,"Caroline County, Virginia",VA,2020,67901.0,8.2,21.8,57.98852024127593,3.0,39.5
51041,"Chesterfield County, Virginia",VA,2020,84645.0,6.6,40.1,822.8927099025752,4.7,39.0
51047,"Culpeper County, Virginia",VA,2020,80663.0,7.8,25.2,136.96408368430352,4.0,39.8
51053,"Dinwiddie County, Virginia",VA,2020,65485.0,11.1,17.8,56.92954358723997,6.3,42.8
51061,"Fauquier County, Virginia",VA,2020,105665.0,5.5,36.7,108.57044972638636,2.9,41.2
51067,"Franklin County, Virginia",VA,2020,56779.0,14.0,22.7,81.42222093511533,4.3,48.0
51073,"Gloucester County, Virginia",VA,2020,71649.0,7.9,24.0,171.53482392911252,3.6,44.9
51079,"Greene County, Virginia",VA,2020,67266.0,9.8,30.0,126.54299217041687,4.4,38.5
51085,"Hanover County, Virginia",VA,2020,91444.0,4.9,40.3,227.82736631410572,3.2,42.7
51091,"Highland County, Virginia",VA,2020,51831.0,10.2,30.7,5.3039408617819985,11.4,59.5
51143,"Pittsylvania County, Virginia",VA,2020,49520.0,15.1,15.2,62.81404701533432,5.3,47.6
51153,"Prince William County, Virginia",VA,2020,107707.0,6.1,41.9,1392.4702317035342,5.0,35.4
51159,"Richmond County, Virginia",VA,2020,53298.0,16.7,18.1,46.74688475960684,2.5,44.4
51165,"Rockingham County, Virginia",VA,2020,64496.0,7.9,27.0,95.48017213684808,3.1,40.9
51171,"Shenandoah County, Virginia",VA,2020,56114.0,12.2,19.7,85.50048319257438,4.0,44.5
51177,"Spotsylvania County, Virginia",VA,2020,90913.0,7.1,32.1,335.52310344483976,6.0,38.5
51183,"Sussex County, Virginia",VA,2020,51701.0,11.2,13.3,22.850685194175746,6.8,41.0
51191,"Washington County, Virginia",VA,2020,50928.0,13.5,24.2,96.23249042664467,4.2,46.4
51197,"Wythe County, Virginia",VA,2020,51639.0,13.4,19.0,62.181785120532005,4.2,45.9
51520,"Bristol city, Virginia",VA,2020,39679.0,22.1,21.8,1325.3826431512703,6.3,42.4
51550,"Chesapeake city, Virginia",VA,2020,81261.0,7.5,34.6,716.923322381639,5.2,37.0
51595,"Emporia city, Virginia",VA,2020,30058.0,21.8,11.7,783.3140208574739,16.7,34.8
51620,"Franklin city, Virginia",VA,2020,49811.0,17.5,19.0,968.346019089042,9.9,40.3
51650,"Hampton city, Virginia",VA,2020,57041.0,15.3,26.7,2626.6298750510095,6.1,36.3
51678,"Lexington city, Virginia",VA,2020,50714.0,22.1,50.0,2883.1532613045215,3.4,22.2
51685,"Manassas Park city, Virginia",VA,2020,81639.0,5.0,25.6,5783.783783783784,3.1,35.3
51710,"Norfolk city, Virginia",VA,2020,53026.0,17.8,30.0,4585.640544345378,8.0,30.8
51735,"Poquoson city, Virginia",VA,2020,100696.0,5.0,42.9,789.2817607605652,1.7,43.2
51760,"Richmond city, Virginia",VA,2020,51421.0,20.9,41.2,3825.3316645807263,6.3,34.1
31005,"Arthur County, Nebraska",NE,2020,48500.0,12.5,24.1,0.6138555160301585,0.4,48.0
31011,"Boone County, Nebraska",NE,2020,60094.0,6.2,19.0,7.614963665786411,1.4,44.6
31017,"Brown County, Nebraska",NE,2020,41979.0,9.7,24.2,2.3637661746452303,0.8,48.6
31023,"Butler County, Nebraska",NE,2020,59232.0,8.0,23.7,13.672586267915669,1.5,42.9
31029,"Chase County, Nebraska",NE,2020,56135.0,8.9,22.2,4.144589951689309,3.5,44.2
31035,"Clay County, Nebraska",NE,2020,63686.0,9.3,19.9,10.82145559324048,3.3,41.9
31039,"Cuming County, Nebraska",NE,2020,59202.0,4.9,23.1,15.568198947630414,2.9,40.9
31045,"Dawes County, Nebraska",NE,2020,49379.0,13.1,38.2,6.219604680923895,1.8,34.3
31051,"Dixon County, Nebraska",NE,2020,57243.0,10.1,22.5,11.934216882653168,1.9,41.4
31057,"Dundy County, Nebraska",NE,2020,49211.0,11.1,28.1,2.096385908981187,1.1,42.9
31063,"Frontier County, Nebraska",NE,2020,59250.0,9.4,23.0,2.7046133357137214,4.9,44.5
31069,"Garden County, Nebraska",NE,2020,42076.0,8.6,23.1,1.1235131482116731,2.0,49.6
31075,"Grant County, Nebraska",NE,2020,43625.0,17.4,23.0,0.8893350579483517,0.9,37.9
31081,"Hamilton County, Nebraska",NE,2020,68649.0,3.5,24.6,17.005773735957646,3.2,41.7
31087,"Hitchcock County, Nebraska",NE,2020,46000.0,12.3,15.8,3.92707583566568,1.8,45.4
31093,"Howard County, Nebraska",NE,2020,59432.0,6.1,21.7,11.290305582975316,3.4,42.6
31099,"Kearney County, Nebraska",NE,2020,62899.0,10.0,26.4,12.761432116270825,2.2,39.1
31105,"Kimball County, Nebraska",NE,2020,48056.0,12.0,13.2,3.756531385315492,6.5,47.6
31111,"Lincoln County, Nebraska",NE,2020,59995.0,9.5,21.6,13.666180473765083,3.4,41.5
31117,"McPherson County, Nebraska",NE,2020,51932.0,13.6,23.8,0.48879552635713497,0.0,58.1
31123,"Morrill County, Nebraska",NE,2020,46903.0,9.7,22.1,3.308247022331896,5.3,41.9
31127,"Nemaha County, Nebraska",NE,2020,50236.0,14.8,28.0,17.129096635303416,5.5,38.4
31175,"Valley County, Nebraska",NE,2020,56205.0,9.2,27.4,7.216886811051342,0.8,47.0
31179,"Wayne County, Nebraska",NE,2020,58894.0,11.8,31.9,21.19589267490901,3.1,32.2
31185,"York County, Nebraska",NE,2020,63105.0,8.6,27.4,23.87905888106758,3.0,39.8
31001,"Adams County, Nebraska",NE,2020,56007.0,12.2,25.6,55.995838614954714,2.4,38.0
31003,"Antelope County, Nebraska",NE,2020,52569.0,10.8,18.0,7.367378438255768,1.9,44.8
31007,"Banner County, Nebraska",NE,2020,53864.0,3.4,26.7,0.8645660615597844,1.5,50.4
31009,"Blaine County, Nebraska",NE,2020,55268.0,4.1,23.1,0.6571069564691265,0.0,57.5
31013,"Box Butte County, Nebraska",NE,2020,61904.0,12.8,17.7,10.08495727958161,4.8,39.6
31015,"Boyd County, Nebraska",NE,2020,53846.0,10.0,18.3,3.4856047487197537,1.7,56.2
31019,"Buffalo County, Nebraska",NE,2020,63513.0,11.9,33.8,51.22182974943711,2.8,33.8
31021,"Burt County, Nebraska",NE,2020,51961.0,12.7,22.3,13.228611067036082,4.4,45.6
31025,"Cass County, Nebraska",NE,2020,73683.0,6.4,29.4,46.689046500653994,2.7,41.3
31027,"Cedar County, Nebraska",NE,2020,64703.0,6.8,21.0,11.459734898222747,1.7,42.2
31031,"Cherry County, Nebraska",NE,2020,55431.0,9.8,23.9,0.973285894384471,0.1,42.1
31033,"Cheyenne County, Nebraska",NE,2020,52270.0,11.0,25.5,7.882890415448726,2.7,41.0
31037,"Colfax County, Nebraska",NE,2020,64269.0,11.8,14.9,25.946988560587105,1.7,36.0
31041,"Custer County, Nebraska",NE,2020,53891.0,12.2,24.7,4.188548350399946,1.9,43.6
31043,"Dakota County, Nebraska",NE,2020,61227.0,14.1,14.7,76.14766380602097,4.1,33.0
31047,"Dawson County, Nebraska",NE,2020,56731.0,11.8,16.7,23.333290558595305,3.7,35.9
31049,"Deuel County, Nebraska",NE,2020,48958.0,8.2,20.7,4.0240899759236655,4.1,50.1
31053,"Dodge County, Nebraska",NE,2020,58439.0,11.2,19.7,69.11222964199241,4.5,39.2
31055,"Douglas County, Nebraska",NE,2020,66600.0,10.7,40.2,1733.2318240724005,4.1,34.9
31059,"Fillmore County, Nebraska",NE,2020,62151.0,7.0,22.4,9.632046105903843,0.8,46.6
31061,"Franklin County, Nebraska",NE,2020,50231.0,16.1,18.3,5.15789766175306,0.3,50.6
31065,"Furnas County, Nebraska",NE,2020,53533.0,8.8,19.0,6.552343658744153,1.3,47.2
31067,"Gage County, Nebraska",NE,2020,51812.0,13.2,20.7,25.307089813861115,2.1,43.4
31071,"Garfield County, Nebraska",NE,2020,54659.0,8.6,29.3,3.6551736251383202,0.3,45.8
31073,"Gosper County, Nebraska",NE,2020,65086.0,5.1,29.1,4.367517543189532,1.4,54.0
31077,"Greeley County, Nebraska",NE,2020,46830.0,13.7,17.0,4.143479153614093,1.3,45.4
31079,"Hall County, Nebraska",NE,2020,58595.0,11.2,21.2,112.26047328831055,4.0,36.1
31083,"Harlan County, Nebraska",NE,2020,51534.0,10.2,23.8,6.1069695338105685,1.2,46.3
31085,"Hayes County, Nebraska",NE,2020,52396.0,13.9,18.7,1.2467359079575129,0.4,48.3
31089,"Holt County, Nebraska",NE,2020,60214.0,6.5,24.2,4.196241331754268,1.1,43.1
31091,"Hooker County, Nebraska",NE,2020,48654.0,11.5,24.8,1.0275112319041544,2.7,46.1
31095,"Jefferson County, Nebraska",NE,2020,48981.0,10.7,18.3,12.455759429511486,1.7,47.1
31097,"Johnson County, Nebraska",NE,2020,49382.0,7.2,18.7,13.608987568968956,2.5,39.8
31101,"Keith County, Nebraska",NE,2020,52169.0,15.3,19.3,7.579981615153936,3.7,49.3
31103,"Keya Paha County, Nebraska",NE,2020,55250.0,7.0,25.5,1.131842147473211,0.0,48.4
31107,"Knox County, Nebraska",NE,2020,53653.0,9.5,19.7,7.578197525718508,3.5,45.5
31109,"Lancaster County, Nebraska",NE,2020,62464.0,11.9,39.8,377.2572982743943,3.4,33.8
31113,"Logan County, Nebraska",NE,2020,45990.0,11.0,23.2,1.5700072542745902,0.2,39.4
31115,"Loup County, Nebraska",NE,2020,46111.0,8.8,20.6,1.2244441644588224,0.0,44.5
31119,"Madison County, Nebraska",NE,2020,52334.0,14.3,23.7,61.162512093492744,3.2,36.6
31121,"Merrick County, Nebraska",NE,2020,52254.0,12.2,17.0,16.061273367962418,1.8,43.1
31125,"Nance County, Nebraska",NE,2020,53147.0,11.9,18.4,7.982373108573861,4.2,45.1
31129,"Nuckolls County, Nebraska",NE,2020,52975.0,9.0,23.5,7.309334005615878,1.8,49.6
31131,"Otoe County, Nebraska",NE,2020,64755.0,11.8,25.4,25.931352166116582,2.7,42.0
31133,"Pawnee County, Nebraska",NE,2020,46063.0,20.2,15.6,6.124224322913646,4.4,49.7
31135,"Perkins County, Nebraska",NE,2020,61389.0,6.7,26.5,3.2706413241965193,0.7,42.7
31137,"Phelps County, Nebraska",NE,2020,58105.0,11.5,25.6,16.76577928453658,0.6,41.6
31139,"Pierce County, Nebraska",NE,2020,57629.0,8.6,24.5,12.441364921700691,3.3,41.6
31141,"Platte County, Nebraska",NE,2020,60878.0,7.7,23.4,49.3286848156665,2.3,38.3
31143,"Polk County, Nebraska",NE,2020,59837.0,9.2,19.2,11.872223146731834,5.6,44.9
31145,"Red Willow County, Nebraska",NE,2020,48140.0,10.0,23.2,14.958033823984737,4.8,40.2
31147,"Richardson County, Nebraska",NE,2020,44524.0,12.2,18.8,14.339275262258512,3.6,47.3
31149,"Rock County, Nebraska",NE,2020,51458.0,6.3,29.7,1.4182385477237271,1.2,41.0
31151,"Saline County, Nebraska",NE,2020,52956.0,12.4,19.2,24.772628692769583,2.4,37.5
31153,"Sarpy County, Nebraska",NE,2020,83051.0,5.6,40.5,772.5965031646234,3.2,34.8
31155,"Saunders County, Nebraska",NE,2020,70414.0,6.2,27.7,28.51542471372415,2.0,41.1
31157,"Scotts Bluff County, Nebraska",NE,2020,53433.0,13.0,23.1,48.517593103373684,4.5,39.1
31159,"Seward County, Nebraska",NE,2020,71111.0,7.2,30.7,30.129674675813312,2.4,37.8
31161,"Sheridan County, Nebraska",NE,2020,45543.0,19.0,20.4,2.136520155599301,1.6,46.3
31163,"Sherman County, Nebraska",NE,2020,53158.0,10.1,21.6,5.328238959588445,3.3,51.1
31165,"Sioux County, Nebraska",NE,2020,47422.0,8.1,26.7,0.6280477006583371,2.6,35.4
31167,"Stanton County, Nebraska",NE,2020,64808.0,6.2,19.8,13.90525902228209,2.3,41.3
31169,"Thayer County, Nebraska",NE,2020,53234.0,10.5,20.9,8.713731272013064,1.7,46.8
31171,"Thomas County, Nebraska",NE,2020,59000.0,11.1,24.6,0.8223672669760601,2.0,33.6
31173,"Thurston County, Nebraska",NE,2020,55574.0,21.2,18.9,18.339160128460506,11.8,28.0
31177,"Washington County, Nebraska",NE,2020,71505.0,7.4,32.1,52.6878604564093,2.5,40.9
31181,"Webster County, Nebraska",NE,2020,51684.0,7.9,22.4,6.082659463257919,1.9,45.7
31183,"Wheeler County, Nebraska",NE,2020,48438.0,12.6,25.1,1.1978796313521087,0.0,58.9
39001,"Adams County, Ohio",OH,2021,44467.0,19.2,16.0,47.208977310095364,6.5,42.1
39003,"Allen County, Ohio",OH,2021,55114.0,13.0,19.1,254.5355177681998,6.1,39.5
39005,"Ashland County, Ohio",OH,2021,58168.0,12.4,22.2,124.49082359505138,3.6,40.8
39007,"Ashtabula County, Ohio",OH,2021,49680.0,18.9,15.1,139.40122523918657,7.6,42.6
39009,"Athens County, Ohio",OH,2021,47061.0,25.5,34.1,124.95532558712107,5.8,30.5
39011,"Auglaize County, Ohio",OH,2021,69315.0,7.3,20.1,115.30489202467439,3.3,40.3
39013,"Belmont County, Ohio",OH,2021,54191.0,11.3,16.0,126.0544945097693,5.4,44.2
39015,"Brown County, Ohio",OH,2021,59766.0,16.0,14.6,89.2546722146982,4.5,42.0
39017,"Butler County, Ohio",OH,2021,72281.0,11.4,31.8,831.318431634814,5.2,37.0
39019,"Carroll County, Ohio",OH,2021,55954.0,13.2,14.1,68.08206542122389,3.6,46.1
39021,"Champaign County, Ohio",OH,2021,62865.0,10.2,16.7,90.16081997440494,5.8,41.7
39023,"Clark County, Ohio",OH,2021,54869.0,15.2,18.9,342.75606800091714,7.1,41.2
39025,"Clermont County, Ohio",OH,2021,73013.0,8.9,29.5,458.83418773201345,4.2,40.1
39027,"Clinton County, Ohio",OH,2021,57409.0,14.0,20.1,102.86961351108675,6.0,40.4
39029,"Columbiana County, Ohio",OH,2021,51664.0,12.9,15.7,192.38151816918804,4.9,44.2
39031,"Coshocton County, Ohio",OH,2021,49297.0,19.1,17.1,64.93223260069362,6.9,40.8
39033,"Crawford County, Ohio",OH,2021,48449.0,14.1,15.7,104.38143688431155,5.7,43.1
39035,"Cuyahoga County, Ohio",OH,2021,55109.0,16.7,34.4,2763.859574682149,7.5,40.3
39037,"Darke County, Ohio",OH,2021,57440.0,10.4,16.7,86.6725073649645,2.4,41.6
39039,"Defiance County, Ohio",OH,2021,65779.0,9.5,19.2,93.15591201847127,5.1,40.6
39041,"Delaware County, Ohio",OH,2021,116284.0,4.6,57.1,476.41301870485415,2.8,39.4
39043,"Erie County, Ohio",OH,2021,60149.0,12.1,25.2,300.69084078825887,5.6,44.8
39045,"Fairfield County, Ohio",OH,2021,77241.0,8.6,30.2,312.51573761065896,4.1,39.5
39047,"Fayette County, Ohio",OH,2021,52964.0,16.1,14.7,71.11164703305681,5.3,41.0
39049,"Franklin County, Ohio",OH,2021,65999.0,14.7,41.2,2467.2352685958563,4.8,34.4
39051,"Fulton County, Ohio",OH,2021,65418.0,8.8,17.6,105.33805898181514,3.8,41.1
39053,"Gallia County, Ohio",OH,2021,50773.0,16.4,17.2,62.95200737358798,4.6,40.7
39055,"Geauga County, Ohio",OH,2021,90285.0,5.8,38.4,238.34064866188194,3.1,44.6
39057,"Greene County, Ohio",OH,2021,75901.0,10.9,41.1,403.9157653442435,4.7,38.3
39059,"Guernsey County, Ohio",OH,2021,48434.0,18.4,14.8,73.7993390189448,4.9,42.4
39061,"Hamilton County, Ohio",OH,2021,63080.0,14.9,39.6,2039.4073116645743,5.1,36.7
39063,"Hancock County, Ohio",OH,2021,60828.0,11.1,28.0,141.41815273137908,3.7,39.3
39065,"Hardin County, Ohio",OH,2021,52112.0,17.8,16.4,65.36036658621899,4.7,36.1
39067,"Harrison County, Ohio",OH,2021,51993.0,14.8,12.2,36.345695459708544,5.5,46.2
39069,"Henry County, Ohio",OH,2021,64513.0,9.7,17.7,66.38782721569193,4.8,41.4
39071,"Highland County, Ohio",OH,2021,52376.0,16.7,14.1,78.03877891965779,5.2,40.6
39073,"Hocking County, Ohio",OH,2021,56755.0,16.3,14.8,66.88042454117608,4.0,42.5
39075,"Holmes County, Ohio",OH,2021,69454.0,9.0,10.5,104.50720755681334,2.2,32.1
39077,"Huron County, Ohio",OH,2021,59049.0,12.3,15.0,119.01235771763133,4.3,39.9
39079,"Jackson County, Ohio",OH,2021,50983.0,17.1,15.1,77.39763507887035,7.3,39.7
39081,"Jefferson County, Ohio",OH,2021,49211.0,17.3,18.3,160.7844674657702,6.0,44.6
39083,"Knox County, Ohio",OH,2021,64439.0,12.7,22.7,118.74237629377029,3.0,39.2
39085,"Lake County, Ohio",OH,2021,70168.0,7.5,28.9,1012.7884154054171,4.8,43.9
39087,"Lawrence County, Ohio",OH,2021,48947.0,18.8,16.9,129.18152684315814,4.6,41.8
39089,"Licking County, Ohio",OH,2021,72771.0,9.5,28.6,260.0336739314242,3.6,40.1
39091,"Logan County, Ohio",OH,2021,64196.0,9.5,17.9,100.31929789359354,4.4,41.5
39093,"Lorain County, Ohio",OH,2021,62390.0,13.2,26.0,635.5027969404896,4.7,41.9
39095,"Lucas County, Ohio",OH,2021,53176.0,17.6,27.5,1269.5289154249947,7.3,38.2
39097,"Madison County, Ohio",OH,2021,72811.0,10.2,20.0,94.3445237798778,3.1,41.5
39099,"Mahoning County, Ohio",OH,2021,50750.0,17.3,24.9,556.6237654561008,7.9,43.2
39101,"Marion County, Ohio",OH,2021,51144.0,15.2,13.1,162.24375071197557,5.8,41.2
39103,"Medina County, Ohio",OH,2021,82894.0,5.7,35.0,430.52451252556597,2.8,42.6
39105,"Meigs County, Ohio",OH,2021,44113.0,20.1,12.4,51.98999307141097,7.5,42.8
39107,"Mercer County, Ohio",OH,2021,68692.0,5.3,20.4,91.15422956576646,2.4,39.4
39109,"Miami County, Ohio",OH,2021,66284.0,7.7,24.3,265.42048258269557,3.7,41.0
39111,"Monroe County, Ohio",OH,2021,50503.0,14.7,12.6,29.653978403547768,5.5,46.3
39113,"Montgomery County, Ohio",OH,2021,56543.0,15.3,29.2,1162.1000062858864,6.1,39.0
39115,"Morgan County, Ohio",OH,2021,44848.0,17.3,10.9,33.51135615931762,4.1,44.7
39117,"Morrow County, Ohio",OH,2021,63411.0,10.2,15.0,85.91253133202342,3.2,42.6
39119,"Muskingum County, Ohio",OH,2021,52224.0,15.8,18.2,129.93231469303853,4.5,40.4
39121,"Noble County, Ohio",OH,2021,46144.0,16.6,12.1,35.59189170175774,4.8,51.5
39123,"Ottawa County, Ohio",OH,2021,64463.0,8.3,26.0,158.92565487781894,3.9,49.6
39125,"Paulding County, Ohio",OH,2021,59987.0,10.1,16.2,45.284378114231515,4.3,41.5
39127,"Perry County, Ohio",OH,2021,58616.0,15.2,13.4,86.87434732089014,4.9,41.0
39129,"Pickaway County, Ohio",OH,2021,63629.0,13.4,19.6,116.62955780602839,4.2,39.4
39131,"Pike County, Ohio",OH,2021,44961.0,19.4,14.7,61.939847643101466,5.2,41.1
39133,"Portage County, Ohio",OH,2021,64163.0,11.2,30.1,332.16113909377214,5.9,38.7
39135,"Preble County, Ohio",OH,2021,60527.0,9.8,18.4,96.71024406802034,3.1,43.1
39137,"Putnam County, Ohio",OH,2021,73122.0,6.3,24.8,71.27847408733712,2.6,40.1
39139,"Richland County, Ohio",OH,2021,52605.0,13.6,17.8,251.40794019712175,5.3,41.3
39141,"Ross County, Ohio",OH,2021,54004.0,16.5,16.9,112.02671054579012,6.0,41.3
39143,"Sandusky County, Ohio",OH,2021,56414.0,12.9,18.1,144.55254919827752,5.5,42.1
39145,"Scioto County, Ohio",OH,2021,43266.0,23.8,16.4,121.92511616091258,7.9,40.2
39147,"Seneca County, Ohio",OH,2021,56043.0,12.2,17.9,100.1150580916327,3.9,40.5
39149,"Shelby County, Ohio",OH,2021,66536.0,10.8,19.1,118.48837608598605,5.2,39.7
39151,"Stark County, Ohio",OH,2021,58170.0,13.4,23.6,651.3728455581341,4.9,41.9
39153,"Summit County, Ohio",OH,2021,63111.0,12.6,33.9,1309.5352876623392,5.7,41.0
39155,"Trumbull County, Ohio",OH,2021,50258.0,17.1,19.3,327.12938500342176,4.9,44.2
39157,"Tuscarawas County, Ohio",OH,2021,57545.0,13.0,18.4,163.95277314153077,5.6,40.9
39159,"Union County, Ohio",OH,2021,96634.0,4.7,37.8,143.06360724385596,3.0,38.4
39161,"Van Wert County, Ohio",OH,2021,59210.0,9.8,16.7,70.40938531101064,4.9,41.3
39163,"Vinton County, Ohio",OH,2021,46653.0,18.9,13.1,31.169366572897466,4.9,43.4
39165,"Warren County, Ohio",OH,2021,95709.0,4.8,44.1,596.7610549365139,3.5,39.6
39167,"Washington County, Ohio",OH,2021,54167.0,13.6,19.8,94.84883871804853,5.3,44.3
39169,"Wayne County, Ohio",OH,2021,64594.0,10.0,23.4,210.63503422021705,3.6,38.9
39171,"Williams County, Ohio",OH,2021,55030.0,10.7,14.6,88.01882755669662,3.4,41.2
39173,"Wood County, Ohio",OH,2021,66337.0,12.6,36.3,213.7688321704836,5.2,35.1
39175,"Wyandot County, Ohio",OH,2021,61626.0,7.0,19.4,53.90546083725137,2.7,42.3
51001,"Accomack County, Virginia",VA,2021,50601.0,16.9,21.0,74.30833910134716,3.9,47.1
51003,"Albemarle County, Virginia",VA,2021,90568.0,6.9,58.9,154.6736028603471,3.3,39.3
51005,"Alleghany County, Virginia",VA,2021,49705.0,14.0,15.3,34.18485708911441,3.2,48.0
51007,"Amelia County, Virginia",VA,2021,57420.0,11.1,17.7,37.20171094101756,4.3,45.0
51009,"Amherst County, Virginia",VA,2021,60876.0,11.3,21.8,66.20994932083163,5.0,44.9
51011,"Appomattox County, Virginia",VA,2021,55268.0,13.3,19.5,47.988773995883,3.7,42.6
51013,"Arlington County, Virginia",VA,2021,128145.0,6.5,76.3,9068.892564526675,2.9,35.1
51015,"Augusta County, Virginia",VA,2021,69082.0,8.4,22.6,79.5678510641378,3.0,45.1
51017,"Bath County, Virginia",VA,2021,55807.0,19.2,18.6,8.017732359288136,1.7,50.9
51019,"Bedford County, Virginia",VA,2021,70870.0,8.8,31.0,104.17390251860272,3.1,46.7
51021,"Bland County, Virginia",VA,2021,54556.0,11.8,13.3,17.553424986928597,4.0,45.8
51023,"Botetourt County, Virginia",VA,2021,72941.0,6.7,27.4,61.96838581426112,3.1,47.1
51025,"Brunswick County, Virginia",VA,2021,49597.0,17.8,16.1,28.334575458202792,6.9,43.3
51027,"Buchanan County, Virginia",VA,2021,37093.0,25.2,11.3,40.99599486133152,5.8,47.8
51029,"Buckingham County, Virginia",VA,2021,49841.0,14.8,11.8,29.039565372664644,7.0,43.0
51031,"Campbell County, Virginia",VA,2021,53918.0,9.4,24.0,110.60259495595253,4.4,42.8
51033,"Caroline County, Virginia",VA,2021,76528.0,10.8,22.0,58.5194638228317,4.1,39.5
51035,"Carroll County, Virginia",VA,2021,45220.0,15.2,15.2,61.34464047992181,5.1,48.0
51036,"Charles City County, Virginia",VA,2021,59543.0,12.3,15.6,37.27152940661888,3.4,51.4
51037,"Charlotte County, Virginia",VA,2021,45567.0,19.1,15.1,24.416363697569516,4.1,46.6
51041,"Chesterfield County, Virginia",VA,2021,88315.0,6.9,41.4,849.5700178982116,4.7,38.9
51043,"Clarke County, Virginia",VA,2021,86633.0,5.8,35.2,83.70231849624574,3.7,47.6
51045,"Craig County, Virginia",VA,2021,60283.0,14.2,20.7,14.977232412267066,1.4,49.2
51047,"Culpeper County, Virginia",VA,2021,85274.0,7.2,26.5,137.19088470860024,4.2,39.0
51049,"Cumberland County, Virginia",VA,2021,57568.0,7.1,17.3,32.50368099396922,2.7,45.4
51051,"Dickenson County, Virginia",VA,2021,33905.0,21.2,10.4,43.1410405778769,4.6,45.3
51053,"Dinwiddie County, Virginia",VA,2021,68918.0,10.5,17.6,55.647507571156964,6.2,42.9
51057,"Essex County, Virginia",VA,2021,54375.0,16.1,15.9,41.273048749684264,8.6,47.1
51059,"Fairfax County, Virginia",VA,2021,133974.0,6.1,63.5,2932.8987445687058,4.2,38.3
51061,"Fauquier County, Virginia",VA,2021,111368.0,5.9,37.7,111.75412118013438,2.9,40.9
51063,"Floyd County, Virginia",VA,2021,51612.0,9.3,21.1,40.785145554350876,3.4,48.0
51065,"Fluvanna County, Virginia",VA,2021,82983.0,4.6,36.3,94.309985128014,2.8,43.3
51067,"Franklin County, Virginia",VA,2021,59667.0,13.3,22.6,79.39213159380837,2.9,48.1
51069,"Frederick County, Virginia",VA,2021,84317.0,6.7,27.6,218.5411548283249,3.7,40.4
51071,"Giles County, Virginia",VA,2021,57911.0,10.3,18.5,46.92853783620362,2.0,45.1
51073,"Gloucester County, Virginia",VA,2021,77733.0,7.5,25.3,177.1544006243974,3.3,44.5
51075,"Goochland County, Virginia",VA,2021,100517.0,4.2,46.1,86.16135220136937,3.1,48.8
51077,"Grayson County, Virginia",VA,2021,43022.0,17.6,15.6,34.899328859060404,4.6,48.4
51079,"Greene County, Virginia",VA,2021,73844.0,10.1,28.6,130.64695056653864,4.0,39.8
51081,"Greensville County, Virginia",VA,2021,53063.0,11.4,10.9,38.83452394259333,8.9,40.4
51083,"Halifax County, Virginia",VA,2021,45962.0,15.1,16.4,41.85728558658043,5.0,46.4
51085,"Hanover County, Virginia",VA,2021,96911.0,5.5,40.5,233.5883804578873,3.1,42.1
51087,"Henrico County, Virginia",VA,2021,76345.0,8.1,44.9,1420.451481758853,4.1,39.2
51089,"Henry County, Virginia",VA,2021,41103.0,14.9,15.1,133.58667820928937,5.9,48.0
51091,"Highland County, Virginia",VA,2021,52901.0,12.6,28.1,5.36897555899731,16.1,56.5
51093,"Isle of Wight County, Virginia",VA,2021,84673.0,8.8,29.1,121.32663889636821,5.6,44.4
51095,"James City County, Virginia",VA,2021,94907.0,6.9,50.5,546.2690972466232,4.4,46.8
51097,"King and Queen County, Virginia",VA,2021,61672.0,14.3,21.3,21.22805403158506,3.2,48.2
51099,"King George County, Virginia",VA,2021,101599.0,6.5,34.9,148.0671164851805,2.9,38.3
51101,"King William County, Virginia",VA,2021,74592.0,7.7,24.9,63.9297579496915,3.0,40.6
51103,"Lancaster County, Virginia",VA,2021,64460.0,10.9,33.3,81.88678679129221,11.7,57.1
51105,"Lee County, Virginia",VA,2021,37574.0,26.2,10.8,51.63788707743616,9.4,45.6
51107,"Loudoun County, Virginia",VA,2021,156821.0,3.3,63.0,801.9071699196103,3.4,36.9
51109,"Louisa County, Virginia",VA,2021,70974.0,10.8,25.8,75.01509957640386,6.2,44.9
51111,"Lunenburg County, Virginia",VA,2021,47269.0,14.0,11.8,27.75538568450313,4.8,43.9
51113,"Madison County, Virginia",VA,2021,72349.0,8.7,24.7,42.82399466064534,5.0,46.5
51115,"Mathews County, Virginia",VA,2021,73229.0,8.0,29.9,99.49831802679518,7.0,53.4
51117,"Mecklenburg County, Virginia",VA,2021,46378.0,17.9,22.3,48.53112856023413,3.4,48.4
51119,"Middlesex County, Virginia",VA,2021,63782.0,9.8,27.1,81.99186679966239,6.2,54.8
51121,"Montgomery County, Virginia",VA,2021,60666.0,24.8,45.9,256.67511962093545,3.6,30.1
51125,"Nelson County, Virginia",VA,2021,67707.0,12.5,30.3,31.428905245939944,4.7,51.8
51127,"New Kent County, Virginia",VA,2021,101628.0,4.6,32.8,107.21546408931844,3.1,42.1
51131,"Northampton County, Virginia",VA,2021,50347.0,16.5,28.1,57.74826178960097,5.3,50.7
51133,"Northumberland County, Virginia",VA,2021,61291.0,15.5,33.9,62.50261189351833,7.3,59.8
51135,"Nottoway County, Virginia",VA,2021,54614.0,16.5,16.3,49.8330099557874,5.8,41.0
51137,"Orange County, Virginia",VA,2021,79211.0,11.3,26.1,105.55063651129655,5.0,42.5
51139,"Page County, Virginia",VA,2021,53168.0,12.3,14.6,76.5561042639047,4.3,45.3
51141,"Patrick County, Virginia",VA,2021,47215.0,10.8,16.4,36.56870012464955,2.9,50.4
51143,"Pittsylvania County, Virginia",VA,2021,49486.0,15.2,14.2,62.778959404666445,5.4,47.8
51145,"Powhatan County, Virginia",VA,2021,101395.0,4.5,31.1,115.21433347937372,1.9,45.6
51147,"Prince Edward County, Virginia",VA,2021,49019.0,23.6,25.0,62.54393535002543,4.5,32.3
51149,"Prince George County, Virginia",VA,2021,78895.0,9.2,24.4,158.92696972209453,7.2,37.1
51153,"Prince William County, Virginia",VA,2021,113831.0,5.8,42.7,1423.461474216718,4.9,35.7
51155,"Pulaski County, Virginia",VA,2021,55446.0,12.8,19.6,105.96894062325107,3.7,47.2
51157,"Rappahannock County, Virginia",VA,2021,90307.0,6.1,31.8,27.780697670926372,3.7,48.2
51159,"Richmond County, Virginia",VA,2021,57697.0,10.3,17.5,46.49098068707632,2.7,44.3
51161,"Roanoke County, Virginia",VA,2021,74622.0,6.9,37.4,384.3694621389913,2.9,43.6
51163,"Rockbridge County, Virginia",VA,2021,57828.0,10.3,28.2,37.9905555844256,5.3,49.2
51165,"Rockingham County, Virginia",VA,2021,67484.0,7.6,27.7,97.7772129316807,3.1,40.3
51167,"Russell County, Virginia",VA,2021,41100.0,18.5,12.2,54.763855686301014,6.9,46.8
51169,"Scott County, Virginia",VA,2021,42561.0,15.4,14.0,40.26672788045395,4.0,47.2
51171,"Shenandoah County, Virginia",VA,2021,58609.0,11.4,20.4,86.67352911653502,3.9,44.2
51173,"Smyth County, Virginia",VA,2021,42588.0,18.9,16.0,66.36540847067162,3.8,45.2
51175,"Southampton County, Virginia",VA,2021,65079.0,6.8,19.3,30.086983224187076,6.3,47.2
51177,"Spotsylvania County, Virginia",VA,2021,98973.0,7.1,33.5,345.01459846741005,6.0,38.2
51179,"Stafford County, Virginia",VA,2021,119818.0,5.1,42.3,572.8125406288888,4.1,35.9
51181,"Surry County, Virginia",VA,2021,61105.0,14.8,22.6,23.527598234802777,6.4,50.4
51183,"Sussex County, Virginia",VA,2021,56968.0,10.5,13.2,22.35703532656367,5.8,40.6
51185,"Tazewell County, Virginia",VA,2021,42937.0,17.6,16.2,78.2877883386566,6.4,45.1
51187,"Warren County, Virginia",VA,2021,72840.0,10.9,22.5,188.455570208344,6.0,41.3
51191,"Washington County, Virginia",VA,2021,54737.0,12.7,24.7,96.21823508133566,4.8,46.6
51193,"Westmoreland County, Virginia",VA,2021,53113.0,16.3,16.5,79.90371785144292,11.5,47.9
51195,"Wise County, Virginia",VA,2021,44884.0,19.7,14.6,90.54878048780488,10.6,41.5
51197,"Wythe County, Virginia",VA,2021,52726.0,15.2,19.6,61.3635182876143,5.1,45.8
51199,"York County, Virginia",VA,2021,96144.0,4.9,48.5,665.0462719779957,4.7,39.7
51510,"Alexandria city, Virginia",VA,2021,105450.0,9.6,65.2,10591.56344158018,3.2,37.1
51520,"Bristol city, Virginia",VA,2021,43879.0,17.7,23.4,1320.4879185766451,3.7,43.4
51530,"Buena Vista city, Virginia",VA,2021,42156.0,21.4,19.5,1032.7741534638087,1.3,35.9
51540,"Charlottesville city, Virginia",VA,2021,63470.0,23.1,58.0,4548.267447535383,4.3,32.5
51550,"Chesapeake city, Virginia",VA,2021,85563.0,8.0,35.5,730.2928593376982,5.1,37.1
51570,"Colonial Heights city, Virginia",VA,2021,65570.0,9.0,25.9,2410.825907700492,6.5,39.0
51580,"Covington city, Virginia",VA,2021,41242.0,15.8,13.8,1045.1636496617298,3.4,42.2
51590,"Danville city, Virginia",VA,2021,38904.0,23.1,18.1,994.3687641657126,6.0,40.9
51595,"Emporia city, Virginia",VA,2021,36111.0,21.5,12.3,834.4438006952491,15.9,39.2
51600,"Fairfax city, Virginia",VA,2021,118492.0,10.1,61.4,3842.948717948718,3.6,37.7
51610,"Falls Church city, Virginia",VA,2021,155071.0,2.5,78.7,7084.066471163246,5.1,39.3
51620,"Franklin city, Virginia",VA,2021,49424.0,19.8,21.0,996.6171318110428,8.5,39.0
51630,"Fredericksburg city, Virginia",VA,2021,72293.0,14.3,42.7,2682.009569377991,5.0,30.7
51640,"Galax city, Virginia",VA,2021,39808.0,21.9,17.9,811.1947547353084,5.1,42.1
51650,"Hampton city, Virginia",VA,2021,59380.0,14.4,27.3,2657.31330522143,6.0,36.3
51660,"Harrisonburg city, Virginia",VA,2021,51055.0,25.8,34.5,3002.5953053809335,5.3,25.5
51670,"Hopewell city, Virginia",VA,2021,44209.0,24.0,11.4,2223.2953447942828,8.6,35.8
51678,"Lexington city, Virginia",VA,2021,66114.0,22.8,60.5,2915.9663865546217,3.4,22.4
51680,"Lynchburg city, Virginia",VA,2021,54015.0,17.6,38.3,1612.483665468801,6.1,28.6
51683,"Manassas city, Virginia",VA,2021,101934.0,5.6,32.1,4327.542415930103,5.0,35.0
51685,"Manassas Park city, Virginia",VA,2021,90544.0,4.4,25.6,5629.861568885959,3.0,35.5
51690,"Martinsville city, Virginia",VA,2021,36832.0,25.4,22.1,1230.0109529025192,5.5,40.6
51700,"Newport News city, Virginia",VA,2021,57463.0,15.8,28.1,2682.5870790995664,5.7,33.9
51710,"Norfolk city, Virginia",VA,2021,56244.0,17.4,31.8,4477.822618488973,7.1,30.9
51720,"Norton city, Virginia",VA,2021,35592.0,28.3,21.9,494.31590209977264,8.2,41.2
51730,"Petersburg city, Virginia",VA,2021,44890.0,21.3,22.0,1462.5440140845071,12.2,37.2
51735,"Poquoson city, Virginia",VA,2021,112026.0,4.4,40.9,806.2772676955135,1.6,43.0
51740,"Portsmouth city, Virginia",VA,2021,54020.0,17.2,21.0,2926.4586649049575,6.3,35.5
51750,"Radford city, Virginia",VA,2021,44360.0,35.4,40.4,1674.7622984704424,7.3,23.6
51760,"Richmond city, Virginia",VA,2021,54795.0,19.8,43.1,3765.974134334585,6.0,34.4
51770,"Roanoke city, Virginia",VA,2021,48476.0,18.4,26.8,2341.8546130147456,6.4,38.0
51775,"Salem city, Virginia",VA,2021,66472.0,10.0,32.2,1745.4357561143645,3.6,40.8
51790,"Staunton city, Virginia",VA,2021,53041.0,12.3,30.3,1272.991967871486,5.2,40.9
51800,"Suffolk city, Virginia",VA,2021,81883.0,9.6,31.0,233.66068744363162,6.5,38.2
51810,"Virginia Beach city, Virginia",VA,2021,81810.0,7.8,38.6,1870.1062017056017,4.3,36.7
51820,"Waynesboro city, Virginia",VA,2021,47238.0,16.6,27.9,1479.5591182364728,4.6,39.1
51830,"Williamsburg city, Virginia",VA,2021,65297.0,15.5,50.4,1711.6804654285074,6.2,26.1
51840,"Winchester city, Virginia",VA,2021,61321.0,13.3,33.7,3066.898727292505,4.0,36.6
31001,"Adams County, Nebraska",NE,2021,57783.0,13.1,25.8,55.53957754130317,2.4,37.5
31003,"Antelope County, Nebraska",NE,2021,55802.0,10.8,18.4,7.361545201170847,2.8,43.4
31005,"Arthur County, Nebraska",NE,2021,59375.0,11.2,28.1,0.6599995525426762,0.4,42.7
31007,"Banner County, Nebraska",NE,2021,57917.0,3.0,27.3,0.8109495616180924,1.6,54.5
31009,"Blaine County, Nebraska",NE,2021,49464.0,8.7,22.8,0.48685012192359267,1.4,57.8
31011,"Boone County, Nebraska",NE,2021,63668.0,6.3,19.5,7.884429671557354,0.9,42.9
31013,"Box Butte County, Nebraska",NE,2021,63366.0,12.4,18.7,10.062639255173131,3.7,40.1
31015,"Boyd County, Nebraska",NE,2021,54464.0,10.6,16.8,3.3559595136451614,1.5,55.5
31017,"Brown County, Nebraska",NE,2021,43942.0,7.2,22.5,2.2532332915218825,0.6,48.4
31019,"Buffalo County, Nebraska",NE,2021,65810.0,12.1,34.5,51.47590423664043,2.7,34.0
31021,"Burt County, Nebraska",NE,2021,55769.0,13.5,23.1,13.639525942561423,4.2,45.3
31023,"Butler County, Nebraska",NE,2021,64837.0,8.2,23.8,14.28295431814024,1.1,42.7
31025,"Cass County, Nebraska",NE,2021,78251.0,5.8,29.8,47.62921483384678,2.8,40.8
31027,"Cedar County, Nebraska",NE,2021,69490.0,5.8,21.7,11.348960612987069,2.2,41.9
31029,"Chase County, Nebraska",NE,2021,55690.0,8.1,22.4,4.130055376730593,3.1,43.0
31031,"Cherry County, Nebraska",NE,2021,57719.0,7.8,25.8,0.9236233147020363,0.2,41.8
31033,"Cheyenne County, Nebraska",NE,2021,53674.0,11.6,22.6,8.005799292312426,2.8,41.4
31035,"Clay County, Nebraska",NE,2021,70690.0,8.9,20.0,10.665939761204566,3.0,40.5
31037,"Colfax County, Nebraska",NE,2021,70381.0,9.6,15.1,25.769652153422715,1.0,36.0
31039,"Cuming County, Nebraska",NE,2021,63125.0,5.8,23.6,15.836374407998289,3.0,42.3
31041,"Custer County, Nebraska",NE,2021,57715.0,12.0,23.5,4.125261978401875,1.9,42.7
31043,"Dakota County, Nebraska",NE,2021,63053.0,11.8,13.8,80.53701433349983,2.1,32.2
31045,"Dawes County, Nebraska",NE,2021,51925.0,13.9,36.4,6.003332877396087,2.3,34.3
31047,"Dawson County, Nebraska",NE,2021,58402.0,12.2,16.1,23.72122452887739,3.4,36.0
31049,"Deuel County, Nebraska",NE,2021,50924.0,8.1,19.5,4.2696276693698545,4.4,47.8
31051,"Dixon County, Nebraska",NE,2021,58849.0,10.8,21.2,11.829199134653756,2.5,42.0
31053,"Dodge County, Nebraska",NE,2021,60962.0,11.0,19.7,70.40507156938536,4.8,39.2
31055,"Douglas County, Nebraska",NE,2021,70683.0,10.7,40.7,1773.1574384127791,4.1,35.1
31057,"Dundy County, Nebraska",NE,2021,53696.0,13.7,30.4,2.065940470469012,1.0,43.2
31059,"Fillmore County, Nebraska",NE,2021,66410.0,7.1,22.2,9.665068277685181,1.1,45.9
31061,"Franklin County, Nebraska",NE,2021,52400.0,18.1,16.5,5.060644372507884,1.0,49.5
31063,"Frontier County, Nebraska",NE,2021,59573.0,8.9,24.5,2.577385697766642,5.1,43.7
31065,"Furnas County, Nebraska",NE,2021,57284.0,9.1,21.0,6.4730814370657965,1.3,46.5
31067,"Gage County, Nebraska",NE,2021,55000.0,13.8,20.2,25.492653216060393,2.1,42.9
31069,"Garden County, Nebraska",NE,2021,43478.0,6.9,26.5,1.012100048963125,3.0,53.8
31071,"Garfield County, Nebraska",NE,2021,57888.0,10.8,29.4,3.3179351167161397,0.0,45.9
31073,"Gosper County, Nebraska",NE,2021,69886.0,5.0,31.0,3.952810729993125,1.8,51.0
31075,"Grant County, Nebraska",NE,2021,56806.0,15.8,28.3,0.9240847635411237,0.3,37.3
31077,"Greeley County, Nebraska",NE,2021,48472.0,13.5,16.5,3.894273715319641,1.9,43.7
31079,"Hall County, Nebraska",NE,2021,60720.0,11.9,21.7,114.59946192280239,3.2,35.9
31081,"Hamilton County, Nebraska",NE,2021,71211.0,2.6,26.3,17.295382855877957,4.5,42.0
31083,"Harlan County, Nebraska",NE,2021,59432.0,7.3,25.3,5.810655035720352,2.2,46.0
31085,"Hayes County, Nebraska",NE,2021,51389.0,13.0,18.8,1.2495407131497682,0.5,45.5
31087,"Hitchcock County, Nebraska",NE,2021,47025.0,10.5,18.3,3.7045227574608104,1.9,44.8
31089,"Holt County, Nebraska",NE,2021,60592.0,8.6,26.3,4.2177966561888445,1.2,42.4
31091,"Hooker County, Nebraska",NE,2021,51333.0,8.6,26.4,0.9900715513894282,1.8,43.3
31093,"Howard County, Nebraska",NE,2021,64167.0,6.4,20.2,11.348267637150515,5.5,42.4
31095,"Jefferson County, Nebraska",NE,2021,51587.0,10.7,16.9,12.650435478043699,1.7,45.5
31097,"Johnson County, Nebraska",NE,2021,53696.0,6.7,18.7,14.08761550222695,2.0,38.6
31099,"Kearney County, Nebraska",NE,2021,68606.0,9.2,26.9,12.86022280205252,1.7,38.6
31101,"Keith County, Nebraska",NE,2021,54303.0,13.0,20.2,7.828629123404513,2.7,49.6
31103,"Keya Paha County, Nebraska",NE,2021,54583.0,6.1,27.8,1.2236830531538943,0.0,47.0
31105,"Kimball County, Nebraska",NE,2021,55428.0,11.9,12.7,3.7638847744925634,4.4,46.2
31107,"Knox County, Nebraska",NE,2021,58043.0,10.2,18.8,7.608871182370225,4.1,44.2
31109,"Lancaster County, Nebraska",NE,2021,65086.0,12.0,40.1,382.42110126904186,3.2,34.0
31111,"Lincoln County, Nebraska",NE,2021,61309.0,11.0,21.3,13.613141248137778,3.5,41.6
31113,"Logan County, Nebraska",NE,2021,60250.0,8.6,26.4,1.515687806861072,0.9,40.3
31115,"Loup County, Nebraska",NE,2021,46667.0,6.2,18.0,1.1800802454566912,0.0,43.2
31117,"McPherson County, Nebraska",NE,2021,53750.0,8.0,23.9,0.5528044643324741,0.0,56.1
31119,"Madison County, Nebraska",NE,2021,55375.0,12.0,24.3,62.08807904691053,3.1,36.7
31121,"Merrick County, Nebraska",NE,2021,57778.0,11.1,16.3,15.776004137429991,1.2,43.3
31123,"Morrill County, Nebraska",NE,2021,50859.0,7.5,19.6,3.2267873206569866,5.7,41.5
31125,"Nance County, Nebraska",NE,2021,55473.0,12.9,18.0,7.674400699278529,4.2,44.2
31127,"Nemaha County, Nebraska",NE,2021,53081.0,13.7,29.4,17.24446888263206,5.6,38.6
31129,"Nuckolls County, Nebraska",NE,2021,61667.0,6.2,22.7,7.171979727203971,2.0,49.3
31131,"Otoe County, Nebraska",NE,2021,70072.0,12.2,26.4,25.851763299462046,3.3,42.3
31133,"Pawnee County, Nebraska",NE,2021,51354.0,16.8,16.0,5.947920895435829,3.1,47.2
31135,"Perkins County, Nebraska",NE,2021,57250.0,7.9,24.2,3.2434708874430696,1.0,42.1
31137,"Phelps County, Nebraska",NE,2021,61606.0,12.2,25.8,16.621278645399137,0.7,40.6
31139,"Pierce County, Nebraska",NE,2021,62299.0,9.4,22.7,12.67512023570909,2.9,40.4
31141,"Platte County, Nebraska",NE,2021,64105.0,7.2,23.5,50.62384096135302,2.0,37.8
31143,"Polk County, Nebraska",NE,2021,66486.0,6.8,18.1,11.906417337822651,2.7,44.5
31145,"Red Willow County, Nebraska",NE,2021,53387.0,11.4,23.6,14.9566391355163,4.7,40.1
31147,"Richardson County, Nebraska",NE,2021,46085.0,11.1,19.4,14.303032938835642,3.9,47.3
31149,"Rock County, Nebraska",NE,2021,55129.0,9.9,29.6,1.3101350500301003,1.3,41.5
31151,"Saline County, Nebraska",NE,2021,58011.0,12.8,18.2,25.075732369904937,2.7,36.7
31153,"Sarpy County, Nebraska",NE,2021,88408.0,5.6,41.1,791.5296449825914,2.8,35.1
31155,"Saunders County, Nebraska",NE,2021,76485.0,6.6,29.1,29.386002392753376,2.4,40.6
31157,"Scotts Bluff County, Nebraska",NE,2021,56588.0,12.0,25.0,48.984056419076055,3.5,38.8
31159,"Seward County, Nebraska",NE,2021,73892.0,7.1,30.5,30.808672978317556,2.6,37.5
31161,"Sheridan County, Nebraska",NE,2021,47901.0,12.9,20.1,2.1098904700549186,1.6,45.9
31163,"Sherman County, Nebraska",NE,2021,57579.0,9.2,20.5,5.276988899943979,3.4,49.6
31165,"Sioux County, Nebraska",NE,2021,46769.0,10.2,25.5,0.5230505118733917,3.1,44.1
31167,"Stanton County, Nebraska",NE,2021,70583.0,6.5,20.5,13.743896278834821,1.0,40.2
31169,"Thayer County, Nebraska",NE,2021,56111.0,9.2,22.7,8.806096823496402,2.7,46.2
31171,"Thomas County, Nebraska",NE,2021,51696.0,7.3,24.5,0.7886866963149246,0.0,44.2
31173,"Thurston County, Nebraska",NE,2021,56223.0,20.5,18.9,17.292369608520673,11.3,27.5
31175,"Valley County, Nebraska",NE,2021,58015.0,9.1,26.3,7.095431886670235,0.5,46.2
31177,"Washington County, Nebraska",NE,2021,83491.0,7.4,33.7,53.080211407924466,2.3,41.5
31179,"Wayne County, Nebraska",NE,2021,60971.0,12.8,33.4,21.651961094202964,2.6,32.2
31181,"Webster County, Nebraska",NE,2021,56786.0,8.6,19.6,5.986992814564986,2.6,45.1
31183,"Wheeler County, Nebraska",NE,2021,51875.0,12.5,25.8,1.277854178583164,0.0,57.8
31185,"York County, Nebraska",NE,2021,66337.0,8.2,25.2,24.74017921084348,3.8,39.5
39001,"Adams County, Ohio",OH,2022,46234.0,19.6,15.2,47.114778581606934,5.8,42.2
39003,"Allen County, Ohio",OH,2022,58976.0,12.3,19.1,253.6039449005701,6.1,39.8
39005,"Ashland County, Ohio",OH,2022,62254.0,11.7,21.9,124.16930071136937,3.7,41.5
39007,"Ashtabula County, Ohio",OH,2022,53663.0,18.0,15.7,139.11207904658673,7.6,42.6
39009,"Athens County, Ohio",OH,2022,48750.0,24.4,34.3,121.66530326976992,5.7,32.2
39011,"Auglaize County, Ohio",OH,2022,75231.0,6.6,20.7,115.25755627970942,2.9,40.7
39013,"Belmont County, Ohio",OH,2022,56943.0,14.0,17.4,125.07164643026948,6.0,44.1
39015,"Brown County, Ohio",OH,2022,66677.0,15.9,14.5,89.29756936571455,4.4,41.9
39017,"Butler County, Ohio",OH,2022,77062.0,11.8,31.9,832.383757320095,5.1,37.2
39019,"Carroll County, Ohio",OH,2022,59872.0,12.2,13.5,67.81598126767558,3.9,45.9
39021,"Champaign County, Ohio",OH,2022,70486.0,9.2,18.1,90.24706927217248,4.5,41.7
39023,"Clark County, Ohio",OH,2022,58954.0,15.6,18.6,342.3655187879368,6.8,41.4
39025,"Clermont County, Ohio",OH,2022,79573.0,8.4,30.2,461.48797949443167,4.1,40.5
39027,"Clinton County, Ohio",OH,2022,64210.0,14.5,20.6,102.9454580151738,4.7,40.5
39029,"Columbiana County, Ohio",OH,2022,55473.0,13.2,16.5,191.23848269560852,4.9,44.5
39031,"Coshocton County, Ohio",OH,2022,52048.0,18.9,16.5,64.94641729965885,6.1,40.6
39033,"Crawford County, Ohio",OH,2022,52486.0,14.1,14.8,104.18730368902848,5.5,42.9
39035,"Cuyahoga County, Ohio",OH,2022,60074.0,16.5,35.2,2748.446559684697,7.2,40.4
39037,"Darke County, Ohio",OH,2022,60237.0,11.0,16.3,86.52537527043883,2.6,41.7
39039,"Defiance County, Ohio",OH,2022,69302.0,10.5,18.9,93.08542957832057,4.9,40.8
39041,"Delaware County, Ohio",OH,2022,123995.0,4.5,57.4,487.58989680625166,3.0,39.8
39043,"Erie County, Ohio",OH,2022,65171.0,11.5,26.5,299.6521919072936,6.1,44.8
39045,"Fairfield County, Ohio",OH,2022,82969.0,8.7,31.1,315.9834643561706,3.7,39.5
39047,"Fayette County, Ohio",OH,2022,56773.0,15.8,13.7,71.12149049736564,4.3,41.2
39049,"Franklin County, Ohio",OH,2022,71070.0,14.5,41.7,2475.783079803988,4.7,34.6
39051,"Fulton County, Ohio",OH,2022,71453.0,8.5,18.3,105.07415272526372,3.5,41.4
39053,"Gallia County, Ohio",OH,2022,55533.0,17.2,18.2,62.752663279960565,4.1,40.2
39055,"Geauga County, Ohio",OH,2022,97162.0,5.8,39.4,238.45806030961703,3.1,44.6
39057,"Greene County, Ohio",OH,2022,81243.0,10.6,41.2,405.1828155112088,4.6,38.6
39059,"Guernsey County, Ohio",OH,2022,53901.0,17.0,14.9,73.5446736645387,4.6,42.6
39061,"Hamilton County, Ohio",OH,2022,68249.0,14.9,40.3,2041.5804364502833,5.0,36.8
39063,"Hancock County, Ohio",OH,2022,67006.0,10.5,28.5,141.29205288665128,3.7,39.4
39065,"Hardin County, Ohio",OH,2022,55876.0,18.2,18.5,65.11370764536397,4.7,35.6
39067,"Harrison County, Ohio",OH,2022,54056.0,15.4,11.7,36.109571472245484,4.5,46.1
39069,"Henry County, Ohio",OH,2022,71616.0,9.5,18.1,66.34696281339392,4.5,41.8
39071,"Highland County, Ohio",OH,2022,60522.0,14.8,15.2,78.2611682854684,4.4,40.8
39073,"Hocking County, Ohio",OH,2022,59007.0,16.6,14.7,66.70005150124956,4.7,42.6
39075,"Holmes County, Ohio",OH,2022,72987.0,8.9,11.1,104.76039487757092,2.0,32.2
39077,"Huron County, Ohio",OH,2022,64144.0,11.0,15.5,118.88030911561972,4.4,40.1
39079,"Jackson County, Ohio",OH,2022,56549.0,17.4,15.9,77.47376936070995,5.9,40.1
39081,"Jefferson County, Ohio",OH,2022,53124.0,18.2,19.5,159.9513873234605,5.5,44.3
39083,"Knox County, Ohio",OH,2022,71246.0,12.9,23.7,119.23333821757986,3.3,39.4
39085,"Lake County, Ohio",OH,2022,76835.0,7.6,29.9,1012.9367121734199,4.4,43.9
39087,"Lawrence County, Ohio",OH,2022,51846.0,17.9,18.2,127.91110581769018,3.8,41.9
39089,"Licking County, Ohio",OH,2022,78505.0,9.8,29.5,262.0705218287084,3.3,40.2
39091,"Logan County, Ohio",OH,2022,69125.0,10.9,18.9,100.53957854422843,3.5,41.8
39093,"Lorain County, Ohio",OH,2022,67272.0,13.5,27.2,638.2834287391751,4.4,41.9
39095,"Lucas County, Ohio",OH,2022,57265.0,17.8,28.0,1266.0018901087253,6.8,38.1
39097,"Madison County, Ohio",OH,2022,77062.0,10.2,20.4,94.37457869450037,3.4,41.4
39099,"Mahoning County, Ohio",OH,2022,54279.0,17.6,26.2,554.035597635897,7.2,43.3
39101,"Marion County, Ohio",OH,2022,55106.0,16.1,13.5,161.87476164296717,5.7,40.7
39103,"Medina County, Ohio",OH,2022,89968.0,6.0,35.9,432.65758391108955,3.0,42.7
39105,"Meigs County, Ohio",OH,2022,46255.0,19.6,11.5,51.713314516091536,6.4,43.2
39107,"Mercer County, Ohio",OH,2022,73278.0,6.4,20.4,91.51535202952986,2.0,39.4
39109,"Miami County, Ohio",OH,2022,71440.0,8.5,24.7,267.68112840419064,3.4,41.1
39111,"Monroe County, Ohio",OH,2022,55381.0,13.9,10.7,29.406020762612375,5.5,46.1
39113,"Montgomery County, Ohio",OH,2022,61942.0,15.1,30.0,1162.067493080106,5.9,39.0
39115,"Morgan County, Ohio",OH,2022,51056.0,16.6,11.2,33.261611907037505,4.9,44.6
39117,"Morrow County, Ohio",OH,2022,70412.0,10.6,16.9,86.29910325163615,2.6,42.7
39119,"Muskingum County, Ohio",OH,2022,56810.0,15.6,19.3,130.00303966918767,4.6,40.5
39121,"Noble County, Ohio",OH,2022,51547.0,16.6,13.1,35.71751605479232,4.5,51.9
39123,"Ottawa County, Ohio",OH,2022,69515.0,8.8,26.9,158.48592876436962,3.4,49.8
39125,"Paulding County, Ohio",OH,2022,65331.0,9.4,15.4,45.209936724819,3.9,41.4
39127,"Perry County, Ohio",OH,2022,62899.0,15.3,14.8,86.90376384415126,4.9,41.1
39129,"Pickaway County, Ohio",OH,2022,67600.0,12.5,19.6,117.32983791807321,4.1,39.5
39131,"Pike County, Ohio",OH,2022,50832.0,19.8,14.0,61.667295051807706,5.2,40.9
39133,"Portage County, Ohio",OH,2022,69796.0,11.3,31.7,330.76599542474946,5.6,39.1
39135,"Preble County, Ohio",OH,2022,66355.0,10.3,18.8,96.47923512467412,3.4,43.0
39137,"Putnam County, Ohio",OH,2022,79453.0,6.6,25.9,71.28883583673199,2.2,40.3
39139,"Richland County, Ohio",OH,2022,56557.0,13.9,17.8,252.42565530554677,4.8,40.9
39141,"Ross County, Ohio",OH,2022,58048.0,16.1,16.5,111.6668553004646,5.7,41.3
39143,"Sandusky County, Ohio",OH,2022,60814.0,13.0,18.3,144.23901275211514,4.8,42.3
39145,"Scioto County, Ohio",OH,2022,46360.0,23.8,17.6,120.81718280080965,7.5,40.6
39147,"Seneca County, Ohio",OH,2022,62476.0,11.6,18.9,99.92631926624153,4.2,40.6
39149,"Shelby County, Ohio",OH,2022,73502.0,10.9,20.7,118.09101924482577,4.9,40.2
39151,"Stark County, Ohio",OH,2022,63130.0,13.2,24.1,650.4810826314829,4.3,41.8
39153,"Summit County, Ohio",OH,2022,68360.0,12.4,34.6,1306.613726492455,5.3,41.1
39155,"Trumbull County, Ohio",OH,2022,53537.0,17.1,20.0,326.401348646904,4.8,44.0
39157,"Tuscarawas County, Ohio",OH,2022,61953.0,12.5,19.7,163.6267181774761,5.5,41.1
39159,"Union County, Ohio",OH,2022,104496.0,5.2,39.3,146.8666547773179,2.9,38.4
39161,"Van Wert County, Ohio",OH,2022,64841.0,8.4,17.2,70.4704875962361,3.8,41.3
39163,"Vinton County, Ohio",OH,2022,50967.0,19.1,15.4,31.01658744786109,3.6,43.6
39165,"Warren County, Ohio",OH,2022,103128.0,5.1,44.7,605.8112683003385,3.0,39.5
39167,"Washington County, Ohio",OH,2022,59053.0,14.1,20.5,94.36938861408855,5.2,44.1
39169,"Wayne County, Ohio",OH,2022,70320.0,8.8,24.0,210.3141915214613,3.3,38.8
39171,"Williams County, Ohio",OH,2022,60632.0,11.2,14.4,87.89283506870156,3.5,41.5
39173,"Wood County, Ohio",OH,2022,70537.0,12.9,37.5,213.1757950100622,4.9,35.4
39175,"Wyandot County, Ohio",OH,2022,68552.0,6.9,21.2,53.622821526792976,2.8,42.3
51001,"Accomack County, Virginia",VA,2022,52694.0,15.9,21.3,74.26160149738381,3.7,47.3
51003,"Albemarle County, Virginia",VA,2022,97708.0,7.1,60.1,156.16568027626334,3.1,39.7
51005,"Alleghany County, Virginia",VA,2022,52546.0,13.7,15.2,33.94525406877278,3.7,48.0
51007,"Amelia County, Virginia",VA,2022,63438.0,11.1,17.7,37.45216118865376,4.1,45.1
51009,"Amherst County, Virginia",VA,2022,64454.0,11.3,21.9,66.30489364126238,4.5,43.9
51011,"Appomattox County, Virginia",VA,2022,60041.0,13.8,19.3,48.62906314328115,3.5,43.1
51013,"Arlington County, Virginia",VA,2022,137387.0,6.7,76.8,9072.008308650999,2.8,35.3
51015,"Augusta County, Virginia",VA,2022,76124.0,8.1,23.3,80.06936387494649,3.0,44.8
51017,"Bath County, Virginia",VA,2022,55699.0,23.7,18.3,7.893016277338332,2.0,51.8
51019,"Bedford County, Virginia",VA,2022,74773.0,9.1,32.6,104.93432477660951,2.9,46.8
51021,"Bland County, Virginia",VA,2022,59901.0,10.7,16.4,17.44997217958289,3.3,46.4
51023,"Botetourt County, Virginia",VA,2022,77680.0,7.2,27.7,62.3231031858054,3.1,47.5
51025,"Brunswick County, Virginia",VA,2022,52678.0,17.2,16.0,28.19505716717823,5.2,44.6
51027,"Buchanan County, Virginia",VA,2022,39591.0,25.3,10.9,40.262183456828424,6.0,47.6
51029,"Buckingham County, Virginia",VA,2022,59894.0,14.0,12.2,29.10339996860028,5.0,43.3
51031,"Campbell County, Virginia",VA,2022,59022.0,10.0,24.6,110.32835393784268,4.9,43.1
51033,"Caroline County, Virginia",VA,2022,83562.0,11.6,22.3,59.12625648746688,4.6,39.2
51035,"Carroll County, Virginia",VA,2022,49113.0,15.2,15.9,61.35095967510911,4.8,48.7
51036,"Charles City County, Virginia",VA,2022,65573.0,12.5,16.2,36.9598854024855,4.1,52.0
51037,"Charlotte County, Virginia",VA,2022,51548.0,20.3,16.6,24.327997710900156,3.6,45.4
51041,"Chesterfield County, Virginia",VA,2022,95757.0,6.7,42.3,864.2593021114224,4.7,38.9
51043,"Clarke County, Virginia",VA,2022,107475.0,5.4,34.5,84.58901968362957,3.5,48.4
51045,"Craig County, Virginia",VA,2022,66286.0,10.9,16.0,14.928466494766807,1.9,46.1
51047,"Culpeper County, Virginia",VA,2022,92359.0,7.3,26.8,139.30329890001502,3.9,39.5
51049,"Cumberland County, Virginia",VA,2022,56497.0,7.9,18.5,32.59780686715478,3.2,46.3
51051,"Dickenson County, Virginia",VA,2022,40143.0,22.5,11.4,42.635670644059175,3.4,45.5
51053,"Dinwiddie County, Virginia",VA,2022,77225.0,11.0,17.9,55.68124536105389,4.7,43.4
51057,"Essex County, Virginia",VA,2022,52335.0,17.1,15.3,41.199215030990736,9.9,46.9
51059,"Fairfax County, Virginia",VA,2022,145165.0,6.0,64.1,2929.1367982793763,4.1,38.6
51061,"Fauquier County, Virginia",VA,2022,122785.0,5.8,39.4,113.1028991009176,2.3,40.8
51063,"Floyd County, Virginia",VA,2022,57146.0,9.4,23.2,40.774644744475914,2.6,48.4
51065,"Fluvanna County, Virginia",VA,2022,90766.0,6.1,35.8,95.57776098245662,3.0,43.1
51067,"Franklin County, Virginia",VA,2022,66275.0,13.3,23.8,79.40516355106355,2.8,48.4
51069,"Frederick County, Virginia",VA,2022,92443.0,6.8,29.1,222.70444285766155,4.2,40.6
51071,"Giles County, Virginia",VA,2022,61987.0,9.7,19.3,46.78017154502497,2.2,45.4
51073,"Gloucester County, Virginia",VA,2022,83750.0,7.5,25.5,178.48124512189523,3.4,44.3
51075,"Goochland County, Virginia",VA,2022,105600.0,4.2,44.4,88.31006740441586,2.4,49.0
51077,"Grayson County, Virginia",VA,2022,43348.0,18.7,14.1,34.75898910103331,4.3,49.0
51079,"Greene County, Virginia",VA,2022,81338.0,11.1,27.9,132.29494635998128,3.8,41.7
51081,"Greensville County, Virginia",VA,2022,51823.0,12.9,13.4,38.52289932831347,6.3,40.8
51083,"Halifax County, Virginia",VA,2022,49145.0,14.7,17.1,41.594362938423515,3.7,46.6
51085,"Hanover County, Virginia",VA,2022,104678.0,5.2,41.8,236.32774909863866,2.9,42.4
51087,"Henrico County, Virginia",VA,2022,82424.0,8.4,45.4,1425.5697015085054,3.9,39.3
51089,"Henry County, Virginia",VA,2022,43694.0,16.1,14.4,132.7575970770313,5.2,48.3
51091,"Highland County, Virginia",VA,2022,57070.0,10.3,30.7,5.412332023807516,14.7,58.0
51093,"Isle of Wight County, Virginia",VA,2022,91680.0,9.8,29.8,123.2177645437699,5.5,44.2
51095,"James City County, Virginia",VA,2022,100711.0,7.3,50.0,553.8939408846225,3.7,47.1
51097,"King and Queen County, Virginia",VA,2022,70147.0,19.9,22.6,21.199496111363196,5.7,47.4
51099,"King George County, Virginia",VA,2022,103264.0,6.9,34.9,150.22713608123456,2.6,38.3
51101,"King William County, Virginia",VA,2022,79398.0,8.0,24.8,65.149136577708,4.0,40.8
51103,"Lancaster County, Virginia",VA,2022,62674.0,14.0,32.3,81.5117099005296,9.3,59.2
51105,"Lee County, Virginia",VA,2022,41619.0,26.0,11.5,51.19000041343384,8.1,45.2
51107,"Loudoun County, Virginia",VA,2022,170463.0,3.8,63.5,815.8658078326591,3.2,37.3
51109,"Louisa County, Virginia",VA,2022,76594.0,10.9,25.8,76.97450949101803,6.4,45.0
51111,"Lunenburg County, Virginia",VA,2022,54438.0,13.0,11.1,27.76928422515636,4.0,44.0
51113,"Madison County, Virginia",VA,2022,74586.0,8.0,24.5,43.12651650771275,3.7,46.6
51115,"Mathews County, Virginia",VA,2022,79054.0,6.8,29.8,99.37027854407468,8.2,53.7
51117,"Mecklenburg County, Virginia",VA,2022,51265.0,18.8,21.5,48.563112696102735,3.6,48.6
51119,"Middlesex County, Virginia",VA,2022,69389.0,9.7,29.6,82.39085398603544,4.6,54.9
51121,"Montgomery County, Virginia",VA,2022,65270.0,24.9,46.5,256.87933472406405,3.3,29.7
51125,"Nelson County, Virginia",VA,2022,64028.0,13.2,30.4,31.38217081434747,3.2,50.7
51127,"New Kent County, Virginia",VA,2022,113120.0,3.9,33.6,110.91484752541243,3.1,43.2
51131,"Northampton County, Virginia",VA,2022,54693.0,16.7,29.3,57.304262394195895,4.8,51.3
51133,"Northumberland County, Virginia",VA,2022,64655.0,14.8,33.7,62.72201094905763,4.9,59.0
51135,"Nottoway County, Virginia",VA,2022,62366.0,19.1,16.1,49.740767836127105,6.4,41.3
51137,"Orange County, Virginia",VA,2022,87309.0,13.0,27.3,107.28630987633328,4.4,42.8
51139,"Page County, Virginia",VA,2022,56760.0,10.0,14.7,76.61739043484151,4.6,45.3
51141,"Patrick County, Virginia",VA,2022,49180.0,11.4,16.3,36.56662953407571,2.3,50.9
51143,"Pittsylvania County, Virginia",VA,2022,52619.0,16.4,15.0,62.477618748342366,5.4,48.0
51145,"Powhatan County, Virginia",VA,2022,108089.0,4.5,32.8,117.2281535115026,2.6,45.6
51147,"Prince Edward County, Virginia",VA,2022,57304.0,18.1,26.9,62.64395078097763,2.4,32.0
51149,"Prince George County, Virginia",VA,2022,80318.0,8.3,24.1,160.67565632278342,7.5,34.2
51153,"Prince William County, Virginia",VA,2022,123193.0,6.0,43.7,1435.0645476889304,4.7,35.8
51155,"Pulaski County, Virginia",VA,2022,59740.0,13.1,21.1,105.80635882428346,3.3,47.2
51157,"Rappahannock County, Virginia",VA,2022,98663.0,7.6,33.8,27.86328893427237,6.5,50.0
51159,"Richmond County, Virginia",VA,2022,62708.0,7.5,17.8,46.83566780517866,4.0,46.1
51161,"Roanoke County, Virginia",VA,2022,80872.0,7.1,37.5,385.766400051088,2.6,43.6
51163,"Rockbridge County, Virginia",VA,2022,61903.0,8.9,30.2,38.00731883535638,3.9,49.4
51165,"Rockingham County, Virginia",VA,2022,73232.0,8.8,28.8,98.7362745340314,2.8,40.5
51167,"Russell County, Virginia",VA,2022,44088.0,19.3,12.6,54.40695719752325,5.9,46.6
51169,"Scott County, Virginia",VA,2022,44535.0,17.0,13.9,40.192076920349294,3.4,47.7
51171,"Shenandoah County, Virginia",VA,2022,62149.0,12.6,20.7,87.26398847423333,4.2,43.6
51173,"Smyth County, Virginia",VA,2022,45061.0,18.8,17.5,66.00877192982456,3.3,46.2
51175,"Southampton County, Virginia",VA,2022,67813.0,8.4,19.0,30.04526064927002,5.5,47.0
51177,"Spotsylvania County, Virginia",VA,2022,105068.0,7.4,33.3,351.5016990025211,5.6,38.1
51179,"Stafford County, Virginia",VA,2022,128036.0,5.4,43.1,585.4497501903754,3.9,36.4
51181,"Surry County, Virginia",VA,2022,68655.0,13.3,23.5,23.46665519503565,6.0,50.5
51183,"Sussex County, Virginia",VA,2022,59195.0,12.7,15.4,22.165287030879636,5.0,40.4
51185,"Tazewell County, Virginia",VA,2022,46508.0,18.1,15.9,77.85794279391894,5.7,44.6
51187,"Warren County, Virginia",VA,2022,79313.0,12.0,22.4,190.1238134736273,5.6,40.9
51191,"Washington County, Virginia",VA,2022,59116.0,12.0,24.6,96.19685206337213,4.2,46.8
51193,"Westmoreland County, Virginia",VA,2022,56647.0,16.0,17.6,80.58397216190053,9.1,47.9
51195,"Wise County, Virginia",VA,2022,47541.0,19.9,16.3,89.49286139202856,9.1,42.0
51197,"Wythe County, Virginia",VA,2022,53921.0,17.2,20.1,61.20765793848712,5.2,45.6
51199,"York County, Virginia",VA,2022,105154.0,4.7,49.5,670.8051992703449,4.2,39.7
51510,"Alexandria city, Virginia",VA,2022,113179.0,8.8,66.0,10551.991965182457,3.2,37.4
51520,"Bristol city, Virginia",VA,2022,45250.0,17.0,22.8,1323.5956802113278,4.1,43.7
51530,"Buena Vista city, Virginia",VA,2022,48783.0,21.9,21.5,1031.2208760484623,1.3,35.3
51540,"Charlottesville city, Virginia",VA,2022,67177.0,23.6,58.9,4518.204001952172,5.1,32.4
51550,"Chesapeake city, Virginia",VA,2022,92703.0,7.6,35.8,736.8077386720873,5.0,37.4
51570,"Colonial Heights city, Virginia",VA,2022,72216.0,10.2,28.1,2414.9487963824977,6.1,38.4
51580,"Covington city, Virginia",VA,2022,45737.0,16.9,11.4,1046.2607423660631,2.6,41.9
51590,"Danville city, Virginia",VA,2022,41484.0,25.3,18.7,993.2238240998201,5.8,41.0
51595,"Emporia city, Virginia",VA,2022,41442.0,17.3,16.5,822.7114716106605,7.0,39.9
51600,"Fairfax city, Virginia",VA,2022,128708.0,10.0,60.1,3884.9358974358975,3.7,37.5
51610,"Falls Church city, Virginia",VA,2022,164536.0,2.3,78.9,7124.14467253177,6.0,38.8
51620,"Franklin city, Virginia",VA,2022,57537.0,18.7,23.2,989.9722121541622,5.3,38.8
51630,"Fredericksburg city, Virginia",VA,2022,83445.0,18.0,43.5,2704.1148325358854,5.2,30.9
51640,"Galax city, Virginia",VA,2022,44612.0,22.4,17.5,811.9232637202525,4.4,42.6
51650,"Hampton city, Virginia",VA,2022,64430.0,13.5,27.7,2666.4270029731256,6.5,36.5
51660,"Harrisonburg city, Virginia",VA,2022,56050.0,27.2,35.2,2986.5620854720573,6.7,25.4
51670,"Hopewell city, Virginia",VA,2022,50661.0,21.3,11.1,2225.8064516129034,8.8,35.7
51678,"Lexington city, Virginia",VA,2022,93651.0,16.6,60.2,2939.5758303321327,2.5,22.7
51680,"Lynchburg city, Virginia",VA,2022,56243.0,17.5,38.0,1616.4243711205488,5.4,28.4
51683,"Manassas city, Virginia",VA,2022,110559.0,4.7,34.5,4329.98069694199,3.3,35.1
51685,"Manassas Park city, Virginia",VA,2022,91673.0,5.1,25.0,5643.704680290047,3.2,35.8
51690,"Martinsville city, Virginia",VA,2022,39127.0,24.6,20.3,1235.7612267250822,4.3,39.9
51700,"Newport News city, Virginia",VA,2022,63355.0,14.7,28.7,2683.297337256664,5.6,34.1
51710,"Norfolk city, Virginia",VA,2022,60998.0,16.9,32.2,4448.108869075551,6.7,32.2
51720,"Norton city, Virginia",VA,2022,36974.0,29.1,19.4,490.57108465962284,7.3,43.6
51730,"Petersburg city, Virginia",VA,2022,46930.0,22.2,21.8,1463.9524647887324,11.3,36.6
51735,"Poquoson city, Virginia",VA,2022,114503.0,4.5,38.4,812.5936055219119,1.4,42.4
51740,"Portsmouth city, Virginia",VA,2022,57154.0,17.4,21.2,2924.3566259271493,6.6,35.6
51750,"Radford city, Virginia",VA,2022,51039.0,33.8,44.8,1692.7449359239354,7.2,23.3
51760,"Richmond city, Virginia",VA,2022,59606.0,19.5,44.1,3790.921985815603,6.1,34.5
51770,"Roanoke city, Virginia",VA,2022,51523.0,19.1,28.4,2333.2706192234423,6.6,38.1
51775,"Salem city, Virginia",VA,2022,68402.0,9.6,32.5,1747.9848432655872,3.5,40.8
51790,"Staunton city, Virginia",VA,2022,59731.0,11.4,33.6,1284.1867469879517,5.1,41.0
51800,"Suffolk city, Virginia",VA,2022,87758.0,9.4,32.1,237.63904198817517,6.3,38.5
51810,"Virginia Beach city, Virginia",VA,2022,87544.0,8.0,39.8,1871.0950748397167,4.3,37.1
51820,"Waynesboro city, Virginia",VA,2022,52519.0,16.1,27.2,1492.384769539078,4.7,38.7
51830,"Williamsburg city, Virginia",VA,2022,66815.0,13.7,50.6,1732.6023718952786,6.0,24.6
51840,"Winchester city, Virginia",VA,2022,62495.0,16.8,32.3,3056.999891221582,5.2,36.6
31001,"Adams County, Nebraska",NE,2022,61502.0,12.0,27.1,55.28925531801574,2.7,38.0
31003,"Antelope County, Nebraska",NE,2022,61924.0,11.1,20.5,7.352212021834973,2.1,42.5
31005,"Arthur County, Nebraska",NE,2022,66667.0,7.0,31.4,0.6781775063203347,0.4,44.1
31007,"Banner County, Nebraska",NE,2022,62375.0,7.4,30.4,0.898076374023342,3.3,54.1
31009,"Blaine County, Nebraska",NE,2022,52083.0,11.5,20.8,0.5403192104585537,1.9,57.7
31011,"Boone County, Nebraska",NE,2022,66800.0,7.3,18.0,7.861124503490677,1.0,43.6
31013,"Box Butte County, Nebraska",NE,2022,67893.0,12.0,18.1,10.022652794774606,4.0,40.9
31015,"Boyd County, Nebraska",NE,2022,57120.0,11.6,16.9,3.272616148240066,1.8,55.6
31017,"Brown County, Nebraska",NE,2022,44267.0,8.9,21.3,2.203288803592073,0.5,46.9
31019,"Buffalo County, Nebraska",NE,2022,70093.0,11.8,35.2,51.747536716861866,2.9,34.2
31021,"Burt County, Nebraska",NE,2022,54950.0,14.2,23.4,13.663936727246098,2.7,44.9
31023,"Butler County, Nebraska",NE,2022,75690.0,7.9,25.3,14.315438892241827,0.7,43.0
31025,"Cass County, Nebraska",NE,2022,87673.0,5.6,31.3,47.99344035224017,2.2,40.8
31027,"Cedar County, Nebraska",NE,2022,72035.0,5.4,23.3,11.313837059131853,2.0,41.7
31029,"Chase County, Nebraska",NE,2022,57313.0,8.2,24.4,4.141235819006528,2.6,43.2
31031,"Cherry County, Nebraska",NE,2022,62373.0,9.8,25.9,0.9182543871688001,0.4,41.5
31033,"Cheyenne County, Nebraska",NE,2022,54038.0,11.7,23.8,7.933893418773119,2.6,41.4
31035,"Clay County, Nebraska",NE,2022,73933.0,8.7,21.6,10.637981858816088,2.2,39.5
31037,"Colfax County, Nebraska",NE,2022,71205.0,10.2,12.8,25.6603351901022,1.7,36.4
31039,"Cuming County, Nebraska",NE,2022,68917.0,7.7,24.0,15.775027080463154,2.6,41.8
31041,"Custer County, Nebraska",NE,2022,62288.0,11.3,25.8,4.102354641298279,1.6,42.1
31043,"Dakota County, Nebraska",NE,2022,66112.0,11.2,14.3,80.62782848234421,3.0,31.7
31045,"Dawes County, Nebraska",NE,2022,53760.0,13.0,36.0,5.928855170220948,1.5,35.3
31047,"Dawson County, Nebraska",NE,2022,67462.0,14.2,16.0,23.727147184912234,2.1,35.9
31049,"Deuel County, Nebraska",NE,2022,58875.0,7.1,20.8,4.224157726139079,3.8,51.0
31051,"Dixon County, Nebraska",NE,2022,60568.0,9.4,22.2,11.717880321774379,2.9,41.4
31053,"Dodge County, Nebraska",NE,2022,66793.0,9.1,21.7,70.26520270589548,4.1,39.4
31055,"Douglas County, Nebraska",NE,2022,76083.0,11.0,41.2,1785.0046108079791,3.8,35.3
31057,"Dundy County, Nebraska",NE,2022,58977.0,12.5,26.3,1.984390188739972,0.2,42.4
31059,"Fillmore County, Nebraska",NE,2022,72335.0,7.0,22.8,9.65811624152069,1.0,46.4
31061,"Franklin County, Nebraska",NE,2022,55625.0,14.9,19.2,5.038067716075968,2.5,49.8
31063,"Frontier County, Nebraska",NE,2022,62928.0,12.4,23.4,2.5558390816627012,4.4,43.3
31065,"Furnas County, Nebraska",NE,2022,58895.0,11.2,21.4,6.438317304750727,1.0,47.0
31067,"Gage County, Nebraska",NE,2022,60035.0,13.4,20.0,25.431581716602405,2.0,42.9
31069,"Garden County, Nebraska",NE,2022,47139.0,9.6,23.1,1.0425920550732541,3.5,47.3
31071,"Garfield County, Nebraska",NE,2022,64957.0,12.2,31.9,3.219573885093004,1.1,46.5
31073,"Gosper County, Nebraska",NE,2022,76583.0,6.5,28.1,4.088136111141426,1.5,48.9
31075,"Grant County, Nebraska",NE,2022,65139.0,10.8,27.0,0.8352799603595951,1.4,40.2
31077,"Greeley County, Nebraska",NE,2022,52813.0,12.5,17.1,3.8819889401924494,1.8,43.6
31079,"Hall County, Nebraska",NE,2022,63553.0,12.8,21.3,114.52442394626549,2.9,36.0
31081,"Hamilton County, Nebraska",NE,2022,73254.0,5.5,24.9,17.339654313700173,3.6,41.3
31083,"Harlan County, Nebraska",NE,2022,64583.0,7.3,24.5,5.590225957872751,2.0,47.5
31085,"Hayes County, Nebraska",NE,2022,59405.0,14.7,18.1,1.2888079858413433,0.2,48.9
31087,"Hitchcock County, Nebraska",NE,2022,49456.0,12.4,18.8,3.6904371195997427,1.9,43.3
31089,"Holt County, Nebraska",NE,2022,66325.0,9.9,27.5,4.207018993971556,1.3,42.3
31091,"Hooker County, Nebraska",NE,2022,43333.0,8.1,27.1,0.9138055355260969,3.2,40.9
31093,"Howard County, Nebraska",NE,2022,70766.0,4.9,22.3,11.37461402541197,4.0,42.6
31095,"Jefferson County, Nebraska",NE,2022,54494.0,11.1,19.3,12.601328006341879,1.1,45.8
31097,"Johnson County, Nebraska",NE,2022,64352.0,6.1,19.0,14.076979325932328,1.4,40.3
31099,"Kearney County, Nebraska",NE,2022,74276.0,9.5,30.9,12.89121595837619,1.6,38.3
31101,"Keith County, Nebraska",NE,2022,59511.0,11.9,19.9,7.820152503805061,2.6,49.1
31103,"Keya Paha County, Nebraska",NE,2022,63977.0,8.6,28.8,1.2767179423497819,0.2,46.4
31105,"Kimball County, Nebraska",NE,2022,53151.0,10.0,11.5,3.5663937508797803,2.2,47.8
31107,"Knox County, Nebraska",NE,2022,61250.0,12.0,18.9,7.591730021300148,4.1,43.9
31109,"Lancaster County, Nebraska",NE,2022,70387.0,11.8,40.9,384.5248286393468,3.2,34.1
31111,"Lincoln County, Nebraska",NE,2022,63019.0,11.0,20.2,13.467283377662687,3.4,42.2
31113,"Logan County, Nebraska",NE,2022,69250.0,9.2,25.3,1.4701295606432825,0.4,44.8
31115,"Loup County, Nebraska",NE,2022,50000.0,7.9,19.5,1.1161962020936222,0.0,43.4
31117,"McPherson County, Nebraska",NE,2022,58250.0,7.7,17.4,0.5306922857591752,0.0,56.3
31119,"Madison County, Nebraska",NE,2022,61139.0,12.2,24.5,62.061883755776066,2.6,36.8
31121,"Merrick County, Nebraska",NE,2022,57873.0,10.2,17.4,15.751376577959565,0.5,43.0
31123,"Morrill County, Nebraska",NE,2022,57325.0,9.5,19.4,3.20361344000809,5.5,40.3
31125,"Nance County, Nebraska",NE,2022,60054.0,13.6,19.0,7.622317130059465,4.4,44.0
31127,"Nemaha County, Nebraska",NE,2022,57196.0,15.3,30.5,17.229740510632656,6.4,38.6
31129,"Nuckolls County, Nebraska",NE,2022,66000.0,6.3,26.8,7.1146038893863395,1.3,49.4
31131,"Otoe County, Nebraska",NE,2022,73031.0,11.4,25.6,25.98008004366018,3.2,42.0
31133,"Pawnee County, Nebraska",NE,2022,55833.0,13.3,20.4,5.922403294090356,2.4,47.3
31135,"Perkins County, Nebraska",NE,2022,61786.0,8.7,25.9,3.237810379786101,1.2,41.5
31137,"Phelps County, Nebraska",NE,2022,65114.0,14.5,26.7,16.610163211619334,0.8,40.4
31139,"Pierce County, Nebraska",NE,2022,65603.0,7.9,22.1,12.736175728173968,2.4,40.2
31141,"Platte County, Nebraska",NE,2022,69943.0,8.2,24.6,50.76626363029449,1.9,38.3
31143,"Polk County, Nebraska",NE,2022,67695.0,7.7,18.6,11.81295321550775,1.9,43.4
31145,"Red Willow County, Nebraska",NE,2022,58344.0,12.2,24.4,14.909219727589448,2.3,41.5
31147,"Richardson County, Nebraska",NE,2022,50321.0,10.9,20.4,14.225111943476472,4.7,47.1
31149,"Rock County, Nebraska",NE,2022,57566.0,9.1,28.6,1.3012090731563146,1.2,43.5
31151,"Saline County, Nebraska",NE,2022,71104.0,11.3,21.9,24.8666953511909,2.1,38.6
31153,"Sarpy County, Nebraska",NE,2022,95911.0,5.5,41.2,803.322959584378,2.6,35.3
31155,"Saunders County, Nebraska",NE,2022,84474.0,6.7,29.1,29.874700905828064,2.4,40.4
31157,"Scotts Bluff County, Nebraska",NE,2022,60137.0,12.5,25.2,48.739332186780025,3.5,39.2
31159,"Seward County, Nebraska",NE,2022,79677.0,6.8,31.0,30.876922807692985,2.2,37.5
31161,"Sheridan County, Nebraska",NE,2022,53609.0,10.8,21.7,2.0902254714990667,2.2,45.8
31163,"Sherman County, Nebraska",NE,2022,60194.0,10.9,18.9,5.248713004967722,4.2,49.1
31165,"Sioux County, Nebraska",NE,2022,50833.0,17.4,24.9,0.5622430109129336,3.9,41.3
31167,"Stanton County, Nebraska",NE,2022,76035.0,7.0,20.1,13.629305345082411,0.7,41.4
31169,"Thayer County, Nebraska",NE,2022,60305.0,9.7,22.5,8.724187749539478,3.2,45.9
31171,"Thomas County, Nebraska",NE,2022,70069.0,6.6,24.6,0.830787409641344,0.8,46.7
31173,"Thurston County, Nebraska",NE,2022,63459.0,19.0,19.8,17.06370177649498,10.0,28.1
31175,"Valley County, Nebraska",NE,2022,62321.0,8.8,27.0,7.1341566451685585,0.6,46.3
31177,"Washington County, Nebraska",NE,2022,89671.0,8.0,34.3,53.55462268916829,2.0,41.6
31179,"Wayne County, Nebraska",NE,2022,64951.0,16.6,32.7,21.902572948369443,3.4,31.8
31181,"Webster County, Nebraska",NE,2022,62571.0,7.9,21.5,5.931332218961826,1.8,44.6
31183,"Wheeler County, Nebraska",NE,2022,59167.0,10.2,24.7,1.3404429546770333,1.4,57.8
31185,"York County, Nebraska",NE,2022,72914.0,9.3,25.3,24.82402054112592,2.8,39.5
