fips,county_name,state,year,median_income,poverty_rate,pct_bachelors,pop_density,unemployment_acs,median_age,wfh_rate
01001,"Autauga County, Alabama",AL,2010,53255.0,,21.7,89.41788795133702,6.2,36.2,1.9429364463855667
01001,"Autauga County, Alabama",AL,2011,53899.0,,21.6,90.74515186994496,7.5,36.4,2.46827385108218
01001,"Autauga County, Alabama",AL,2012,53773.0,11.6,21.7,91.83185971711951,8.6,37.0,2.113340719766917
01001,"Autauga County, Alabama",AL,2013,53682.0,12.1,20.9,92.36512037896833,9.4,37.5,2.1123260437375744
01001,"Autauga County, Alabama",AL,2014,52475.0,12.8,21.9,92.75034653531968,8.5,37.9,1.585014409221902
01001,"Autauga County, Alabama",AL,2015,51281.0,12.9,23.2,92.89333440994791,7.6,37.7,1.8449419568822554
01001,"Autauga County, Alabama",AL,2016,53099.0,12.3,24.6,92.60399424011196,5.6,37.8,2.0903629330919267
01001,"Autauga County, Alabama",AL,2017,55317.0,13.7,25.0,92.58212550634529,5.2,37.8,2.4707091469681397
01001,"Autauga County, Alabama",AL,2018,58786.0,15.4,27.7,92.8580079938633,4.2,37.8,2.763222531521205
01001,"Autauga County, Alabama",AL,2019,58731.0,15.2,26.6,93.1608058460172,3.7,38.2,3.4057235640349095
01001,"Autauga County, Alabama",AL,2020,57982.0,15.2,28.3,93.59649831106087,2.9,38.6,3.823800553128382
01001,"Autauga County, Alabama",AL,2021,62660.0,13.6,28.1,97.970245064395,2.8,38.5,4.739587270390808
01001,"Autauga County, Alabama",AL,2022,68315.0,11.4,29.6,98.84835883564132,2.8,39.0,5.338315267655655
01001,"Autauga County, Alabama",AL,2023,69841.0,10.7,28.3,99.72983702746713,2.5,39.2,5.786625148279953
01003,"Baldwin County, Alabama",AL,2010,50147.0,,26.8,110.57178224672231,6.6,41.0,3.2338308457711444
01003,"Baldwin County, Alabama",AL,2011,51321.0,,27.2,112.91919418103502,7.7,41.4,3.2855147898946298
01003,"Baldwin County, Alabama",AL,2012,50706.0,13.3,27.7,115.24836524018829,8.5,41.2,3.2731064984671057
01003,"Baldwin County, Alabama",AL,2013,50221.0,13.9,27.7,117.69390050294496,9.2,41.5,3.4135873677420956
01003,"Baldwin County, Alabama",AL,2014,50183.0,13.8,28.6,120.26712189181777,8.6,41.8,3.284875934448584
01003,"Baldwin County, Alabama",AL,2015,50254.0,13.4,29.0,122.73026903403873,7.5,42.2,3.928808103758402
01003,"Baldwin County, Alabama",AL,2016,51365.0,13.0,29.5,125.49093114006727,6.3,42.3,5.077047850770478
01003,"Baldwin County, Alabama",AL,2017,52562.0,11.8,30.7,127.91256456640811,5.5,42.6,5.647961565171852
01003,"Baldwin County, Alabama",AL,2018,55962.0,10.6,31.3,130.89840713130158,4.4,42.8,6.13323124042879
01003,"Baldwin County, Alabama",AL,2019,58320.0,10.4,31.9,133.8691537995114,4.3,43.0,6.503043772345154
01003,"Baldwin County, Alabama",AL,2020,61756.0,9.2,31.9,137.30284129935416,3.9,43.2,6.435765927207563
01003,"Baldwin County, Alabama",AL,2021,64346.0,9.2,32.5,142.86442123590106,3.7,43.4,7.806137359961032
01003,"Baldwin County, Alabama",AL,2022,71039.0,10.2,32.6,146.8201751627212,3.4,43.7,9.100269210787323
01003,"Baldwin County, Alabama",AL,2023,75019.0,10.5,32.8,150.92437207359754,3.2,43.7,9.964800768655131
01031,"Coffee County, Alabama",AL,2010,42253.0,,22.1,71.20765376605704,7.5,37.9,2.352137419480773
01031,"Coffee County, Alabama",AL,2011,42065.0,,21.3,72.49192177747406,7.3,37.7,2.3959341723136496
01031,"Coffee County, Alabama",AL,2012,44626.0,17.1,22.6,73.58914616796223,7.6,37.8,2.7773759583393605
01031,"Coffee County, Alabama",AL,2013,43768.0,18.6,22.5,74.32848394517707,7.7,37.8,2.5950133139675624
01031,"Coffee County, Alabama",AL,2014,45558.0,18.8,23.2,74.70846232470184,7.3,38.2,2.8183023872679045
01031,"Coffee County, Alabama",AL,2015,46729.0,17.1,23.9,74.94116226255034,7.1,38.8,2.8311472381304266
01031,"Coffee County, Alabama",AL,2016,47872.0,16.4,23.7,75.09875019514394,6.2,39.3,2.8058208276489314
01031,"Coffee County, Alabama",AL,2017,49821.0,16.1,22.7,75.21951851731848,6.0,39.3,2.779908840651654
01031,"Coffee County, Alabama",AL,2018,53155.0,15.1,23.4,75.53616716692244,5.9,39.3,2.6578073089700998
01031,"Coffee County, Alabama",AL,2019,55637.0,15.1,22.8,76.08698853879167,5.7,39.3,2.537480420675766
01031,"Coffee County, Alabama",AL,2020,56799.0,15.4,21.7,76.93531236284696,5.5,39.5,2.680283637336663
01031,"Coffee County, Alabama",AL,2021,59034.0,15.9,22.7,78.12090381834088,5.1,39.1,3.110578629747959
01031,"Coffee County, Alabama",AL,2022,62199.0,16.3,21.6,78.88086057739041,4.8,39.2,3.0702721778640436
01031,"Coffee County, Alabama",AL,2023,64672.0,17.6,21.5,79.8705717054549,4.3,38.8,4.072966766324364
01033,"Colbert County, Alabama",AL,2010,39610.0,,16.4,91.82178014109044,7.4,41.6,1.5616681455190773
01033,"Colbert County, Alabama",AL,2011,40247.0,,17.4,91.87574731892748,8.5,41.7,1.6748589113417076
01033,"Colbert County, Alabama",AL,2012,40158.0,16.2,18.0,91.83021251262748,8.7,41.7,1.8979237171864995
01033,"Colbert County, Alabama",AL,2013,39077.0,17.9,17.7,91.83864488416451,9.9,41.7,1.6475950809553204
01033,"Colbert County, Alabama",AL,2014,39914.0,18.3,17.6,91.89767148492376,10.0,42.3,1.4252807371148863
01033,"Colbert County, Alabama",AL,2015,40576.0,17.4,18.6,91.81840719247563,9.0,42.2,1.5301487113278822
01033,"Colbert County, Alabama",AL,2016,43786.0,16.5,18.5,91.70541341387936,7.5,42.4,1.5951544294433142
01033,"Colbert County, Alabama",AL,2017,45477.0,16.8,18.8,91.80322892370897,6.9,42.5,1.9716630748773443
01033,"Colbert County, Alabama",AL,2018,47558.0,16.3,18.7,91.9044173821534,5.9,42.7,2.088429826945728
01033,"Colbert County, Alabama",AL,2019,48065.0,15.5,18.1,92.36988429099777,4.4,42.4,2.384441188224324
01033,"Colbert County, Alabama",AL,2020,47962.0,15.5,17.4,92.68356851217551,4.0,42.5,3.7129565816678154
01033,"Colbert County, Alabama",AL,2021,52017.0,15.1,17.9,95.77318944334543,3.8,42.1,3.8724095895977246
01033,"Colbert County, Alabama",AL,2022,56149.0,15.9,18.0,96.58438358520827,3.4,42.0,5.060527882516372
01033,"Colbert County, Alabama",AL,2023,56736.0,16.9,20.3,97.22187087340818,3.3,42.3,6.895474600757487
01045,"Dale County, Alabama",AL,2010,43353.0,,17.5,88.62742442253163,7.6,35.8,2.0941446613088406
01045,"Dale County, Alabama",AL,2011,45491.0,,17.6,88.96603714403336,8.5,36.0,2.5635114574208124
01045,"Dale County, Alabama",AL,2012,45247.0,16.0,17.5,89.33851113768527,8.8,36.0,2.904660428055221
01045,"Dale County, Alabama",AL,2013,44889.0,17.4,17.0,89.29039248778766,10.4,36.1,2.6356882600671936
01045,"Dale County, Alabama",AL,2014,44473.0,18.7,16.9,89.13177916034738,10.8,36.6,3.356748856725284
01045,"Dale County, Alabama",AL,2015,45028.0,19.1,16.4,88.86979984423814,10.9,36.8,2.558655981461813
01045,"Dale County, Alabama",AL,2016,44093.0,20.5,16.1,88.40821723966472,10.4,36.9,2.3629719853836786
01045,"Dale County, Alabama",AL,2017,44711.0,19.6,16.8,88.02683238492068,10.4,37.1,2.16448082043191
01045,"Dale County, Alabama",AL,2018,45960.0,18.4,17.0,87.78089261877732,8.8,37.5,3.011748307447232
01045,"Dale County, Alabama",AL,2019,47214.0,17.6,18.1,87.82010040758277,8.0,37.3,2.20417058794393
01045,"Dale County, Alabama",AL,2020,45644.0,18.4,18.2,87.84861516307765,9.0,37.8,4.261741532794433
01045,"Dale County, Alabama",AL,2021,50052.0,16.7,18.7,88.11594099584218,8.2,37.9,4.08100956645634
01045,"Dale County, Alabama",AL,2022,52813.0,17.5,19.2,88.13732706246334,7.8,37.7,3.5004299661085536
01045,"Dale County, Alabama",AL,2023,53955.0,18.7,19.3,88.24603956778759,6.8,38.0,3.937330397829092
01071,"Jackson County, Alabama",AL,2010,36312.0,,12.0,49.522502006001766,7.4,41.4,1.4737133881548554
01071,"Jackson County, Alabama",AL,2011,36383.0,,13.5,49.49560071056525,8.6,41.5,1.3616227558871532
01071,"Jackson County, Alabama",AL,2012,37059.0,16.2,13.2,49.42324550214978,8.1,41.4,1.7233348858872846
01071,"Jackson County, Alabama",AL,2013,37634.0,16.0,13.0,49.32306136742067,10.2,42.0,1.9085813683803634
01071,"Jackson County, Alabama",AL,2014,36874.0,18.2,12.9,49.17556805795837,10.4,42.1,1.9930802592466255
01071,"Jackson County, Alabama",AL,2015,37745.0,18.0,12.4,49.03456816463592,10.1,42.2,2.372386971317453
01071,"Jackson County, Alabama",AL,2016,38422.0,18.8,12.6,48.800805183601334,8.6,42.8,2.432772296382279
01071,"Jackson County, Alabama",AL,2017,39281.0,19.0,13.4,48.53921327625311,7.7,43.0,2.3178973717146434
01071,"Jackson County, Alabama",AL,2018,39816.0,20.2,14.2,48.32400291276095,5.9,43.3,2.7150916784203103
01071,"Jackson County, Alabama",AL,2019,41769.0,18.6,14.0,48.09951624049758,5.1,43.1,2.5743965473980026
01071,"Jackson County, Alabama",AL,2020,42578.0,17.9,16.2,48.018812354188015,5.2,43.0,2.679539470287573
01071,"Jackson County, Alabama",AL,2021,43785.0,17.6,16.1,48.745147330974056,5.7,43.2,3.7941494010590717
01071,"Jackson County, Alabama",AL,2022,46748.0,18.6,16.2,48.810081492372554,6.0,43.0,3.870548868800879
01071,"Jackson County, Alabama",AL,2023,49454.0,16.8,15.6,49.01508791621637,5.4,43.4,4.30984555984556
01089,"Madison County, Alabama",AL,2010,55851.0,,37.4,403.0434093769843,8.1,37.1,2.7222656275222605
01089,"Madison County, Alabama",AL,2011,57453.0,,37.4,410.8016332314955,9.0,37.1,2.8179818953613256
01089,"Madison County, Alabama",AL,2012,58242.0,12.4,37.8,417.49074664328015,9.3,37.3,2.810172914300139
01089,"Madison County, Alabama",AL,2013,58434.0,12.8,38.5,423.2517175003524,10.0,37.4,2.9213992495026067
01089,"Madison County, Alabama",AL,2014,58203.0,13.4,38.6,428.1793560636776,9.6,37.6,3.118772419290554
01089,"Madison County, Alabama",AL,2015,57993.0,13.7,39.4,432.1825945825916,8.5,37.8,2.9968746525676027
01089,"Madison County, Alabama",AL,2016,60150.0,13.3,40.7,436.59251922090914,7.3,38.1,3.093817803806381
01089,"Madison County, Alabama",AL,2017,61318.0,13.6,40.6,440.63443034626954,6.5,38.2,3.3870227688494015
01089,"Madison County, Alabama",AL,2018,63417.0,13.2,41.7,446.0573277727947,5.8,38.5,3.653381819032196
01089,"Madison County, Alabama",AL,2019,65449.0,12.5,42.8,451.9405539663748,5.0,38.5,3.9744305557138135
01089,"Madison County, Alabama",AL,2020,66887.0,11.4,43.8,458.6895475429796,4.5,38.5,6.606336349849174
01089,"Madison County, Alabama",AL,2021,71153.0,10.9,44.3,476.73218970535214,4.4,38.6,9.16682349778196
01089,"Madison County, Alabama",AL,2022,78058.0,10.7,45.1,486.2531359117566,4.2,38.5,11.443642624271952
01089,"Madison County, Alabama",AL,2023,83528.0,10.5,45.7,495.42727616357763,3.8,38.2,13.575788532754437
01097,"Mobile County, Alabama",AL,2010,40996.0,,19.8,332.3805448952068,9.7,36.3,2.6550492350356043
01097,"Mobile County, Alabama",AL,2011,42187.0,,20.1,333.9260469149339,10.4,36.4,2.797610288707731
01097,"Mobile County, Alabama",AL,2012,42973.0,19.5,20.3,335.3714980144366,11.1,36.6,2.842932399423173
01097,"Mobile County, Alabama",AL,2013,43028.0,19.8,20.7,336.09625711947706,11.9,36.7,3.079640947288006
01097,"Mobile County, Alabama",AL,2014,43844.0,19.9,21.4,336.79335987258554,11.1,36.9,3.3087774762146203
01097,"Mobile County, Alabama",AL,2015,43809.0,19.3,22.0,336.9609248284086,9.8,37.0,3.6685120861143052
01097,"Mobile County, Alabama",AL,2016,44263.0,19.5,22.5,336.99346171303443,8.7,37.2,3.902384430516941
01097,"Mobile County, Alabama",AL,2017,45802.0,19.3,23.0,337.0235583313133,7.5,37.3,4.148424393694068
01097,"Mobile County, Alabama",AL,2018,46166.0,19.3,22.9,337.2928010515921,6.2,37.6,4.29469598363704
01097,"Mobile County, Alabama",AL,2019,47583.0,18.8,23.2,336.8494859985651,5.8,37.9,4.348682647568388
01097,"Mobile County, Alabama",AL,2020,49625.0,17.9,24.4,336.7380471687216,5.6,38.1,4.901774013843427
01097,"Mobile County, Alabama",AL,2021,51169.0,17.6,23.9,337.26107758908194,5.8,38.3,5.651029214363489
01097,"Mobile County, Alabama",AL,2022,55352.0,17.6,24.2,336.6575183792727,5.9,38.2,6.318821912609468
01097,"Mobile County, Alabama",AL,2023,58119.0,16.3,25.2,336.0751081444703,5.3,38.4,7.493639832818463
01101,"Montgomery County, Alabama",AL,2010,43725.0,,30.5,290.3393391481505,7.9,34.6,2.3734819316460958
01101,"Montgomery County, Alabama",AL,2011,44587.0,,31.2,291.5120646845356,8.6,34.6,2.2599038423332143
01101,"Montgomery County, Alabama",AL,2012,44401.0,20.4,30.9,292.06850448844466,8.7,34.7,2.3262824699794002
01101,"Montgomery County, Alabama",AL,2013,44790.0,21.2,31.5,291.5642707073279,8.9,34.8,2.220139178986622
01101,"Montgomery County, Alabama",AL,2014,44830.0,22.0,31.3,291.3987394155472,8.9,34.9,2.690496292302841
01101,"Montgomery County, Alabama",AL,2015,44369.0,22.6,31.1,290.4921372636404,8.8,35.2,2.7964353578360144
01101,"Montgomery County, Alabama",AL,2016,45358.0,21.3,31.5,289.5422423123448,8.4,36.0,3.1060060780550223
01101,"Montgomery County, Alabama",AL,2017,46545.0,20.8,32.3,289.1958999172343,7.6,35.9,3.3870499854955036
01101,"Montgomery County, Alabama",AL,2018,47990.0,20.7,32.1,288.9679760616286,7.6,36.2,3.567883036009747
01101,"Montgomery County, Alabama",AL,2019,50124.0,19.4,33.4,288.9679760616286,6.6,36.4,3.496713089695686
01101,"Montgomery County, Alabama",AL,2020,51963.0,18.8,33.7,288.3440504233781,6.4,36.7,5.1786707101339395
01101,"Montgomery County, Alabama",AL,2021,52511.0,19.6,33.4,291.6814159292035,6.6,36.8,5.763601187160034
01101,"Montgomery County, Alabama",AL,2022,56707.0,19.6,33.7,290.4844973578659,6.8,36.9,6.330276165311515
01101,"Montgomery County, Alabama",AL,2023,58153.0,19.3,34.3,289.2939453746737,6.0,36.9,7.292955528514311
01117,"Shelby County, Alabama",AL,2010,68380.0,,39.6,239.2035037685883,5.5,36.5,4.895410419530492
01117,"Shelby County, Alabama",AL,2011,68883.0,,40.0,244.07338561825216,6.5,36.8,4.957188877585622
01117,"Shelby County, Alabama",AL,2012,69379.0,7.7,40.5,248.57022815237318,6.4,36.9,5.053252464619938
01117,"Shelby County, Alabama",AL,2013,68770.0,7.9,40.3,252.55398248115705,6.5,37.3,4.707128174248874
01117,"Shelby County, Alabama",AL,2014,69723.0,8.6,40.2,256.12140965573434,6.2,37.5,4.815252372998737
01117,"Shelby County, Alabama",AL,2015,70187.0,8.3,40.8,259.12864127113465,5.5,37.9,4.860280744767436
01117,"Shelby County, Alabama",AL,2016,72310.0,8.5,41.4,262.21099001833363,4.6,38.1,4.759976693890047
01117,"Shelby County, Alabama",AL,2017,74063.0,8.3,42.2,265.7376756976981,4.3,38.5,4.945322229140722
01117,"Shelby County, Alabama",AL,2018,75761.0,8.4,42.1,268.97153188021997,4.0,38.9,5.170382150350153
01117,"Shelby County, Alabama",AL,2019,77799.0,7.5,42.9,271.7355876960684,3.6,39.3,5.370500123089742
01117,"Shelby County, Alabama",AL,2020,78889.0,6.9,44.2,275.4507027907924,3.8,39.5,8.240099449476114
01117,"Shelby County, Alabama",AL,2021,82592.0,7.0,44.8,281.0908535343247,3.3,39.7,10.911661033536005
01117,"Shelby County, Alabama",AL,2022,90618.0,6.9,45.6,285.08352006518635,3.1,40.0,13.117617848402086
01117,"Shelby County, Alabama",AL,2023,93543.0,6.9,46.2,288.95268893868405,2.9,40.0,15.15056132619872
04013,"Maricopa County, Arizona",AZ,2010,55054.0,,29.0,407.6825470517047,7.1,34.1,5.200523517842881
04013,"Maricopa County, Arizona",AZ,2011,55099.0,,29.1,412.7863355311661,8.3,34.4,5.494711349868342
04013,"Maricopa County, Arizona",AZ,2012,54385.0,15.8,29.5,417.507698500466,9.0,34.6,5.578701155106621
04013,"Maricopa County, Arizona",AZ,2013,53596.0,16.7,29.8,422.6525659349831,9.5,35.0,5.799061700079384
04013,"Maricopa County, Arizona",AZ,2014,53689.0,17.1,30.0,428.9797030839211,8.9,35.3,5.877295359902765
04013,"Maricopa County, Arizona",AZ,2015,54229.0,17.0,30.4,436.6696182656596,7.7,35.6,5.899330781913832
04013,"Maricopa County, Arizona",AZ,2016,55676.0,16.5,31.0,444.3209540054807,6.8,35.8,6.119725652886593
04013,"Maricopa County, Arizona",AZ,2017,58580.0,15.7,31.4,451.59692807661816,6.0,36.0,6.377147603726368
04013,"Maricopa County, Arizona",AZ,2018,61606.0,14.7,32.0,462.2918014230272,5.5,36.1,6.607014282468747
04013,"Maricopa County, Arizona",AZ,2019,64468.0,13.8,32.7,470.4311942717245,5.0,36.4,7.020880861105232
04013,"Maricopa County, Arizona",AZ,2020,67799.0,12.7,33.4,479.55648204175884,5.1,36.6,9.846815988789418
04013,"Maricopa County, Arizona",AZ,2021,72944.0,12.0,34.4,474.60168628023763,5.0,36.9,13.167468030495384
04013,"Maricopa County, Arizona",AZ,2022,80675.0,11.5,35.0,481.5226208112507,4.8,37.1,16.21915035578898
04013,"Maricopa County, Arizona",AZ,2023,85518.0,11.3,35.9,488.1643705921629,4.6,37.5,18.767221504326123
04015,"Mohave County, Arizona",AZ,2010,39785.0,,12.0,14.939636747889569,10.8,46.3,3.255712195588859
04015,"Mohave County, Arizona",AZ,2011,40573.0,,12.2,15.053122092078693,12.1,46.8,3.231231064291075
04015,"Mohave County, Arizona",AZ,2012,39383.0,18.6,12.2,15.092575688273985,14.2,47.4,3.560778553066471
04015,"Mohave County, Arizona",AZ,2013,39200.0,19.4,11.9,15.127378860583141,14.5,48.0,3.3381799649243775
04015,"Mohave County, Arizona",AZ,2014,38456.0,19.9,12.2,15.187534343755432,14.3,48.6,3.05417378551233
04015,"Mohave County, Arizona",AZ,2015,38488.0,19.8,11.8,15.253540360203832,13.2,49.2,2.8239939999693875
04015,"Mohave County, Arizona",AZ,2016,39856.0,19.3,11.9,15.273567185648972,11.7,49.7,2.9084347666523946
04015,"Mohave County, Arizona",AZ,2017,41567.0,18.6,12.3,15.353224446408289,10.1,50.4,3.0837004405286343
04015,"Mohave County, Arizona",AZ,2018,43266.0,17.5,12.9,15.456208833435166,8.9,50.9,3.5721971164191952
04015,"Mohave County, Arizona",AZ,2019,45587.0,16.4,12.9,15.578544984375325,8.0,51.6,4.490265710315399
04015,"Mohave County, Arizona",AZ,2020,47686.0,16.2,13.4,15.826292566567442,7.6,52.3,5.17521179447684
04015,"Mohave County, Arizona",AZ,2021,49738.0,16.0,14.6,15.84699445354444,7.4,52.3,5.486006862534849
04015,"Mohave County, Arizona",AZ,2022,53592.0,16.0,14.4,16.06863965650469,7.5,52.9,6.516048487777375
04015,"Mohave County, Arizona",AZ,2023,55799.0,16.8,14.9,16.30798647296701,6.9,53.2,7.986376496775145
04019,"Pima County, Arizona",AZ,2010,45521.0,,29.6,104.96186072225747,8.0,37.3,4.839505231478944
04019,"Pima County, Arizona",AZ,2011,46341.0,,29.5,106.0195740633322,9.2,37.5,4.820553124805314
04019,"Pima County, Arizona",AZ,2012,46443.0,18.5,29.4,106.7669058375024,10.1,37.7,4.787025947624728
04019,"Pima County, Arizona",AZ,2013,45841.0,19.2,29.8,107.40279626366761,10.9,37.8,4.872689798656413
04019,"Pima County, Arizona",AZ,2014,46233.0,19.0,30.1,108.08330676081138,10.8,37.9,4.747409747879717
04019,"Pima County, Arizona",AZ,2015,46162.0,19.3,30.3,108.67022393834158,10.0,38.0,4.5741238151502905
04019,"Pima County, Arizona",AZ,2016,46764.0,19.1,30.8,109.1927140865564,9.2,38.1,4.69005991529705
04019,"Pima County, Arizona",AZ,2017,48676.0,18.3,31.6,109.61921666744661,8.4,38.2,4.826733539394646
04019,"Pima County, Arizona",AZ,2018,51037.0,17.8,31.9,110.9757756546363,7.6,38.3,4.991241826468943
04019,"Pima County, Arizona",AZ,2019,53379.0,16.8,32.4,111.79036402359857,7.0,38.5,5.439556589336534
04019,"Pima County, Arizona",AZ,2020,55023.0,15.9,33.6,113.01676299886054,6.8,38.7,7.753375855250105
04019,"Pima County, Arizona",AZ,2021,59215.0,15.1,34.4,112.64532811532438,6.3,38.9,10.28949577800342
04019,"Pima County, Arizona",AZ,2022,64323.0,14.9,35.0,113.44304792086793,5.9,39.0,12.091862509784026
04019,"Pima County, Arizona",AZ,2023,67929.0,14.4,35.9,114.26514552128758,5.7,39.7,13.818152278013407
04021,"Pinal County, Arizona",AZ,2010,51310.0,,17.9,61.3667752071497,7.7,35.7,5.653388837445609
04021,"Pinal County, Arizona",AZ,2011,51212.0,,18.1,65.54340653371095,9.9,35.6,5.769692699409099
04021,"Pinal County, Arizona",AZ,2012,50164.0,15.2,18.3,68.64904463192366,11.5,35.8,6.0386924201424526
04021,"Pinal County, Arizona",AZ,2013,50027.0,15.6,18.0,70.65312696664789,12.1,36.1,5.741447197070674
04021,"Pinal County, Arizona",AZ,2014,50248.0,16.8,17.8,72.70901652557274,11.6,36.6,5.665160282767622
04021,"Pinal County, Arizona",AZ,2015,49477.0,17.3,18.0,72.6367100399978,10.6,37.6,5.52620392299751
04021,"Pinal County, Arizona",AZ,2016,51190.0,16.5,18.5,74.0962574498509,9.4,38.3,5.5149343236564885
04021,"Pinal County, Arizona",AZ,2017,52628.0,15.5,18.6,75.57462690878407,7.8,38.5,5.549815498154982
04021,"Pinal County, Arizona",AZ,2018,55550.0,14.2,19.0,78.21791348454458,7.8,38.9,5.92027579093093
04021,"Pinal County, Arizona",AZ,2019,58174.0,13.2,19.5,80.65397116350267,7.1,39.3,6.455408926620156
04021,"Pinal County, Arizona",AZ,2020,60968.0,12.1,20.9,83.40571746762562,7.1,39.8,7.998589271163973
04021,"Pinal County, Arizona",AZ,2021,65488.0,11.4,20.9,78.38638014165736,6.4,39.8,10.294276372178661
04021,"Pinal County, Arizona",AZ,2022,73313.0,11.3,21.4,80.75553568576646,6.4,39.8,12.423127903227732
04021,"Pinal County, Arizona",AZ,2023,77588.0,10.9,22.2,83.71506995745659,5.8,40.3,14.85185767554697
04025,"Yavapai County, Arizona",AZ,2010,43290.0,,23.7,25.761824142987848,7.1,48.1,7.687301812674523
04025,"Yavapai County, Arizona",AZ,2011,44084.0,,24.2,25.956090407432246,8.8,48.6,7.60496719215002
04025,"Yavapai County, Arizona",AZ,2012,43652.0,15.3,24.4,26.01050465894329,10.2,49.3,7.528382995921667
04025,"Yavapai County, Arizona",AZ,2013,42987.0,15.8,24.2,26.095203765367717,10.8,50.1,6.961007888145351
04025,"Yavapai County, Arizona",AZ,2014,44000.0,16.1,24.9,26.3070746405951,10.9,50.8,7.241348858919853
04025,"Yavapai County, Arizona",AZ,2015,44748.0,16.0,25.6,26.591087487282824,10.0,51.3,7.1549054656227185
04025,"Yavapai County, Arizona",AZ,2016,46638.0,14.7,25.5,26.90994022803757,8.5,51.9,7.090832777818927
04025,"Yavapai County, Arizona",AZ,2017,48259.0,14.7,25.0,27.203678698864145,7.3,52.2,7.32838249507567
04025,"Yavapai County, Arizona",AZ,2018,50180.0,14.0,25.2,27.655858666737576,6.7,52.9,7.509195304628607
04025,"Yavapai County, Arizona",AZ,2019,52451.0,13.0,25.9,28.07713823386605,5.7,53.4,7.9474895932652725
04025,"Yavapai County, Arizona",AZ,2020,53329.0,12.6,26.3,28.610077814841844,5.8,54.1,7.9610505911558995
04025,"Yavapai County, Arizona",AZ,2021,56170.0,12.5,27.8,28.781568883518045,5.4,54.2,9.51828270769775
04025,"Yavapai County, Arizona",AZ,2022,62430.0,12.3,28.7,29.27905302459524,4.9,54.5,11.022451946373769
04025,"Yavapai County, Arizona",AZ,2023,66106.0,12.6,29.6,29.750068694914802,4.2,55.0,12.510578876100203
04027,"Yuma County, Arizona",AZ,2010,40340.0,,13.3,34.55415266099585,11.1,33.9,3.4128265759271006
04027,"Yuma County, Arizona",AZ,2011,41441.0,,13.9,35.18329700654971,11.7,33.8,3.524304809386685
04027,"Yuma County, Arizona",AZ,2012,41156.0,21.4,14.2,35.62309955424878,13.0,33.6,3.525341984009646
04027,"Yuma County, Arizona",AZ,2013,41595.0,20.2,14.3,36.09572860138437,13.6,33.4,3.6887216768974005
04027,"Yuma County, Arizona",AZ,2014,41380.0,20.7,14.0,36.53589387283413,13.4,33.6,3.525154825690627
04027,"Yuma County, Arizona",AZ,2015,40743.0,20.7,14.4,36.81410298960543,13.1,33.8,3.2852575098461667
04027,"Yuma County, Arizona",AZ,2016,41467.0,20.5,14.4,36.869418361584074,12.5,34.0,3.208850889928483
04027,"Yuma County, Arizona",AZ,2017,43253.0,19.7,14.3,37.04878525629516,10.9,34.1,3.040744137298572
04027,"Yuma County, Arizona",AZ,2018,44058.0,20.1,14.8,37.692257190000866,9.9,34.3,2.626731078904992
04027,"Yuma County, Arizona",AZ,2019,45243.0,19.4,15.0,37.989509303682844,10.0,34.6,2.4243743756563614
04027,"Yuma County, Arizona",AZ,2020,48790.0,18.2,15.4,38.43620360264484,8.6,34.8,3.5041163183944506
04027,"Yuma County, Arizona",AZ,2021,52563.0,18.3,15.7,36.80630442896582,8.4,34.8,4.802190563527634
04027,"Yuma County, Arizona",AZ,2022,56439.0,17.5,16.4,37.06565191070177,8.3,35.3,5.87054496477414
04027,"Yuma County, Arizona",AZ,2023,60417.0,16.5,16.7,37.666141079951935,8.1,35.8,6.71943801063911
06001,"Alameda County, California",CA,2010,69384.0,,40.3,2004.143942331944,8.5,36.2,5.113099155384531
06001,"Alameda County, California",CA,2011,70821.0,,40.8,2027.0549533399687,9.2,36.4,5.1519020839268235
06001,"Alameda County, California",CA,2012,71516.0,12.0,41.1,2054.5275553181045,9.9,36.6,5.237621764943224
06001,"Alameda County, California",CA,2013,72112.0,12.5,41.8,2081.7994689895886,10.3,36.8,5.452898263249234
06001,"Alameda County, California",CA,2014,73775.0,12.9,42.1,2114.424878841215,9.6,36.9,5.559032108620506
06001,"Alameda County, California",CA,2015,75619.0,12.5,43.0,2149.2402320390747,8.3,37.1,5.606063977127982
06001,"Alameda County, California",CA,2016,79831.0,12.0,43.9,2176.677577963339,7.1,37.2,5.955122194797952
06001,"Alameda County, California",CA,2017,85743.0,11.3,44.7,2209.7613165152916,6.0,37.3,6.028574500649783
06001,"Alameda County, California",CA,2018,92574.0,10.6,46.0,2228.8606056990056,5.1,37.4,6.2702334965045905
06001,"Alameda County, California",CA,2019,99406.0,9.9,47.4,2246.561856746517,4.6,37.6,6.445956713190033
06001,"Alameda County, California",CA,2020,104888.0,9.3,48.7,2253.1113467541377,4.7,37.8,10.97899762470903
06001,"Alameda County, California",CA,2021,112017.0,8.9,49.6,2268.7718146833327,5.0,38.0,16.36108867513523
06001,"Alameda County, California",CA,2022,122488.0,9.2,50.9,2256.1474353932813,4.9,38.4,20.604670221085495
06001,"Alameda County, California",CA,2023,126240.0,9.2,51.5,2240.046266790696,5.2,38.7,23.225850013685104
06013,"Contra Costa County, California",CA,2010,78385.0,,38.2,1429.442803959667,8.2,38.1,5.592401067131454
06013,"Contra Costa County, California",CA,2011,79135.0,,38.4,1447.586860065641,9.5,38.3,5.595302131857524
06013,"Contra Costa County, California",CA,2012,78187.0,10.2,38.6,1467.4354085272043,10.1,38.5,5.6388731121588265
06013,"Contra Costa County, California",CA,2013,78756.0,10.5,39.0,1486.6102501084488,10.4,38.6,5.74036247415243
06013,"Contra Costa County, California",CA,2014,79799.0,10.7,39.4,1508.1437631899394,9.8,38.7,5.903325927727331
06013,"Contra Costa County, California",CA,2015,80185.0,10.9,39.6,1528.8375836379894,8.8,38.8,5.832696260466317
06013,"Contra Costa County, California",CA,2016,82881.0,10.2,40.3,1545.376180904943,7.7,39.1,5.872643558335505
06013,"Contra Costa County, California",CA,2017,88456.0,9.8,40.7,1567.3490680388156,6.9,39.2,6.265548040802673
06013,"Contra Costa County, California",CA,2018,93712.0,9.1,41.7,1580.6962753633902,6.1,39.4,6.5826338416962695
06013,"Contra Costa County, California",CA,2019,99716.0,8.7,42.4,1593.2553990702008,5.3,39.7,6.633650271136126
06013,"Contra Costa County, California",CA,2020,103997.0,8.2,43.3,1600.978618524289,5.5,39.9,9.93238551222543
06013,"Contra Costa County, California",CA,2021,110455.0,8.2,44.1,1620.3041026377787,5.8,39.9,14.302050815123136
06013,"Contra Costa County, California",CA,2022,120020.0,8.3,44.5,1621.7059150906157,5.8,40.1,16.97547228477815
06013,"Contra Costa County, California",CA,2023,125727.0,8.3,44.9,1620.0460575593956,5.9,40.3,19.192092188097178
06019,"Fresno County, California",CA,2010,46430.0,,19.7,152.52963765504836,11.4,30.4,3.713392839370665
06019,"Fresno County, California",CA,2011,46903.0,,19.5,154.50886591211074,12.7,30.6,3.7194312904627913
06019,"Fresno County, California",CA,2012,45741.0,24.8,19.4,156.16938353912462,14.0,30.7,3.953784460284603
06019,"Fresno County, California",CA,2013,45563.0,26.0,19.6,157.69462956644446,14.5,30.9,4.028500959166895
06019,"Fresno County, California",CA,2014,45201.0,27.4,19.5,159.24521803986082,14.3,31.2,3.995553879438677
06019,"Fresno County, California",CA,2015,45233.0,26.8,19.4,160.57192026762965,13.2,31.4,4.160005772774706
06019,"Fresno County, California",CA,2016,45963.0,26.9,19.7,161.64788332673479,11.9,31.6,4.3771171822155335
06019,"Fresno County, California",CA,2017,48730.0,25.4,20.1,163.06706030814064,10.4,31.8,4.281694746307543
06019,"Fresno County, California",CA,2018,51261.0,24.1,20.7,164.16030993643747,9.4,32.0,4.288074341765617
06019,"Fresno County, California",CA,2019,53969.0,22.5,21.2,165.23291638016556,8.7,32.2,4.549279863731365
06019,"Fresno County, California",CA,2020,57109.0,20.8,22.0,166.18669863954702,8.9,32.4,5.633724767129636
06019,"Fresno County, California",CA,2021,61276.0,20.2,22.6,168.35943577309482,8.8,32.6,6.843637770590687
06019,"Fresno County, California",CA,2022,67756.0,19.5,23.4,169.22040761730153,8.6,32.8,8.214604226861493
06019,"Fresno County, California",CA,2023,71434.0,18.7,23.9,169.87024835429344,8.5,33.2,9.460999600740445
06085,"Santa Clara County, California",CA,2010,86850.0,,45.3,1347.2368955079608,7.8,35.8,4.540204819071613
06085,"Santa Clara County, California",CA,2011,89064.0,,45.5,1365.3286695520972,8.6,36.0,4.58964208858543
06085,"Santa Clara County, California",CA,2012,90747.0,9.7,46.0,1385.1871760474144,9.3,36.2,4.7282625573012345
06085,"Santa Clara County, California",CA,2013,91702.0,10.2,46.5,1403.6329162161408,9.7,36.4,4.675838461128451
06085,"Santa Clara County, California",CA,2014,93854.0,9.9,47.3,1426.3742715423627,8.8,36.6,4.64107968985669
06085,"Santa Clara County, California",CA,2015,96310.0,9.5,47.9,1446.9616229462993,7.7,36.8,4.577634394148156
06085,"Santa Clara County, California",CA,2016,101173.0,9.3,49.1,1460.0568204702404,6.6,36.8,4.716958382293622
06085,"Santa Clara County, California",CA,2017,106761.0,8.6,50.0,1480.326609267871,5.7,37.0,4.826976086021597
06085,"Santa Clara County, California",CA,2018,116178.0,7.9,51.3,1488.8264435156814,4.8,37.0,5.031493936710689
06085,"Santa Clara County, California",CA,2019,124055.0,7.5,52.4,1492.908284821127,4.3,37.1,5.033960695162553
06085,"Santa Clara County, California",CA,2020,130890.0,7.2,53.5,1490.5141725867566,4.2,37.2,9.736401333776143
06085,"Santa Clara County, California",CA,2021,140258.0,6.7,54.4,1496.434004294066,4.5,37.5,15.510252023593699
06085,"Santa Clara County, California",CA,2022,153792.0,6.9,55.3,1484.6679224589568,4.4,37.7,19.461220573143866
06085,"Santa Clara County, California",CA,2023,159674.0,6.9,55.9,1474.1852582790893,4.5,37.9,21.852307096811387
13015,"Bartow County, Georgia",GA,2010,49216.0,,16.5,212.29263317999866,7.2,36.1,2.18978102189781
13015,"Bartow County, Georgia",GA,2011,49060.0,,16.7,215.5220316010364,8.6,36.2,2.523124720502742
13015,"Bartow County, Georgia",GA,2012,49543.0,16.0,16.2,217.62920317535722,10.2,36.7,2.9061649508933853
13015,"Bartow County, Georgia",GA,2013,47197.0,17.1,15.9,218.7405346157953,11.3,36.7,3.1324146195326543
13015,"Bartow County, Georgia",GA,2014,48306.0,16.3,17.3,219.5881972242863,10.5,37.2,3.5267825965500386
13015,"Bartow County, Georgia",GA,2015,48893.0,15.8,17.8,220.81937813379125,8.8,37.4,4.015835817160019
13015,"Bartow County, Georgia",GA,2016,50565.0,14.8,18.5,222.13990137478237,7.7,37.4,5.061819482639121
13015,"Bartow County, Georgia",GA,2017,52393.0,14.2,19.4,223.62385570995556,6.0,37.5,5.278375616861236
13015,"Bartow County, Georgia",GA,2018,55452.0,13.2,19.5,225.79639972194923,5.6,37.9,5.670004464570445
13015,"Bartow County, Georgia",GA,2019,57423.0,14.0,18.6,228.6270262731827,4.7,38.1,5.705788635156665
13015,"Bartow County, Georgia",GA,2020,61226.0,12.6,19.8,231.9762741632873,5.8,38.2,6.789296969946649
13015,"Bartow County, Georgia",GA,2021,65559.0,12.0,19.8,235.05313689642173,5.6,38.2,8.009418068889927
13015,"Bartow County, Georgia",GA,2022,74812.0,10.8,21.0,238.4132801928051,5.5,38.2,8.99711343423311
13015,"Bartow County, Georgia",GA,2023,79431.0,10.1,22.9,242.21141882159645,4.6,38.0,10.221339387060159
13097,"Douglas County, Georgia",GA,2010,55852.0,,23.7,638.5593940181275,10.6,34.5,3.799931129476584
13097,"Douglas County, Georgia",GA,2011,54763.0,,24.2,651.9151785268165,12.3,34.8,4.536156900493322
13097,"Douglas County, Georgia",GA,2012,54526.0,13.4,24.8,660.164486504312,12.9,35.0,4.563646759187068
13097,"Douglas County, Georgia",GA,2013,52691.0,16.1,24.4,666.9697908443175,13.2,35.3,5.321126178839402
13097,"Douglas County, Georgia",GA,2014,52997.0,16.2,24.5,674.719443583927,11.5,35.6,4.944650709189522
13097,"Douglas County, Georgia",GA,2015,53881.0,16.4,26.0,682.1293307617743,10.5,35.9,5.13546166194992
13097,"Douglas County, Georgia",GA,2016,57384.0,15.2,26.1,690.938252605702,9.0,36.1,4.8563828102733
13097,"Douglas County, Georgia",GA,2017,59333.0,14.2,26.7,700.2768090017887,7.9,36.3,4.779096805776526
13097,"Douglas County, Georgia",GA,2018,62147.0,13.1,27.1,708.710989417302,6.9,36.4,5.3335127618534965
13097,"Douglas County, Georgia",GA,2019,63835.0,12.8,28.2,716.0859007284973,6.6,36.5,5.8290268897258475
13097,"Douglas County, Georgia",GA,2020,67651.0,11.5,28.1,724.8148777343632,6.7,36.6,7.4535882515932395
13097,"Douglas County, Georgia",GA,2021,67731.0,12.2,29.4,717.1051974137845,6.7,36.7,9.504015676726889
13097,"Douglas County, Georgia",GA,2022,76930.0,11.6,29.9,723.1760085540976,6.6,36.7,12.051285749311335
13097,"Douglas County, Georgia",GA,2023,80764.0,11.3,30.8,730.2011611987729,6.1,36.8,12.679456412149785
13113,"Fayette County, Georgia",GA,2010,82216.0,,41.5,541.4473684210526,5.6,41.4,6.78562708553756
13113,"Fayette County, Georgia",GA,2011,81498.0,,41.7,545.3022203947369,7.0,42.0,6.731066939129358
13113,"Fayette County, Georgia",GA,2012,81242.0,6.7,42.1,547.5174753289474,8.1,42.3,7.108819783921456
13113,"Fayette County, Georgia",GA,2013,79977.0,7.7,42.6,550.4985608552631,9.0,42.7,7.139730253694941
13113,"Fayette County, Georgia",GA,2014,79993.0,8.1,43.3,554.7388980263158,8.5,43.2,7.237773889860868
13113,"Fayette County, Georgia",GA,2015,79066.0,8.5,43.8,558.4652549342105,7.6,43.3,7.058967958423702
13113,"Fayette County, Georgia",GA,2016,81689.0,7.1,45.8,562.7826891447369,6.3,43.5,8.47738432671963
13113,"Fayette County, Georgia",GA,2017,84861.0,6.3,46.7,566.9510690789474,5.5,43.5,8.545903373692253
13113,"Fayette County, Georgia",GA,2018,87272.0,5.6,46.5,572.4146792763158,5.0,43.5,8.720818430060381
13113,"Fayette County, Georgia",GA,2019,90145.0,5.5,46.2,577.2152549342105,3.9,43.4,9.436694870035826
13113,"Fayette County, Georgia",GA,2020,93777.0,4.7,46.8,583.59375,4.2,43.4,11.813546149034178
13113,"Fayette County, Georgia",GA,2021,96084.0,5.4,46.2,605.6126644736842,4.1,43.2,12.928178840424154
13113,"Fayette County, Georgia",GA,2022,105910.0,5.3,47.2,612.9677220394736,3.9,43.2,15.549845647632955
13113,"Fayette County, Georgia",GA,2023,108986.0,5.5,48.1,620.3176398026316,3.7,43.3,17.49131468275736
13115,"Floyd County, Georgia",GA,2010,41066.0,,17.9,187.93239063103778,8.6,37.2,2.647343955852743
13115,"Floyd County, Georgia",GA,2011,43129.0,,18.1,188.26192451712498,10.4,37.4,2.5269668854190237
13115,"Floyd County, Georgia",GA,2012,41442.0,20.9,18.2,188.70522605436133,11.9,37.7,2.614715495277556
13115,"Floyd County, Georgia",GA,2013,40821.0,21.0,18.1,188.5934199144389,12.6,38.0,2.6388269548566483
13115,"Floyd County, Georgia",GA,2014,41046.0,21.4,18.6,188.5914584032122,12.1,38.1,2.643840636615884
13115,"Floyd County, Georgia",GA,2015,41549.0,21.3,18.6,188.6365731614265,10.9,38.0,3.820012264922322
13115,"Floyd County, Georgia",GA,2016,42955.0,19.8,19.8,188.69541849822778,9.3,38.3,4.42027891053718
13115,"Floyd County, Georgia",GA,2017,46096.0,18.1,20.5,189.22894955189278,7.5,38.3,4.755843837963529
13115,"Floyd County, Georgia",GA,2018,46367.0,19.1,20.4,189.9213630149212,6.3,38.5,4.8108108108108105
13115,"Floyd County, Georgia",GA,2019,48336.0,18.4,20.9,190.9903866334779,5.4,38.3,4.428870394704823
13115,"Floyd County, Georgia",GA,2020,50657.0,18.6,21.4,191.84560552832326,5.6,38.4,4.124259639792095
13115,"Floyd County, Georgia",GA,2021,52388.0,18.7,20.9,192.6400175751406,4.6,38.1,4.703970169945264
13115,"Floyd County, Georgia",GA,2022,57868.0,17.5,22.3,193.28927779118143,4.1,38.0,5.092494900471267
13115,"Floyd County, Georgia",GA,2023,62540.0,16.8,24.9,194.16018877584045,4.3,37.8,6.189295069426737
13185,"Lowndes County, Georgia",GA,2010,39096.0,,22.3,210.9971261304926,9.3,30.1,1.7478020703759145
13185,"Lowndes County, Georgia",GA,2011,38535.0,,22.4,215.5341797405272,10.9,29.9,2.0463673261225273
13185,"Lowndes County, Georgia",GA,2012,38348.0,23.4,22.3,220.67858715828808,12.4,29.8,2.177117109529625
13185,"Lowndes County, Georgia",GA,2013,37365.0,24.3,23.1,223.90440009733751,13.3,29.5,2.231401439339096
13185,"Lowndes County, Georgia",GA,2014,37248.0,25.3,23.0,226.27951548450545,13.1,29.4,2.6381083660269327
13185,"Lowndes County, Georgia",GA,2015,36834.0,26.5,23.5,227.66315594714013,13.0,29.4,3.0339549240982704
13185,"Lowndes County, Georgia",GA,2016,38915.0,25.0,23.9,229.06087414703995,11.0,29.9,2.949232828750901
13185,"Lowndes County, Georgia",GA,2017,39911.0,25.0,25.2,229.14735167595464,9.2,30.1,2.6457749958820624
13185,"Lowndes County, Georgia",GA,2018,41390.0,25.2,25.6,230.43647018838024,7.6,30.2,3.1198114174438865
13185,"Lowndes County, Georgia",GA,2019,42441.0,24.4,25.3,232.00915455143303,6.5,30.5,2.516503300660132
13185,"Lowndes County, Georgia",GA,2020,46113.0,22.7,26.2,234.1650594583289,5.8,30.6,2.6536175887971445
13185,"Lowndes County, Georgia",GA,2021,48703.0,22.9,26.4,236.1781758872494,5.6,30.7,3.606672246335909
13185,"Lowndes County, Georgia",GA,2022,52821.0,20.6,26.1,237.82728225259885,5.1,30.9,3.9951897381079635
13185,"Lowndes County, Georgia",GA,2023,55887.0,20.3,27.1,239.43214430082918,5.7,31.3,4.710498648242716
13217,"Newton County, Georgia",GA,2010,52361.0,,19.4,353.65809118931793,11.1,33.9,4.095595571815461
13217,"Newton County, Georgia",GA,2011,51691.0,,19.4,361.07580605104386,12.6,34.3,3.9939535652707905
13217,"Newton County, Georgia",GA,2012,51336.0,14.6,19.1,365.3964149537626,13.2,34.6,4.262869038607116
13217,"Newton County, Georgia",GA,2013,50580.0,15.2,19.4,368.1757753721641,13.8,34.9,4.764524384701859
13217,"Newton County, Georgia",GA,2014,49208.0,16.6,19.4,370.7140874494164,12.4,35.4,4.184738572994614
13217,"Newton County, Georgia",GA,2015,49179.0,17.1,20.2,374.88495420081523,11.8,35.8,3.7477705810569795
13217,"Newton County, Georgia",GA,2016,51068.0,17.0,19.8,379.47217717783525,10.6,36.1,3.968801766979569
13217,"Newton County, Georgia",GA,2017,52784.0,16.7,19.9,383.6393916816409,9.0,36.2,3.7609685660335446
13217,"Newton County, Georgia",GA,2018,53309.0,17.9,19.6,388.9534119297016,7.7,36.2,4.259263297930342
13217,"Newton County, Georgia",GA,2019,56316.0,15.5,19.8,394.73126762209466,6.6,36.4,4.748153263439848
13217,"Newton County, Georgia",GA,2020,59178.0,15.0,20.9,401.14461439569914,6.2,36.5,6.2969064616511075
13217,"Newton County, Georgia",GA,2021,64767.0,13.6,21.7,406.3563717111511,5.8,36.5,8.38198661061809
13217,"Newton County, Georgia",GA,2022,70732.0,13.4,22.6,413.79234781084284,6.6,36.4,9.90798773169756
13217,"Newton County, Georgia",GA,2023,73732.0,12.3,23.6,421.94416443879567,6.6,36.4,10.953775438336361
17031,"Cook County, Illinois",IL,2010,53942.0,,33.2,5474.336112736751,9.9,35.1,3.713697780791424
17031,"Cook County, Illinois",IL,2011,54598.0,,33.7,5485.04699304814,10.8,35.2,3.848628890377015
17031,"Cook County, Illinois",IL,2012,54648.0,16.4,34.3,5500.612216605092,11.5,35.3,3.9554262128130246
17031,"Cook County, Illinois",IL,2013,54548.0,16.9,34.7,5516.163682485525,12.2,35.5,4.029146295758931
17031,"Cook County, Illinois",IL,2014,54828.0,17.2,35.3,5532.519443300911,11.7,35.7,4.189564820378881
17031,"Cook County, Illinois",IL,2015,55251.0,17.1,35.8,5541.5846938440745,10.7,35.9,4.237110056437604
17031,"Cook County, Illinois",IL,2016,56902.0,16.7,36.5,5532.252756033005,9.7,36.1,4.396508801698102
17031,"Cook County, Illinois",IL,2017,59426.0,15.9,37.2,5543.857885318125,8.7,36.4,4.521654294151838
17031,"Cook County, Illinois",IL,2018,62088.0,15.1,38.0,5528.17201752093,7.8,36.6,4.72273434689331
17031,"Cook County, Illinois",IL,2019,64660.0,14.4,38.8,5501.245069724962,7.0,36.8,4.908025656617732
17031,"Cook County, Illinois",IL,2020,67886.0,13.7,40.0,5470.810972699478,7.0,37.0,7.801496764028226
17031,"Cook County, Illinois",IL,2021,72121.0,13.5,40.7,5572.280186723418,7.3,37.3,11.272171949249564
17031,"Cook County, Illinois",IL,2022,78304.0,13.4,41.3,5529.916067590407,7.1,37.5,14.161294881559009
17031,"Cook County, Illinois",IL,2023,81797.0,13.3,41.9,5488.055691074548,6.9,37.8,16.465334653594972
17037,"DeKalb County, Illinois",IL,2010,54002.0,,28.0,164.77095433975833,9.1,29.0,3.8900973994159953
17037,"DeKalb County, Illinois",IL,2011,54436.0,,28.2,165.81318693502837,10.2,29.1,4.073626438945137
17037,"DeKalb County, Illinois",IL,2012,53575.0,16.9,29.0,166.0286027905857,10.6,29.4,4.061208936665196
17037,"DeKalb County, Illinois",IL,2013,53375.0,19.0,29.8,166.0286027905857,10.6,29.6,3.6431376497835064
17037,"DeKalb County, Illinois",IL,2014,53771.0,18.8,29.9,166.18541286191052,10.3,29.8,3.463341645885287
17037,"DeKalb County, Illinois",IL,2015,54101.0,18.7,30.0,165.27623123624943,10.4,30.3,3.2683279162152403
17037,"DeKalb County, Illinois",IL,2016,56076.0,18.2,30.8,165.45521646917572,9.4,30.5,3.5702951443986035
17037,"DeKalb County, Illinois",IL,2017,58343.0,18.1,30.6,165.4789755708916,8.6,30.7,3.990577802410974
17037,"DeKalb County, Illinois",IL,2018,61086.0,16.5,31.4,165.04655991966257,7.4,31.0,4.4476468730259
17037,"DeKalb County, Illinois",IL,2019,63317.0,16.6,32.3,165.30949397865166,6.3,31.1,4.5486191691807845
17037,"DeKalb County, Illinois",IL,2020,62353.0,16.0,32.4,165.66112868404673,6.6,31.3,5.333942057105899
17037,"DeKalb County, Illinois",IL,2021,64019.0,15.6,33.2,159.85440422468508,7.4,31.4,6.0514851485148515
17037,"DeKalb County, Illinois",IL,2022,68617.0,15.4,34.1,159.48059435768852,7.0,31.8,6.158264831137962
17037,"DeKalb County, Illinois",IL,2023,69022.0,15.9,32.7,159.20498877778428,7.1,32.6,7.618785399622404
17097,"Lake County, Illinois",IL,2010,78948.0,,41.3,1571.5892645407946,7.7,36.1,5.931502778782984
17097,"Lake County, Illinois",IL,2011,79666.0,,41.5,1578.9041824649357,8.6,36.4,6.2042098944878274
17097,"Lake County, Illinois",IL,2012,79085.0,8.7,41.8,1580.8382963567426,9.1,36.7,6.352481364345107
17097,"Lake County, Illinois",IL,2013,77469.0,9.0,41.9,1582.67998755675,9.6,37.0,6.381644155805731
17097,"Lake County, Illinois",IL,2014,77873.0,9.4,42.7,1585.0942486035158,9.0,37.2,6.293241594260428
17097,"Lake County, Illinois",IL,2015,78026.0,9.6,43.2,1584.481102940845,7.9,37.6,6.122787176453144
17097,"Lake County, Illinois",IL,2016,79886.0,8.9,43.7,1584.463069244884,7.0,37.8,6.290502024384369
17097,"Lake County, Illinois",IL,2017,82613.0,8.5,44.2,1588.0382494691332,6.3,38.0,6.53630206588815
17097,"Lake County, Illinois",IL,2018,86244.0,8.3,45.0,1586.1063897893214,5.6,38.2,6.545385870806074
17097,"Lake County, Illinois",IL,2019,89427.0,7.9,45.3,1581.2688508478093,5.2,38.4,6.879674531774173
17097,"Lake County, Illinois",IL,2020,92654.0,7.6,46.1,1577.231557164562,5.3,38.5,9.730686674038399
17097,"Lake County, Illinois",IL,2021,97127.0,7.6,46.3,1610.5984031162227,5.5,38.5,12.581036768296936
17097,"Lake County, Illinois",IL,2022,104553.0,7.8,46.9,1607.6115722226982,5.0,38.7,14.733730274388975
17097,"Lake County, Illinois",IL,2023,108917.0,8.1,47.0,1604.7397061409245,5.1,38.9,17.30759095133081
17115,"Macon County, Illinois",IL,2010,44337.0,,20.5,190.70543735876095,8.3,40.5,1.8171257882509126
17115,"Macon County, Illinois",IL,2011,45987.0,,20.8,190.6933803670837,8.9,40.4,1.6801661474558671
17115,"Macon County, Illinois",IL,2012,46165.0,16.2,21.9,190.42812655018463,10.2,40.4,1.85231487269242
17115,"Macon County, Illinois",IL,2013,46559.0,17.6,22.3,189.918288044976,11.7,40.2,2.1663467420423146
17115,"Macon County, Illinois",IL,2014,46696.0,18.1,23.1,189.1793666979,11.9,40.5,2.4757443961191035
17115,"Macon County, Illinois",IL,2015,47176.0,18.4,22.9,188.0770131731246,10.5,40.6,2.5720722600025034
17115,"Macon County, Illinois",IL,2016,47477.0,18.7,22.8,186.71801796836246,10.1,40.7,2.999013620432748
17115,"Macon County, Illinois",IL,2017,49052.0,16.6,22.7,185.31079479689134,9.2,41.0,3.18407960199005
17115,"Macon County, Illinois",IL,2018,50444.0,16.2,22.5,183.45918536074518,8.2,41.3,3.199523475227094
17115,"Macon County, Illinois",IL,2019,50480.0,17.0,22.1,181.764316816403,7.6,41.1,2.91228146948778
17115,"Macon County, Illinois",IL,2020,53725.0,15.2,23.6,180.3174778151353,7.7,41.1,4.246798398098843
17115,"Macon County, Illinois",IL,2021,55954.0,15.3,23.5,179.70257123959652,8.1,40.8,5.254769921436588
17115,"Macon County, Illinois",IL,2022,59622.0,15.5,23.9,178.34357603483437,7.2,40.7,6.137420432486118
17115,"Macon County, Illinois",IL,2023,62449.0,14.6,24.1,176.70554759411343,7.1,40.9,7.475572678534129
18003,"Allen County, Indiana",IN,2010,48714.0,,26.1,534.507835082915,8.4,35.2,3.357403820219209
18003,"Allen County, Indiana",IN,2011,49767.0,,26.3,538.1424007302602,8.9,35.3,3.579392162418538
18003,"Allen County, Indiana",IN,2012,50030.0,14.4,26.4,541.5183325726457,9.3,35.4,3.9517997837169783
18003,"Allen County, Indiana",IN,2013,49370.0,15.3,26.3,545.1452913433744,9.7,35.5,3.9584413020409173
18003,"Allen County, Indiana",IN,2014,49124.0,15.5,26.6,549.2012779552716,9.0,35.6,4.06309140586492
18003,"Allen County, Indiana",IN,2015,49092.0,15.8,27.0,552.9484253765404,8.0,35.6,4.012017536524471
18003,"Allen County, Indiana",IN,2016,49574.0,15.2,27.4,556.1615700593337,7.0,35.6,4.14784973073919
18003,"Allen County, Indiana",IN,2017,51091.0,14.7,27.5,559.4812110147574,6.3,35.7,4.0462794656510574
18003,"Allen County, Indiana",IN,2018,53402.0,14.3,28.2,562.9332116233076,5.6,35.8,4.184164703472294
18003,"Allen County, Indiana",IN,2019,54857.0,13.3,28.5,566.8264110756124,4.9,35.9,4.184126098479565
18003,"Allen County, Indiana",IN,2020,57104.0,12.6,28.9,571.3068614027081,5.0,36.0,5.068474907331365
18003,"Allen County, Indiana",IN,2021,61456.0,12.3,29.9,580.9204320705918,5.0,36.1,6.1544149228251595
18003,"Allen County, Indiana",IN,2022,66222.0,12.0,30.5,586.4232466149399,4.8,36.1,7.268729554351906
18003,"Allen County, Indiana",IN,2023,68839.0,12.2,31.1,591.4970333181196,4.6,36.2,8.296462541412845
18039,"Elkhart County, Indiana",IN,2010,47258.0,,18.1,425.02499130971734,9.9,34.4,2.9019191181353343
18039,"Elkhart County, Indiana",IN,2011,47308.0,,17.9,426.66373032271713,10.9,34.6,2.6771599813485882
18039,"Elkhart County, Indiana",IN,2012,46712.0,16.5,18.1,427.95917618279606,11.0,34.8,2.755032021957914
18039,"Elkhart County, Indiana",IN,2013,45693.0,16.7,18.2,428.9264424249883,11.0,35.1,2.25353732888531
18039,"Elkhart County, Indiana",IN,2014,46983.0,16.2,17.9,430.83074783930425,8.7,35.1,2.27012075828105
18039,"Elkhart County, Indiana",IN,2015,47913.0,16.1,18.1,433.2942540498876,7.4,35.2,2.863310479045265
18039,"Elkhart County, Indiana",IN,2016,49692.0,14.9,18.3,435.3561720438465,6.5,35.3,2.936274724792772
18039,"Elkhart County, Indiana",IN,2017,52449.0,13.8,18.7,438.12842618441533,5.6,35.4,3.505942458814106
18039,"Elkhart County, Indiana",IN,2018,55399.0,13.3,19.2,439.59659815917144,4.7,35.5,3.7309539274039842
18039,"Elkhart County, Indiana",IN,2019,57021.0,12.4,19.8,441.65635707669685,4.5,35.6,3.738791011710096
18039,"Elkhart County, Indiana",IN,2020,58509.0,11.7,19.5,443.00793892404585,4.4,35.6,4.0142997772136155
18039,"Elkhart County, Indiana",IN,2021,61182.0,11.4,20.0,445.4476952938611,4.4,35.5,4.568527918781726
18039,"Elkhart County, Indiana",IN,2022,63978.0,12.0,20.0,446.58552857429703,3.8,35.6,4.861225498270466
18039,"Elkhart County, Indiana",IN,2023,65617.0,12.5,19.7,446.6438236380006,3.4,35.5,4.812828677820535
18057,"Hamilton County, Indiana",IN,2010,81947.0,,53.8,662.4219972260046,4.2,35.3,6.109462776932693
18057,"Hamilton County, Indiana",IN,2011,84449.0,,54.4,681.7613603227369,4.6,35.5,5.679204661518226
18057,"Hamilton County, Indiana",IN,2012,84821.0,4.7,55.0,700.0864654886061,5.0,35.7,5.712398877332013
18057,"Hamilton County, Indiana",IN,2013,82468.0,5.1,55.1,717.5291662546243,5.4,35.8,5.809474085258301
18057,"Hamilton County, Indiana",IN,2014,84635.0,4.8,55.6,734.6320906138035,5.0,35.9,6.09256283870265
18057,"Hamilton County, Indiana",IN,2015,86222.0,4.7,55.9,752.1610033039452,4.3,36.1,6.236440377105439
18057,"Hamilton County, Indiana",IN,2016,87782.0,5.1,56.3,768.406879711545,3.5,36.3,7.206261334351437
18057,"Hamilton County, Indiana",IN,2017,90582.0,5.0,57.5,785.2562395880084,3.3,36.6,7.886869834838359
18057,"Hamilton County, Indiana",IN,2018,94644.0,4.7,57.8,801.5046516404354,2.9,36.9,8.250975409492188
18057,"Hamilton County, Indiana",IN,2019,98173.0,4.6,59.3,819.3099496167373,2.8,37.1,9.002188235018782
18057,"Hamilton County, Indiana",IN,2020,98880.0,4.4,59.4,837.916511358421,2.8,37.6,12.065742238126369
18057,"Hamilton County, Indiana",IN,2021,104858.0,4.0,60.5,866.2168432743289,3.0,37.6,15.580413512295788
18057,"Hamilton County, Indiana",IN,2022,114866.0,4.2,60.8,886.276329501974,2.7,37.8,17.465612253753363
18057,"Hamilton County, Indiana",IN,2023,117957.0,4.3,61.8,905.6714767849038,2.8,38.0,20.67570215718364
18141,"St. Joseph County, Indiana",IN,2010,44644.0,,25.6,582.2092416176436,9.5,35.9,2.785677945604217
18141,"St. Joseph County, Indiana",IN,2011,45183.0,,26.2,582.6854560189787,10.1,36.1,3.008230935577423
18141,"St. Joseph County, Indiana",IN,2012,44989.0,16.4,26.5,582.783757156869,11.1,36.1,3.0495885207849756
18141,"St. Joseph County, Indiana",IN,2013,44582.0,17.7,26.5,582.5849704113575,11.0,36.4,3.1618747938183573
18141,"St. Joseph County, Indiana",IN,2014,45012.0,17.6,27.2,583.0699226916163,10.2,36.4,3.206471378841129
18141,"St. Joseph County, Indiana",IN,2015,45471.0,17.8,27.9,583.7907977028117,8.5,36.5,3.554804618264341
18141,"St. Joseph County, Indiana",IN,2016,46174.0,17.2,28.2,584.7738090817145,7.5,36.4,3.5480043505487626
18141,"St. Joseph County, Indiana",IN,2017,48121.0,17.1,28.4,586.7769678249454,6.4,36.5,3.792564013195756
18141,"St. Joseph County, Indiana",IN,2018,50938.0,15.7,29.2,588.1466303462166,5.3,36.5,3.814247569546236
18141,"St. Joseph County, Indiana",IN,2019,52769.0,15.5,29.6,590.2786728035703,4.5,36.6,4.054128650174672
18141,"St. Joseph County, Indiana",IN,2020,54433.0,14.8,31.0,591.7313451746156,4.9,36.7,5.9079553132316205
18141,"St. Joseph County, Indiana",IN,2021,58599.0,14.4,32.1,594.2828058203012,4.8,36.8,7.2535200335315215
18141,"St. Joseph County, Indiana",IN,2022,61877.0,14.4,32.0,595.0233410590746,4.8,36.7,8.378214307950937
18141,"St. Joseph County, Indiana",IN,2023,64885.0,14.6,32.6,595.4296524290212,5.0,36.7,9.731657207629153
19013,"Black Hawk County, Iowa",IA,2010,44178.0,,24.6,228.4585078045875,6.9,34.7,2.6199629787839953
19013,"Black Hawk County, Iowa",IA,2011,44567.0,,25.2,229.8866827984453,7.1,34.5,2.4823868740838813
19013,"Black Hawk County, Iowa",IA,2012,45610.0,16.5,25.5,231.27066920957233,7.3,34.6,2.188399449380553
19013,"Black Hawk County, Iowa",IA,2013,45747.0,17.0,25.3,232.37538377784105,8.2,34.6,2.399661224297746
19013,"Black Hawk County, Iowa",IA,2014,47002.0,16.6,26.2,233.22203702296218,7.8,34.6,2.3796330501169805
19013,"Black Hawk County, Iowa",IA,2015,48369.0,15.7,27.0,234.1924182997294,6.6,34.7,2.5592762378942893
19013,"Black Hawk County, Iowa",IA,2016,50348.0,15.4,27.0,234.76686987522913,6.3,34.8,2.723712051863079
19013,"Black Hawk County, Iowa",IA,2017,50916.0,15.9,27.5,235.0125583952121,5.3,34.9,3.188547258825443
19013,"Black Hawk County, Iowa",IA,2018,52688.0,16.0,28.6,235.09916801736438,4.5,34.9,3.776488173744834
19013,"Black Hawk County, Iowa",IA,2019,53539.0,15.8,29.1,234.01036133887874,4.4,35.2,4.162475593160168
19013,"Black Hawk County, Iowa",IA,2020,54774.0,15.5,29.2,232.98518621952536,5.3,35.4,5.728159705049233
19013,"Black Hawk County, Iowa",IA,2021,57191.0,15.0,29.5,232.24812065957647,5.2,35.6,6.881236310537844
19013,"Black Hawk County, Iowa",IA,2022,62329.0,15.7,30.0,231.62064278479986,5.2,35.5,7.833282255593012
19013,"Black Hawk County, Iowa",IA,2023,64581.0,14.7,30.1,231.00553771318783,4.8,35.7,8.544328004283638
19049,"Dallas County, Iowa",IA,2010,67037.0,,40.2,104.90243906584917,3.5,34.3,4.935635409676042
19049,"Dallas County, Iowa",IA,2011,71691.0,,41.1,109.4392477294709,4.2,34.2,4.897197369200687
19049,"Dallas County, Iowa",IA,2012,71878.0,7.0,42.1,113.8825665180461,3.5,34.3,4.706450421791121
19049,"Dallas County, Iowa",IA,2013,73847.0,6.4,43.6,118.18140095427665,3.4,34.4,4.869161974163631
19049,"Dallas County, Iowa",IA,2014,74876.0,7.0,43.7,122.59752268829287,3.0,34.6,4.365839763840696
19049,"Dallas County, Iowa",IA,2015,76320.0,6.5,44.2,127.30261312699835,2.6,34.7,4.288143221483223
19049,"Dallas County, Iowa",IA,2016,78918.0,5.7,47.4,132.71142735241773,2.2,35.0,4.494728844144743
19049,"Dallas County, Iowa",IA,2017,82719.0,5.4,49.1,137.45391374114183,2.4,35.1,5.017431129947365
19049,"Dallas County, Iowa",IA,2018,84790.0,5.9,49.4,142.787936066524,2.4,35.3,4.624607479303454
19049,"Dallas County, Iowa",IA,2019,88479.0,5.2,50.4,148.05226593959875,2.7,35.4,5.460401424823496
19049,"Dallas County, Iowa",IA,2020,88368.0,5.2,50.5,153.6939549446795,3.2,35.4,9.129838273811998
19049,"Dallas County, Iowa",IA,2021,93492.0,5.7,50.4,164.2090161635495,2.8,35.5,13.907849829351536
19049,"Dallas County, Iowa",IA,2022,99533.0,5.7,51.5,170.60542343264225,3.0,35.6,16.1180725532459
19049,"Dallas County, Iowa",IA,2023,102349.0,5.8,51.6,177.01202959719464,2.9,35.8,18.632596441004434
19103,"Johnson County, Iowa",IA,2010,51380.0,,50.8,207.16802610114192,4.2,28.8,3.6551636100591463
19103,"Johnson County, Iowa",IA,2011,53703.0,,50.6,210.69983686786296,4.5,29.0,3.7924512558061916
19103,"Johnson County, Iowa",IA,2012,53993.0,17.6,51.2,214.72593800978794,4.3,29.3,3.5649207414815933
19103,"Johnson County, Iowa",IA,2013,53424.0,17.7,51.1,218.65252854812397,4.3,29.5,3.844595689515476
19103,"Johnson County, Iowa",IA,2014,54985.0,17.7,51.7,223.16802610114192,3.6,29.7,4.176017954472587
19103,"Johnson County, Iowa",IA,2015,55700.0,17.9,51.3,227.46492659053834,3.5,29.8,4.120509369499948
19103,"Johnson County, Iowa",IA,2016,56808.0,17.9,52.4,231.65742251223492,3.2,29.9,4.288051542861491
19103,"Johnson County, Iowa",IA,2017,59965.0,17.7,52.7,235.60358890701468,3.3,29.9,4.245718132183192
19103,"Johnson County, Iowa",IA,2018,61640.0,17.8,53.0,239.80587275693313,3.3,30.0,4.011326680763191
19103,"Johnson County, Iowa",IA,2019,62542.0,18.1,52.8,242.3768352365416,3.5,30.3,4.2794515890074925
19103,"Johnson County, Iowa",IA,2020,63062.0,17.2,54.3,246.0342577487765,3.7,30.4,6.571962249311836
19103,"Johnson County, Iowa",IA,2021,67414.0,16.7,54.1,247.6884176182708,3.8,30.7,9.297704526337604
19103,"Johnson County, Iowa",IA,2022,72977.0,16.9,54.1,250.17944535073408,3.8,30.6,10.89414556195826
19103,"Johnson County, Iowa",IA,2023,74721.0,16.7,54.6,252.66068515497554,3.7,30.8,12.586920480433202
19113,"Linn County, Iowa",IA,2010,53674.0,,29.6,289.7460320559396,5.0,36.5,3.2457711258130666
19113,"Linn County, Iowa",IA,2011,55666.0,,30.0,292.8782708256922,5.0,36.6,3.3202874961136817
19113,"Linn County, Iowa",IA,2012,56790.0,10.0,30.9,295.58795022445855,5.1,36.7,3.8619235070047364
19113,"Linn County, Iowa",IA,2013,57260.0,9.7,31.2,297.6393853225467,5.5,36.9,3.876537841314707
19113,"Linn County, Iowa",IA,2014,59560.0,9.5,31.7,299.7340525675014,5.1,36.9,3.6217988924929663
19113,"Linn County, Iowa",IA,2015,59322.0,9.8,31.5,302.12297732822543,4.8,37.1,3.353688346088549
19113,"Linn County, Iowa",IA,2016,60989.0,9.4,32.2,304.12560193791586,4.2,37.2,3.4281456808519963
19113,"Linn County, Iowa",IA,2017,62702.0,9.5,32.3,306.8199408974715,3.8,37.4,3.2184543131431727
19113,"Linn County, Iowa",IA,2018,64862.0,9.5,33.0,309.7666998113126,3.5,37.5,3.3025313428756875
19113,"Linn County, Iowa",IA,2019,64903.0,10.2,33.1,312.19327837737205,3.7,37.7,3.816449006035394
19113,"Linn County, Iowa",IA,2020,67301.0,9.4,34.1,314.61985694343144,3.9,37.7,6.618781906684079
19113,"Linn County, Iowa",IA,2021,70360.0,9.6,34.3,318.7561971887948,3.9,37.9,9.364430606027545
19113,"Linn County, Iowa",IA,2022,75457.0,9.5,34.6,319.7895849574442,3.8,38.2,11.681265799396998
19113,"Linn County, Iowa",IA,2023,76421.0,9.9,34.8,320.0057456917771,3.7,38.5,13.74060659400176
19153,"Polk County, Iowa",IA,2010,56094.0,,32.8,732.7887675441586,5.4,34.8,3.544212309429701
19153,"Polk County, Iowa",IA,2011,57473.0,,33.8,743.7657178708806,5.8,34.8,3.617610355454371
19153,"Polk County, Iowa",IA,2012,58096.0,11.3,34.3,754.6517907231575,5.8,34.7,3.8132937926408417
19153,"Polk County, Iowa",IA,2013,59018.0,11.8,34.9,766.0044844538352,6.2,34.8,3.860248243252118
19153,"Polk County, Iowa",IA,2014,59844.0,12.5,35.4,777.9391435497091,6.0,34.9,3.940146819488209
19153,"Polk County, Iowa",IA,2015,60061.0,12.9,35.8,790.5798507162718,5.8,35.0,3.6536251011111585
19153,"Polk County, Iowa",IA,2016,61684.0,12.4,35.6,802.446351706312,5.2,35.0,3.638739968699011
19153,"Polk County, Iowa",IA,2017,63530.0,11.7,35.3,816.5603225451285,4.7,35.2,3.7399134128742455
19153,"Polk County, Iowa",IA,2018,66044.0,11.1,36.1,828.8619868262616,4.3,35.3,4.224326001240918
19153,"Polk County, Iowa",IA,2019,67637.0,10.4,36.7,838.1909091067969,4.2,35.5,4.288208120400755
19153,"Polk County, Iowa",IA,2020,69747.0,10.4,37.6,848.3377286573378,4.6,35.7,6.780570148453153
19153,"Polk County, Iowa",IA,2021,73015.0,10.1,38.0,854.3723424892389,4.4,35.9,10.016419717768956
19153,"Polk County, Iowa",IA,2022,78827.0,10.3,38.9,862.2489728223923,4.5,36.1,12.429349980952678
19153,"Polk County, Iowa",IA,2023,81621.0,10.1,39.5,869.3496493352837,4.4,36.2,13.90573387527831
19155,"Pottawattamie County, Iowa",IA,2010,48728.0,,17.3,96.63733038428707,6.5,38.2,4.5295561686689405
19155,"Pottawattamie County, Iowa",IA,2011,49924.0,,17.7,97.20078884184058,6.4,38.5,4.1275153387394345
19155,"Pottawattamie County, Iowa",IA,2012,49941.0,13.2,18.2,97.546643007018,6.3,38.5,3.892860218758074
19155,"Pottawattamie County, Iowa",IA,2013,51304.0,13.8,19.1,97.72430061770184,6.5,38.6,3.5537513025356025
19155,"Pottawattamie County, Iowa",IA,2014,51939.0,13.2,19.7,97.92508525462856,5.9,38.7,3.083652506963788
19155,"Pottawattamie County, Iowa",IA,2015,51976.0,13.0,20.2,97.98815896256365,5.0,39.2,2.9883000087313367
19155,"Pottawattamie County, Iowa",IA,2016,53260.0,11.8,20.7,97.97239053557988,4.9,39.3,2.9849451169248122
19155,"Pottawattamie County, Iowa",IA,2017,56291.0,11.2,21.2,98.06594986901693,4.7,39.6,3.182281611314779
19155,"Pottawattamie County, Iowa",IA,2018,57467.0,11.1,21.2,98.29301521758326,4.3,39.5,2.976792205278214
19155,"Pottawattamie County, Iowa",IA,2019,60065.0,10.7,21.5,98.17738008636893,3.8,39.7,3.4230827083825774
19155,"Pottawattamie County, Iowa",IA,2020,59901.0,10.3,21.9,98.26673450594365,4.2,39.6,4.798724417360155
19155,"Pottawattamie County, Iowa",IA,2021,63840.0,10.9,22.9,98.36449875324304,3.8,39.5,6.149324966303555
19155,"Pottawattamie County, Iowa",IA,2022,68718.0,11.3,23.4,98.33506435620666,3.6,39.7,7.411842980705256
19155,"Pottawattamie County, Iowa",IA,2023,71446.0,10.9,23.5,98.19209728488711,3.8,40.1,8.91353735132968
19163,"Scott County, Iowa",IA,2010,49964.0,,29.7,354.03932800111767,5.5,37.4,3.114963869931754
19163,"Scott County, Iowa",IA,2011,51274.0,,30.3,357.27664070413186,5.6,37.5,3.20254110612855
19163,"Scott County, Iowa",IA,2012,53002.0,12.6,30.8,361.1295448988858,5.7,37.4,3.1655158710446574
19163,"Scott County, Iowa",IA,2013,52735.0,13.1,31.6,364.72704411302436,5.8,37.4,3.2295646727215783
19163,"Scott County, Iowa",IA,2014,53704.0,12.8,31.9,368.2939820474311,5.9,37.5,3.5630798001919337
19163,"Scott County, Iowa",IA,2015,55114.0,12.1,32.1,371.08815619433483,5.4,37.6,3.7374958777618996
19163,"Scott County, Iowa",IA,2016,56454.0,12.2,31.9,373.53742446998007,4.9,37.7,4.038351564115979
19163,"Scott County, Iowa",IA,2017,57681.0,12.3,31.9,374.3603960741853,4.2,38.1,4.351619587741302
19163,"Scott County, Iowa",IA,2018,58803.0,12.1,31.9,376.0958401732388,4.2,38.3,4.40209544038854
19163,"Scott County, Iowa",IA,2019,61183.0,12.1,31.8,376.44074604449725,3.8,38.3,4.3814000335739465
19163,"Scott County, Iowa",IA,2020,63876.0,11.9,32.6,377.51475673221336,4.0,38.4,5.42170833383103
19163,"Scott County, Iowa",IA,2021,67675.0,11.8,33.6,380.20414934860815,4.1,38.7,6.959216735930126
19163,"Scott County, Iowa",IA,2022,72792.0,11.9,34.9,380.5206768886871,4.0,38.7,8.155611204938559
19163,"Scott County, Iowa",IA,2023,76363.0,11.6,36.2,380.4922985575076,3.7,39.0,9.909393815397205
29047,"Clay County, Missouri",MO,2010,58559.0,,30.2,540.6965194146802,4.9,36.0,2.8084706222760727
29047,"Clay County, Missouri",MO,2011,60507.0,,30.6,550.1316441308344,5.9,36.1,2.846374378164995
29047,"Clay County, Missouri",MO,2012,60560.0,8.3,30.6,558.3823488732922,6.4,36.4,3.06431877427249
29047,"Clay County, Missouri",MO,2013,60936.0,9.0,30.6,566.0974242008937,6.8,36.3,3.2014883261620937
29047,"Clay County, Missouri",MO,2014,61184.0,9.3,30.7,573.3095611107898,6.7,36.5,3.7074732291204535
29047,"Clay County, Missouri",MO,2015,62099.0,8.8,31.0,579.286984205219,6.1,36.6,4.155531686358754
29047,"Clay County, Missouri",MO,2016,63702.0,9.1,31.9,586.2627400587935,5.2,36.8,4.643650312941651
29047,"Clay County, Missouri",MO,2017,65675.0,8.9,31.9,593.6383319544439,4.4,36.8,5.09842470902137
29047,"Clay County, Missouri",MO,2018,68367.0,7.9,32.7,601.4238186605241,4.0,37.1,5.353164669761262
29047,"Clay County, Missouri",MO,2019,70510.0,8.2,33.2,609.8530665412674,3.9,37.1,5.420262723695901
29047,"Clay County, Missouri",MO,2020,72047.0,8.2,32.8,619.8213059801892,4.1,37.2,6.540896212056167
29047,"Clay County, Missouri",MO,2021,75596.0,8.2,34.2,629.0099908716677,4.2,37.4,9.233329243604686
29047,"Clay County, Missouri",MO,2022,82264.0,8.3,34.9,636.4308472249115,4.0,37.5,11.587438909631787
29047,"Clay County, Missouri",MO,2023,86150.0,8.5,36.0,642.6697982965476,3.9,37.6,14.011848448669317
29077,"Greene County, Missouri",MO,2010,41059.0,,27.5,400.0864763692956,6.8,35.6,3.895815973151284
29077,"Greene County, Missouri",MO,2011,41622.0,,27.8,404.27702645673446,7.6,35.6,3.791762013729977
29077,"Greene County, Missouri",MO,2012,41458.0,17.9,27.9,408.20252054924345,8.0,35.6,3.7467769047637156
29077,"Greene County, Missouri",MO,2013,40337.0,18.7,28.3,411.99326550466515,8.5,35.6,3.6526427854752113
29077,"Greene County, Missouri",MO,2014,40512.0,19.1,28.7,415.58558865382656,7.7,35.6,3.611854917234664
29077,"Greene County, Missouri",MO,2015,41227.0,19.0,29.5,419.3600452520179,6.8,35.6,3.6178253976602477
29077,"Greene County, Missouri",MO,2016,41908.0,18.7,29.9,422.6813893672566,5.8,35.7,4.030787324792878
29077,"Greene County, Missouri",MO,2017,43175.0,18.5,30.5,424.6211846374138,5.0,35.7,4.113819101032508
29077,"Greene County, Missouri",MO,2018,44808.0,17.9,30.2,427.0940534169272,4.4,36.0,4.1197618907290625
29077,"Greene County, Missouri",MO,2019,46086.0,16.4,30.5,429.059021602804,3.8,36.0,3.9610176296674817
29077,"Greene County, Missouri",MO,2020,47053.0,15.3,31.5,431.7510428250527,4.1,36.3,5.57237114300024
29077,"Greene County, Missouri",MO,2021,50682.0,14.9,31.8,439.60055025032244,4.0,36.3,6.883924524025385
29077,"Greene County, Missouri",MO,2022,54968.0,14.6,32.4,443.0255475479359,3.9,36.3,8.49541631888673
29077,"Greene County, Missouri",MO,2023,57488.0,14.4,32.4,445.88785614122895,3.5,36.4,9.97958054756913
29099,"Jefferson County, Missouri",MO,2010,56756.0,,16.1,329.44420324627345,7.5,37.1,2.613920025816494
29099,"Jefferson County, Missouri",MO,2011,56400.0,,16.7,331.3773431132844,8.2,37.4,2.4409802105906273
29099,"Jefferson County, Missouri",MO,2012,55743.0,10.5,16.9,333.0484655987935,8.8,37.7,2.582466312547086
29099,"Jefferson County, Missouri",MO,2013,54845.0,11.3,17.4,334.58400932294404,9.8,38.1,2.9534238124614434
29099,"Jefferson County, Missouri",MO,2014,55563.0,11.1,18.0,335.9885443563436,9.2,38.4,3.204022988505747
29099,"Jefferson County, Missouri",MO,2015,55348.0,10.9,18.2,337.5408450060553,8.3,38.6,3.1327107770565235
29099,"Jefferson County, Missouri",MO,2016,58232.0,10.9,18.4,338.87530562347183,7.4,38.8,3.363190806151766
29099,"Jefferson County, Missouri",MO,2017,60765.0,10.9,19.8,339.1586500011425,6.5,38.8,3.6799315361574667
29099,"Jefferson County, Missouri",MO,2018,63030.0,10.3,20.2,340.1686356054201,5.7,39.0,3.6315062183325657
29099,"Jefferson County, Missouri",MO,2019,65454.0,9.6,20.4,341.1572942135289,5.3,39.2,3.83621944121071
29099,"Jefferson County, Missouri",MO,2020,67606.0,9.1,21.1,342.4155869874856,4.8,39.6,5.514454404723332
29099,"Jefferson County, Missouri",MO,2021,71285.0,8.7,22.1,344.1461203908934,4.2,39.9,7.121130157941878
29099,"Jefferson County, Missouri",MO,2022,77217.0,8.3,22.8,345.7776355978033,3.8,39.9,8.60562526892579
29099,"Jefferson County, Missouri",MO,2023,80522.0,8.6,23.6,347.67116818621514,3.6,40.2,10.146213327070775
31053,"Dodge County, Nebraska",NE,2010,42849.0,,17.3,69.21807634949826,7.6,40.1,3.4548620863996407
31053,"Dodge County, Nebraska",NE,2011,44744.0,,17.3,69.27477994280497,6.6,40.0,3.7316748111950244
31053,"Dodge County, Nebraska",NE,2012,46475.0,11.7,17.5,69.15948263641467,6.4,40.2,3.718510405257393
31053,"Dodge County, Nebraska",NE,2013,48626.0,10.7,18.7,69.32014281745035,6.7,40.1,2.962718211355251
31053,"Dodge County, Nebraska",NE,2014,47991.0,12.0,18.6,69.446780842502,6.8,39.8,2.9359031824294037
31053,"Dodge County, Nebraska",NE,2015,49068.0,11.4,18.9,69.41464880629485,5.1,39.4,3.2928654581739565
31053,"Dodge County, Nebraska",NE,2016,49830.0,11.8,18.9,69.3277032965579,4.3,39.1,2.637677960490012
31053,"Dodge County, Nebraska",NE,2017,51748.0,13.2,19.0,69.1330209595382,4.4,39.1,2.475027746947836
31053,"Dodge County, Nebraska",NE,2018,53101.0,13.7,18.6,69.33526377566547,4.6,39.0,2.4830452854955154
31053,"Dodge County, Nebraska",NE,2019,54085.0,12.5,19.0,69.30124161968143,4.5,38.9,2.3704031900753213
31053,"Dodge County, Nebraska",NE,2020,58439.0,11.2,19.7,69.11222964199241,4.5,39.2,2.815485168426345
31053,"Dodge County, Nebraska",NE,2021,60962.0,11.0,19.7,70.40507156938536,4.8,39.2,3.4219472774898287
31053,"Dodge County, Nebraska",NE,2022,66793.0,9.1,21.7,70.26520270589548,4.1,39.4,3.6110178031575413
31053,"Dodge County, Nebraska",NE,2023,71294.0,9.3,21.5,70.21038923236566,3.1,38.9,3.631193262605272
31079,"Hall County, Nebraska",NE,2010,46138.0,,16.3,104.13623968227823,4.6,35.7,3.9280868385346
31079,"Hall County, Nebraska",NE,2011,47469.0,,16.6,105.69007485495709,5.4,35.5,3.5487448331485028
31079,"Hall County, Nebraska",NE,2012,48044.0,13.7,16.8,107.39764636980911,5.2,35.6,3.5776700629801828
31079,"Hall County, Nebraska",NE,2013,48712.0,13.7,17.1,108.77029228206959,6.5,35.7,3.3634289115983727
31079,"Hall County, Nebraska",NE,2014,49178.0,15.7,17.7,110.21980636541664,6.4,35.9,2.904223128535719
31079,"Hall County, Nebraska",NE,2015,49252.0,15.3,18.3,111.26118706418492,6.0,35.8,2.7020860495436767
31079,"Hall County, Nebraska",NE,2016,51355.0,14.8,19.0,111.83403795823496,5.3,35.7,2.9040972534894194
31079,"Hall County, Nebraska",NE,2017,53807.0,13.5,19.8,112.06830286059409,5.4,35.8,2.8650824070525105
31079,"Hall County, Nebraska",NE,2018,54742.0,13.0,20.9,112.26962426105895,4.5,36.0,2.6401036605118238
31079,"Hall County, Nebraska",NE,2019,57104.0,11.8,21.5,112.12686908618386,4.0,35.9,2.60788475143096
31079,"Hall County, Nebraska",NE,2020,58595.0,11.2,21.2,112.26047328831055,4.0,36.1,2.3090470288957015
31079,"Hall County, Nebraska",NE,2021,60720.0,11.9,21.7,114.59946192280239,3.2,35.9,2.5790000322778477
31079,"Hall County, Nebraska",NE,2022,63553.0,12.8,21.3,114.52442394626549,2.9,36.0,2.8790598988085523
31079,"Hall County, Nebraska",NE,2023,67549.0,11.8,21.1,114.26087593111149,3.3,36.0,3.748575150626934
31109,"Lancaster County, Nebraska",NE,2010,50849.0,,35.3,333.6210735695669,5.3,32.4,3.499393915307116
31109,"Lancaster County, Nebraska",NE,2011,51059.0,,35.9,337.80345550950915,5.9,32.5,3.355855113542731
31109,"Lancaster County, Nebraska",NE,2012,51810.0,14.3,35.9,341.975091963451,6.1,32.6,3.42254515041426
31109,"Lancaster County, Nebraska",NE,2013,51574.0,15.2,36.1,346.0918070445018,6.4,32.7,3.4300413532610463
31109,"Lancaster County, Nebraska",NE,2014,51916.0,14.9,36.2,350.6920689955717,6.0,32.8,3.508512403604345
31109,"Lancaster County, Nebraska",NE,2015,51830.0,14.7,36.7,355.8904963339983,5.1,32.9,3.4044667509449864
31109,"Lancaster County, Nebraska",NE,2016,53730.0,14.3,37.3,360.2209271921687,4.4,33.0,3.402444522675758
31109,"Lancaster County, Nebraska",NE,2017,55747.0,14.0,37.9,365.77276162572036,3.9,33.2,3.297503215004974
31109,"Lancaster County, Nebraska",NE,2018,58009.0,13.1,38.8,370.23452620167365,3.4,33.3,3.581211321903216
31109,"Lancaster County, Nebraska",NE,2019,60527.0,12.5,39.5,373.8927672133731,3.2,33.5,3.5804182643675455
31109,"Lancaster County, Nebraska",NE,2020,62464.0,11.9,39.8,377.2572982743943,3.4,33.8,5.337060391341091
31109,"Lancaster County, Nebraska",NE,2021,65086.0,12.0,40.1,382.42110126904186,3.2,34.0,7.281227956650752
31109,"Lancaster County, Nebraska",NE,2022,70387.0,11.8,40.9,384.5248286393468,3.2,34.1,8.994577614034682
31109,"Lancaster County, Nebraska",NE,2023,72625.0,11.7,41.1,386.44707669053355,3.2,34.3,10.06647507910244
31153,"Sarpy County, Nebraska",NE,2010,68280.0,,36.1,639.1405327991063,4.8,32.7,3.2107129366752365
31153,"Sarpy County, Nebraska",NE,2011,69018.0,,35.5,654.6549573500321,4.9,32.9,3.443299460903583
31153,"Sarpy County, Nebraska",NE,2012,69269.0,6.6,35.8,669.5183976547768,5.2,33.0,2.9761487607167054
31153,"Sarpy County, Nebraska",NE,2013,69965.0,6.6,36.2,683.4410607263304,5.5,33.2,3.0836747997764946
31153,"Sarpy County, Nebraska",NE,2014,70121.0,6.8,36.6,696.9941327419876,5.1,33.5,3.1719665509983503
31153,"Sarpy County, Nebraska",NE,2015,70543.0,6.4,36.7,710.5892037412694,4.4,33.7,3.0777320325785373
31153,"Sarpy County, Nebraska",NE,2016,72269.0,6.2,38.4,724.3144715897876,3.7,33.9,2.914379921473351
31153,"Sarpy County, Nebraska",NE,2017,75752.0,5.3,39.5,735.7717943225774,3.3,34.2,3.254321145623407
31153,"Sarpy County, Nebraska",NE,2018,79549.0,5.4,40.1,749.0560728430372,3.0,34.4,3.6467849200797637
31153,"Sarpy County, Nebraska",NE,2019,82032.0,5.9,39.8,761.1559800252834,2.9,34.6,3.9447975154768518
31153,"Sarpy County, Nebraska",NE,2020,83051.0,5.6,40.5,772.5965031646234,3.2,34.8,5.71527290834629
31153,"Sarpy County, Nebraska",NE,2021,88408.0,5.6,41.1,791.5296449825914,2.8,35.1,8.665105386416862
31153,"Sarpy County, Nebraska",NE,2022,95911.0,5.5,41.2,803.322959584378,2.6,35.3,10.717889018238262
31153,"Sarpy County, Nebraska",NE,2023,101402.0,5.2,41.9,814.9944771336534,2.4,35.5,12.494660198783
31157,"Scotts Bluff County, Nebraska",NE,2010,39004.0,,19.5,49.443759396869694,4.4,39.0,4.311083195340604
31157,"Scotts Bluff County, Nebraska",NE,2011,40939.0,,19.6,49.66009020994906,6.0,38.9,4.379811804961506
31157,"Scotts Bluff County, Nebraska",NE,2012,43113.0,15.1,20.4,49.80340937361414,6.5,38.7,4.371952244829326
31157,"Scotts Bluff County, Nebraska",NE,2013,43444.0,13.7,20.0,49.86830861753794,6.3,38.9,3.6780324203465624
31157,"Scotts Bluff County, Nebraska",NE,2014,46443.0,13.8,21.2,49.81557798184985,5.9,38.6,3.614659452222904
31157,"Scotts Bluff County, Nebraska",NE,2015,45992.0,13.7,21.5,49.59924716877049,5.5,38.8,3.6812938249264873
31157,"Scotts Bluff County, Nebraska",NE,2016,46632.0,13.5,21.4,49.484321424322076,5.3,39.6,3.5772724708006547
31157,"Scotts Bluff County, Nebraska",NE,2017,47975.0,13.2,22.1,49.36263534196494,5.2,39.5,3.1327812843824194
31157,"Scotts Bluff County, Nebraska",NE,2018,50157.0,13.4,22.4,49.01921017620145,5.1,39.5,3.3407053893609593
31157,"Scotts Bluff County, Nebraska",NE,2019,49745.0,13.6,22.9,48.774485943905425,5.1,39.5,3.5013420817178647
31157,"Scotts Bluff County, Nebraska",NE,2020,53433.0,13.0,23.1,48.517593103373684,4.5,39.1,4.115724488560707
31157,"Scotts Bluff County, Nebraska",NE,2021,56588.0,12.0,25.0,48.984056419076055,3.5,38.8,5.294711224550365
31157,"Scotts Bluff County, Nebraska",NE,2022,60137.0,12.5,25.2,48.739332186780025,3.5,39.2,5.54114595614242
31157,"Scotts Bluff County, Nebraska",NE,2023,60960.0,13.9,25.9,48.58925268520622,3.4,39.8,5.875658840440824
32003,"Clark County, Nevada",NV,2010,56258.0,,21.7,240.1932117880023,9.0,35.1,2.9383433978625355
32003,"Clark County, Nevada",NV,2011,55961.0,,22.0,244.39689489563085,10.5,35.3,2.9712201870598296
32003,"Clark County, Nevada",NV,2012,54218.0,14.2,22.1,247.70139987183924,12.0,35.5,2.964948967953695
32003,"Clark County, Nevada",NV,2013,52873.0,15.1,22.1,250.50841706000432,12.7,35.8,3.0456652017127417
32003,"Clark County, Nevada",NV,2014,52070.0,15.7,22.2,253.8902189161685,12.1,36.1,3.0221972514490947
32003,"Clark County, Nevada",NV,2015,51575.0,15.7,22.6,257.9399418448687,10.8,36.4,3.074508669316614
32003,"Clark County, Nevada",NV,2016,52629.0,15.0,22.8,262.32191464118216,9.6,36.7,3.3364234026452553
32003,"Clark County, Nevada",NV,2017,54882.0,14.6,23.3,267.67985558408503,8.3,36.9,3.6124430313759697
32003,"Clark County, Nevada",NV,2018,56802.0,14.1,23.9,271.37211212203886,7.2,37.1,3.819831146020087
32003,"Clark County, Nevada",NV,2019,59340.0,13.7,24.5,276.4952479525514,6.4,37.3,4.154129283660418
32003,"Clark County, Nevada",NV,2020,61048.0,13.4,25.2,282.43342235990923,7.0,37.5,5.604602602105632
32003,"Clark County, Nevada",NV,2021,64210.0,13.6,25.8,282.7224620044652,7.8,37.6,7.401042162531421
32003,"Clark County, Nevada",NV,2022,69911.0,13.4,26.4,287.12952460771515,7.7,37.8,9.155990812197864
32003,"Clark County, Nevada",NV,2023,73845.0,13.2,27.3,290.6570500900255,7.4,38.3,10.686239358365869
32005,"Douglas County, Nevada",NV,2010,60721.0,,25.9,66.21110931265262,7.8,46.6,7.530541825981535
32005,"Douglas County, Nevada",NV,2011,60383.0,,25.3,66.23362914065744,10.5,46.9,7.042388747539724
32005,"Douglas County, Nevada",NV,2012,61099.0,9.7,25.5,66.23081416215683,11.1,47.3,5.640976359792427
32005,"Douglas County, Nevada",NV,2013,60100.0,10.2,25.7,66.20125688790051,10.8,47.9,5.887496356747304
32005,"Douglas County, Nevada",NV,2014,58940.0,10.5,25.6,66.34200581293061,9.5,48.5,5.687673404676972
32005,"Douglas County, Nevada",NV,2015,58535.0,10.6,25.2,66.5165344799679,8.5,49.4,4.97011952191235
32005,"Douglas County, Nevada",NV,2016,59769.0,10.9,26.3,66.75158518476815,7.5,50.1,6.134725329356201
32005,"Douglas County, Nevada",NV,2017,61176.0,9.8,27.2,67.04152797033012,6.2,50.8,7.521123992925919
32005,"Douglas County, Nevada",NV,2018,62503.0,9.3,28.9,67.3173958633891,5.2,51.5,8.076960640687567
32005,"Douglas County, Nevada",NV,2019,66810.0,8.7,29.4,67.74527259548056,4.2,52.0,8.446527644920604
32005,"Douglas County, Nevada",NV,2020,71415.0,7.5,31.9,68.24352379008705,4.1,52.9,9.240265906932574
32005,"Douglas County, Nevada",NV,2021,75688.0,7.0,31.8,69.18935656628922,3.8,53.0,9.74748198004678
32005,"Douglas County, Nevada",NV,2022,84262.0,7.5,31.3,69.63693814788489,3.1,53.5,10.40582726326743
32005,"Douglas County, Nevada",NV,2023,88018.0,8.3,32.1,69.84524655692942,3.2,54.2,11.781852374236014
32007,"Elko County, Nevada",NV,2010,67038.0,,15.8,2.777951495582191,4.6,33.6,1.5695630336514315
32007,"Elko County, Nevada",NV,2011,69459.0,,16.1,2.8177221973970745,4.8,33.6,1.6765161993377762
32007,"Elko County, Nevada",NV,2012,70411.0,7.8,15.8,2.8609866651107763,5.1,33.4,1.5008611498400721
32007,"Elko County, Nevada",NV,2013,70238.0,8.8,16.4,2.912810859276583,5.7,33.3,2.414708886618999
32007,"Elko County, Nevada",NV,2014,72280.0,9.9,17.5,2.969176949110854,5.3,33.4,3.263116057233704
32007,"Elko County, Nevada",NV,2015,71799.0,11.0,18.1,3.0024259545812764,5.5,33.5,3.3363179818585276
32007,"Elko County, Nevada",NV,2016,74672.0,10.5,18.1,3.029619099160413,4.9,33.5,4.330829372987889
32007,"Elko County, Nevada",NV,2017,76178.0,11.5,17.7,3.04988294137356,4.4,34.1,4.40016762543335
32007,"Elko County, Nevada",NV,2018,77209.0,11.9,18.2,3.0426042624176883,4.5,33.9,3.094740103803548
32007,"Elko County, Nevada",NV,2019,81232.0,11.7,16.6,3.045224586841802,4.7,34.1,3.3975875576930537
32007,"Elko County, Nevada",NV,2020,79375.0,11.9,16.8,3.0591996504370758,4.3,34.7,3.771090894953736
32007,"Elko County, Nevada",NV,2021,82462.0,11.6,16.3,3.110616238581354,4.6,34.9,3.8108056143049414
32007,"Elko County, Nevada",NV,2022,87755.0,10.4,17.0,3.1210975362778095,4.7,34.9,4.593530456264958
32007,"Elko County, Nevada",NV,2023,83427.0,11.0,17.5,3.135771353052847,4.3,35.4,5.781137235537661
32019,"Lyon County, Nevada",NV,2010,48433.0,,12.7,25.717958638593164,13.4,39.6,3.126560783138548
32019,"Lyon County, Nevada",NV,2011,46598.0,,13.8,25.928634724111678,16.7,40.3,3.1653811479515177
32019,"Lyon County, Nevada",NV,2012,46088.0,14.3,14.7,25.858742183892264,18.0,40.6,2.9228888770792367
32019,"Lyon County, Nevada",NV,2013,46137.0,15.0,16.7,25.784356551801604,17.7,41.6,2.8550241008527992
32019,"Lyon County, Nevada",NV,2014,47143.0,14.9,15.9,25.749909514122038,15.6,42.6,3.067579391631067
32019,"Lyon County, Nevada",NV,2015,47255.0,16.5,16.6,25.78884964367285,13.6,43.2,3.2052588666938444
32019,"Lyon County, Nevada",NV,2016,49007.0,15.3,14.5,25.908665426906133,11.8,43.7,3.174523064499849
32019,"Lyon County, Nevada",NV,2017,50920.0,13.7,14.7,26.111353793542428,9.8,43.8,3.1379943912580988
32019,"Lyon County, Nevada",NV,2018,55493.0,11.6,14.0,26.536699824020566,8.7,44.1,2.8320132621108858
32019,"Lyon County, Nevada",NV,2019,56875.0,11.6,14.4,27.148259550940427,7.4,43.7,3.327055869428751
32019,"Lyon County, Nevada",NV,2020,58814.0,10.2,13.9,27.790771688528885,8.0,43.9,3.6309549849074765
32019,"Lyon County, Nevada",NV,2021,63952.0,9.6,15.9,28.969958688516407,8.1,43.6,4.52924539902447
32019,"Lyon County, Nevada",NV,2022,70026.0,10.4,16.1,29.671879485291363,7.2,43.2,7.068204691491832
32019,"Lyon County, Nevada",NV,2023,73460.0,11.0,17.2,30.268462239307066,6.3,42.9,7.386832820358832
32023,"Nye County, Nevada",NV,2010,41181.0,,10.5,2.413277282028724,15.1,47.4,4.088858035404374
32023,"Nye County, Nevada",NV,2011,39740.0,,10.6,2.4228472315950893,15.6,48.1,3.84230824167976
32023,"Nye County, Nevada",NV,2012,39150.0,20.1,11.7,2.409042304347056,16.2,48.8,3.425141242937853
32023,"Nye County, Nevada",NV,2013,39876.0,18.9,12.3,2.3852274298514446,17.3,49.7,4.534359050225609
32023,"Nye County, Nevada",NV,2014,41757.0,18.6,13.4,2.3615775544862876,15.3,50.3,4.4874647678386
32023,"Nye County, Nevada",NV,2015,41712.0,18.2,13.2,2.3443626452088595,13.4,50.8,3.7289611143354615
32023,"Nye County, Nevada",NV,2016,42266.0,17.2,12.1,2.375877479125685,14.1,51.2,4.539973043910051
32023,"Nye County, Nevada",NV,2017,44225.0,17.3,11.5,2.3812674507205345,11.4,51.6,5.070186465535302
32023,"Nye County, Nevada",NV,2018,45711.0,16.2,11.5,2.4037623321725095,9.4,52.7,3.476356668719633
32023,"Nye County, Nevada",NV,2019,47300.0,16.4,10.7,2.4408871365247906,9.5,53.1,4.242132084567179
32023,"Nye County, Nevada",NV,2020,47308.0,16.5,12.4,2.5032568078366224,8.7,53.1,5.698931864924036
32023,"Nye County, Nevada",NV,2021,52570.0,15.6,12.7,2.7552654797509217,9.5,52.9,6.75935696108249
32023,"Nye County, Nevada",NV,2022,53602.0,15.3,12.5,2.8433750154136685,9.3,52.9,7.9809086515224745
32023,"Nye County, Nevada",NV,2023,55975.0,15.5,12.7,2.9263695780323236,9.5,52.4,9.872381411028172
32029,"Storey County, Nevada",NV,2010,61525.0,,13.9,15.224923989112055,15.2,46.4,1.492537313432836
32029,"Storey County, Nevada",NV,2011,59386.0,,18.1,15.205968655460273,18.3,50.4,2.1529745042492916
32029,"Storey County, Nevada",NV,2012,62561.0,8.6,18.8,15.202177588729915,19.6,52.8,3.9147956246401843
32029,"Storey County, Nevada",NV,2013,61573.0,11.0,21.5,15.092236653549575,15.2,54.4,6.766467065868263
32029,"Storey County, Nevada",NV,2014,64835.0,10.5,20.7,14.914056517222814,13.0,54.2,6.253521126760563
32029,"Storey County, Nevada",NV,2015,64832.0,7.5,21.4,14.895101183571033,10.3,54.7,6.639954207212364
32029,"Storey County, Nevada",NV,2016,65508.0,7.2,23.1,14.940593984335312,4.1,54.4,6.651884700665189
32029,"Storey County, Nevada",NV,2017,63607.0,7.7,22.9,14.751040647817481,4.2,54.7,4.507042253521127
32029,"Storey County, Nevada",NV,2018,62284.0,7.9,28.7,14.940593984335312,4.3,52.9,3.2934131736526946
32029,"Storey County, Nevada",NV,2019,66292.0,8.2,31.4,15.11877412066207,3.0,50.9,3.987915407854985
32029,"Storey County, Nevada",NV,2020,64000.0,9.2,33.3,15.490298660237016,3.7,53.0,6.792945787067277
32029,"Storey County, Nevada",NV,2021,66713.0,12.0,28.3,15.342447057753109,5.3,53.9,7.32728541521284
32029,"Storey County, Nevada",NV,2022,86932.0,9.1,31.4,15.524418260810226,7.0,55.7,10.281065088757396
32029,"Storey County, Nevada",NV,2023,96000.0,7.1,31.6,15.691225196945915,6.8,56.8,12.978986402966626
32031,"Washoe County, Nevada",NV,2010,55658.0,,26.7,65.36606080200738,8.0,36.6,4.155082322784186
32031,"Washoe County, Nevada",NV,2011,55813.0,,27.0,66.15945814017594,9.3,36.8,4.196639713646888
32031,"Washoe County, Nevada",NV,2012,53994.0,14.7,26.8,66.81732402325125,10.6,37.0,4.143103577589439
32031,"Washoe County, Nevada",NV,2013,53040.0,15.1,27.3,67.36910804311103,11.1,37.2,4.141719584719282
32031,"Washoe County, Nevada",NV,2014,52910.0,15.7,27.9,68.0800148577941,10.6,37.5,4.21278903911445
32031,"Washoe County, Nevada",NV,2015,52870.0,15.2,28.7,68.87705381216259,9.1,37.6,3.8824923143198418
32031,"Washoe County, Nevada",NV,2016,54955.0,15.0,29.0,69.65208473819233,8.0,37.9,4.2001642255619
32031,"Washoe County, Nevada",NV,2017,58595.0,13.3,29.8,70.54459736945478,6.8,38.0,4.323758436517091
32031,"Washoe County, Nevada",NV,2018,61155.0,12.2,30.5,71.32596154104964,5.6,38.1,4.5342999302069025
32031,"Washoe County, Nevada",NV,2019,64791.0,11.3,30.8,72.34719738842286,5.3,38.4,4.733300034175452
32031,"Washoe County, Nevada",NV,2020,68272.0,10.9,31.7,73.49446482254166,5.2,38.5,6.706910136790483
32031,"Washoe County, Nevada",NV,2021,74292.0,10.9,32.3,75.96063064559362,5.0,38.5,8.310289623053412
32031,"Washoe County, Nevada",NV,2022,81531.0,10.9,32.5,77.05564880380032,5.0,38.6,9.430078529425003
32031,"Washoe County, Nevada",NV,2023,85600.0,10.7,33.2,77.86250428879472,5.0,38.9,11.17795119090287
32510,"Carson City, Nevada",NV,2010,52067.0,,21.6,383.12784535126684,12.9,41.1,2.3217655262942
32510,"Carson City, Nevada",NV,2011,54235.0,,21.0,383.14860171309175,15.7,41.8,2.4700342465753424
32510,"Carson City, Nevada",NV,2012,53987.0,15.0,20.9,381.80635698174825,16.8,41.6,2.9102140247085435
32510,"Carson City, Nevada",NV,2013,51957.0,16.2,20.1,379.29483720093543,17.5,41.9,2.6944494341656187
32510,"Carson City, Nevada",NV,2014,50108.0,17.1,20.4,378.0010239805167,14.5,42.3,1.8732879738446584
32510,"Carson City, Nevada",NV,2015,47668.0,16.8,20.7,376.9493683147218,11.3,42.6,2.3984526112185685
32510,"Carson City, Nevada",NV,2016,47948.0,16.7,21.0,376.4650532054742,9.5,43.1,2.939419795221843
32510,"Carson City, Nevada",NV,2017,49341.0,14.7,21.6,375.12972726140566,7.7,43.0,2.8087774294670846
32510,"Carson City, Nevada",NV,2018,52034.0,13.7,22.3,376.84558650559734,6.2,42.8,2.966359615306578
32510,"Carson City, Nevada",NV,2019,55718.0,11.3,22.2,378.96273541173707,5.1,42.4,3.3211504846655013
32510,"Carson City, Nevada",NV,2020,58305.0,10.0,22.9,382.22148421824625,4.6,42.2,5.434739708726369
32510,"Carson City, Nevada",NV,2021,62217.0,10.0,23.1,400.9921540952302,4.6,42.3,5.723981056792333
32510,"Carson City, Nevada",NV,2022,67465.0,11.2,24.3,403.0124399795204,4.7,42.1,6.870200412062184
32510,"Carson City, Nevada",NV,2023,71809.0,11.1,24.5,403.80810051614156,4.1,42.1,8.507922204700758
35001,"Bernalillo County, New Mexico",NM,2010,47481.0,,31.5,557.0581574086434,6.4,35.7,4.0952738378714155
35001,"Bernalillo County, New Mexico",NM,2011,48231.0,,31.6,564.3133016719125,7.3,35.8,4.24808035380631
35001,"Bernalillo County, New Mexico",NM,2012,48398.0,17.3,31.8,570.0123574267274,8.0,36.0,4.277538133721383
35001,"Bernalillo County, New Mexico",NM,2013,48801.0,18.0,32.1,574.4627533380122,8.5,36.1,4.159546751044434
35001,"Bernalillo County, New Mexico",NM,2014,48390.0,18.6,32.3,578.1975379872465,8.7,36.3,4.1144143115735226
35001,"Bernalillo County, New Mexico",NM,2015,47725.0,19.4,32.6,580.3624558125116,8.4,36.5,4.138310124594283
35001,"Bernalillo County, New Mexico",NM,2016,48994.0,18.7,32.8,581.0806505087213,7.3,36.8,4.22292872089601
35001,"Bernalillo County, New Mexico",NM,2017,50386.0,18.0,33.4,581.147819796856,6.7,37.1,4.421745785719099
35001,"Bernalillo County, New Mexico",NM,2018,51643.0,17.4,33.9,583.5908873665765,6.3,37.3,4.618818352836144
35001,"Bernalillo County, New Mexico",NM,2019,53329.0,16.7,34.4,583.7338373900426,5.7,37.6,4.6668052222873015
35001,"Bernalillo County, New Mexico",NM,2020,54308.0,15.9,35.3,584.7491270145405,5.6,38.0,6.663903645931452
35001,"Bernalillo County, New Mexico",NM,2021,56920.0,16.1,36.3,581.2029330589153,5.6,38.3,9.503283169436678
35001,"Bernalillo County, New Mexico",NM,2022,62220.0,16.4,36.6,581.0074532075489,5.4,38.6,11.103457304225318
35001,"Bernalillo County, New Mexico",NM,2023,66514.0,15.8,37.4,580.7189697264574,5.3,39.3,12.835122096227806
35005,"Chaves County, New Mexico",NM,2010,37524.0,,15.7,10.592735303420355,6.2,35.2,3.550615568677396
35005,"Chaves County, New Mexico",NM,2011,37293.0,,16.4,10.70497860866759,5.9,34.9,3.8498008723686707
35005,"Chaves County, New Mexico",NM,2012,38155.0,20.6,17.3,10.769918200837061,6.5,34.8,3.3584934431229034
35005,"Chaves County, New Mexico",NM,2013,39131.0,21.3,18.4,10.816727450015057,7.1,34.7,3.892981183924278
35005,"Chaves County, New Mexico",NM,2014,40541.0,21.9,18.4,10.853482599897779,7.4,34.8,4.383810135671365
35005,"Chaves County, New Mexico",NM,2015,40630.0,21.9,18.1,10.8470545692008,7.6,34.8,3.769940901541195
35005,"Chaves County, New Mexico",NM,2016,41356.0,22.2,19.3,10.813925487916373,7.1,35.1,3.55875958347637
35005,"Chaves County, New Mexico",NM,2017,42177.0,21.2,19.0,10.788213365128462,6.3,35.3,3.9005604910969613
35005,"Chaves County, New Mexico",NM,2018,43197.0,20.6,17.8,10.789037471628074,5.9,35.6,2.961612939970384
35005,"Chaves County, New Mexico",NM,2019,43359.0,19.4,18.0,10.73711876215248,5.1,35.7,2.2192182043483157
35005,"Chaves County, New Mexico",NM,2020,46254.0,19.4,17.7,10.698880220570457,5.2,36.1,2.2562055067987496
35005,"Chaves County, New Mexico",NM,2021,47620.0,21.2,16.9,10.715691993162554,5.4,36.1,2.9179539993134225
35005,"Chaves County, New Mexico",NM,2022,49673.0,21.8,17.5,10.664102926286805,5.3,36.2,3.5377449282057203
35005,"Chaves County, New Mexico",NM,2023,52029.0,22.3,18.2,10.622073494806564,5.6,36.9,4.953846153846154
35013,"Do?a Ana County, New Mexico",NM,2010,36657.0,,25.4,52.956930446466814,8.6,32.2,4.397678310721789
35013,"Doña Ana County, New Mexico",NM,2011,37223.0,,25.5,53.99863294600137,10.7,32.3,4.194757437178822
35013,"Doña Ana County, New Mexico",NM,2012,38462.0,25.8,26.0,54.82763591828032,11.5,32.4,4.087786703923623
35013,"Doña Ana County, New Mexico",NM,2013,37933.0,27.0,26.6,55.45286749160822,12.4,32.2,4.094996541388056
35013,"Doña Ana County, New Mexico",NM,2014,38426.0,27.8,27.4,55.916867571436185,12.2,32.5,4.198719764346004
35013,"Doña Ana County, New Mexico",NM,2015,38853.0,28.2,27.7,56.18497401258183,11.5,32.4,3.889456374106211
35013,"Doña Ana County, New Mexico",NM,2016,38636.0,27.6,27.5,56.148736315345694,10.6,32.6,4.04765097671092
35013,"Doña Ana County, New Mexico",NM,2017,39114.0,27.9,27.4,56.15503852356068,9.3,32.9,4.189679659144706
35013,"Doña Ana County, New Mexico",NM,2018,39164.0,27.7,27.5,56.54603802489845,8.3,32.9,4.24644056679521
35013,"Doña Ana County, New Mexico",NM,2019,40973.0,26.4,27.1,56.737992783446416,7.7,33.1,4.383378320139724
35013,"Doña Ana County, New Mexico",NM,2020,44024.0,24.8,29.5,57.16522998202033,7.7,33.3,5.6357396126920625
35013,"Doña Ana County, New Mexico",NM,2021,47151.0,23.2,30.0,57.28628489814975,7.4,33.4,7.0827880512091035
35013,"Doña Ana County, New Mexico",NM,2022,51232.0,22.8,30.4,57.73610500949402,6.8,33.2,7.463224847544316
35013,"Doña Ana County, New Mexico",NM,2023,55663.0,22.2,31.4,58.2074576655728,6.9,34.0,9.002375552235277
35025,"Lea County, New Mexico",NM,2010,43910.0,,12.9,14.23255377597715,7.8,31.6,2.7822037014339993
35025,"Lea County, New Mexico",NM,2011,46781.0,,13.8,14.502845463289518,7.6,31.6,3.3313760031317283
35025,"Lea County, New Mexico",NM,2012,48793.0,16.2,14.1,14.726001195021716,8.3,31.6,2.3193406172129576
35025,"Lea County, New Mexico",NM,2013,50694.0,15.0,13.3,14.956215934594422,8.4,31.8,2.654170571696345
35025,"Lea County, New Mexico",NM,2014,55248.0,16.4,12.6,15.2283293013495,6.3,31.5,2.462059767131682
35025,"Lea County, New Mexico",NM,2015,57533.0,15.0,13.2,15.518204042671021,5.9,31.8,2.3603298940612167
35025,"Lea County, New Mexico",NM,2016,58152.0,15.8,13.1,15.696045498265763,6.6,31.8,2.4556616643929057
35025,"Lea County, New Mexico",NM,2017,59285.0,16.1,13.1,15.826978708210675,6.2,31.7,2.1343288838798293
35025,"Lea County, New Mexico",NM,2018,59797.0,16.6,13.0,15.96838657495118,6.4,31.7,2.118524774774775
35025,"Lea County, New Mexico",NM,2019,60546.0,15.8,13.6,16.002770774432367,6.3,31.8,2.2530691964285716
35025,"Lea County, New Mexico",NM,2020,61867.0,16.2,14.6,16.02144298872016,6.9,32.0,2.7949120055758843
35025,"Lea County, New Mexico",NM,2021,62319.0,16.8,14.8,16.564303462648287,7.2,31.9,3.0088254336047977
35025,"Lea County, New Mexico",NM,2022,65855.0,17.8,14.6,16.646279037570316,7.4,32.2,3.333112011154638
35025,"Lea County, New Mexico",NM,2023,68750.0,18.7,15.3,16.657892244017606,7.0,32.5,3.670852435054149
35031,"McKinley County, New Mexico",NM,2010,31335.0,,10.9,12.9631572845228,8.9,29.9,9.916585510437397
35031,"McKinley County, New Mexico",NM,2011,31947.0,,11.0,13.078180700134872,10.2,30.3,9.921759357157962
35031,"McKinley County, New Mexico",NM,2012,30780.0,33.6,12.2,13.187884053461856,11.8,30.3,10.055427050146205
35031,"McKinley County, New Mexico",NM,2013,30458.0,35.0,11.2,13.27685750891936,11.9,30.5,10.452992989394211
35031,"McKinley County, New Mexico",NM,2014,29812.0,36.6,11.4,13.406923859268575,13.9,30.7,11.365594811556079
35031,"McKinley County, New Mexico",NM,2015,28772.0,37.5,11.1,13.5749644473079,15.5,30.8,10.42316258351893
35031,"McKinley County, New Mexico",NM,2016,29272.0,38.1,11.0,13.638805194728954,15.7,30.8,9.536447275300779
35031,"McKinley County, New Mexico",NM,2017,30336.0,37.5,10.8,13.364179910564248,16.1,31.6,9.455964227784841
35031,"McKinley County, New Mexico",NM,2018,31674.0,36.0,11.6,13.364179910564248,15.7,32.0,9.112854556427278
35031,"McKinley County, New Mexico",NM,2019,33834.0,34.8,11.4,13.288781786454901,14.0,32.4,9.502980402247095
35031,"McKinley County, New Mexico",NM,2020,36179.0,35.2,11.5,13.200358682268268,12.4,32.8,10.201954397394136
35031,"McKinley County, New Mexico",NM,2021,40262.0,34.0,12.2,13.381974601655749,11.0,33.3,11.74833431728093
35031,"McKinley County, New Mexico",NM,2022,44029.0,33.6,12.4,13.221822381832244,9.6,33.6,10.36665119615206
35031,"McKinley County, New Mexico",NM,2023,44496.0,35.7,12.5,13.056533550147273,9.4,34.1,9.591329677861548
35035,"Otero County, New Mexico",NM,2010,39615.0,,17.7,9.494353323265628,8.8,36.5,3.2245637015063373
35035,"Otero County, New Mexico",NM,2011,38588.0,,17.6,9.602027171919145,10.4,36.2,2.4304457793234273
35035,"Otero County, New Mexico",NM,2012,39054.0,20.7,17.5,9.705164201106923,11.4,36.1,2.5460542192904834
35035,"Otero County, New Mexico",NM,2013,39263.0,21.8,16.6,9.794539544581964,13.1,35.6,2.847474413998019
35035,"Otero County, New Mexico",NM,2014,40614.0,22.0,17.2,9.892534845041906,13.3,35.6,2.499793063488122
35035,"Otero County, New Mexico",NM,2015,39775.0,23.1,16.4,9.877865795436021,12.7,35.6,2.4056702105482595
35035,"Otero County, New Mexico",NM,2016,41502.0,24.8,17.6,9.88013420516889,11.0,35.7,2.609397055858036
35035,"Otero County, New Mexico",NM,2017,43533.0,21.4,18.3,9.849435060117395,9.3,35.6,3.1028851388132823
35035,"Otero County, New Mexico",NM,2018,42752.0,21.2,19.0,9.942439859165026,8.0,35.6,3.242929097249128
35035,"Otero County, New Mexico",NM,2019,41988.0,22.1,17.5,10.00172096685067,7.6,35.8,3.3855384135889044
35035,"Otero County, New Mexico",NM,2020,45032.0,19.1,18.9,10.10258958630558,9.1,36.2,4.1260084517864
35035,"Otero County, New Mexico",NM,2021,46949.0,18.9,20.1,10.177295880174734,9.6,36.5,4.463237021376556
35035,"Otero County, New Mexico",NM,2022,50833.0,19.4,21.0,10.260773358344315,9.6,35.9,4.756930194381226
35035,"Otero County, New Mexico",NM,2023,52717.0,20.0,21.6,10.318995874821287,9.1,36.3,5.962924450500197
35049,"Santa Fe County, New Mexico",NM,2010,52696.0,,40.0,74.17477151142704,6.7,42.2,9.801032741628642
35049,"Santa Fe County, New Mexico",NM,2011,53698.0,,39.6,74.88196065704204,7.9,42.6,9.727315534881066
35049,"Santa Fe County, New Mexico",NM,2012,53642.0,16.0,39.3,75.48707586972225,9.1,43.0,8.727825646224025
35049,"Santa Fe County, New Mexico",NM,2013,52917.0,17.0,39.7,76.11051204472408,9.9,43.4,8.532153115657424
35049,"Santa Fe County, New Mexico",NM,2014,52958.0,16.7,39.9,76.61355332446948,9.0,43.9,8.324132721250509
35049,"Santa Fe County, New Mexico",NM,2015,54315.0,15.6,40.1,77.00457500601973,7.9,44.4,8.109583530865262
35049,"Santa Fe County, New Mexico",NM,2016,55370.0,15.6,41.0,77.1155476920822,6.7,45.0,7.987295267926406
35049,"Santa Fe County, New Mexico",NM,2017,57945.0,14.4,41.4,77.21709816895067,5.5,45.3,7.8671404742911015
35049,"Santa Fe County, New Mexico",NM,2018,59192.0,12.8,40.9,77.95150703001497,4.5,45.8,8.215143543406153
35049,"Santa Fe County, New Mexico",NM,2019,61200.0,12.8,41.0,78.14832651095593,4.1,46.3,8.429036374324344
35049,"Santa Fe County, New Mexico",NM,2020,60668.0,13.0,40.7,78.68539243501293,4.9,46.8,10.105380084479458
35049,"Santa Fe County, New Mexico",NM,2021,64423.0,12.3,41.1,80.41960238277201,5.3,47.1,12.337468134497344
35049,"Santa Fe County, New Mexico",NM,2022,70522.0,12.3,42.2,80.86401658308817,5.4,47.7,15.005795380657563
35049,"Santa Fe County, New Mexico",NM,2023,74689.0,12.5,44.2,81.22729509312283,5.4,48.5,17.025371582703492
35061,"Valencia County, New Mexico",NM,2010,42044.0,,16.8,69.88930802516818,8.4,36.9,4.1148853907760286
35061,"Valencia County, New Mexico",NM,2011,41388.0,,16.2,70.90735921645681,9.8,36.7,3.8478824546240276
35061,"Valencia County, New Mexico",NM,2012,42525.0,21.4,17.0,71.40607305970317,11.3,37.4,3.7372672989111346
35061,"Valencia County, New Mexico",NM,2013,42506.0,23.6,16.6,71.67699091815844,12.1,37.9,3.8714727964985944
35061,"Valencia County, New Mexico",NM,2014,42012.0,24.8,16.5,71.69480212684581,12.9,38.2,3.606653908435154
35061,"Valencia County, New Mexico",NM,2015,41703.0,23.7,16.5,71.52325206422535,12.4,38.5,4.005509841592054
35061,"Valencia County, New Mexico",NM,2016,41788.0,23.2,17.1,71.23827272522743,10.7,38.9,4.461771713233701
35061,"Valencia County, New Mexico",NM,2017,43428.0,22.0,16.3,71.09953278387317,9.1,39.0,4.971944030115775
35061,"Valencia County, New Mexico",NM,2018,45084.0,19.5,17.1,71.20358773988886,8.4,39.1,4.726817739468928
35061,"Valencia County, New Mexico",NM,2019,48945.0,16.9,18.5,71.27014541445746,7.5,38.9,4.29990103402382
35061,"Valencia County, New Mexico",NM,2020,50801.0,16.6,19.9,71.73042454422055,7.7,38.7,5.354766048940309
35061,"Valencia County, New Mexico",NM,2021,53752.0,16.7,19.4,71.23733529319125,8.5,39.0,6.283795723626082
35061,"Valencia County, New Mexico",NM,2022,56246.0,17.8,21.1,71.8194805876574,7.5,38.8,7.82014363529126
35061,"Valencia County, New Mexico",NM,2023,58333.0,18.4,20.8,72.5403658234778,6.9,39.0,9.315519151364597
37001,"Alamance County, North Carolina",NC,2010,44167.0,,21.4,347.31681512898746,8.4,38.0,2.9557218449471576
37001,"Alamance County, North Carolina",NC,2011,44430.0,,21.6,352.90658681503453,8.6,38.4,3.6312969533303647
37001,"Alamance County, North Carolina",NC,2012,44155.0,17.3,21.8,356.9944173129422,9.4,38.5,3.679713141419545
37001,"Alamance County, North Carolina",NC,2013,43043.0,18.3,21.7,360.06914597168037,10.0,38.8,3.705393946531622
37001,"Alamance County, North Carolina",NC,2014,42592.0,18.8,21.0,362.9998205227511,9.5,39.1,3.783120563232158
37001,"Alamance County, North Carolina",NC,2015,41814.0,19.2,21.6,366.64840406941045,7.9,39.2,3.386753205907161
37001,"Alamance County, North Carolina",NC,2016,43209.0,18.5,22.1,369.27916269140303,6.9,39.6,2.710547718540539
37001,"Alamance County, North Carolina",NC,2017,44281.0,17.6,22.9,372.7553536174112,6.0,39.7,2.8974136625786295
37001,"Alamance County, North Carolina",NC,2018,45735.0,16.8,24.0,379.2070884067143,5.7,39.5,3.0126807204587673
37001,"Alamance County, North Carolina",NC,2019,49688.0,16.1,24.8,385.69660787999584,5.3,39.1,3.272489368662087
37001,"Alamance County, North Carolina",NC,2020,51580.0,15.4,25.3,392.35615843117995,5.2,39.1,4.4474041575263765
37001,"Alamance County, North Carolina",NC,2021,55078.0,14.4,26.3,399.53760992981495,5.1,39.0,6.128490689359085
37001,"Alamance County, North Carolina",NC,2022,60866.0,14.2,27.3,405.66345181980483,5.0,39.1,8.410544415443042
37001,"Alamance County, North Carolina",NC,2023,64445.0,14.1,27.7,411.58383949066246,4.9,38.7,9.1791553133515
37027,"Caldwell County, North Carolina",NC,2010,37261.0,,12.3,174.11334893025466,10.5,40.5,2.3987052771516097
37027,"Caldwell County, North Carolina",NC,2011,37845.0,,13.6,174.7533312989523,11.2,40.8,3.0933471454880292
37027,"Caldwell County, North Carolina",NC,2012,36108.0,19.0,12.3,174.81478655952262,12.4,41.2,2.7419402239398125
37027,"Caldwell County, North Carolina",NC,2013,34357.0,19.5,12.5,174.63253992472792,14.3,41.5,2.9140961651734507
37027,"Caldwell County, North Carolina",NC,2014,34853.0,20.5,13.4,174.06672769809785,13.6,42.0,3.46460081773187
37027,"Caldwell County, North Carolina",NC,2015,35763.0,19.6,13.7,173.2572135761028,12.2,42.8,3.56192549588776
37027,"Caldwell County, North Carolina",NC,2016,37118.0,17.6,13.8,172.97112874241347,10.5,43.5,3.8723071368395714
37027,"Caldwell County, North Carolina",NC,2017,40735.0,16.4,14.8,173.35681348116503,7.9,44.1,3.6574959540973957
37027,"Caldwell County, North Carolina",NC,2018,42072.0,16.6,15.3,173.30171566134337,6.6,44.1,3.9981865064747386
37027,"Caldwell County, North Carolina",NC,2019,44511.0,15.1,15.7,173.5242260875462,6.3,44.6,3.434687831870773
37027,"Caldwell County, North Carolina",NC,2020,46094.0,14.0,15.8,173.8887193571356,6.5,45.1,3.9988639591025277
37027,"Caldwell County, North Carolina",NC,2021,48549.0,13.4,16.6,171.02575187332587,5.8,44.9,4.585127763422337
37027,"Caldwell County, North Carolina",NC,2022,52362.0,13.3,17.2,171.04906248940426,5.8,45.1,5.373540414918944
37027,"Caldwell County, North Carolina",NC,2023,55401.0,12.7,18.6,170.84138609161496,4.8,45.5,6.325545040895514
37031,"Carteret County, North Carolina",NC,2010,46155.0,,23.8,128.18653911316696,8.6,45.1,4.579644545030953
37031,"Carteret County, North Carolina",NC,2011,47403.0,,23.7,129.51631586827529,9.4,45.4,4.541698343965888
37031,"Carteret County, North Carolina",NC,2012,47506.0,14.1,23.8,130.84018250447198,9.7,45.7,4.610033795977294
37031,"Carteret County, North Carolina",NC,2013,46534.0,14.4,23.9,132.38272354039765,10.2,45.9,4.098223545548827
37031,"Carteret County, North Carolina",NC,2014,47179.0,15.2,24.2,133.6691594234876,11.0,46.0,3.865936618549859
37031,"Carteret County, North Carolina",NC,2015,48457.0,15.0,25.3,134.41186436671106,10.2,46.4,4.356707521264483
37031,"Carteret County, North Carolina",NC,2016,50599.0,13.1,25.9,135.0206066146051,9.2,46.9,4.726211402606879
37031,"Carteret County, North Carolina",NC,2017,51584.0,12.5,26.7,135.33975303583108,8.0,47.4,5.004145249544022
37031,"Carteret County, North Carolina",NC,2018,54428.0,11.6,28.4,135.77513179565173,6.6,47.9,5.165167137321863
37031,"Carteret County, North Carolina",NC,2019,57194.0,10.7,29.1,136.07063774123137,5.7,48.6,4.999836713366644
37031,"Carteret County, North Carolina",NC,2020,57871.0,9.2,28.5,136.525716897424,5.3,49.2,5.132142040442978
37031,"Carteret County, North Carolina",NC,2021,61805.0,9.7,30.1,133.85237310974696,5.1,49.4,6.692211138270463
37031,"Carteret County, North Carolina",NC,2022,66965.0,9.7,31.9,134.65811932136074,4.9,49.9,8.533909574468085
37031,"Carteret County, North Carolina",NC,2023,70235.0,10.0,32.3,135.2471611728828,4.3,50.1,10.272694536288343
37035,"Catawba County, North Carolina",NC,2010,43484.0,,19.4,381.5618350964437,8.6,38.9,2.8098889779100378
37035,"Catawba County, North Carolina",NC,2011,43733.0,,19.7,383.39802777459425,9.1,39.2,3.1832802065454127
37035,"Catawba County, North Carolina",NC,2012,43657.0,15.1,20.5,384.18283197217556,9.7,39.7,3.207254711651287
37035,"Catawba County, North Carolina",NC,2013,44332.0,15.2,21.0,384.75835505040186,10.5,40.1,3.4826823876197492
37035,"Catawba County, North Carolina",NC,2014,45397.0,15.3,21.5,384.8206410978289,9.2,40.5,3.4574313736869597
37035,"Catawba County, North Carolina",NC,2015,44376.0,15.5,21.7,385.2018317080827,8.2,40.8,3.59421553666158
37035,"Catawba County, North Carolina",NC,2016,45450.0,15.9,21.6,387.3220487625008,7.9,41.1,3.402564877585388
37035,"Catawba County, North Carolina",NC,2017,48649.0,14.2,21.5,389.118378370298,7.4,41.2,3.356133280354203
37035,"Catawba County, North Carolina",NC,2018,51157.0,13.2,21.9,390.4811970880027,7.0,41.4,3.1033901163771294
37035,"Catawba County, North Carolina",NC,2019,52056.0,13.2,22.6,392.6836317250245,6.5,41.4,3.2781194896074863
37035,"Catawba County, North Carolina",NC,2020,54690.0,12.4,23.1,394.9109807810172,6.0,41.6,4.289041095890411
37035,"Catawba County, North Carolina",NC,2021,57840.0,12.8,24.0,398.2619701325945,5.8,41.7,5.53142826024805
37035,"Catawba County, North Carolina",NC,2022,62070.0,13.0,24.8,401.1495512913143,5.1,41.5,6.393376413570275
37035,"Catawba County, North Carolina",NC,2023,64544.0,12.8,24.9,403.7406508642812,4.2,41.8,7.520658968111029
37057,"Davidson County, North Carolina",NC,2010,44249.0,,16.3,290.3911579997758,9.3,39.5,1.898595258999122
37057,"Davidson County, North Carolina",NC,2011,44728.0,,16.8,292.3543597178485,10.0,40.0,2.004658126767593
37057,"Davidson County, North Carolina",NC,2012,44318.0,15.2,17.2,293.98855341318705,11.3,40.4,2.1591722705002034
37057,"Davidson County, North Carolina",NC,2013,43083.0,16.3,17.6,294.6158379400482,12.4,40.6,2.367370222475756
37057,"Davidson County, North Carolina",NC,2014,42866.0,16.1,17.9,295.6462476815781,11.9,41.0,2.658034708457513
37057,"Davidson County, North Carolina",NC,2015,43363.0,15.9,18.7,296.22833879872303,11.0,41.5,3.0170560412784866
37057,"Davidson County, North Carolina",NC,2016,44469.0,16.2,18.2,296.57361644895497,10.0,41.9,3.06361686919228
37057,"Davidson County, North Carolina",NC,2017,45806.0,15.8,18.1,296.6820806322739,8.2,42.1,2.7458832754564804
37057,"Davidson County, North Carolina",NC,2018,47271.0,15.5,18.5,297.66910470047617,7.2,42.3,3.251000413964399
37057,"Davidson County, North Carolina",NC,2019,49546.0,15.4,18.5,298.9652516911374,5.9,42.5,3.2290093986752084
37057,"Davidson County, North Carolina",NC,2020,50454.0,15.2,18.9,301.59731587301013,5.5,42.5,5.247238650787221
37057,"Davidson County, North Carolina",NC,2021,53083.0,14.5,19.3,303.70332876578607,5.4,42.4,6.3951828845604926
37057,"Davidson County, North Carolina",NC,2022,58473.0,13.9,20.5,306.4077024032048,4.3,42.6,7.732108829134025
37057,"Davidson County, North Carolina",NC,2023,62426.0,13.8,20.7,309.2368098514402,4.0,42.3,8.763440860215054
37069,"Franklin County, North Carolina",NC,2010,43710.0,,15.2,118.89540912806373,9.8,39.0,3.3106057620305047
37069,"Franklin County, North Carolina",NC,2011,44598.0,,15.4,121.20121512315932,11.7,39.4,3.4605737576422637
37069,"Franklin County, North Carolina",NC,2012,42920.0,15.4,15.5,122.95598635223118,12.4,39.8,4.1260257005728445
37069,"Franklin County, North Carolina",NC,2013,41696.0,16.1,17.1,124.34678996832058,13.1,39.6,4.2902084152575695
37069,"Franklin County, North Carolina",NC,2014,42763.0,15.4,18.2,125.5037596431084,12.1,40.0,4.266624990232086
37069,"Franklin County, North Carolina",NC,2015,42685.0,15.8,19.4,126.66886267237628,9.9,40.2,4.879356568364611
37069,"Franklin County, North Carolina",NC,2016,44272.0,16.3,20.4,128.0779663360458,8.2,40.4,4.6803567413625125
37069,"Franklin County, North Carolina",NC,2017,48344.0,16.4,21.0,129.86120430579786,7.3,40.9,5.246260488872674
37069,"Franklin County, North Carolina",NC,2018,53175.0,14.4,21.3,131.96774311613208,5.5,41.3,4.759613732430668
37069,"Franklin County, North Carolina",NC,2019,55193.0,13.2,22.0,134.93641750135217,5.8,41.4,4.683305160584667
37069,"Franklin County, North Carolina",NC,2020,58172.0,11.4,21.2,138.32192630367504,6.8,41.3,5.617166480740206
37069,"Franklin County, North Carolina",NC,2021,62332.0,11.3,22.6,137.44962403568914,6.5,41.3,7.9089216294795985
37069,"Franklin County, North Carolina",NC,2022,70493.0,9.7,23.7,141.68303504255778,5.9,41.0,9.431254484759616
37069,"Franklin County, North Carolina",NC,2023,71386.0,10.1,24.4,146.32311377342913,5.5,40.9,10.329327859518743
37135,"Orange County, North Carolina",NC,2010,52981.0,,54.4,325.893766711356,6.3,33.3,6.285212096483106
37135,"Orange County, North Carolina",NC,2011,56055.0,,54.6,331.663979434499,6.4,33.2,6.405023058706219
37135,"Orange County, North Carolina",NC,2012,55241.0,17.4,55.2,336.95124497244433,6.9,33.3,6.520810447943366
37135,"Orange County, North Carolina",NC,2013,55569.0,17.8,55.8,342.2309644606209,7.5,33.2,6.905761159862648
37135,"Orange County, North Carolina",NC,2014,57261.0,16.8,56.2,345.29466066671864,7.5,33.2,6.868289732345381
37135,"Orange County, North Carolina",NC,2015,59290.0,15.8,56.6,348.7381747111749,6.4,33.3,7.560107376283847
37135,"Orange County, North Carolina",NC,2016,61130.0,14.5,57.7,351.6635266715129,5.9,33.6,8.2467718794835
37135,"Orange County, North Carolina",NC,2017,65522.0,14.0,57.6,356.70680326693645,5.2,34.2,8.514868237384205
37135,"Orange County, North Carolina",NC,2018,68211.0,13.4,57.6,359.539087280127,4.4,34.7,9.098914000587026
37135,"Orange County, North Carolina",NC,2019,71723.0,13.7,59.7,364.31322143379975,3.5,34.8,9.705141094324551
37135,"Orange County, North Carolina",NC,2020,74803.0,12.4,60.8,368.1315226167688,4.0,35.1,13.842367319225982
37135,"Orange County, North Carolina",NC,2021,79205.0,12.6,61.3,370.7022102379772,4.4,35.4,18.476236511750237
37135,"Orange County, North Carolina",NC,2022,85785.0,12.3,61.7,367.03734540030536,3.9,36.2,21.722470184704143
37135,"Orange County, North Carolina",NC,2023,88553.0,12.4,61.8,370.4909208444532,3.6,36.2,24.224874142839113
37151,"Randolph County, North Carolina",NC,2010,40346.0,,13.0,178.99447424830987,8.3,39.1,2.516713157033551
37151,"Randolph County, North Carolina",NC,2011,40602.0,,13.8,180.1218656410217,9.5,39.5,2.308625061022661
37151,"Randolph County, North Carolina",NC,2012,41575.0,17.1,13.6,180.95526608098555,10.1,39.6,2.3131417655018707
37151,"Randolph County, North Carolina",NC,2013,41208.0,17.8,13.8,181.56114308795316,10.8,40.0,2.3222156437076507
37151,"Randolph County, North Carolina",NC,2014,41782.0,18.0,14.1,181.86024692683588,10.1,40.2,2.344007379587534
37151,"Randolph County, North Carolina",NC,2015,41947.0,17.6,14.5,181.98039975100244,9.0,40.5,2.117411262688304
37151,"Randolph County, North Carolina",NC,2016,43010.0,16.9,15.1,182.25905204534618,7.0,41.1,2.220484004852819
37151,"Randolph County, North Carolina",NC,2017,43598.0,16.7,15.3,182.56454699189734,6.1,41.5,2.5286806883365203
37151,"Randolph County, North Carolina",NC,2018,45006.0,15.8,15.8,182.73199401281033,5.4,41.5,3.0707610146862483
37151,"Randolph County, North Carolina",NC,2019,47288.0,15.2,15.7,182.93650945820025,4.8,41.7,3.3055667795977994
37151,"Randolph County, North Carolina",NC,2020,48984.0,14.6,16.1,183.37366122272115,4.5,41.8,3.9850385724304527
37151,"Randolph County, North Carolina",NC,2021,51598.0,15.1,16.1,183.72517214448504,4.6,41.6,5.106927264502644
37151,"Randolph County, North Carolina",NC,2022,56423.0,14.7,16.8,184.5790241289879,3.9,41.4,6.3382970599465445
37151,"Randolph County, North Carolina",NC,2023,59047.0,14.8,17.6,185.75370971844615,3.7,41.4,6.316517347122843
37161,"Rutherford County, North Carolina",NC,2010,35364.0,,14.6,118.36508753406657,12.2,41.8,3.169082880700246
37161,"Rutherford County, North Carolina",NC,2011,37128.0,,15.3,118.95578110381881,13.2,41.9,3.715778310224282
37161,"Rutherford County, North Carolina",NC,2012,35941.0,20.3,15.9,119.28119313026916,14.8,42.1,3.3156337400186455
37161,"Rutherford County, North Carolina",NC,2013,36334.0,21.5,17.0,119.2051457545226,16.0,42.6,3.16408514867887
37161,"Rutherford County, North Carolina",NC,2014,36863.0,21.0,16.4,118.81252907043579,14.5,42.9,3.5997685567862456
37161,"Rutherford County, North Carolina",NC,2015,35630.0,19.9,16.2,118.25366928587977,12.2,43.3,3.3031193859219337
37161,"Rutherford County, North Carolina",NC,2016,36144.0,19.3,16.7,117.96362813186968,10.1,44.1,2.820727955571537
37161,"Rutherford County, North Carolina",NC,2017,38573.0,19.6,17.3,117.64882736715143,8.7,44.5,3.435712606753898
37161,"Rutherford County, North Carolina",NC,2018,40347.0,18.0,17.3,117.66474425974954,8.4,44.7,3.2965342154864024
37161,"Rutherford County, North Carolina",NC,2019,42608.0,17.9,17.8,117.78323668242439,7.2,45.0,2.962794574524513
37161,"Rutherford County, North Carolina",NC,2020,43183.0,17.8,19.2,118.03436987675019,6.7,45.2,3.7969867600060874
37161,"Rutherford County, North Carolina",NC,2021,45500.0,18.2,19.3,114.23376963304489,6.1,45.1,4.421662231961183
37161,"Rutherford County, North Carolina",NC,2022,50512.0,18.4,19.8,114.389401471782,6.0,44.9,5.553207025095116
37161,"Rutherford County, North Carolina",NC,2023,49771.0,17.6,20.7,114.69005388752416,5.5,45.3,6.7426400759734095
37163,"Sampson County, North Carolina",NC,2010,35740.0,,12.4,66.42351971076084,9.3,37.7,2.536997885835095
37163,"Sampson County, North Carolina",NC,2011,36832.0,,12.6,66.77132557377396,10.6,38.3,2.9052331683910633
37163,"Sampson County, North Carolina",NC,2012,37447.0,21.3,13.2,67.03244426120327,10.8,38.2,2.8556418627340614
37163,"Sampson County, North Carolina",NC,2013,36496.0,22.8,12.6,67.32739209032381,11.9,38.5,3.2550069777090482
37163,"Sampson County, North Carolina",NC,2014,35731.0,24.7,12.1,67.49125199539078,12.0,38.9,3.1620553359683794
37163,"Sampson County, North Carolina",NC,2015,35490.0,25.5,12.4,67.52402397640418,10.4,39.2,2.953184020756229
37163,"Sampson County, North Carolina",NC,2016,36742.0,24.2,11.9,67.35487826794795,9.4,39.5,2.763378563805458
37163,"Sampson County, North Carolina",NC,2017,37765.0,24.3,12.5,67.30307739473322,9.5,40.2,3.092229093842431
37163,"Sampson County, North Carolina",NC,2018,39068.0,24.1,12.8,67.19418984491453,8.5,40.3,2.9927600758836967
37163,"Sampson County, North Carolina",NC,2019,42151.0,20.9,13.7,67.00812956561268,6.9,40.3,3.3960704759758067
37163,"Sampson County, North Carolina",NC,2020,42914.0,21.7,14.4,66.90135633714969,6.8,40.3,3.1118426088953535
37163,"Sampson County, North Carolina",NC,2021,45127.0,21.4,14.7,62.867231190468644,6.7,40.2,3.8552545691906004
37163,"Sampson County, North Carolina",NC,2022,49963.0,22.3,14.9,62.707599928113076,5.7,39.6,3.7774100124120813
37163,"Sampson County, North Carolina",NC,2023,53159.0,20.2,15.8,62.63148435930778,5.2,39.7,4.503195816385822
37193,"Wilkes County, North Carolina",NC,2010,33438.0,,12.3,91.63450222176816,10.1,41.3,3.2991405600221793
37193,"Wilkes County, North Carolina",NC,2011,33464.0,,11.9,91.76585787848673,12.0,42.0,3.23664009447889
37193,"Wilkes County, North Carolina",NC,2012,32009.0,22.4,12.1,91.90252083446667,13.9,42.4,3.125236473704124
37193,"Wilkes County, North Carolina",NC,2013,33159.0,22.7,12.5,91.79504802442419,14.9,42.9,2.5375976372750944
37193,"Wilkes County, North Carolina",NC,2014,32157.0,24.3,12.9,91.67430696622833,14.5,43.3,2.4320401678892245
37193,"Wilkes County, North Carolina",NC,2015,33232.0,23.3,12.8,91.47926371837347,11.7,43.7,2.0515781370284834
37193,"Wilkes County, North Carolina",NC,2016,34846.0,21.1,13.8,91.4023078790838,9.7,44.1,2.229870748050236
37193,"Wilkes County, North Carolina",NC,2017,37173.0,20.9,15.4,90.92067047111568,7.5,44.1,2.787821810818629
37193,"Wilkes County, North Carolina",NC,2018,40829.0,19.9,15.5,90.83442685811865,5.8,44.5,2.8220347807976673
37193,"Wilkes County, North Carolina",NC,2019,44107.0,17.7,15.8,90.84636828145669,5.5,44.9,3.045929592959296
37193,"Wilkes County, North Carolina",NC,2020,44980.0,16.4,16.0,90.67653470509329,5.3,45.1,5.15199233191839
37193,"Wilkes County, North Carolina",NC,2021,46079.0,17.3,16.7,88.01492412552294,5.8,45.1,5.913647714523543
37193,"Wilkes County, North Carolina",NC,2022,49119.0,17.1,16.4,87.73629091430172,6.0,45.3,7.594846860914931
37193,"Wilkes County, North Carolina",NC,2023,50438.0,16.4,16.7,87.54788179052356,4.9,45.3,8.095103311633173
39045,"Fairfield County, Ohio",OH,2010,56796.0,,24.4,285.4064021095833,6.9,37.4,4.101049381799831
39045,"Fairfield County, Ohio",OH,2011,58249.0,,24.9,287.8213198774697,7.6,37.8,4.129066729992876
39045,"Fairfield County, Ohio",OH,2012,58971.0,11.4,25.8,289.7465129420162,8.0,38.2,3.655847135266344
39045,"Fairfield County, Ohio",OH,2013,58786.0,11.9,26.0,291.6736886976693,8.2,38.7,3.86245110821382
39045,"Fairfield County, Ohio",OH,2014,60704.0,10.9,26.2,293.5711240867229,7.3,39.1,4.065706018180224
39045,"Fairfield County, Ohio",OH,2015,60567.0,10.3,26.0,295.6430362931607,6.9,39.0,4.06615925058548
39045,"Fairfield County, Ohio",OH,2016,61473.0,10.2,26.4,297.72684464623836,6.0,39.3,3.9626293348079806
39045,"Fairfield County, Ohio",OH,2017,63424.0,9.9,26.6,300.4292526245873,5.1,39.2,3.8871831488754016
39045,"Fairfield County, Ohio",OH,2018,66175.0,9.4,27.2,303.1732971161758,4.4,39.3,4.367495349230509
39045,"Fairfield County, Ohio",OH,2019,67609.0,9.2,27.6,306.2405202581464,4.0,39.2,4.39925352653823
39045,"Fairfield County, Ohio",OH,2020,70906.0,9.0,29.0,309.7042816214448,3.9,39.6,6.4259675271391865
39045,"Fairfield County, Ohio",OH,2021,77241.0,8.6,30.2,312.51573761065896,4.1,39.5,8.85014728031242
39045,"Fairfield County, Ohio",OH,2022,82969.0,8.7,31.1,315.9834643561706,3.7,39.5,10.799440805654076
39045,"Fairfield County, Ohio",OH,2023,87069.0,8.2,31.9,319.7862658987043,3.6,39.5,12.208092485549132
39049,"Franklin County, Ohio",OH,2010,49087.0,,35.0,2143.276792439009,8.0,33.4,3.8976920365828045
39049,"Franklin County, Ohio",OH,2011,50045.0,,35.5,2166.856054558739,8.3,33.4,3.97029823579571
39049,"Franklin County, Ohio",OH,2012,50700.0,17.7,36.0,2192.8000045077447,8.5,33.5,3.9280240478443176
39049,"Franklin County, Ohio",OH,2013,50877.0,18.1,36.4,2219.7337801009357,8.7,33.6,3.9396996772102084
39049,"Franklin County, Ohio",OH,2014,51890.0,18.0,36.7,2249.349663891273,8.1,33.8,3.9409888682619663
39049,"Franklin County, Ohio",OH,2015,52341.0,17.5,37.6,2283.4751707777923,7.0,33.8,3.9095096673529524
39049,"Franklin County, Ohio",OH,2016,54037.0,17.1,38.4,2314.197330288101,6.3,33.9,4.104102004865363
39049,"Franklin County, Ohio",OH,2017,56319.0,16.7,38.7,2354.370728207401,5.7,34.0,4.382702464788732
39049,"Franklin County, Ohio",OH,2018,58762.0,16.3,39.3,2395.364911338293,5.2,34.0,4.5711884138887315
39049,"Franklin County, Ohio",OH,2019,61305.0,15.7,40.0,2423.589028900279,4.9,34.1,4.826206024857805
39049,"Franklin County, Ohio",OH,2020,62352.0,15.1,40.4,2450.5509778989026,4.8,34.2,7.784057113297863
39049,"Franklin County, Ohio",OH,2021,65999.0,14.7,41.2,2467.2352685958563,4.8,34.4,11.479747398013497
39049,"Franklin County, Ohio",OH,2022,71070.0,14.5,41.7,2475.783079803988,4.7,34.6,14.42035221147348
39049,"Franklin County, Ohio",OH,2023,73795.0,14.5,42.0,2482.330579226433,4.5,34.7,17.01882089285871
39057,"Greene County, Ohio",OH,2010,56679.0,,34.5,386.74046508478835,6.6,36.6,3.3895019771018013
39057,"Greene County, Ohio",OH,2011,57553.0,,34.7,389.15849975456945,7.5,36.9,4.044961402044648
39057,"Greene County, Ohio",OH,2012,57992.0,13.4,35.4,391.56686228567145,8.0,37.0,3.992804348676235
39057,"Greene County, Ohio",OH,2013,58080.0,13.9,36.0,393.1434208903687,8.5,37.5,4.252234202409512
39057,"Greene County, Ohio",OH,2014,58775.0,14.3,36.9,394.89649602596,8.1,37.6,4.403740199194744
39057,"Greene County, Ohio",OH,2015,60113.0,13.6,37.1,397.0219485006976,7.6,37.7,4.306474633450111
39057,"Greene County, Ohio",OH,2016,61116.0,12.8,37.6,397.3435471117785,6.5,38.0,3.931057684842525
39057,"Greene County, Ohio",OH,2017,65032.0,12.3,38.8,398.552564446669,5.7,38.1,4.296534017971759
39057,"Greene County, Ohio",OH,2018,67109.0,12.2,39.0,400.93674663107316,5.5,38.1,4.025032182413745
39057,"Greene County, Ohio",OH,2019,68720.0,11.6,39.2,402.6076085878919,5.4,38.3,4.135656612880807
39057,"Greene County, Ohio",OH,2020,70055.0,10.9,39.7,405.9082259121431,5.1,38.3,5.772003946669365
39057,"Greene County, Ohio",OH,2021,75901.0,10.9,41.1,403.9157653442435,4.7,38.3,8.413169528246359
39057,"Greene County, Ohio",OH,2022,81243.0,10.6,41.2,405.1828155112088,4.6,38.6,10.08480802998792
39057,"Greene County, Ohio",OH,2023,85218.0,9.8,41.3,407.51380093287776,4.0,38.7,11.568481354358793
39061,"Hamilton County, Ohio",OH,2010,48234.0,,32.5,1978.73741696616,7.8,36.9,3.356440995961459
39061,"Hamilton County, Ohio",OH,2011,49218.0,,32.9,1976.3422930536474,8.6,37.0,3.6329523226570504
39061,"Hamilton County, Ohio",OH,2012,49104.0,17.1,33.2,1976.6555584881366,9.2,37.1,3.668128312650333
39061,"Hamilton County, Ohio",OH,2013,48593.0,18.0,33.7,1979.4453475149664,9.8,37.2,3.7696072212339695
39061,"Hamilton County, Ohio",OH,2014,48927.0,18.4,34.3,1981.3964731738722,9.6,37.1,3.9910592526245288
39061,"Hamilton County, Ohio",OH,2015,49013.0,18.3,35.0,1983.6707308951252,8.8,37.0,4.118281684302273
39061,"Hamilton County, Ohio",OH,2016,50399.0,17.8,35.6,1988.039180379224,7.9,37.0,4.483816584466853
39061,"Hamilton County, Ohio",OH,2017,52389.0,17.0,36.3,1994.7928871479774,7.0,36.9,4.527547875114235
39061,"Hamilton County, Ohio",OH,2018,54976.0,16.2,37.1,2003.0167214675623,6.1,36.8,4.639513357594544
39061,"Hamilton County, Ohio",OH,2019,57212.0,15.8,37.9,2006.8449730764394,5.4,36.8,4.853223669546009
39061,"Hamilton County, Ohio",OH,2020,59190.0,14.8,38.9,2012.2740850552655,5.4,36.8,7.09744074885481
39061,"Hamilton County, Ohio",OH,2021,63080.0,14.9,39.6,2039.4073116645743,5.1,36.7,9.571333266045153
39061,"Hamilton County, Ohio",OH,2022,68249.0,14.9,40.3,2041.5804364502833,5.0,36.8,11.791589373626184
39061,"Hamilton County, Ohio",OH,2023,70816.0,14.9,41.4,2042.0910344419312,5.0,36.9,13.713725970368557
39077,"Huron County, Ohio",OH,2010,47058.0,,12.1,121.75287408861071,9.1,37.3,2.5205937061078845
39077,"Huron County, Ohio",OH,2011,48358.0,,12.3,121.51112357108177,9.4,37.3,2.361848796474178
39077,"Huron County, Ohio",OH,2012,48335.0,14.7,12.4,121.13529293458718,9.8,37.6,2.0094924596187704
39077,"Huron County, Ohio",OH,2013,49404.0,13.5,13.1,120.6517918995293,9.7,38.0,2.1338281340600718
39077,"Huron County, Ohio",OH,2014,49315.0,13.9,13.1,120.23736244090826,8.1,38.3,2.3011831374200713
39077,"Huron County, Ohio",OH,2015,48745.0,13.5,13.1,119.73151471935608,7.2,38.8,2.283122283122283
39077,"Huron County, Ohio",OH,2016,48838.0,12.9,13.5,119.25817126906833,6.7,39.4,2.7120297085412055
39077,"Huron County, Ohio",OH,2017,49710.0,14.2,13.7,118.83764725958521,5.8,39.2,2.6741387091921167
39077,"Huron County, Ohio",OH,2018,51559.0,13.6,13.6,118.75638658142422,4.9,39.6,2.4118392604189967
39077,"Huron County, Ohio",OH,2019,52560.0,13.2,14.4,118.5166675808493,4.3,39.8,2.3323722924521326
39077,"Huron County, Ohio",OH,2020,55041.0,12.0,14.7,118.37852442797562,4.7,40.1,2.987906976744186
39077,"Huron County, Ohio",OH,2021,59049.0,12.3,15.0,119.01235771763133,4.3,39.9,3.506871825515387
39077,"Huron County, Ohio",OH,2022,64144.0,11.0,15.5,118.88030911561972,4.4,40.1,4.066728452270621
39077,"Huron County, Ohio",OH,2023,65972.0,12.0,16.9,118.66496831849311,4.1,40.4,4.91869918699187
39089,"Licking County, Ohio",OH,2010,53291.0,,22.1,239.89086012130235,7.7,38.6,4.326341660056436
39089,"Licking County, Ohio",OH,2011,54699.0,,22.4,241.9452923169804,7.7,38.9,4.514117086120025
39089,"Licking County, Ohio",OH,2012,54247.0,12.4,22.0,243.4472844714526,7.9,39.1,4.796953338376909
39089,"Licking County, Ohio",OH,2013,55114.0,12.0,21.9,244.81006759697374,8.2,39.4,4.559670151520954
39089,"Licking County, Ohio",OH,2014,55777.0,12.4,22.6,246.04976063373812,7.3,39.7,4.733020399431182
39089,"Licking County, Ohio",OH,2015,56549.0,12.7,22.8,247.19567074573544,7.2,39.7,4.56877626544565
39089,"Licking County, Ohio",OH,2016,57571.0,12.6,23.3,248.762138660985,6.6,39.8,4.467451600548547
39089,"Licking County, Ohio",OH,2017,59747.0,11.8,24.6,250.10440677171331,5.9,39.9,4.15848148511934
39089,"Licking County, Ohio",OH,2018,62715.0,11.4,26.2,252.4709602638817,4.9,39.7,4.4226223835863445
39089,"Licking County, Ohio",OH,2019,64589.0,10.5,26.1,254.60598716053144,4.4,39.7,4.607589399628185
39089,"Licking County, Ohio",OH,2020,67736.0,9.8,27.6,257.0370164134772,3.7,40.0,6.8632386431739185
39089,"Licking County, Ohio",OH,2021,72771.0,9.5,28.6,260.0336739314242,3.6,40.1,9.684907210113442
39089,"Licking County, Ohio",OH,2022,78505.0,9.8,29.5,262.0705218287084,3.3,40.2,11.976118005151019
39089,"Licking County, Ohio",OH,2023,81033.0,10.1,29.3,264.220202307353,3.2,40.2,13.973243218220535
39095,"Lucas County, Ohio",OH,2010,42072.0,,23.0,1307.3134253657302,12.1,36.6,2.551460933628296
39095,"Lucas County, Ohio",OH,2011,41949.0,,23.0,1303.3742268071587,13.1,36.8,2.482507827844725
39095,"Lucas County, Ohio",OH,2012,41436.0,20.5,22.9,1298.9286439794737,13.6,37.1,2.5221252940369827
39095,"Lucas County, Ohio",OH,2013,41556.0,20.8,23.4,1293.9619564097354,13.8,37.4,2.598978800759216
39095,"Lucas County, Ohio",OH,2014,41751.0,21.1,24.2,1290.005093283637,12.3,37.6,2.3889663360878624
39095,"Lucas County, Ohio",OH,2015,41777.0,21.1,24.2,1284.393648999155,11.1,37.7,2.5859655239815944
39095,"Lucas County, Ohio",OH,2016,42917.0,20.7,25.1,1280.0923268062757,9.6,37.9,2.6955960302831494
39095,"Lucas County, Ohio",OH,2017,44820.0,19.8,25.6,1275.9823707616079,8.5,37.9,2.8661597900869817
39095,"Lucas County, Ohio",OH,2018,46924.0,19.1,26.3,1272.96467380904,7.5,37.9,2.788181864571108
39095,"Lucas County, Ohio",OH,2019,48736.0,18.7,26.3,1269.205065020329,7.2,37.8,2.8023079630848344
39095,"Lucas County, Ohio",OH,2020,49946.0,18.7,26.7,1266.899838958026,7.2,38.1,3.944390725615652
39095,"Lucas County, Ohio",OH,2021,53176.0,17.6,27.5,1269.5289154249947,7.3,38.2,5.314939469171509
39095,"Lucas County, Ohio",OH,2022,57265.0,17.8,28.0,1266.0018901087253,6.8,38.1,6.22889421010622
39095,"Lucas County, Ohio",OH,2023,60095.0,17.8,28.5,1262.2746663604808,6.8,38.3,7.637038665896179
39103,"Medina County, Ohio",OH,2010,66193.0,,29.5,403.6867256049238,5.9,39.8,4.706770999303663
39103,"Medina County, Ohio",OH,2011,65578.0,,30.1,406.5102572498327,6.7,40.1,4.623793984944691
39103,"Medina County, Ohio",OH,2012,65768.0,7.3,29.9,408.8995819274993,6.4,40.5,4.426212190570091
39103,"Medina County, Ohio",OH,2013,65951.0,7.4,29.6,411.0777349107147,6.3,40.9,4.440424307211578
39103,"Medina County, Ohio",OH,2014,66296.0,7.5,29.9,413.0684433561588,5.9,41.1,4.4081216863843675
39103,"Medina County, Ohio",OH,2015,66952.0,7.4,30.8,414.82425295047193,5.0,41.4,4.199252345022131
39103,"Medina County, Ohio",OH,2016,69319.0,6.6,31.5,416.51362650608127,4.1,41.8,4.0590239389905465
39103,"Medina County, Ohio",OH,2017,71595.0,6.2,32.1,418.45688063816556,3.6,41.9,4.333533240043535
39103,"Medina County, Ohio",OH,2018,74243.0,6.4,33.3,420.5804611610172,3.2,41.9,4.685417076422125
39103,"Medina County, Ohio",OH,2019,76600.0,6.0,33.9,422.29593458897443,2.8,42.2,5.018670324526165
39103,"Medina County, Ohio",OH,2020,77784.0,5.8,33.9,424.9913395878118,2.9,42.5,7.1680312896224185
39103,"Medina County, Ohio",OH,2021,82894.0,5.7,35.0,430.52451252556597,2.8,42.6,9.751638131473262
39103,"Medina County, Ohio",OH,2022,89968.0,6.0,35.9,432.65758391108955,3.0,42.7,11.722604039296707
39103,"Medina County, Ohio",OH,2023,92660.0,6.1,36.2,434.323230310019,3.0,43.1,13.448640643182058
39113,"Montgomery County, Ohio",OH,2010,43965.0,,24.3,1167.1395531818507,9.8,38.7,2.92569023484334
39113,"Montgomery County, Ohio",OH,2011,44585.0,,24.4,1164.8592936831176,10.4,39.0,3.1766585028218506
39113,"Montgomery County, Ohio",OH,2012,43895.0,16.8,24.4,1160.9945572893523,11.1,39.2,3.345805027759578
39113,"Montgomery County, Ohio",OH,2013,43401.0,17.7,24.6,1162.7437677603386,11.5,39.1,3.173957801673054
39113,"Montgomery County, Ohio",OH,2014,43281.0,18.5,24.8,1159.2063309714295,10.6,39.4,2.988079722538547
39113,"Montgomery County, Ohio",OH,2015,43829.0,18.6,25.7,1156.9564171314248,9.4,39.4,3.1101237702316724
39113,"Montgomery County, Ohio",OH,2016,45394.0,18.5,26.1,1154.7845349852932,8.7,39.4,3.1890466876435073
39113,"Montgomery County, Ohio",OH,2017,47045.0,17.9,26.8,1153.1068535670238,8.0,39.3,3.168588618173704
39113,"Montgomery County, Ohio",OH,2018,49314.0,17.4,27.4,1153.2087282784692,7.2,39.3,3.4705666605538235
39113,"Montgomery County, Ohio",OH,2019,51542.0,16.6,27.9,1152.419741151531,6.4,39.2,3.776930102616451
39113,"Montgomery County, Ohio",OH,2020,53064.0,16.0,28.3,1153.1090211140759,6.3,39.1,5.19417734276736
39113,"Montgomery County, Ohio",OH,2021,56543.0,15.3,29.2,1162.1000062858864,6.1,39.0,7.129078763020569
39113,"Montgomery County, Ohio",OH,2022,61942.0,15.1,30.0,1162.067493080106,5.9,39.0,8.781732641534536
39113,"Montgomery County, Ohio",OH,2023,64403.0,14.9,30.5,1160.7821376782535,5.8,38.8,10.462226239085876
39129,"Pickaway County, Ohio",OH,2010,49262.0,,13.5,109.98587469175705,7.6,37.8,3.480680625883856
39129,"Pickaway County, Ohio",OH,2011,51418.0,,14.1,110.74600780483134,7.6,38.4,3.6241251727365933
39129,"Pickaway County, Ohio",OH,2012,53750.0,13.5,15.9,111.31660641464563,7.9,38.4,3.8855604758183553
39129,"Pickaway County, Ohio",OH,2013,54003.0,13.3,16.1,111.62385181993025,8.2,38.6,3.710030661410425
39129,"Pickaway County, Ohio",OH,2014,55678.0,12.8,16.4,112.28223483125444,7.4,38.8,3.300218892069372
39129,"Pickaway County, Ohio",OH,2015,57439.0,12.6,17.1,112.75307843935295,6.9,39.1,3.3387250632491394
39129,"Pickaway County, Ohio",OH,2016,58706.0,12.2,17.3,113.3296623492702,6.0,39.3,3.605047889176635
39129,"Pickaway County, Ohio",OH,2017,60314.0,12.0,17.3,113.87033445856974,5.2,39.4,2.757649786758312
39129,"Pickaway County, Ohio",OH,2018,62214.0,11.7,18.6,114.55864397040868,4.1,39.4,3.111618612617756
39129,"Pickaway County, Ohio",OH,2019,63633.0,12.1,18.4,115.24096818214466,4.2,39.7,2.772065476680102
39129,"Pickaway County, Ohio",OH,2020,61629.0,13.8,18.6,115.93925319415516,4.4,39.5,5.430050110901175
39129,"Pickaway County, Ohio",OH,2021,63629.0,13.4,19.6,116.62955780602839,4.2,39.4,7.7313105910031235
39129,"Pickaway County, Ohio",OH,2022,67600.0,12.5,19.6,117.32983791807321,4.1,39.5,9.077969318361538
39129,"Pickaway County, Ohio",OH,2023,72927.0,12.1,21.3,118.52290773859401,4.2,39.5,11.671026311740269
39133,"Portage County, Ohio",OH,2010,50447.0,,24.9,328.15215272719814,9.2,36.9,3.0267545757706897
39133,"Portage County, Ohio",OH,2011,51441.0,,24.5,329.7319477641797,9.9,37.2,3.255239816240567
39133,"Portage County, Ohio",OH,2012,51969.0,15.1,24.6,330.6859798319673,10.7,37.4,3.458439519139187
39133,"Portage County, Ohio",OH,2013,52697.0,16.1,25.1,335.2181450744248,11.1,36.9,3.7239507362920308
39133,"Portage County, Ohio",OH,2014,53027.0,16.0,25.5,331.455360531796,10.2,37.6,4.049237506046488
39133,"Portage County, Ohio",OH,2015,52552.0,15.6,26.0,332.16113909377214,8.7,37.6,4.293051282703211
39133,"Portage County, Ohio",OH,2016,52427.0,15.0,27.3,331.95391922528495,7.9,37.7,4.47190499101061
39133,"Portage County, Ohio",OH,2017,53816.0,14.5,27.5,332.5365968752885,7.2,37.8,4.768703958757155
39133,"Portage County, Ohio",OH,2018,56618.0,13.1,28.7,333.6937454478309,6.3,37.9,5.265968014304162
39133,"Portage County, Ohio",OH,2019,57618.0,12.8,29.0,333.42087175962496,5.5,38.0,5.4480626340198475
39133,"Portage County, Ohio",OH,2020,59485.0,11.3,29.9,333.3490628943076,5.8,38.3,7.830215507115568
39133,"Portage County, Ohio",OH,2021,64163.0,11.2,30.1,332.16113909377214,5.9,38.7,9.792196881717773
39133,"Portage County, Ohio",OH,2022,69796.0,11.3,31.7,330.76599542474946,5.6,39.1,11.810877626699629
39133,"Portage County, Ohio",OH,2023,72822.0,11.4,31.5,331.1845385254563,5.3,39.3,13.455475286115043
39143,"Sandusky County, Ohio",OH,2010,48056.0,,13.1,150.11537161417382,6.6,40.3,2.4022152994115613
39143,"Sandusky County, Ohio",OH,2011,47277.0,,13.4,149.6352689309877,7.5,40.5,1.9781144781144782
39143,"Sandusky County, Ohio",OH,2012,46785.0,13.9,13.3,149.0326910735194,8.0,40.9,1.9024460020025746
39143,"Sandusky County, Ohio",OH,2013,46140.0,14.3,13.7,148.4864517962209,8.6,41.1,2.3631750634287787
39143,"Sandusky County, Ohio",OH,2014,46099.0,14.7,14.1,148.19006187445805,8.0,41.2,2.0346100934038085
39143,"Sandusky County, Ohio",OH,2015,47209.0,14.3,14.5,147.42826629042293,7.6,41.3,1.947299840741277
39143,"Sandusky County, Ohio",OH,2016,49032.0,13.2,14.8,146.65177368547396,6.3,41.5,2.5706478751707773
39143,"Sandusky County, Ohio",OH,2017,50370.0,13.6,15.2,145.88997810143886,5.4,41.7,2.795466810577442
39143,"Sandusky County, Ohio",OH,2018,51701.0,13.6,16.0,145.25310719517154,5.0,41.8,2.5876732655350874
39143,"Sandusky County, Ohio",OH,2019,54089.0,11.6,16.1,144.5917412540478,4.6,42.2,2.6441530447278607
39143,"Sandusky County, Ohio",OH,2020,55245.0,12.2,16.5,144.0332544593211,4.5,42.4,3.0924088811366692
39143,"Sandusky County, Ohio",OH,2021,56414.0,12.9,18.1,144.55254919827752,5.5,42.1,2.8078233812416653
39143,"Sandusky County, Ohio",OH,2022,60814.0,13.0,18.3,144.23901275211514,4.8,42.3,3.0106017509512024
39143,"Sandusky County, Ohio",OH,2023,62500.0,13.2,19.1,143.95731985126616,3.9,42.5,3.367636752609642
39147,"Seneca County, Ohio",OH,2010,42573.0,,16.1,103.60854115776752,9.0,38.9,2.2118874773139745
39147,"Seneca County, Ohio",OH,2011,41761.0,,16.0,103.26372984214902,10.7,38.8,2.0221244201260853
39147,"Seneca County, Ohio",OH,2012,42375.0,14.9,15.7,102.77192001829316,11.2,38.8,1.9526248399487836
39147,"Seneca County, Ohio",OH,2013,43764.0,15.5,15.3,102.31096173320316,11.4,39.2,2.0551276854479124
39147,"Seneca County, Ohio",OH,2014,44947.0,17.1,14.7,101.81007792735734,9.7,39.1,2.3147961446949226
39147,"Seneca County, Ohio",OH,2015,45444.0,16.9,14.2,101.49974774330069,8.1,39.0,2.3373163248829325
39147,"Seneca County, Ohio",OH,2016,48415.0,15.6,14.7,101.1041221285384,6.8,39.4,2.269095557686162
39147,"Seneca County, Ohio",OH,2017,49153.0,15.2,15.3,100.81012511206369,5.9,39.5,2.2288676236044656
39147,"Seneca County, Ohio",OH,2018,49936.0,14.7,15.2,100.67583017861227,4.9,39.4,2.479403997004218
39147,"Seneca County, Ohio",OH,2019,52500.0,12.8,16.8,100.45079542526125,4.4,39.9,2.146779830254618
39147,"Seneca County, Ohio",OH,2020,52897.0,12.7,17.3,100.26931578546204,4.2,40.4,2.710100231303007
39147,"Seneca County, Ohio",OH,2021,56043.0,12.2,17.9,100.1150580916327,3.9,40.5,3.4057142857142857
39147,"Seneca County, Ohio",OH,2022,62476.0,11.6,18.9,99.92631926624153,4.2,40.6,4.799908790331775
39147,"Seneca County, Ohio",OH,2023,65020.0,11.9,20.7,99.56154519024511,3.9,40.5,5.009714655796412
39153,"Summit County, Ohio",OH,2010,47926.0,,29.2,1315.7926612127628,8.6,39.5,2.8860062617212328
39153,"Summit County, Ohio",OH,2011,48790.0,,29.4,1313.4161674253196,9.4,40.0,3.0092126012259754
39153,"Summit County, Ohio",OH,2012,49227.0,14.8,29.4,1312.4931866577194,10.0,40.2,3.001070531723954
39153,"Summit County, Ohio",OH,2013,49669.0,15.4,29.6,1312.0183724045708,10.3,40.4,3.025078684120843
39153,"Summit County, Ohio",OH,2014,50082.0,14.7,29.9,1311.7082896270042,9.5,40.6,2.944529935655682
39153,"Summit County, Ohio",OH,2015,50765.0,14.8,30.3,1312.636115438004,8.4,40.7,2.917816795756762
39153,"Summit County, Ohio",OH,2016,51562.0,14.3,30.7,1311.4854176306285,7.3,40.8,3.0425400498815507
39153,"Summit County, Ohio",OH,2017,53291.0,13.6,31.6,1311.3546014588426,6.4,40.8,3.5114715784845716
39153,"Summit County, Ohio",OH,2018,55448.0,13.1,32.1,1312.5464821351136,5.6,40.9,3.8657972442824784
39153,"Summit County, Ohio",OH,2019,57181.0,13.2,32.5,1311.3933618060385,5.4,41.0,4.269946220996664
39153,"Summit County, Ohio",OH,2020,59253.0,12.8,32.8,1310.1239604353757,5.8,40.9,6.569853108717777
39153,"Summit County, Ohio",OH,2021,63111.0,12.6,33.9,1309.5352876623392,5.7,41.0,8.77953814629786
39153,"Summit County, Ohio",OH,2022,68360.0,12.4,34.6,1306.613726492455,5.3,41.1,10.789348477868486
39153,"Summit County, Ohio",OH,2023,71016.0,12.6,35.3,1303.5274338469887,5.2,41.2,12.98089446086592
39159,"Union County, Ohio",OH,2010,68452.0,,27.3,117.44514879828793,5.9,36.1,3.5488721804511276
39159,"Union County, Ohio",OH,2011,68279.0,,27.4,119.36983363404121,5.9,36.5,3.683940920344916
39159,"Union County, Ohio",OH,2012,65866.0,7.3,27.8,120.79192327201054,6.2,36.8,3.9674209664553506
39159,"Union County, Ohio",OH,2013,65086.0,7.8,27.0,122.01945993019254,6.3,37.1,4.908789386401327
39159,"Union County, Ohio",OH,2014,64758.0,7.9,26.0,122.96211543940022,5.6,37.6,5.843462549277267
39159,"Union County, Ohio",OH,2015,67382.0,8.7,26.2,123.84223606224768,4.2,38.1,6.378369704749679
39159,"Union County, Ohio",OH,2016,71282.0,7.9,29.1,124.96554790982933,3.7,38.2,5.776187480339729
39159,"Union County, Ohio",OH,2017,78848.0,7.4,30.8,126.66325426916404,2.8,38.3,5.507960576194087
39159,"Union County, Ohio",OH,2018,82775.0,6.9,33.0,128.9006135367184,2.5,38.4,5.452682426992608
39159,"Union County, Ohio",OH,2019,86715.0,5.9,35.5,131.33947410476677,1.9,38.0,5.465194227851674
39159,"Union County, Ohio",OH,2020,88565.0,5.2,35.5,134.0354225389627,2.8,38.1,11.15919950141957
39159,"Union County, Ohio",OH,2021,96634.0,4.7,37.8,143.06360724385596,3.0,38.4,17.0572366496571
39159,"Union County, Ohio",OH,2022,104496.0,5.2,39.3,146.8666547773179,2.9,38.4,18.521889220147497
39159,"Union County, Ohio",OH,2023,109506.0,5.1,39.1,151.2255679673151,2.4,38.1,19.908755290092145
40041,"Delaware County, Oklahoma",OK,2010,34383.0,,14.3,55.59358146708936,7.5,44.1,6.586551090097189
40041,"Delaware County, Oklahoma",OK,2011,35552.0,,14.9,55.97037683603031,8.2,44.4,6.757797458606084
40041,"Delaware County, Oklahoma",OK,2012,36423.0,20.8,15.7,56.020525859954105,8.3,44.9,5.646791308741789
40041,"Delaware County, Oklahoma",OK,2013,36588.0,21.2,16.1,56.10455935950208,9.0,45.2,5.049097244219196
40041,"Delaware County, Oklahoma",OK,2014,36198.0,21.5,16.4,56.1330223190264,10.2,45.7,4.70144812537195
40041,"Delaware County, Oklahoma",OK,2015,37942.0,20.4,16.8,56.124890044876594,9.2,45.8,3.721923749109975
40041,"Delaware County, Oklahoma",OK,2016,38438.0,19.8,16.7,56.15741914147581,8.1,46.2,3.2619311153069863
40041,"Delaware County, Oklahoma",OK,2017,38234.0,19.0,16.5,56.760562807586325,8.3,46.5,3.4316318434276645
40041,"Delaware County, Oklahoma",OK,2018,39742.0,19.0,17.6,57.077721499428705,7.5,46.7,3.772189349112426
40041,"Delaware County, Oklahoma",OK,2019,41696.0,18.3,18.1,57.512798166443254,6.3,46.7,4.109325993727197
40041,"Delaware County, Oklahoma",OK,2020,44268.0,18.2,18.2,57.93025490613322,6.0,46.7,6.9813419004077595
40041,"Delaware County, Oklahoma",OK,2021,46588.0,19.0,18.2,55.14766176787507,6.4,46.6,7.237525987525988
40041,"Delaware County, Oklahoma",OK,2022,53290.0,19.0,18.7,55.28726580744672,5.2,46.8,7.9689570319894
40041,"Delaware County, Oklahoma",OK,2023,55114.0,18.6,19.2,55.59358146708936,4.8,47.0,8.056289559392859
40087,"McClain County, Oklahoma",OK,2010,53708.0,,17.9,58.00948631283106,4.2,38.5,4.950884086444008
40087,"McClain County, Oklahoma",OK,2011,56128.0,,18.9,59.35165765169077,4.4,38.4,4.578544061302682
40087,"McClain County, Oklahoma",OK,2012,54554.0,12.5,19.0,60.3994624305917,4.5,38.2,3.5652452709201667
40087,"McClain County, Oklahoma",OK,2013,54426.0,11.6,20.4,61.59795485328105,4.5,38.3,3.6907074378093867
40087,"McClain County, Oklahoma",OK,2014,55741.0,10.7,21.5,62.83324309596525,3.8,38.3,4.009086444007859
40087,"McClain County, Oklahoma",OK,2015,56088.0,10.9,22.4,63.97566569771008,3.9,38.3,4.337525059230909
40087,"McClain County, Oklahoma",OK,2016,58673.0,9.6,22.9,65.21971484991685,4.0,38.3,5.75406309751434
40087,"McClain County, Oklahoma",OK,2017,62081.0,9.5,24.1,66.44098563736493,3.8,38.3,5.673921782576236
40087,"McClain County, Oklahoma",OK,2018,64492.0,8.9,24.2,67.6937956990943,3.4,38.4,5.718333805610655
40087,"McClain County, Oklahoma",OK,2019,67662.0,7.8,25.0,68.76788320656297,3.7,38.5,5.605757264217305
40087,"McClain County, Oklahoma",OK,2020,70005.0,7.9,25.4,69.94885381020717,3.4,38.8,7.180598118989749
40087,"McClain County, Oklahoma",OK,2021,73914.0,7.3,26.1,72.29152101654586,3.8,38.8,7.356697660161439
40087,"McClain County, Oklahoma",OK,2022,80150.0,7.1,26.8,74.2802474781722,4.1,38.8,8.308104620576703
40087,"McClain County, Oklahoma",OK,2023,84778.0,7.8,28.0,76.7087715978322,4.7,38.9,9.326724096443524
40097,"Mayes County, Oklahoma",OK,2010,41228.0,,11.9,62.26321531290291,8.4,39.5,3.5113386978785663
40097,"Mayes County, Oklahoma",OK,2011,42425.0,,13.6,62.65381945239131,8.2,39.2,3.999519577227961
40097,"Mayes County, Oklahoma",OK,2012,41475.0,19.3,13.9,62.80487339695909,8.7,39.2,4.305140557351058
40097,"Mayes County, Oklahoma",OK,2013,42751.0,19.7,15.3,62.72553193112551,8.8,39.4,4.040652910378811
40097,"Mayes County, Oklahoma",OK,2014,42076.0,20.6,15.9,62.68586119820871,8.3,39.2,4.08351243475591
40097,"Mayes County, Oklahoma",OK,2015,42071.0,21.3,16.3,62.56837479687822,7.0,39.3,5.0090307043949425
40097,"Mayes County, Oklahoma",OK,2016,43302.0,21.0,15.3,62.44020781360859,6.5,39.7,4.480125082686873
40097,"Mayes County, Oklahoma",OK,2017,45302.0,19.2,15.4,62.44936259812785,5.3,40.3,4.623216716983366
40097,"Mayes County, Oklahoma",OK,2018,48853.0,17.4,14.6,62.527178266541554,5.3,40.3,4.481034989708909
40097,"Mayes County, Oklahoma",OK,2019,50345.0,18.1,14.3,62.624829301413655,5.6,40.6,4.223784417106034
40097,"Mayes County, Oklahoma",OK,2020,50012.0,17.2,14.5,62.70722236208699,5.4,40.5,5.436469168438595
40097,"Mayes County, Oklahoma",OK,2021,52956.0,16.9,14.8,59.968415993408556,6.1,40.5,6.199818895261092
40097,"Mayes County, Oklahoma",OK,2022,56552.0,17.1,15.4,60.000457739225965,5.9,40.3,6.800900298071659
40097,"Mayes County, Oklahoma",OK,2023,57279.0,17.6,16.5,60.12557312765584,6.6,40.5,7.140279114533205
40111,"Okmulgee County, Oklahoma",OK,2010,37820.0,,13.5,56.870597310461214,7.3,38.3,3.248578746798276
40111,"Okmulgee County, Oklahoma",OK,2011,39324.0,,13.6,57.01684582109219,8.3,38.5,4.026419408103646
40111,"Okmulgee County, Oklahoma",OK,2012,39142.0,20.5,14.0,57.02258105680321,10.1,38.7,3.4998681782230423
40111,"Okmulgee County, Oklahoma",OK,2013,39156.0,19.5,13.9,56.98960345146485,11.2,39.0,3.35693858096146
40111,"Okmulgee County, Oklahoma",OK,2014,38683.0,20.0,14.5,56.78743639265144,11.1,39.3,3.311121797073573
40111,"Okmulgee County, Oklahoma",OK,2015,38843.0,20.8,15.2,56.5580269642107,10.4,39.2,3.1823829904735605
40111,"Okmulgee County, Oklahoma",OK,2016,38712.0,20.2,15.6,56.38023465716912,10.5,39.1,2.74244289426891
40111,"Okmulgee County, Oklahoma",OK,2017,39567.0,19.5,14.6,56.09203906269043,10.0,39.2,2.895368782161235
40111,"Okmulgee County, Oklahoma",OK,2018,42175.0,20.0,14.1,55.75939539145135,9.5,39.1,3.1044857768052516
40111,"Okmulgee County, Oklahoma",OK,2019,42998.0,19.5,14.1,55.55866214156569,8.4,39.0,3.357476477357341
40111,"Okmulgee County, Oklahoma",OK,2020,45319.0,17.1,14.2,55.277635591725776,8.0,39.3,5.060579690742352
40111,"Okmulgee County, Oklahoma",OK,2021,48689.0,16.7,15.1,53.11688553759949,7.5,39.3,6.060814529444139
40111,"Okmulgee County, Oklahoma",OK,2022,50819.0,18.0,16.0,52.907549434147306,7.2,39.3,6.649860325679635
40111,"Okmulgee County, Oklahoma",OK,2023,53123.0,17.6,17.3,52.93909323055791,7.2,39.4,8.31891480379265
40135,"Sequoyah County, Oklahoma",OK,2010,36357.0,,12.2,62.13988042656864,9.2,38.4,4.957392548361013
40135,"Sequoyah County, Oklahoma",OK,2011,38292.0,,12.8,62.46501801618561,10.6,38.8,5.1067549007366715
40135,"Sequoyah County, Oklahoma",OK,2012,36191.0,21.0,12.9,62.27349861408246,10.8,38.9,4.7234659771709655
40135,"Sequoyah County, Oklahoma",OK,2013,35742.0,21.4,13.3,62.10870284948208,11.1,39.0,3.7846173616911907
40135,"Sequoyah County, Oklahoma",OK,2014,37483.0,23.4,13.1,61.9394531452979,10.3,39.6,3.379938429964084
40135,"Sequoyah County, Oklahoma",OK,2015,35736.0,25.1,13.5,61.55938363414746,9.8,39.9,2.7546235998958064
40135,"Sequoyah County, Oklahoma",OK,2016,36301.0,24.9,14.1,61.381226050795696,8.8,40.0,2.1272443403590944
40135,"Sequoyah County, Oklahoma",OK,2017,37455.0,24.6,13.8,61.41091898135432,8.7,40.7,2.1678457843837218
40135,"Sequoyah County, Oklahoma",OK,2018,38328.0,23.1,13.3,61.40349574871466,8.2,41.0,2.056184925676118
40135,"Sequoyah County, Oklahoma",OK,2019,40351.0,21.5,14.4,61.92312203349065,7.2,40.8,2.0575347685273386
40135,"Sequoyah County, Oklahoma",OK,2020,41803.0,18.9,13.8,61.89045980987616,5.9,40.8,2.3036253776435047
40135,"Sequoyah County, Oklahoma",OK,2021,43496.0,19.4,14.3,58.86920412553577,4.9,40.9,2.853919161080507
40135,"Sequoyah County, Oklahoma",OK,2022,47494.0,19.5,15.0,58.69995442135159,5.2,40.8,3.4446489613463056
40135,"Sequoyah County, Oklahoma",OK,2023,49795.0,20.3,15.2,58.90483564220612,4.8,40.6,4.2184434270765205
41003,"Benton County, Oregon",OR,2010,48012.0,,47.9,124.64491055744969,6.0,32.0,6.890186099885247
41003,"Benton County, Oregon",OR,2011,47716.0,,47.4,125.80756003566445,7.3,31.9,7.094972067039106
41003,"Benton County, Oregon",OR,2012,48635.0,21.6,48.6,126.63400386858655,8.3,32.1,7.6952624839948784
41003,"Benton County, Oregon",OR,2013,48604.0,22.5,50.0,127.3567719518589,8.5,32.3,8.06782617618388
41003,"Benton County, Oregon",OR,2014,49338.0,22.7,51.4,127.42342064806229,8.7,32.4,7.430937068763507
41003,"Benton County, Oregon",OR,2015,49802.0,22.3,52.8,128.10619951361264,8.6,32.7,7.621739689065913
41003,"Benton County, Oregon",OR,2016,52015.0,21.5,53.7,129.5280383659517,7.8,32.6,7.295360241418333
41003,"Benton County, Oregon",OR,2017,54682.0,20.7,53.8,130.70401758340714,6.7,32.8,7.529480700212408
41003,"Benton County, Oregon",OR,2018,58655.0,19.4,53.6,132.9715543364604,6.2,32.9,6.846237525422126
41003,"Benton County, Oregon",OR,2019,62077.0,19.1,54.1,134.9369503333916,5.4,33.0,6.251587723147272
41003,"Benton County, Oregon",OR,2020,65142.0,18.6,53.3,136.50837848165384,6.1,33.2,9.36120105975861
41003,"Benton County, Oregon",OR,2021,68732.0,18.3,53.4,140.20960274414898,6.3,33.3,13.311830788134106
41003,"Benton County, Oregon",OR,2022,72882.0,19.1,53.8,141.61366861083383,6.8,33.5,14.59951429759118
41003,"Benton County, Oregon",OR,2023,76011.0,19.2,54.4,142.7155937213966,6.7,33.8,16.74159987836928
41007,"Clatsop County, Oregon",OR,2010,42223.0,,21.6,44.507504860348014,7.2,42.7,4.384182103246037
41007,"Clatsop County, Oregon",OR,2011,43670.0,,22.1,44.6379191672805,8.3,43.0,4.457353194915742
41007,"Clatsop County, Oregon",OR,2012,44330.0,15.8,22.1,44.76108823493896,9.4,43.5,5.662273183994326
41007,"Clatsop County, Oregon",OR,2013,44683.0,16.5,23.2,44.86855928417036,9.6,43.7,6.54144305307096
41007,"Clatsop County, Oregon",OR,2014,47337.0,15.8,23.6,44.963954934611714,8.6,43.8,5.437393800902326
41007,"Clatsop County, Oregon",OR,2015,46408.0,15.8,23.6,45.140255756946374,7.6,43.9,5.960933325417087
41007,"Clatsop County, Oregon",OR,2016,47492.0,14.0,24.1,45.47595184330962,6.9,43.7,5.977613717551798
41007,"Clatsop County, Oregon",OR,2017,49828.0,12.2,24.5,45.91187373963025,6.5,44.1,5.178050204319907
41007,"Clatsop County, Oregon",OR,2018,52583.0,10.5,24.6,46.56515281417169,6.0,43.9,4.71033178614406
41007,"Clatsop County, Oregon",OR,2019,54886.0,10.0,24.4,47.21722434883412,5.3,44.2,4.540839350180505
41007,"Clatsop County, Oregon",OR,2020,57466.0,9.6,24.0,47.88620144180262,4.4,44.4,6.399733806566105
41007,"Clatsop County, Oregon",OR,2021,61846.0,9.9,25.8,49.17102387306341,4.8,44.5,8.245585614774017
41007,"Clatsop County, Oregon",OR,2022,68025.0,10.2,25.7,49.738567616195525,4.8,44.9,10.128036769533814
41007,"Clatsop County, Oregon",OR,2023,68705.0,12.3,26.3,49.92332121768322,4.4,45.2,11.784382540030709
41009,"Columbia County, Oregon",OR,2010,55199.0,,16.8,74.39986397119104,12.1,40.8,4.778571775800884
41009,"Columbia County, Oregon",OR,2011,56270.0,,16.8,74.76574503100122,12.5,41.2,4.579068514618737
41009,"Columbia County, Oregon",OR,2012,55358.0,13.9,17.4,74.87201753800001,13.4,41.5,4.57159857199524
41009,"Columbia County, Oregon",OR,2013,54968.0,13.6,18.1,74.8963083967426,13.2,42.0,4.645906579608237
41009,"Columbia County, Oregon",OR,2014,54605.0,13.1,17.1,74.88416296737131,11.6,42.5,4.47768737049578
41009,"Columbia County, Oregon",OR,2015,53179.0,13.6,18.2,74.98132640234164,9.8,42.9,5.353080928069555
41009,"Columbia County, Oregon",OR,2016,55146.0,13.4,19.2,75.36998014222299,8.6,43.3,5.525908932222832
41009,"Columbia County, Oregon",OR,2017,57449.0,12.3,18.6,76.22319655555623,7.5,43.3,4.967256851806937
41009,"Columbia County, Oregon",OR,2018,59714.0,12.1,17.8,77.20090361994522,7.0,43.3,5.618243883937038
41009,"Columbia County, Oregon",OR,2019,62257.0,11.7,18.5,77.99642924376484,6.3,43.3,6.621461727496132
41009,"Columbia County, Oregon",OR,2020,68170.0,10.0,18.0,79.12291781795216,5.8,43.3,6.555579916684938
41009,"Columbia County, Oregon",OR,2021,73909.0,10.1,18.0,79.52371698720479,5.4,43.3,8.787527380492204
41009,"Columbia County, Oregon",OR,2022,83265.0,9.1,18.4,80.25851546416796,4.5,43.1,9.687578735197782
41009,"Columbia County, Oregon",OR,2023,86359.0,8.7,19.2,80.73370538831975,4.4,43.2,11.297852474323063
41011,"Coos County, Oregon",OR,2010,37491.0,,18.3,39.671943185271275,9.4,46.5,5.671213208901651
41011,"Coos County, Oregon",OR,2011,37789.0,,18.5,39.53974305557731,11.2,46.8,5.800193205602962
41011,"Coos County, Oregon",OR,2012,37853.0,17.3,17.8,39.432604561844286,12.2,47.2,6.5302225174360675
41011,"Coos County, Oregon",OR,2013,37940.0,17.8,18.0,39.317321036423955,13.1,47.6,6.996044031647747
41011,"Coos County, Oregon",OR,2014,39193.0,18.0,18.8,39.27033046899719,11.7,47.9,6.255701811546983
41011,"Coos County, Oregon",OR,2015,38605.0,18.3,18.3,39.33110493620247,11.7,48.1,6.349000259672812
41011,"Coos County, Oregon",OR,2016,39110.0,18.1,18.4,39.43699034813745,10.7,48.2,6.441571916475725
41011,"Coos County, Oregon",OR,2017,40848.0,17.9,18.6,39.422579907459905,9.2,48.3,6.34607307853843
41011,"Coos County, Oregon",OR,2018,43308.0,17.1,17.9,39.665051235382016,7.7,48.5,6.258978042273753
41011,"Coos County, Oregon",OR,2019,45051.0,16.1,17.8,39.901883695212916,7.6,48.6,6.5001430849106745
41011,"Coos County, Oregon",OR,2020,49445.0,16.1,19.9,40.20826219483542,7.0,48.7,5.764
41011,"Coos County, Oregon",OR,2021,52548.0,16.3,20.0,40.48644635400187,6.1,48.4,7.2092100039698295
41011,"Coos County, Oregon",OR,2022,57563.0,16.1,20.6,40.66751667381968,5.8,48.4,7.329822199342653
41011,"Coos County, Oregon",OR,2023,60313.0,15.6,21.7,40.61989956549389,5.5,48.6,7.505910165484633
41013,"Crook County, Oregon",OR,2010,46059.0,,15.4,7.222394357166619,9.9,43.6,7.649850976929021
41013,"Crook County, Oregon",OR,2011,45004.0,,15.7,7.169019469749027,14.5,44.8,7.921033390202291
41013,"Crook County, Oregon",OR,2012,40263.0,17.4,14.4,7.083753926327214,17.9,45.7,6.352539703373146
41013,"Crook County, Oregon",OR,2013,38795.0,19.5,14.5,7.01393017423376,17.2,46.8,5.733580508474576
41013,"Crook County, Oregon",OR,2014,36158.0,20.8,14.7,6.981703827113704,16.8,47.6,6.3801208865010075
41013,"Crook County, Oregon",OR,2015,37106.0,19.4,15.5,7.034743023415462,13.5,48.1,5.9600052280747615
41013,"Crook County, Oregon",OR,2016,39583.0,17.7,16.1,7.161634265200681,11.3,48.3,5.843426145586215
41013,"Crook County, Oregon",OR,2017,41777.0,15.3,17.9,7.290203962565069,8.3,48.0,6.480153036824486
41013,"Crook County, Oregon",OR,2018,44524.0,14.6,16.6,7.498332454382095,8.5,47.8,6.134162381920364
41013,"Crook County, Oregon",OR,2019,49006.0,13.5,19.8,7.724588266454152,6.9,47.5,4.3294975504158595
41013,"Crook County, Oregon",OR,2020,59000.0,10.2,18.8,7.966957252086236,5.0,46.8,4.998434728164458
41013,"Crook County, Oregon",OR,2021,64820.0,9.6,20.4,8.157294114764063,3.9,46.9,9.048407519236388
41013,"Crook County, Oregon",OR,2022,74969.0,7.9,20.9,8.387913911341961,4.1,47.0,10.258503401360544
41013,"Crook County, Oregon",OR,2023,81675.0,9.7,22.5,8.610812812255679,5.3,47.7,11.110117184005725
41033,"Josephine County, Oregon",OR,2010,38035.0,,16.5,50.14618749958045,11.0,46.4,6.024524040012907
41033,"Josephine County, Oregon",OR,2011,37824.0,,16.8,50.31950100357063,12.6,46.8,6.161660039429278
41033,"Josephine County, Oregon",OR,2012,36699.0,20.0,16.4,50.42934759060665,13.6,47.1,6.428644781432924
41033,"Josephine County, Oregon",OR,2013,37733.0,20.2,17.0,50.519055636686076,15.2,47.5,6.241947029348604
41033,"Josephine County, Oregon",OR,2014,37447.0,19.7,17.3,50.664297235100385,13.7,47.7,6.289285456253161
41033,"Josephine County, Oregon",OR,2015,37665.0,20.1,16.7,50.901077656044706,12.3,47.9,5.8165548098434
41033,"Josephine County, Oregon",OR,2016,37867.0,19.5,17.3,51.30018692227561,10.8,47.9,5.397322204833942
41033,"Josephine County, Oregon",OR,2017,40705.0,18.6,17.6,51.57541364868255,9.0,47.6,5.631905146860684
41033,"Josephine County, Oregon",OR,2018,43046.0,18.6,17.2,52.165533924592765,8.2,47.5,5.76841694065562
41033,"Josephine County, Oregon",OR,2019,45616.0,18.1,17.5,52.635433213580214,8.6,47.7,5.761604111805577
41033,"Josephine County, Oregon",OR,2020,47733.0,16.0,18.1,53.151712172649546,7.5,47.5,8.079239893187605
41033,"Josephine County, Oregon",OR,2021,51733.0,16.1,18.1,53.5111546157841,7.6,47.1,8.871535752564691
41033,"Josephine County, Oregon",OR,2022,56068.0,16.1,18.6,53.699114331379086,8.1,47.4,10.809658658384336
41033,"Josephine County, Oregon",OR,2023,59097.0,15.8,19.7,53.7448837426441,7.8,47.5,11.179687738702679
41035,"Klamath County, Oregon",OR,2010,41818.0,,18.1,11.179875149097215,9.5,41.4,6.050515427397357
41035,"Klamath County, Oregon",OR,2011,41787.0,,19.4,11.17937094546752,10.8,41.6,6.561431585073107
41035,"Klamath County, Oregon",OR,2012,41066.0,18.7,19.5,11.151303610081182,12.5,41.6,5.812807881773399
41035,"Klamath County, Oregon",OR,2013,39627.0,18.9,19.7,11.12794217523866,13.8,42.0,5.798446016467587
41035,"Klamath County, Oregon",OR,2014,39534.0,18.6,19.6,11.089958835134993,13.1,42.3,6.784408309344122
41035,"Klamath County, Oregon",OR,2015,40336.0,19.3,19.7,11.08777395273965,12.4,42.5,5.7194555896467625
41035,"Klamath County, Oregon",OR,2016,41951.0,18.6,18.9,11.083404187948963,11.3,42.6,5.774018891040588
41035,"Klamath County, Oregon",OR,2017,42531.0,18.7,18.9,11.095505075061634,9.1,42.6,5.988906559093906
41035,"Klamath County, Oregon",OR,2018,43522.0,20.3,19.4,11.144580895018587,8.7,42.4,5.734668138104998
41035,"Klamath County, Oregon",OR,2019,46491.0,19.5,20.0,11.247270367599741,8.1,42.2,5.523744083066117
41035,"Klamath County, Oregon",OR,2020,48560.0,19.6,21.2,11.362396863046698,7.5,42.0,5.655188003918318
41035,"Klamath County, Oregon",OR,2021,50790.0,19.1,21.1,11.579708627445115,7.4,41.4,7.125051158983518
41035,"Klamath County, Oregon",OR,2022,57219.0,17.8,20.8,11.68172582852001,7.6,41.1,7.213958170227044
41035,"Klamath County, Oregon",OR,2023,59353.0,18.3,21.5,11.73315459874887,7.9,41.3,8.303695106884804
41041,"Lincoln County, Oregon",OR,2010,39738.0,,23.8,46.74601572709795,8.0,49.0,3.2119256185646226
41041,"Lincoln County, Oregon",OR,2011,41764.0,,24.4,46.82348911600825,9.7,49.4,4.3273461359283605
41041,"Lincoln County, Oregon",OR,2012,41996.0,16.0,24.0,46.88363293108335,10.1,49.6,4.723848307457368
41041,"Lincoln County, Oregon",OR,2013,42365.0,16.0,24.4,46.96314509338602,10.3,49.8,4.864560397357776
41041,"Lincoln County, Oregon",OR,2014,42429.0,17.1,24.3,47.03246338872681,9.2,50.1,5.619903391679219
41041,"Lincoln County, Oregon",OR,2015,42101.0,16.9,23.7,47.245515208230124,7.9,50.4,6.229645971215464
41041,"Lincoln County, Oregon",OR,2016,41303.0,18.6,23.0,47.5900679115417,6.6,50.7,6.041454662310535
41041,"Lincoln County, Oregon",OR,2017,43291.0,18.4,24.1,48.2241264365707,6.5,50.9,6.772778950787721
41041,"Lincoln County, Oregon",OR,2018,46061.0,16.7,24.1,48.809254400182674,6.0,51.3,6.429136975455266
41041,"Lincoln County, Oregon",OR,2019,47882.0,16.3,24.9,49.48816593984395,6.1,51.6,6.709043320335452
41041,"Lincoln County, Oregon",OR,2020,50775.0,15.8,27.7,50.29246204313637,7.1,51.8,8.822294531332004
41041,"Lincoln County, Oregon",OR,2021,54961.0,13.8,28.6,50.83273699211607,7.0,51.6,10.523345305284762
41041,"Lincoln County, Oregon",OR,2022,57794.0,14.7,28.9,51.3098099659321,7.7,52.4,11.768003669537741
41041,"Lincoln County, Oregon",OR,2023,61314.0,15.7,28.8,51.61358720139615,7.9,52.5,13.5450119133948
41045,"Malheur County, Oregon",OR,2010,39144.0,,13.8,3.168175442038652,10.3,36.0,7.041745559462627
41045,"Malheur County, Oregon",OR,2011,39013.0,,14.2,3.1635232020356585,12.3,36.0,6.081020389832031
41045,"Malheur County, Oregon",OR,2012,37191.0,25.0,13.7,3.1409699515863636,12.9,36.2,6.9232899473829965
41045,"Malheur County, Oregon",OR,2013,35578.0,27.4,13.1,3.124889382880364,14.6,36.6,6.700151630022744
41045,"Malheur County, Oregon",OR,2014,34380.0,28.4,13.7,3.1089099498266033,12.9,36.6,7.224737501204123
41045,"Malheur County, Oregon",OR,2015,35418.0,25.5,13.8,3.089795311553434,11.2,36.1,5.974600731191072
41045,"Malheur County, Oregon",OR,2016,34720.0,24.8,13.3,3.0820078663310313,9.6,36.4,6.40083945435467
41045,"Malheur County, Oregon",OR,2017,37112.0,25.2,13.2,3.0766476767623647,8.6,36.1,5.56916698077648
41045,"Malheur County, Oregon",OR,2018,42478.0,23.0,13.8,3.0776590332847547,7.7,35.9,5.980973909767354
41045,"Malheur County, Oregon",OR,2019,43313.0,21.8,13.7,3.075737455892214,6.6,36.1,5.751477104874446
41045,"Malheur County, Oregon",OR,2020,44362.0,21.1,14.9,3.097987299384792,6.2,36.1,6.079722069848236
41045,"Malheur County, Oregon",OR,2021,47906.0,19.4,14.1,3.1668606785595452,6.3,35.8,7.490603185967425
41045,"Malheur County, Oregon",OR,2022,48371.0,18.9,14.6,3.1896162003133184,6.2,35.9,7.714586624539232
41045,"Malheur County, Oregon",OR,2023,49902.0,17.8,15.5,3.206101311628274,5.0,36.2,8.559373116335141
41049,"Morrow County, Oregon",OR,2010,43902.0,,11.5,5.4724655496178585,7.4,36.1,3.919879388326513
41049,"Morrow County, Oregon",OR,2011,46110.0,,10.7,5.4700031371135305,10.7,36.6,4.098360655737705
41049,"Morrow County, Oregon",OR,2012,48457.0,15.5,11.1,5.489209954647286,10.8,36.6,3.6296457291893067
41049,"Morrow County, Oregon",OR,2013,49940.0,18.0,9.7,5.5246686947096055,10.1,36.9,3.2388663967611335
41049,"Morrow County, Oregon",OR,2014,50443.0,19.3,10.2,5.52417621220874,10.7,37.3,4.509340777324458
41049,"Morrow County, Oregon",OR,2015,50918.0,16.5,10.5,5.517773939697488,8.6,37.4,6.702127659574468
41049,"Morrow County, Oregon",OR,2016,54441.0,15.2,10.0,5.519251387200084,5.9,37.4,6.1086451067427605
41049,"Morrow County, Oregon",OR,2017,54386.0,14.7,9.8,5.492657332153345,4.8,39.2,5.952634947727757
41049,"Morrow County, Oregon",OR,2018,55440.0,15.5,10.9,5.523191247207008,4.5,38.4,5.407725321888412
41049,"Morrow County, Oregon",OR,2019,54269.0,14.5,9.0,5.566529707283176,5.0,38.9,5.001050640890943
41049,"Morrow County, Oregon",OR,2020,56572.0,15.1,9.1,5.626612572388772,3.6,38.3,2.7417640807651433
41049,"Morrow County, Oregon",OR,2021,61659.0,14.8,10.4,5.892060640355297,3.5,37.8,3.957131079967024
41049,"Morrow County, Oregon",OR,2022,64975.0,16.7,11.3,5.978737560507631,3.2,37.0,5.0
41049,"Morrow County, Oregon",OR,2023,70217.0,14.2,9.8,6.0324181531019745,3.0,36.2,4.39406099518459
41053,"Polk County, Oregon",OR,2010,50975.0,,28.1,99.53112599942774,7.9,37.2,6.064817739591889
41053,"Polk County, Oregon",OR,2011,52865.0,,28.2,100.86594576501774,8.7,37.7,5.71156289707751
41053,"Polk County, Oregon",OR,2012,52365.0,14.6,28.5,101.82960735514034,9.9,37.4,5.814889984214426
41053,"Polk County, Oregon",OR,2013,52808.0,16.5,29.0,102.48014641177772,11.3,37.5,6.101433933211433
41053,"Polk County, Oregon",OR,2014,51880.0,17.0,28.9,103.20086810523077,12.8,37.4,6.567522032141006
41053,"Polk County, Oregon",OR,2015,52821.0,16.3,29.4,104.28060097931773,10.8,37.4,6.016143161056188
41053,"Polk County, Oregon",OR,2016,54010.0,15.5,29.8,105.9082982870038,9.8,37.3,6.498359460444768
41053,"Polk County, Oregon",OR,2017,56032.0,15.4,30.6,107.52249893376379,8.3,37.3,6.702389318341532
41053,"Polk County, Oregon",OR,2018,58344.0,14.1,30.1,109.89926092284769,7.5,37.1,7.182304794811521
41053,"Polk County, Oregon",OR,2019,62691.0,12.6,31.0,112.07222333194768,6.4,37.0,6.437954619476713
41053,"Polk County, Oregon",OR,2020,65665.0,12.1,30.5,114.35720802673418,5.6,37.0,9.969876334425537
41053,"Polk County, Oregon",OR,2021,70238.0,12.0,30.8,116.53961809848244,5.3,37.1,13.029465930018416
41053,"Polk County, Oregon",OR,2022,77353.0,11.9,31.0,118.23074971252113,5.3,37.1,14.25671103090458
41053,"Polk County, Oregon",OR,2023,81318.0,12.2,30.6,119.51698149877721,5.2,37.6,15.965436688352465
41057,"Tillamook County, Oregon",OR,2010,39412.0,,20.0,22.859859085297213,6.8,47.4,6.484517304189436
41057,"Tillamook County, Oregon",OR,2011,41400.0,,19.3,22.9043088112964,7.5,47.7,5.000956205775483
41057,"Tillamook County, Oregon",OR,2012,41869.0,17.2,20.3,22.908844497622848,7.8,47.9,4.75963826749167
41057,"Tillamook County, Oregon",OR,2013,43676.0,16.1,20.7,22.95057281182617,9.0,48.2,5.5027711797308
41057,"Tillamook County, Oregon",OR,2014,43037.0,17.6,19.5,22.981415478846014,9.3,48.2,5.165439269785292
41057,"Tillamook County, Oregon",OR,2015,42581.0,17.4,21.0,23.068500656313812,7.8,48.0,4.954860382112114
41057,"Tillamook County, Oregon",OR,2016,43777.0,15.4,20.9,23.179171402679142,7.4,48.1,5.084920226453937
41057,"Tillamook County, Oregon",OR,2017,45061.0,15.5,20.7,23.440426935082538,5.5,48.0,5.753646677471637
41057,"Tillamook County, Oregon",OR,2018,47500.0,15.0,21.0,23.654511329690877,4.8,48.0,5.082080015727907
41057,"Tillamook County, Oregon",OR,2019,49895.0,13.1,21.8,23.938445293726513,5.1,48.1,5.561033326760008
41057,"Tillamook County, Oregon",OR,2020,54268.0,11.8,21.4,24.294950238985315,4.7,48.6,6.556914393226717
41057,"Tillamook County, Oregon",OR,2021,55730.0,13.6,22.4,24.609726870040795,4.8,47.7,8.542525290370925
41057,"Tillamook County, Oregon",OR,2022,63098.0,12.5,23.8,24.805668519343342,5.2,48.7,11.293023255813953
41057,"Tillamook County, Oregon",OR,2023,66551.0,12.0,25.1,24.91996781476983,5.0,48.9,15.812835213611985
41059,"Umatilla County, Oregon",OR,2010,45861.0,,14.6,23.26394331365334,9.7,35.6,2.9635575533793546
41059,"Umatilla County, Oregon",OR,2011,45911.0,,15.6,23.431882586812165,9.5,35.7,3.6805773454659554
41059,"Umatilla County, Oregon",OR,2012,48452.0,15.5,14.8,23.588003911119074,9.7,35.7,3.475767315812693
41059,"Umatilla County, Oregon",OR,2013,48389.0,16.5,15.5,23.731063291958073,10.9,35.7,3.4560215640342715
41059,"Umatilla County, Oregon",OR,2014,47185.0,17.1,15.8,23.836491835663335,10.1,35.9,3.139606098700964
41059,"Umatilla County, Oregon",OR,2015,48101.0,17.6,16.3,23.865414710485133,9.4,36.0,3.084653056032564
41059,"Umatilla County, Oregon",OR,2016,49287.0,18.0,15.6,23.816898920461472,9.1,35.9,2.885700467515718
41059,"Umatilla County, Oregon",OR,2017,50071.0,17.8,15.9,23.86479271317714,8.3,36.1,2.98230456625388
41059,"Umatilla County, Oregon",OR,2018,51887.0,18.1,16.2,23.915174495124788,7.9,36.3,3.307491898074601
41059,"Umatilla County, Oregon",OR,2019,54699.0,17.9,17.2,23.987015184198285,7.2,36.5,2.8559694183805644
41059,"Umatilla County, Oregon",OR,2020,57973.0,14.3,17.5,24.046104928457872,6.9,36.7,3.547105561861521
41059,"Umatilla County, Oregon",OR,2021,63123.0,12.8,18.2,24.72719198071311,6.4,36.8,4.761613317828508
41059,"Umatilla County, Oregon",OR,2022,70322.0,11.7,18.2,24.85003644904225,6.7,36.9,5.001501050735515
41059,"Umatilla County, Oregon",OR,2023,68958.0,12.6,18.0,24.90694920272385,5.4,36.7,5.5972028800853355
41061,"Union County, Oregon",OR,2010,42162.0,,20.3,12.456423627390288,7.7,40.1,5.61807950626248
41061,"Union County, Oregon",OR,2011,40974.0,,21.7,12.554610074616791,7.8,40.2,6.392651697903136
41061,"Union County, Oregon",OR,2012,41784.0,17.2,21.5,12.602230501521644,8.4,40.1,6.932263481992909
41061,"Union County, Oregon",OR,2013,42542.0,18.6,22.5,12.637086690287052,9.3,39.9,7.069943289224953
41061,"Union County, Oregon",OR,2014,43265.0,18.8,22.7,12.63463202910639,8.3,40.1,6.433579685427326
41061,"Union County, Oregon",OR,2015,43822.0,18.6,23.2,12.639050419231582,7.1,40.0,5.812453942520265
41061,"Union County, Oregon",OR,2016,45564.0,18.6,23.3,12.645432538301305,6.6,39.7,5.868372943327239
41061,"Union County, Oregon",OR,2017,46228.0,17.4,24.0,12.670961014580197,6.5,39.8,5.011867810845353
41061,"Union County, Oregon",OR,2018,48617.0,15.9,24.8,12.777984242057084,6.4,39.6,5.612338017886476
41061,"Union County, Oregon",OR,2019,52171.0,13.9,24.5,12.929682303022032,5.9,40.2,6.106061942998323
41061,"Union County, Oregon",OR,2020,53940.0,13.9,24.2,13.010686121983897,5.4,40.0,5.587198264171413
41061,"Union County, Oregon",OR,2021,55227.0,14.2,24.2,12.889425859659164,6.3,40.0,6.797515080579815
41061,"Union County, Oregon",OR,2022,61946.0,15.2,23.8,12.904644758979273,6.3,39.7,7.22753007784855
41061,"Union County, Oregon",OR,2023,64212.0,15.8,24.9,12.858497128782817,5.6,40.1,6.833493743984601
41065,"Wasco County, Oregon",OR,2010,42133.0,,21.5,10.37110018075406,8.9,42.1,10.068435361394956
41065,"Wasco County, Oregon",OR,2011,43742.0,,21.2,10.461393217355077,6.9,41.4,15.997467896545487
41065,"Wasco County, Oregon",OR,2012,43601.0,19.3,20.6,10.546646642610922,8.4,41.8,14.949888641425389
41065,"Wasco County, Oregon",OR,2013,43765.0,18.2,20.1,10.617201201443345,10.8,41.4,11.935176358436607
41065,"Wasco County, Oregon",OR,2014,43226.0,16.9,18.7,10.661717768325707,10.6,41.8,7.846750727449079
41065,"Wasco County, Oregon",OR,2015,43422.0,16.1,18.7,10.705814367595972,9.0,41.0,7.504428078679966
41065,"Wasco County, Oregon",OR,2016,46814.0,14.5,18.6,10.775109023592101,7.2,41.6,8.031467252103916
41065,"Wasco County, Oregon",OR,2017,48510.0,13.7,19.8,10.787708051955033,6.5,40.9,7.936362805156807
41065,"Wasco County, Oregon",OR,2018,50973.0,13.4,20.5,10.862882254520532,4.4,40.9,8.148414338334382
41065,"Wasco County, Oregon",OR,2019,53105.0,11.6,19.6,10.973753704114339,4.5,40.8,7.505884404149595
41065,"Wasco County, Oregon",OR,2020,54725.0,10.9,20.4,11.034229040256415,6.6,40.2,7.682819383259912
41065,"Wasco County, Oregon",OR,2021,57853.0,9.7,21.0,11.172398384636576,6.8,40.3,6.633442172194536
41065,"Wasco County, Oregon",OR,2022,61316.0,11.7,22.0,11.187517218672097,7.1,40.4,7.149649865998098
41065,"Wasco County, Oregon",OR,2023,63602.0,12.2,21.8,11.172398384636576,7.8,40.5,6.898620275944811
41071,"Yamhill County, Oregon",OR,2010,52485.0,,23.0,135.38806216146,8.9,36.5,5.319969159599075
41071,"Yamhill County, Oregon",OR,2011,53819.0,,22.5,137.29184766363755,9.2,36.7,5.781432530865612
41071,"Yamhill County, Oregon",OR,2012,53950.0,13.9,22.5,138.44557240670335,9.6,37.1,6.11781437812543
41071,"Yamhill County, Oregon",OR,2013,54535.0,14.6,22.5,139.39956029957733,10.7,37.7,5.8343326261415
41071,"Yamhill County, Oregon",OR,2014,53864.0,16.7,22.4,140.3549449536415,10.1,38.0,5.35279805352798
41071,"Yamhill County, Oregon",OR,2015,53423.0,16.6,23.2,141.23909478700787,9.7,38.2,5.551316732561097
41071,"Yamhill County, Oregon",OR,2016,54951.0,15.7,24.5,142.7727385737951,8.2,38.1,5.6639738585821915
41071,"Yamhill County, Oregon",OR,2017,58392.0,13.7,25.4,142.98085599112778,6.6,38.2,5.589047145854035
41071,"Yamhill County, Oregon",OR,2018,59484.0,13.7,26.5,145.01174676160917,5.4,38.1,5.651142733937042
41071,"Yamhill County, Oregon",OR,2019,63902.0,12.1,26.9,146.42387232485314,4.1,38.3,5.938840978211057
41071,"Yamhill County, Oregon",OR,2020,67296.0,11.8,27.3,148.1782043796844,3.3,38.6,7.120484443516392
41071,"Yamhill County, Oregon",OR,2021,73409.0,11.5,28.4,149.48696961485706,3.7,39.1,8.601840604475921
41071,"Yamhill County, Oregon",OR,2022,80125.0,11.3,29.3,150.39486438845606,4.1,39.4,10.895140664961637
41071,"Yamhill County, Oregon",OR,2023,87084.0,10.4,29.2,151.02061340164425,4.5,39.5,12.362212836097662
45007,"Anderson County, South Carolina",SC,2010,42871.0,,18.0,257.32292597646017,9.1,39.2,2.3885002887762306
45007,"Anderson County, South Carolina",SC,2011,42854.0,,18.1,260.1022057731693,9.9,39.7,2.41347846760824
45007,"Anderson County, South Carolina",SC,2012,42659.0,16.2,18.5,262.27772065436346,10.8,40.0,2.240752399429533
45007,"Anderson County, South Carolina",SC,2013,41579.0,16.8,19.3,264.0315806873674,11.2,40.1,2.1747901347042364
45007,"Anderson County, South Carolina",SC,2014,41822.0,16.8,19.2,265.828866967195,10.2,40.3,2.3409131879168705
45007,"Anderson County, South Carolina",SC,2015,42143.0,16.4,19.5,267.8628963345446,9.2,40.5,2.3545532257253483
45007,"Anderson County, South Carolina",SC,2016,43518.0,16.3,20.0,269.9557612621068,8.1,40.5,2.6399077504354866
45007,"Anderson County, South Carolina",SC,2017,45551.0,15.6,20.8,272.0080016361889,6.7,40.5,2.8081962509563887
45007,"Anderson County, South Carolina",SC,2018,47906.0,15.2,21.4,274.5589434254063,5.8,40.7,3.3186276212642283
45007,"Anderson County, South Carolina",SC,2019,50865.0,14.6,22.2,277.45729518921235,5.1,40.8,3.4718385296273326
45007,"Anderson County, South Carolina",SC,2020,53598.0,13.6,24.1,280.4256892866048,5.5,40.7,3.88777149791566
45007,"Anderson County, South Carolina",SC,2021,56796.0,14.0,24.7,283.2834164969307,5.4,40.7,4.262452107279693
45007,"Anderson County, South Carolina",SC,2022,62347.0,14.3,26.1,286.6020222622553,5.5,40.6,5.2566569017533125
45007,"Anderson County, South Carolina",SC,2023,64683.0,14.4,26.4,290.280645622214,5.1,40.5,6.189490480194924
45013,"Beaufort County, South Carolina",SC,2010,55286.0,,37.4,270.0347373519409,7.3,40.2,6.5563516433526665
45013,"Beaufort County, South Carolina",SC,2011,57133.0,,37.5,276.10726394311473,8.6,40.7,6.7633395930700475
45013,"Beaufort County, South Carolina",SC,2012,56581.0,11.6,37.0,281.7805106269215,9.1,41.2,6.909070598748883
45013,"Beaufort County, South Carolina",SC,2013,57316.0,12.5,37.6,287.0544774033612,8.8,41.5,6.3873056278014495
45013,"Beaufort County, South Carolina",SC,2014,57295.0,12.4,37.4,292.4343401552331,7.9,42.0,6.646459681603451
45013,"Beaufort County, South Carolina",SC,2015,57048.0,12.8,38.8,297.5850509602682,7.2,42.8,6.915837590750201
45013,"Beaufort County, South Carolina",SC,2016,59227.0,12.4,39.6,304.3485053911467,6.6,43.6,6.782383825718988
45013,"Beaufort County, South Carolina",SC,2017,60603.0,11.9,39.8,311.2925037801391,6.3,44.0,6.935074541211279
45013,"Beaufort County, South Carolina",SC,2018,63110.0,11.1,40.3,317.09421443414226,5.9,44.8,7.370712017107644
45013,"Beaufort County, South Carolina",SC,2019,68377.0,10.2,41.2,323.06084504988394,5.0,45.5,8.343671313639993
45013,"Beaufort County, South Carolina",SC,2020,71430.0,9.3,42.0,329.37467558507524,4.5,46.2,8.354436427922977
45013,"Beaufort County, South Carolina",SC,2021,74199.0,10.1,42.4,322.9080770853261,3.9,46.7,9.755501222493887
45013,"Beaufort County, South Carolina",SC,2022,81260.0,10.4,43.4,328.22717985129424,3.1,46.8,10.966522996988841
45013,"Beaufort County, South Carolina",SC,2023,84819.0,10.5,44.8,333.52545062209543,3.0,47.2,11.348826480595122
45015,"Berkeley County, South Carolina",SC,2010,50777.0,,18.3,153.92798245773002,8.3,34.3,3.417208394097437
45015,"Berkeley County, South Carolina",SC,2011,51093.0,,19.2,158.2782117033037,10.0,34.4,3.0447157977746837
45015,"Berkeley County, South Carolina",SC,2012,51476.0,14.3,20.5,162.89393088200652,11.4,34.6,2.9919617107443086
45015,"Berkeley County, South Carolina",SC,2013,52427.0,14.4,21.3,167.05568945832806,11.9,34.8,2.9478321577312885
45015,"Berkeley County, South Carolina",SC,2014,51844.0,14.5,21.6,171.1050905202878,11.2,35.0,2.8684797883772837
45015,"Berkeley County, South Carolina",SC,2015,52506.0,13.9,22.3,175.4344792591653,9.9,35.3,2.9534851811196488
45015,"Berkeley County, South Carolina",SC,2016,54484.0,13.2,23.0,180.38908319892718,8.0,35.6,3.294074146574881
45015,"Berkeley County, South Carolina",SC,2017,56697.0,12.8,23.3,185.41889418459255,6.4,35.8,3.633255860006045
45015,"Berkeley County, South Carolina",SC,2018,59995.0,12.2,23.8,189.43567532302788,5.2,36.0,4.032638951694754
45015,"Berkeley County, South Carolina",SC,2019,63309.0,11.9,25.0,194.8533009550389,5.0,36.1,4.509822897512823
45015,"Berkeley County, South Carolina",SC,2020,65443.0,11.9,25.4,201.24952429278196,4.3,36.5,4.91967121240426
45015,"Berkeley County, South Carolina",SC,2021,70786.0,11.4,27.3,203.69873688407245,4.2,36.7,7.500297267879519
45015,"Berkeley County, South Carolina",SC,2022,77874.0,10.9,28.4,209.69083561370763,3.8,36.7,8.49064068860617
45015,"Berkeley County, South Carolina",SC,2023,82327.0,10.3,29.9,216.309055653214,3.7,36.7,10.223378655306412
47009,"Blount County, Tennessee",TN,2010,47322.0,,20.6,216.77821123080776,7.7,40.8,2.9848588877244966
47009,"Blount County, Tennessee",TN,2011,47298.0,,20.5,218.8235925700583,8.3,41.0,3.0879758003529116
47009,"Blount County, Tennessee",TN,2012,46347.0,12.7,21.0,220.26054901399374,8.9,41.6,3.3536752982571882
47009,"Blount County, Tennessee",TN,2013,45991.0,13.7,20.8,221.39866146523028,9.1,41.8,3.163630298200419
47009,"Blount County, Tennessee",TN,2014,46518.0,14.4,21.7,222.67456426040584,9.0,42.3,3.5752035158640383
47009,"Blount County, Tennessee",TN,2015,48286.0,14.1,22.8,224.02204645503022,7.8,42.6,3.7169355129731874
47009,"Blount County, Tennessee",TN,2016,49532.0,13.6,23.1,225.81868938119607,6.5,43.0,3.841068941811067
47009,"Blount County, Tennessee",TN,2017,51172.0,13.0,23.4,227.50617372320244,5.9,43.2,3.9565473918023115
47009,"Blount County, Tennessee",TN,2018,54140.0,11.7,24.0,229.84682008517947,5.1,43.4,4.0083888644589525
47009,"Blount County, Tennessee",TN,2019,56667.0,11.1,24.2,232.50241580473138,4.4,43.7,4.708516460734721
47009,"Blount County, Tennessee",TN,2020,60301.0,9.7,24.6,235.5695930711141,4.8,43.9,6.774594047113405
47009,"Blount County, Tennessee",TN,2021,64593.0,9.5,25.4,239.86614652303064,4.5,43.8,8.340475510268863
47009,"Blount County, Tennessee",TN,2022,70935.0,8.6,26.0,243.28227336172648,4.1,43.8,10.099478626792704
47009,"Blount County, Tennessee",TN,2023,74607.0,8.9,26.8,246.49618839697933,3.7,43.9,11.389473365525802
47125,"Montgomery County, Tennessee",TN,2010,48930.0,,22.3,303.4354719948662,8.6,30.4,2.287705272255834
47125,"Montgomery County, Tennessee",TN,2011,49695.0,,22.7,312.1748468476489,9.7,30.3,2.155843470459403
47125,"Montgomery County, Tennessee",TN,2012,49459.0,16.2,22.7,321.1200940706903,9.9,30.2,2.134276165528988
47125,"Montgomery County, Tennessee",TN,2013,49617.0,16.4,23.5,329.469980655416,10.3,30.1,2.223830932967563
47125,"Montgomery County, Tennessee",TN,2014,50693.0,16.3,24.0,337.5843195732692,9.9,30.2,2.201977030455267
47125,"Montgomery County, Tennessee",TN,2015,50344.0,15.8,24.6,344.9382290153922,9.7,30.3,2.045701849836779
47125,"Montgomery County, Tennessee",TN,2016,51528.0,15.2,25.3,351.8544278324607,8.2,30.3,2.417243314007855
47125,"Montgomery County, Tennessee",TN,2017,53737.0,14.2,26.2,356.3261240909622,7.5,30.5,2.5675277922430775
47125,"Montgomery County, Tennessee",TN,2018,55972.0,13.5,27.2,364.24015475667187,7.1,30.6,2.588786691898077
47125,"Montgomery County, Tennessee",TN,2019,57541.0,13.3,28.5,371.2750547601958,6.5,30.8,2.9307898302553106
47125,"Montgomery County, Tennessee",TN,2020,60878.0,12.3,29.4,380.19990021681514,6.0,31.0,3.653545265208426
47125,"Montgomery County, Tennessee",TN,2021,63768.0,12.1,29.9,400.93551372575206,5.8,31.2,4.559652070771968
47125,"Montgomery County, Tennessee",TN,2022,67890.0,11.9,30.4,412.3104258590535,6.1,31.4,6.009287866285429
47125,"Montgomery County, Tennessee",TN,2023,72365.0,11.6,31.7,422.79322438790064,5.5,31.7,7.119307069013691
47163,"Sullivan County, Tennessee",TN,2010,39957.0,,20.0,376.87269314680174,7.8,42.9,2.5719543836360343
47163,"Sullivan County, Tennessee",TN,2011,40572.0,,20.4,378.44727918305347,8.1,43.2,2.60691847702672
47163,"Sullivan County, Tennessee",TN,2012,40025.0,16.9,20.6,378.9527914435398,8.7,43.5,2.923095838200037
47163,"Sullivan County, Tennessee",TN,2013,39479.0,18.3,20.5,379.11242689421977,9.5,44.0,2.8264256777812404
47163,"Sullivan County, Tennessee",TN,2014,39577.0,18.0,21.2,379.37606725973654,9.3,44.1,2.9923333075195537
47163,"Sullivan County, Tennessee",TN,2015,40346.0,17.5,21.9,379.1390328026664,8.2,44.3,2.8818710563260774
47163,"Sullivan County, Tennessee",TN,2016,40983.0,16.8,21.4,378.87781115609926,7.7,44.5,3.024100464772692
47163,"Sullivan County, Tennessee",TN,2017,42251.0,16.6,22.0,378.57547128738736,6.8,44.7,3.4599479246438967
47163,"Sullivan County, Tennessee",TN,2018,43442.0,16.6,22.8,379.09549586157186,6.2,44.9,3.6489243323442135
47163,"Sullivan County, Tennessee",TN,2019,46684.0,15.9,23.6,379.85981104967567,6.2,45.1,3.7737580085322406
47163,"Sullivan County, Tennessee",TN,2020,47438.0,15.5,24.5,381.44890939962556,6.5,45.3,5.035664856808261
47163,"Sullivan County, Tennessee",TN,2021,49661.0,15.6,25.7,381.77785517678416,6.7,45.2,6.205008771399189
47163,"Sullivan County, Tennessee",TN,2022,54357.0,15.2,26.3,383.9039091335665,6.2,45.2,7.689580286309445
47163,"Sullivan County, Tennessee",TN,2023,56802.0,14.9,26.6,386.2524852337208,6.0,45.0,9.06090305021932
47165,"Sumner County, Tennessee",TN,2010,54916.0,,23.0,293.86978028515904,7.8,38.2,4.858602217515884
47165,"Sumner County, Tennessee",TN,2011,55211.0,,23.0,299.4641700301629,7.7,38.4,4.859185559723808
47165,"Sumner County, Tennessee",TN,2012,55560.0,9.8,23.5,304.47305645951815,7.4,38.7,5.192123214666382
47165,"Sumner County, Tennessee",TN,2013,55509.0,10.4,23.7,309.2288543588833,7.5,39.1,4.855419619643399
47165,"Sumner County, Tennessee",TN,2014,56193.0,10.2,24.0,314.7288080852342,6.9,39.2,4.725117935138887
47165,"Sumner County, Tennessee",TN,2015,57382.0,9.3,24.6,320.37041583956454,6.0,39.4,4.6300651006213025
47165,"Sumner County, Tennessee",TN,2016,58972.0,9.7,25.6,326.3444383795535,5.3,39.5,4.901594944327415
47165,"Sumner County, Tennessee",TN,2017,61584.0,9.7,26.5,331.9048311578423,4.5,39.6,5.158508808627341
47165,"Sumner County, Tennessee",TN,2018,64631.0,9.5,26.9,338.974311514206,3.9,39.6,5.412812993458155
47165,"Sumner County, Tennessee",TN,2019,67204.0,9.0,28.1,346.4611990730161,3.0,39.8,5.9051051579016764
47165,"Sumner County, Tennessee",TN,2020,69878.0,9.9,28.6,354.47503961590985,3.4,39.6,7.500590344116953
47165,"Sumner County, Tennessee",TN,2021,73517.0,9.8,29.8,364.59102593401946,3.7,39.7,9.806022154038171
47165,"Sumner County, Tennessee",TN,2022,81883.0,9.4,31.2,371.7851618350052,3.5,39.8,12.18226495508631
47165,"Sumner County, Tennessee",TN,2023,86005.0,9.0,32.6,378.78853697831187,3.2,39.7,14.35375558382392
47187,"Williamson County, Tennessee",TN,2010,87832.0,,51.8,298.97248581570625,4.6,37.9,7.927630389450719
47187,"Williamson County, Tennessee",TN,2011,89063.0,,51.5,308.1358741247943,5.1,38.2,8.27085480107546
47187,"Williamson County, Tennessee",TN,2012,91146.0,5.8,52.0,316.06912773670655,5.0,38.5,8.225478782898492
47187,"Williamson County, Tennessee",TN,2013,89779.0,5.7,52.8,324.14992888551853,5.1,38.5,8.260625140544187
47187,"Williamson County, Tennessee",TN,2014,91743.0,5.6,54.1,332.7042546876367,4.9,38.7,8.573196816538365
47187,"Williamson County, Tennessee",TN,2015,96565.0,5.1,55.7,342.20048278926606,4.2,38.9,9.03835499012116
47187,"Williamson County, Tennessee",TN,2016,100140.0,5.2,56.6,352.81875843894704,3.7,39.0,8.800558575632138
47187,"Williamson County, Tennessee",TN,2017,103543.0,4.6,58.1,363.9980578626538,3.6,39.0,9.029906866431423
47187,"Williamson County, Tennessee",TN,2018,109026.0,4.3,59.0,375.1276028843827,3.3,39.2,9.74163529226756
47187,"Williamson County, Tennessee",TN,2019,112962.0,4.4,59.8,386.6929278406761,2.8,39.1,10.716987849926566
47187,"Williamson County, Tennessee",TN,2020,111196.0,4.7,60.5,398.6871700553989,2.5,39.3,14.63124913923702
47187,"Williamson County, Tennessee",TN,2021,116492.0,3.9,61.9,415.8541544067817,2.3,39.5,19.340845713540222
47187,"Williamson County, Tennessee",TN,2022,125943.0,4.2,62.0,427.02487548531985,2.1,40.0,22.48559226507057
47187,"Williamson County, Tennessee",TN,2023,131202.0,4.5,61.8,436.8247770059173,2.0,40.3,25.78073661482617
47189,"Wilson County, Tennessee",TN,2010,60678.0,,24.0,191.9225183973262,6.4,38.8,4.1120291063442735
47189,"Wilson County, Tennessee",TN,2011,61400.0,,24.7,196.45594188529458,7.3,39.1,4.601796463330021
47189,"Wilson County, Tennessee",TN,2012,61353.0,9.3,25.9,200.7774085563989,7.4,39.3,4.6410361383006435
47189,"Wilson County, Tennessee",TN,2013,60390.0,10.2,26.0,204.85889106295468,8.0,39.5,4.398306494851079
47189,"Wilson County, Tennessee",TN,2014,60095.0,10.4,26.7,209.47639659397657,7.3,39.8,4.580111875155877
47189,"Wilson County, Tennessee",TN,2015,61070.0,10.1,28.3,214.4880367018118,6.5,40.1,4.732256183321327
47189,"Wilson County, Tennessee",TN,2016,63426.0,9.1,28.9,220.04270667103427,5.4,40.3,5.132301547678482
47189,"Wilson County, Tennessee",TN,2017,66123.0,9.2,29.7,225.74977534329122,4.5,40.2,5.369214139360793
47189,"Wilson County, Tennessee",TN,2018,71513.0,8.2,30.6,232.38700161682763,3.9,40.2,5.856377476183859
47189,"Wilson County, Tennessee",TN,2019,75991.0,7.7,32.4,239.39909366564427,3.8,40.4,6.142531747331438
47189,"Wilson County, Tennessee",TN,2020,78962.0,8.3,34.8,246.2973246144926,3.5,40.2,7.289535170592248
47189,"Wilson County, Tennessee",TN,2021,82224.0,8.4,35.9,253.55640766477893,3.8,40.0,9.501912476094049
47189,"Wilson County, Tennessee",TN,2022,89462.0,8.3,36.7,261.17283939804264,3.7,40.0,12.938250801761157
47189,"Wilson County, Tennessee",TN,2023,94048.0,7.6,37.2,269.03976555123666,3.5,39.9,14.666562731418326
48029,"Bexar County, Texas",TX,2010,47048.0,,25.3,1330.3437822497422,6.9,32.7,3.0786412960210305
48029,"Bexar County, Texas",TX,2011,48083.0,,25.6,1359.6910474716203,7.3,32.7,3.4955512124197297
48029,"Bexar County, Texas",TX,2012,49141.0,17.8,25.9,1386.6598942208464,7.8,32.9,3.657233076974589
48029,"Bexar County, Texas",TX,2013,50112.0,17.6,26.3,1413.5368292053665,8.2,32.9,3.724264561759361
48029,"Bexar County, Texas",TX,2014,50867.0,17.8,26.5,1442.4406604747162,8.0,33.1,3.814421016997734
48029,"Bexar County, Texas",TX,2015,51150.0,17.4,26.7,1471.7992131062952,7.4,33.1,3.997736128659332
48029,"Bexar County, Texas",TX,2016,52353.0,17.2,26.9,1498.5640802373582,6.7,33.2,4.035005858991642
48029,"Bexar County, Texas",TX,2017,53999.0,16.4,27.3,1525.4160216718267,6.1,33.3,4.17522307961917
48029,"Bexar County, Texas",TX,2018,55456.0,16.3,27.6,1552.7162345201239,5.8,33.4,4.2344895978915815
48029,"Bexar County, Texas",TX,2019,57157.0,15.7,28.0,1574.467073013416,5.3,33.6,4.311046665141086
48029,"Bexar County, Texas",TX,2020,58288.0,15.6,28.5,1595.4156991744067,5.7,33.8,6.3186866834895925
48029,"Bexar County, Texas",TX,2021,62169.0,15.1,30.0,1604.8455237358103,5.6,34.0,8.81549835869256
48029,"Bexar County, Texas",TX,2022,67275.0,15.2,30.4,1623.8220781733746,5.5,34.2,10.708992506244796
48029,"Bexar County, Texas",TX,2023,70571.0,14.7,31.5,1642.5954592363262,5.5,34.6,12.820220612392404
48135,"Ector County, Texas",TX,2010,45815.0,,13.1,148.14703438628382,5.8,31.3,2.6972027155510334
48135,"Ector County, Texas",TX,2011,50056.0,,13.3,150.9648519030849,5.7,31.2,2.35121712936579
48135,"Ector County, Texas",TX,2012,50851.0,15.8,13.2,153.9140933198791,5.7,31.2,2.376880443388757
48135,"Ector County, Texas",TX,2013,51466.0,15.9,13.5,157.64408180358143,6.2,30.9,2.327387980858865
48135,"Ector County, Texas",TX,2014,54903.0,14.6,14.3,161.419734523722,5.3,30.9,2.252564876282438
48135,"Ector County, Texas",TX,2015,57150.0,13.0,14.6,166.57088314633273,5.2,30.7,2.1443059982613737
48135,"Ector County, Texas",TX,2016,58335.0,12.4,15.2,170.60270109527343,6.4,30.4,1.9617320103488471
48135,"Ector County, Texas",TX,2017,59528.0,12.3,15.0,173.46172780105542,6.9,30.3,2.178743623785899
48135,"Ector County, Texas",TX,2018,60676.0,11.8,15.6,176.3552811246322,6.7,30.3,2.4437671525699547
48135,"Ector County, Texas",TX,2019,62973.0,11.9,15.4,178.84676641517925,6.1,30.4,2.785820592612637
48135,"Ector County, Texas",TX,2020,63096.0,13.0,16.6,180.50404406932947,6.6,30.6,3.1185227058601845
48135,"Ector County, Texas",TX,2021,64975.0,14.1,16.3,179.6030107210717,6.1,30.7,3.312680371479764
48135,"Ector County, Texas",TX,2022,70566.0,15.8,16.6,180.7635505837226,5.8,31.0,3.386962514157831
48135,"Ector County, Texas",TX,2023,71031.0,15.3,16.6,181.77261883282213,5.6,31.3,3.6244840891063816
48139,"Ellis County, Texas",TX,2010,60877.0,,21.0,153.35539055386707,6.6,34.6,3.5725534308211473
48139,"Ellis County, Texas",TX,2011,62639.0,,20.8,157.09037048436116,6.9,34.8,3.502296111143405
48139,"Ellis County, Texas",TX,2012,62832.0,10.8,20.8,159.99179266212698,7.3,35.0,3.60592401802962
48139,"Ellis County, Texas",TX,2013,61952.0,11.9,20.7,162.4582686791743,8.1,35.3,3.6492087683564316
48139,"Ellis County, Texas",TX,2014,61898.0,12.0,21.2,165.05191568670196,7.6,35.5,4.0228269425390755
48139,"Ellis County, Texas",TX,2015,62465.0,12.1,21.2,167.84219683077066,6.5,35.7,4.674619206201889
48139,"Ellis County, Texas",TX,2016,64382.0,11.0,21.9,171.22665503960468,5.5,35.9,4.823685515540604
48139,"Ellis County, Texas",TX,2017,67371.0,10.5,22.1,175.35917789832305,4.6,36.0,4.998831442000571
48139,"Ellis County, Texas",TX,2018,72213.0,9.3,23.1,180.43105622453908,3.6,36.1,5.444286675136388
48139,"Ellis County, Texas",TX,2019,76871.0,8.8,24.3,185.70384334243835,3.4,36.2,5.989145345022962
48139,"Ellis County, Texas",TX,2020,79834.0,8.1,25.3,191.8080508854948,3.5,36.4,6.892192038270972
48139,"Ellis County, Texas",TX,2021,85272.0,8.2,26.3,200.89169306266217,4.0,36.4,8.00712903997044
48139,"Ellis County, Texas",TX,2022,93248.0,8.2,27.9,208.93338804891914,3.9,36.2,9.218399975450334
48139,"Ellis County, Texas",TX,2023,95898.0,8.1,28.6,217.9293997956715,4.0,36.3,10.757888759435671
48141,"El Paso County, Texas",TX,2010,36333.0,,19.3,762.1931360376774,7.5,31.2,2.9157286082182017
48141,"El Paso County, Texas",TX,2011,38259.0,,19.8,777.1255208569787,7.6,31.2,2.7566825078548085
48141,"El Paso County, Texas",TX,2012,39699.0,24.0,20.3,790.6515178132593,8.2,31.2,2.8543440910720244
48141,"El Paso County, Texas",TX,2013,40157.0,23.3,20.7,802.3960901430469,9.0,31.2,2.866601943531617
48141,"El Paso County, Texas",TX,2014,40783.0,23.4,20.8,813.101415862476,9.0,31.4,2.9766258258330867
48141,"El Paso County, Texas",TX,2015,41637.0,22.8,21.3,820.2399445735141,8.4,31.6,3.1644598645235904
48141,"El Paso County, Texas",TX,2016,42075.0,22.5,21.7,822.704330885067,7.9,31.6,3.211501115909684
48141,"El Paso County, Texas",TX,2017,43244.0,21.7,22.2,823.9212264886492,7.0,31.9,3.471047068811286
48141,"El Paso County, Texas",TX,2018,44597.0,21.3,22.8,826.7132764988147,6.6,32.0,3.504933096798384
48141,"El Paso County, Texas",TX,2019,46871.0,20.2,23.3,825.1420698476363,6.1,32.2,3.456763521241153
48141,"El Paso County, Texas",TX,2020,48292.0,19.5,24.0,825.9839286877464,6.2,32.4,4.394396237772348
48141,"El Paso County, Texas",TX,2021,50919.0,19.3,24.7,849.2460774115357,6.8,32.6,5.814046480382592
48141,"El Paso County, Texas",TX,2022,55417.0,19.5,25.0,852.5493617466449,6.8,32.8,6.663383168364024
48141,"El Paso County, Texas",TX,2023,58859.0,18.9,25.4,854.9604533602306,6.2,33.3,7.82157018447322
48157,"Fort Bend County, Texas",TX,2010,79845.0,,40.4,628.9570705927816,5.1,34.6,3.863180967991122
48157,"Fort Bend County, Texas",TX,2011,82571.0,,40.7,656.0100357774072,5.1,34.8,4.148275267721315
48157,"Fort Bend County, Texas",TX,2012,84211.0,8.3,40.8,681.9709951178868,5.4,35.1,4.205046200154845
48157,"Fort Bend County, Texas",TX,2013,85297.0,8.4,41.4,706.6577542278961,5.6,35.2,4.4880888323631565
48157,"Fort Bend County, Texas",TX,2014,86407.0,8.7,42.3,734.5172487023002,5.6,35.3,4.429104968573193
48157,"Fort Bend County, Texas",TX,2015,89152.0,8.2,43.7,763.9758760706821,5.1,35.5,4.476908272463656
48157,"Fort Bend County, Texas",TX,2016,91152.0,8.2,44.6,793.4809223909938,5.4,35.7,4.5028535689156435
48157,"Fort Bend County, Texas",TX,2017,93645.0,8.1,45.7,825.5854300193683,5.3,35.8,4.9092468629285735
48157,"Fort Bend County, Texas",TX,2018,95561.0,7.8,46.1,857.9870189400929,5.3,36.0,5.301513112585835
48157,"Fort Bend County, Texas",TX,2019,97743.0,7.4,46.2,888.2196823319025,5.1,36.3,6.056679577816499
48157,"Fort Bend County, Texas",TX,2020,100189.0,7.5,46.5,917.8094432394859,5.6,36.5,9.40299872005851
48157,"Fort Bend County, Texas",TX,2021,102590.0,7.2,48.1,935.9186368610576,5.5,36.7,12.272517625354155
48157,"Fort Bend County, Texas",TX,2022,109987.0,6.9,48.6,966.2186077331653,5.2,36.9,13.985081902285952
48157,"Fort Bend County, Texas",TX,2023,113409.0,7.2,49.3,997.6836942987082,5.0,37.1,15.911375706782662
48187,"Guadalupe County, Texas",TX,2010,61274.0,,24.0,172.55182051956194,6.3,36.3,3.1878584175055007
48187,"Guadalupe County, Texas",TX,2011,61608.0,,24.1,179.2597008378172,6.1,36.3,3.131998529264298
48187,"Guadalupe County, Texas",TX,2012,63889.0,9.7,25.3,185.51064107989703,6.8,36.5,3.1492520526374985
48187,"Guadalupe County, Texas",TX,2013,61958.0,9.7,24.6,191.12748909319185,7.2,36.5,3.8192304653551394
48187,"Guadalupe County, Texas",TX,2014,62412.0,9.7,25.2,196.42658800736163,6.9,36.6,3.92114816119595
48187,"Guadalupe County, Texas",TX,2015,62420.0,9.8,26.1,201.70037947115864,5.7,36.6,3.7419798692849557
48187,"Guadalupe County, Texas",TX,2016,64599.0,10.5,26.5,207.11757982040146,5.2,36.7,4.101553950536222
48187,"Guadalupe County, Texas",TX,2017,66187.0,10.6,26.8,212.1453266277963,4.5,36.7,4.0514735222025875
48187,"Guadalupe County, Texas",TX,2018,70931.0,9.5,27.5,218.1178849157754,3.9,36.7,4.076503486846648
48187,"Guadalupe County, Texas",TX,2019,74496.0,9.1,28.2,223.50134199785447,3.6,37.0,4.512928282613322
48187,"Guadalupe County, Texas",TX,2020,75774.0,9.0,28.0,229.21520190424502,4.5,37.0,6.422848450674675
48187,"Guadalupe County, Texas",TX,2021,80047.0,9.2,28.7,238.27948704610031,4.4,37.0,8.504854368932039
48187,"Guadalupe County, Texas",TX,2022,88111.0,8.7,29.5,244.3968601889904,4.3,37.3,9.887351683720036
48187,"Guadalupe County, Texas",TX,2023,93776.0,8.8,30.9,250.77996156079482,4.4,37.5,11.92620301099104
48215,"Hidalgo County, Texas",TX,2010,31879.0,,15.1,469.1235979087906,9.9,28.1,3.6247155019809494
48215,"Hidalgo County, Texas",TX,2011,32479.0,,15.3,482.16023735850183,10.1,28.2,4.057602805109519
48215,"Hidalgo County, Texas",TX,2012,33218.0,35.0,15.6,493.21528214967054,10.6,28.3,3.9315828038364375
48215,"Hidalgo County, Texas",TX,2013,34146.0,34.8,15.9,503.2893962088077,10.8,28.4,4.134705131368615
48215,"Hidalgo County, Texas",TX,2014,34952.0,34.6,16.4,513.3475964014292,10.4,28.6,4.333663737395319
48215,"Hidalgo County, Texas",TX,2015,34782.0,34.2,16.7,521.4763994176798,9.9,28.8,4.609180673852416
48215,"Hidalgo County, Texas",TX,2016,36094.0,32.8,17.4,527.2798682586474,9.0,28.8,4.426295317997659
48215,"Hidalgo County, Texas",TX,2017,37097.0,31.8,17.8,534.4124632310114,8.1,28.9,4.8944944266737895
48215,"Hidalgo County, Texas",TX,2018,38398.0,31.2,18.4,540.6825266382211,7.4,29.1,5.467227114855898
48215,"Hidalgo County, Texas",TX,2019,40014.0,29.7,18.7,544.3662684592895,6.9,29.2,5.790240915547461
48215,"Hidalgo County, Texas",TX,2020,41846.0,28.4,19.3,548.1607707913074,7.3,29.4,6.294548211881587
48215,"Hidalgo County, Texas",TX,2021,44666.0,28.1,19.5,551.0507289505696,7.8,29.6,7.2488104374520335
48215,"Hidalgo County, Texas",TX,2022,49371.0,27.7,20.1,555.8185233586916,7.6,29.8,7.925299358463919
48215,"Hidalgo County, Texas",TX,2023,52281.0,27.2,20.3,560.7543681972198,7.6,30.3,8.601965331994998
48251,"Johnson County, Texas",TX,2010,54954.0,,16.1,203.662618552889,7.2,36.1,2.4675065600687462
48251,"Johnson County, Texas",TX,2011,55970.0,,16.3,206.51864974571663,7.1,36.0,2.394395966061777
48251,"Johnson County, Texas",TX,2012,57016.0,11.0,15.8,208.57857949010875,8.0,36.2,2.6381909547738696
48251,"Johnson County, Texas",TX,2013,57535.0,12.0,16.7,210.24804699895967,8.4,36.3,3.104619361043489
48251,"Johnson County, Texas",TX,2014,58221.0,12.5,16.6,212.27624306343148,7.7,36.4,3.455395460645656
48251,"Johnson County, Texas",TX,2015,58135.0,12.1,17.3,214.478284504858,7.3,36.7,3.913997367266345
48251,"Johnson County, Texas",TX,2016,59095.0,12.1,17.7,217.36742910281987,6.3,36.8,3.8484090096531998
48251,"Johnson County, Texas",TX,2017,60458.0,11.0,18.5,220.99472669023237,4.9,36.9,3.7340873004819075
48251,"Johnson County, Texas",TX,2018,62066.0,10.6,18.3,225.55057934661733,4.3,36.8,3.2094912700761347
48251,"Johnson County, Texas",TX,2019,64359.0,10.2,18.7,230.70661247106025,3.5,36.8,3.242900903462627
48251,"Johnson County, Texas",TX,2020,65311.0,10.3,19.5,236.428332933213,3.5,36.9,2.788148785642869
48251,"Johnson County, Texas",TX,2021,70767.0,10.4,20.5,244.24171681967817,3.3,37.0,3.677998857462351
48251,"Johnson County, Texas",TX,2022,77058.0,10.6,21.4,252.061999332213,3.5,37.1,4.989049855364399
48251,"Johnson County, Texas",TX,2023,81826.0,10.7,23.5,260.5197148935818,3.6,37.2,6.2113266028052605
48329,"Midland County, Texas",TX,2010,54945.0,,23.9,146.7227480624374,4.0,33.6,3.2092107913780548
48329,"Midland County, Texas",TX,2011,57807.0,,23.7,149.94257839659338,4.0,33.6,3.4005285013212534
48329,"Midland County, Texas",TX,2012,59391.0,9.8,22.9,153.79660090763898,4.1,33.3,3.2170872873637513
48329,"Midland County, Texas",TX,2013,62993.0,10.4,24.4,158.03602566978913,4.3,32.9,3.404493414823104
48329,"Midland County, Texas",TX,2014,66966.0,10.0,25.0,162.5875485084822,3.9,32.5,2.8729707066958086
48329,"Midland County, Texas",TX,2015,68806.0,8.8,25.6,168.03316014296536,3.4,32.1,2.4819697249887724
48329,"Midland County, Texas",TX,2016,71424.0,7.9,26.2,173.0611601163093,3.6,31.9,2.186837881219904
48329,"Midland County, Texas",TX,2017,75815.0,8.7,26.8,177.57714153703304,3.5,31.8,2.420386960776933
48329,"Midland County, Texas",TX,2018,78888.0,9.0,27.4,182.36523693908424,3.3,31.7,2.7310694151883013
48329,"Midland County, Texas",TX,2019,79421.0,9.6,27.4,186.77792611383472,3.3,31.7,3.2248139075277216
48329,"Midland County, Texas",TX,2020,83217.0,9.8,27.4,190.18879156957567,3.4,31.8,4.364769146945254
48329,"Midland County, Texas",TX,2021,88210.0,11.1,28.8,185.44179093205148,3.3,32.0,5.255420361915235
48329,"Midland County, Texas",TX,2022,90123.0,10.8,29.4,188.13960668978342,3.4,32.1,5.497696069211962
48329,"Midland County, Texas",TX,2023,93984.0,10.6,30.9,190.47534425195312,3.7,32.6,5.352622489294755
48339,"Montgomery County, Texas",TX,2010,65620.0,,29.7,410.4056780923851,6.1,35.8,5.276681143922847
48339,"Montgomery County, Texas",TX,2011,66657.0,,30.1,425.6669426903772,6.6,36.0,5.307753718660156
48339,"Montgomery County, Texas",TX,2012,66422.0,12.3,30.1,439.7882901338635,6.8,36.2,5.208264007073655
48339,"Montgomery County, Texas",TX,2013,67766.0,12.4,30.7,453.05182113279744,7.1,36.2,5.086733287548996
48339,"Montgomery County, Texas",TX,2014,68840.0,12.3,31.7,467.31613798370915,6.7,36.3,4.968437091858947
48339,"Montgomery County, Texas",TX,2015,68838.0,12.0,32.2,482.24444698185823,6.1,36.4,4.915348492338111
48339,"Montgomery County, Texas",TX,2016,70805.0,11.0,33.0,497.849221968161,5.4,36.6,5.176445487518668
48339,"Montgomery County, Texas",TX,2017,74323.0,10.3,33.7,513.5259614212886,4.9,36.7,5.4559600477406685
48339,"Montgomery County, Texas",TX,2018,77416.0,9.9,34.7,532.0045174494642,4.5,36.9,6.247887783522575
48339,"Montgomery County, Texas",TX,2019,80902.0,9.3,34.5,548.8000644801623,4.2,37.1,6.875406624140948
48339,"Montgomery County, Texas",TX,2020,83274.0,8.9,34.9,566.300863285744,4.6,37.2,8.424342616943463
48339,"Montgomery County, Texas",TX,2021,88597.0,8.8,36.4,583.3909848673119,4.6,37.3,10.444025108791928
48339,"Montgomery County, Texas",TX,2022,95946.0,8.8,37.7,604.490966540361,4.3,37.4,12.387855782367867
48339,"Montgomery County, Texas",TX,2023,97266.0,9.3,37.9,628.2229286467514,4.6,37.2,14.057509025388068
48439,"Tarrant County, Texas",TX,2010,55306.0,,28.7,2014.7119157271882,7.4,33.2,3.881345395455342
48439,"Tarrant County, Texas",TX,2011,56178.0,,28.9,2057.934668924112,7.8,33.4,3.845206165816853
48439,"Tarrant County, Texas",TX,2012,56859.0,14.7,29.1,2097.189943197906,8.2,33.4,3.7907696319354067
48439,"Tarrant County, Texas",TX,2013,56853.0,15.2,29.5,2136.2013671796,8.4,33.5,3.783353154549398
48439,"Tarrant County, Texas",TX,2014,57727.0,15.3,29.7,2174.392252263705,7.9,33.8,3.891285988829027
48439,"Tarrant County, Texas",TX,2015,58711.0,15.0,30.3,2212.59584992228,6.9,34.0,3.9210308640485505
48439,"Tarrant County, Texas",TX,2016,60373.0,14.4,30.7,2250.7370403970945,6.0,34.1,4.220532767183888
48439,"Tarrant County, Texas",TX,2017,62532.0,13.5,31.1,2292.5105601044743,5.4,34.2,4.285080067780925
48439,"Tarrant County, Texas",TX,2018,64874.0,12.9,31.5,2334.464367231606,5.0,34.3,4.463167505841615
48439,"Tarrant County, Texas",TX,2019,67700.0,11.9,32.3,2368.8957973384495,4.7,34.4,4.782021054228713
48439,"Tarrant County, Texas",TX,2020,70306.0,11.4,32.6,2400.5420179478438,5.0,34.6,7.110627483714271
48439,"Tarrant County, Texas",TX,2021,73545.0,11.3,33.4,2417.6462090525088,5.1,34.8,9.349307297091288
48439,"Tarrant County, Texas",TX,2022,78872.0,11.0,33.9,2442.9569448216484,4.9,34.9,11.612266892110604
48439,"Tarrant County, Texas",TX,2023,81905.0,10.9,34.5,2468.2538123277304,4.7,35.1,13.549572281313392
49003,"Box Elder County, Utah",UT,2010,55135.0,,22.7,8.392687478777228,4.5,30.2,5.063596068606668
49003,"Box Elder County, Utah",UT,2011,55588.0,,22.5,8.54445586768442,5.7,30.6,4.924637406389231
49003,"Box Elder County, Utah",UT,2012,55918.0,8.5,21.7,8.643140129737606,5.8,30.9,4.375565395419702
49003,"Box Elder County, Utah",UT,2013,57292.0,8.8,21.2,8.730163288514666,6.5,31.4,3.9484173505275497
49003,"Box Elder County, Utah",UT,2014,57336.0,9.6,21.6,8.809006270366682,6.3,31.8,3.452498704724224
49003,"Box Elder County, Utah",UT,2015,55038.0,9.5,21.5,8.87479577840214,6.3,32.0,3.3645035477656124
49003,"Box Elder County, Utah",UT,2016,55514.0,10.3,21.4,8.968258650928703,6.0,32.1,3.9750221352346333
49003,"Box Elder County, Utah",UT,2017,58835.0,10.2,22.7,9.082084942609097,5.5,32.3,4.000724933170224
49003,"Box Elder County, Utah",UT,2018,59937.0,9.3,23.3,9.224628876685921,4.2,32.5,5.005698255457175
49003,"Box Elder County, Utah",UT,2019,62233.0,7.9,23.9,9.389102646774566,4.1,32.6,5.29178613594198
49003,"Box Elder County, Utah",UT,2020,63573.0,7.9,23.7,9.564367288551564,3.1,32.9,6.7454941084698445
49003,"Box Elder County, Utah",UT,2021,67486.0,7.0,24.4,9.90166905197145,2.7,32.9,8.045530476671457
49003,"Box Elder County, Utah",UT,2022,72769.0,8.1,25.8,10.145333896547218,2.6,33.1,9.772718762871158
49003,"Box Elder County, Utah",UT,2023,77865.0,8.6,26.7,10.394916315919826,3.2,32.9,10.012879484820607
49005,"Cache County, Utah",UT,2010,47013.0,,35.1,91.93406861356232,5.5,25.2,5.387046744017119
49005,"Cache County, Utah",UT,2011,48338.0,,35.6,94.22988754436665,6.3,25.2,4.569440417512323
49005,"Cache County, Utah",UT,2012,49203.0,16.0,35.9,96.24151946466378,6.9,25.5,4.33282208588957
49005,"Cache County, Utah",UT,2013,49506.0,16.6,36.9,98.0324986305792,7.2,25.2,4.427495471446277
49005,"Cache County, Utah",UT,2014,50367.0,15.8,35.9,99.55474506450443,6.4,25.2,4.153668727430851
49005,"Cache County, Utah",UT,2015,50497.0,15.6,36.1,100.83830875244477,5.5,25.0,4.587003182591962
49005,"Cache County, Utah",UT,2016,51935.0,15.0,36.3,102.0188439169384,4.5,25.0,5.094905094905095
49005,"Cache County, Utah",UT,2017,53812.0,15.2,36.9,103.27579190298833,3.6,25.0,5.172689905514333
49005,"Cache County, Utah",UT,2018,56840.0,15.2,37.8,105.0341453698123,2.8,25.1,5.547069424182614
49005,"Cache County, Utah",UT,2019,59038.0,15.4,38.3,106.60447178134599,2.6,25.2,6.295568798481872
49005,"Cache County, Utah",UT,2020,60530.0,14.6,38.5,108.46842948470282,2.9,25.4,7.38807203039815
49005,"Cache County, Utah",UT,2021,65670.0,13.9,39.0,113.07638019585721,2.6,25.5,8.901881276816447
49005,"Cache County, Utah",UT,2022,72719.0,13.5,40.0,115.41598624912639,2.4,25.5,10.749298663690386
49005,"Cache County, Utah",UT,2023,78292.0,13.1,40.4,117.65084663689142,2.4,25.9,12.86743579542943
49011,"Davis County, Utah",UT,2010,66866.0,,33.8,984.8361738339569,4.7,28.7,4.457568097592257
49011,"Davis County, Utah",UT,2011,69147.0,,34.1,1006.8780574252592,5.0,29.1,4.715385512656013
49011,"Davis County, Utah",UT,2012,69355.0,7.6,34.1,1025.4023345939204,5.0,29.4,4.510626097552234
49011,"Davis County, Utah",UT,2013,69707.0,7.9,34.1,1042.863304878171,5.1,29.6,4.729096229792312
49011,"Davis County, Utah",UT,2014,70388.0,7.8,34.6,1062.1232031618333,4.7,29.9,4.945506173183191
49011,"Davis County, Utah",UT,2015,71112.0,7.7,34.8,1081.2761020105863,4.2,30.2,5.214808815092302
49011,"Davis County, Utah",UT,2016,72661.0,7.2,35.4,1101.0643100041127,3.7,30.4,5.199920953823859
49011,"Davis County, Utah",UT,2017,75961.0,6.2,36.2,1120.0734283622064,3.3,30.6,5.548349813792218
49011,"Davis County, Utah",UT,2018,79690.0,5.5,37.5,1138.9454536943226,3.2,30.8,5.827337224514441
49011,"Davis County, Utah",UT,2019,83310.0,5.4,37.8,1156.152300320664,2.7,31.1,5.885859581249924
49011,"Davis County, Utah",UT,2020,87570.0,5.3,38.2,1172.8508996311864,2.6,31.3,8.423383525243578
49011,"Davis County, Utah",UT,2021,92765.0,5.5,38.0,1199.8348196223587,2.4,31.6,11.227959517187992
49011,"Davis County, Utah",UT,2022,101285.0,6.0,38.4,1213.8818391865368,2.5,32.0,14.227927356780988
49011,"Davis County, Utah",UT,2023,108058.0,6.0,38.7,1226.287086171326,2.5,32.3,16.161194456193936
49021,"Iron County, Utah",UT,2010,42247.0,,28.2,13.481327910344119,8.9,26.1,3.87193650453156
49021,"Iron County, Utah",UT,2011,42226.0,,27.1,13.767706396524385,11.3,26.3,3.8372030091465064
49021,"Iron County, Utah",UT,2012,42296.0,19.4,26.6,13.950029987831948,13.1,26.6,3.010648073077131
49021,"Iron County, Utah",UT,2013,42369.0,20.9,26.4,14.086848523072732,13.7,27.1,2.605156037991859
49021,"Iron County, Utah",UT,2014,42305.0,22.8,27.9,14.17482496480184,12.9,27.6,2.156756756756757
49021,"Iron County, Utah",UT,2015,43855.0,21.0,28.6,14.30041891954615,10.5,28.1,2.78251874838376
49021,"Iron County, Utah",UT,2016,43799.0,21.5,28.3,14.486079548298612,8.1,28.5,3.072173296892398
49021,"Iron County, Utah",UT,2017,45422.0,20.9,28.7,14.714514929753845,6.2,29.1,3.5089415176413725
49021,"Iron County, Utah",UT,2018,46809.0,19.6,29.1,15.074611606762295,5.1,29.1,4.845794171822604
49021,"Iron County, Utah",UT,2019,51807.0,17.0,29.8,15.536336242319884,4.4,29.1,6.412090860311214
49021,"Iron County, Utah",UT,2020,52045.0,16.4,28.9,16.12335146558134,4.9,29.3,8.025224602626123
49021,"Iron County, Utah",UT,2021,56308.0,15.3,29.2,16.939712171419366,4.2,29.5,9.153734238603297
49021,"Iron County, Utah",UT,2022,63005.0,14.1,30.4,17.61591730457171,3.3,29.5,9.938493849384939
49021,"Iron County, Utah",UT,2023,65527.0,13.6,30.3,18.262999201841318,3.4,29.9,10.989564591579706
49045,"Tooele County, Utah",UT,2010,60590.0,,18.6,7.980183078347196,5.4,29.1,4.264025862421738
49045,"Tooele County, Utah",UT,2011,63228.0,,19.5,8.204759875689035,5.8,29.4,3.8880186367835483
49045,"Tooele County, Utah",UT,2012,61933.0,8.4,19.8,8.377766119183296,6.9,29.5,3.77584417657859
49045,"Tooele County, Utah",UT,2013,61412.0,8.7,20.4,8.51634397617037,6.8,30.0,3.979981873349884
49045,"Tooele County, Utah",UT,2014,63077.0,8.7,20.6,8.639220184080948,7.6,30.3,3.508496526823908
49045,"Tooele County, Utah",UT,2015,63552.0,7.2,22.4,8.771747864359648,7.1,30.7,3.8629259445066184
49045,"Tooele County, Utah",UT,2016,64149.0,7.2,20.8,8.929196510603798,7.0,30.9,4.148348551459813
49045,"Tooele County, Utah",UT,2017,66542.0,6.9,22.6,9.12669156458434,6.5,31.1,4.570667050857225
49045,"Tooele County, Utah",UT,2018,71020.0,6.7,23.0,9.39001830322506,6.3,31.3,4.8132838226021155
49045,"Tooele County, Utah",UT,2019,74562.0,6.2,24.2,9.7086609431995,4.8,31.4,5.268343953228667
49045,"Tooele County, Utah",UT,2020,76737.0,5.9,23.1,10.046174372431016,5.2,31.6,6.378702615793705
49045,"Tooele County, Utah",UT,2021,87557.0,4.8,23.0,10.276657294654841,4.1,31.9,8.242424242424242
49045,"Tooele County, Utah",UT,2022,95545.0,4.5,22.6,10.664444811296429,3.9,31.7,10.979951796669589
49045,"Tooele County, Utah",UT,2023,101846.0,4.7,23.2,11.041284389132384,3.6,32.0,13.712919414593133
49049,"Utah County, Utah",UT,2010,56927.0,,35.5,242.53872100914137,5.6,24.3,6.153460840080338
49049,"Utah County, Utah",UT,2011,59338.0,,35.9,250.72102910063472,6.1,24.4,6.0800767872369175
49049,"Utah County, Utah",UT,2012,59864.0,13.6,35.7,257.7596702726438,6.9,24.5,5.88715413938388
49049,"Utah County, Utah",UT,2013,60196.0,14.0,36.5,264.0922518063151,7.2,24.4,6.0458231606879345
49049,"Utah County, Utah",UT,2014,60830.0,13.8,36.9,269.66238872699694,6.7,24.5,6.048057034722528
49049,"Utah County, Utah",UT,2015,62180.0,13.2,37.3,275.4166500339308,5.5,24.4,6.1172555130246264
49049,"Utah County, Utah",UT,2016,64321.0,12.5,38.1,281.51421100954053,4.9,24.4,6.32421994105092
49049,"Utah County, Utah",UT,2017,67042.0,11.8,39.4,287.6611712107301,4.3,24.5,6.656767344875521
49049,"Utah County, Utah",UT,2018,70408.0,11.2,40.1,294.6189772863359,3.8,24.6,6.906092989721076
49049,"Utah County, Utah",UT,2019,74665.0,10.6,40.8,302.1286575386212,3.6,24.8,7.192074394782816
49049,"Utah County, Utah",UT,2020,77057.0,10.0,41.1,310.1203544768672,3.7,25.0,10.114241822864352
49049,"Utah County, Utah",UT,2021,82893.0,9.3,42.3,323.47261586363817,3.6,25.1,12.911963289000505
49049,"Utah County, Utah",UT,2022,91263.0,8.9,42.8,332.3325416151052,3.4,25.2,15.21427791385201
49049,"Utah County, Utah",UT,2023,96877.0,8.7,43.8,341.1151251447048,3.5,25.5,17.151117173448572
49053,"Washington County, Utah",UT,2010,50050.0,,24.0,55.21580562889531,7.0,31.8,4.999519276992597
49053,"Washington County, Utah",UT,2011,50307.0,,24.9,56.44632058725266,8.7,32.1,4.962722668032554
49053,"Washington County, Utah",UT,2012,49145.0,14.5,25.4,57.46138213977777,9.9,32.5,5.140357273058695
49053,"Washington County, Utah",UT,2013,49279.0,15.3,26.4,58.45749367955282,10.2,33.2,4.778260622046796
49053,"Washington County, Utah",UT,2014,49498.0,15.5,27.1,59.66947058195902,9.4,33.8,4.766563901862689
49053,"Washington County, Utah",UT,2015,50774.0,15.0,27.1,61.07012369826801,7.7,34.6,5.225976227901309
49053,"Washington County, Utah",UT,2016,52865.0,14.8,27.6,62.60054320623505,6.3,35.4,5.6013319515468645
49053,"Washington County, Utah",UT,2017,55175.0,14.2,28.1,64.0910029047074,5.2,35.9,6.057318652849741
49053,"Washington County, Utah",UT,2018,56877.0,12.4,27.7,66.13430862732288,4.4,36.4,8.026135229540918
49053,"Washington County, Utah",UT,2019,59839.0,11.8,28.1,68.30696878479748,3.5,37.1,9.578572269996465
49053,"Washington County, Utah",UT,2020,61747.0,10.0,29.2,70.9088879267409,3.4,37.7,9.593317583530206
49053,"Washington County, Utah",UT,2021,65040.0,9.2,30.5,72.7239695827578,3.2,38.2,11.71914144491841
49053,"Washington County, Utah",UT,2022,71976.0,8.8,32.8,75.51044537061487,3.1,38.6,13.44840496262539
49053,"Washington County, Utah",UT,2023,76411.0,9.9,33.3,78.20052326752598,3.3,39.0,13.080746414079748
49057,"Weber County, Utah",UT,2010,54086.0,,22.5,386.7080128828053,7.1,30.6,3.148947757420158
49057,"Weber County, Utah",UT,2011,54666.0,,22.2,394.25653163783767,7.5,30.7,3.423656995811123
49057,"Weber County, Utah",UT,2012,54923.0,12.2,22.2,400.74825776716546,7.6,30.9,3.2300392701271288
49057,"Weber County, Utah",UT,2013,54974.0,12.8,22.7,405.83439764555624,7.9,31.3,3.3006032235352323
49057,"Weber County, Utah",UT,2014,56216.0,13.1,23.2,410.06156814837436,7.3,31.5,3.5722946630104278
49057,"Weber County, Utah",UT,2015,56581.0,13.0,23.0,414.1828858594552,6.3,31.8,4.1130466022458245
49057,"Weber County, Utah",UT,2016,59660.0,12.4,23.3,418.7744676125163,5.3,32.1,4.124498244416706
49057,"Weber County, Utah",UT,2017,62036.0,12.1,24.0,423.58643140739093,4.8,32.3,4.6252189141856395
49057,"Weber County, Utah",UT,2018,64636.0,11.3,23.8,429.8855401615903,4.3,32.5,4.896257102333047
49057,"Weber County, Utah",UT,2019,67244.0,10.2,24.5,436.42238387428154,3.7,32.7,5.433071515111554
49057,"Weber County, Utah",UT,2020,71275.0,8.6,25.1,442.9921981286614,3.3,32.9,7.858167330677291
49057,"Weber County, Utah",UT,2021,74345.0,8.4,26.3,450.11730571674485,3.4,33.1,10.415107285429142
49057,"Weber County, Utah",UT,2022,82291.0,7.6,27.0,456.31229697087485,3.1,33.2,12.529963285493219
49057,"Weber County, Utah",UT,2023,87083.0,7.5,28.0,461.9051420162701,3.0,33.5,14.22209378149268
51013,"Arlington County, Virginia",VA,2010,94880.0,,70.1,7595.761049351849,3.2,33.9,4.800243405808973
51013,"Arlington County, Virginia",VA,2011,99651.0,,70.7,7808.55483324999,3.4,33.8,4.485150464189977
51013,"Arlington County, Virginia",VA,2012,102459.0,7.2,71.2,8042.351040504674,3.6,33.7,4.789317157916433
51013,"Arlington County, Virginia",VA,2013,103208.0,8.0,71.7,8264.838250567373,3.9,33.8,5.325670775399715
51013,"Arlington County, Virginia",VA,2014,105120.0,8.8,72.0,8469.16951955995,3.6,33.8,5.640166767629975
51013,"Arlington County, Virginia",VA,2015,105763.0,9.0,72.9,8614.263184213563,3.7,33.9,5.757249361126951
51013,"Arlington County, Virginia",VA,2016,108706.0,8.7,73.7,8696.84963649652,3.4,34.1,6.152341020265548
51013,"Arlington County, Virginia",VA,2017,112138.0,8.2,74.1,8829.249528791785,3.2,34.4,6.557851838060365
51013,"Arlington County, Virginia",VA,2018,117374.0,7.2,74.6,8916.528830249645,2.9,34.5,7.000959594928439
51013,"Arlington County, Virginia",VA,2019,120071.0,6.8,75.3,8980.420817786668,2.7,34.7,6.713045586482318
51013,"Arlington County, Virginia",VA,2020,122604.0,6.4,75.8,9094.66476901181,2.8,34.8,13.487599335428468
51013,"Arlington County, Virginia",VA,2021,128145.0,6.5,76.3,9068.892564526675,2.9,35.1,21.27979704610319
51013,"Arlington County, Virginia",VA,2022,137387.0,6.7,76.8,9072.008308650999,2.8,35.3,26.98824926136287
51013,"Arlington County, Virginia",VA,2023,140160.0,7.1,77.1,9057.314305496788,3.3,35.5,31.460322429175143
51015,"Augusta County, Virginia",VA,2010,50612.0,,19.1,75.69327683300348,4.6,42.3,3.0820590777668486
51015,"Augusta County, Virginia",VA,2011,51719.0,,19.1,76.02934211859693,4.8,42.7,2.967551622418879
51015,"Augusta County, Virginia",VA,2012,50971.0,9.3,19.9,76.16997251502988,4.8,43.3,3.17821665089877
51015,"Augusta County, Virginia",VA,2013,52027.0,9.5,19.9,76.23615152511597,5.6,43.5,4.018311291963378
51015,"Augusta County, Virginia",VA,2014,54018.0,9.3,21.2,76.21650463149666,5.0,44.0,4.322614654717976
51015,"Augusta County, Virginia",VA,2015,54558.0,9.5,22.0,76.57428490477461,4.7,44.2,4.314533941982035
51015,"Augusta County, Virginia",VA,2016,56802.0,9.2,23.3,76.86071593280349,4.9,44.5,4.952095456415682
51015,"Augusta County, Virginia",VA,2017,59544.0,8.8,23.4,76.9227587547592,4.1,44.6,5.0194733476719176
51015,"Augusta County, Virginia",VA,2018,61305.0,9.2,23.5,77.24434738189632,3.6,44.8,4.964743128507699
51015,"Augusta County, Virginia",VA,2019,62711.0,8.7,22.7,77.63521716021732,3.5,45.1,4.4847190557271075
51015,"Augusta County, Virginia",VA,2020,65076.0,8.9,22.3,78.3331989072191,2.9,45.1,4.945257023226865
51015,"Augusta County, Virginia",VA,2021,69082.0,8.4,22.6,79.5678510641378,3.0,45.1,5.611051487382702
51015,"Augusta County, Virginia",VA,2022,76124.0,8.1,23.3,80.06936387494649,3.0,44.8,6.346940973718225
51015,"Augusta County, Virginia",VA,2023,79972.0,7.3,23.3,80.35889704407316,3.0,44.9,6.481258205396136
51019,"Bedford County, Virginia",VA,2010,54110.0,,24.2,89.06281245724269,5.0,43.2,4.0337739977196385
51019,"Bedford County, Virginia",VA,2011,56021.0,,24.8,89.82323471524948,6.0,43.4,4.054178851777744
51019,"Bedford County, Virginia",VA,2012,56906.0,8.8,24.7,90.4481492006357,6.3,44.0,4.092236740968485
51019,"Bedford County, Virginia",VA,2013,57596.0,8.2,25.0,91.007283213876,6.9,44.5,4.026845637583893
51019,"Bedford County, Virginia",VA,2014,56043.0,10.2,26.3,99.46928315072674,7.0,44.9,3.843843843843844
51019,"Bedford County, Virginia",VA,2015,56316.0,9.7,26.7,100.59544483386483,5.8,45.3,3.972228545413157
51019,"Bedford County, Virginia",VA,2016,56725.0,9.2,27.8,101.21378127203646,4.7,45.6,3.940582959641256
51019,"Bedford County, Virginia",VA,2017,59405.0,8.9,28.3,101.72160651700293,4.4,45.9,4.315509207898824
51019,"Bedford County, Virginia",VA,2018,61541.0,9.1,28.9,102.49650047888183,4.0,46.2,4.3530934221757205
51019,"Bedford County, Virginia",VA,2019,64199.0,8.9,29.2,103.11220569816761,3.6,46.3,4.497106640947919
51019,"Bedford County, Virginia",VA,2020,67136.0,8.1,30.9,103.88709966004652,3.4,46.6,5.360653468088052
51019,"Bedford County, Virginia",VA,2021,70870.0,8.8,31.0,104.17390251860272,3.1,46.7,7.145983803895819
51019,"Bedford County, Virginia",VA,2022,74773.0,9.1,32.6,104.93432477660951,2.9,46.8,9.020371233515203
51019,"Bedford County, Virginia",VA,2023,77644.0,8.1,33.6,105.58292023196825,3.2,47.1,11.052243493459322
51033,"Caroline County, Virginia",VA,2010,57690.0,,15.5,52.798546731568194,8.5,38.7,4.029560482302606
51033,"Caroline County, Virginia",VA,2011,58707.0,,17.6,53.538075291592314,10.6,38.4,4.722265442663763
51033,"Caroline County, Virginia",VA,2012,58044.0,10.0,16.7,54.06143396484015,10.9,38.6,3.872053872053872
51033,"Caroline County, Virginia",VA,2013,57218.0,12.7,16.8,54.52980205285543,12.3,38.8,4.460255527503634
51033,"Caroline County, Virginia",VA,2014,58417.0,12.5,19.3,55.09867017595091,11.6,39.1,4.493618306774413
51033,"Caroline County, Virginia",VA,2015,59227.0,13.3,19.2,55.652368482430504,8.6,39.1,3.5942435942435944
51033,"Caroline County, Virginia",VA,2016,57294.0,13.1,18.8,56.204170561833116,7.1,39.8,3.0136986301369864
51033,"Caroline County, Virginia",VA,2017,60925.0,11.9,19.2,56.67633110400236,6.3,40.2,2.8883845677738806
51033,"Caroline County, Virginia",VA,2018,64715.0,8.3,20.1,57.23571809171291,5.4,40.0,2.9706891998943754
51033,"Caroline County, Virginia",VA,2019,65103.0,8.8,19.9,57.60927482587894,3.7,40.1,3.4400258648561266
51033,"Caroline County, Virginia",VA,2020,67901.0,8.2,21.8,57.98852024127593,3.0,39.5,4.503135094052822
51033,"Caroline County, Virginia",VA,2021,76528.0,10.8,22.0,58.5194638228317,4.1,39.5,7.348896706108091
51033,"Caroline County, Virginia",VA,2022,83562.0,11.6,22.3,59.12625648746688,4.6,39.2,7.705968161349654
51033,"Caroline County, Virginia",VA,2023,86267.0,11.6,23.2,59.80889823518145,4.6,39.4,10.115898211136306
51035,"Carroll County, Virginia",VA,2010,36142.0,,11.7,63.16035589707295,8.4,44.7,2.2936146407735953
51035,"Carroll County, Virginia",VA,2011,35841.0,,12.6,63.196164669800986,8.5,44.9,2.3670531787285087
51035,"Carroll County, Virginia",VA,2012,33600.0,18.9,12.1,63.168781490656016,9.4,45.0,1.4563501749247416
51035,"Carroll County, Virginia",VA,2013,32853.0,18.1,12.8,63.14771750669834,8.3,45.4,2.0613536763512417
51035,"Carroll County, Virginia",VA,2014,33495.0,18.5,13.0,62.94129046391318,7.8,45.9,2.911443590780429
51035,"Carroll County, Virginia",VA,2015,35000.0,16.9,14.5,62.888630504019005,6.7,46.1,2.9911518283611307
51035,"Carroll County, Virginia",VA,2016,37048.0,15.7,12.8,62.62954350133967,5.3,46.7,3.2954099646920363
51035,"Carroll County, Virginia",VA,2017,41145.0,14.6,14.5,62.70116104679574,3.8,47.0,4.11277205483696
51035,"Carroll County, Virginia",VA,2018,43532.0,15.0,13.1,62.6400754933185,3.5,47.4,3.354544740356666
51035,"Carroll County, Virginia",VA,2019,44835.0,14.6,15.0,62.77277859225182,2.7,47.6,3.37358784573432
51035,"Carroll County, Virginia",VA,2020,44518.0,16.0,14.8,63.004482415786185,4.4,48.3,3.940767114419809
51035,"Carroll County, Virginia",VA,2021,45220.0,15.2,15.2,61.34464047992181,5.1,48.0,3.566170456404384
51035,"Carroll County, Virginia",VA,2022,49113.0,15.2,15.9,61.35095967510911,4.8,48.7,3.47493557236678
51035,"Carroll County, Virginia",VA,2023,52575.0,16.2,16.7,61.41836442377365,5.0,49.0,3.505459321894754
51041,"Chesterfield County, Virginia",VA,2010,71321.0,,35.7,728.75708962801,5.5,36.9,3.9828962519244953
51041,"Chesterfield County, Virginia",VA,2011,72886.0,,36.0,739.070993091007,6.0,37.2,4.317696202044313
51041,"Chesterfield County, Virginia",VA,2012,72363.0,6.4,36.4,748.2656680188711,6.9,37.5,4.684744762845217
51041,"Chesterfield County, Virginia",VA,2013,72088.0,6.7,36.3,756.612657199662,7.4,37.9,4.566927123231705
51041,"Chesterfield County, Virginia",VA,2014,72514.0,7.2,36.6,765.8380282687849,7.4,38.0,4.4935348889810385
51041,"Chesterfield County, Virginia",VA,2015,72609.0,7.4,36.9,774.9028349067074,6.8,38.2,4.6206216747381115
51041,"Chesterfield County, Virginia",VA,2016,73869.0,7.4,37.7,783.5520630168168,6.4,38.6,4.7322510588771705
51041,"Chesterfield County, Virginia",VA,2017,76969.0,7.2,38.4,792.4185253573739,5.6,38.8,4.801196765435153
51041,"Chesterfield County, Virginia",VA,2018,80214.0,7.1,39.9,801.5163893781906,4.9,38.8,4.88096836917615
51041,"Chesterfield County, Virginia",VA,2019,82599.0,6.8,40.5,811.206925049468,4.9,38.9,5.311007537833017
51041,"Chesterfield County, Virginia",VA,2020,84645.0,6.6,40.1,822.8927099025752,4.7,39.0,8.137668870855764
51041,"Chesterfield County, Virginia",VA,2021,88315.0,6.9,41.4,849.5700178982116,4.7,38.9,11.321212254818212
51041,"Chesterfield County, Virginia",VA,2022,95757.0,6.7,42.3,864.2593021114224,4.7,38.9,13.908854730461139
51041,"Chesterfield County, Virginia",VA,2023,98910.0,6.8,42.7,877.461004094393,4.6,38.9,16.98672255675894
51059,"Fairfax County, Virginia",VA,2010,105416.0,,58.0,2681.579761700778,4.3,37.3,4.72230038691523
51059,"Fairfax County, Virginia",VA,2011,108439.0,,58.2,2722.961170883405,4.7,37.4,4.745073060028263
51059,"Fairfax County, Virginia",VA,2012,109383.0,5.6,58.2,2771.6414207932567,5.0,37.5,5.051857892824178
51059,"Fairfax County, Virginia",VA,2013,110292.0,5.9,58.6,2815.8871262668754,5.2,37.4,5.251786632738692
51059,"Fairfax County, Virginia",VA,2014,112102.0,6.0,59.2,2856.8082021170217,5.1,37.4,5.6137615371073615
51059,"Fairfax County, Virginia",VA,2015,112552.0,6.0,59.9,2886.6019983581446,4.9,37.4,5.827737449073029
51059,"Fairfax County, Virginia",VA,2016,114329.0,6.0,60.3,2897.253600190271,4.7,37.6,6.080797602962601
51059,"Fairfax County, Virginia",VA,2017,117515.0,6.1,60.7,2920.5694834804267,4.5,37.9,6.2695450833074515
51059,"Fairfax County, Virginia",VA,2018,121133.0,6.2,61.1,2924.4695297695007,4.2,37.9,6.430753856109568
51059,"Fairfax County, Virginia",VA,2019,124831.0,6.1,61.6,2930.4359612399335,3.9,38.0,6.650866562418556
51059,"Fairfax County, Virginia",VA,2020,127866.0,5.9,62.1,2939.583807519289,4.1,38.1,11.741600617240653
51059,"Fairfax County, Virginia",VA,2021,133974.0,6.1,63.5,2932.8987445687058,4.2,38.3,17.58838431332785
51059,"Fairfax County, Virginia",VA,2022,145165.0,6.0,64.1,2929.1367982793763,4.1,38.6,21.693165805158586
51059,"Fairfax County, Virginia",VA,2023,150113.0,5.9,64.3,2926.8862797650254,4.0,38.9,25.1483213626806
51087,"Henrico County, Virginia",VA,2010,60114.0,,38.9,1284.0611961057023,6.6,37.1,3.673054587688734
51087,"Henrico County, Virginia",VA,2011,61206.0,,39.2,1300.288862736707,7.0,37.3,3.8405858809503535
51087,"Henrico County, Virginia",VA,2012,61300.0,10.5,39.5,1316.2554830426875,7.7,37.5,4.210677027405195
51087,"Henrico County, Virginia",VA,2013,61048.0,10.7,39.7,1332.2520594843265,7.9,37.6,4.297488606613013
51087,"Henrico County, Virginia",VA,2014,61438.0,10.7,39.7,1347.5040119824541,7.6,37.8,4.244945428520308
51087,"Henrico County, Virginia",VA,2015,61934.0,10.7,40.7,1364.5618915159944,6.7,37.9,4.5040021807548385
51087,"Henrico County, Virginia",VA,2016,63699.0,10.6,40.8,1377.6441639028565,6.3,38.1,4.723175690917627
51087,"Henrico County, Virginia",VA,2017,66447.0,10.4,42.1,1386.8535358938695,5.8,38.3,5.223528843016159
51087,"Henrico County, Virginia",VA,2018,68572.0,10.0,42.9,1393.5679897293248,5.3,38.5,5.895058413584888
51087,"Henrico County, Virginia",VA,2019,70307.0,9.1,43.7,1401.6689847009734,4.4,38.8,6.327370335705582
51087,"Henrico County, Virginia",VA,2020,72295.0,8.8,44.3,1412.543061945009,4.1,39.1,10.043469115894272
51087,"Henrico County, Virginia",VA,2021,76345.0,8.1,44.9,1420.451481758853,4.1,39.2,14.877196247550032
51087,"Henrico County, Virginia",VA,2022,82424.0,8.4,45.4,1425.5697015085054,3.9,39.3,17.731993145722402
51087,"Henrico County, Virginia",VA,2023,86397.0,8.4,45.7,1431.192896116401,3.9,39.4,19.82186206936131
51095,"James City County, Virginia",VA,2010,73903.0,,45.0,452.47297924074826,3.9,44.3,5.415675389902194
51095,"James City County, Virginia",VA,2011,75938.0,,45.6,462.5363673417757,4.6,44.6,5.619732517653184
51095,"James City County, Virginia",VA,2012,76767.0,8.7,45.3,470.41420118343194,5.8,44.9,5.433887699654207
51095,"James City County, Virginia",VA,2013,76960.0,8.7,45.8,479.07208815303096,6.4,45.1,5.4995356242536815
51095,"James City County, Virginia",VA,2014,76705.0,8.5,46.1,490.74477504954393,5.8,45.2,5.389742103738047
51095,"James City County, Virginia",VA,2015,75710.0,8.1,47.0,496.6549073072004,5.1,45.4,5.745632114658972
51095,"James City County, Virginia",VA,2016,80226.0,7.9,47.8,505.27765674851366,4.9,45.9,6.120799527495415
51095,"James City County, Virginia",VA,2017,80772.0,7.5,47.9,513.2046831297699,4.9,45.9,6.321020575134087
51095,"James City County, Virginia",VA,2018,83048.0,7.8,49.6,521.1106269940548,4.0,46.4,6.379020643302929
51095,"James City County, Virginia",VA,2019,87678.0,7.3,50.4,526.4726138104542,4.3,46.5,6.825317644297074
51095,"James City County, Virginia",VA,2020,91675.0,6.6,51.0,534.3153101238246,4.1,46.8,9.268292682926829
51095,"James City County, Virginia",VA,2021,94907.0,6.9,50.5,546.2690972466232,4.4,46.8,12.431538110451848
51095,"James City County, Virginia",VA,2022,100711.0,7.3,50.0,553.8939408846225,3.7,47.1,14.075856212850269
51095,"James City County, Virginia",VA,2023,107046.0,6.5,50.2,562.5237178315929,3.5,47.2,15.719542683783253
51107,"Loudoun County, Virginia",VA,2010,115574.0,,57.2,565.506129081045,3.8,34.3,6.489091501139694
51107,"Loudoun County, Virginia",VA,2011,120096.0,,57.6,588.1455312581194,4.3,34.6,6.772271016311167
51107,"Loudoun County, Virginia",VA,2012,122068.0,3.5,57.9,610.7364592099088,4.4,34.8,7.032654193657342
51107,"Loudoun County, Virginia",VA,2013,122238.0,3.6,57.9,633.0287859339431,4.5,34.9,7.1021351337157395
51107,"Loudoun County, Virginia",VA,2014,123966.0,3.8,58.0,657.1476214667136,4.3,35.1,7.056801532739772
51107,"Loudoun County, Virginia",VA,2015,123453.0,4.0,58.2,680.8282500029084,4.0,35.3,6.83033966859479
51107,"Loudoun County, Virginia",VA,2016,125672.0,4.0,58.8,702.7502336457658,3.9,35.5,7.232561894790576
51107,"Loudoun County, Virginia",VA,2017,129588.0,3.7,59.8,726.2563549709348,3.8,35.8,7.010226589131743
51107,"Loudoun County, Virginia",VA,2018,136268.0,3.7,60.8,746.7803419565747,3.5,36.0,7.468984683373649
51107,"Loudoun County, Virginia",VA,2019,142299.0,3.4,61.3,766.1525813494447,3.2,36.2,7.882125876759403
51107,"Loudoun County, Virginia",VA,2020,147111.0,3.2,61.6,785.8874079474461,3.6,36.5,13.417361532939422
51107,"Loudoun County, Virginia",VA,2021,156821.0,3.3,63.0,801.9071699196103,3.4,36.9,19.143334858831047
51107,"Loudoun County, Virginia",VA,2022,170463.0,3.8,63.5,815.8658078326591,3.2,37.3,23.50974216717391
51107,"Loudoun County, Virginia",VA,2023,178707.0,4.0,64.0,828.0987633255644,3.2,37.8,27.53246188311547
51117,"Mecklenburg County, Virginia",VA,2010,36431.0,,13.4,52.41240344788985,9.3,45.1,5.910581460449492
51117,"Mecklenburg County, Virginia",VA,2011,36069.0,,12.7,52.418800275063575,8.8,45.3,5.014528850145289
51117,"Mecklenburg County, Virginia",VA,2012,35399.0,21.1,13.7,52.050982712574566,9.3,45.9,4.466166680711216
51117,"Mecklenburg County, Virginia",VA,2013,36261.0,19.6,13.7,51.612800051174624,9.6,46.4,4.679577757459895
51117,"Mecklenburg County, Virginia",VA,2014,37756.0,19.9,15.2,51.03548639874623,7.9,46.9,4.653061224489796
51117,"Mecklenburg County, Virginia",VA,2015,37356.0,19.8,15.6,50.46297036669812,6.9,47.2,3.6616473298773964
51117,"Mecklenburg County, Virginia",VA,2016,40040.0,17.8,17.1,49.90964481617118,6.1,48.2,3.4195026178010473
51117,"Mecklenburg County, Virginia",VA,2017,41126.0,16.9,18.2,49.50984311781357,5.0,47.9,4.094034863265633
51117,"Mecklenburg County, Virginia",VA,2018,42025.0,18.9,18.4,49.33073195694936,4.3,48.4,5.037866315442871
51117,"Mecklenburg County, Virginia",VA,2019,43207.0,19.0,20.2,49.140426348531136,3.9,48.4,5.457746478873239
51117,"Mecklenburg County, Virginia",VA,2020,50224.0,17.0,23.1,49.13722793494427,3.4,48.5,4.643663334408255
51117,"Mecklenburg County, Virginia",VA,2021,46378.0,17.9,22.3,48.53112856023413,3.4,48.4,6.467621217051741
51117,"Mecklenburg County, Virginia",VA,2022,51265.0,18.8,21.5,48.563112696102735,3.6,48.6,6.591705369510307
51117,"Mecklenburg County, Virginia",VA,2023,51691.0,17.4,21.2,48.66546193088229,3.0,48.8,7.159372419488027
51153,"Prince William County, Virginia",VA,2010,91098.0,,37.5,1131.7172548738874,4.9,33.3,3.9214798036995093
51153,"Prince William County, Virginia",VA,2011,95531.0,,37.7,1167.582384804448,5.4,33.4,4.103708791208791
51153,"Prince William County, Virginia",VA,2012,96160.0,6.2,37.7,1205.0820865249243,5.7,33.5,3.8442502807758934
51153,"Prince William County, Virginia",VA,2013,98071.0,6.3,38.1,1242.8353258405518,6.4,33.5,3.9011001790989233
51153,"Prince William County, Virginia",VA,2014,98514.0,6.5,38.1,1278.9390793900782,5.8,33.7,3.8392099514344005
51153,"Prince William County, Virginia",VA,2015,98657.0,6.7,38.8,1304.2898561099578,5.4,34.0,3.828420223545758
51153,"Prince William County, Virginia",VA,2016,98546.0,7.0,39.5,1323.2574510225022,5.4,34.4,3.858544892727975
51153,"Prince William County, Virginia",VA,2017,101059.0,7.0,39.8,1344.533729448541,5.0,34.7,4.175913024031928
51153,"Prince William County, Virginia",VA,2018,103445.0,6.8,40.1,1362.3887417376573,4.7,34.9,4.219706086750174
51153,"Prince William County, Virginia",VA,2019,107132.0,6.6,41.1,1376.3303266757346,4.6,35.2,4.814063952952609
51153,"Prince William County, Virginia",VA,2020,107707.0,6.1,41.9,1392.4702317035342,5.0,35.4,7.997404325848037
51153,"Prince William County, Virginia",VA,2021,113831.0,5.8,42.7,1423.461474216718,4.9,35.7,11.73102589018947
51153,"Prince William County, Virginia",VA,2022,123193.0,6.0,43.7,1435.0645476889304,4.7,35.8,14.980108701742589
51153,"Prince William County, Virginia",VA,2023,128873.0,6.1,44.5,1445.537141766292,4.5,36.0,17.536783570601784
51173,"Smyth County, Virginia",VA,2010,34864.0,,14.6,71.73267765373029,6.7,42.3,1.5425994778894074
51173,"Smyth County, Virginia",VA,2011,34533.0,,14.3,71.47793726741095,7.0,43.1,1.695851080612084
51173,"Smyth County, Virginia",VA,2012,34394.0,20.2,14.3,71.11244019138756,7.5,43.3,1.6424510423246999
51173,"Smyth County, Virginia",VA,2013,37239.0,18.4,15.0,70.83776360092149,8.1,43.6,1.510597302504817
51173,"Smyth County, Virginia",VA,2014,37880.0,19.3,14.9,70.60960482013114,7.6,43.9,2.122221361629618
51173,"Smyth County, Virginia",VA,2015,37983.0,18.7,15.0,70.2950558213716,6.4,44.3,2.4363999692567826
51173,"Smyth County, Virginia",VA,2016,38906.0,17.7,14.8,69.80551125287967,7.3,44.3,2.3958746529155097
51173,"Smyth County, Virginia",VA,2017,40544.0,17.4,14.5,69.32925748715222,6.3,44.6,3.043995243757432
51173,"Smyth County, Virginia",VA,2018,40425.0,19.2,14.3,68.79984051036682,5.8,44.9,3.1143552311435525
51173,"Smyth County, Virginia",VA,2019,40932.0,18.9,14.6,68.15302144249513,5.7,45.0,3.1738200953790496
51173,"Smyth County, Virginia",VA,2020,41088.0,18.7,14.9,67.64797093744463,5.5,45.4,3.73387644263408
51173,"Smyth County, Virginia",VA,2021,42588.0,18.9,16.0,66.36540847067162,3.8,45.2,4.702246721790695
51173,"Smyth County, Virginia",VA,2022,45061.0,18.8,17.5,66.00877192982456,3.3,46.2,5.200034267112139
51173,"Smyth County, Virginia",VA,2023,46859.0,16.5,18.1,65.5347332978912,3.0,46.2,6.121403568684368
51510,"Alexandria city, Virginia",VA,2010,80847.0,,60.4,8948.577167726817,3.9,35.7,3.6138837935059676
51510,"Alexandria city, Virginia",VA,2011,82899.0,,60.1,9170.940743220623,4.5,35.6,4.336033855901986
51510,"Alexandria city, Virginia",VA,2012,83996.0,8.0,60.5,9396.518245731502,5.1,35.7,4.749527680769451
51510,"Alexandria city, Virginia",VA,2013,85706.0,8.4,61.4,9620.622698359557,5.0,35.7,5.187729347534234
51510,"Alexandria city, Virginia",VA,2014,87319.0,8.7,61.5,9803.950451958486,4.7,35.8,5.377868923989877
51510,"Alexandria city, Virginia",VA,2015,89134.0,8.3,61.4,9997.65651155005,4.5,36.0,4.973428897006358
51510,"Alexandria city, Virginia",VA,2016,89200.0,9.8,62.1,10142.149313692667,4.0,36.2,5.028063115535317
51510,"Alexandria city, Virginia",VA,2017,93370.0,10.5,61.8,10358.888516906594,3.9,36.4,5.184631825774789
51510,"Alexandria city, Virginia",VA,2018,96733.0,10.6,62.1,10479.07599598259,3.3,36.5,5.356265356265356
51510,"Alexandria city, Virginia",VA,2019,100939.0,10.3,63.1,10553.264144626715,3.0,36.8,5.559780569667103
51510,"Alexandria city, Virginia",VA,2020,102227.0,9.4,65.1,10599.866086374288,3.3,36.8,10.90493396207157
51510,"Alexandria city, Virginia",VA,2021,105450.0,9.6,65.2,10591.56344158018,3.2,37.1,16.722852907130235
51510,"Alexandria city, Virginia",VA,2022,113179.0,8.8,66.0,10551.991965182457,3.2,37.4,22.10600504591373
51510,"Alexandria city, Virginia",VA,2023,113638.0,8.4,65.8,10498.024774020756,3.4,37.5,25.211221392830776
51550,"Chesapeake city, Virginia",VA,2010,67855.0,,27.9,647.8478738742997,4.9,36.5,3.017939369815178
51550,"Chesapeake city, Virginia",VA,2011,70115.0,,28.1,652.4836315503344,6.0,36.7,2.855790757357893
51550,"Chesapeake city, Virginia",VA,2012,70244.0,8.3,28.4,659.5628383009904,6.6,36.7,2.8947202251549293
51550,"Chesapeake city, Virginia",VA,2013,69743.0,8.5,29.3,666.5474980499681,7.5,36.6,2.8894449416449013
51550,"Chesapeake city, Virginia",VA,2014,70176.0,9.1,29.4,674.1437587160517,7.6,36.6,2.873594635470763
51550,"Chesapeake city, Virginia",VA,2015,68620.0,9.7,29.6,681.332285437398,7.5,36.5,3.2118424263237326
51550,"Chesapeake city, Virginia",VA,2016,69978.0,9.5,30.4,688.9935471671354,6.3,36.7,3.5697143161899345
51550,"Chesapeake city, Virginia",VA,2017,72214.0,9.6,31.5,695.5409270333514,5.8,36.6,3.6702094872449655
51550,"Chesapeake city, Virginia",VA,2018,75790.0,9.0,32.5,702.6614980972415,5.1,36.7,3.9634963885645083
51550,"Chesapeake city, Virginia",VA,2019,78640.0,8.6,33.2,709.0493298981256,4.7,36.9,4.105539178720779
51550,"Chesapeake city, Virginia",VA,2020,81261.0,7.5,34.6,716.923322381639,5.2,37.0,5.681471177009466
51550,"Chesapeake city, Virginia",VA,2021,85563.0,8.0,35.5,730.2928593376982,5.1,37.1,7.846936503879356
51550,"Chesapeake city, Virginia",VA,2022,92703.0,7.6,35.8,736.8077386720873,5.0,37.4,9.842965841023151
51550,"Chesapeake city, Virginia",VA,2023,94189.0,8.7,36.4,742.0550972652279,4.9,37.7,11.493099121706399
51680,"Lynchburg city, Virginia",VA,2010,37058.0,,28.3,1505.3495589676577,9.9,31.6,3.073603902194985
51680,"Lynchburg city, Virginia",VA,2011,37733.0,,30.1,1528.2791571381902,10.4,31.0,2.9739200545787203
51680,"Lynchburg city, Virginia",VA,2012,37774.0,24.3,30.7,1544.7770336491344,10.6,30.3,2.9290390641968416
51680,"Lynchburg city, Virginia",VA,2013,38138.0,24.7,31.2,1561.3157464880758,11.7,29.5,3.1101969583644977
51680,"Lynchburg city, Virginia",VA,2014,39391.0,24.6,32.3,1584.9803985625613,9.6,29.0,3.2731685120582434
51680,"Lynchburg city, Virginia",VA,2015,39589.0,24.8,33.1,1595.842861809866,8.0,28.7,3.0523212530895445
51680,"Lynchburg city, Virginia",VA,2016,40728.0,24.3,33.3,1608.032505717086,7.2,28.6,2.858138724294179
51680,"Lynchburg city, Virginia",VA,2017,41971.0,22.3,33.6,1617.874060764456,7.4,28.3,3.6884419214477133
51680,"Lynchburg city, Virginia",VA,2018,43374.0,21.8,34.8,1636.1278993792878,6.2,28.2,3.8014030684994013
51680,"Lynchburg city, Virginia",VA,2019,46409.0,19.5,35.6,1645.0710552107155,5.8,28.3,4.474686379928316
51680,"Lynchburg city, Virginia",VA,2020,49201.0,17.1,36.0,1653.2587389741914,6.3,28.5,5.263591433278418
51680,"Lynchburg city, Virginia",VA,2021,54015.0,17.6,38.3,1612.483665468801,6.1,28.6,8.065051443743776
51680,"Lynchburg city, Virginia",VA,2022,56243.0,17.5,38.0,1616.4243711205488,5.4,28.4,9.667749188108917
51680,"Lynchburg city, Virginia",VA,2023,59808.0,17.4,38.5,1618.2415877164326,5.0,28.4,11.524659934907787
51700,"Newport News city, Virginia",VA,2010,49562.0,,23.5,2635.5216048935335,7.9,32.0,2.597244777339564
51700,"Newport News city, Virginia",VA,2011,50942.0,,23.5,2623.737117511487,8.8,32.2,2.609562422301119
51700,"Newport News city, Virginia",VA,2012,50744.0,14.5,23.9,2621.1569960428474,9.2,32.3,2.5393996770061813
51700,"Newport News city, Virginia",VA,2013,51027.0,15.2,23.9,2623.969038542376,9.8,32.5,2.34169275454042
51700,"Newport News city, Virginia",VA,2014,51000.0,15.2,24.1,2628.8538752554755,9.6,32.7,2.454578406053192
51700,"Newport News city, Virginia",VA,2015,50077.0,15.7,24.0,2628.2885677426834,9.1,32.8,2.465990263433277
51700,"Newport News city, Virginia",VA,2016,50089.0,16.1,24.7,2632.3906709765324,8.3,32.9,2.1461223471228124
51700,"Newport News city, Virginia",VA,2017,51082.0,16.4,24.8,2620.3452724347358,7.5,33.2,2.0893849637473982
51700,"Newport News city, Virginia",VA,2018,51884.0,15.5,25.5,2611.2133818434822,6.7,33.3,2.752220450922341
51700,"Newport News city, Virginia",VA,2019,53215.0,15.3,26.3,2604.371711432257,6.2,33.5,3.27831531018782
51700,"Newport News city, Virginia",VA,2020,54511.0,14.8,28.0,2603.052660569076,5.7,33.8,4.4350828574940495
51700,"Newport News city, Virginia",VA,2021,57463.0,15.8,28.1,2682.5870790995664,5.7,33.9,6.411134670798673
51700,"Newport News city, Virginia",VA,2022,63355.0,14.7,28.7,2683.297337256664,5.6,34.1,7.47652391032948
51700,"Newport News city, Virginia",VA,2023,66718.0,15.1,29.1,2678.311035092551,5.9,34.2,9.311869377749568
51710,"Norfolk city, Virginia",VA,2010,42677.0,,23.7,4545.152510558423,9.6,29.5,7.824384926042467
51710,"Norfolk city, Virginia",VA,2011,43914.0,,24.7,4541.398404504927,10.4,29.6,8.617480431442994
51710,"Norfolk city, Virginia",VA,2012,44164.0,18.2,25.4,4562.2900046926325,11.6,29.6,8.664019552913855
51710,"Norfolk city, Virginia",VA,2013,44747.0,19.2,25.3,4581.698732989207,11.9,29.8,7.671283981054954
51710,"Norfolk city, Virginia",VA,2014,44150.0,20.5,25.6,4593.993430314406,11.6,29.9,6.896467004078423
51710,"Norfolk city, Virginia",VA,2015,44480.0,21.0,26.1,4607.2641952135145,10.9,30.0,6.12561029018183
51710,"Norfolk city, Virginia",VA,2016,45268.0,21.0,26.6,4612.36977944627,9.7,30.2,4.259113474607586
51710,"Norfolk city, Virginia",VA,2017,47137.0,21.0,27.3,4612.895354293759,8.5,30.4,3.0077622217484343
51710,"Norfolk city, Virginia",VA,2018,49146.0,19.7,28.0,4609.8920694509625,8.2,30.5,2.844402722365642
51710,"Norfolk city, Virginia",VA,2019,51590.0,18.7,28.8,4591.290473955889,7.6,30.7,2.920987406475126
51710,"Norfolk city, Virginia",VA,2020,53026.0,17.8,30.0,4585.640544345378,8.0,30.8,4.553322911503413
51710,"Norfolk city, Virginia",VA,2021,56244.0,17.4,31.8,4477.822618488973,7.1,30.9,6.147312726260095
51710,"Norfolk city, Virginia",VA,2022,60998.0,16.9,32.2,4448.108869075551,6.7,32.2,7.294108267559595
51710,"Norfolk city, Virginia",VA,2023,64017.0,17.3,32.7,4411.76912247771,6.1,32.4,8.602734474827498
51730,"Petersburg city, Virginia",VA,2010,36449.0,,15.2,1421.786971830986,14.2,39.6,2.5456473975301157
51730,"Petersburg city, Virginia",VA,2011,36289.0,,13.9,1423.2834507042255,14.0,39.4,2.430635175418482
51730,"Petersburg city, Virginia",VA,2012,35126.0,24.9,14.3,1418.3978873239437,16.6,39.8,2.5624070094230453
51730,"Petersburg city, Virginia",VA,2013,34424.0,26.7,14.9,1422.799295774648,16.6,39.5,2.3634410379307496
51730,"Petersburg city, Virginia",VA,2014,33927.0,27.5,14.9,1427.7728873239437,15.1,39.3,1.987404923529893
51730,"Petersburg city, Virginia",VA,2015,31798.0,28.0,15.9,1413.8644366197184,13.0,39.5,2.5625145157544322
51730,"Petersburg city, Virginia",VA,2016,32169.0,29.4,16.6,1408.318661971831,13.7,38.8,2.8472222222222223
51730,"Petersburg city, Virginia",VA,2017,33939.0,27.6,17.5,1410.0792253521126,12.2,38.3,2.7993779160186625
51730,"Petersburg city, Virginia",VA,2018,36135.0,25.8,18.0,1400.8362676056338,11.3,38.7,2.8748044983987486
51730,"Petersburg city, Virginia",VA,2019,38679.0,24.1,19.8,1380.3697183098593,11.7,38.1,2.306525037936267
51730,"Petersburg city, Virginia",VA,2020,43029.0,22.6,20.3,1355.2376760563382,12.6,37.2,4.735565994847704
51730,"Petersburg city, Virginia",VA,2021,44890.0,21.3,22.0,1462.5440140845071,12.2,37.2,5.635676281153739
51730,"Petersburg city, Virginia",VA,2022,46930.0,22.2,21.8,1463.9524647887324,11.3,36.6,7.179809843400448
51730,"Petersburg city, Virginia",VA,2023,50741.0,21.1,25.0,1468.5299295774648,11.4,35.8,7.480647431386347
51760,"Richmond city, Virginia",VA,2010,38266.0,,32.6,3368.0100125156446,10.5,32.6,3.3526221000245107
51760,"Richmond city, Virginia",VA,2011,39201.0,,32.9,3390.32123487693,11.0,32.4,3.550803725641868
51760,"Richmond city, Virginia",VA,2012,39445.0,26.7,33.8,3426.750104297038,11.0,32.2,3.9751630970611065
51760,"Richmond city, Virginia",VA,2013,40496.0,25.6,34.8,3468.969545264915,11.3,32.6,4.112089103954614
51760,"Richmond city, Virginia",VA,2014,41331.0,25.5,35.4,3522.119315811431,10.7,32.6,4.117819608953805
51760,"Richmond city, Virginia",VA,2015,40758.0,25.5,36.0,3566.7083854818525,10.0,32.9,4.232960125712041
51760,"Richmond city, Virginia",VA,2016,41187.0,25.4,36.7,3617.4050896954527,9.1,33.2,3.850680854728663
51760,"Richmond city, Virginia",VA,2017,42356.0,25.2,37.5,3686.141009595328,8.8,33.5,4.219500098258485
51760,"Richmond city, Virginia",VA,2018,45117.0,24.5,38.5,3734.451397580309,7.6,33.8,4.088629293378198
51760,"Richmond city, Virginia",VA,2019,47250.0,23.2,39.6,3781.7605340008345,6.5,34.0,4.589066761945429
51760,"Richmond city, Virginia",VA,2020,51421.0,20.9,41.2,3825.3316645807263,6.3,34.1,7.729247268037739
51760,"Richmond city, Virginia",VA,2021,54795.0,19.8,43.1,3765.974134334585,6.0,34.4,11.46973182678676
51760,"Richmond city, Virginia",VA,2022,59606.0,19.5,44.1,3790.921985815603,6.1,34.5,14.272950450074317
51760,"Richmond city, Virginia",VA,2023,62671.0,18.8,44.1,3797.997496871089,6.0,34.5,16.923828286674503
51810,"Virginia Beach city, Virginia",VA,2010,64618.0,,31.9,1781.5897974444574,5.3,34.6,4.025698150354904
51810,"Virginia Beach city, Virginia",VA,2011,65910.0,,32.3,1785.6065837702217,5.8,34.7,4.257917552650155
51810,"Virginia Beach city, Virginia",VA,2012,65980.0,7.4,32.3,1796.0224416993906,6.3,34.8,4.478544104508036
51810,"Virginia Beach city, Virginia",VA,2013,65219.0,7.9,32.9,1806.7406823224624,6.5,34.9,4.692728701079432
51810,"Virginia Beach city, Virginia",VA,2014,67001.0,8.3,33.5,1820.928151420177,6.2,34.9,4.647355598942585
51810,"Virginia Beach city, Virginia",VA,2015,66634.0,8.3,33.8,1831.8261871585423,6.1,35.0,4.168681814874576
51810,"Virginia Beach city, Virginia",VA,2016,67719.0,8.2,34.2,1837.722649689649,5.8,35.4,4.00161184280291
51810,"Virginia Beach city, Virginia",VA,2017,70500.0,8.0,34.8,1839.0465955386294,5.3,35.6,3.8225115151106883
51810,"Virginia Beach city, Virginia",VA,2018,74186.0,7.6,35.2,1839.3653232430133,4.9,35.9,3.7053970277967694
51810,"Virginia Beach city, Virginia",VA,2019,76610.0,7.3,36.0,1839.6350159159538,4.6,36.2,3.9223591512708076
51810,"Virginia Beach city, Virginia",VA,2020,78136.0,7.2,37.3,1842.4177539503846,4.4,36.4,6.074075918685825
51810,"Virginia Beach city, Virginia",VA,2021,81810.0,7.8,38.6,1870.1062017056017,4.3,36.7,8.42373152250085
51810,"Virginia Beach city, Virginia",VA,2022,87544.0,8.0,39.8,1871.0950748397167,4.3,37.1,10.734002069701955
51810,"Virginia Beach city, Virginia",VA,2023,90685.0,8.4,40.4,1867.6871401543785,4.3,37.4,12.659870863199318
53015,"Cowlitz County, Washington",WA,2010,45877.0,,14.7,88.72032731635117,11.1,39.5,2.8761116753784033
53015,"Cowlitz County, Washington",WA,2011,46461.0,,15.0,89.29605777985363,11.6,39.9,2.908160731137933
53015,"Cowlitz County, Washington",WA,2012,46568.0,17.9,15.4,89.50374137171069,13.0,40.1,3.3393616750299295
53015,"Cowlitz County, Washington",WA,2013,47596.0,17.6,15.4,89.479204913601,13.2,40.5,3.4009577261726998
53015,"Cowlitz County, Washington",WA,2014,46571.0,18.4,15.6,89.44590543473784,13.5,40.7,3.821952924726171
53015,"Cowlitz County, Washington",WA,2015,47452.0,17.5,16.0,89.67900178677992,10.7,41.2,4.7727272727272725
53015,"Cowlitz County, Washington",WA,2016,49127.0,16.9,15.9,90.13117365765856,9.7,41.7,4.868718483741958
53015,"Cowlitz County, Washington",WA,2017,49804.0,16.9,16.1,90.77613198511337,8.4,41.4,4.752947985241988
53015,"Cowlitz County, Washington",WA,2018,51752.0,16.0,16.6,92.1098637437903,7.8,41.5,5.075796686534941
53015,"Cowlitz County, Washington",WA,2019,54506.0,14.4,17.0,93.56978300131708,6.6,41.3,4.73898895458087
53015,"Cowlitz County, Washington",WA,2020,58791.0,13.3,17.0,94.99026866545327,6.5,41.0,4.49438202247191
53015,"Cowlitz County, Washington",WA,2021,64506.0,12.8,17.0,95.91739626116956,6.1,40.8,5.951873696485838
53015,"Cowlitz County, Washington",WA,2022,70912.0,12.1,16.6,96.93741187687255,5.5,40.8,6.929377423430489
53015,"Cowlitz County, Washington",WA,2023,72932.0,13.0,17.0,97.74185718204035,5.1,41.1,7.34964635592848
53021,"Franklin County, Washington",WA,2010,47749.0,,14.6,57.44944410259053,8.1,28.4,5.471374700034282
53021,"Franklin County, Washington",WA,2011,50731.0,,15.1,60.488274768926445,7.3,28.5,5.158287998951301
53021,"Franklin County, Washington",WA,2012,51770.0,21.5,14.8,63.370049516912104,8.4,28.4,4.757326717320515
53021,"Franklin County, Washington",WA,2013,55177.0,20.2,15.0,65.9111337343226,8.9,28.7,3.874389476522938
53021,"Franklin County, Washington",WA,2014,56719.0,19.6,15.4,68.06400793816991,7.5,28.9,2.975457487327816
53021,"Franklin County, Washington",WA,2015,56980.0,18.3,15.9,69.62248589718395,7.2,29.1,3.3055082498115524
53021,"Franklin County, Washington",WA,2016,58284.0,16.4,15.8,70.72348815556751,6.8,29.3,3.2047976988412796
53021,"Franklin County, Washington",WA,2017,60275.0,15.9,16.3,71.78180342075844,5.8,29.9,3.3669857086665793
53021,"Franklin County, Washington",WA,2018,62002.0,15.7,17.3,73.0189208083789,5.6,30.0,3.8358631335219964
53021,"Franklin County, Washington",WA,2019,63584.0,15.2,17.7,74.10542559737628,6.4,30.3,4.362381804242269
53021,"Franklin County, Washington",WA,2020,66904.0,14.2,18.9,75.45207942035896,5.7,30.4,4.94919128425551
53021,"Franklin County, Washington",WA,2021,72452.0,15.1,19.8,76.76651664470569,5.7,30.5,5.956854897750012
53021,"Franklin County, Washington",WA,2022,77877.0,13.4,20.0,77.87718388268003,5.7,30.6,6.107758825485817
53021,"Franklin County, Washington",WA,2023,82755.0,13.0,20.4,78.66971220912438,5.3,30.8,7.244619581691421
53025,"Grant County, Washington",WA,2010,42572.0,,14.4,31.774738295609335,10.1,32.2,5.526656128754131
53025,"Grant County, Washington",WA,2011,44237.0,,15.2,32.534940568379014,11.2,32.3,5.897271536467769
53025,"Grant County, Washington",WA,2012,45531.0,20.1,14.6,33.171614636786025,12.0,32.1,6.370517708160672
53025,"Grant County, Washington",WA,2013,45949.0,20.3,14.6,33.66311507529249,12.5,32.0,6.370554863705548
53025,"Grant County, Washington",WA,2014,46772.0,19.4,15.5,34.13185049728499,11.4,32.1,6.256940870554457
53025,"Grant County, Washington",WA,2015,48714.0,17.9,16.4,34.360247056408724,10.1,32.2,5.515943488748111
53025,"Grant County, Washington",WA,2016,50145.0,16.9,15.6,34.53191767274355,9.1,32.3,6.550322734879273
53025,"Grant County, Washington",WA,2017,52382.0,15.9,16.7,34.864062995652255,6.9,32.6,6.245816384326245
53025,"Grant County, Washington",WA,2018,54982.0,14.4,17.6,35.401466664178685,5.6,32.7,5.624767801857585
53025,"Grant County, Washington",WA,2019,55556.0,14.8,17.7,35.641059133063386,6.2,32.9,6.058343289526086
53025,"Grant County, Washington",WA,2020,59165.0,14.5,18.0,36.06874288593234,5.8,33.2,8.005665999120794
53025,"Grant County, Washington",WA,2021,63566.0,13.0,18.1,36.52628239816387,5.1,33.2,7.519522062282435
53025,"Grant County, Washington",WA,2022,66387.0,14.3,17.7,37.00061577503685,5.4,33.2,8.113052656268325
53025,"Grant County, Washington",WA,2023,71115.0,15.0,18.2,37.47942751581422,6.3,33.5,9.213753528622334
56005,"Campbell County, Wyoming",WY,2010,76576.0,,17.6,8.99175667134868,3.5,31.8,2.7110702033302654
56005,"Campbell County, Wyoming",WY,2011,78356.0,,17.5,9.287462789445792,3.5,31.8,2.956486376575844
56005,"Campbell County, Wyoming",WY,2012,77090.0,6.7,18.2,9.545893277163055,3.8,31.8,2.7537215149459233
56005,"Campbell County, Wyoming",WY,2013,79488.0,7.7,18.8,9.766839890755332,4.1,32.1,2.6201725955718693
56005,"Campbell County, Wyoming",WY,2014,78609.0,6.8,19.2,9.880749219346262,4.2,32.6,1.8436059682837278
56005,"Campbell County, Wyoming",WY,2015,80060.0,7.2,19.3,9.998406935349688,4.0,32.7,2.1807692307692306
56005,"Campbell County, Wyoming",WY,2016,80822.0,8.1,19.1,10.094199058113542,4.7,32.8,3.1645569620253164
56005,"Campbell County, Wyoming",WY,2017,80178.0,9.4,18.5,10.019856041098986,4.6,33.2,3.5987779232631034
56005,"Campbell County, Wyoming",WY,2018,79916.0,11.1,19.2,9.934892593082353,4.6,33.5,4.612219707879038
56005,"Campbell County, Wyoming",WY,2019,82659.0,12.2,18.9,9.872627713285848,3.6,34.0,5.920562681009516
56005,"Campbell County, Wyoming",WY,2020,80887.0,12.2,19.7,9.778709784228244,4.1,34.6,4.8002757788598265
56005,"Campbell County, Wyoming",WY,2021,87547.0,11.0,20.5,9.737061035200481,3.3,35.2,3.9700756609708407
56005,"Campbell County, Wyoming",WY,2022,93315.0,9.5,21.9,9.757677165969225,3.0,35.5,4.903765690376569
56005,"Campbell County, Wyoming",WY,2023,95253.0,9.1,22.2,9.791204408936572,3.4,35.8,5.361197544361282
56013,"Fremont County, Wyoming",WY,2010,46397.0,,22.8,4.233094029676847,7.0,38.7,6.41095591444784
56013,"Fremont County, Wyoming",WY,2011,48788.0,,21.4,4.302783551966061,7.7,38.4,6.016339338851918
56013,"Fremont County, Wyoming",WY,2012,48565.0,15.2,21.9,4.366810800569276,9.4,38.3,6.454235083726223
56013,"Fremont County, Wyoming",WY,2013,50418.0,15.0,21.2,4.411891210300111,9.9,38.2,5.549772640113954
56013,"Fremont County, Wyoming",WY,2014,51749.0,14.0,21.5,4.4360647633441825,9.8,38.1,5.876691388778803
56013,"Fremont County, Wyoming",WY,2015,52773.0,14.2,21.3,4.437807001401413,7.8,38.2,6.3222908478382935
56013,"Fremont County, Wyoming",WY,2016,53559.0,14.1,22.4,4.429966930143876,7.3,38.4,6.645047505262559
56013,"Fremont County, Wyoming",WY,2017,55013.0,13.7,23.3,4.394142160092077,6.0,38.3,6.62130482017268
56013,"Fremont County, Wyoming",WY,2018,54242.0,13.7,23.5,4.3638707738477,6.0,38.4,6.685301653855113
56013,"Fremont County, Wyoming",WY,2019,55896.0,13.0,24.3,4.335123845903399,5.9,38.7,7.067220499619728
56013,"Fremont County, Wyoming",WY,2020,54291.0,14.2,24.8,4.324125968167133,7.4,38.5,8.445309174925518
56013,"Fremont County, Wyoming",WY,2021,57887.0,13.5,24.7,4.293963471801333,9.1,38.9,8.27765404602821
56013,"Fremont County, Wyoming",WY,2022,60030.0,13.9,24.3,4.290478995686872,8.2,38.9,8.734828981243105
56013,"Fremont County, Wyoming",WY,2023,64646.0,12.4,25.3,4.298101287187254,7.9,39.4,9.089805088347806
56021,"Laramie County, Wyoming",WY,2010,52824.0,,22.9,33.21873333869473,5.1,36.8,3.8429117945836127
56021,"Laramie County, Wyoming",WY,2011,54156.0,,24.4,33.65546431241493,4.8,37.1,3.134087237479806
56021,"Laramie County, Wyoming",WY,2012,54596.0,10.4,24.2,34.1487878760801,5.1,37.3,3.1633657013303673
56021,"Laramie County, Wyoming",WY,2013,55864.0,10.8,25.1,34.652908710195305,5.7,37.0,3.398804440649018
56021,"Laramie County, Wyoming",WY,2014,58324.0,10.5,26.8,35.151444749250146,5.1,36.9,3.5900344508864803
56021,"Laramie County, Wyoming",WY,2015,60706.0,10.1,27.8,35.530838493683966,5.0,36.7,2.9620604176295116
56021,"Laramie County, Wyoming",WY,2016,61201.0,10.4,27.7,35.913583115154005,5.6,36.7,3.5696382320995905
56021,"Laramie County, Wyoming",WY,2017,62879.0,10.4,28.7,36.126549966789085,5.3,36.8,3.776151705658044
56021,"Laramie County, Wyoming",WY,2018,64220.0,10.0,28.7,36.37265326911564,5.3,36.9,4.040990748039663
56021,"Laramie County, Wyoming",WY,2019,66910.0,9.9,28.5,36.606470022309395,5.1,37.0,4.260625798738508
56021,"Laramie County, Wyoming",WY,2020,69369.0,8.9,30.2,36.96091834880694,4.9,37.4,5.2631578947368425
56021,"Laramie County, Wyoming",WY,2021,71550.0,9.0,30.2,37.19659670035415,4.0,37.6,7.063406015339518
56021,"Laramie County, Wyoming",WY,2022,76282.0,9.0,30.5,37.34962008500803,3.5,38.0,7.513879833244423
56021,"Laramie County, Wyoming",WY,2023,77884.0,9.9,32.0,37.47807037139632,3.3,38.2,8.41734867354604
56025,"Natrona County, Wyoming",WY,2010,50936.0,,20.9,13.766403309928702,4.5,37.0,2.677038626609442
56025,"Natrona County, Wyoming",WY,2011,53519.0,,21.6,13.973311303093435,5.1,36.8,2.727989487516426
56025,"Natrona County, Wyoming",WY,2012,55786.0,9.3,22.0,14.207557365943282,5.5,36.7,2.901289745881752
56025,"Natrona County, Wyoming",WY,2013,57791.0,9.9,22.3,14.482248792162888,5.8,36.3,2.9243420230448147
56025,"Natrona County, Wyoming",WY,2014,56769.0,10.3,21.3,14.730163889855293,5.5,36.2,2.8680878585109824
56025,"Natrona County, Wyoming",WY,2015,56871.0,10.7,21.9,14.981823928600454,5.1,36.0,3.07006745777734
56025,"Natrona County, Wyoming",WY,2016,56983.0,10.5,22.2,15.142856393868934,4.9,35.9,3.216480820154022
56025,"Natrona County, Wyoming",WY,2017,59400.0,9.9,22.8,15.171317945869875,5.1,36.3,3.6323690955693886
56025,"Natrona County, Wyoming",WY,2018,60550.0,9.6,22.7,15.093984913130477,4.6,36.6,3.9335044615572667
56025,"Natrona County, Wyoming",WY,2019,62772.0,9.4,22.8,15.042117479549814,4.3,36.9,3.970125786163522
56025,"Natrona County, Wyoming",WY,2020,62168.0,9.6,23.5,14.992309763548167,4.3,37.3,5.835796467743117
56025,"Natrona County, Wyoming",WY,2021,64100.0,9.9,24.9,14.864045532491296,4.0,37.2,6.7458930443900735
56025,"Natrona County, Wyoming",WY,2022,69104.0,9.1,26.6,14.88726416701838,3.5,37.7,7.860164219955212
56025,"Natrona County, Wyoming",WY,2023,71247.0,9.7,27.4,14.93014374207243,3.8,38.2,9.180591906583452
56037,"Sweetwater County, Wyoming",WY,2010,69828.0,,17.1,4.053522688256811,4.7,33.1,2.1123226424563164
56037,"Sweetwater County, Wyoming",WY,2011,72096.0,,17.0,4.1384945593067215,5.3,32.8,1.9005107910358474
56037,"Sweetwater County, Wyoming",WY,2012,72139.0,9.9,17.0,4.209272483499537,5.7,32.9,2.616239663819981
56037,"Sweetwater County, Wyoming",WY,2013,71525.0,11.3,18.1,4.261732543842992,6.4,33.2,2.296883444424428
56037,"Sweetwater County, Wyoming",WY,2014,69448.0,12.2,18.1,4.276885541163405,5.6,33.3,1.92822710230316
56037,"Sweetwater County, Wyoming",WY,2015,69022.0,11.5,19.6,4.293860734364121,5.4,33.6,1.6234488280033803
56037,"Sweetwater County, Wyoming",WY,2016,68233.0,11.0,21.4,4.29769693621739,5.1,33.8,1.7701464796211888
56037,"Sweetwater County, Wyoming",WY,2017,71083.0,12.0,22.2,4.270363998012848,5.2,34.0,1.4603117720838559
56037,"Sweetwater County, Wyoming",WY,2018,73008.0,12.0,22.0,4.231042929016839,5.2,34.6,2.467889908256881
56037,"Sweetwater County, Wyoming",WY,2019,74843.0,11.5,22.5,4.17388352140313,6.1,35.3,2.222956390409666
56037,"Sweetwater County, Wyoming",WY,2020,73384.0,11.5,21.2,4.157675568573067,6.2,35.7,2.314445331205108
56037,"Sweetwater County, Wyoming",WY,2021,76668.0,10.5,19.4,4.072032362198835,6.7,36.4,2.517129112201759
56037,"Sweetwater County, Wyoming",WY,2022,79375.0,11.7,20.0,4.035588444592777,5.7,37.1,2.9901296690536094
56037,"Sweetwater County, Wyoming",WY,2023,76464.0,13.4,20.4,4.007488266017582,5.8,37.4,2.8161319161617167
