fips,county_name,state,year,elec_rate_cents_kwh,res_sales_mwh,res_customers
31001,Adams County,NE,2010,8.472395591959968,,
31001,Adams County,NE,2011,8.67991347871411,,
31001,Adams County,NE,2012,9.256286380101399,,
31001,Adams County,NE,2013,9.277477772259733,,
31001,Adams County,NE,2014,9.423883172193579,,
31001,Adams County,NE,2015,9.6690548315745,,
31001,Adams County,NE,2016,10.022750753514542,,
31001,Adams County,NE,2017,10.324227881486157,,
31001,Adams County,NE,2018,9.789652693019253,,
31001,Adams County,NE,2019,9.727979484494055,,
31001,Adams County,NE,2020,9.819777707336037,,
31001,Adams County,NE,2021,9.699863765795728,,
31001,Adams County,NE,2022,9.633308435389763,,
31003,Antelope County,NE,2010,9.017260034491674,,
31003,Antelope County,NE,2011,9.576428864406228,,
31003,Antelope County,NE,2012,10.520130069049424,,
31003,Antelope County,NE,2013,10.329143414163541,,
31003,Antelope County,NE,2014,11.996752221795562,,
31003,Antelope County,NE,2015,10.671884295573877,,
31003,Antelope County,NE,2016,10.756218052435115,,
31003,Antelope County,NE,2017,10.713547183272475,,
31003,Antelope County,NE,2018,10.394280160746309,,
31003,Antelope County,NE,2019,10.440357315085484,,
31003,Antelope County,NE,2020,10.311236748721646,,
31003,Antelope County,NE,2021,10.357006360071416,,
31003,Antelope County,NE,2022,10.20759821548813,,
31005,Arthur County,NE,2010,12.180058714425085,,
31005,Arthur County,NE,2011,12.004485704866141,,
31005,Arthur County,NE,2012,12.783054627649832,,
31005,Arthur County,NE,2013,12.563963640784813,,
31005,Arthur County,NE,2014,12.542744908092384,,
31005,Arthur County,NE,2015,12.714797721285354,,
31005,Arthur County,NE,2016,13.102467898200219,,
31005,Arthur County,NE,2017,13.834098005748574,,
31005,Arthur County,NE,2018,13.86257165319045,,
31005,Arthur County,NE,2019,14.066007602929567,,
31005,Arthur County,NE,2020,,,
31005,Arthur County,NE,2021,,,
31005,Arthur County,NE,2022,,,
31007,Banner County,NE,2010,11.773682376662617,,
31007,Banner County,NE,2011,11.71985353843672,,
31007,Banner County,NE,2012,12.340827022235857,,
31007,Banner County,NE,2013,12.277713805368162,,
31007,Banner County,NE,2014,12.671167603293375,,
31007,Banner County,NE,2015,13.228778492051985,,
31007,Banner County,NE,2016,13.22516489959226,,
31007,Banner County,NE,2017,13.756259488040511,,
31007,Banner County,NE,2018,13.771124726256566,,
31007,Banner County,NE,2019,13.809992370793287,,
31007,Banner County,NE,2020,14.696327294752491,,
31007,Banner County,NE,2021,14.661879114302813,,
31007,Banner County,NE,2022,14.254132542832739,,
31009,Blaine County,NE,2010,9.589351685138505,,
31009,Blaine County,NE,2011,10.098737326944967,,
31009,Blaine County,NE,2012,10.765194455356642,,
31009,Blaine County,NE,2013,10.845941870742994,,
31009,Blaine County,NE,2014,10.932505251621153,,
31009,Blaine County,NE,2015,11.485684309340401,,
31009,Blaine County,NE,2016,11.819199977877023,,
31009,Blaine County,NE,2017,12.06880231504645,,
31009,Blaine County,NE,2018,12.289905000521975,,
31009,Blaine County,NE,2019,12.329886742517612,,
31009,Blaine County,NE,2020,,,
31009,Blaine County,NE,2021,,,
31009,Blaine County,NE,2022,,,
31011,Boone County,NE,2010,7.848498499825292,,
31011,Boone County,NE,2011,8.504911504209494,,
31011,Boone County,NE,2012,9.429545115085807,,
31011,Boone County,NE,2013,9.677990998274748,,
31011,Boone County,NE,2014,9.799052959344126,,
31011,Boone County,NE,2015,10.183673301978905,,
31011,Boone County,NE,2016,10.233845234082343,,
31011,Boone County,NE,2017,10.21184716691793,,
31011,Boone County,NE,2018,9.997058598559791,,
31011,Boone County,NE,2019,9.995155042138544,,
31011,Boone County,NE,2020,9.989382843058461,,
31011,Boone County,NE,2021,10.03897367513435,,
31011,Boone County,NE,2022,9.900904878223917,,
31013,Box Butte County,NE,2010,10.81283493321539,,
31013,Box Butte County,NE,2011,10.891711554603562,,
31013,Box Butte County,NE,2012,11.567963721819115,,
31013,Box Butte County,NE,2013,12.03140119853776,,
31013,Box Butte County,NE,2014,12.330751482955941,,
31013,Box Butte County,NE,2015,11.02430790452413,,
31013,Box Butte County,NE,2016,11.129554212992954,,
31013,Box Butte County,NE,2017,11.098025873264064,,
31013,Box Butte County,NE,2018,10.802680381952882,,
31013,Box Butte County,NE,2019,10.858753854445128,,
31013,Box Butte County,NE,2020,10.362184555282871,,
31013,Box Butte County,NE,2021,10.396164673612281,,
31013,Box Butte County,NE,2022,10.272466555458914,,
31015,Boyd County,NE,2010,9.877199449267765,,
31015,Boyd County,NE,2011,10.969912929858168,,
31015,Boyd County,NE,2012,12.176294723962872,,
31015,Boyd County,NE,2013,12.371465791117485,,
31015,Boyd County,NE,2014,12.19362231848187,,
31015,Boyd County,NE,2015,10.75253103251266,,
31015,Boyd County,NE,2016,10.838353773965393,,
31015,Boyd County,NE,2017,10.775363140248633,,
31015,Boyd County,NE,2018,10.394900061185965,,
31015,Boyd County,NE,2019,10.505653309800786,,
31015,Boyd County,NE,2020,10.362184555282871,,
31015,Boyd County,NE,2021,10.396164673612281,,
31015,Boyd County,NE,2022,10.272466555458914,,
31017,Brown County,NE,2010,10.500134242251383,,
31017,Brown County,NE,2011,10.648401478896192,,
31017,Brown County,NE,2012,11.529793380845492,,
31017,Brown County,NE,2013,11.653305528436036,,
31017,Brown County,NE,2014,12.194239309009925,,
31017,Brown County,NE,2015,10.848271963198485,,
31017,Brown County,NE,2016,10.957441323504904,,
31017,Brown County,NE,2017,10.930360704543176,,
31017,Brown County,NE,2018,10.628768663954235,,
31017,Brown County,NE,2019,10.663729611259965,,
31017,Brown County,NE,2020,10.362184555282871,,
31017,Brown County,NE,2021,10.396164673612281,,
31017,Brown County,NE,2022,10.272466555458914,,
31019,Buffalo County,NE,2010,9.682441002349277,,
31019,Buffalo County,NE,2011,10.677620895424475,,
31019,Buffalo County,NE,2012,11.771164992229327,,
31019,Buffalo County,NE,2013,11.930862240806285,,
31019,Buffalo County,NE,2014,11.79673236774142,,
31019,Buffalo County,NE,2015,10.658475160249989,,
31019,Buffalo County,NE,2016,10.696161918810875,,
31019,Buffalo County,NE,2017,10.791443883472486,,
31019,Buffalo County,NE,2018,10.427644349821442,,
31019,Buffalo County,NE,2019,10.428601700459348,,
31019,Buffalo County,NE,2020,10.347394132643473,,
31019,Buffalo County,NE,2021,10.37853930750931,,
31019,Buffalo County,NE,2022,10.259495584697339,,
31021,Burt County,NE,2010,9.230435466406432,,
31021,Burt County,NE,2011,9.393651851388825,,
31021,Burt County,NE,2012,10.134730148375827,,
31021,Burt County,NE,2013,10.690554580180098,,
31021,Burt County,NE,2014,10.964270995135243,,
31021,Burt County,NE,2015,11.012830318971906,,
31021,Burt County,NE,2016,11.355333339989528,,
31021,Burt County,NE,2017,11.362828543379917,,
31021,Burt County,NE,2018,11.0776805276493,,
31021,Burt County,NE,2019,11.161737932411743,,
31021,Burt County,NE,2020,11.217283958041513,,
31021,Burt County,NE,2021,11.21386564809458,,
31021,Burt County,NE,2022,11.438606038863313,,
31023,Butler County,NE,2010,9.544018899609714,,
31023,Butler County,NE,2011,10.04302804135049,,
31023,Butler County,NE,2012,10.951745954707341,,
31023,Butler County,NE,2013,10.856764662726297,,
31023,Butler County,NE,2014,10.935442674802053,,
31023,Butler County,NE,2015,11.299597679154886,,
31023,Butler County,NE,2016,11.486444241424394,,
31023,Butler County,NE,2017,11.489205219178912,,
31023,Butler County,NE,2018,11.22418330012852,,
31023,Butler County,NE,2019,10.865776965551243,,
31023,Butler County,NE,2020,,,
31023,Butler County,NE,2021,,,
31023,Butler County,NE,2022,,,
31025,Cass County,NE,2010,9.347238241000683,,
31025,Cass County,NE,2011,9.669405832575949,,
31025,Cass County,NE,2012,10.505376250219213,,
31025,Cass County,NE,2013,11.003404082541005,,
31025,Cass County,NE,2014,10.961375754525468,,
31025,Cass County,NE,2015,11.00305792494729,,
31025,Cass County,NE,2016,11.347781186907536,,
31025,Cass County,NE,2017,11.356095527089092,,
31025,Cass County,NE,2018,11.068580386264546,,
31025,Cass County,NE,2019,11.151508121114606,,
31025,Cass County,NE,2020,11.217283958041513,,
31025,Cass County,NE,2021,11.21386564809458,,
31025,Cass County,NE,2022,11.438606038863313,,
31027,Cedar County,NE,2010,7.958128100553541,,
31027,Cedar County,NE,2011,8.575200474122202,,
31027,Cedar County,NE,2012,8.70555161878652,,
31027,Cedar County,NE,2013,8.35227050111664,,
31027,Cedar County,NE,2014,11.96477874864665,,
31027,Cedar County,NE,2015,10.536414796472078,,
31027,Cedar County,NE,2016,10.636271369422149,,
31027,Cedar County,NE,2017,10.589260506904168,,
31027,Cedar County,NE,2018,10.275951695353283,,
31027,Cedar County,NE,2019,10.30538624556274,,
31027,Cedar County,NE,2020,10.210829164096626,,
31027,Cedar County,NE,2021,10.232971737337959,,
31027,Cedar County,NE,2022,10.111491432005996,,
31029,Chase County,NE,2010,9.69630014494064,,
31029,Chase County,NE,2011,10.214674441918884,,
31029,Chase County,NE,2012,10.653898172925595,,
31029,Chase County,NE,2013,10.574659154862976,,
31029,Chase County,NE,2014,10.640608884425001,,
31029,Chase County,NE,2015,10.955801660902774,,
31029,Chase County,NE,2016,11.37223819447985,,
31029,Chase County,NE,2017,11.625948097645608,,
31029,Chase County,NE,2018,11.446707547088247,,
31029,Chase County,NE,2019,11.335769599530613,,
31029,Chase County,NE,2020,11.35921631885436,,
31029,Chase County,NE,2021,10.864276654381838,,
31029,Chase County,NE,2022,10.796457297501327,,
31031,Cherry County,NE,2010,10.613301892833384,,
31031,Cherry County,NE,2011,10.815971490398091,,
31031,Cherry County,NE,2012,11.610783563041993,,
31031,Cherry County,NE,2013,12.338214574373302,,
31031,Cherry County,NE,2014,12.21187383681294,,
31031,Cherry County,NE,2015,10.931841169042032,,
31031,Cherry County,NE,2016,11.074848161785944,,
31031,Cherry County,NE,2017,11.064566652908358,,
31031,Cherry County,NE,2018,10.772182208706699,,
31031,Cherry County,NE,2019,10.812405616522629,,
31031,Cherry County,NE,2020,10.362184555282871,,
31031,Cherry County,NE,2021,10.396164673612281,,
31031,Cherry County,NE,2022,10.272466555458914,,
31033,Cheyenne County,NE,2010,10.78997267785276,,
31033,Cheyenne County,NE,2011,10.77787024304905,,
31033,Cheyenne County,NE,2012,11.649117313136923,,
31033,Cheyenne County,NE,2013,11.708640224495888,,
31033,Cheyenne County,NE,2014,11.920822250876215,,
31033,Cheyenne County,NE,2015,12.540406812709143,,
31033,Cheyenne County,NE,2016,12.864257469504972,,
31033,Cheyenne County,NE,2017,13.352024084968367,,
31033,Cheyenne County,NE,2018,13.645251396724571,,
31033,Cheyenne County,NE,2019,13.573904675715298,,
31033,Cheyenne County,NE,2020,14.696327294752491,,
31033,Cheyenne County,NE,2021,14.661879114302813,,
31033,Cheyenne County,NE,2022,14.254132542832739,,
31035,Clay County,NE,2010,8.503978090980661,,
31035,Clay County,NE,2011,8.729108040872788,,
31035,Clay County,NE,2012,9.256286380101399,,
31035,Clay County,NE,2013,9.313718936403227,,
31035,Clay County,NE,2014,9.444691060111154,,
31035,Clay County,NE,2015,9.681749545657755,,
31035,Clay County,NE,2016,9.992336734944816,,
31035,Clay County,NE,2017,10.26721575872255,,
31035,Clay County,NE,2018,9.769144969071174,,
31035,Clay County,NE,2019,9.676323148583633,,
31035,Clay County,NE,2020,9.914724958494538,,
31035,Clay County,NE,2021,9.792850506808263,,
31035,Clay County,NE,2022,9.751611249244693,,
31037,Colfax County,NE,2010,9.119418091322293,,
31037,Colfax County,NE,2011,9.323786182940522,,
31037,Colfax County,NE,2012,10.085153065482395,,
31037,Colfax County,NE,2013,10.921643096639473,,
31037,Colfax County,NE,2014,10.619287955095654,,
31037,Colfax County,NE,2015,11.023123277038176,,
31037,Colfax County,NE,2016,11.394078181236752,,
31037,Colfax County,NE,2017,11.409863553586021,,
31037,Colfax County,NE,2018,11.136680734607834,,
31037,Colfax County,NE,2019,11.222936276560329,,
31037,Colfax County,NE,2020,11.313083104946122,,
31037,Colfax County,NE,2021,11.302841044021203,,
31037,Colfax County,NE,2022,11.576680382066334,,
31039,Cuming County,NE,2010,9.37391240594884,,
31039,Cuming County,NE,2011,10.051186310950548,,
31039,Cuming County,NE,2012,10.830286127240337,,
31039,Cuming County,NE,2013,10.625593398238788,,
31039,Cuming County,NE,2014,10.7325841952798,,
31039,Cuming County,NE,2015,11.561880365846019,,
31039,Cuming County,NE,2016,12.005446124149385,,
31039,Cuming County,NE,2017,12.236927772925222,,
31039,Cuming County,NE,2018,12.051894693833848,,
31039,Cuming County,NE,2019,12.100534843102903,,
31039,Cuming County,NE,2020,,,
31039,Cuming County,NE,2021,,,
31039,Cuming County,NE,2022,,,
31041,Custer County,NE,2010,8.728731161263562,,
31041,Custer County,NE,2011,9.35761417252654,,
31041,Custer County,NE,2012,10.117619658111016,,
31041,Custer County,NE,2013,10.353234284684204,,
31041,Custer County,NE,2014,10.621956321337391,,
31041,Custer County,NE,2015,11.101111687213532,,
31041,Custer County,NE,2016,11.443048944533183,,
31041,Custer County,NE,2017,12.138537558829494,,
31041,Custer County,NE,2018,11.175408459222957,,
31041,Custer County,NE,2019,11.425066605755589,,
31041,Custer County,NE,2020,11.10517643276264,,
31041,Custer County,NE,2021,11.290099126214772,,
31041,Custer County,NE,2022,11.243245130480997,,
31043,Dakota County,NE,2010,9.734128139667593,,
31043,Dakota County,NE,2011,10.79476690071485,,
31043,Dakota County,NE,2012,11.979853713111861,,
31043,Dakota County,NE,2013,12.20654968994958,,
31043,Dakota County,NE,2014,11.969501378074387,,
31043,Dakota County,NE,2015,10.609126638692976,,
31043,Dakota County,NE,2016,10.743415566323899,,
31043,Dakota County,NE,2017,10.871379702331872,,
31043,Dakota County,NE,2018,10.542182384301684,,
31043,Dakota County,NE,2019,10.531897794154093,,
31043,Dakota County,NE,2020,10.447878122852167,,
31043,Dakota County,NE,2021,10.406981213549713,,
31043,Dakota County,NE,2022,10.316162116844085,,
31045,Dawes County,NE,2010,10.020557007256404,,
31045,Dawes County,NE,2011,11.112920422679858,,
31045,Dawes County,NE,2012,12.31319353570717,,
31045,Dawes County,NE,2013,12.509635695912962,,
31045,Dawes County,NE,2014,12.356305584962314,,
31045,Dawes County,NE,2015,10.77213837710297,,
31045,Dawes County,NE,2016,10.88073081798829,,
31045,Dawes County,NE,2017,10.84358953370989,,
31045,Dawes County,NE,2018,10.51894395051241,,
31045,Dawes County,NE,2019,10.59977073087334,,
31045,Dawes County,NE,2020,10.362184555282871,,
31045,Dawes County,NE,2021,10.396164673612281,,
31045,Dawes County,NE,2022,10.272466555458914,,
31047,Dawson County,NE,2010,8.677346107011262,,
31047,Dawson County,NE,2011,9.264334522521676,,
31047,Dawson County,NE,2012,9.926006448859463,,
31047,Dawson County,NE,2013,9.924350286674091,,
31047,Dawson County,NE,2014,10.037973552628483,,
31047,Dawson County,NE,2015,10.366985144726279,,
31047,Dawson County,NE,2016,10.429777449692553,,
31047,Dawson County,NE,2017,10.737251343562445,,
31047,Dawson County,NE,2018,10.333446727526296,,
31047,Dawson County,NE,2019,10.274842809938004,,
31047,Dawson County,NE,2020,10.273654294770413,,
31047,Dawson County,NE,2021,10.292648867299416,,
31047,Dawson County,NE,2022,10.187012244654568,,
31049,Deuel County,NE,2010,11.380348689789134,,
31049,Deuel County,NE,2011,11.280710329348457,,
31049,Deuel County,NE,2012,12.569231736062763,,
31049,Deuel County,NE,2013,12.439704863345542,,
31049,Deuel County,NE,2014,12.26268736414204,,
31049,Deuel County,NE,2015,10.794352819824544,,
31049,Deuel County,NE,2016,10.89818746749887,,
31049,Deuel County,NE,2017,10.897554937405221,,
31049,Deuel County,NE,2018,10.582489071594535,,
31049,Deuel County,NE,2019,10.621288184778546,,
31049,Deuel County,NE,2020,10.39054031875743,,
31049,Deuel County,NE,2021,10.423787464567535,,
31049,Deuel County,NE,2022,10.299611230589734,,
31051,Dixon County,NE,2010,8.007068943779112,,
31051,Dixon County,NE,2011,8.813627176017356,,
31051,Dixon County,NE,2012,9.251740162161532,,
31051,Dixon County,NE,2013,9.085814400695906,,
31051,Dixon County,NE,2014,9.1707093805136,,
31051,Dixon County,NE,2015,9.476326589076386,,
31051,Dixon County,NE,2016,9.619791078560212,,
31051,Dixon County,NE,2017,9.583747506242043,,
31051,Dixon County,NE,2018,9.48353885147419,,
31051,Dixon County,NE,2019,9.227636969279748,,
31051,Dixon County,NE,2020,9.125281486065091,,
31051,Dixon County,NE,2021,8.545884875600532,,
31051,Dixon County,NE,2022,8.576892128515416,,
31053,Dodge County,NE,2010,9.122561734038689,,
31053,Dodge County,NE,2011,9.29975592264479,,
31053,Dodge County,NE,2012,10.045314002935799,,
31053,Dodge County,NE,2013,10.593398249091132,,
31053,Dodge County,NE,2014,10.611548971953635,,
31053,Dodge County,NE,2015,11.016088449385904,,
31053,Dodge County,NE,2016,11.410062542367632,,
31053,Dodge County,NE,2017,11.434596331560988,,
31053,Dodge County,NE,2018,11.1786994168681,,
31053,Dodge County,NE,2019,11.277874921334305,,
31053,Dodge County,NE,2020,11.373511207717295,,
31053,Dodge County,NE,2021,11.362080861457423,,
31053,Dodge County,NE,2022,11.668070148225832,,
31055,Douglas County,NE,2010,9.2189530121869,,
31055,Douglas County,NE,2011,9.367903124798028,,
31055,Douglas County,NE,2012,10.115205338113888,,
31055,Douglas County,NE,2013,10.683968495675966,,
31055,Douglas County,NE,2014,10.67598623852567,,
31055,Douglas County,NE,2015,11.072028139739388,,
31055,Douglas County,NE,2016,11.470143958923085,,
31055,Douglas County,NE,2017,11.487896362383655,,
31055,Douglas County,NE,2018,11.208931638540664,,
31055,Douglas County,NE,2019,11.30044625701496,,
31055,Douglas County,NE,2020,11.396312504844525,,
31055,Douglas County,NE,2021,11.384587862037744,,
31055,Douglas County,NE,2022,11.679793386583283,,
31057,Dundy County,NE,2010,8.953627503287422,,
31057,Dundy County,NE,2011,9.302392152001472,,
31057,Dundy County,NE,2012,10.149458104145774,,
31057,Dundy County,NE,2013,10.492407507541351,,
31057,Dundy County,NE,2014,10.4841158218244,,
31057,Dundy County,NE,2015,10.652354882213398,,
31057,Dundy County,NE,2016,10.811467170909609,,
31057,Dundy County,NE,2017,11.009378984092542,,
31057,Dundy County,NE,2018,10.650195548195496,,
31057,Dundy County,NE,2019,10.603471719752374,,
31057,Dundy County,NE,2020,10.60807177153666,,
31057,Dundy County,NE,2021,10.61092877662996,,
31057,Dundy County,NE,2022,10.670737901566124,,
31059,Fillmore County,NE,2010,8.484986678449415,,
31059,Fillmore County,NE,2011,8.914484542145498,,
31059,Fillmore County,NE,2012,9.417585697170393,,
31059,Fillmore County,NE,2013,9.480286506646516,,
31059,Fillmore County,NE,2014,11.973981177074222,,
31059,Fillmore County,NE,2015,10.58073213058624,,
31059,Fillmore County,NE,2016,10.675716965768656,,
31059,Fillmore County,NE,2017,10.642237789058143,,
31059,Fillmore County,NE,2018,10.320163482046793,,
31059,Fillmore County,NE,2019,10.346358208818733,,
31059,Fillmore County,NE,2020,10.374639562427117,,
31059,Fillmore County,NE,2021,10.401371761348846,,
31059,Fillmore County,NE,2022,10.289684912043736,,
31061,Franklin County,NE,2010,8.7566231607511,,
31061,Franklin County,NE,2011,9.064590009012543,,
31061,Franklin County,NE,2012,9.85294511558139,,
31061,Franklin County,NE,2013,9.752408523941686,,
31061,Franklin County,NE,2014,9.718657741093551,,
31061,Franklin County,NE,2015,10.061037334431404,,
31061,Franklin County,NE,2016,10.065684082388296,,
31061,Franklin County,NE,2017,10.608693310835674,,
31061,Franklin County,NE,2018,9.623368556974853,,
31061,Franklin County,NE,2019,9.484709517145394,,
31061,Franklin County,NE,2020,9.48428326661199,,
31061,Franklin County,NE,2021,9.342180347466064,,
31061,Franklin County,NE,2022,9.166992210856964,,
31063,Frontier County,NE,2010,9.189984824452122,,
31063,Frontier County,NE,2011,9.84184870326385,,
31063,Frontier County,NE,2012,10.567938282960041,,
31063,Frontier County,NE,2013,10.622163907635848,,
31063,Frontier County,NE,2014,10.635714465338296,,
31063,Frontier County,NE,2015,10.889432066937296,,
31063,Frontier County,NE,2016,11.072943117817843,,
31063,Frontier County,NE,2017,11.420897435491673,,
31063,Frontier County,NE,2018,11.286348803412961,,
31063,Frontier County,NE,2019,11.289337435873982,,
31063,Frontier County,NE,2020,10.941135835264884,,
31063,Frontier County,NE,2021,11.105150343175659,,
31063,Frontier County,NE,2022,11.080958176933864,,
31065,Furnas County,NE,2010,10.298680418608155,,
31065,Furnas County,NE,2011,10.821704255324523,,
31065,Furnas County,NE,2012,11.514250712401914,,
31065,Furnas County,NE,2013,11.591173802710978,,
31065,Furnas County,NE,2014,11.467910250431414,,
31065,Furnas County,NE,2015,11.71694472243035,,
31065,Furnas County,NE,2016,11.805173986049784,,
31065,Furnas County,NE,2017,12.109221820806313,,
31065,Furnas County,NE,2018,11.858756238627555,,
31065,Furnas County,NE,2019,12.500622517304292,,
31065,Furnas County,NE,2020,,,
31065,Furnas County,NE,2021,,,
31065,Furnas County,NE,2022,,,
31067,Gage County,NE,2010,8.241371382167133,,
31067,Gage County,NE,2011,8.768532150732682,,
31067,Gage County,NE,2012,9.304760510398351,,
31067,Gage County,NE,2013,9.176885634854813,,
31067,Gage County,NE,2014,11.545264889192401,,
31067,Gage County,NE,2015,10.443495570427539,,
31067,Gage County,NE,2016,10.575574146310245,,
31067,Gage County,NE,2017,10.586521691331933,,
31067,Gage County,NE,2018,10.228069806627783,,
31067,Gage County,NE,2019,10.261149632717476,,
31067,Gage County,NE,2020,10.115654882111969,,
31067,Gage County,NE,2021,10.090939094885476,,
31067,Gage County,NE,2022,9.940294881328638,,
31069,Garden County,NE,2010,10.065456742991083,,
31069,Garden County,NE,2011,11.082089812882154,,
31069,Garden County,NE,2012,12.277148022515222,,
31069,Garden County,NE,2013,12.446385327312978,,
31069,Garden County,NE,2014,12.271893283897397,,
31069,Garden County,NE,2015,10.824143681863834,,
31069,Garden County,NE,2016,10.93892481566713,,
31069,Garden County,NE,2017,10.946033379225401,,
31069,Garden County,NE,2018,10.633731023610999,,
31069,Garden County,NE,2019,10.682021823873184,,
31069,Garden County,NE,2020,10.362184555282871,,
31069,Garden County,NE,2021,10.396164673612281,,
31069,Garden County,NE,2022,10.272466555458914,,
31071,Garfield County,NE,2010,9.276481154051165,,
31071,Garfield County,NE,2011,10.00124869838277,,
31071,Garfield County,NE,2012,10.815760131194034,,
31071,Garfield County,NE,2013,11.017090854419775,,
31071,Garfield County,NE,2014,11.076874001006171,,
31071,Garfield County,NE,2015,11.515165641537259,,
31071,Garfield County,NE,2016,11.729106262827617,,
31071,Garfield County,NE,2017,11.909651545538823,,
31071,Garfield County,NE,2018,11.368307606248395,,
31071,Garfield County,NE,2019,11.996678251648802,,
31071,Garfield County,NE,2020,,,
31071,Garfield County,NE,2021,,,
31071,Garfield County,NE,2022,,,
31073,Gosper County,NE,2010,9.279907078614922,,
31073,Gosper County,NE,2011,9.958890097498879,,
31073,Gosper County,NE,2012,10.652720394069547,,
31073,Gosper County,NE,2013,10.69132673614755,,
31073,Gosper County,NE,2014,10.70682173364666,,
31073,Gosper County,NE,2015,10.9669186966254,,
31073,Gosper County,NE,2016,10.737569537651645,,
31073,Gosper County,NE,2017,11.175047397091078,,
31073,Gosper County,NE,2018,10.719429466838728,,
31073,Gosper County,NE,2019,10.658468755088474,,
31073,Gosper County,NE,2020,10.313092532861813,,
31073,Gosper County,NE,2021,10.337470978297986,,
31073,Gosper County,NE,2022,10.229210002090712,,
31075,Grant County,NE,2010,10.313530168090873,,
31075,Grant County,NE,2011,10.631554404048595,,
31075,Grant County,NE,2012,11.320027332526678,,
31075,Grant County,NE,2013,11.352143770294298,,
31075,Grant County,NE,2014,11.41125290560352,,
31075,Grant County,NE,2015,11.831868262917984,,
31075,Grant County,NE,2016,12.308330703060928,,
31075,Grant County,NE,2017,12.638666479356953,,
31075,Grant County,NE,2018,12.739436946343897,,
31075,Grant County,NE,2019,12.839109829388018,,
31075,Grant County,NE,2020,,,
31075,Grant County,NE,2021,,,
31075,Grant County,NE,2022,,,
31077,Greeley County,NE,2010,8.98649829466093,,
31077,Greeley County,NE,2011,9.432450187431641,,
31077,Greeley County,NE,2012,10.291027551478166,,
31077,Greeley County,NE,2013,10.37243586022271,,
31077,Greeley County,NE,2014,10.475156351775784,,
31077,Greeley County,NE,2015,11.029757115266571,,
31077,Greeley County,NE,2016,11.192276721097722,,
31077,Greeley County,NE,2017,11.391960399853128,,
31077,Greeley County,NE,2018,10.926746097909191,,
31077,Greeley County,NE,2019,11.04862405653098,,
31077,Greeley County,NE,2020,10.478889615580263,,
31077,Greeley County,NE,2021,10.270102800319524,,
31077,Greeley County,NE,2022,10.227118520410025,,
31079,Hall County,NE,2010,8.478881757697351,,
31079,Hall County,NE,2011,8.685388044471937,,
31079,Hall County,NE,2012,9.525203308237536,,
31079,Hall County,NE,2013,9.47122375510643,,
31079,Hall County,NE,2014,11.220239110701721,,
31079,Hall County,NE,2015,10.428249384024127,,
31079,Hall County,NE,2016,10.505006638336225,,
31079,Hall County,NE,2017,10.557266858236769,,
31079,Hall County,NE,2018,10.056508527974968,,
31079,Hall County,NE,2019,10.041585456718783,,
31079,Hall County,NE,2020,10.10142500462657,,
31079,Hall County,NE,2021,10.102383600125282,,
31079,Hall County,NE,2022,10.01073983907567,,
31081,Hamilton County,NE,2010,8.845244232503624,,
31081,Hamilton County,NE,2011,9.165663092090682,,
31081,Hamilton County,NE,2012,9.988257010033111,,
31081,Hamilton County,NE,2013,9.852021052648778,,
31081,Hamilton County,NE,2014,11.597912889490173,,
31081,Hamilton County,NE,2015,10.524564347598481,,
31081,Hamilton County,NE,2016,10.61353942455962,,
31081,Hamilton County,NE,2017,10.668858660841968,,
31081,Hamilton County,NE,2018,10.240373725371507,,
31081,Hamilton County,NE,2019,10.206261635879809,,
31081,Hamilton County,NE,2020,10.225675385231835,,
31081,Hamilton County,NE,2021,10.224704115981224,,
31081,Hamilton County,NE,2022,10.10293152972045,,
31083,Harlan County,NE,2010,10.104669060415038,,
31083,Harlan County,NE,2011,10.836171116495011,,
31083,Harlan County,NE,2012,11.542213070337054,,
31083,Harlan County,NE,2013,10.149341006616373,,
31083,Harlan County,NE,2014,10.115269991814941,,
31083,Harlan County,NE,2015,10.438679799040445,,
31083,Harlan County,NE,2016,10.467974096437255,,
31083,Harlan County,NE,2017,10.94851553109281,,
31083,Harlan County,NE,2018,10.122814000846674,,
31083,Harlan County,NE,2019,10.047002232457858,,
31083,Harlan County,NE,2020,9.48428326661199,,
31083,Harlan County,NE,2021,9.342180347466064,,
31083,Harlan County,NE,2022,9.166992210856964,,
31085,Hayes County,NE,2010,10.306730636165534,,
31085,Hayes County,NE,2011,10.94843100305806,,
31085,Hayes County,NE,2012,11.591305701157983,,
31085,Hayes County,NE,2013,11.482653475070293,,
31085,Hayes County,NE,2014,11.506463735843697,,
31085,Hayes County,NE,2015,11.708944862556082,,
31085,Hayes County,NE,2016,11.954728346369974,,
31085,Hayes County,NE,2017,12.424751707304285,,
31085,Hayes County,NE,2018,12.173499765036999,,
31085,Hayes County,NE,2019,12.160577725678671,,
31085,Hayes County,NE,2020,11.117289324884243,,
31085,Hayes County,NE,2021,10.493646303531117,,
31085,Hayes County,NE,2022,10.442107346184724,,
31087,Hitchcock County,NE,2010,10.024187651274962,,
31087,Hitchcock County,NE,2011,10.596504810236985,,
31087,Hitchcock County,NE,2012,11.480759954675156,,
31087,Hitchcock County,NE,2013,11.618724435966117,,
31087,Hitchcock County,NE,2014,11.63438320631126,,
31087,Hitchcock County,NE,2015,11.855760738657317,,
31087,Hitchcock County,NE,2016,11.82808634817881,,
31087,Hitchcock County,NE,2017,12.525981058267668,,
31087,Hitchcock County,NE,2018,12.311351998377198,,
31087,Hitchcock County,NE,2019,12.2515600941059,,
31087,Hitchcock County,NE,2020,9.74852450603028,,
31087,Hitchcock County,NE,2021,9.758030281590491,,
31087,Hitchcock County,NE,2022,9.892767201928024,,
31089,Holt County,NE,2010,9.687809083428718,,
31089,Holt County,NE,2011,10.167123281926946,,
31089,Holt County,NE,2012,11.108601065883251,,
31089,Holt County,NE,2013,12.170612106065446,,
31089,Holt County,NE,2014,12.009175613916497,,
31089,Holt County,NE,2015,10.829161899514064,,
31089,Holt County,NE,2016,10.902481152067969,,
31089,Holt County,NE,2017,10.840081445682479,,
31089,Holt County,NE,2018,10.482036028932459,,
31089,Holt County,NE,2019,10.601124198614773,,
31089,Holt County,NE,2020,10.311236748721646,,
31089,Holt County,NE,2021,10.357006360071416,,
31089,Holt County,NE,2022,10.20759821548813,,
31091,Hooker County,NE,2010,10.261794857979707,,
31091,Hooker County,NE,2011,10.52136576753159,,
31091,Hooker County,NE,2012,11.320027332526678,,
31091,Hooker County,NE,2013,11.352143770294298,,
31091,Hooker County,NE,2014,11.41125290560352,,
31091,Hooker County,NE,2015,11.831868262917984,,
31091,Hooker County,NE,2016,12.308330703060928,,
31091,Hooker County,NE,2017,12.638666479356953,,
31091,Hooker County,NE,2018,12.739436946343897,,
31091,Hooker County,NE,2019,12.776493621419064,,
31091,Hooker County,NE,2020,,,
31091,Hooker County,NE,2021,,,
31091,Hooker County,NE,2022,,,
31093,Howard County,NE,2010,9.290393059949082,,
31093,Howard County,NE,2011,9.02248778877068,,
31093,Howard County,NE,2012,9.817777037066255,,
31093,Howard County,NE,2013,10.109213292265116,,
31093,Howard County,NE,2014,12.139149943335756,,
31093,Howard County,NE,2015,10.688452513388874,,
31093,Howard County,NE,2016,10.66451427751226,,
31093,Howard County,NE,2017,10.720703734087634,,
31093,Howard County,NE,2018,10.27850007085453,,
31093,Howard County,NE,2019,10.310638928810688,,
31093,Howard County,NE,2020,10.209396665244482,,
31093,Howard County,NE,2021,10.213323776891183,,
31093,Howard County,NE,2022,10.081230893076858,,
31095,Jefferson County,NE,2010,8.24995125130543,,
31095,Jefferson County,NE,2011,8.790462506949575,,
31095,Jefferson County,NE,2012,9.341770354558163,,
31095,Jefferson County,NE,2013,9.153711224712097,,
31095,Jefferson County,NE,2014,9.234068560124058,,
31095,Jefferson County,NE,2015,9.678804224256254,,
31095,Jefferson County,NE,2016,9.843312153968487,,
31095,Jefferson County,NE,2017,10.131819758039104,,
31095,Jefferson County,NE,2018,9.748936812947138,,
31095,Jefferson County,NE,2019,9.748470969030027,,
31095,Jefferson County,NE,2020,9.034933740919906,,
31095,Jefferson County,NE,2021,8.747062321261716,,
31095,Jefferson County,NE,2022,8.508573361434184,,
31097,Johnson County,NE,2010,9.339318183373738,,
31097,Johnson County,NE,2011,9.665300926196876,,
31097,Johnson County,NE,2012,10.498763497757293,,
31097,Johnson County,NE,2013,10.993077563515252,,
31097,Johnson County,NE,2014,10.953142465472665,,
31097,Johnson County,NE,2015,10.995895975712228,,
31097,Johnson County,NE,2016,11.33929437678423,,
31097,Johnson County,NE,2017,11.349113458908787,,
31097,Johnson County,NE,2018,11.062422896923472,,
31097,Johnson County,NE,2019,11.146970300339463,,
31097,Johnson County,NE,2020,11.217283958041513,,
31097,Johnson County,NE,2021,11.21386564809458,,
31097,Johnson County,NE,2022,11.438606038863313,,
31099,Kearney County,NE,2010,8.911178696068358,,
31099,Kearney County,NE,2011,9.336387950539555,,
31099,Kearney County,NE,2012,10.08658048636244,,
31099,Kearney County,NE,2013,9.999092994564572,,
31099,Kearney County,NE,2014,10.07580144272734,,
31099,Kearney County,NE,2015,10.311712623827582,,
31099,Kearney County,NE,2016,10.325056177808639,,
31099,Kearney County,NE,2017,10.928949231139608,,
31099,Kearney County,NE,2018,9.899631906593154,,
31099,Kearney County,NE,2019,9.903305352496726,,
31099,Kearney County,NE,2020,9.48428326661199,,
31099,Kearney County,NE,2021,9.342180347466064,,
31099,Kearney County,NE,2022,9.166992210856964,,
31101,Keith County,NE,2010,11.618853397019658,,
31101,Keith County,NE,2011,11.830985059257536,,
31101,Keith County,NE,2012,12.31170612766553,,
31101,Keith County,NE,2013,12.390960778207853,,
31101,Keith County,NE,2014,12.221426927103881,,
31101,Keith County,NE,2015,10.805608196752285,,
31101,Keith County,NE,2016,10.931478529988942,,
31101,Keith County,NE,2017,10.928513103904294,,
31101,Keith County,NE,2018,10.614641293797892,,
31101,Keith County,NE,2019,10.654642810071369,,
31101,Keith County,NE,2020,10.434260133707399,,
31101,Keith County,NE,2021,10.420652098304213,,
31101,Keith County,NE,2022,10.293669521741544,,
31103,Keya Paha County,NE,2010,11.395679965908792,,
31103,Keya Paha County,NE,2011,11.140318281776821,,
31103,Keya Paha County,NE,2012,11.898225340473894,,
31103,Keya Paha County,NE,2013,12.434182028013739,,
31103,Keya Paha County,NE,2014,12.420132576630087,,
31103,Keya Paha County,NE,2015,13.038567001193458,,
31103,Keya Paha County,NE,2016,13.158418286423935,,
31103,Keya Paha County,NE,2017,13.24506628678494,,
31103,Keya Paha County,NE,2018,12.879170001303967,,
31103,Keya Paha County,NE,2019,12.871397632906321,,
31103,Keya Paha County,NE,2020,,,
31103,Keya Paha County,NE,2021,,,
31103,Keya Paha County,NE,2022,,,
31105,Kimball County,NE,2010,10.13879591434467,,
31105,Kimball County,NE,2011,10.465177864874118,,
31105,Kimball County,NE,2012,10.94851000806305,,
31105,Kimball County,NE,2013,11.432836683089752,,
31105,Kimball County,NE,2014,12.23787752048838,,
31105,Kimball County,NE,2015,14.025279149344078,,
31105,Kimball County,NE,2016,12.252397072287636,,
31105,Kimball County,NE,2017,12.893168790701662,,
31105,Kimball County,NE,2018,15.137886391209484,,
31105,Kimball County,NE,2019,15.232346669408749,,
31105,Kimball County,NE,2020,14.696327294752491,,
31105,Kimball County,NE,2021,14.661879114302813,,
31105,Kimball County,NE,2022,14.254132542832739,,
31107,Knox County,NE,2010,8.84769824036147,,
31107,Knox County,NE,2011,9.602378691095367,,
31107,Knox County,NE,2012,10.3014817501375,,
31107,Knox County,NE,2013,10.177526946210966,,
31107,Knox County,NE,2014,11.900056869714572,,
31107,Knox County,NE,2015,10.653473941248306,,
31107,Knox County,NE,2016,10.738284927866857,,
31107,Knox County,NE,2017,10.671031782124308,,
31107,Knox County,NE,2018,10.317319291064956,,
31107,Knox County,NE,2019,10.424805931252278,,
31107,Knox County,NE,2020,10.210829164096626,,
31107,Knox County,NE,2021,10.232971737337959,,
31107,Knox County,NE,2022,10.111491432005996,,
31109,Lancaster County,NE,2010,8.95401484680679,,
31109,Lancaster County,NE,2011,9.149115366879379,,
31109,Lancaster County,NE,2012,9.789759368159748,,
31109,Lancaster County,NE,2013,10.217063237242934,,
31109,Lancaster County,NE,2014,10.539530404840407,,
31109,Lancaster County,NE,2015,10.616592450553187,,
31109,Lancaster County,NE,2016,10.887425775489858,,
31109,Lancaster County,NE,2017,10.96288043410519,,
31109,Lancaster County,NE,2018,10.68422675245858,,
31109,Lancaster County,NE,2019,10.776736931940235,,
31109,Lancaster County,NE,2020,10.827684788099852,,
31109,Lancaster County,NE,2021,10.808137870221824,,
31109,Lancaster County,NE,2022,10.960016212835054,,
31111,Lincoln County,NE,2010,8.986713939472894,,
31111,Lincoln County,NE,2011,9.5357279689301,,
31111,Lincoln County,NE,2012,10.15640061196326,,
31111,Lincoln County,NE,2013,10.219126222998163,,
31111,Lincoln County,NE,2014,11.592968264525448,,
31111,Lincoln County,NE,2015,10.68941940073902,,
31111,Lincoln County,NE,2016,10.839752500843353,,
31111,Lincoln County,NE,2017,10.906807428252316,,
31111,Lincoln County,NE,2018,10.692990162498845,,
31111,Lincoln County,NE,2019,10.725227233172756,,
31111,Lincoln County,NE,2020,10.553475419855687,,
31111,Lincoln County,NE,2021,10.572586370539398,,
31111,Lincoln County,NE,2022,10.474180022408802,,
31113,Logan County,NE,2010,9.589351685138505,,
31113,Logan County,NE,2011,10.098737326944967,,
31113,Logan County,NE,2012,10.765194455356642,,
31113,Logan County,NE,2013,10.845941870742994,,
31113,Logan County,NE,2014,10.932505251621153,,
31113,Logan County,NE,2015,11.485684309340401,,
31113,Logan County,NE,2016,11.819199977877023,,
31113,Logan County,NE,2017,12.06880231504645,,
31113,Logan County,NE,2018,12.289905000521975,,
31113,Logan County,NE,2019,12.329886742517612,,
31113,Logan County,NE,2020,,,
31113,Logan County,NE,2021,,,
31113,Logan County,NE,2022,,,
31115,Loup County,NE,2010,10.03319185573724,,
31115,Loup County,NE,2011,10.336227795339008,,
31115,Loup County,NE,2012,11.210646926255892,,
31115,Loup County,NE,2013,11.414626366564066,,
31115,Loup County,NE,2014,11.489032884974678,,
31115,Loup County,NE,2015,11.998697982109059,,
31115,Loup County,NE,2016,12.30130311604081,,
31115,Loup County,NE,2017,12.665075555328947,,
31115,Loup County,NE,2018,12.398027547489598,,
31115,Loup County,NE,2019,12.41502306704413,,
31115,Loup County,NE,2020,,,
31115,Loup County,NE,2021,,,
31115,Loup County,NE,2022,,,
31117,McPherson County,NE,2010,10.313530168090873,,
31117,McPherson County,NE,2011,10.631554404048595,,
31117,McPherson County,NE,2012,11.320027332526678,,
31117,McPherson County,NE,2013,11.352143770294298,,
31117,McPherson County,NE,2014,11.41125290560352,,
31117,McPherson County,NE,2015,11.831868262917984,,
31117,McPherson County,NE,2016,12.308330703060928,,
31117,McPherson County,NE,2017,12.638666479356953,,
31117,McPherson County,NE,2018,12.739436946343897,,
31117,McPherson County,NE,2019,12.839109829388018,,
31117,McPherson County,NE,2020,,,
31117,McPherson County,NE,2021,,,
31117,McPherson County,NE,2022,,,
31119,Madison County,NE,2010,7.773817999771578,,
31119,Madison County,NE,2011,8.353987701503721,,
31119,Madison County,NE,2012,11.477239377198101,,
31119,Madison County,NE,2013,11.704298650738039,,
31119,Madison County,NE,2014,11.59532487720946,,
31119,Madison County,NE,2015,10.513006383455576,,
31119,Madison County,NE,2016,10.599115796689357,,
31119,Madison County,NE,2017,10.5694829123106,,
31119,Madison County,NE,2018,10.261851808197953,,
31119,Madison County,NE,2019,10.301183736938128,,
31119,Madison County,NE,2020,10.237853726521985,,
31119,Madison County,NE,2021,10.295210639901493,,
31119,Madison County,NE,2022,10.160672699372839,,
31121,Merrick County,NE,2010,8.604473304195716,,
31121,Merrick County,NE,2011,8.835180511453892,,
31121,Merrick County,NE,2012,9.710102848742538,,
31121,Merrick County,NE,2013,9.620443318062806,,
31121,Merrick County,NE,2014,9.383770818405868,,
31121,Merrick County,NE,2015,10.040368467829886,,
31121,Merrick County,NE,2016,10.108741356780941,,
31121,Merrick County,NE,2017,10.322234862427914,,
31121,Merrick County,NE,2018,9.544193517734602,,
31121,Merrick County,NE,2019,9.423790785484668,,
31121,Merrick County,NE,2020,9.593766006410767,,
31121,Merrick County,NE,2021,9.52745736915324,,
31121,Merrick County,NE,2022,9.499082044669157,,
31123,Morrill County,NE,2010,10.144908900388486,,
31123,Morrill County,NE,2011,11.104538367670022,,
31123,Morrill County,NE,2012,12.27449283157148,,
31123,Morrill County,NE,2013,12.443286161761822,,
31123,Morrill County,NE,2014,12.254043789834784,,
31123,Morrill County,NE,2015,11.061478784650017,,
31123,Morrill County,NE,2016,11.170105961822614,,
31123,Morrill County,NE,2017,11.19217643980904,,
31123,Morrill County,NE,2018,10.912108216937165,,
31123,Morrill County,NE,2019,10.984269195155631,,
31123,Morrill County,NE,2020,10.46514395912665,,
31123,Morrill County,NE,2021,10.497252319467242,,
31123,Morrill County,NE,2022,10.366526286446632,,
31125,Nance County,NE,2010,7.932338599019294,,
31125,Nance County,NE,2011,8.617196845153329,,
31125,Nance County,NE,2012,9.582469250998345,,
31125,Nance County,NE,2013,9.844851261698075,,
31125,Nance County,NE,2014,9.987954690949872,,
31125,Nance County,NE,2015,10.410561384096985,,
31125,Nance County,NE,2016,10.345490216836144,,
31125,Nance County,NE,2017,10.53025317504797,,
31125,Nance County,NE,2018,10.002807904508328,,
31125,Nance County,NE,2019,9.88373306070158,,
31125,Nance County,NE,2020,9.83303694982795,,
31125,Nance County,NE,2021,9.786127653783145,,
31125,Nance County,NE,2022,9.685145868027707,,
31127,Nemaha County,NE,2010,9.207918990581902,,
31127,Nemaha County,NE,2011,9.373273784133616,,
31127,Nemaha County,NE,2012,10.11475901666098,,
31127,Nemaha County,NE,2013,10.670243937076943,,
31127,Nemaha County,NE,2014,10.94283036226684,,
31127,Nemaha County,NE,2015,10.99204623212901,,
31127,Nemaha County,NE,2016,11.337100925120938,,
31127,Nemaha County,NE,2017,11.348829502633977,,
31127,Nemaha County,NE,2018,11.05810849088867,,
31127,Nemaha County,NE,2019,11.133941760990417,,
31127,Nemaha County,NE,2020,11.217283958041513,,
31127,Nemaha County,NE,2021,11.21386564809458,,
31127,Nemaha County,NE,2022,11.438606038863313,,
31129,Nuckolls County,NE,2010,8.602451514468065,,
31129,Nuckolls County,NE,2011,8.873864252131236,,
31129,Nuckolls County,NE,2012,9.583052067033716,,
31129,Nuckolls County,NE,2013,9.502990125557968,,
31129,Nuckolls County,NE,2014,9.38557967566758,,
31129,Nuckolls County,NE,2015,9.650143883826113,,
31129,Nuckolls County,NE,2016,9.928094344509239,,
31129,Nuckolls County,NE,2017,10.136234118171934,,
31129,Nuckolls County,NE,2018,9.77066184775133,,
31129,Nuckolls County,NE,2019,9.850690011720157,,
31129,Nuckolls County,NE,2020,,,
31129,Nuckolls County,NE,2021,,,
31129,Nuckolls County,NE,2022,,,
31131,Otoe County,NE,2010,9.222448488715523,,
31131,Otoe County,NE,2011,9.384722004477629,,
31131,Otoe County,NE,2012,10.124618342708594,,
31131,Otoe County,NE,2013,10.997719393110387,,
31131,Otoe County,NE,2014,10.953295001651876,,
31131,Otoe County,NE,2015,11.001714013887938,,
31131,Otoe County,NE,2016,11.345708899539217,,
31131,Otoe County,NE,2017,11.357015972482868,,
31131,Otoe County,NE,2018,11.066473268172356,,
31131,Otoe County,NE,2019,11.142759127551873,,
31131,Otoe County,NE,2020,11.217283958041513,,
31131,Otoe County,NE,2021,11.21386564809458,,
31131,Otoe County,NE,2022,11.438606038863313,,
31133,Pawnee County,NE,2010,9.2189530121869,,
31133,Pawnee County,NE,2011,9.367903124798028,,
31133,Pawnee County,NE,2012,10.115205338113888,,
31133,Pawnee County,NE,2013,11.003404082541005,,
31133,Pawnee County,NE,2014,10.961375754525468,,
31133,Pawnee County,NE,2015,11.00305792494729,,
31133,Pawnee County,NE,2016,11.347781186907536,,
31133,Pawnee County,NE,2017,11.356095527089092,,
31133,Pawnee County,NE,2018,11.068580386264546,,
31133,Pawnee County,NE,2019,11.151781868767635,,
31133,Pawnee County,NE,2020,11.217283958041513,,
31133,Pawnee County,NE,2021,11.21386564809458,,
31133,Pawnee County,NE,2022,11.438606038863313,,
31135,Perkins County,NE,2010,9.949479764789032,,
31135,Perkins County,NE,2011,11.017896382265935,,
31135,Perkins County,NE,2012,12.214117436321162,,
31135,Perkins County,NE,2013,12.383769363032089,,
31135,Perkins County,NE,2014,12.209678668405294,,
31135,Perkins County,NE,2015,10.738657960409661,,
31135,Perkins County,NE,2016,10.870187193308293,,
31135,Perkins County,NE,2017,10.836108323673272,,
31135,Perkins County,NE,2018,10.501071080346819,,
31135,Perkins County,NE,2019,10.551801752800635,,
31135,Perkins County,NE,2020,10.46069474901271,,
31135,Perkins County,NE,2021,10.44718096464951,,
31135,Perkins County,NE,2022,10.319767089806518,,
31137,Phelps County,NE,2010,8.850688672926392,,
31137,Phelps County,NE,2011,9.23773525434517,,
31137,Phelps County,NE,2012,10.092477404626495,,
31137,Phelps County,NE,2013,10.044961283164591,,
31137,Phelps County,NE,2014,10.029071414809142,,
31137,Phelps County,NE,2015,10.312953871484373,,
31137,Phelps County,NE,2016,10.344979448173216,,
31137,Phelps County,NE,2017,10.772320169973108,,
31137,Phelps County,NE,2018,10.053760055024384,,
31137,Phelps County,NE,2019,9.93815468841177,,
31137,Phelps County,NE,2020,9.48428326661199,,
31137,Phelps County,NE,2021,9.342180347466064,,
31137,Phelps County,NE,2022,9.166992210856964,,
31139,Pierce County,NE,2010,8.381843085827231,,
31139,Pierce County,NE,2011,9.024269741432853,,
31139,Pierce County,NE,2012,9.706703390953981,,
31139,Pierce County,NE,2013,9.540384728765831,,
31139,Pierce County,NE,2014,11.601837958417546,,
31139,Pierce County,NE,2015,10.488364483263034,,
31139,Pierce County,NE,2016,10.59112854362319,,
31139,Pierce County,NE,2017,10.548306303214437,,
31139,Pierce County,NE,2018,10.252836572810418,,
31139,Pierce County,NE,2019,10.272505248128894,,
31139,Pierce County,NE,2020,10.149942303588999,,
31139,Pierce County,NE,2021,10.111997411181108,,
31139,Pierce County,NE,2022,9.987759701343476,,
31141,Platte County,NE,2010,7.848498499825292,,
31141,Platte County,NE,2011,8.504911504209494,,
31141,Platte County,NE,2012,9.429545115085807,,
31141,Platte County,NE,2013,9.677990998274748,,
31141,Platte County,NE,2014,9.799052959344126,,
31141,Platte County,NE,2015,10.183673301978905,,
31141,Platte County,NE,2016,10.233845234082343,,
31141,Platte County,NE,2017,10.21184716691793,,
31141,Platte County,NE,2018,9.997058598559791,,
31141,Platte County,NE,2019,9.995155042138544,,
31141,Platte County,NE,2020,9.989382843058461,,
31141,Platte County,NE,2021,10.03897367513435,,
31141,Platte County,NE,2022,9.900904878223917,,
31143,Polk County,NE,2010,9.919525852554427,,
31143,Polk County,NE,2011,10.283026072592774,,
31143,Polk County,NE,2012,11.807320793085918,,
31143,Polk County,NE,2013,11.383067517877688,,
31143,Polk County,NE,2014,11.273339728288754,,
31143,Polk County,NE,2015,11.437168055352531,,
31143,Polk County,NE,2016,10.342644579778103,,
31143,Polk County,NE,2017,10.785131375312176,,
31143,Polk County,NE,2018,9.893285624766357,,
31143,Polk County,NE,2019,9.716244073839091,,
31143,Polk County,NE,2020,,,
31143,Polk County,NE,2021,,,
31143,Polk County,NE,2022,,,
31145,Red Willow County,NE,2010,10.028326035558159,,
31145,Red Willow County,NE,2011,10.74415059548587,,
31145,Red Willow County,NE,2012,11.505819224373692,,
31145,Red Willow County,NE,2013,11.611354168871456,,
31145,Red Willow County,NE,2014,12.171200027382092,,
31145,Red Willow County,NE,2015,10.834265651177994,,
31145,Red Willow County,NE,2016,10.923441779355947,,
31145,Red Willow County,NE,2017,10.950127641617021,,
31145,Red Willow County,NE,2018,10.627705756607403,,
31145,Red Willow County,NE,2019,10.674077261063877,,
31145,Red Willow County,NE,2020,10.34412230275445,,
31145,Red Willow County,NE,2021,10.377514386370613,,
31145,Red Willow County,NE,2022,10.261433380170118,,
31147,Richardson County,NE,2010,9.195175541129766,,
31147,Richardson County,NE,2011,9.348142938154698,,
31147,Richardson County,NE,2012,10.087542478794356,,
31147,Richardson County,NE,2013,10.974330022242787,,
31147,Richardson County,NE,2014,10.933380245341526,,
31147,Richardson County,NE,2015,10.97831251461329,,
31147,Richardson County,NE,2016,11.323709547225684,,
31147,Richardson County,NE,2017,11.336158460871896,,
31147,Richardson County,NE,2018,11.052608830105743,,
31147,Richardson County,NE,2019,11.140233605515123,,
31147,Richardson County,NE,2020,11.217283958041513,,
31147,Richardson County,NE,2021,11.21386564809458,,
31147,Richardson County,NE,2022,11.438606038863313,,
31149,Rock County,NE,2010,11.732855044627724,,
31149,Rock County,NE,2011,11.397837476312562,,
31149,Rock County,NE,2012,12.571253715684561,,
31149,Rock County,NE,2013,12.752844071570145,,
31149,Rock County,NE,2014,12.272915407209089,,
31149,Rock County,NE,2015,10.808485069268555,,
31149,Rock County,NE,2016,10.903752239154825,,
31149,Rock County,NE,2017,10.859445764765974,,
31149,Rock County,NE,2018,10.525226401969968,,
31149,Rock County,NE,2019,10.559956277717266,,
31149,Rock County,NE,2020,10.362184555282871,,
31149,Rock County,NE,2021,10.396164673612281,,
31149,Rock County,NE,2022,10.272466555458914,,
31151,Saline County,NE,2010,8.086573567371302,,
31151,Saline County,NE,2011,8.685835118667322,,
31151,Saline County,NE,2012,9.249646691206703,,
31151,Saline County,NE,2013,9.144093788720552,,
31151,Saline County,NE,2014,9.169143436368742,,
31151,Saline County,NE,2015,9.459357489341162,,
31151,Saline County,NE,2016,9.588194745003051,,
31151,Saline County,NE,2017,10.023609046286962,,
31151,Saline County,NE,2018,9.644623263245572,,
31151,Saline County,NE,2019,9.69748447808056,,
31151,Saline County,NE,2020,9.034933740919906,,
31151,Saline County,NE,2021,8.747062321261716,,
31151,Saline County,NE,2022,8.508573361434184,,
31153,Sarpy County,NE,2010,9.2189530121869,,
31153,Sarpy County,NE,2011,9.367903124798028,,
31153,Sarpy County,NE,2012,10.115205338113888,,
31153,Sarpy County,NE,2013,10.683968495675966,,
31153,Sarpy County,NE,2014,10.67598623852567,,
31153,Sarpy County,NE,2015,11.072028139739388,,
31153,Sarpy County,NE,2016,11.470143958923085,,
31153,Sarpy County,NE,2017,11.487896362383655,,
31153,Sarpy County,NE,2018,11.208931638540664,,
31153,Sarpy County,NE,2019,11.30044625701496,,
31153,Sarpy County,NE,2020,11.396312504844525,,
31153,Sarpy County,NE,2021,11.384587862037744,,
31153,Sarpy County,NE,2022,11.679793386583283,,
31155,Saunders County,NE,2010,9.211519397391385,,
31155,Saunders County,NE,2011,9.37280207359999,,
31155,Saunders County,NE,2012,10.114464875948862,,
31155,Saunders County,NE,2013,10.670012960454027,,
31155,Saunders County,NE,2014,10.662879316785304,,
31155,Saunders County,NE,2015,11.05888759784437,,
31155,Saunders County,NE,2016,11.451516000170926,,
31155,Saunders County,NE,2017,11.470060147004894,,
31155,Saunders County,NE,2018,11.192531555676625,,
31155,Saunders County,NE,2019,11.279182393289096,,
31155,Saunders County,NE,2020,11.396312504844525,,
31155,Saunders County,NE,2021,11.384587862037744,,
31155,Saunders County,NE,2022,11.679793386583283,,
31157,Scotts Bluff County,NE,2010,11.749609368075538,,
31157,Scotts Bluff County,NE,2011,11.528598813702196,,
31157,Scotts Bluff County,NE,2012,12.279908424855497,,
31157,Scotts Bluff County,NE,2013,12.473289915812448,,
31157,Scotts Bluff County,NE,2014,12.443983494014784,,
31157,Scotts Bluff County,NE,2015,11.063108264565571,,
31157,Scotts Bluff County,NE,2016,11.068424301276888,,
31157,Scotts Bluff County,NE,2017,11.122015683375496,,
31157,Scotts Bluff County,NE,2018,10.814866955052413,,
31157,Scotts Bluff County,NE,2019,10.949891855291819,,
31157,Scotts Bluff County,NE,2020,10.362184555282871,,
31157,Scotts Bluff County,NE,2021,10.396164673612281,,
31157,Scotts Bluff County,NE,2022,10.272466555458914,,
31159,Seward County,NE,2010,8.99498573876895,,
31159,Seward County,NE,2011,9.520952084487735,,
31159,Seward County,NE,2012,10.277413861702893,,
31159,Seward County,NE,2013,10.066372334116028,,
31159,Seward County,NE,2014,12.013331474527847,,
31159,Seward County,NE,2015,10.676801931279517,,
31159,Seward County,NE,2016,10.767337971783567,,
31159,Seward County,NE,2017,10.589238298217996,,
31159,Seward County,NE,2018,10.230875447868382,,
31159,Seward County,NE,2019,10.23341285830382,,
31159,Seward County,NE,2020,10.13528678300857,,
31159,Seward County,NE,2021,10.106815369349718,,
31159,Seward County,NE,2022,9.96692609528898,,
31161,Sheridan County,NE,2010,10.042330905288624,,
31161,Sheridan County,NE,2011,11.109189095813827,,
31161,Sheridan County,NE,2012,12.3231949818265,,
31161,Sheridan County,NE,2013,12.512798532143437,,
31161,Sheridan County,NE,2014,12.36308339808884,,
31161,Sheridan County,NE,2015,10.819242505020751,,
31161,Sheridan County,NE,2016,10.943629116495183,,
31161,Sheridan County,NE,2017,10.919451989445903,,
31161,Sheridan County,NE,2018,10.59659588203109,,
31161,Sheridan County,NE,2019,10.641019157933728,,
31161,Sheridan County,NE,2020,10.362184555282871,,
31161,Sheridan County,NE,2021,10.396164673612281,,
31161,Sheridan County,NE,2022,10.272466555458914,,
31163,Sherman County,NE,2010,9.209248511386404,,
31163,Sherman County,NE,2011,9.824502146956227,,
31163,Sherman County,NE,2012,10.552391320392154,,
31163,Sherman County,NE,2013,10.767496961832201,,
31163,Sherman County,NE,2014,12.131079186125625,,
31163,Sherman County,NE,2015,10.758884603261029,,
31163,Sherman County,NE,2016,10.887213373164329,,
31163,Sherman County,NE,2017,10.895936128749524,,
31163,Sherman County,NE,2018,10.601968493350187,,
31163,Sherman County,NE,2019,10.634858051374238,,
31163,Sherman County,NE,2020,10.496405508107713,,
31163,Sherman County,NE,2021,10.556936668851781,,
31163,Sherman County,NE,2022,10.446946604479876,,
31165,Sioux County,NE,2010,12.169949114101755,,
31165,Sioux County,NE,2011,12.2741464986947,,
31165,Sioux County,NE,2012,13.172132465650154,,
31165,Sioux County,NE,2013,12.50605666243867,,
31165,Sioux County,NE,2014,12.390195226595626,,
31165,Sioux County,NE,2015,10.985661347240473,,
31165,Sioux County,NE,2016,11.08208934406623,,
31165,Sioux County,NE,2017,11.060879383109324,,
31165,Sioux County,NE,2018,10.74965846540787,,
31165,Sioux County,NE,2019,10.856010012819258,,
31165,Sioux County,NE,2020,10.362184555282871,,
31165,Sioux County,NE,2021,10.396164673612281,,
31165,Sioux County,NE,2022,10.272466555458914,,
31167,Stanton County,NE,2010,8.576250270364143,,
31167,Stanton County,NE,2011,9.187215602180693,,
31167,Stanton County,NE,2012,9.94702352871795,,
31167,Stanton County,NE,2013,9.725908155238224,,
31167,Stanton County,NE,2014,9.763823374481037,,
31167,Stanton County,NE,2015,10.108310208778748,,
31167,Stanton County,NE,2016,10.204971502919491,,
31167,Stanton County,NE,2017,10.198254078857362,,
31167,Stanton County,NE,2018,9.990465747579973,,
31167,Stanton County,NE,2019,9.900931516057156,,
31167,Stanton County,NE,2020,9.782781988575035,,
31167,Stanton County,NE,2021,9.378948920228792,,
31167,Stanton County,NE,2022,9.234240874153091,,
31169,Thayer County,NE,2010,8.291459655363253,,
31169,Thayer County,NE,2011,8.792490957785626,,
31169,Thayer County,NE,2012,9.29244254922511,,
31169,Thayer County,NE,2013,9.190759648360496,,
31169,Thayer County,NE,2014,9.200884890065806,,
31169,Thayer County,NE,2015,9.592142411183996,,
31169,Thayer County,NE,2016,9.7494831358607,,
31169,Thayer County,NE,2017,9.997349475804365,,
31169,Thayer County,NE,2018,9.673465758823493,,
31169,Thayer County,NE,2019,9.721721405027248,,
31169,Thayer County,NE,2020,9.034933740919906,,
31169,Thayer County,NE,2021,8.747062321261716,,
31169,Thayer County,NE,2022,8.508573361434184,,
31171,Thomas County,NE,2010,9.589351685138505,,
31171,Thomas County,NE,2011,10.098737326944967,,
31171,Thomas County,NE,2012,10.765194455356642,,
31171,Thomas County,NE,2013,10.845941870742994,,
31171,Thomas County,NE,2014,10.932505251621153,,
31171,Thomas County,NE,2015,11.485684309340401,,
31171,Thomas County,NE,2016,11.819199977877023,,
31171,Thomas County,NE,2017,12.06880231504645,,
31171,Thomas County,NE,2018,12.289905000521975,,
31171,Thomas County,NE,2019,12.329886742517612,,
31171,Thomas County,NE,2020,,,
31171,Thomas County,NE,2021,,,
31171,Thomas County,NE,2022,,,
31173,Thurston County,NE,2010,8.794784365759138,,
31173,Thurston County,NE,2011,9.52420878195341,,
31173,Thurston County,NE,2012,10.317733213138709,,
31173,Thurston County,NE,2013,10.247752267017,,
31173,Thurston County,NE,2014,11.974559890852023,,
31173,Thurston County,NE,2015,10.71249357538813,,
31173,Thurston County,NE,2016,10.831347056625459,,
31173,Thurston County,NE,2017,10.791089522794897,,
31173,Thurston County,NE,2018,10.471154862435545,,
31173,Thurston County,NE,2019,10.511769453816349,,
31173,Thurston County,NE,2020,10.318125592134473,,
31173,Thurston County,NE,2021,10.269758294648694,,
31173,Thurston County,NE,2022,10.168941076235207,,
31175,Valley County,NE,2010,8.83248532609665,,
31175,Valley County,NE,2011,9.460175013252412,,
31175,Valley County,NE,2012,10.208572324916998,,
31175,Valley County,NE,2013,10.447876496815935,,
31175,Valley County,NE,2014,10.56827697616369,,
31175,Valley County,NE,2015,11.040592532449882,,
31175,Valley County,NE,2016,11.426389349434068,,
31175,Valley County,NE,2017,11.944763737938016,,
31175,Valley County,NE,2018,11.714865948273943,,
31175,Valley County,NE,2019,11.747232425040707,,
31175,Valley County,NE,2020,,,
31175,Valley County,NE,2021,,,
31175,Valley County,NE,2022,,,
31177,Washington County,NE,2010,9.234891911065537,,
31177,Washington County,NE,2011,9.390991896488694,,
31177,Washington County,NE,2012,10.14015223318013,,
31177,Washington County,NE,2013,10.703052393322565,,
31177,Washington County,NE,2014,10.697182622433193,,
31177,Washington County,NE,2015,11.092444231018575,,
31177,Washington County,NE,2016,11.490370606806877,,
31177,Washington County,NE,2017,11.506515345107006,,
31177,Washington County,NE,2018,11.22769845863559,,
31177,Washington County,NE,2019,11.320203986066927,,
31177,Washington County,NE,2020,11.396312504844525,,
31177,Washington County,NE,2021,11.384587862037744,,
31177,Washington County,NE,2022,11.679793386583283,,
31179,Wayne County,NE,2010,8.309981566750102,,
31179,Wayne County,NE,2011,9.041395791043744,,
31179,Wayne County,NE,2012,9.590808646242104,,
31179,Wayne County,NE,2013,9.345638606314541,,
31179,Wayne County,NE,2014,9.406618882489601,,
31179,Wayne County,NE,2015,9.877606751610442,,
31179,Wayne County,NE,2016,10.043098836644358,,
31179,Wayne County,NE,2017,10.044718202243587,,
31179,Wayne County,NE,2018,10.02273257674372,,
31179,Wayne County,NE,2019,9.94565087957128,,
31179,Wayne County,NE,2020,9.125281486065091,,
31179,Wayne County,NE,2021,8.545884875600532,,
31179,Wayne County,NE,2022,8.576892128515416,,
31181,Webster County,NE,2010,8.442246639073014,,
31181,Webster County,NE,2011,8.840885607724486,,
31181,Webster County,NE,2012,9.111915320182815,,
31181,Webster County,NE,2013,9.376879015158707,,
31181,Webster County,NE,2014,9.105724783690885,,
31181,Webster County,NE,2015,9.314608186758417,,
31181,Webster County,NE,2016,9.940271599283257,,
31181,Webster County,NE,2017,10.387796498788163,,
31181,Webster County,NE,2018,9.554268653595717,,
31181,Webster County,NE,2019,9.59942657291167,,
31181,Webster County,NE,2020,9.48428326661199,,
31181,Webster County,NE,2021,9.342180347466064,,
31181,Webster County,NE,2022,9.166992210856964,,
31183,Wheeler County,NE,2010,8.96583882005582,,
31183,Wheeler County,NE,2011,9.67256583320282,,
31183,Wheeler County,NE,2012,10.5054029415134,,
31183,Wheeler County,NE,2013,10.487247787113903,,
31183,Wheeler County,NE,2014,10.487579663459778,,
31183,Wheeler County,NE,2015,10.879229414899427,,
31183,Wheeler County,NE,2016,10.941802755965828,,
31183,Wheeler County,NE,2017,10.975319246461012,,
31183,Wheeler County,NE,2018,10.471995589282272,,
31183,Wheeler County,NE,2019,10.678237044450462,,
31183,Wheeler County,NE,2020,10.12714136113648,,
31183,Wheeler County,NE,2021,10.097475531696878,,
31183,Wheeler County,NE,2022,9.865902064484285,,
31185,York County,NE,2010,9.263161882316533,,
31185,York County,NE,2011,9.727022748364897,,
31185,York County,NE,2012,10.548772234813924,,
31185,York County,NE,2013,10.31043382356154,,
31185,York County,NE,2014,12.091358617932473,,
31185,York County,NE,2015,10.675338372357645,,
31185,York County,NE,2016,10.661662625879543,,
31185,York County,NE,2017,10.716294535506224,,
31185,York County,NE,2018,10.279482514035827,,
31185,York County,NE,2019,10.223322469885197,,
31185,York County,NE,2020,10.225675385231835,,
31185,York County,NE,2021,10.224704115981224,,
31185,York County,NE,2022,10.10293152972045,,
39001,Adams County,OH,2010,10.532316538699463,,
39001,Adams County,OH,2011,11.154656825792614,,
39001,Adams County,OH,2012,12.279356167470775,,
39001,Adams County,OH,2013,13.207652136771928,,
39001,Adams County,OH,2014,14.009564419390175,,
39001,Adams County,OH,2015,13.481711811918412,,
39001,Adams County,OH,2016,13.122428622356804,,
39001,Adams County,OH,2017,12.495513328243192,,
39001,Adams County,OH,2018,12.15898486848644,,
39001,Adams County,OH,2019,11.930168993604205,,
39001,Adams County,OH,2020,12.288453425442336,,
39001,Adams County,OH,2021,12.58930042163956,,
39001,Adams County,OH,2022,14.317629578716414,,
39003,Allen County,OH,2010,9.748259112947613,,
39003,Allen County,OH,2011,11.2023852449175,,
39003,Allen County,OH,2012,12.338788284514205,,
39003,Allen County,OH,2013,13.319503608808416,,
39003,Allen County,OH,2014,14.187559994327769,,
39003,Allen County,OH,2015,13.640285088745703,,
39003,Allen County,OH,2016,13.23972250589867,,
39003,Allen County,OH,2017,12.812425528933627,,
39003,Allen County,OH,2018,12.494347224222793,,
39003,Allen County,OH,2019,12.237242406890271,,
39003,Allen County,OH,2020,12.653095198242397,,
39003,Allen County,OH,2021,13.046059413628631,,
39003,Allen County,OH,2022,15.431168671459437,,
39005,Ashland County,OH,2010,10.281318833585463,,
39005,Ashland County,OH,2011,11.169474138129127,,
39005,Ashland County,OH,2012,12.153220951758037,,
39005,Ashland County,OH,2013,12.915386729777719,,
39005,Ashland County,OH,2014,13.633845372752846,,
39005,Ashland County,OH,2015,13.372783928512913,,
39005,Ashland County,OH,2016,12.866321531309483,,
39005,Ashland County,OH,2017,12.712141625685586,,
39005,Ashland County,OH,2018,12.493608257168972,,
39005,Ashland County,OH,2019,12.23055312152069,,
39005,Ashland County,OH,2020,12.416538650090413,,
39005,Ashland County,OH,2021,12.92020363328463,,
39005,Ashland County,OH,2022,14.61143157395662,,
39007,Ashtabula County,OH,2010,11.29688278488132,,
39007,Ashtabula County,OH,2011,11.16628883890335,,
39007,Ashtabula County,OH,2012,11.438146853773857,,
39007,Ashtabula County,OH,2013,11.434819540546282,,
39007,Ashtabula County,OH,2014,11.66909799539401,,
39007,Ashtabula County,OH,2015,12.636042145532862,,
39007,Ashtabula County,OH,2016,11.842341127527884,,
39007,Ashtabula County,OH,2017,12.433508494831253,,
39007,Ashtabula County,OH,2018,12.586887992125293,,
39007,Ashtabula County,OH,2019,12.209513895971924,,
39007,Ashtabula County,OH,2020,11.681403869548811,,
39007,Ashtabula County,OH,2021,12.541881803103637,,
39007,Ashtabula County,OH,2022,12.877178045625264,,
39009,Athens County,OH,2010,10.607434703085309,,
39009,Athens County,OH,2011,11.259037274183743,,
39009,Athens County,OH,2012,12.398661561029147,,
39009,Athens County,OH,2013,13.398215796834167,,
39009,Athens County,OH,2014,14.276497244218389,,
39009,Athens County,OH,2015,13.719834197053794,,
39009,Athens County,OH,2016,13.323793108546298,,
39009,Athens County,OH,2017,12.88746939017801,,
39009,Athens County,OH,2018,12.555216584247988,,
39009,Athens County,OH,2019,12.299909311974622,,
39009,Athens County,OH,2020,12.704891948350218,,
39009,Athens County,OH,2021,13.095571304365638,,
39009,Athens County,OH,2022,15.518434180775465,,
39011,Auglaize County,OH,2010,10.880111736873687,,
39011,Auglaize County,OH,2011,11.702280742015876,,
39011,Auglaize County,OH,2012,12.635598635365119,,
39011,Auglaize County,OH,2013,13.307410325658058,,
39011,Auglaize County,OH,2014,14.025541553429393,,
39011,Auglaize County,OH,2015,13.450270873124746,,
39011,Auglaize County,OH,2016,12.999489572341396,,
39011,Auglaize County,OH,2017,12.480324817442357,,
39011,Auglaize County,OH,2018,12.112048008504813,,
39011,Auglaize County,OH,2019,11.908108812340402,,
39011,Auglaize County,OH,2020,11.980300648457856,,
39011,Auglaize County,OH,2021,12.088866144762203,,
39011,Auglaize County,OH,2022,14.67134597365009,,
39013,Belmont County,OH,2010,9.772892791370976,,
39013,Belmont County,OH,2011,11.143276410385932,,
39013,Belmont County,OH,2012,12.269565840747177,,
39013,Belmont County,OH,2013,13.202190110344896,,
39013,Belmont County,OH,2014,14.011914861286908,,
39013,Belmont County,OH,2015,13.47843516542269,,
39013,Belmont County,OH,2016,13.112699422702912,,
39013,Belmont County,OH,2017,12.753270659522451,,
39013,Belmont County,OH,2018,12.436073728392277,,
39013,Belmont County,OH,2019,12.169119237566619,,
39013,Belmont County,OH,2020,12.62827295862516,,
39013,Belmont County,OH,2021,12.994426393011262,,
39013,Belmont County,OH,2022,15.225394877137628,,
39015,Brown County,OH,2010,12.028114690401313,,
39015,Brown County,OH,2011,11.746468381644315,,
39015,Brown County,OH,2012,12.211245866485331,,
39015,Brown County,OH,2013,12.846055523515936,,
39015,Brown County,OH,2014,13.423421941556697,,
39015,Brown County,OH,2015,12.948909405764466,,
39015,Brown County,OH,2016,12.676327046129094,,
39015,Brown County,OH,2017,12.300311104143558,,
39015,Brown County,OH,2018,11.926690318554897,,
39015,Brown County,OH,2019,11.728081982613638,,
39015,Brown County,OH,2020,11.83115777868088,,
39015,Brown County,OH,2021,11.961117069751722,,
39015,Brown County,OH,2022,14.002547280211708,,
39017,Butler County,OH,2010,12.660738034669738,,
39017,Butler County,OH,2011,12.644598877392227,,
39017,Butler County,OH,2012,12.097825403316772,,
39017,Butler County,OH,2013,12.192404273615912,,
39017,Butler County,OH,2014,12.351365069554422,,
39017,Butler County,OH,2015,12.146834645718496,,
39017,Butler County,OH,2016,12.015962745834118,,
39017,Butler County,OH,2017,11.649386595511341,,
39017,Butler County,OH,2018,11.255467230291643,,
39017,Butler County,OH,2019,11.19831414239351,,
39017,Butler County,OH,2020,10.719811459050614,,
39017,Butler County,OH,2021,10.634513788406764,,
39017,Butler County,OH,2022,12.423102772378114,,
39019,Carroll County,OH,2010,10.233037187103356,,
39019,Carroll County,OH,2011,11.110397457907796,,
39019,Carroll County,OH,2012,12.093911496917858,,
39019,Carroll County,OH,2013,12.829201454015736,,
39019,Carroll County,OH,2014,13.517737814839792,,
39019,Carroll County,OH,2015,13.263639563362757,,
39019,Carroll County,OH,2016,12.786969227314238,,
39019,Carroll County,OH,2017,12.64789783591512,,
39019,Carroll County,OH,2018,12.43933471288425,,
39019,Carroll County,OH,2019,12.157623150641717,,
39019,Carroll County,OH,2020,12.370731920287867,,
39019,Carroll County,OH,2021,12.836151253434753,,
39019,Carroll County,OH,2022,14.468490707258365,,
39021,Champaign County,OH,2010,11.651360431194336,,
39021,Champaign County,OH,2011,12.234570838451486,,
39021,Champaign County,OH,2012,12.632311288381274,,
39021,Champaign County,OH,2013,12.449332881054724,,
39021,Champaign County,OH,2014,12.63450075146556,,
39021,Champaign County,OH,2015,12.768485774406848,,
39021,Champaign County,OH,2016,12.04225299248987,,
39021,Champaign County,OH,2017,11.944055736983415,,
39021,Champaign County,OH,2018,11.767829448208195,,
39021,Champaign County,OH,2019,11.571056987383832,,
39021,Champaign County,OH,2020,10.853008469088444,,
39021,Champaign County,OH,2021,11.070881950877137,,
39021,Champaign County,OH,2022,12.729612019869842,,
39023,Clark County,OH,2010,11.65243330609143,,
39023,Clark County,OH,2011,12.237512767905315,,
39023,Clark County,OH,2012,12.633755722972767,,
39023,Clark County,OH,2013,12.442455273613765,,
39023,Clark County,OH,2014,12.624463924540446,,
39023,Clark County,OH,2015,12.755988435035214,,
39023,Clark County,OH,2016,12.017315859269642,,
39023,Clark County,OH,2017,11.80599670154433,,
39023,Clark County,OH,2018,11.526902760014432,,
39023,Clark County,OH,2019,11.380480542256885,,
39023,Clark County,OH,2020,10.878092430312314,,
39023,Clark County,OH,2021,11.067250557658456,,
39023,Clark County,OH,2022,12.400730228137837,,
39025,Clermont County,OH,2010,12.463749437350362,,
39025,Clermont County,OH,2011,11.812296566912435,,
39025,Clermont County,OH,2012,10.824158597213202,,
39025,Clermont County,OH,2013,11.266409332596082,,
39025,Clermont County,OH,2014,11.47201901023868,,
39025,Clermont County,OH,2015,11.438239099715652,,
39025,Clermont County,OH,2016,11.742984296076107,,
39025,Clermont County,OH,2017,11.817016648746906,,
39025,Clermont County,OH,2018,11.454487848481634,,
39025,Clermont County,OH,2019,11.304698749612495,,
39025,Clermont County,OH,2020,11.521124915563066,,
39025,Clermont County,OH,2021,11.72598984790036,,
39025,Clermont County,OH,2022,12.287135502127565,,
39027,Clinton County,OH,2010,12.469534449750347,,
39027,Clinton County,OH,2011,12.443220177781436,,
39027,Clinton County,OH,2012,12.0318753691995,,
39027,Clinton County,OH,2013,12.144604166818032,,
39027,Clinton County,OH,2014,12.299398502963909,,
39027,Clinton County,OH,2015,12.00942615823927,,
39027,Clinton County,OH,2016,11.9229364535067,,
39027,Clinton County,OH,2017,11.615774582448347,,
39027,Clinton County,OH,2018,11.176653012895057,,
39027,Clinton County,OH,2019,11.085057981389463,,
39027,Clinton County,OH,2020,10.762395463727614,,
39027,Clinton County,OH,2021,10.699849512434122,,
39027,Clinton County,OH,2022,12.402978802403657,,
39029,Columbiana County,OH,2010,10.24271106362572,,
39029,Columbiana County,OH,2011,11.149745050543656,,
39029,Columbiana County,OH,2012,12.13713346345694,,
39029,Columbiana County,OH,2013,12.920827636615282,,
39029,Columbiana County,OH,2014,13.666649524105498,,
39029,Columbiana County,OH,2015,13.39709633569409,,
39029,Columbiana County,OH,2016,12.866346674074391,,
39029,Columbiana County,OH,2017,12.672171114171086,,
39029,Columbiana County,OH,2018,12.455746875742433,,
39029,Columbiana County,OH,2019,12.183103083309373,,
39029,Columbiana County,OH,2020,12.345497266156379,,
39029,Columbiana County,OH,2021,12.829048101350043,,
39029,Columbiana County,OH,2022,14.559119837582761,,
39031,Coshocton County,OH,2010,9.884079319481911,,
39031,Coshocton County,OH,2011,11.246619668636827,,
39031,Coshocton County,OH,2012,12.38344907265179,,
39031,Coshocton County,OH,2013,13.363443774991085,,
39031,Coshocton County,OH,2014,14.210735645070722,,
39031,Coshocton County,OH,2015,13.658635089651712,,
39031,Coshocton County,OH,2016,13.27179068388046,,
39031,Coshocton County,OH,2017,12.57389550278452,,
39031,Coshocton County,OH,2018,12.220961710557884,,
39031,Coshocton County,OH,2019,12.014609533460265,,
39031,Coshocton County,OH,2020,12.342061421881706,,
39031,Coshocton County,OH,2021,12.671737924071934,,
39031,Coshocton County,OH,2022,14.452076045615994,,
39033,Crawford County,OH,2010,10.232381381002352,,
39033,Crawford County,OH,2011,11.142636344226416,,
39033,Crawford County,OH,2012,12.118927149110437,,
39033,Crawford County,OH,2013,12.898767974966496,,
39033,Crawford County,OH,2014,13.636180835918864,,
39033,Crawford County,OH,2015,13.380412560013731,,
39033,Crawford County,OH,2016,12.858892762880632,,
39033,Crawford County,OH,2017,12.664783513866883,,
39033,Crawford County,OH,2018,12.458658432204327,,
39033,Crawford County,OH,2019,12.184723507552949,,
39033,Crawford County,OH,2020,12.35377009068162,,
39033,Crawford County,OH,2021,12.839892253320716,,
39033,Crawford County,OH,2022,14.565453916155203,,
39035,Cuyahoga County,OH,2010,11.308690536340624,,
39035,Cuyahoga County,OH,2011,11.198917074181182,,
39035,Cuyahoga County,OH,2012,11.431474452887503,,
39035,Cuyahoga County,OH,2013,11.499691427882924,,
39035,Cuyahoga County,OH,2014,11.807511170113951,,
39035,Cuyahoga County,OH,2015,12.707465563350505,,
39035,Cuyahoga County,OH,2016,12.007811089202798,,
39035,Cuyahoga County,OH,2017,12.591331536405583,,
39035,Cuyahoga County,OH,2018,12.834043440863468,,
39035,Cuyahoga County,OH,2019,12.502093028480045,,
39035,Cuyahoga County,OH,2020,12.037662532518107,,
39035,Cuyahoga County,OH,2021,12.795815193643753,,
39035,Cuyahoga County,OH,2022,13.00836233655153,,
39037,Darke County,OH,2010,10.90517988123959,,
39037,Darke County,OH,2011,11.723779640633005,,
39037,Darke County,OH,2012,12.673221880710193,,
39037,Darke County,OH,2013,13.356145809813524,,
39037,Darke County,OH,2014,14.085901301882013,,
39037,Darke County,OH,2015,13.50189476926221,,
39037,Darke County,OH,2016,13.03424650829527,,
39037,Darke County,OH,2017,12.495035083639152,,
39037,Darke County,OH,2018,12.119134071374614,,
39037,Darke County,OH,2019,11.899525353011926,,
39037,Darke County,OH,2020,11.977289422372714,,
39037,Darke County,OH,2021,12.095882135495481,,
39037,Darke County,OH,2022,14.718144075392768,,
39039,Defiance County,OH,2010,10.010249646557263,,
39039,Defiance County,OH,2011,11.232107449434816,,
39039,Defiance County,OH,2012,12.27513609399669,,
39039,Defiance County,OH,2013,13.210368728919184,,
39039,Defiance County,OH,2014,14.057337063214247,,
39039,Defiance County,OH,2015,13.580765418049298,,
39039,Defiance County,OH,2016,13.139057260186021,,
39039,Defiance County,OH,2017,12.798223553931424,,
39039,Defiance County,OH,2018,12.51122503159435,,
39039,Defiance County,OH,2019,12.246171923773941,,
39039,Defiance County,OH,2020,12.600014471988683,,
39039,Defiance County,OH,2021,13.013066930011735,,
39039,Defiance County,OH,2022,15.21335923170939,,
39041,Delaware County,OH,2010,11.020775440388642,,
39041,Delaware County,OH,2011,11.59169537752843,,
39041,Delaware County,OH,2012,12.438348303596307,,
39041,Delaware County,OH,2013,12.98673280505192,,
39041,Delaware County,OH,2014,13.62082085726872,,
39041,Delaware County,OH,2015,13.297237747133767,,
39041,Delaware County,OH,2016,12.753338654512378,,
39041,Delaware County,OH,2017,12.316344292274831,,
39041,Delaware County,OH,2018,12.011883320116832,,
39041,Delaware County,OH,2019,11.827745882382692,,
39041,Delaware County,OH,2020,11.79999647103648,,
39041,Delaware County,OH,2021,12.071420671955739,,
39041,Delaware County,OH,2022,13.7909748523243,,
39043,Erie County,OH,2010,10.86726255743486,,
39043,Erie County,OH,2011,10.981176784306124,,
39043,Erie County,OH,2012,11.450068466664126,,
39043,Erie County,OH,2013,11.464642194471082,,
39043,Erie County,OH,2014,11.643140308113653,,
39043,Erie County,OH,2015,12.570098314330481,,
39043,Erie County,OH,2016,11.845835501345626,,
39043,Erie County,OH,2017,12.371674585518086,,
39043,Erie County,OH,2018,12.50633322746232,,
39043,Erie County,OH,2019,12.219253547096766,,
39043,Erie County,OH,2020,11.762641295153275,,
39043,Erie County,OH,2021,12.565369366611254,,
39043,Erie County,OH,2022,12.883498929348944,,
39045,Fairfield County,OH,2010,10.521773965874843,,
39045,Fairfield County,OH,2011,11.144707857213445,,
39045,Fairfield County,OH,2012,12.269565840747177,,
39045,Fairfield County,OH,2013,13.202190110344896,,
39045,Fairfield County,OH,2014,14.011914861286908,,
39045,Fairfield County,OH,2015,13.47843516542269,,
39045,Fairfield County,OH,2016,13.112699422702912,,
39045,Fairfield County,OH,2017,12.483543174875635,,
39045,Fairfield County,OH,2018,12.148952835908291,,
39045,Fairfield County,OH,2019,11.917631433119459,,
39045,Fairfield County,OH,2020,12.288453425442336,,
39045,Fairfield County,OH,2021,12.58930042163956,,
39045,Fairfield County,OH,2022,14.317629578716414,,
39047,Fayette County,OH,2010,11.429407864119456,,
39047,Fayette County,OH,2011,11.538429598834838,,
39047,Fayette County,OH,2012,12.395194862865772,,
39047,Fayette County,OH,2013,12.928750236343646,,
39047,Fayette County,OH,2014,13.541160719828888,,
39047,Fayette County,OH,2015,13.216214010756058,,
39047,Fayette County,OH,2016,12.692188079246337,,
39047,Fayette County,OH,2017,12.418537776239239,,
39047,Fayette County,OH,2018,12.153274385203042,,
39047,Fayette County,OH,2019,11.909647146659152,,
39047,Fayette County,OH,2020,11.913338360440223,,
39047,Fayette County,OH,2021,12.17954041814863,,
39047,Fayette County,OH,2022,14.137419668655424,,
39049,Franklin County,OH,2010,10.63580498244645,,
39049,Franklin County,OH,2011,11.12591599299708,,
39049,Franklin County,OH,2012,12.095117875503673,,
39049,Franklin County,OH,2013,12.80810459690086,,
39049,Franklin County,OH,2014,13.474353844966402,,
39049,Franklin County,OH,2015,13.23138944349935,,
39049,Franklin County,OH,2016,12.766287436318457,,
39049,Franklin County,OH,2017,12.46197351546612,,
39049,Franklin County,OH,2018,12.207625799249145,,
39049,Franklin County,OH,2019,11.98811017078144,,
39049,Franklin County,OH,2020,12.189781266722418,,
39049,Franklin County,OH,2021,12.607619572685772,,
39049,Franklin County,OH,2022,13.948427058709655,,
39051,Fulton County,OH,2010,11.475556738930996,,
39051,Fulton County,OH,2011,11.694057898267754,,
39051,Fulton County,OH,2012,11.636318365520802,,
39051,Fulton County,OH,2013,11.808333874200835,,
39051,Fulton County,OH,2014,12.142150861729501,,
39051,Fulton County,OH,2015,12.886545884037654,,
39051,Fulton County,OH,2016,12.205513328909529,,
39051,Fulton County,OH,2017,12.781346122114053,,
39051,Fulton County,OH,2018,13.006432732555657,,
39051,Fulton County,OH,2019,12.701298001605915,,
39051,Fulton County,OH,2020,12.317107989058599,,
39051,Fulton County,OH,2021,13.033141982495152,,
39051,Fulton County,OH,2022,13.177302683176267,,
39053,Gallia County,OH,2010,10.588291003132154,,
39053,Gallia County,OH,2011,11.23987290324294,,
39053,Gallia County,OH,2012,12.37856781743794,,
39053,Gallia County,OH,2013,13.383737499299784,,
39053,Gallia County,OH,2014,14.269763134294427,,
39053,Gallia County,OH,2015,13.713453706678717,,
39053,Gallia County,OH,2016,13.310086797122374,,
39053,Gallia County,OH,2017,12.861424010288516,,
39053,Gallia County,OH,2018,12.521249420598748,,
39053,Gallia County,OH,2019,12.266925624587316,,
39053,Gallia County,OH,2020,12.704891948350218,,
39053,Gallia County,OH,2021,13.095571304365638,,
39053,Gallia County,OH,2022,15.518434180775465,,
39055,Geauga County,OH,2010,11.29688278488132,,
39055,Geauga County,OH,2011,11.16628883890335,,
39055,Geauga County,OH,2012,11.438146853773857,,
39055,Geauga County,OH,2013,11.434819540546282,,
39055,Geauga County,OH,2014,11.66909799539401,,
39055,Geauga County,OH,2015,12.636042145532862,,
39055,Geauga County,OH,2016,11.842341127527884,,
39055,Geauga County,OH,2017,12.433508494831253,,
39055,Geauga County,OH,2018,12.586887992125293,,
39055,Geauga County,OH,2019,12.209513895971924,,
39055,Geauga County,OH,2020,11.681403869548811,,
39055,Geauga County,OH,2021,12.541881803103637,,
39055,Geauga County,OH,2022,12.877178045625264,,
39057,Greene County,OH,2010,11.644476116292477,,
39057,Greene County,OH,2011,12.236802828797138,,
39057,Greene County,OH,2012,12.613591789253839,,
39057,Greene County,OH,2013,12.406527059112218,,
39057,Greene County,OH,2014,12.598841495264482,,
39057,Greene County,OH,2015,12.736821592191772,,
39057,Greene County,OH,2016,11.9671078579634,,
39057,Greene County,OH,2017,11.753568264355211,,
39057,Greene County,OH,2018,11.463368332617868,,
39057,Greene County,OH,2019,11.333803643486016,,
39057,Greene County,OH,2020,10.80806957799814,,
39057,Greene County,OH,2021,10.994049612890457,,
39057,Greene County,OH,2022,12.352606913762678,,
39059,Guernsey County,OH,2010,9.833566165300489,,
39059,Guernsey County,OH,2011,11.242007822384291,,
39059,Guernsey County,OH,2012,12.384028414111524,,
39059,Guernsey County,OH,2013,13.38663663088381,,
39059,Guernsey County,OH,2014,14.256797603872613,,
39059,Guernsey County,OH,2015,13.69164624292741,,
39059,Guernsey County,OH,2016,13.290406186504535,,
39059,Guernsey County,OH,2017,12.862921152014238,,
39059,Guernsey County,OH,2018,12.53035310583591,,
39059,Guernsey County,OH,2019,12.27776649348991,,
39059,Guernsey County,OH,2020,12.66023762179271,,
39059,Guernsey County,OH,2021,13.04664558582196,,
39059,Guernsey County,OH,2022,15.481308692320148,,
39061,Hamilton County,OH,2010,12.948171329363552,,
39061,Hamilton County,OH,2011,12.18661324888121,,
39061,Hamilton County,OH,2012,10.740702731610694,,
39061,Hamilton County,OH,2013,11.22713103778966,,
39061,Hamilton County,OH,2014,11.448350463296629,,
39061,Hamilton County,OH,2015,11.443164491816978,,
39061,Hamilton County,OH,2016,11.813670598568663,,
39061,Hamilton County,OH,2017,11.760680880745989,,
39061,Hamilton County,OH,2018,11.317928346746191,,
39061,Hamilton County,OH,2019,11.240821703535598,,
39061,Hamilton County,OH,2020,11.25661560478815,,
39061,Hamilton County,OH,2021,11.43892021209147,,
39061,Hamilton County,OH,2022,11.991457833532545,,
39063,Hancock County,OH,2010,9.752805768118938,,
39063,Hancock County,OH,2011,11.212653401422049,,
39063,Hancock County,OH,2012,12.3489275213329,,
39063,Hancock County,OH,2013,13.34582429901319,,
39063,Hancock County,OH,2014,14.21703858918074,,
39063,Hancock County,OH,2015,13.663907352828133,,
39063,Hancock County,OH,2016,13.25903316166065,,
39063,Hancock County,OH,2017,12.823131261923946,,
39063,Hancock County,OH,2018,12.496220696962439,,
39063,Hancock County,OH,2019,12.241421656623166,,
39063,Hancock County,OH,2020,12.660803548290115,,
39063,Hancock County,OH,2021,13.055745520438114,,
39063,Hancock County,OH,2022,15.478443166117243,,
39065,Hardin County,OH,2010,10.904450749649767,,
39065,Hardin County,OH,2011,11.72922599075933,,
39065,Hardin County,OH,2012,12.67673718292233,,
39065,Hardin County,OH,2013,13.363755026352836,,
39065,Hardin County,OH,2014,14.09712302627683,,
39065,Hardin County,OH,2015,13.521952059266335,,
39065,Hardin County,OH,2016,13.048042573173369,,
39065,Hardin County,OH,2017,12.509686559550222,,
39065,Hardin County,OH,2018,12.139559438200115,,
39065,Hardin County,OH,2019,11.927108592042076,,
39065,Hardin County,OH,2020,11.97798736311115,,
39065,Hardin County,OH,2021,12.10703071815856,,
39065,Hardin County,OH,2022,14.737752154289558,,
39067,Harrison County,OH,2010,9.847787299213772,,
39067,Harrison County,OH,2011,11.167878752501652,,
39067,Harrison County,OH,2012,12.296124920224203,,
39067,Harrison County,OH,2013,13.21633228133141,,
39067,Harrison County,OH,2014,14.000585083626953,,
39067,Harrison County,OH,2015,13.480562985084024,,
39067,Harrison County,OH,2016,13.131336282952647,,
39067,Harrison County,OH,2017,12.794087745264344,,
39067,Harrison County,OH,2018,12.477421243147521,,
39067,Harrison County,OH,2019,12.216851934209611,,
39067,Harrison County,OH,2020,12.656649349861937,,
39067,Harrison County,OH,2021,13.028153284988711,,
39067,Harrison County,OH,2022,15.233305750552228,,
39069,Henry County,OH,2010,10.033720226100202,,
39069,Henry County,OH,2011,11.247756983832867,,
39069,Henry County,OH,2012,12.298626151466237,,
39069,Henry County,OH,2013,13.238188200116062,,
39069,Henry County,OH,2014,14.071094159222971,,
39069,Henry County,OH,2015,13.597490108357551,,
39069,Henry County,OH,2016,13.154568724253242,,
39069,Henry County,OH,2017,12.813484940155956,,
39069,Henry County,OH,2018,12.534676771184673,,
39069,Henry County,OH,2019,12.275533144848918,,
39069,Henry County,OH,2020,12.619044688232922,,
39069,Henry County,OH,2021,13.03926691136762,,
39069,Henry County,OH,2022,15.230314812665284,,
39071,Highland County,OH,2010,12.035376041504751,,
39071,Highland County,OH,2011,11.749999102324981,,
39071,Highland County,OH,2012,12.211245866485333,,
39071,Highland County,OH,2013,12.846055523515936,,
39071,Highland County,OH,2014,13.423421941556697,,
39071,Highland County,OH,2015,12.948909405764464,,
39071,Highland County,OH,2016,12.676327046129096,,
39071,Highland County,OH,2017,12.300311104143558,,
39071,Highland County,OH,2018,11.926690318554897,,
39071,Highland County,OH,2019,11.731019744114157,,
39071,Highland County,OH,2020,11.83115777868088,,
39071,Highland County,OH,2021,11.961117069751722,,
39071,Highland County,OH,2022,14.002547280211708,,
39073,Hocking County,OH,2010,10.521773965874843,,
39073,Hocking County,OH,2011,11.144707857213445,,
39073,Hocking County,OH,2012,12.269565840747177,,
39073,Hocking County,OH,2013,13.202190110344896,,
39073,Hocking County,OH,2014,14.011914861286908,,
39073,Hocking County,OH,2015,13.47843516542269,,
39073,Hocking County,OH,2016,13.112699422702912,,
39073,Hocking County,OH,2017,12.753270659522451,,
39073,Hocking County,OH,2018,12.436073728392277,,
39073,Hocking County,OH,2019,12.162733213098624,,
39073,Hocking County,OH,2020,12.62827295862516,,
39073,Hocking County,OH,2021,12.994426393011262,,
39073,Hocking County,OH,2022,15.225394877137628,,
39075,Holmes County,OH,2010,10.238387234685877,,
39075,Holmes County,OH,2011,11.150759907416607,,
39075,Holmes County,OH,2012,12.132629795607745,,
39075,Holmes County,OH,2013,12.91256886730861,,
39075,Holmes County,OH,2014,13.655578681147485,,
39075,Holmes County,OH,2015,13.386060135579923,,
39075,Holmes County,OH,2016,12.85708279299677,,
39075,Holmes County,OH,2017,12.673108077673538,,
39075,Holmes County,OH,2018,12.459370570286366,,
39075,Holmes County,OH,2019,12.183284000979413,,
39075,Holmes County,OH,2020,12.361526800183539,,
39075,Holmes County,OH,2021,12.847930325424393,,
39075,Holmes County,OH,2022,14.562912663936915,,
39077,Huron County,OH,2010,10.242686750845223,,
39077,Huron County,OH,2011,11.146956873400375,,
39077,Huron County,OH,2012,12.130560066716837,,
39077,Huron County,OH,2013,12.903308739883762,,
39077,Huron County,OH,2014,13.635646331450923,,
39077,Huron County,OH,2015,13.37665478498757,,
39077,Huron County,OH,2016,12.855260332747509,,
39077,Huron County,OH,2017,12.672377318043042,,
39077,Huron County,OH,2018,12.458901106987224,,
39077,Huron County,OH,2019,12.193856426342503,,
39077,Huron County,OH,2020,12.370758796853222,,
39077,Huron County,OH,2021,12.860968585533598,,
39077,Huron County,OH,2022,14.587189227735925,,
39079,Jackson County,OH,2010,10.590996397131276,,
39079,Jackson County,OH,2011,11.241867270861668,,
39079,Jackson County,OH,2012,12.37767647711089,,
39079,Jackson County,OH,2013,13.381682121266593,,
39079,Jackson County,OH,2014,14.265083518260063,,
39079,Jackson County,OH,2015,13.709437604129022,,
39079,Jackson County,OH,2016,13.310021806375916,,
39079,Jackson County,OH,2017,12.868742834554842,,
39079,Jackson County,OH,2018,12.531544301301993,,
39079,Jackson County,OH,2019,12.274702690151768,,
39079,Jackson County,OH,2020,12.704891948350218,,
39079,Jackson County,OH,2021,13.095571304365638,,
39079,Jackson County,OH,2022,15.518434180775465,,
39081,Jefferson County,OH,2010,10.233037187103356,,
39081,Jefferson County,OH,2011,11.110397457907796,,
39081,Jefferson County,OH,2012,12.093911496917858,,
39081,Jefferson County,OH,2013,13.202823476963285,,
39081,Jefferson County,OH,2014,14.002325676800988,,
39081,Jefferson County,OH,2015,13.475598298198666,,
39081,Jefferson County,OH,2016,13.119093058339697,,
39081,Jefferson County,OH,2017,12.769450801554731,,
39081,Jefferson County,OH,2018,12.452587710853951,,
39081,Jefferson County,OH,2019,12.185653154581724,,
39081,Jefferson County,OH,2020,12.62827295862516,,
39081,Jefferson County,OH,2021,12.994426393011262,,
39081,Jefferson County,OH,2022,15.225394877137628,,
39083,Knox County,OH,2010,10.661676882787301,,
39083,Knox County,OH,2011,11.169456829847237,,
39083,Knox County,OH,2012,12.15001140579322,,
39083,Knox County,OH,2013,12.912944517444373,,
39083,Knox County,OH,2014,13.63657754160601,,
39083,Knox County,OH,2015,13.375035716195486,,
39083,Knox County,OH,2016,12.866212492911696,,
39083,Knox County,OH,2017,12.709519344718286,,
39083,Knox County,OH,2018,12.48827947833683,,
39083,Knox County,OH,2019,12.239182976045758,,
39083,Knox County,OH,2020,12.423119333475947,,
39083,Knox County,OH,2021,12.93687793056943,,
39083,Knox County,OH,2022,14.604183767896947,,
39085,Lake County,OH,2010,11.292212201723615,,
39085,Lake County,OH,2011,11.174506370215044,,
39085,Lake County,OH,2012,11.444684261058292,,
39085,Lake County,OH,2013,11.570521635650096,,
39085,Lake County,OH,2014,11.904662797165923,,
39085,Lake County,OH,2015,12.739936338647448,,
39085,Lake County,OH,2016,12.022554225402809,,
39085,Lake County,OH,2017,12.715744073198726,,
39085,Lake County,OH,2018,12.946270379002756,,
39085,Lake County,OH,2019,12.568595824054826,,
39085,Lake County,OH,2020,12.045947403539826,,
39085,Lake County,OH,2021,12.961278049483113,,
39085,Lake County,OH,2022,13.228424019831063,,
39087,Lawrence County,OH,2010,10.588291003132154,,
39087,Lawrence County,OH,2011,11.23987290324294,,
39087,Lawrence County,OH,2012,12.37856781743794,,
39087,Lawrence County,OH,2013,13.383737499299784,,
39087,Lawrence County,OH,2014,14.269763134294427,,
39087,Lawrence County,OH,2015,13.713453706678717,,
39087,Lawrence County,OH,2016,13.310086797122374,,
39087,Lawrence County,OH,2017,12.861424010288516,,
39087,Lawrence County,OH,2018,12.521249420598748,,
39087,Lawrence County,OH,2019,12.266925624587316,,
39087,Lawrence County,OH,2020,12.704891948350218,,
39087,Lawrence County,OH,2021,13.095571304365638,,
39087,Lawrence County,OH,2022,15.518434180775465,,
39089,Licking County,OH,2010,10.571434828007039,,
39089,Licking County,OH,2011,11.18543572503294,,
39089,Licking County,OH,2012,12.306301170642252,,
39089,Licking County,OH,2013,13.20487504896711,,
39089,Licking County,OH,2014,13.97139073967937,,
39089,Licking County,OH,2015,13.466621447924854,,
39089,Licking County,OH,2016,13.128885127763382,,
39089,Licking County,OH,2017,12.552699307346478,,
39089,Licking County,OH,2018,12.216966193879031,,
39089,Licking County,OH,2019,12.016720721880302,,
39089,Licking County,OH,2020,12.374779230764275,,
39089,Licking County,OH,2021,12.711995009979868,,
39089,Licking County,OH,2022,14.382050144049561,,
39091,Logan County,OH,2010,10.921383404885034,,
39091,Logan County,OH,2011,11.731931228100358,,
39091,Logan County,OH,2012,12.67752971439341,,
39091,Logan County,OH,2013,13.36500830749507,,
39091,Logan County,OH,2014,14.096880263601301,,
39091,Logan County,OH,2015,13.517393949189767,,
39091,Logan County,OH,2016,13.054122755539037,,
39091,Logan County,OH,2017,12.520665245371095,,
39091,Logan County,OH,2018,12.14940718559665,,
39091,Logan County,OH,2019,11.92973681889044,,
39091,Logan County,OH,2020,11.988471058512314,,
39091,Logan County,OH,2021,12.112473225492334,,
39091,Logan County,OH,2022,14.73490516108767,,
39093,Lorain County,OH,2010,11.27040960742584,,
39093,Lorain County,OH,2011,11.15638166719177,,
39093,Lorain County,OH,2012,11.456930730822744,,
39093,Lorain County,OH,2013,11.456221321997209,,
39093,Lorain County,OH,2014,11.684380024432917,,
39093,Lorain County,OH,2015,12.600976159106233,,
39093,Lorain County,OH,2016,11.867203873276752,,
39093,Lorain County,OH,2017,12.448930188250475,,
39093,Lorain County,OH,2018,12.610062702695043,,
39093,Lorain County,OH,2019,12.256023205011788,,
39093,Lorain County,OH,2020,11.742594843525426,,
39093,Lorain County,OH,2021,12.599234160335634,,
39093,Lorain County,OH,2022,12.957006913083827,,
39095,Lucas County,OH,2010,11.474566150115477,,
39095,Lucas County,OH,2011,11.738539238436797,,
39095,Lucas County,OH,2012,11.673028694107623,,
39095,Lucas County,OH,2013,11.852534664417389,,
39095,Lucas County,OH,2014,12.185403938610659,,
39095,Lucas County,OH,2015,13.00093707201038,,
39095,Lucas County,OH,2016,12.241057133656561,,
39095,Lucas County,OH,2017,12.819639072867675,,
39095,Lucas County,OH,2018,13.028127980689993,,
39095,Lucas County,OH,2019,12.683103776577001,,
39095,Lucas County,OH,2020,12.298869940763709,,
39095,Lucas County,OH,2021,13.003216643456522,,
39095,Lucas County,OH,2022,13.128919926636614,,
39097,Madison County,OH,2010,11.435433096723107,,
39097,Madison County,OH,2011,11.54458871060765,,
39097,Madison County,OH,2012,12.402033757304743,,
39097,Madison County,OH,2013,12.93348761969034,,
39097,Madison County,OH,2014,13.536534444840518,,
39097,Madison County,OH,2015,13.214757056895914,,
39097,Madison County,OH,2016,12.70244239252874,,
39097,Madison County,OH,2017,12.304338482769289,,
39097,Madison County,OH,2018,12.018969354951954,,
39097,Madison County,OH,2019,11.796751275814277,,
39097,Madison County,OH,2020,11.809915777659931,,
39097,Madison County,OH,2021,12.057368031045575,,
39097,Madison County,OH,2022,13.745427130397227,,
39099,Mahoning County,OH,2010,10.873245822322732,,
39099,Mahoning County,OH,2011,10.915777288557589,,
39099,Mahoning County,OH,2012,11.350530433977791,,
39099,Mahoning County,OH,2013,11.346715277043927,,
39099,Mahoning County,OH,2014,11.559425237457752,,
39099,Mahoning County,OH,2015,12.543362897736941,,
39099,Mahoning County,OH,2016,11.758355003165587,,
39099,Mahoning County,OH,2017,12.27022545977331,,
39099,Mahoning County,OH,2018,12.394877289315968,,
39099,Mahoning County,OH,2019,12.080097165738966,,
39099,Mahoning County,OH,2020,11.56834501028844,,
39099,Mahoning County,OH,2021,12.365066071569704,,
39099,Mahoning County,OH,2022,12.65807069582607,,
39101,Marion County,OH,2010,10.242828080130161,,
39101,Marion County,OH,2011,11.150500830872089,,
39101,Marion County,OH,2012,12.12841796115019,,
39101,Marion County,OH,2013,12.904671101252342,,
39101,Marion County,OH,2014,13.644691641950589,,
39101,Marion County,OH,2015,13.3846515503545,,
39101,Marion County,OH,2016,12.861723994543564,,
39101,Marion County,OH,2017,12.673706631735305,,
39101,Marion County,OH,2018,12.460042230375821,,
39101,Marion County,OH,2019,12.201721452296152,,
39101,Marion County,OH,2020,12.380751897623156,,
39101,Marion County,OH,2021,12.88367668289498,,
39101,Marion County,OH,2022,14.575269412140148,,
39103,Medina County,OH,2010,11.309999935776053,,
39103,Medina County,OH,2011,11.18487676151148,,
39103,Medina County,OH,2012,11.491020541257567,,
39103,Medina County,OH,2013,11.466614212689198,,
39103,Medina County,OH,2014,11.700266237518791,,
39103,Medina County,OH,2015,12.613656109707065,,
39103,Medina County,OH,2016,11.870641892152554,,
39103,Medina County,OH,2017,12.458293458384079,,
39103,Medina County,OH,2018,12.595639331305573,,
39103,Medina County,OH,2019,12.249699693200238,,
39103,Medina County,OH,2020,11.706887676964705,,
39103,Medina County,OH,2021,12.541449970793412,,
39103,Medina County,OH,2022,12.929442064317485,,
39105,Meigs County,OH,2010,10.588291003132154,,
39105,Meigs County,OH,2011,11.23987290324294,,
39105,Meigs County,OH,2012,12.37856781743794,,
39105,Meigs County,OH,2013,13.383737499299784,,
39105,Meigs County,OH,2014,14.269763134294427,,
39105,Meigs County,OH,2015,13.713453706678717,,
39105,Meigs County,OH,2016,13.310086797122374,,
39105,Meigs County,OH,2017,12.861424010288516,,
39105,Meigs County,OH,2018,12.521249420598748,,
39105,Meigs County,OH,2019,12.266925624587316,,
39105,Meigs County,OH,2020,12.704891948350218,,
39105,Meigs County,OH,2021,13.095571304365638,,
39105,Meigs County,OH,2022,15.518434180775465,,
39107,Mercer County,OH,2010,12.365410450405195,,
39107,Mercer County,OH,2011,13.0755850435292,,
39107,Mercer County,OH,2012,13.506969406728516,,
39107,Mercer County,OH,2013,13.256735943716157,,
39107,Mercer County,OH,2014,13.437728117599892,,
39107,Mercer County,OH,2015,12.876041521874196,,
39107,Mercer County,OH,2016,12.281124289617702,,
39107,Mercer County,OH,2017,11.526393791552382,,
39107,Mercer County,OH,2018,11.049840214191066,,
39107,Mercer County,OH,2019,11.044485684110404,,
39107,Mercer County,OH,2020,10.07257304778913,,
39107,Mercer County,OH,2021,9.729638399959917,,
39107,Mercer County,OH,2022,12.717278304221054,,
39109,Miami County,OH,2010,12.379603580104757,,
39109,Miami County,OH,2011,13.076365229209069,,
39109,Miami County,OH,2012,13.492821468541278,,
39109,Miami County,OH,2013,12.379806634227998,,
39109,Miami County,OH,2014,12.573905664271075,,
39109,Miami County,OH,2015,12.721740963289637,,
39109,Miami County,OH,2016,12.006116991816812,,
39109,Miami County,OH,2017,11.906324288095712,,
39109,Miami County,OH,2018,11.733723324040062,,
39109,Miami County,OH,2019,11.54549445923783,,
39109,Miami County,OH,2020,10.815945018794903,,
39109,Miami County,OH,2021,11.018619082143985,,
39109,Miami County,OH,2022,12.689335122443211,,
39111,Monroe County,OH,2010,10.539906684033,,
39111,Monroe County,OH,2011,11.162771349816062,,
39111,Monroe County,OH,2012,12.288934742778732,,
39111,Monroe County,OH,2013,13.216874028875996,,
39111,Monroe County,OH,2014,14.020160379095168,,
39111,Monroe County,OH,2015,13.486207177599063,,
39111,Monroe County,OH,2016,13.126782412622235,,
39111,Monroe County,OH,2017,12.777775437796278,,
39111,Monroe County,OH,2018,12.467492674352435,,
39111,Monroe County,OH,2019,12.19254726820036,,
39111,Monroe County,OH,2020,12.62827295862516,,
39111,Monroe County,OH,2021,12.994426393011262,,
39111,Monroe County,OH,2022,15.225394877137628,,
39113,Montgomery County,OH,2010,12.721712069250742,,
39113,Montgomery County,OH,2011,12.696182864220527,,
39113,Montgomery County,OH,2012,12.158484209367446,,
39113,Montgomery County,OH,2013,12.287872123755907,,
39113,Montgomery County,OH,2014,12.442699595729334,,
39113,Montgomery County,OH,2015,12.131672247923603,,
39113,Montgomery County,OH,2016,12.037757127007445,,
39113,Montgomery County,OH,2017,11.627858749255081,,
39113,Montgomery County,OH,2018,11.154742354398977,,
39113,Montgomery County,OH,2019,11.08758660088305,,
39113,Montgomery County,OH,2020,10.598227052396597,,
39113,Montgomery County,OH,2021,10.486135663047543,,
39113,Montgomery County,OH,2022,12.339303148927234,,
39115,Morgan County,OH,2010,10.589639089362963,,
39115,Morgan County,OH,2011,11.23705082616304,,
39115,Morgan County,OH,2012,12.381146270233817,,
39115,Morgan County,OH,2013,13.389526960377244,,
39115,Morgan County,OH,2014,14.264160716303254,,
39115,Morgan County,OH,2015,13.693819740110177,,
39115,Morgan County,OH,2016,13.288770915616942,,
39115,Morgan County,OH,2017,12.854179380235248,,
39115,Morgan County,OH,2018,12.520529556414946,,
39115,Morgan County,OH,2019,12.26404319775186,,
39115,Morgan County,OH,2020,12.66023762179271,,
39115,Morgan County,OH,2021,13.04664558582196,,
39115,Morgan County,OH,2022,15.481308692320148,,
39117,Morrow County,OH,2010,10.230672763158879,,
39117,Morrow County,OH,2011,11.141148084371089,,
39117,Morrow County,OH,2012,12.116615730619461,,
39117,Morrow County,OH,2013,12.892521486658815,,
39117,Morrow County,OH,2014,13.626183108794237,,
39117,Morrow County,OH,2015,13.374353687472793,,
39117,Morrow County,OH,2016,12.854796355679477,,
39117,Morrow County,OH,2017,12.662734613063758,,
39117,Morrow County,OH,2018,12.455328358676084,,
39117,Morrow County,OH,2019,12.19951057465909,,
39117,Morrow County,OH,2020,12.369553107192644,,
39117,Morrow County,OH,2021,12.8678028771618,,
39117,Morrow County,OH,2022,14.573634732489053,,
39119,Muskingum County,OH,2010,9.912466118234779,,
39119,Muskingum County,OH,2011,11.187795351273088,,
39119,Muskingum County,OH,2012,12.31249651038075,,
39119,Muskingum County,OH,2013,13.222221113113006,,
39119,Muskingum County,OH,2014,13.99898805522842,,
39119,Muskingum County,OH,2015,13.482879507325995,,
39119,Muskingum County,OH,2016,13.139801688783733,,
39119,Muskingum County,OH,2017,12.550589507102746,,
39119,Muskingum County,OH,2018,12.214063943209613,,
39119,Muskingum County,OH,2019,11.994642926405211,,
39119,Muskingum County,OH,2020,12.352825611738453,,
39119,Muskingum County,OH,2021,12.674920909882115,,
39119,Muskingum County,OH,2022,14.366185387291877,,
39121,Noble County,OH,2010,10.557463034610334,,
39121,Noble County,OH,2011,11.177820807354314,,
39121,Noble County,OH,2012,12.306662844632251,,
39121,Noble County,OH,2013,13.230223650424392,,
39121,Noble County,OH,2014,14.018158450398305,,
39121,Noble County,OH,2015,13.491026788647545,,
39121,Noble County,OH,2016,13.138943219217177,,
39121,Noble County,OH,2017,12.802352249635542,,
39121,Noble County,OH,2018,12.492165674725431,,
39121,Noble County,OH,2019,12.224985366624146,,
39121,Noble County,OH,2020,12.656649349861937,,
39121,Noble County,OH,2021,13.028153284988711,,
39121,Noble County,OH,2022,15.233305750552228,,
39123,Ottawa County,OH,2010,10.99653231403331,,
39123,Ottawa County,OH,2011,11.141728671935203,,
39123,Ottawa County,OH,2012,11.475263380168567,,
39123,Ottawa County,OH,2013,11.513978800711683,,
39123,Ottawa County,OH,2014,11.731342130233203,,
39123,Ottawa County,OH,2015,12.671364007655502,,
39123,Ottawa County,OH,2016,11.905763815957846,,
39123,Ottawa County,OH,2017,12.439529538093725,,
39123,Ottawa County,OH,2018,12.594771544366202,,
39123,Ottawa County,OH,2019,12.282428447056024,,
39123,Ottawa County,OH,2020,11.810137147889836,,
39123,Ottawa County,OH,2021,12.592957854441533,,
39123,Ottawa County,OH,2022,12.822293241044294,,
39125,Paulding County,OH,2010,9.707283328913613,,
39125,Paulding County,OH,2011,11.192055226339837,,
39125,Paulding County,OH,2012,12.332382249096709,,
39125,Paulding County,OH,2013,13.332537710858881,,
39125,Paulding County,OH,2014,14.226380338122466,,
39125,Paulding County,OH,2015,13.657706057018652,,
39125,Paulding County,OH,2016,13.245587459150412,,
39125,Paulding County,OH,2017,12.795971259557632,,
39125,Paulding County,OH,2018,12.462441838817615,,
39125,Paulding County,OH,2019,12.20276765680874,,
39125,Paulding County,OH,2020,12.631754459567258,,
39125,Paulding County,OH,2021,13.014167060309411,,
39125,Paulding County,OH,2022,15.46116590949268,,
39127,Perry County,OH,2010,10.567380724443234,,
39127,Perry County,OH,2011,11.182955931318375,,
39127,Perry County,OH,2012,12.30943510121942,,
39127,Perry County,OH,2013,13.22359430227058,,
39127,Perry County,OH,2014,14.003490699834972,,
39127,Perry County,OH,2015,13.483123615003356,,
39127,Perry County,OH,2016,13.137163402953629,,
39127,Perry County,OH,2017,12.819616791431027,,
39127,Perry County,OH,2018,12.496129895156832,,
39127,Perry County,OH,2019,12.236712773080988,,
39127,Perry County,OH,2020,12.695958355056618,,
39127,Perry County,OH,2021,13.086137294594629,,
39127,Perry County,OH,2022,15.249462498065487,,
39129,Pickaway County,OH,2010,11.653197541248526,,
39129,Pickaway County,OH,2011,11.650090509468349,,
39129,Pickaway County,OH,2012,12.594995498849912,,
39129,Pickaway County,OH,2013,13.243867723572146,,
39129,Pickaway County,OH,2014,13.935934466588307,,
39129,Pickaway County,OH,2015,13.37495736259637,,
39129,Pickaway County,OH,2016,12.934857141157531,,
39129,Pickaway County,OH,2017,12.289348665706765,,
39129,Pickaway County,OH,2018,11.917187008535953,,
39129,Pickaway County,OH,2019,11.719629873501997,,
39129,Pickaway County,OH,2020,11.83115777868088,,
39129,Pickaway County,OH,2021,11.961117069751722,,
39129,Pickaway County,OH,2022,14.002547280211708,,
39131,Pike County,OH,2010,10.566333023870767,,
39131,Pike County,OH,2011,11.189849121801927,,
39131,Pike County,OH,2012,12.313450156255442,,
39131,Pike County,OH,2013,13.229477087903295,,
39131,Pike County,OH,2014,14.01954971869463,,
39131,Pike County,OH,2015,13.510458177741967,,
39131,Pike County,OH,2016,13.166371700227334,,
39131,Pike County,OH,2017,12.5412552499302,,
39131,Pike County,OH,2018,12.207154460639414,,
39131,Pike County,OH,2019,11.983718643663638,,
39131,Pike County,OH,2020,12.346889392300502,,
39131,Pike County,OH,2021,12.654914868226545,,
39131,Pike County,OH,2022,14.361554278000652,,
39133,Portage County,OH,2010,11.29688278488132,,
39133,Portage County,OH,2011,11.16628883890335,,
39133,Portage County,OH,2012,11.438146853773857,,
39133,Portage County,OH,2013,11.434819540546282,,
39133,Portage County,OH,2014,11.66909799539401,,
39133,Portage County,OH,2015,12.636042145532862,,
39133,Portage County,OH,2016,11.842341127527884,,
39133,Portage County,OH,2017,12.433508494831253,,
39133,Portage County,OH,2018,12.586887992125293,,
39133,Portage County,OH,2019,12.209513895971924,,
39133,Portage County,OH,2020,11.681403869548811,,
39133,Portage County,OH,2021,12.541881803103637,,
39133,Portage County,OH,2022,12.877178045625264,,
39135,Preble County,OH,2010,12.721589746008398,,
39135,Preble County,OH,2011,12.69324196362683,,
39135,Preble County,OH,2012,12.137241448250608,,
39135,Preble County,OH,2013,12.257230954194336,,
39135,Preble County,OH,2014,12.422134673363447,,
39135,Preble County,OH,2015,12.10768394174199,,
39135,Preble County,OH,2016,11.998542624831643,,
39135,Preble County,OH,2017,11.561307318306593,,
39135,Preble County,OH,2018,11.064495522483009,,
39135,Preble County,OH,2019,11.021605374011285,,
39135,Preble County,OH,2020,10.48054248732908,,
39135,Preble County,OH,2021,10.356299112070234,,
39135,Preble County,OH,2022,12.260691901817134,,
39137,Putnam County,OH,2010,10.027643974037765,,
39137,Putnam County,OH,2011,11.237883020613754,,
39137,Putnam County,OH,2012,12.290730398488265,,
39137,Putnam County,OH,2013,13.218460909466051,,
39137,Putnam County,OH,2014,14.050747732584883,,
39137,Putnam County,OH,2015,13.586720023956243,,
39137,Putnam County,OH,2016,13.14589566759326,,
39137,Putnam County,OH,2017,12.809674118300281,,
39137,Putnam County,OH,2018,12.534018373324487,,
39137,Putnam County,OH,2019,12.271660024903735,,
39137,Putnam County,OH,2020,12.62008962504995,,
39137,Putnam County,OH,2021,13.041862383525633,,
39137,Putnam County,OH,2022,15.19279430561574,,
39139,Richland County,OH,2010,10.27120964500514,,
39139,Richland County,OH,2011,11.155101370549604,,
39139,Richland County,OH,2012,12.133999047705535,,
39139,Richland County,OH,2013,12.892996957753311,,
39139,Richland County,OH,2014,13.607815633566261,,
39139,Richland County,OH,2015,13.367097696162261,,
39139,Richland County,OH,2016,12.867124874105652,,
39139,Richland County,OH,2017,12.7029233530726,,
39139,Richland County,OH,2018,12.486199645361348,,
39139,Richland County,OH,2019,12.242631235463582,,
39139,Richland County,OH,2020,12.415932657158715,,
39139,Richland County,OH,2021,12.929630174708343,,
39139,Richland County,OH,2022,14.606852151324116,,
39141,Ross County,OH,2010,11.67502421686007,,
39141,Ross County,OH,2011,11.672049870182486,,
39141,Ross County,OH,2012,12.61774485488047,,
39141,Ross County,OH,2013,13.26065202154651,,
39141,Ross County,OH,2014,13.945005132455188,,
39141,Ross County,OH,2015,13.399539378865363,,
39141,Ross County,OH,2016,12.97291599636963,,
39141,Ross County,OH,2017,12.330426455309553,,
39141,Ross County,OH,2018,11.960647274101978,,
39141,Ross County,OH,2019,11.767039169608113,,
39141,Ross County,OH,2020,11.885037976381362,,
39141,Ross County,OH,2021,12.022308707679658,,
39141,Ross County,OH,2022,14.04244887057051,,
39143,Sandusky County,OH,2010,10.366851668064973,,
39143,Sandusky County,OH,2011,11.186600559493138,,
39143,Sandusky County,OH,2012,12.106670786897967,,
39143,Sandusky County,OH,2013,12.848909701860368,,
39143,Sandusky County,OH,2014,13.560242549178286,,
39143,Sandusky County,OH,2015,13.358367928481284,,
39143,Sandusky County,OH,2016,12.814147410798524,,
39143,Sandusky County,OH,2017,12.683115027195376,,
39143,Sandusky County,OH,2018,12.503881673249447,,
39143,Sandusky County,OH,2019,12.226044682016008,,
39143,Sandusky County,OH,2020,12.369902886952014,,
39143,Sandusky County,OH,2021,12.873698064454581,,
39143,Sandusky County,OH,2022,14.463335687840747,,
39145,Scioto County,OH,2010,10.566333023870767,,
39145,Scioto County,OH,2011,11.189849121801927,,
39145,Scioto County,OH,2012,12.313450156255442,,
39145,Scioto County,OH,2013,13.229477087903295,,
39145,Scioto County,OH,2014,14.01954971869463,,
39145,Scioto County,OH,2015,13.510458177741967,,
39145,Scioto County,OH,2016,13.166371700227334,,
39145,Scioto County,OH,2017,12.5412552499302,,
39145,Scioto County,OH,2018,12.207154460639414,,
39145,Scioto County,OH,2019,11.983718643663638,,
39145,Scioto County,OH,2020,12.346889392300502,,
39145,Scioto County,OH,2021,12.654914868226545,,
39145,Scioto County,OH,2022,14.361554278000652,,
39147,Seneca County,OH,2010,10.364978612937975,,
39147,Seneca County,OH,2011,11.187022912334992,,
39147,Seneca County,OH,2012,12.10981113668515,,
39147,Seneca County,OH,2013,12.854270575756436,,
39147,Seneca County,OH,2014,13.566633861522773,,
39147,Seneca County,OH,2015,13.363791980092207,,
39147,Seneca County,OH,2016,12.817555946197551,,
39147,Seneca County,OH,2017,12.68864616331193,,
39147,Seneca County,OH,2018,12.50780324488651,,
39147,Seneca County,OH,2019,12.231358264861386,,
39147,Seneca County,OH,2020,12.36898199259699,,
39147,Seneca County,OH,2021,12.876930980914524,,
39147,Seneca County,OH,2022,14.469210105080343,,
39149,Shelby County,OH,2010,12.408721391633247,,
39149,Shelby County,OH,2011,13.125041168100598,,
39149,Shelby County,OH,2012,13.575481251497596,,
39149,Shelby County,OH,2013,13.347151999800495,,
39149,Shelby County,OH,2014,13.541130244810027,,
39149,Shelby County,OH,2015,12.963203801765838,,
39149,Shelby County,OH,2016,12.346009616140588,,
39149,Shelby County,OH,2017,11.575686966523369,,
39149,Shelby County,OH,2018,11.117111027462228,,
39149,Shelby County,OH,2019,11.054073845577769,,
39149,Shelby County,OH,2020,10.031515197574475,,
39149,Shelby County,OH,2021,9.69483212792435,,
39149,Shelby County,OH,2022,12.756899781068688,,
39151,Stark County,OH,2010,10.230621836908966,,
39151,Stark County,OH,2011,11.143339784442908,,
39151,Stark County,OH,2012,12.123927796006067,,
39151,Stark County,OH,2013,12.900637287706822,,
39151,Stark County,OH,2014,13.632782290385919,,
39151,Stark County,OH,2015,13.36269935582453,,
39151,Stark County,OH,2016,12.849243058219123,,
39151,Stark County,OH,2017,12.669819510603633,,
39151,Stark County,OH,2018,12.45624208545068,,
39151,Stark County,OH,2019,12.183198961738288,,
39151,Stark County,OH,2020,12.353690335077552,,
39151,Stark County,OH,2021,12.83619140985638,,
39151,Stark County,OH,2022,14.542641902597104,,
39153,Summit County,OH,2010,10.568056578334781,,
39153,Summit County,OH,2011,11.156556655927874,,
39153,Summit County,OH,2012,12.043153155517995,,
39153,Summit County,OH,2013,12.702525557744405,,
39153,Summit County,OH,2014,13.395630657321815,,
39153,Summit County,OH,2015,13.257828859829846,,
39153,Summit County,OH,2016,12.71539555222095,,
39153,Summit County,OH,2017,12.661524800350003,,
39153,Summit County,OH,2018,12.50917912024595,,
39153,Summit County,OH,2019,12.225739133718953,,
39153,Summit County,OH,2020,12.290048464818609,,
39153,Summit County,OH,2021,12.817744040125662,,
39153,Summit County,OH,2022,14.247729310869513,,
39155,Trumbull County,OH,2010,11.266482485412036,,
39155,Trumbull County,OH,2011,11.122157309670632,,
39155,Trumbull County,OH,2012,11.41839990504013,,
39155,Trumbull County,OH,2013,11.414675185496357,,
39155,Trumbull County,OH,2014,11.605545118497055,,
39155,Trumbull County,OH,2015,12.52474023989515,,
39155,Trumbull County,OH,2016,11.753431848516895,,
39155,Trumbull County,OH,2017,12.433508494831253,,
39155,Trumbull County,OH,2018,12.475988899095517,,
39155,Trumbull County,OH,2019,12.094390315431776,,
39155,Trumbull County,OH,2020,11.58707325911804,,
39155,Trumbull County,OH,2021,12.419643656975326,,
39155,Trumbull County,OH,2022,12.78305852129453,,
39157,Tuscarawas County,OH,2010,10.276492644791489,,
39157,Tuscarawas County,OH,2011,11.166943475063357,,
39157,Tuscarawas County,OH,2012,12.152694255680556,,
39157,Tuscarawas County,OH,2013,12.9254661119889,,
39157,Tuscarawas County,OH,2014,13.646162166702274,,
39157,Tuscarawas County,OH,2015,13.386571934969757,,
39157,Tuscarawas County,OH,2016,12.882304331160055,,
39157,Tuscarawas County,OH,2017,12.719441432251562,,
39157,Tuscarawas County,OH,2018,12.507057524029337,,
39157,Tuscarawas County,OH,2019,12.244390269683585,,
39157,Tuscarawas County,OH,2020,12.40071851788763,,
39157,Tuscarawas County,OH,2021,12.89144435363257,,
39157,Tuscarawas County,OH,2022,14.578803093814129,,
39159,Union County,OH,2010,11.506718496319925,,
39159,Union County,OH,2011,11.597788750379953,,
39159,Union County,OH,2012,12.449056640462976,,
39159,Union County,OH,2013,13.00207451367027,,
39159,Union County,OH,2014,13.637628643128894,,
39159,Union County,OH,2015,13.310397053852096,,
39159,Union County,OH,2016,12.765977972638298,,
39159,Union County,OH,2017,12.460717247383807,,
39159,Union County,OH,2018,12.192630978598226,,
39159,Union County,OH,2019,11.967381886971362,,
39159,Union County,OH,2020,11.922723319103964,,
39159,Union County,OH,2021,12.206060667131233,,
39159,Union County,OH,2022,14.214423396885051,,
39161,Van Wert County,OH,2010,10.879390972580126,,
39161,Van Wert County,OH,2011,11.709422784499832,,
39161,Van Wert County,OH,2012,12.658181972497985,,
39161,Van Wert County,OH,2013,13.340218239420832,,
39161,Van Wert County,OH,2014,14.087748839425617,,
39161,Van Wert County,OH,2015,13.499048529543447,,
39161,Van Wert County,OH,2016,13.017872280958544,,
39161,Van Wert County,OH,2017,12.463860404006558,,
39161,Van Wert County,OH,2018,12.086423615761575,,
39161,Van Wert County,OH,2019,11.874290642946342,,
39161,Van Wert County,OH,2020,11.94944307426261,,
39161,Van Wert County,OH,2021,12.067028560701347,,
39161,Van Wert County,OH,2022,14.705944231309015,,
39163,Vinton County,OH,2010,11.210481070553294,,
39163,Vinton County,OH,2011,11.180217445470896,,
39163,Vinton County,OH,2012,12.30400919327184,,
39163,Vinton County,OH,2013,13.224253070985231,,
39163,Vinton County,OH,2014,14.021930840525282,,
39163,Vinton County,OH,2015,13.507455147912875,,
39163,Vinton County,OH,2016,13.157136846599366,,
39163,Vinton County,OH,2017,12.808515811304868,,
39163,Vinton County,OH,2018,12.49265114409427,,
39163,Vinton County,OH,2019,12.227321119110957,,
39163,Vinton County,OH,2020,12.69616355086,,
39163,Vinton County,OH,2021,13.070890152059688,,
39163,Vinton County,OH,2022,15.266289388068232,,
39165,Warren County,OH,2010,12.708388633717195,,
39165,Warren County,OH,2011,12.67125525409181,,
39165,Warren County,OH,2012,12.093782463340617,,
39165,Warren County,OH,2013,12.205511079113734,,
39165,Warren County,OH,2014,12.362775425371519,,
39165,Warren County,OH,2015,12.030840460645457,,
39165,Warren County,OH,2016,11.909131336497447,,
39165,Warren County,OH,2017,11.454487541094236,,
39165,Warren County,OH,2018,10.943210489006963,,
39165,Warren County,OH,2019,10.908754438047366,,
39165,Warren County,OH,2020,10.368912695803505,,
39165,Warren County,OH,2021,10.239331647131525,,
39165,Warren County,OH,2022,12.157292527917864,,
39167,Washington County,OH,2010,10.570676603227321,,
39167,Washington County,OH,2011,11.222474868546604,,
39167,Washington County,OH,2012,12.362708845404452,,
39167,Washington County,OH,2013,13.377131321725072,,
39167,Washington County,OH,2014,14.270424467758028,,
39167,Washington County,OH,2015,13.691843464311122,,
39167,Washington County,OH,2016,13.277641016542113,,
39167,Washington County,OH,2017,12.827381027692928,,
39167,Washington County,OH,2018,12.493148905598852,,
39167,Washington County,OH,2019,12.229488878354035,,
39167,Washington County,OH,2020,12.628147311972278,,
39167,Washington County,OH,2021,13.00824298664779,,
39167,Washington County,OH,2022,15.477260187780326,,
39169,Wayne County,OH,2010,10.22330463016536,,
39169,Wayne County,OH,2011,11.136399739092006,,
39169,Wayne County,OH,2012,12.115072168613933,,
39169,Wayne County,OH,2013,12.89042468566871,,
39169,Wayne County,OH,2014,13.621029252473113,,
39169,Wayne County,OH,2015,13.353349012308232,,
39169,Wayne County,OH,2016,12.838724751534437,,
39169,Wayne County,OH,2017,12.662888428997457,,
39169,Wayne County,OH,2018,12.45082836769187,,
39169,Wayne County,OH,2019,12.177976666884243,,
39169,Wayne County,OH,2020,12.370500195611042,,
39169,Wayne County,OH,2021,12.857073997511232,,
39169,Wayne County,OH,2022,14.564443987736018,,
39171,Williams County,OH,2010,11.402537479175919,,
39171,Williams County,OH,2011,11.654058128781314,,
39171,Williams County,OH,2012,11.660782168946236,,
39171,Williams County,OH,2013,11.826634636922595,,
39171,Williams County,OH,2014,12.10519075040299,,
39171,Williams County,OH,2015,12.84826414032382,,
39171,Williams County,OH,2016,12.210056127166348,,
39171,Williams County,OH,2017,12.79113897118728,,
39171,Williams County,OH,2018,12.952046670936468,,
39171,Williams County,OH,2019,12.621823805070523,,
39171,Williams County,OH,2020,12.317107989058599,,
39171,Williams County,OH,2021,13.033141982495152,,
39171,Williams County,OH,2022,13.177302683176267,,
39173,Wood County,OH,2010,10.037954564063417,,
39173,Wood County,OH,2011,11.23238921499829,,
39173,Wood County,OH,2012,12.283850936720302,,
39173,Wood County,OH,2013,13.221021163705858,,
39173,Wood County,OH,2014,14.054967411969965,,
39173,Wood County,OH,2015,13.599829172356413,,
39173,Wood County,OH,2016,13.16554188222418,,
39173,Wood County,OH,2017,12.830708244563427,,
39173,Wood County,OH,2018,12.554286797206187,,
39173,Wood County,OH,2019,12.307949816693501,,
39173,Wood County,OH,2020,12.655164962724742,,
39173,Wood County,OH,2021,13.080552782327981,,
39173,Wood County,OH,2022,15.233098984315777,,
39175,Wyandot County,OH,2010,10.24037205163754,,
39175,Wyandot County,OH,2011,11.152853725026409,,
39175,Wyandot County,OH,2012,12.137925252241967,,
39175,Wyandot County,OH,2013,12.914291205359762,,
39175,Wyandot County,OH,2014,13.648694137580032,,
39175,Wyandot County,OH,2015,13.38921484208646,,
39175,Wyandot County,OH,2016,12.86457159075732,,
39175,Wyandot County,OH,2017,12.67798071755375,,
39175,Wyandot County,OH,2018,12.471045487082403,,
39175,Wyandot County,OH,2019,12.194047302889034,,
39175,Wyandot County,OH,2020,12.374366854965588,,
39175,Wyandot County,OH,2021,12.866821660661316,,
39175,Wyandot County,OH,2022,14.576071039768106,,
51001,Accomack County,VA,2010,11.74771254372116,,
51001,Accomack County,VA,2011,11.75877622241577,,
51001,Accomack County,VA,2012,11.823409252757964,,
51001,Accomack County,VA,2013,11.277384974918505,,
51001,Accomack County,VA,2014,11.73313465646087,,
51001,Accomack County,VA,2015,12.027638828624527,,
51001,Accomack County,VA,2016,11.674144634068993,,
51001,Accomack County,VA,2017,11.119828857385023,,
51001,Accomack County,VA,2018,11.662256053602702,,
51001,Accomack County,VA,2019,12.0600878880222,,
51001,Accomack County,VA,2020,12.17858932005753,,
51001,Accomack County,VA,2021,12.12167171433787,,
51001,Accomack County,VA,2022,13.398279797389753,,
51003,Albemarle County,VA,2010,10.249173132804247,,
51003,Albemarle County,VA,2011,10.461995747804378,,
51003,Albemarle County,VA,2012,11.018734895483728,,
51003,Albemarle County,VA,2013,10.800083287538182,,
51003,Albemarle County,VA,2014,10.97207323903027,,
51003,Albemarle County,VA,2015,11.176056669058015,,
51003,Albemarle County,VA,2016,11.26797529589872,,
51003,Albemarle County,VA,2017,11.49482824699718,,
51003,Albemarle County,VA,2018,11.65217646078996,,
51003,Albemarle County,VA,2019,11.977542588421638,,
51003,Albemarle County,VA,2020,12.001526962477019,,
51003,Albemarle County,VA,2021,11.97368727045505,,
51003,Albemarle County,VA,2022,13.353236969639568,,
51005,Alleghany County,VA,2010,10.24198416033923,,
51005,Alleghany County,VA,2011,10.666317590762583,,
51005,Alleghany County,VA,2012,11.069659246601573,,
51005,Alleghany County,VA,2013,10.7396094360692,,
51005,Alleghany County,VA,2014,10.865144982078535,,
51005,Alleghany County,VA,2015,11.07814639005796,,
51005,Alleghany County,VA,2016,11.20452573165948,,
51005,Alleghany County,VA,2017,11.539566597433069,,
51005,Alleghany County,VA,2018,11.677346552087425,,
51005,Alleghany County,VA,2019,12.076638096259794,,
51005,Alleghany County,VA,2020,12.179610359243737,,
51005,Alleghany County,VA,2021,12.13029958147936,,
51005,Alleghany County,VA,2022,13.40972176536102,,
51007,Amelia County,VA,2010,10.282210032054651,,
51007,Amelia County,VA,2011,10.691799061995594,,
51007,Amelia County,VA,2012,11.0931723907492,,
51007,Amelia County,VA,2013,10.759466460712119,,
51007,Amelia County,VA,2014,10.912454565193537,,
51007,Amelia County,VA,2015,11.129695357893219,,
51007,Amelia County,VA,2016,11.2417094507521,,
51007,Amelia County,VA,2017,11.55578940355895,,
51007,Amelia County,VA,2018,11.692904121985697,,
51007,Amelia County,VA,2019,12.099282954018317,,
51007,Amelia County,VA,2020,12.234671176288956,,
51007,Amelia County,VA,2021,12.151613242956484,,
51007,Amelia County,VA,2022,13.444412732541378,,
51009,Amherst County,VA,2010,10.231740059403517,,
51009,Amherst County,VA,2011,10.403387146588985,,
51009,Amherst County,VA,2012,10.987932895187987,,
51009,Amherst County,VA,2013,10.781951688033216,,
51009,Amherst County,VA,2014,10.94579860028265,,
51009,Amherst County,VA,2015,11.111971876607951,,
51009,Amherst County,VA,2016,11.234332851682007,,
51009,Amherst County,VA,2017,11.521983933733797,,
51009,Amherst County,VA,2018,11.606094762532628,,
51009,Amherst County,VA,2019,11.90883609239478,,
51009,Amherst County,VA,2020,11.975425435295207,,
51009,Amherst County,VA,2021,11.98637277162861,,
51009,Amherst County,VA,2022,13.35391234711895,,
51011,Appomattox County,VA,2010,10.281620927337054,,
51011,Appomattox County,VA,2011,10.448576012961738,,
51011,Appomattox County,VA,2012,11.028708981355729,,
51011,Appomattox County,VA,2013,10.812306863100053,,
51011,Appomattox County,VA,2014,10.998926150886913,,
51011,Appomattox County,VA,2015,11.172145764881945,,
51011,Appomattox County,VA,2016,11.279437119326031,,
51011,Appomattox County,VA,2017,11.547783241206401,,
51011,Appomattox County,VA,2018,11.63294842081019,,
51011,Appomattox County,VA,2019,11.947064804878307,,
51011,Appomattox County,VA,2020,12.024895154111933,,
51011,Appomattox County,VA,2021,12.006795428819348,,
51011,Appomattox County,VA,2022,13.383735852159365,,
51013,Arlington County,VA,2010,10.220767619434053,,
51013,Arlington County,VA,2011,10.642320779623974,,
51013,Arlington County,VA,2012,11.044668644654392,,
51013,Arlington County,VA,2013,10.720880331415161,,
51013,Arlington County,VA,2014,10.845198937440564,,
51013,Arlington County,VA,2015,11.055026234667995,,
51013,Arlington County,VA,2016,11.185673295112666,,
51013,Arlington County,VA,2017,11.524501496229675,,
51013,Arlington County,VA,2018,11.66164086138545,,
51013,Arlington County,VA,2019,12.056458043354928,,
51013,Arlington County,VA,2020,12.179610359243737,,
51013,Arlington County,VA,2021,12.13029958147936,,
51013,Arlington County,VA,2022,13.40972176536102,,
51015,Augusta County,VA,2010,10.216254791684735,,
51015,Augusta County,VA,2011,10.638245452544183,,
51015,Augusta County,VA,2012,11.059000161083098,,
51015,Augusta County,VA,2013,10.754216700515995,,
51015,Augusta County,VA,2014,10.883488137502205,,
51015,Augusta County,VA,2015,11.100698435959636,,
51015,Augusta County,VA,2016,11.220234424692487,,
51015,Augusta County,VA,2017,11.545483702400126,,
51015,Augusta County,VA,2018,11.69953436437784,,
51015,Augusta County,VA,2019,12.106785075557198,,
51015,Augusta County,VA,2020,12.204783919511337,,
51015,Augusta County,VA,2021,12.151519169939082,,
51015,Augusta County,VA,2022,13.417727711214381,,
51017,Bath County,VA,2010,10.233701770903565,,
51017,Bath County,VA,2011,10.655206773716673,,
51017,Bath County,VA,2012,11.058169557646426,,
51017,Bath County,VA,2013,10.73028754396037,,
51017,Bath County,VA,2014,10.85617329253671,,
51017,Bath County,VA,2015,11.068963422730485,,
51017,Bath County,VA,2016,11.196118719058022,,
51017,Bath County,VA,2017,11.53170508140376,,
51017,Bath County,VA,2018,11.670233146850117,,
51017,Bath County,VA,2019,12.068541299091848,,
51017,Bath County,VA,2020,12.179610359243737,,
51017,Bath County,VA,2021,12.13029958147936,,
51017,Bath County,VA,2022,13.40972176536102,,
51019,Bedford County,VA,2010,,,
51019,Bedford County,VA,2011,,,
51019,Bedford County,VA,2012,,,
51019,Bedford County,VA,2013,,,
51019,Bedford County,VA,2014,,,
51019,Bedford County,VA,2015,,,
51019,Bedford County,VA,2016,,,
51019,Bedford County,VA,2017,,,
51019,Bedford County,VA,2018,,,
51019,Bedford County,VA,2019,,,
51019,Bedford County,VA,2020,,,
51019,Bedford County,VA,2021,,,
51019,Bedford County,VA,2022,,,
51021,Bland County,VA,2010,10.36436838569141,,
51021,Bland County,VA,2011,9.356993665749382,,
51021,Bland County,VA,2012,10.714058865721642,,
51021,Bland County,VA,2013,10.958068789328275,,
51021,Bland County,VA,2014,11.297868876207362,,
51021,Bland County,VA,2015,11.232867607133507,,
51021,Bland County,VA,2016,11.353329131743251,,
51021,Bland County,VA,2017,11.440578146643995,,
51021,Bland County,VA,2018,11.18195564905387,,
51021,Bland County,VA,2019,10.972725394088512,,
51021,Bland County,VA,2020,10.814283664139614,,
51021,Bland County,VA,2021,11.145614291553938,,
51021,Bland County,VA,2022,13.02587405093559,,
51023,Botetourt County,VA,2010,10.25317635717518,,
51023,Botetourt County,VA,2011,10.424256045232688,,
51023,Botetourt County,VA,2012,10.9960520662193,,
51023,Botetourt County,VA,2013,10.770111710660359,,
51023,Botetourt County,VA,2014,10.931182848749588,,
51023,Botetourt County,VA,2015,11.093312402337226,,
51023,Botetourt County,VA,2016,11.22138190922537,,
51023,Botetourt County,VA,2017,11.5168082318789,,
51023,Botetourt County,VA,2018,11.586604325656845,,
51023,Botetourt County,VA,2019,11.881601121688,,
51023,Botetourt County,VA,2020,11.951627745559977,,
51023,Botetourt County,VA,2021,11.966648477436427,,
51023,Botetourt County,VA,2022,13.3464479880855,,
51025,Brunswick County,VA,2010,10.316525377894727,,
51025,Brunswick County,VA,2011,10.723900927979933,,
51025,Brunswick County,VA,2012,11.121508136732556,,
51025,Brunswick County,VA,2013,10.786805283985798,,
51025,Brunswick County,VA,2014,10.939802416710576,,
51025,Brunswick County,VA,2015,11.157159908730716,,
51025,Brunswick County,VA,2016,11.25930633755677,,
51025,Brunswick County,VA,2017,11.571047822630142,,
51025,Brunswick County,VA,2018,11.7170034468442,,
51025,Brunswick County,VA,2019,12.120719793656779,,
51025,Brunswick County,VA,2020,12.2486114343247,,
51025,Brunswick County,VA,2021,12.158764258234665,,
51025,Brunswick County,VA,2022,13.457168788489794,,
51027,Buchanan County,VA,2010,10.36436838569141,,
51027,Buchanan County,VA,2011,9.356993665749382,,
51027,Buchanan County,VA,2012,10.714058865721642,,
51027,Buchanan County,VA,2013,10.958068789328275,,
51027,Buchanan County,VA,2014,11.297868876207362,,
51027,Buchanan County,VA,2015,11.232867607133507,,
51027,Buchanan County,VA,2016,11.353329131743251,,
51027,Buchanan County,VA,2017,11.440578146643995,,
51027,Buchanan County,VA,2018,11.18195564905387,,
51027,Buchanan County,VA,2019,10.972725394088512,,
51027,Buchanan County,VA,2020,10.814283664139614,,
51027,Buchanan County,VA,2021,11.145614291553938,,
51027,Buchanan County,VA,2022,13.3464479880855,,
51029,Buckingham County,VA,2010,10.281620927337054,,
51029,Buckingham County,VA,2011,10.448576012961738,,
51029,Buckingham County,VA,2012,11.028708981355729,,
51029,Buckingham County,VA,2013,10.812306863100053,,
51029,Buckingham County,VA,2014,10.998926150886913,,
51029,Buckingham County,VA,2015,11.172145764881945,,
51029,Buckingham County,VA,2016,11.279437119326031,,
51029,Buckingham County,VA,2017,11.547783241206401,,
51029,Buckingham County,VA,2018,11.63294842081019,,
51029,Buckingham County,VA,2019,11.947064804878307,,
51029,Buckingham County,VA,2020,12.024895154111933,,
51029,Buckingham County,VA,2021,12.006795428819348,,
51029,Buckingham County,VA,2022,13.383735852159365,,
51031,Campbell County,VA,2010,10.281620927337054,,
51031,Campbell County,VA,2011,10.448576012961738,,
51031,Campbell County,VA,2012,11.028708981355729,,
51031,Campbell County,VA,2013,10.812306863100053,,
51031,Campbell County,VA,2014,10.998926150886913,,
51031,Campbell County,VA,2015,11.172145764881945,,
51031,Campbell County,VA,2016,11.279437119326031,,
51031,Campbell County,VA,2017,11.547783241206401,,
51031,Campbell County,VA,2018,11.63294842081019,,
51031,Campbell County,VA,2019,11.947064804878307,,
51031,Campbell County,VA,2020,12.024895154111933,,
51031,Campbell County,VA,2021,12.006795428819348,,
51031,Campbell County,VA,2022,13.383735852159365,,
51033,Caroline County,VA,2010,10.279275729618599,,
51033,Caroline County,VA,2011,10.698735024291643,,
51033,Caroline County,VA,2012,11.078563954272488,,
51033,Caroline County,VA,2013,10.746684803862737,,
51033,Caroline County,VA,2014,10.883366139617726,,
51033,Caroline County,VA,2015,11.136121027576754,,
51033,Caroline County,VA,2016,11.229389453977756,,
51033,Caroline County,VA,2017,11.491582934592548,,
51033,Caroline County,VA,2018,11.713609260073799,,
51033,Caroline County,VA,2019,12.129617939764282,,
51033,Caroline County,VA,2020,12.197910826297328,,
51033,Caroline County,VA,2021,12.105754590834383,,
51033,Caroline County,VA,2022,13.405271630284828,,
51035,Carroll County,VA,2010,10.36436838569141,,
51035,Carroll County,VA,2011,9.356993665749382,,
51035,Carroll County,VA,2012,10.714058865721642,,
51035,Carroll County,VA,2013,10.958068789328275,,
51035,Carroll County,VA,2014,11.297868876207362,,
51035,Carroll County,VA,2015,11.232867607133507,,
51035,Carroll County,VA,2016,11.353329131743251,,
51035,Carroll County,VA,2017,11.440578146643995,,
51035,Carroll County,VA,2018,11.58046464210832,,
51035,Carroll County,VA,2019,11.87440146429953,,
51035,Carroll County,VA,2020,11.951627745559977,,
51035,Carroll County,VA,2021,11.966648477436427,,
51035,Carroll County,VA,2022,13.3464479880855,,
51036,Charles City County,VA,2010,,,
51036,Charles City County,VA,2011,,,
51036,Charles City County,VA,2012,,,
51036,Charles City County,VA,2013,,,
51036,Charles City County,VA,2014,,,
51036,Charles City County,VA,2015,,,
51036,Charles City County,VA,2016,,,
51036,Charles City County,VA,2017,,,
51036,Charles City County,VA,2018,,,
51036,Charles City County,VA,2019,,,
51036,Charles City County,VA,2020,,,
51036,Charles City County,VA,2021,,,
51036,Charles City County,VA,2022,,,
51037,Charlotte County,VA,2010,10.316525377894727,,
51037,Charlotte County,VA,2011,10.723900927979933,,
51037,Charlotte County,VA,2012,11.121508136732556,,
51037,Charlotte County,VA,2013,10.786805283985798,,
51037,Charlotte County,VA,2014,10.939802416710576,,
51037,Charlotte County,VA,2015,11.157159908730716,,
51037,Charlotte County,VA,2016,11.25930633755677,,
51037,Charlotte County,VA,2017,11.571047822630142,,
51037,Charlotte County,VA,2018,11.7170034468442,,
51037,Charlotte County,VA,2019,12.120719793656779,,
51037,Charlotte County,VA,2020,12.2486114343247,,
51037,Charlotte County,VA,2021,12.158764258234665,,
51037,Charlotte County,VA,2022,13.457168788489794,,
51041,Chesterfield County,VA,2010,10.282210032054651,,
51041,Chesterfield County,VA,2011,10.691799061995594,,
51041,Chesterfield County,VA,2012,11.0931723907492,,
51041,Chesterfield County,VA,2013,10.759466460712119,,
51041,Chesterfield County,VA,2014,10.912454565193537,,
51041,Chesterfield County,VA,2015,11.129695357893219,,
51041,Chesterfield County,VA,2016,11.2417094507521,,
51041,Chesterfield County,VA,2017,11.55578940355895,,
51041,Chesterfield County,VA,2018,11.692904121985697,,
51041,Chesterfield County,VA,2019,12.099282954018317,,
51041,Chesterfield County,VA,2020,12.234671176288956,,
51041,Chesterfield County,VA,2021,12.151613242956484,,
51041,Chesterfield County,VA,2022,13.444412732541378,,
51043,Clarke County,VA,2010,10.389332689627599,,
51043,Clarke County,VA,2011,10.813533960408037,,
51043,Clarke County,VA,2012,11.088179610215969,,
51043,Clarke County,VA,2013,10.759156932704105,,
51043,Clarke County,VA,2014,10.943851026681646,,
51043,Clarke County,VA,2015,11.24918476415027,,
51043,Clarke County,VA,2016,11.24663806266901,,
51043,Clarke County,VA,2017,11.50169465182933,,
51043,Clarke County,VA,2018,11.712801444690426,,
51043,Clarke County,VA,2019,12.144547827194243,,
51043,Clarke County,VA,2020,12.131760256684206,,
51043,Clarke County,VA,2021,12.065041721446297,,
51043,Clarke County,VA,2022,13.368284062870805,,
51045,Craig County,VA,2010,10.400692159223102,,
51045,Craig County,VA,2011,9.425288275094296,,
51045,Craig County,VA,2012,10.771986110155678,,
51045,Craig County,VA,2013,10.998769826455085,,
51045,Craig County,VA,2014,11.334563021540804,,
51045,Craig County,VA,2015,11.27455679766671,,
51045,Craig County,VA,2016,11.391699401071005,,
51045,Craig County,VA,2017,11.479839030277684,,
51045,Craig County,VA,2018,11.222929463176687,,
51045,Craig County,VA,2019,11.026724329833334,,
51045,Craig County,VA,2020,10.814283664139614,,
51045,Craig County,VA,2021,11.145614291553938,,
51045,Craig County,VA,2022,13.02587405093559,,
51047,Culpeper County,VA,2010,10.244002168309608,,
51047,Culpeper County,VA,2011,10.700636137108148,,
51047,Culpeper County,VA,2012,11.08038466654875,,
51047,Culpeper County,VA,2013,10.749552439905255,,
51047,Culpeper County,VA,2014,10.886947730435999,,
51047,Culpeper County,VA,2015,11.139225094474964,,
51047,Culpeper County,VA,2016,11.231487271565893,,
51047,Culpeper County,VA,2017,11.49375825634519,,
51047,Culpeper County,VA,2018,11.716333647191762,,
51047,Culpeper County,VA,2019,12.131695095125304,,
51047,Culpeper County,VA,2020,12.197910826297328,,
51047,Culpeper County,VA,2021,12.105754590834383,,
51047,Culpeper County,VA,2022,13.405271630284828,,
51049,Cumberland County,VA,2010,10.26437852888333,,
51049,Cumberland County,VA,2011,10.67462025061437,,
51049,Cumberland County,VA,2012,11.093479727250877,,
51049,Cumberland County,VA,2013,10.782527119012723,,
51049,Cumberland County,VA,2014,10.93844773757957,,
51049,Cumberland County,VA,2015,11.1599697998891,,
51049,Cumberland County,VA,2016,11.264728335512801,,
51049,Cumberland County,VA,2017,11.568969860838507,,
51049,Cumberland County,VA,2018,11.721345831222052,,
51049,Cumberland County,VA,2019,12.136392122918167,,
51049,Cumberland County,VA,2020,12.258476213990031,,
51049,Cumberland County,VA,2021,12.172039147890018,,
51049,Cumberland County,VA,2022,13.451746225661878,,
51051,Dickenson County,VA,2010,10.266384888011958,,
51051,Dickenson County,VA,2011,9.28741033295476,,
51051,Dickenson County,VA,2012,10.635398836569701,,
51051,Dickenson County,VA,2013,10.837837896410544,,
51051,Dickenson County,VA,2014,11.222272699028196,,
51051,Dickenson County,VA,2015,11.14877125342123,,
51051,Dickenson County,VA,2016,11.28832398041166,,
51051,Dickenson County,VA,2017,11.390671425267287,,
51051,Dickenson County,VA,2018,11.137369493793885,,
51051,Dickenson County,VA,2019,10.954613823220566,,
51051,Dickenson County,VA,2020,10.847042929900967,,
51051,Dickenson County,VA,2021,11.209216437955922,,
51051,Dickenson County,VA,2022,13.054523880922165,,
51053,Dinwiddie County,VA,2010,10.290902743532442,,
51053,Dinwiddie County,VA,2011,10.697791375151374,,
51053,Dinwiddie County,VA,2012,11.098036439280321,,
51053,Dinwiddie County,VA,2013,10.761039876127304,,
51053,Dinwiddie County,VA,2014,10.91691400617707,,
51053,Dinwiddie County,VA,2015,11.136806704438172,,
51053,Dinwiddie County,VA,2016,11.244772813898095,,
51053,Dinwiddie County,VA,2017,11.554913013841965,,
51053,Dinwiddie County,VA,2018,11.693882290788382,,
51053,Dinwiddie County,VA,2019,12.100693700948879,,
51053,Dinwiddie County,VA,2020,12.23286256391551,,
51053,Dinwiddie County,VA,2021,12.148408845259036,,
51053,Dinwiddie County,VA,2022,13.442232183470274,,
51057,Essex County,VA,2010,10.279275729618599,,
51057,Essex County,VA,2011,10.698735024291643,,
51057,Essex County,VA,2012,11.078563954272488,,
51057,Essex County,VA,2013,10.746684803862737,,
51057,Essex County,VA,2014,10.883366139617726,,
51057,Essex County,VA,2015,11.136121027576754,,
51057,Essex County,VA,2016,11.229389453977756,,
51057,Essex County,VA,2017,11.491582934592548,,
51057,Essex County,VA,2018,11.713609260073799,,
51057,Essex County,VA,2019,12.129617939764282,,
51057,Essex County,VA,2020,12.197910826297328,,
51057,Essex County,VA,2021,12.105754590834383,,
51057,Essex County,VA,2022,13.405271630284828,,
51059,Fairfax County,VA,2010,,,
51059,Fairfax County,VA,2011,,,
51059,Fairfax County,VA,2012,,,
51059,Fairfax County,VA,2013,,,
51059,Fairfax County,VA,2014,,,
51059,Fairfax County,VA,2015,,,
51059,Fairfax County,VA,2016,,,
51059,Fairfax County,VA,2017,,,
51059,Fairfax County,VA,2018,,,
51059,Fairfax County,VA,2019,,,
51059,Fairfax County,VA,2020,,,
51059,Fairfax County,VA,2021,,,
51059,Fairfax County,VA,2022,,,
51061,Fauquier County,VA,2010,10.403374276031045,,
51061,Fauquier County,VA,2011,10.832266919145228,,
51061,Fauquier County,VA,2012,11.11135478422648,,
51061,Fauquier County,VA,2013,10.783515508725136,,
51061,Fauquier County,VA,2014,10.943855960764187,,
51061,Fauquier County,VA,2015,11.228471482663531,,
51061,Fauquier County,VA,2016,11.242380129183278,,
51061,Fauquier County,VA,2017,11.517093035352001,,
51061,Fauquier County,VA,2018,11.730416609814629,,
51061,Fauquier County,VA,2019,12.154597186513106,,
51061,Fauquier County,VA,2020,12.15583200201329,,
51061,Fauquier County,VA,2021,12.102807275750186,,
51061,Fauquier County,VA,2022,13.397568357360715,,
51063,Floyd County,VA,2010,10.36436838569141,,
51063,Floyd County,VA,2011,9.356993665749382,,
51063,Floyd County,VA,2012,10.714058865721642,,
51063,Floyd County,VA,2013,10.958068789328275,,
51063,Floyd County,VA,2014,11.297868876207362,,
51063,Floyd County,VA,2015,11.232867607133507,,
51063,Floyd County,VA,2016,11.353329131743251,,
51063,Floyd County,VA,2017,11.440578146643995,,
51063,Floyd County,VA,2018,11.18195564905387,,
51063,Floyd County,VA,2019,10.972725394088512,,
51063,Floyd County,VA,2020,10.814283664139614,,
51063,Floyd County,VA,2021,11.145614291553938,,
51063,Floyd County,VA,2022,13.02587405093559,,
51065,Fluvanna County,VA,2010,10.231740059403517,,
51065,Fluvanna County,VA,2011,10.403387146588985,,
51065,Fluvanna County,VA,2012,10.987932895187987,,
51065,Fluvanna County,VA,2013,10.781951688033216,,
51065,Fluvanna County,VA,2014,10.94579860028265,,
51065,Fluvanna County,VA,2015,11.111971876607951,,
51065,Fluvanna County,VA,2016,11.234332851682007,,
51065,Fluvanna County,VA,2017,11.521983933733797,,
51065,Fluvanna County,VA,2018,11.606094762532628,,
51065,Fluvanna County,VA,2019,11.90883609239478,,
51065,Fluvanna County,VA,2020,11.975425435295207,,
51065,Fluvanna County,VA,2021,11.98637277162861,,
51065,Fluvanna County,VA,2022,13.35391234711895,,
51067,Franklin County,VA,2010,,,
51067,Franklin County,VA,2011,,,
51067,Franklin County,VA,2012,,,
51067,Franklin County,VA,2013,,,
51067,Franklin County,VA,2014,,,
51067,Franklin County,VA,2015,,,
51067,Franklin County,VA,2016,,,
51067,Franklin County,VA,2017,,,
51067,Franklin County,VA,2018,,,
51067,Franklin County,VA,2019,,,
51067,Franklin County,VA,2020,,,
51067,Franklin County,VA,2021,,,
51067,Franklin County,VA,2022,,,
51069,Frederick County,VA,2010,10.328272395416962,,
51069,Frederick County,VA,2011,11.083176383690795,,
51069,Frederick County,VA,2012,11.157232772033007,,
51069,Frederick County,VA,2013,10.73305434997955,,
51069,Frederick County,VA,2014,11.279627098377626,,
51069,Frederick County,VA,2015,12.208727683715141,,
51069,Frederick County,VA,2016,11.714587627660975,,
51069,Frederick County,VA,2017,11.007780896893722,,
51069,Frederick County,VA,2018,12.020195381864678,,
51069,Frederick County,VA,2019,12.725471740285524,,
51069,Frederick County,VA,2020,12.087444754398652,,
51069,Frederick County,VA,2021,11.44703766631449,,
51069,Frederick County,VA,2022,13.035231264901217,,
51071,Giles County,VA,2010,10.400692159223102,,
51071,Giles County,VA,2011,9.425288275094296,,
51071,Giles County,VA,2012,10.771986110155678,,
51071,Giles County,VA,2013,10.998769826455085,,
51071,Giles County,VA,2014,11.334563021540804,,
51071,Giles County,VA,2015,11.27455679766671,,
51071,Giles County,VA,2016,11.391699401071005,,
51071,Giles County,VA,2017,11.479839030277684,,
51071,Giles County,VA,2018,11.222929463176687,,
51071,Giles County,VA,2019,11.026724329833334,,
51071,Giles County,VA,2020,10.814283664139614,,
51071,Giles County,VA,2021,11.145614291553938,,
51071,Giles County,VA,2022,13.02587405093559,,
51073,Gloucester County,VA,2010,10.220767619434053,,
51073,Gloucester County,VA,2011,10.642320779623974,,
51073,Gloucester County,VA,2012,11.044668644654392,,
51073,Gloucester County,VA,2013,10.720880331415161,,
51073,Gloucester County,VA,2014,10.845198937440564,,
51073,Gloucester County,VA,2015,11.055026234667995,,
51073,Gloucester County,VA,2016,11.185673295112666,,
51073,Gloucester County,VA,2017,11.524501496229675,,
51073,Gloucester County,VA,2018,11.66164086138545,,
51073,Gloucester County,VA,2019,12.056458043354928,,
51073,Gloucester County,VA,2020,12.179610359243737,,
51073,Gloucester County,VA,2021,12.13029958147936,,
51073,Gloucester County,VA,2022,13.40972176536102,,
51075,Goochland County,VA,2010,10.261959220215488,,
51075,Goochland County,VA,2011,10.682112596340708,,
51075,Goochland County,VA,2012,11.07906344846252,,
51075,Goochland County,VA,2013,10.769041736506626,,
51075,Goochland County,VA,2014,10.908745164531663,,
51075,Goochland County,VA,2015,11.165113774960924,,
51075,Goochland County,VA,2016,11.25166149811725,,
51075,Goochland County,VA,2017,11.50511905291033,,
51075,Goochland County,VA,2018,11.740616319700493,,
51075,Goochland County,VA,2019,12.164790668522816,,
51075,Goochland County,VA,2020,12.221246182290477,,
51075,Goochland County,VA,2021,12.125952876442982,,
51075,Goochland County,VA,2022,13.412822226284677,,
51077,Grayson County,VA,2010,10.36436838569141,,
51077,Grayson County,VA,2011,9.356993665749382,,
51077,Grayson County,VA,2012,10.714058865721642,,
51077,Grayson County,VA,2013,10.958068789328275,,
51077,Grayson County,VA,2014,11.297868876207362,,
51077,Grayson County,VA,2015,11.232867607133507,,
51077,Grayson County,VA,2016,11.353329131743251,,
51077,Grayson County,VA,2017,11.440578146643995,,
51077,Grayson County,VA,2018,11.18195564905387,,
51077,Grayson County,VA,2019,10.972725394088512,,
51077,Grayson County,VA,2020,10.814283664139614,,
51077,Grayson County,VA,2021,11.145614291553938,,
51077,Grayson County,VA,2022,13.02587405093559,,
51079,Greene County,VA,2010,10.217576669958614,,
51079,Greene County,VA,2011,10.667360855311768,,
51079,Greene County,VA,2012,11.05583564852923,,
51079,Greene County,VA,2013,10.743993402159072,,
51079,Greene County,VA,2014,10.909816589160359,,
51079,Greene County,VA,2015,11.188747930817868,,
51079,Greene County,VA,2016,11.25584969048931,,
51079,Greene County,VA,2017,11.489338426178678,,
51079,Greene County,VA,2018,11.721796146719614,,
51079,Greene County,VA,2019,12.153908696170426,,
51079,Greene County,VA,2020,12.193879625390906,,
51079,Greene County,VA,2021,12.08556157165629,,
51079,Greene County,VA,2022,13.381583684244585,,
51081,Greensville County,VA,2010,10.256802266756663,,
51081,Greensville County,VA,2011,10.675908203837018,,
51081,Greensville County,VA,2012,11.074375418830929,,
51081,Greensville County,VA,2013,10.749420914190992,,
51081,Greensville County,VA,2014,10.874129108934168,,
51081,Greensville County,VA,2015,11.084161945192216,,
51081,Greensville County,VA,2016,11.204440123712885,,
51081,Greensville County,VA,2017,11.540540888597246,,
51081,Greensville County,VA,2018,11.686727644405709,,
51081,Greensville County,VA,2019,12.078961100360221,,
51081,Greensville County,VA,2020,12.19458983566016,,
51081,Greensville County,VA,2021,12.13789281746954,,
51081,Greensville County,VA,2022,13.42321750641084,,
51083,Halifax County,VA,2010,10.326973305978125,,
51083,Halifax County,VA,2011,10.725613237057967,,
51083,Halifax County,VA,2012,11.116472335105133,,
51083,Halifax County,VA,2013,10.78970477363916,,
51083,Halifax County,VA,2014,10.960639473166227,,
51083,Halifax County,VA,2015,11.183447311586324,,
51083,Halifax County,VA,2016,11.232565726808115,,
51083,Halifax County,VA,2017,11.575370499789544,,
51083,Halifax County,VA,2018,11.733923041992094,,
51083,Halifax County,VA,2019,12.111039333383234,,
51083,Halifax County,VA,2020,12.232196572647915,,
51083,Halifax County,VA,2021,12.167050251098427,,
51083,Halifax County,VA,2022,13.453153990344454,,
51085,Hanover County,VA,2010,10.279275729618599,,
51085,Hanover County,VA,2011,10.698735024291643,,
51085,Hanover County,VA,2012,11.078563954272488,,
51085,Hanover County,VA,2013,10.746684803862737,,
51085,Hanover County,VA,2014,10.883366139617726,,
51085,Hanover County,VA,2015,11.136121027576754,,
51085,Hanover County,VA,2016,11.229389453977756,,
51085,Hanover County,VA,2017,11.491582934592548,,
51085,Hanover County,VA,2018,11.713609260073799,,
51085,Hanover County,VA,2019,12.129617939764282,,
51085,Hanover County,VA,2020,12.197910826297328,,
51085,Hanover County,VA,2021,12.105754590834383,,
51085,Hanover County,VA,2022,13.405271630284828,,
51087,Henrico County,VA,2010,10.220767619434053,,
51087,Henrico County,VA,2011,10.642320779623974,,
51087,Henrico County,VA,2012,11.044668644654392,,
51087,Henrico County,VA,2013,10.720880331415161,,
51087,Henrico County,VA,2014,10.845198937440564,,
51087,Henrico County,VA,2015,11.055026234667995,,
51087,Henrico County,VA,2016,11.185673295112666,,
51087,Henrico County,VA,2017,11.524501496229675,,
51087,Henrico County,VA,2018,11.66164086138545,,
51087,Henrico County,VA,2019,12.056458043354928,,
51087,Henrico County,VA,2020,12.179610359243737,,
51087,Henrico County,VA,2021,12.13029958147936,,
51087,Henrico County,VA,2022,13.40972176536102,,
51089,Henry County,VA,2010,10.399500272975772,,
51089,Henry County,VA,2011,9.4702415142167,,
51089,Henry County,VA,2012,10.716699351776464,,
51089,Henry County,VA,2013,10.948245390514503,,
51089,Henry County,VA,2014,11.354720512702754,,
51089,Henry County,VA,2015,11.342899865000666,,
51089,Henry County,VA,2016,11.470897132774148,,
51089,Henry County,VA,2017,11.615892684665294,,
51089,Henry County,VA,2018,11.444872174633154,,
51089,Henry County,VA,2019,11.904849208474314,,
51089,Henry County,VA,2020,11.986685666344112,,
51089,Henry County,VA,2021,11.993609347520486,,
51089,Henry County,VA,2022,13.37283816651622,,
51091,Highland County,VA,2010,9.79819713127114,,
51091,Highland County,VA,2011,10.592236422741673,,
51091,Highland County,VA,2012,10.771987184501588,,
51091,Highland County,VA,2013,10.30615649338271,,
51091,Highland County,VA,2014,11.207139256749016,,
51091,Highland County,VA,2015,12.178844367900497,,
51091,Highland County,VA,2016,11.630640435935073,,
51091,Highland County,VA,2017,11.253929998644052,,
51091,Highland County,VA,2018,11.429071283335448,,
51091,Highland County,VA,2019,12.149926026047648,,
51091,Highland County,VA,2020,11.362041646315852,,
51091,Highland County,VA,2021,10.855150298709148,,
51091,Highland County,VA,2022,12.44291093132305,,
51093,Isle of Wight County,VA,2010,10.912301485715146,,
51093,Isle of Wight County,VA,2011,11.122809202134981,,
51093,Isle of Wight County,VA,2012,11.0497960902567,,
51093,Isle of Wight County,VA,2013,10.722966739822327,,
51093,Isle of Wight County,VA,2014,10.851032506192958,,
51093,Isle of Wight County,VA,2015,11.065769514454528,,
51093,Isle of Wight County,VA,2016,11.1926287229733,,
51093,Isle of Wight County,VA,2017,11.522580216551301,,
51093,Isle of Wight County,VA,2018,11.66283933008128,,
51093,Isle of Wight County,VA,2019,12.060675300200925,,
51093,Isle of Wight County,VA,2020,12.178014591487155,,
51093,Isle of Wight County,VA,2021,12.127117577260641,,
51093,Isle of Wight County,VA,2022,13.407648946923645,,
51095,James City County,VA,2010,,,
51095,James City County,VA,2011,,,
51095,James City County,VA,2012,,,
51095,James City County,VA,2013,,,
51095,James City County,VA,2014,,,
51095,James City County,VA,2015,,,
51095,James City County,VA,2016,,,
51095,James City County,VA,2017,,,
51095,James City County,VA,2018,,,
51095,James City County,VA,2019,,,
51095,James City County,VA,2020,,,
51095,James City County,VA,2021,,,
51095,James City County,VA,2022,,,
51097,King and Queen County,VA,2010,11.368872723342271,,
51097,King and Queen County,VA,2011,11.548880046330027,,
51097,King and Queen County,VA,2012,11.078563954272488,,
51097,King and Queen County,VA,2013,10.746684803862737,,
51097,King and Queen County,VA,2014,10.883366139617726,,
51097,King and Queen County,VA,2015,11.136121027576754,,
51097,King and Queen County,VA,2016,11.229389453977756,,
51097,King and Queen County,VA,2017,11.491582934592548,,
51097,King and Queen County,VA,2018,11.713609260073799,,
51097,King and Queen County,VA,2019,12.129617939764282,,
51097,King and Queen County,VA,2020,12.197910826297328,,
51097,King and Queen County,VA,2021,12.105754590834383,,
51097,King and Queen County,VA,2022,13.405271630284828,,
51099,King George County,VA,2010,10.241096733592041,,
51099,King George County,VA,2011,10.661661940071044,,
51099,King George County,VA,2012,11.059851188451322,,
51099,King George County,VA,2013,10.736616159097395,,
51099,King George County,VA,2014,10.86213362594747,,
51099,King George County,VA,2015,11.077773236839393,,
51099,King George County,VA,2016,11.203980712340245,,
51099,King George County,VA,2017,11.535030708700933,,
51099,King George County,VA,2018,11.678494135710968,,
51099,King George County,VA,2019,12.073141736914819,,
51099,King George County,VA,2020,12.195475158886936,,
51099,King George County,VA,2021,12.14148832398868,,
51099,King George County,VA,2022,13.416328317713365,,
51101,King William County,VA,2010,10.279275729618599,,
51101,King William County,VA,2011,10.698735024291643,,
51101,King William County,VA,2012,11.078563954272488,,
51101,King William County,VA,2013,10.746684803862737,,
51101,King William County,VA,2014,10.883366139617726,,
51101,King William County,VA,2015,11.136121027576754,,
51101,King William County,VA,2016,11.229389453977756,,
51101,King William County,VA,2017,11.491582934592548,,
51101,King William County,VA,2018,11.713609260073799,,
51101,King William County,VA,2019,12.129617939764282,,
51101,King William County,VA,2020,12.197910826297328,,
51101,King William County,VA,2021,12.105754590834383,,
51101,King William County,VA,2022,13.405271630284828,,
51103,Lancaster County,VA,2010,10.241096733592041,,
51103,Lancaster County,VA,2011,10.661661940071044,,
51103,Lancaster County,VA,2012,11.059851188451322,,
51103,Lancaster County,VA,2013,10.736616159097395,,
51103,Lancaster County,VA,2014,10.86213362594747,,
51103,Lancaster County,VA,2015,11.077773236839393,,
51103,Lancaster County,VA,2016,11.203980712340245,,
51103,Lancaster County,VA,2017,11.535030708700933,,
51103,Lancaster County,VA,2018,11.678494135710968,,
51103,Lancaster County,VA,2019,12.073141736914819,,
51103,Lancaster County,VA,2020,12.195475158886936,,
51103,Lancaster County,VA,2021,12.14148832398868,,
51103,Lancaster County,VA,2022,13.416328317713365,,
51105,Lee County,VA,2010,8.648310117029164,,
51105,Lee County,VA,2011,8.473173555590312,,
51105,Lee County,VA,2012,9.425297389624752,,
51105,Lee County,VA,2013,8.92447250989387,,
51105,Lee County,VA,2014,9.924450251704785,,
51105,Lee County,VA,2015,9.722019700785658,,
51105,Lee County,VA,2016,10.12566291672222,,
51105,Lee County,VA,2017,10.474954398019825,,
51105,Lee County,VA,2018,10.339365880538748,,
51105,Lee County,VA,2019,10.605486460992983,,
51105,Lee County,VA,2020,11.207282032769275,,
51105,Lee County,VA,2021,12.003425755807903,,
51105,Lee County,VA,2022,13.12628626745395,,
51107,Loudoun County,VA,2010,10.396778436772943,,
51107,Loudoun County,VA,2011,10.787651085934693,,
51107,Loudoun County,VA,2012,11.081613158335445,,
51107,Loudoun County,VA,2013,10.761632737579985,,
51107,Loudoun County,VA,2014,10.911945152764593,,
51107,Loudoun County,VA,2015,11.158442734248766,,
51107,Loudoun County,VA,2016,11.20234212289527,,
51107,Loudoun County,VA,2017,11.549467533073601,,
51107,Loudoun County,VA,2018,11.6829487955784,,
51107,Loudoun County,VA,2019,12.087904553223487,,
51107,Loudoun County,VA,2020,12.136061767285193,,
51107,Loudoun County,VA,2021,12.125539148901693,,
51107,Loudoun County,VA,2022,13.401222941730317,,
51109,Louisa County,VA,2010,10.261959220215488,,
51109,Louisa County,VA,2011,10.682112596340708,,
51109,Louisa County,VA,2012,11.07906344846252,,
51109,Louisa County,VA,2013,10.769041736506626,,
51109,Louisa County,VA,2014,10.908745164531663,,
51109,Louisa County,VA,2015,11.165113774960924,,
51109,Louisa County,VA,2016,11.25166149811725,,
51109,Louisa County,VA,2017,11.50511905291033,,
51109,Louisa County,VA,2018,11.740616319700493,,
51109,Louisa County,VA,2019,12.164790668522816,,
51109,Louisa County,VA,2020,12.221246182290477,,
51109,Louisa County,VA,2021,12.125952876442982,,
51109,Louisa County,VA,2022,13.412822226284677,,
51111,Lunenburg County,VA,2010,10.316525377894727,,
51111,Lunenburg County,VA,2011,10.723900927979933,,
51111,Lunenburg County,VA,2012,11.121508136732556,,
51111,Lunenburg County,VA,2013,10.786805283985798,,
51111,Lunenburg County,VA,2014,10.939802416710576,,
51111,Lunenburg County,VA,2015,11.157159908730716,,
51111,Lunenburg County,VA,2016,11.25930633755677,,
51111,Lunenburg County,VA,2017,11.571047822630142,,
51111,Lunenburg County,VA,2018,11.7170034468442,,
51111,Lunenburg County,VA,2019,12.120719793656779,,
51111,Lunenburg County,VA,2020,12.2486114343247,,
51111,Lunenburg County,VA,2021,12.158764258234665,,
51111,Lunenburg County,VA,2022,13.457168788489794,,
51113,Madison County,VA,2010,10.242840180353463,,
51113,Madison County,VA,2011,10.698735024291643,,
51113,Madison County,VA,2012,11.078563954272488,,
51113,Madison County,VA,2013,10.746684803862737,,
51113,Madison County,VA,2014,10.883366139617726,,
51113,Madison County,VA,2015,11.136121027576754,,
51113,Madison County,VA,2016,11.229389453977756,,
51113,Madison County,VA,2017,11.491582934592548,,
51113,Madison County,VA,2018,11.713609260073799,,
51113,Madison County,VA,2019,12.129617939764282,,
51113,Madison County,VA,2020,12.197910826297328,,
51113,Madison County,VA,2021,12.105754590834383,,
51113,Madison County,VA,2022,13.405271630284828,,
51115,Mathews County,VA,2010,10.220767619434053,,
51115,Mathews County,VA,2011,10.642320779623974,,
51115,Mathews County,VA,2012,11.044668644654392,,
51115,Mathews County,VA,2013,10.720880331415161,,
51115,Mathews County,VA,2014,10.845198937440564,,
51115,Mathews County,VA,2015,11.055026234667995,,
51115,Mathews County,VA,2016,11.185673295112666,,
51115,Mathews County,VA,2017,11.524501496229675,,
51115,Mathews County,VA,2018,11.66164086138545,,
51115,Mathews County,VA,2019,12.056458043354928,,
51115,Mathews County,VA,2020,12.179610359243737,,
51115,Mathews County,VA,2021,12.13029958147936,,
51115,Mathews County,VA,2022,13.40972176536102,,
51117,Mecklenburg County,VA,2010,10.316525377894727,,
51117,Mecklenburg County,VA,2011,10.723900927979933,,
51117,Mecklenburg County,VA,2012,11.121508136732556,,
51117,Mecklenburg County,VA,2013,10.786805283985798,,
51117,Mecklenburg County,VA,2014,10.939802416710576,,
51117,Mecklenburg County,VA,2015,11.157159908730716,,
51117,Mecklenburg County,VA,2016,11.25930633755677,,
51117,Mecklenburg County,VA,2017,11.571047822630142,,
51117,Mecklenburg County,VA,2018,11.7170034468442,,
51117,Mecklenburg County,VA,2019,12.120719793656779,,
51117,Mecklenburg County,VA,2020,12.2486114343247,,
51117,Mecklenburg County,VA,2021,12.158764258234665,,
51117,Mecklenburg County,VA,2022,13.457168788489794,,
51119,Middlesex County,VA,2010,10.220767619434053,,
51119,Middlesex County,VA,2011,10.642320779623974,,
51119,Middlesex County,VA,2012,11.044668644654392,,
51119,Middlesex County,VA,2013,10.720880331415161,,
51119,Middlesex County,VA,2014,10.845198937440564,,
51119,Middlesex County,VA,2015,11.055026234667995,,
51119,Middlesex County,VA,2016,11.185673295112666,,
51119,Middlesex County,VA,2017,11.524501496229675,,
51119,Middlesex County,VA,2018,11.66164086138545,,
51119,Middlesex County,VA,2019,12.056458043354928,,
51119,Middlesex County,VA,2020,12.179610359243737,,
51119,Middlesex County,VA,2021,12.13029958147936,,
51119,Middlesex County,VA,2022,13.40972176536102,,
51121,Montgomery County,VA,2010,10.395443620628777,,
51121,Montgomery County,VA,2011,9.483276675418367,,
51121,Montgomery County,VA,2012,10.809050371451812,,
51121,Montgomery County,VA,2013,11.017269508302615,,
51121,Montgomery County,VA,2014,11.345065469161105,,
51121,Montgomery County,VA,2015,11.293014920577964,,
51121,Montgomery County,VA,2016,11.405502287632162,,
51121,Montgomery County,VA,2017,11.493292948549255,,
51121,Montgomery County,VA,2018,11.241883947579225,,
51121,Montgomery County,VA,2019,11.054214149071004,,
51121,Montgomery County,VA,2020,10.826941701319345,,
51121,Montgomery County,VA,2021,11.153434568602988,,
51121,Montgomery County,VA,2022,13.017316608378065,,
51125,Nelson County,VA,2010,10.223402424641039,,
51125,Nelson County,VA,2011,10.398283389989208,,
51125,Nelson County,VA,2012,10.969951814046453,,
51125,Nelson County,VA,2013,10.759445818322433,,
51125,Nelson County,VA,2014,10.945741217077012,,
51125,Nelson County,VA,2015,11.134379247266223,,
51125,Nelson County,VA,2016,11.238520500068617,,
51125,Nelson County,VA,2017,11.507452794791472,,
51125,Nelson County,VA,2018,11.59315094581728,,
51125,Nelson County,VA,2019,11.906429304977078,,
51125,Nelson County,VA,2020,11.957952020877439,,
51125,Nelson County,VA,2021,11.954160720317699,,
51125,Nelson County,VA,2022,13.327570587612465,,
51127,New Kent County,VA,2010,10.220767619434053,,
51127,New Kent County,VA,2011,10.642320779623974,,
51127,New Kent County,VA,2012,11.044668644654392,,
51127,New Kent County,VA,2013,10.720880331415161,,
51127,New Kent County,VA,2014,10.845198937440564,,
51127,New Kent County,VA,2015,11.055026234667995,,
51127,New Kent County,VA,2016,11.185673295112666,,
51127,New Kent County,VA,2017,11.524501496229675,,
51127,New Kent County,VA,2018,11.66164086138545,,
51127,New Kent County,VA,2019,12.056458043354928,,
51127,New Kent County,VA,2020,12.179610359243737,,
51127,New Kent County,VA,2021,12.13029958147936,,
51127,New Kent County,VA,2022,13.40972176536102,,
51131,Northampton County,VA,2010,11.74771254372116,,
51131,Northampton County,VA,2011,11.75877622241577,,
51131,Northampton County,VA,2012,11.823409252757964,,
51131,Northampton County,VA,2013,11.277384974918505,,
51131,Northampton County,VA,2014,11.73313465646087,,
51131,Northampton County,VA,2015,12.027638828624527,,
51131,Northampton County,VA,2016,11.674144634068993,,
51131,Northampton County,VA,2017,11.119828857385023,,
51131,Northampton County,VA,2018,11.705791106514996,,
51131,Northampton County,VA,2019,12.319407354436462,,
51131,Northampton County,VA,2020,12.105387062322718,,
51131,Northampton County,VA,2021,11.499600957701517,,
51131,Northampton County,VA,2022,12.57481073421591,,
51133,Northumberland County,VA,2010,12.79959182438071,,
51133,Northumberland County,VA,2011,13.128489008163227,,
51133,Northumberland County,VA,2012,11.059851188451322,,
51133,Northumberland County,VA,2013,10.736616159097395,,
51133,Northumberland County,VA,2014,10.86213362594747,,
51133,Northumberland County,VA,2015,11.077773236839393,,
51133,Northumberland County,VA,2016,11.203980712340245,,
51133,Northumberland County,VA,2017,11.535030708700933,,
51133,Northumberland County,VA,2018,11.678494135710968,,
51133,Northumberland County,VA,2019,12.073141736914819,,
51133,Northumberland County,VA,2020,12.195475158886936,,
51133,Northumberland County,VA,2021,12.14148832398868,,
51133,Northumberland County,VA,2022,13.416328317713365,,
51135,Nottoway County,VA,2010,10.280945834592726,,
51135,Nottoway County,VA,2011,10.690770278257876,,
51135,Nottoway County,VA,2012,11.0931723907492,,
51135,Nottoway County,VA,2013,10.759466460712119,,
51135,Nottoway County,VA,2014,10.912454565193537,,
51135,Nottoway County,VA,2015,11.129695357893219,,
51135,Nottoway County,VA,2016,11.2417094507521,,
51135,Nottoway County,VA,2017,11.55578940355895,,
51135,Nottoway County,VA,2018,11.692904121985697,,
51135,Nottoway County,VA,2019,12.098560750527032,,
51135,Nottoway County,VA,2020,12.234671176288956,,
51135,Nottoway County,VA,2021,12.151613242956484,,
51135,Nottoway County,VA,2022,13.444412732541378,,
51137,Orange County,VA,2010,10.226649846585916,,
51137,Orange County,VA,2011,10.682112596340708,,
51137,Orange County,VA,2012,11.07906344846252,,
51137,Orange County,VA,2013,10.769041736506626,,
51137,Orange County,VA,2014,10.908745164531663,,
51137,Orange County,VA,2015,11.165113774960924,,
51137,Orange County,VA,2016,11.25166149811725,,
51137,Orange County,VA,2017,11.50511905291033,,
51137,Orange County,VA,2018,11.740616319700493,,
51137,Orange County,VA,2019,12.164790668522816,,
51137,Orange County,VA,2020,12.221246182290477,,
51137,Orange County,VA,2021,12.125952876442982,,
51137,Orange County,VA,2022,13.412822226284677,,
51139,Page County,VA,2010,10.233126341340558,,
51139,Page County,VA,2011,10.683238236038918,,
51139,Page County,VA,2012,11.05503382190504,,
51139,Page County,VA,2013,10.721999608858715,,
51139,Page County,VA,2014,10.885241025991357,,
51139,Page County,VA,2015,11.16096449506315,,
51139,Page County,VA,2016,11.234314246709683,,
51139,Page County,VA,2017,11.476025250815438,,
51139,Page County,VA,2018,11.695411790208752,,
51139,Page County,VA,2019,12.119730074089027,,
51139,Page County,VA,2020,12.170930616552516,,
51139,Page County,VA,2021,12.065474527342197,,
51139,Page County,VA,2022,13.373867070205469,,
51141,Patrick County,VA,2010,10.409119222556859,,
51141,Patrick County,VA,2011,9.460983726301215,,
51141,Patrick County,VA,2012,10.722441486785813,,
51141,Patrick County,VA,2013,10.95825610334336,,
51141,Patrick County,VA,2014,11.367048483791258,,
51141,Patrick County,VA,2015,11.350030192008445,,
51141,Patrick County,VA,2016,11.471419194172828,,
51141,Patrick County,VA,2017,11.60959104267158,,
51141,Patrick County,VA,2018,11.440707431056078,,
51141,Patrick County,VA,2019,11.207155220189197,,
51141,Patrick County,VA,2020,11.096400892141887,,
51141,Patrick County,VA,2021,11.359213672640653,,
51141,Patrick County,VA,2022,13.19992917562203,,
51143,Pittsylvania County,VA,2010,10.333355400155003,,
51143,Pittsylvania County,VA,2011,10.493635701237922,,
51143,Pittsylvania County,VA,2012,11.048680962519818,,
51143,Pittsylvania County,VA,2013,10.817898684525066,,
51143,Pittsylvania County,VA,2014,11.01666135246906,,
51143,Pittsylvania County,VA,2015,11.191598390663708,,
51143,Pittsylvania County,VA,2016,11.296948775802248,,
51143,Pittsylvania County,VA,2017,11.577846892822508,,
51143,Pittsylvania County,VA,2018,11.66860150375562,,
51143,Pittsylvania County,VA,2019,11.961877025517788,,
51143,Pittsylvania County,VA,2020,12.049473463235897,,
51143,Pittsylvania County,VA,2021,12.02121404193936,,
51143,Pittsylvania County,VA,2022,13.413273117397823,,
51145,Powhatan County,VA,2010,10.282210032054651,,
51145,Powhatan County,VA,2011,10.691799061995594,,
51145,Powhatan County,VA,2012,11.0931723907492,,
51145,Powhatan County,VA,2013,10.759466460712119,,
51145,Powhatan County,VA,2014,10.912454565193537,,
51145,Powhatan County,VA,2015,11.129695357893219,,
51145,Powhatan County,VA,2016,11.2417094507521,,
51145,Powhatan County,VA,2017,11.55578940355895,,
51145,Powhatan County,VA,2018,11.692904121985697,,
51145,Powhatan County,VA,2019,12.099282954018317,,
51145,Powhatan County,VA,2020,12.234671176288956,,
51145,Powhatan County,VA,2021,12.151613242956484,,
51145,Powhatan County,VA,2022,13.444412732541378,,
51147,Prince Edward County,VA,2010,9.065599645879564,,
51147,Prince Edward County,VA,2011,9.513105768057802,,
51147,Prince Edward County,VA,2012,11.093479727250877,,
51147,Prince Edward County,VA,2013,10.782527119012723,,
51147,Prince Edward County,VA,2014,10.93844773757957,,
51147,Prince Edward County,VA,2015,11.1599697998891,,
51147,Prince Edward County,VA,2016,11.264728335512801,,
51147,Prince Edward County,VA,2017,11.568969860838507,,
51147,Prince Edward County,VA,2018,11.721345831222052,,
51147,Prince Edward County,VA,2019,12.136392122918167,,
51147,Prince Edward County,VA,2020,12.258476213990031,,
51147,Prince Edward County,VA,2021,12.172039147890018,,
51147,Prince Edward County,VA,2022,13.451746225661878,,
51149,Prince George County,VA,2010,12.144115710226092,,
51149,Prince George County,VA,2011,11.959729965534098,,
51149,Prince George County,VA,2012,11.098036439280321,,
51149,Prince George County,VA,2013,10.761039876127304,,
51149,Prince George County,VA,2014,10.91691400617707,,
51149,Prince George County,VA,2015,11.136806704438172,,
51149,Prince George County,VA,2016,11.244772813898095,,
51149,Prince George County,VA,2017,11.554913013841965,,
51149,Prince George County,VA,2018,11.693882290788382,,
51149,Prince George County,VA,2019,12.100693700948879,,
51149,Prince George County,VA,2020,12.23286256391551,,
51149,Prince George County,VA,2021,12.148408845259036,,
51149,Prince George County,VA,2022,13.442232183470274,,
51153,Prince William County,VA,2010,13.096104482108833,,
51153,Prince William County,VA,2011,12.995017804560048,,
51153,Prince William County,VA,2012,11.081613158335445,,
51153,Prince William County,VA,2013,10.761632737579985,,
51153,Prince William County,VA,2014,10.911945152764593,,
51153,Prince William County,VA,2015,11.158442734248766,,
51153,Prince William County,VA,2016,11.20234212289527,,
51153,Prince William County,VA,2017,11.549467533073601,,
51153,Prince William County,VA,2018,11.6829487955784,,
51153,Prince William County,VA,2019,12.087904553223487,,
51153,Prince William County,VA,2020,12.136061767285193,,
51153,Prince William County,VA,2021,12.125539148901693,,
51153,Prince William County,VA,2022,13.401222941730317,,
51155,Pulaski County,VA,2010,10.367384760076401,,
51155,Pulaski County,VA,2011,9.389242444451401,,
51155,Pulaski County,VA,2012,10.73530504499394,,
51155,Pulaski County,VA,2013,10.974466405616761,,
51155,Pulaski County,VA,2014,11.308785874742307,,
51155,Pulaski County,VA,2015,11.245453151974635,,
51155,Pulaski County,VA,2016,11.365078231802789,,
51155,Pulaski County,VA,2017,11.453078927296126,,
51155,Pulaski County,VA,2018,11.195362478668407,,
51155,Pulaski County,VA,2019,10.992166662689154,,
51155,Pulaski County,VA,2020,10.814283664139614,,
51155,Pulaski County,VA,2021,11.145614291553938,,
51155,Pulaski County,VA,2022,13.02587405093559,,
51157,Rappahannock County,VA,2010,10.478334572578994,,
51157,Rappahannock County,VA,2011,11.548880046330027,,
51157,Rappahannock County,VA,2012,11.58975626789849,,
51157,Rappahannock County,VA,2013,11.135356974653783,,
51157,Rappahannock County,VA,2014,11.450547766257035,,
51157,Rappahannock County,VA,2015,12.339707496344598,,
51157,Rappahannock County,VA,2016,11.875500536167555,,
51157,Rappahannock County,VA,2017,11.007156629772355,,
51157,Rappahannock County,VA,2018,12.476205162689695,,
51157,Rappahannock County,VA,2019,13.195396314013907,,
51157,Rappahannock County,VA,2020,12.465724822411527,,
51157,Rappahannock County,VA,2021,11.751243713734713,,
51157,Rappahannock County,VA,2022,13.34150863668048,,
51159,Richmond County,VA,2010,,,
51159,Richmond County,VA,2011,,,
51159,Richmond County,VA,2012,,,
51159,Richmond County,VA,2013,,,
51159,Richmond County,VA,2014,,,
51159,Richmond County,VA,2015,,,
51159,Richmond County,VA,2016,,,
51159,Richmond County,VA,2017,,,
51159,Richmond County,VA,2018,,,
51159,Richmond County,VA,2019,,,
51159,Richmond County,VA,2020,,,
51159,Richmond County,VA,2021,,,
51159,Richmond County,VA,2022,,,
51161,Roanoke County,VA,2010,,,
51161,Roanoke County,VA,2011,,,
51161,Roanoke County,VA,2012,,,
51161,Roanoke County,VA,2013,,,
51161,Roanoke County,VA,2014,,,
51161,Roanoke County,VA,2015,,,
51161,Roanoke County,VA,2016,,,
51161,Roanoke County,VA,2017,,,
51161,Roanoke County,VA,2018,,,
51161,Roanoke County,VA,2019,,,
51161,Roanoke County,VA,2020,,,
51161,Roanoke County,VA,2021,,,
51161,Roanoke County,VA,2022,,,
51163,Rockbridge County,VA,2010,10.223486002228391,,
51163,Rockbridge County,VA,2011,10.640311827932502,,
51163,Rockbridge County,VA,2012,11.033958881290223,,
51163,Rockbridge County,VA,2013,10.704712092085959,,
51163,Rockbridge County,VA,2014,10.859054846435962,,
51163,Rockbridge County,VA,2015,11.097465524362896,,
51163,Rockbridge County,VA,2016,11.202414616307905,,
51163,Rockbridge County,VA,2017,11.513842038508487,,
51163,Rockbridge County,VA,2018,11.652431755417958,,
51163,Rockbridge County,VA,2019,12.060152968001281,,
51163,Rockbridge County,VA,2020,12.151479631362577,,
51163,Rockbridge County,VA,2021,12.086483097382,,
51163,Rockbridge County,VA,2022,13.376046763268892,,
51165,Rockingham County,VA,2010,10.218908269801721,,
51165,Rockingham County,VA,2011,10.675017046673602,,
51165,Rockingham County,VA,2012,11.0453722292801,,
51165,Rockingham County,VA,2013,10.714962841135897,,
51165,Rockingham County,VA,2014,10.879074119509415,,
51165,Rockingham County,VA,2015,11.151560178662638,,
51165,Rockingham County,VA,2016,11.221953295943567,,
51165,Rockingham County,VA,2017,11.464787897606346,,
51165,Rockingham County,VA,2018,11.684765159848048,,
51165,Rockingham County,VA,2019,12.105207093519192,,
51165,Rockingham County,VA,2020,12.152980139180757,,
51165,Rockingham County,VA,2021,12.048054650116958,,
51165,Rockingham County,VA,2022,13.35986746969054,,
51167,Russell County,VA,2010,10.266384888011958,,
51167,Russell County,VA,2011,9.28741033295476,,
51167,Russell County,VA,2012,10.635398836569701,,
51167,Russell County,VA,2013,10.837837896410544,,
51167,Russell County,VA,2014,11.222272699028196,,
51167,Russell County,VA,2015,11.14877125342123,,
51167,Russell County,VA,2016,11.28832398041166,,
51167,Russell County,VA,2017,11.390671425267287,,
51167,Russell County,VA,2018,11.137369493793885,,
51167,Russell County,VA,2019,10.954613823220566,,
51167,Russell County,VA,2020,10.847042929900967,,
51167,Russell County,VA,2021,11.209216437955922,,
51167,Russell County,VA,2022,13.054523880922165,,
51169,Scott County,VA,2010,10.24035119470035,,
51169,Scott County,VA,2011,9.335513072162186,,
51169,Scott County,VA,2012,10.630391698044308,,
51169,Scott County,VA,2013,10.817006510475549,,
51169,Scott County,VA,2014,11.19697877855194,,
51169,Scott County,VA,2015,11.12699539536128,,
51169,Scott County,VA,2016,11.27498712274944,,
51169,Scott County,VA,2017,11.379186891059781,,
51169,Scott County,VA,2018,11.121275862282602,,
51169,Scott County,VA,2019,10.93765851185507,,
51169,Scott County,VA,2020,10.81624630135602,,
51169,Scott County,VA,2021,11.167324813817066,,
51169,Scott County,VA,2022,12.977774666542572,,
51171,Shenandoah County,VA,2010,10.233126341340558,,
51171,Shenandoah County,VA,2011,10.683238236038918,,
51171,Shenandoah County,VA,2012,11.05503382190504,,
51171,Shenandoah County,VA,2013,10.721999608858715,,
51171,Shenandoah County,VA,2014,10.885241025991357,,
51171,Shenandoah County,VA,2015,11.16096449506315,,
51171,Shenandoah County,VA,2016,11.234314246709683,,
51171,Shenandoah County,VA,2017,11.476025250815438,,
51171,Shenandoah County,VA,2018,11.695411790208752,,
51171,Shenandoah County,VA,2019,12.119730074089027,,
51171,Shenandoah County,VA,2020,12.170930616552516,,
51171,Shenandoah County,VA,2021,12.065474527342197,,
51171,Shenandoah County,VA,2022,13.373867070205469,,
51173,Smyth County,VA,2010,10.36436838569141,,
51173,Smyth County,VA,2011,9.356993665749382,,
51173,Smyth County,VA,2012,10.714058865721642,,
51173,Smyth County,VA,2013,10.958068789328275,,
51173,Smyth County,VA,2014,11.297868876207362,,
51173,Smyth County,VA,2015,11.232867607133507,,
51173,Smyth County,VA,2016,11.353329131743251,,
51173,Smyth County,VA,2017,11.440578146643995,,
51173,Smyth County,VA,2018,11.18195564905387,,
51173,Smyth County,VA,2019,10.972725394088512,,
51173,Smyth County,VA,2020,10.814283664139614,,
51173,Smyth County,VA,2021,11.145614291553938,,
51173,Smyth County,VA,2022,13.02587405093559,,
51175,Southampton County,VA,2010,10.264166267390971,,
51175,Southampton County,VA,2011,10.6809270099172,,
51175,Southampton County,VA,2012,11.079100795898832,,
51175,Southampton County,VA,2013,10.751163422216292,,
51175,Southampton County,VA,2014,10.879566923149156,,
51175,Southampton County,VA,2015,11.094445324174155,,
51175,Southampton County,VA,2016,11.21110100799146,,
51175,Southampton County,VA,2017,11.538472724190525,,
51175,Southampton County,VA,2018,11.687642907892503,,
51175,Southampton County,VA,2019,12.082884872711528,,
51175,Southampton County,VA,2020,12.19294565683604,,
51175,Southampton County,VA,2021,12.134716471848831,,
51175,Southampton County,VA,2022,13.421109357561866,,
51177,Spotsylvania County,VA,2010,10.279275729618599,,
51177,Spotsylvania County,VA,2011,10.698735024291643,,
51177,Spotsylvania County,VA,2012,11.078563954272488,,
51177,Spotsylvania County,VA,2013,10.746684803862737,,
51177,Spotsylvania County,VA,2014,10.883366139617726,,
51177,Spotsylvania County,VA,2015,11.136121027576754,,
51177,Spotsylvania County,VA,2016,11.229389453977756,,
51177,Spotsylvania County,VA,2017,11.491582934592548,,
51177,Spotsylvania County,VA,2018,11.713609260073799,,
51177,Spotsylvania County,VA,2019,12.129617939764282,,
51177,Spotsylvania County,VA,2020,12.197910826297328,,
51177,Spotsylvania County,VA,2021,12.105754590834383,,
51177,Spotsylvania County,VA,2022,13.405271630284828,,
51179,Stafford County,VA,2010,10.46004398860227,,
51179,Stafford County,VA,2011,10.848058969480117,,
51179,Stafford County,VA,2012,11.124312704948002,,
51179,Stafford County,VA,2013,10.796980672863393,,
51179,Stafford County,VA,2014,10.958121519285923,,
51179,Stafford County,VA,2015,11.247355292366828,,
51179,Stafford County,VA,2016,11.258113858998671,,
51179,Stafford County,VA,2017,11.526400056355506,,
51179,Stafford County,VA,2018,11.744779975569314,,
51179,Stafford County,VA,2019,12.16860841004564,,
51179,Stafford County,VA,2020,12.169922376816777,,
51179,Stafford County,VA,2021,12.112808673145283,,
51179,Stafford County,VA,2022,13.403445852126547,,
51181,Surry County,VA,2010,10.231987795505423,,
51181,Surry County,VA,2011,10.64980958458583,,
51181,Surry County,VA,2012,11.050733778183218,,
51181,Surry County,VA,2013,10.722701557148566,,
51181,Surry County,VA,2014,10.850448967976577,,
51181,Surry County,VA,2015,11.065731383768936,,
51181,Surry County,VA,2016,11.192811902036883,,
51181,Surry County,VA,2017,11.521166649889725,,
51181,Surry County,VA,2018,11.66111915448586,,
51181,Surry County,VA,2019,12.058930409405999,,
51181,Surry County,VA,2020,12.178014591487155,,
51181,Surry County,VA,2021,12.127117577260641,,
51181,Surry County,VA,2022,13.407648946923645,,
51183,Sussex County,VA,2010,10.326119235145981,,
51183,Sussex County,VA,2011,10.729971226131948,,
51183,Sussex County,VA,2012,11.126671917919056,,
51183,Sussex County,VA,2013,10.787985981165813,,
51183,Sussex County,VA,2014,10.944041542524626,,
51183,Sussex County,VA,2015,11.166597642592402,,
51183,Sussex County,VA,2016,11.265557508264571,,
51183,Sussex County,VA,2017,11.567438439131019,,
51183,Sussex County,VA,2018,11.716030702457815,,
51183,Sussex County,VA,2019,12.122154824137747,,
51183,Sussex County,VA,2020,12.246762854397545,,
51183,Sussex County,VA,2021,12.15556764932872,,
51183,Sussex County,VA,2022,13.454958330555774,,
51185,Tazewell County,VA,2010,10.36070890389747,,
51185,Tazewell County,VA,2011,9.357591316212785,,
51185,Tazewell County,VA,2012,10.714058865721642,,
51185,Tazewell County,VA,2013,10.958068789328275,,
51185,Tazewell County,VA,2014,11.297868876207362,,
51185,Tazewell County,VA,2015,11.232867607133507,,
51185,Tazewell County,VA,2016,11.353329131743251,,
51185,Tazewell County,VA,2017,11.440578146643995,,
51185,Tazewell County,VA,2018,11.18195564905387,,
51185,Tazewell County,VA,2019,10.973987138779185,,
51185,Tazewell County,VA,2020,11.951627745559977,,
51185,Tazewell County,VA,2021,11.966648477436427,,
51185,Tazewell County,VA,2022,13.3464479880855,,
51187,Warren County,VA,2010,10.303958845299041,,
51187,Warren County,VA,2011,10.680736818059147,,
51187,Warren County,VA,2012,11.051821304226072,,
51187,Warren County,VA,2013,10.71904870918607,,
51187,Warren County,VA,2014,10.882051815236196,,
51187,Warren County,VA,2015,11.155168886016423,,
51187,Warren County,VA,2016,11.22868233947698,,
51187,Warren County,VA,2017,11.474534240619656,,
51187,Warren County,VA,2018,11.697226613972015,,
51187,Warren County,VA,2019,12.119051068611126,,
51187,Warren County,VA,2020,12.170930616552516,,
51187,Warren County,VA,2021,12.065474527342197,,
51187,Warren County,VA,2022,13.373867070205469,,
51191,Washington County,VA,2010,10.34986553445845,,
51191,Washington County,VA,2011,9.394525690864649,,
51191,Washington County,VA,2012,10.711642508407813,,
51191,Washington County,VA,2013,10.943346184229316,,
51191,Washington County,VA,2014,11.281164430473906,,
51191,Washington County,VA,2015,11.219157801453488,,
51191,Washington County,VA,2016,11.349874834189245,,
51191,Washington County,VA,2017,11.437701877060864,,
51191,Washington County,VA,2018,11.171419700903941,,
51191,Washington County,VA,2019,10.958778735306193,,
51191,Washington County,VA,2020,10.791534194693611,,
51191,Washington County,VA,2021,11.11487428375146,,
51191,Washington County,VA,2022,12.968550553667077,,
51193,Westmoreland County,VA,2010,10.241096733592041,,
51193,Westmoreland County,VA,2011,10.661661940071044,,
51193,Westmoreland County,VA,2012,11.059851188451322,,
51193,Westmoreland County,VA,2013,10.736616159097395,,
51193,Westmoreland County,VA,2014,10.86213362594747,,
51193,Westmoreland County,VA,2015,11.077773236839393,,
51193,Westmoreland County,VA,2016,11.203980712340245,,
51193,Westmoreland County,VA,2017,11.535030708700933,,
51193,Westmoreland County,VA,2018,11.678494135710968,,
51193,Westmoreland County,VA,2019,12.073141736914819,,
51193,Westmoreland County,VA,2020,12.195475158886936,,
51193,Westmoreland County,VA,2021,12.14148832398868,,
51193,Westmoreland County,VA,2022,13.416328317713365,,
51195,Wise County,VA,2010,10.250736135792156,,
51195,Wise County,VA,2011,9.298753447435505,,
51195,Wise County,VA,2012,10.630320587224332,,
51195,Wise County,VA,2013,10.82716780299685,,
51195,Wise County,VA,2014,11.210215954632544,,
51195,Wise County,VA,2015,11.137216036977767,,
51195,Wise County,VA,2016,11.276100044322229,,
51195,Wise County,VA,2017,11.380226411549875,,
51195,Wise County,VA,2018,11.129741608872155,,
51195,Wise County,VA,2019,10.95015245215217,,
51195,Wise County,VA,2020,10.83829642315479,,
51195,Wise County,VA,2021,11.19765555056695,,
51195,Wise County,VA,2022,13.0319086468693,,
51197,Wythe County,VA,2010,10.36436838569141,,
51197,Wythe County,VA,2011,9.356993665749382,,
51197,Wythe County,VA,2012,10.714058865721642,,
51197,Wythe County,VA,2013,10.958068789328275,,
51197,Wythe County,VA,2014,11.297868876207362,,
51197,Wythe County,VA,2015,11.232867607133507,,
51197,Wythe County,VA,2016,11.353329131743251,,
51197,Wythe County,VA,2017,11.440578146643995,,
51197,Wythe County,VA,2018,11.18195564905387,,
51197,Wythe County,VA,2019,10.972725394088512,,
51197,Wythe County,VA,2020,10.814283664139614,,
51197,Wythe County,VA,2021,11.145614291553938,,
51197,Wythe County,VA,2022,13.02587405093559,,
51199,York County,VA,2010,10.220767619434053,,
51199,York County,VA,2011,10.642320779623974,,
51199,York County,VA,2012,11.044668644654392,,
51199,York County,VA,2013,10.720880331415161,,
51199,York County,VA,2014,10.845198937440564,,
51199,York County,VA,2015,11.055026234667995,,
51199,York County,VA,2016,11.185673295112666,,
51199,York County,VA,2017,11.524501496229675,,
51199,York County,VA,2018,11.66164086138545,,
51199,York County,VA,2019,12.056458043354928,,
51199,York County,VA,2020,12.179610359243737,,
51199,York County,VA,2021,12.13029958147936,,
51199,York County,VA,2022,13.40972176536102,,
51510,Alexandria city,VA,2010,,,
51510,Alexandria city,VA,2011,,,
51510,Alexandria city,VA,2012,11.044668644654392,,
51510,Alexandria city,VA,2013,10.720880331415161,,
51510,Alexandria city,VA,2014,10.845198937440564,,
51510,Alexandria city,VA,2015,11.055026234667995,,
51510,Alexandria city,VA,2016,11.185673295112666,,
51510,Alexandria city,VA,2017,11.524501496229675,,
51510,Alexandria city,VA,2018,11.66164086138545,,
51510,Alexandria city,VA,2019,12.056458043354928,,
51510,Alexandria city,VA,2020,12.179610359243737,,
51510,Alexandria city,VA,2021,12.13029958147936,,
51510,Alexandria city,VA,2022,13.40972176536102,,
51515,Bedford city,VA,2010,10.2620719371269,,
51515,Bedford city,VA,2011,10.540745522471466,,
51515,Bedford city,VA,2012,11.034567933204132,,
51515,Bedford city,VA,2013,10.760828744028524,,
51515,Bedford city,VA,2014,10.918328837661356,,
51515,Bedford city,VA,2015,11.1061022650946,,
51515,Bedford city,VA,2016,11.228763494303367,,
51515,Bedford city,VA,2017,11.532974405429702,,
51515,Bedford city,VA,2018,11.633577336220702,,
51515,Bedford city,VA,2019,11.978577357622571,,
51515,Bedford city,VA,2020,12.082567298814261,,
51515,Bedford city,VA,2021,12.051539614819873,,
51515,Bedford city,VA,2022,13.390947027966964,,
51520,Bristol city,VA,2010,,,
51520,Bristol city,VA,2011,,,
51520,Bristol city,VA,2012,,,
51520,Bristol city,VA,2013,,,
51520,Bristol city,VA,2014,,,
51520,Bristol city,VA,2015,10.767633432262741,,
51520,Bristol city,VA,2016,11.235749278879172,,
51520,Bristol city,VA,2017,11.34247705028321,,
51520,Bristol city,VA,2018,10.821760095572543,,
51520,Bristol city,VA,2019,10.494517220703461,,
51520,Bristol city,VA,2020,10.027303360776443,,
51520,Bristol city,VA,2021,10.074434555077605,,
51520,Bristol city,VA,2022,13.395921319934407,,
51530,Buena Vista city,VA,2010,10.220767619434053,,
51530,Buena Vista city,VA,2011,10.642320779623974,,
51530,Buena Vista city,VA,2012,11.044668644654392,,
51530,Buena Vista city,VA,2013,10.720880331415161,,
51530,Buena Vista city,VA,2014,10.845198937440564,,
51530,Buena Vista city,VA,2015,11.055026234667995,,
51530,Buena Vista city,VA,2016,11.185673295112666,,
51530,Buena Vista city,VA,2017,11.524501496229675,,
51530,Buena Vista city,VA,2018,11.66164086138545,,
51530,Buena Vista city,VA,2019,12.056458043354928,,
51530,Buena Vista city,VA,2020,12.179610359243737,,
51530,Buena Vista city,VA,2021,12.13029958147936,,
51530,Buena Vista city,VA,2022,13.40972176536102,,
51540,Charlottesville city,VA,2010,,,
51540,Charlottesville city,VA,2011,,,
51540,Charlottesville city,VA,2012,11.044668644654392,,
51540,Charlottesville city,VA,2013,10.720880331415161,,
51540,Charlottesville city,VA,2014,10.845198937440564,,
51540,Charlottesville city,VA,2015,11.055026234667995,,
51540,Charlottesville city,VA,2016,11.185673295112666,,
51540,Charlottesville city,VA,2017,11.524501496229675,,
51540,Charlottesville city,VA,2018,11.66164086138545,,
51540,Charlottesville city,VA,2019,12.056458043354928,,
51540,Charlottesville city,VA,2020,12.179610359243737,,
51540,Charlottesville city,VA,2021,12.13029958147936,,
51540,Charlottesville city,VA,2022,13.40972176536102,,
51550,Chesapeake city,VA,2010,,,
51550,Chesapeake city,VA,2011,,,
51550,Chesapeake city,VA,2012,11.044668644654392,,
51550,Chesapeake city,VA,2013,10.720880331415161,,
51550,Chesapeake city,VA,2014,10.845198937440564,,
51550,Chesapeake city,VA,2015,11.055026234667995,,
51550,Chesapeake city,VA,2016,11.185673295112666,,
51550,Chesapeake city,VA,2017,11.524501496229675,,
51550,Chesapeake city,VA,2018,11.66164086138545,,
51550,Chesapeake city,VA,2019,12.056458043354928,,
51550,Chesapeake city,VA,2020,12.179610359243737,,
51550,Chesapeake city,VA,2021,12.13029958147936,,
51550,Chesapeake city,VA,2022,13.40972176536102,,
51570,Colonial Heights city,VA,2010,,,
51570,Colonial Heights city,VA,2011,,,
51570,Colonial Heights city,VA,2012,11.044668644654392,,
51570,Colonial Heights city,VA,2013,10.720880331415161,,
51570,Colonial Heights city,VA,2014,10.845198937440564,,
51570,Colonial Heights city,VA,2015,11.055026234667995,,
51570,Colonial Heights city,VA,2016,11.185673295112666,,
51570,Colonial Heights city,VA,2017,11.524501496229675,,
51570,Colonial Heights city,VA,2018,11.66164086138545,,
51570,Colonial Heights city,VA,2019,12.056458043354928,,
51570,Colonial Heights city,VA,2020,12.179610359243737,,
51570,Colonial Heights city,VA,2021,12.13029958147936,,
51570,Colonial Heights city,VA,2022,13.40972176536102,,
51580,Covington city,VA,2010,,,
51580,Covington city,VA,2011,,,
51580,Covington city,VA,2012,11.044668644654392,,
51580,Covington city,VA,2013,10.720880331415161,,
51580,Covington city,VA,2014,10.845198937440564,,
51580,Covington city,VA,2015,11.055026234667995,,
51580,Covington city,VA,2016,11.185673295112666,,
51580,Covington city,VA,2017,11.524501496229675,,
51580,Covington city,VA,2018,11.66164086138545,,
51580,Covington city,VA,2019,12.056458043354928,,
51580,Covington city,VA,2020,12.179610359243737,,
51580,Covington city,VA,2021,12.13029958147936,,
51580,Covington city,VA,2022,13.40972176536102,,
51590,Danville city,VA,2010,,,
51590,Danville city,VA,2011,,,
51590,Danville city,VA,2012,,,
51590,Danville city,VA,2013,,,
51590,Danville city,VA,2014,,,
51590,Danville city,VA,2015,12.768425326409812,,
51590,Danville city,VA,2016,12.905641483352019,,
51590,Danville city,VA,2017,13.66710940294393,,
51590,Danville city,VA,2018,14.60242468390655,,
51590,Danville city,VA,2019,14.091061955543019,,
51590,Danville city,VA,2020,14.57683530510941,,
51590,Danville city,VA,2021,13.996739059544772,,
51590,Danville city,VA,2022,15.355748158100502,,
51595,Emporia city,VA,2010,10.220767619434053,,
51595,Emporia city,VA,2011,10.642320779623974,,
51595,Emporia city,VA,2012,11.044668644654392,,
51595,Emporia city,VA,2013,10.720880331415161,,
51595,Emporia city,VA,2014,10.845198937440564,,
51595,Emporia city,VA,2015,11.055026234667995,,
51595,Emporia city,VA,2016,11.185673295112666,,
51595,Emporia city,VA,2017,11.524501496229675,,
51595,Emporia city,VA,2018,11.66164086138545,,
51595,Emporia city,VA,2019,12.056458043354928,,
51595,Emporia city,VA,2020,12.179610359243737,,
51595,Emporia city,VA,2021,12.13029958147936,,
51595,Emporia city,VA,2022,13.40972176536102,,
51600,Fairfax city,VA,2010,10.31155165421341,,
51600,Fairfax city,VA,2011,10.717301788337513,,
51600,Fairfax city,VA,2012,11.063735811514928,,
51600,Fairfax city,VA,2013,10.741921506522106,,
51600,Fairfax city,VA,2014,10.879677211181876,,
51600,Fairfax city,VA,2015,11.108462964152645,,
51600,Fairfax city,VA,2016,11.194289212639827,,
51600,Fairfax city,VA,2017,11.537408688932773,,
51600,Fairfax city,VA,2018,11.672658508245123,,
51600,Fairfax city,VA,2019,12.07272225017353,,
51600,Fairfax city,VA,2020,12.157088596472413,,
51600,Fairfax city,VA,2021,12.127838003928895,,
51600,Fairfax city,VA,2022,13.405327511835987,,
51610,Falls Church city,VA,2010,10.220767619434053,,
51610,Falls Church city,VA,2011,10.642320779623974,,
51610,Falls Church city,VA,2012,11.044668644654392,,
51610,Falls Church city,VA,2013,10.720880331415161,,
51610,Falls Church city,VA,2014,10.845198937440564,,
51610,Falls Church city,VA,2015,11.055026234667995,,
51610,Falls Church city,VA,2016,11.185673295112666,,
51610,Falls Church city,VA,2017,11.524501496229675,,
51610,Falls Church city,VA,2018,11.66164086138545,,
51610,Falls Church city,VA,2019,12.056458043354928,,
51610,Falls Church city,VA,2020,12.179610359243737,,
51610,Falls Church city,VA,2021,12.13029958147936,,
51610,Falls Church city,VA,2022,13.40972176536102,,
51620,Franklin city,VA,2010,10.347546147246833,,
51620,Franklin city,VA,2011,10.41325722348236,,
51620,Franklin city,VA,2012,10.985701046275008,,
51620,Franklin city,VA,2013,10.7625979346605,,
51620,Franklin city,VA,2014,10.924234041810921,,
51620,Franklin city,VA,2015,11.085702165238928,,
51620,Franklin city,VA,2016,11.214224563448992,,
51620,Franklin city,VA,2017,11.511402750529482,,
51620,Franklin city,VA,2018,11.582044017525693,,
51620,Franklin city,VA,2019,11.876182340567242,,
51620,Franklin city,VA,2020,11.951627745559977,,
51620,Franklin city,VA,2021,11.966648477436427,,
51620,Franklin city,VA,2022,13.3464479880855,,
51630,Fredericksburg city,VA,2010,,,
51630,Fredericksburg city,VA,2011,,,
51630,Fredericksburg city,VA,2012,11.044668644654392,,
51630,Fredericksburg city,VA,2013,10.720880331415161,,
51630,Fredericksburg city,VA,2014,10.845198937440564,,
51630,Fredericksburg city,VA,2015,11.055026234667995,,
51630,Fredericksburg city,VA,2016,11.185673295112666,,
51630,Fredericksburg city,VA,2017,11.524501496229675,,
51630,Fredericksburg city,VA,2018,11.66164086138545,,
51630,Fredericksburg city,VA,2019,12.056458043354928,,
51630,Fredericksburg city,VA,2020,12.179610359243737,,
51630,Fredericksburg city,VA,2021,12.13029958147936,,
51630,Fredericksburg city,VA,2022,13.40972176536102,,
51640,Galax city,VA,2010,,,
51640,Galax city,VA,2011,,,
51640,Galax city,VA,2012,,,
51640,Galax city,VA,2013,,,
51640,Galax city,VA,2014,,,
51640,Galax city,VA,2015,11.232867607133507,,
51640,Galax city,VA,2016,11.353329131743251,,
51640,Galax city,VA,2017,11.440578146643995,,
51640,Galax city,VA,2018,11.18195564905387,,
51640,Galax city,VA,2019,10.972725394088512,,
51640,Galax city,VA,2020,10.814283664139614,,
51640,Galax city,VA,2021,11.145614291553938,,
51640,Galax city,VA,2022,13.02587405093559,,
51650,Hampton city,VA,2010,10.220767619434053,,
51650,Hampton city,VA,2011,10.642320779623974,,
51650,Hampton city,VA,2012,11.044668644654392,,
51650,Hampton city,VA,2013,10.720880331415161,,
51650,Hampton city,VA,2014,10.845198937440564,,
51650,Hampton city,VA,2015,11.055026234667995,,
51650,Hampton city,VA,2016,11.185673295112666,,
51650,Hampton city,VA,2017,11.524501496229675,,
51650,Hampton city,VA,2018,11.66164086138545,,
51650,Hampton city,VA,2019,12.056458043354928,,
51650,Hampton city,VA,2020,12.179610359243737,,
51650,Hampton city,VA,2021,12.13029958147936,,
51650,Hampton city,VA,2022,13.40972176536102,,
51660,Harrisonburg city,VA,2010,,,
51660,Harrisonburg city,VA,2011,10.642320779623974,,
51660,Harrisonburg city,VA,2012,11.044668644654392,,
51660,Harrisonburg city,VA,2013,10.720880331415161,,
51660,Harrisonburg city,VA,2014,10.845198937440564,,
51660,Harrisonburg city,VA,2015,11.055026234667995,,
51660,Harrisonburg city,VA,2016,11.185673295112666,,
51660,Harrisonburg city,VA,2017,11.524501496229675,,
51660,Harrisonburg city,VA,2018,11.66164086138545,,
51660,Harrisonburg city,VA,2019,12.056458043354928,,
51660,Harrisonburg city,VA,2020,12.179610359243737,,
51660,Harrisonburg city,VA,2021,12.13029958147936,,
51660,Harrisonburg city,VA,2022,13.40972176536102,,
51670,Hopewell city,VA,2010,,,
51670,Hopewell city,VA,2011,,,
51670,Hopewell city,VA,2012,11.044668644654392,,
51670,Hopewell city,VA,2013,10.720880331415161,,
51670,Hopewell city,VA,2014,10.845198937440564,,
51670,Hopewell city,VA,2015,11.055026234667995,,
51670,Hopewell city,VA,2016,11.185673295112666,,
51670,Hopewell city,VA,2017,11.524501496229675,,
51670,Hopewell city,VA,2018,11.66164086138545,,
51670,Hopewell city,VA,2019,12.056458043354928,,
51670,Hopewell city,VA,2020,12.179610359243737,,
51670,Hopewell city,VA,2021,12.13029958147936,,
51670,Hopewell city,VA,2022,13.40972176536102,,
51678,Lexington city,VA,2010,,,
51678,Lexington city,VA,2011,,,
51678,Lexington city,VA,2012,11.044668644654392,,
51678,Lexington city,VA,2013,10.720880331415161,,
51678,Lexington city,VA,2014,10.845198937440564,,
51678,Lexington city,VA,2015,11.055026234667995,,
51678,Lexington city,VA,2016,11.185673295112666,,
51678,Lexington city,VA,2017,11.524501496229675,,
51678,Lexington city,VA,2018,11.66164086138545,,
51678,Lexington city,VA,2019,12.056458043354928,,
51678,Lexington city,VA,2020,12.179610359243737,,
51678,Lexington city,VA,2021,12.13029958147936,,
51678,Lexington city,VA,2022,13.40972176536102,,
51680,Lynchburg city,VA,2010,,,
51680,Lynchburg city,VA,2011,,,
51680,Lynchburg city,VA,2012,,,
51680,Lynchburg city,VA,2013,,,
51680,Lynchburg city,VA,2014,,,
51680,Lynchburg city,VA,2015,11.232867607133507,,
51680,Lynchburg city,VA,2016,11.353329131743251,,
51680,Lynchburg city,VA,2017,11.440578146643995,,
51680,Lynchburg city,VA,2018,11.18195564905387,,
51680,Lynchburg city,VA,2019,10.972725394088512,,
51680,Lynchburg city,VA,2020,10.814283664139614,,
51680,Lynchburg city,VA,2021,11.145614291553938,,
51680,Lynchburg city,VA,2022,13.02587405093559,,
51683,Manassas city,VA,2010,,,
51683,Manassas city,VA,2011,,,
51683,Manassas city,VA,2012,9.24566343175232,,
51683,Manassas city,VA,2013,10.711517403164214,,
51683,Manassas city,VA,2014,10.839062945830381,,
51683,Manassas city,VA,2015,11.048264693936991,,
51683,Manassas city,VA,2016,11.176112372279704,,
51683,Manassas city,VA,2017,11.515921919542606,,
51683,Manassas city,VA,2018,11.654409915759183,,
51683,Manassas city,VA,2019,12.046139921465977,,
51683,Manassas city,VA,2020,12.165765300790241,,
51683,Manassas city,VA,2021,12.117265190765993,,
51683,Manassas city,VA,2022,13.399810931861843,,
51685,Manassas Park city,VA,2010,,,
51685,Manassas Park city,VA,2011,,,
51685,Manassas Park city,VA,2012,,,
51685,Manassas Park city,VA,2013,,,
51685,Manassas Park city,VA,2014,,,
51685,Manassas Park city,VA,2015,12.653610103105319,,
51685,Manassas Park city,VA,2016,11.440762798684059,,
51685,Manassas Park city,VA,2017,11.904347072575352,,
51685,Manassas Park city,VA,2018,11.984401869837964,,
51685,Manassas Park city,VA,2019,12.529191899217553,,
51685,Manassas Park city,VA,2020,11.523533682965668,,
51685,Manassas Park city,VA,2021,12.125539148901693,,
51685,Manassas Park city,VA,2022,13.401222941730317,,
51690,Martinsville city,VA,2010,,,
51690,Martinsville city,VA,2011,,,
51690,Martinsville city,VA,2012,,,
51690,Martinsville city,VA,2013,,,
51690,Martinsville city,VA,2014,,,
51690,Martinsville city,VA,2015,10.815897265581755,,
51690,Martinsville city,VA,2016,11.432272048425254,,
51690,Martinsville city,VA,2017,12.086343020325886,,
51690,Martinsville city,VA,2018,11.754396423248883,,
51690,Martinsville city,VA,2019,12.14971014859631,,
51690,Martinsville city,VA,2020,,,
51690,Martinsville city,VA,2021,,,
51690,Martinsville city,VA,2022,,,
51700,Newport News city,VA,2010,10.220767619434053,,
51700,Newport News city,VA,2011,10.642320779623974,,
51700,Newport News city,VA,2012,11.044668644654392,,
51700,Newport News city,VA,2013,10.720880331415161,,
51700,Newport News city,VA,2014,10.845198937440564,,
51700,Newport News city,VA,2015,11.055026234667995,,
51700,Newport News city,VA,2016,11.185673295112666,,
51700,Newport News city,VA,2017,11.524501496229675,,
51700,Newport News city,VA,2018,11.66164086138545,,
51700,Newport News city,VA,2019,12.056458043354928,,
51700,Newport News city,VA,2020,12.179610359243737,,
51700,Newport News city,VA,2021,12.13029958147936,,
51700,Newport News city,VA,2022,13.40972176536102,,
51710,Norfolk city,VA,2010,10.220767619434053,,
51710,Norfolk city,VA,2011,10.642320779623974,,
51710,Norfolk city,VA,2012,11.044668644654392,,
51710,Norfolk city,VA,2013,10.720880331415161,,
51710,Norfolk city,VA,2014,10.845198937440564,,
51710,Norfolk city,VA,2015,11.055026234667995,,
51710,Norfolk city,VA,2016,11.185673295112666,,
51710,Norfolk city,VA,2017,11.524501496229675,,
51710,Norfolk city,VA,2018,11.66164086138545,,
51710,Norfolk city,VA,2019,12.056458043354928,,
51710,Norfolk city,VA,2020,12.179610359243737,,
51710,Norfolk city,VA,2021,12.13029958147936,,
51710,Norfolk city,VA,2022,13.40972176536102,,
51720,Norton city,VA,2010,,,
51720,Norton city,VA,2011,,,
51720,Norton city,VA,2012,,,
51720,Norton city,VA,2013,,,
51720,Norton city,VA,2014,,,
51720,Norton city,VA,2015,9.558681723701973,,
51720,Norton city,VA,2016,10.05042121651017,,
51720,Norton city,VA,2017,10.432865296937447,,
51720,Norton city,VA,2018,10.272718806954995,,
51720,Norton city,VA,2019,10.599832239198943,,
51720,Norton city,VA,2020,,,
51720,Norton city,VA,2021,,,
51720,Norton city,VA,2022,13.6315001806203,,
51730,Petersburg city,VA,2010,,,
51730,Petersburg city,VA,2011,,,
51730,Petersburg city,VA,2012,11.044668644654392,,
51730,Petersburg city,VA,2013,10.720880331415161,,
51730,Petersburg city,VA,2014,10.845198937440564,,
51730,Petersburg city,VA,2015,11.055026234667995,,
51730,Petersburg city,VA,2016,11.185673295112666,,
51730,Petersburg city,VA,2017,11.524501496229675,,
51730,Petersburg city,VA,2018,11.66164086138545,,
51730,Petersburg city,VA,2019,12.056458043354928,,
51730,Petersburg city,VA,2020,12.179610359243737,,
51730,Petersburg city,VA,2021,12.13029958147936,,
51730,Petersburg city,VA,2022,13.40972176536102,,
51735,Poquoson city,VA,2010,,,
51735,Poquoson city,VA,2011,,,
51735,Poquoson city,VA,2012,11.044668644654392,,
51735,Poquoson city,VA,2013,10.720880331415161,,
51735,Poquoson city,VA,2014,10.845198937440564,,
51735,Poquoson city,VA,2015,11.055026234667995,,
51735,Poquoson city,VA,2016,11.185673295112666,,
51735,Poquoson city,VA,2017,11.524501496229675,,
51735,Poquoson city,VA,2018,11.66164086138545,,
51735,Poquoson city,VA,2019,12.056458043354928,,
51735,Poquoson city,VA,2020,12.179610359243737,,
51735,Poquoson city,VA,2021,12.13029958147936,,
51735,Poquoson city,VA,2022,13.40972176536102,,
51740,Portsmouth city,VA,2010,,,
51740,Portsmouth city,VA,2011,,,
51740,Portsmouth city,VA,2012,11.044668644654392,,
51740,Portsmouth city,VA,2013,10.720880331415161,,
51740,Portsmouth city,VA,2014,10.845198937440564,,
51740,Portsmouth city,VA,2015,11.055026234667995,,
51740,Portsmouth city,VA,2016,11.185673295112666,,
51740,Portsmouth city,VA,2017,11.524501496229675,,
51740,Portsmouth city,VA,2018,11.66164086138545,,
51740,Portsmouth city,VA,2019,12.056458043354928,,
51740,Portsmouth city,VA,2020,12.179610359243737,,
51740,Portsmouth city,VA,2021,12.13029958147936,,
51740,Portsmouth city,VA,2022,13.40972176536102,,
51750,Radford city,VA,2010,,,
51750,Radford city,VA,2011,,,
51750,Radford city,VA,2012,,,
51750,Radford city,VA,2013,,,
51750,Radford city,VA,2014,,,
51750,Radford city,VA,2015,12.110206979411283,,
51750,Radford city,VA,2016,12.173252065708535,,
51750,Radford city,VA,2017,12.31693858681063,,
51750,Radford city,VA,2018,12.119471568064332,,
51750,Radford city,VA,2019,12.3317525151457,,
51750,Radford city,VA,2020,,,
51750,Radford city,VA,2021,,,
51750,Radford city,VA,2022,,,
51760,Richmond city,VA,2010,10.241096733592041,,
51760,Richmond city,VA,2011,10.661661940071044,,
51760,Richmond city,VA,2012,11.059851188451322,,
51760,Richmond city,VA,2013,10.728778638680266,,
51760,Richmond city,VA,2014,10.853698444022267,,
51760,Richmond city,VA,2015,11.066442654426922,,
51760,Richmond city,VA,2016,11.194861465164715,,
51760,Richmond city,VA,2017,11.529785856034756,,
51760,Richmond city,VA,2018,11.67009889756758,,
51760,Richmond city,VA,2019,12.064830891442936,,
51760,Richmond city,VA,2020,12.187572169414784,,
51760,Richmond city,VA,2021,12.135914655461114,,
51760,Richmond city,VA,2022,13.413037297790764,,
51770,Roanoke city,VA,2010,10.378323964422657,,
51770,Roanoke city,VA,2011,9.442270350607705,,
51770,Roanoke city,VA,2012,10.77588789962009,,
51770,Roanoke city,VA,2013,11.008714642020417,,
51770,Roanoke city,VA,2014,11.338118274150727,,
51770,Roanoke city,VA,2015,11.260046126838704,,
51770,Roanoke city,VA,2016,11.375747632778316,,
51770,Roanoke city,VA,2017,11.462621529420185,,
51770,Roanoke city,VA,2018,11.207109711809006,,
51770,Roanoke city,VA,2019,11.007281215218068,,
51770,Roanoke city,VA,2020,10.824226751863051,,
51770,Roanoke city,VA,2021,11.154025222810333,,
51770,Roanoke city,VA,2022,13.017943805550779,,
51775,Salem city,VA,2010,9.462551503447507,,
51775,Salem city,VA,2011,10.137915258489647,,
51775,Salem city,VA,2012,10.935697134125425,,
51775,Salem city,VA,2013,11.408700753365444,,
51775,Salem city,VA,2014,11.483779282101436,,
51775,Salem city,VA,2015,11.76980778246601,,
51775,Salem city,VA,2016,11.631971892841458,,
51775,Salem city,VA,2017,11.65170630138783,,
51775,Salem city,VA,2018,11.5751602143687,,
51775,Salem city,VA,2019,11.604977515893937,,
51775,Salem city,VA,2020,11.62787752129445,,
51775,Salem city,VA,2021,11.843453430755018,,
51775,Salem city,VA,2022,12.368898468027043,,
51790,Staunton city,VA,2010,,,
51790,Staunton city,VA,2011,,,
51790,Staunton city,VA,2012,11.044668644654392,,
51790,Staunton city,VA,2013,10.720880331415161,,
51790,Staunton city,VA,2014,10.845198937440564,,
51790,Staunton city,VA,2015,11.055026234667995,,
51790,Staunton city,VA,2016,11.185673295112666,,
51790,Staunton city,VA,2017,11.524501496229675,,
51790,Staunton city,VA,2018,11.66164086138545,,
51790,Staunton city,VA,2019,12.056458043354928,,
51790,Staunton city,VA,2020,12.179610359243737,,
51790,Staunton city,VA,2021,12.13029958147936,,
51790,Staunton city,VA,2022,13.40972176536102,,
51800,Suffolk city,VA,2010,10.217420712778157,,
51800,Suffolk city,VA,2011,10.640301543347846,,
51800,Suffolk city,VA,2012,11.044610049466666,,
51800,Suffolk city,VA,2013,10.72118320571634,,
51800,Suffolk city,VA,2014,10.846179690547727,,
51800,Suffolk city,VA,2015,11.058194680051589,,
51800,Suffolk city,VA,2016,11.189266123799301,,
51800,Suffolk city,VA,2017,11.52332175571696,,
51800,Suffolk city,VA,2018,11.661698564872383,,
51800,Suffolk city,VA,2019,12.059052983869233,,
51800,Suffolk city,VA,2020,12.179610359243737,,
51800,Suffolk city,VA,2021,12.13029958147936,,
51800,Suffolk city,VA,2022,13.40972176536102,,
51810,Virginia Beach city,VA,2010,,,
51810,Virginia Beach city,VA,2011,,,
51810,Virginia Beach city,VA,2012,11.044668644654392,,
51810,Virginia Beach city,VA,2013,10.720880331415161,,
51810,Virginia Beach city,VA,2014,10.845198937440564,,
51810,Virginia Beach city,VA,2015,11.055026234667995,,
51810,Virginia Beach city,VA,2016,11.185673295112666,,
51810,Virginia Beach city,VA,2017,11.524501496229675,,
51810,Virginia Beach city,VA,2018,11.66164086138545,,
51810,Virginia Beach city,VA,2019,12.056458043354928,,
51810,Virginia Beach city,VA,2020,12.179610359243737,,
51810,Virginia Beach city,VA,2021,12.13029958147936,,
51810,Virginia Beach city,VA,2022,13.40972176536102,,
51820,Waynesboro city,VA,2010,,,
51820,Waynesboro city,VA,2011,,,
51820,Waynesboro city,VA,2012,11.044668644654392,,
51820,Waynesboro city,VA,2013,10.720880331415161,,
51820,Waynesboro city,VA,2014,10.845198937440564,,
51820,Waynesboro city,VA,2015,11.055026234667995,,
51820,Waynesboro city,VA,2016,11.185673295112666,,
51820,Waynesboro city,VA,2017,11.524501496229675,,
51820,Waynesboro city,VA,2018,11.66164086138545,,
51820,Waynesboro city,VA,2019,12.056458043354928,,
51820,Waynesboro city,VA,2020,12.179610359243737,,
51820,Waynesboro city,VA,2021,12.13029958147936,,
51820,Waynesboro city,VA,2022,13.40972176536102,,
51830,Williamsburg city,VA,2010,,,
51830,Williamsburg city,VA,2011,10.642320779623974,,
51830,Williamsburg city,VA,2012,11.044668644654392,,
51830,Williamsburg city,VA,2013,10.720880331415161,,
51830,Williamsburg city,VA,2014,10.845198937440564,,
51830,Williamsburg city,VA,2015,11.055026234667995,,
51830,Williamsburg city,VA,2016,11.185673295112666,,
51830,Williamsburg city,VA,2017,11.524501496229675,,
51830,Williamsburg city,VA,2018,11.66164086138545,,
51830,Williamsburg city,VA,2019,12.056458043354928,,
51830,Williamsburg city,VA,2020,12.179610359243737,,
51830,Williamsburg city,VA,2021,12.13029958147936,,
51830,Williamsburg city,VA,2022,13.40972176536102,,
51840,Winchester city,VA,2010,9.939341126411357,,
51840,Winchester city,VA,2011,10.223582268442263,,
51840,Winchester city,VA,2012,10.340518759491466,,
51840,Winchester city,VA,2013,9.966803573391676,,
51840,Winchester city,VA,2014,10.943687343564966,,
51840,Winchester city,VA,2015,11.947098441718959,,
51840,Winchester city,VA,2016,11.390722485198536,,
51840,Winchester city,VA,2017,11.008973377562302,,
51840,Winchester city,VA,2018,11.152964234687591,,
51840,Winchester city,VA,2019,11.824649513632565,,
51840,Winchester city,VA,2020,11.362041646315852,,
51840,Winchester city,VA,2021,10.855150298709148,,
51840,Winchester city,VA,2022,12.44291093132305,,
